time,cash,unrealised,equity,exposure
2007-01-02,25000.0,0.0,25000.0,0.0
2007-01-03,25000.0,0.0,25000.0,0.0
2007-01-04,25000.0,0.0,25000.0,0.0
2007-01-05,25000.0,0.0,25000.0,0.0
2007-01-08,25000.0,0.0,25000.0,0.0
2007-01-09,25000.0,0.0,25000.0,0.0
2007-01-10,25000.0,0.0,25000.0,0.0
2007-01-11,25000.0,0.0,25000.0,0.0
2007-01-12,25000.0,0.0,25000.0,0.0
2007-01-15,25000.0,0.0,25000.0,0.0
2007-01-16,25000.0,0.0,25000.0,0.0
2007-01-17,25000.0,0.0,25000.0,0.0
2007-01-18,25000.0,0.0,25000.0,0.0
2007-01-19,25000.0,0.0,25000.0,0.0
2007-01-22,25000.0,0.0,25000.0,0.0
2007-01-23,25000.0,0.0,25000.0,0.0
2007-01-24,25000.0,0.0,25000.0,0.0
2007-01-25,25000.0,0.0,25000.0,0.0
2007-01-26,25000.0,0.0,25000.0,0.0
2007-01-29,25000.0,0.0,25000.0,0.0
2007-01-30,25000.0,0.0,25000.0,0.0
2007-01-31,25000.0,0.0,25000.0,0.0
2007-02-01,25000.0,0.0,25000.0,0.0
2007-02-02,25000.0,0.0,25000.0,0.0
2007-02-05,25000.0,0.0,25000.0,0.0
2007-02-06,25000.0,0.0,25000.0,0.0
2007-02-07,25000.0,0.0,25000.0,0.0
2007-02-08,25000.0,0.0,25000.0,0.0
2007-02-09,25000.0,0.0,25000.0,0.0
2007-02-12,25000.0,0.0,25000.0,0.0
2007-02-13,25000.0,0.0,25000.0,0.0
2007-02-14,25000.0,0.0,25000.0,0.0
2007-02-15,25000.0,0.0,25000.0,0.0
2007-02-16,25000.0,0.0,25000.0,0.0
2007-02-17,25000.0,0.0,25000.0,0.0
2007-02-19,25000.0,0.0,25000.0,0.0
2007-02-20,25000.0,0.0,25000.0,0.0
2007-02-21,25000.0,0.0,25000.0,0.0
2007-02-22,25000.0,0.0,25000.0,0.0
2007-02-23,25000.0,0.0,25000.0,0.0
2007-02-26,25000.0,0.0,25000.0,0.0
2007-02-27,25000.0,0.0,25000.0,0.0
2007-02-28,25000.0,0.0,25000.0,0.0
2007-03-01,25000.0,0.0,25000.0,0.0
2007-03-02,25000.0,0.0,25000.0,0.0
2007-03-05,25000.0,0.0,25000.0,0.0
2007-03-06,25000.0,0.0,25000.0,0.0
2007-03-07,25000.0,0.0,25000.0,0.0
2007-03-08,25000.0,0.0,25000.0,0.0
2007-03-09,25000.0,0.0,25000.0,0.0
2007-03-12,25000.0,0.0,25000.0,0.0
2007-03-13,25000.0,0.0,25000.0,0.0
2007-03-14,25000.0,0.0,25000.0,0.0
2007-03-15,25000.0,0.0,25000.0,0.0
2007-03-16,25000.0,0.0,25000.0,0.0
2007-03-19,25000.0,0.0,25000.0,0.0
2007-03-20,25000.0,0.0,25000.0,0.0
2007-03-21,25000.0,0.0,25000.0,0.0
2007-03-22,25000.0,0.0,25000.0,0.0
2007-03-23,25000.0,0.0,25000.0,0.0
2007-03-26,25000.0,0.0,25000.0,0.0
2007-03-27,25000.0,0.0,25000.0,0.0
2007-03-28,25000.0,0.0,25000.0,0.0
2007-03-29,25000.0,0.0,25000.0,0.0
2007-03-30,25000.0,0.0,25000.0,0.0
2007-04-02,25000.0,0.0,25000.0,0.0
2007-04-03,25000.0,0.0,25000.0,0.0
2007-04-04,25000.0,0.0,25000.0,0.0
2007-04-05,25000.0,0.0,25000.0,0.0
2007-04-06,25000.0,0.0,25000.0,0.0
2007-04-09,25000.0,0.0,25000.0,0.0
2007-04-10,25000.0,0.0,25000.0,0.0
2007-04-11,25000.0,0.0,25000.0,0.0
2007-04-12,25000.0,0.0,25000.0,0.0
2007-04-13,25000.0,0.0,25000.0,0.0
2007-04-16,25000.0,0.0,25000.0,0.0
2007-04-17,25000.0,0.0,25000.0,0.0
2007-04-18,25000.0,0.0,25000.0,0.0
2007-04-19,25000.0,0.0,25000.0,0.0
2007-04-20,25000.0,0.0,25000.0,0.0
2007-04-23,25000.0,0.0,25000.0,0.0
2007-04-24,25000.0,0.0,25000.0,0.0
2007-04-25,25000.0,0.0,25000.0,0.0
2007-04-26,25000.0,0.0,25000.0,0.0
2007-04-27,25000.0,0.10833616752918505,25000.10833616753,0.05
2007-04-30,25000.0,-4.426486477178658,24995.57351352282,0.05
2007-05-01,25000.0,12.223020184179152,25012.223020184178,0.05
2007-05-02,25000.0,27.36064129136557,25027.360641291365,0.05
2007-05-03,25000.0,42.00663415817375,25042.006634158173,0.05
2007-05-04,25000.0,28.860510339470473,25028.86051033947,0.05
2007-05-07,25000.0,24.425576307381753,25024.42557630738,0.05
2007-05-08,25000.0,21.822095344197763,25021.822095344196,0.05
2007-05-09,25000.0,24.25730132459506,25024.257301324596,0.05
2007-05-10,25000.0,14.207485644893373,25014.207485644893,0.05
2007-05-11,25000.0,28.938483648997938,25028.938483649,0.05
2007-05-12,25000.0,29.133387130840276,25029.13338713084,0.05
2007-05-14,25000.0,37.14064667248576,25037.140646672487,0.05
2007-05-15,25000.0,32.550726563896966,25032.550726563895,0.05
2007-05-16,25000.0,60.46665288604602,25060.466652886047,0.05
2007-05-17,25000.0,85.56704253700796,25085.567042537008,0.05
2007-05-18,25000.0,76.27438123132613,25076.274381231327,0.05
2007-05-21,25000.0,93.43828394909441,25093.438283949094,0.05
2007-05-22,25000.0,98.3355177629427,25098.335517762942,0.05
2007-05-23,25000.0,103.57802324617747,25103.578023246177,0.05
2007-05-24,25000.0,89.57085924895023,25089.57085924895,0.05
2007-05-25,25000.0,109.78048186687198,25109.780481866874,0.05
2007-05-28,25000.0,106.05292038644887,25106.05292038645,0.05
2007-05-29,25000.0,102.95302817394017,25102.95302817394,0.05
2007-05-30,25000.0,103.08298360528329,25103.082983605284,0.05
2007-05-31,25000.0,105.49990236848531,25105.499902368487,0.05
2007-06-01,25000.0,122.84819375132047,25122.84819375132,0.05
2007-06-04,25000.0,106.82082008218046,25106.82082008218,0.05
2007-06-05,25000.0,88.23900058143538,25088.239000581434,0.05
2007-06-06,25000.0,72.96752789726125,25072.96752789726,0.05
2007-06-07,25000.0,67.3789662811289,25067.37896628113,0.05
2007-06-08,25000.0,103.85078271118931,25103.85078271119,0.05
2007-06-11,25000.0,103.20843047093433,25103.208430470935,0.05
2007-06-12,25000.0,101.96392251964174,25101.96392251964,0.05
2007-06-13,25000.0,152.27817334996874,25152.27817334997,0.05
2007-06-14,25000.0,160.8588207604269,25160.858820760426,0.05
2007-06-15,25000.0,186.55417672919077,25186.55417672919,0.05
2007-06-18,25000.0,195.91145473070458,25195.911454730704,0.05
2007-06-19,25000.0,180.15997343891456,25180.159973438913,0.05
2007-06-20,25000.0,189.77251092552058,25189.77251092552,0.05
2007-06-21,25000.0,197.92993252373353,25197.929932523733,0.05
2007-06-22,25000.0,204.25366312805065,25204.25366312805,0.05
2007-06-25,25000.0,193.07165187390999,25193.07165187391,0.05
2007-06-26,25000.0,174.29544327828174,25174.295443278283,0.05
2007-06-27,25000.0,154.70087295085338,25154.700872950852,0.05
2007-06-28,25000.0,172.94530065950585,25172.945300659507,0.05
2007-06-29,25000.0,170.76983788833655,25170.769837888336,0.05
2007-07-02,25000.0,133.9615266916478,25133.961526691648,0.05
2007-07-03,25000.0,134.7215126382008,25134.7215126382,0.05
2007-07-04,25000.0,148.72831920197171,25148.72831920197,0.05
2007-07-05,25000.0,158.97199566826458,25158.971995668264,0.05
2007-07-06,25000.0,177.40602706122203,25177.40602706122,0.05
2007-07-09,25000.0,179.63518935731608,25179.635189357316,0.05
2007-07-10,25000.0,99.97691374743468,25099.976913747436,0.05
2007-07-11,25000.0,137.99347681477016,25137.99347681477,0.05
2007-07-12,25000.0,132.60083604157737,25132.600836041576,0.05
2007-07-13,25000.0,109.50016668715494,25109.500166687154,0.05
2007-07-16,25000.0,107.91158686308866,25107.911586863087,0.05
2007-07-17,25000.0,128.54629860081704,25128.546298600817,0.05
2007-07-18,25000.0,109.84534557543482,25109.845345575435,0.05
2007-07-19,25000.0,110.93618104487071,25110.93618104487,0.05
2007-07-20,25000.0,76.46806822629753,25076.4680682263,0.05
2007-07-23,25000.0,68.98283151834993,25068.98283151835,0.05
2007-07-24,25000.0,29.114928483372683,25029.114928483374,0.05
2007-07-25,25000.0,41.18458467214888,25041.184584672148,0.05
2007-07-26,25000.0,-44.022604491997505,24955.977395508,0.05
2007-07-27,24952.87877217837,0.0,24952.87877217837,0.0
2007-07-30,24952.87877217837,0.0,24952.87877217837,0.0
2007-07-31,24952.87877217837,0.0,24952.87877217837,0.0
2007-08-01,24952.87877217837,0.0,24952.87877217837,0.0
2007-08-02,24952.87877217837,0.0,24952.87877217837,0.0
2007-08-03,24952.87877217837,0.0,24952.87877217837,0.0
2007-08-06,24952.87877217837,0.0,24952.87877217837,0.0
2007-08-07,24952.87877217837,0.0,24952.87877217837,0.0
2007-08-08,24952.87877217837,0.0,24952.87877217837,0.0
2007-08-09,24952.87877217837,0.0,24952.87877217837,0.0
2007-08-10,24952.87877217837,0.0,24952.87877217837,0.0
2007-08-13,24952.87877217837,0.0,24952.87877217837,0.0
2007-08-14,24952.87877217837,0.0,24952.87877217837,0.0
2007-08-15,24952.87877217837,0.0,24952.87877217837,0.0
2007-08-16,24952.87877217837,0.0,24952.87877217837,0.0
2007-08-17,24952.87877217837,0.0,24952.87877217837,0.0
2007-08-20,24952.87877217837,0.0,24952.87877217837,0.0
2007-08-21,24952.87877217837,0.0,24952.87877217837,0.0
2007-08-22,24952.87877217837,0.0,24952.87877217837,0.0
2007-08-23,24952.87877217837,0.0,24952.87877217837,0.0
2007-08-24,24952.87877217837,0.0,24952.87877217837,0.0
2007-08-27,24952.87877217837,0.0,24952.87877217837,0.0
2007-08-28,24952.87877217837,0.0,24952.87877217837,0.0
2007-08-29,24952.87877217837,0.0,24952.87877217837,0.0
2007-08-30,24952.87877217837,0.0,24952.87877217837,0.0
2007-08-31,24952.87877217837,0.0,24952.87877217837,0.0
2007-09-03,24952.87877217837,0.0,24952.87877217837,0.0
2007-09-04,24952.87877217837,0.0,24952.87877217837,0.0
2007-09-05,24952.87877217837,0.0,24952.87877217837,0.0
2007-09-06,24952.87877217837,0.0,24952.87877217837,0.0
2007-09-07,24952.87877217837,0.0,24952.87877217837,0.0
2007-09-10,24952.87877217837,0.0,24952.87877217837,0.0
2007-09-11,24952.87877217837,0.0,24952.87877217837,0.0
2007-09-12,24952.87877217837,0.0,24952.87877217837,0.0
2007-09-13,24952.87877217837,0.0,24952.87877217837,0.0
2007-09-14,24952.87877217837,0.0,24952.87877217837,0.0
2007-09-17,24952.87877217837,0.0,24952.87877217837,0.0
2007-09-18,24952.87877217837,0.0,24952.87877217837,0.0
2007-09-19,24952.87877217837,0.0,24952.87877217837,0.0
2007-09-20,24952.87877217837,0.0,24952.87877217837,0.0
2007-09-21,24952.87877217837,0.0,24952.87877217837,0.0
2007-09-24,24952.87877217837,0.0,24952.87877217837,0.0
2007-09-25,24952.87877217837,0.0,24952.87877217837,0.0
2007-09-26,24952.87877217837,0.0,24952.87877217837,0.0
2007-09-27,24952.87877217837,0.0,24952.87877217837,0.0
2007-09-28,24952.87877217837,0.0,24952.87877217837,0.0
2007-10-01,24952.87877217837,0.0,24952.87877217837,0.0
2007-10-02,24952.87877217837,0.0,24952.87877217837,0.0
2007-10-03,24952.87877217837,0.0,24952.87877217837,0.0
2007-10-04,24952.87877217837,0.0,24952.87877217837,0.0
2007-10-05,24952.87877217837,0.0,24952.87877217837,0.0
2007-10-08,24952.87877217837,0.0,24952.87877217837,0.0
2007-10-09,24952.87877217837,0.0,24952.87877217837,0.0
2007-10-10,24952.87877217837,0.0,24952.87877217837,0.0
2007-10-11,24952.87877217837,0.0,24952.87877217837,0.0
2007-10-12,24952.87877217837,0.0,24952.87877217837,0.0
2007-10-15,24952.87877217837,0.0,24952.87877217837,0.0
2007-10-16,24952.87877217837,0.0,24952.87877217837,0.0
2007-10-17,24952.87877217837,0.0,24952.87877217837,0.0
2007-10-18,24952.87877217837,0.0,24952.87877217837,0.0
2007-10-19,24952.87877217837,0.0,24952.87877217837,0.0
2007-10-22,24952.87877217837,0.0,24952.87877217837,0.0
2007-10-23,24952.87877217837,0.0,24952.87877217837,0.0
2007-10-24,24952.87877217837,0.0,24952.87877217837,0.0
2007-10-25,24952.87877217837,0.0,24952.87877217837,0.0
2007-10-26,24952.87877217837,0.0,24952.87877217837,0.0
2007-10-29,24952.87877217837,0.0,24952.87877217837,0.0
2007-10-30,24952.87877217837,0.0,24952.87877217837,0.0
2007-10-31,24952.87877217837,0.0,24952.87877217837,0.0
2007-11-01,24952.87877217837,0.0,24952.87877217837,0.0
2007-11-02,24952.87877217837,0.0,24952.87877217837,0.0
2007-11-05,24952.87877217837,0.0,24952.87877217837,0.0
2007-11-06,24952.87877217837,0.0,24952.87877217837,0.0
2007-11-07,24952.87877217837,0.0,24952.87877217837,0.0
2007-11-08,24952.87877217837,0.0,24952.87877217837,0.0
2007-11-09,24952.87877217837,0.0,24952.87877217837,0.0
2007-11-12,24952.87877217837,0.0,24952.87877217837,0.0
2007-11-13,24952.87877217837,0.0,24952.87877217837,0.0
2007-11-14,24952.87877217837,0.0,24952.87877217837,0.0
2007-11-15,24952.87877217837,0.0,24952.87877217837,0.0
2007-11-16,24952.87877217837,0.0,24952.87877217837,0.0
2007-11-19,24952.87877217837,0.0,24952.87877217837,0.0
2007-11-20,24952.87877217837,0.0,24952.87877217837,0.0
2007-11-21,24952.87877217837,0.0,24952.87877217837,0.0
2007-11-22,24952.87877217837,0.0,24952.87877217837,0.0
2007-11-23,24952.87877217837,0.0,24952.87877217837,0.0
2007-11-26,24952.87877217837,0.0,24952.87877217837,0.0
2007-11-27,24952.87877217837,0.0,24952.87877217837,0.0
2007-11-28,24952.87877217837,0.0,24952.87877217837,0.0
2007-11-29,24952.87877217837,0.0,24952.87877217837,0.0
2007-11-30,24952.87877217837,0.0,24952.87877217837,0.0
2007-12-03,24952.87877217837,0.0,24952.87877217837,0.0
2007-12-04,24952.87877217837,0.0,24952.87877217837,0.0
2007-12-05,24952.87877217837,0.0,24952.87877217837,0.0
2007-12-06,24952.87877217837,0.0,24952.87877217837,0.0
2007-12-07,24952.87877217837,0.0,24952.87877217837,0.0
2007-12-10,24952.87877217837,0.0,24952.87877217837,0.0
2007-12-11,24952.87877217837,0.0,24952.87877217837,0.0
2007-12-12,24952.87877217837,0.0,24952.87877217837,0.0
2007-12-13,24952.87877217837,0.0,24952.87877217837,0.0
2007-12-14,24952.87877217837,0.0,24952.87877217837,0.0
2007-12-17,24952.87877217837,0.0,24952.87877217837,0.0
2007-12-18,24952.87877217837,0.0,24952.87877217837,0.0
2007-12-19,24952.87877217837,0.0,24952.87877217837,0.0
2007-12-20,24952.87877217837,0.0,24952.87877217837,0.0
2007-12-21,24952.87877217837,0.0,24952.87877217837,0.0
2007-12-24,24952.87877217837,0.0,24952.87877217837,0.0
2007-12-26,24952.87877217837,0.0,24952.87877217837,0.0
2007-12-27,24952.87877217837,0.0,24952.87877217837,0.0
2007-12-28,24952.87877217837,0.0,24952.87877217837,0.0
2007-12-31,24952.87877217837,0.0,24952.87877217837,0.0
2008-01-02,24952.87877217837,0.0,24952.87877217837,0.0
2008-01-03,24952.87877217837,0.0,24952.87877217837,0.0
2008-01-04,24952.87877217837,0.0,24952.87877217837,0.0
2008-01-07,24952.87877217837,0.0,24952.87877217837,0.0
2008-01-08,24952.87877217837,0.0,24952.87877217837,0.0
2008-01-09,24952.87877217837,0.0,24952.87877217837,0.0
2008-01-10,24952.87877217837,0.0,24952.87877217837,0.0
2008-01-11,24952.87877217837,0.0,24952.87877217837,0.0
2008-01-14,24952.87877217837,0.0,24952.87877217837,0.0
2008-01-15,24952.87877217837,0.0,24952.87877217837,0.0
2008-01-16,24952.87877217837,0.0,24952.87877217837,0.0
2008-01-17,24952.87877217837,0.0,24952.87877217837,0.0
2008-01-18,24952.87877217837,0.0,24952.87877217837,0.0
2008-01-21,24952.87877217837,0.0,24952.87877217837,0.0
2008-01-22,24952.87877217837,0.0,24952.87877217837,0.0
2008-01-23,24952.87877217837,0.0,24952.87877217837,0.0
2008-01-24,24952.87877217837,0.0,24952.87877217837,0.0
2008-01-25,24952.87877217837,0.0,24952.87877217837,0.0
2008-01-28,24952.87877217837,0.0,24952.87877217837,0.0
2008-01-29,24952.87877217837,0.0,24952.87877217837,0.0
2008-01-30,24952.87877217837,0.0,24952.87877217837,0.0
2008-01-31,24952.87877217837,0.0,24952.87877217837,0.0
2008-02-01,24952.87877217837,0.0,24952.87877217837,0.0
2008-02-04,24952.87877217837,0.0,24952.87877217837,0.0
2008-02-05,24952.87877217837,0.0,24952.87877217837,0.0
2008-02-06,24952.87877217837,0.0,24952.87877217837,0.0
2008-02-07,24952.87877217837,0.0,24952.87877217837,0.0
2008-02-08,24952.87877217837,0.0,24952.87877217837,0.0
2008-02-11,24952.87877217837,0.0,24952.87877217837,0.0
2008-02-12,24952.87877217837,0.0,24952.87877217837,0.0
2008-02-13,24952.87877217837,0.0,24952.87877217837,0.0
2008-02-14,24952.87877217837,0.0,24952.87877217837,0.0
2008-02-15,24952.87877217837,0.0,24952.87877217837,0.0
2008-02-18,24952.87877217837,0.0,24952.87877217837,0.0
2008-02-19,24952.87877217837,0.0,24952.87877217837,0.0
2008-02-20,24952.87877217837,0.0,24952.87877217837,0.0
2008-02-21,24952.87877217837,0.0,24952.87877217837,0.0
2008-02-22,24952.87877217837,0.0,24952.87877217837,0.0
2008-02-25,24952.87877217837,0.0,24952.87877217837,0.0
2008-02-26,24952.87877217837,0.0,24952.87877217837,0.0
2008-02-27,24952.87877217837,0.0,24952.87877217837,0.0
2008-02-28,24952.87877217837,0.0,24952.87877217837,0.0
2008-02-29,24952.87877217837,0.0,24952.87877217837,0.0
2008-03-03,24952.87877217837,0.0,24952.87877217837,0.0
2008-03-04,24952.87877217837,0.0,24952.87877217837,0.0
2008-03-05,24952.87877217837,0.0,24952.87877217837,0.0
2008-03-06,24952.87877217837,0.0,24952.87877217837,0.0
2008-03-07,24952.87877217837,0.0,24952.87877217837,0.0
2008-03-10,24952.87877217837,0.0,24952.87877217837,0.0
2008-03-11,24952.87877217837,0.0,24952.87877217837,0.0
2008-03-12,24952.87877217837,0.0,24952.87877217837,0.0
2008-03-13,24952.87877217837,0.0,24952.87877217837,0.0
2008-03-14,24952.87877217837,0.0,24952.87877217837,0.0
2008-03-17,24952.87877217837,0.0,24952.87877217837,0.0
2008-03-18,24952.87877217837,0.0,24952.87877217837,0.0
2008-03-19,24952.87877217837,0.0,24952.87877217837,0.0
2008-03-20,24952.87877217837,0.0,24952.87877217837,0.0
2008-03-21,24952.87877217837,0.0,24952.87877217837,0.0
2008-03-24,24952.87877217837,0.0,24952.87877217837,0.0
2008-03-25,24952.87877217837,0.0,24952.87877217837,0.0
2008-03-26,24952.87877217837,0.0,24952.87877217837,0.0
2008-03-27,24952.87877217837,0.0,24952.87877217837,0.0
2008-03-28,24952.87877217837,0.0,24952.87877217837,0.0
2008-03-31,24952.87877217837,0.0,24952.87877217837,0.0
2008-04-01,24952.87877217837,0.0,24952.87877217837,0.0
2008-04-02,24952.87877217837,0.0,24952.87877217837,0.0
2008-04-03,24952.87877217837,0.0,24952.87877217837,0.0
2008-04-04,24952.87877217837,0.0,24952.87877217837,0.0
2008-04-07,24952.87877217837,0.0,24952.87877217837,0.0
2008-04-08,24952.87877217837,0.0,24952.87877217837,0.0
2008-04-09,24952.87877217837,0.0,24952.87877217837,0.0
2008-04-10,24952.87877217837,0.0,24952.87877217837,0.0
2008-04-11,24952.87877217837,0.0,24952.87877217837,0.0
2008-04-14,24952.87877217837,0.0,24952.87877217837,0.0
2008-04-15,24952.87877217837,0.0,24952.87877217837,0.0
2008-04-16,24952.87877217837,0.0,24952.87877217837,0.0
2008-04-17,24952.87877217837,0.0,24952.87877217837,0.0
2008-04-18,24952.87877217837,0.0,24952.87877217837,0.0
2008-04-21,24952.87877217837,0.0,24952.87877217837,0.0
2008-04-22,24952.87877217837,0.0,24952.87877217837,0.0
2008-04-23,24952.87877217837,0.0,24952.87877217837,0.0
2008-04-24,24952.87877217837,0.0,24952.87877217837,0.0
2008-04-25,24952.87877217837,0.0,24952.87877217837,0.0
2008-04-28,24952.87877217837,0.0,24952.87877217837,0.0
2008-04-29,24952.87877217837,0.0,24952.87877217837,0.0
2008-04-30,24952.87877217837,0.0,24952.87877217837,0.0
2008-05-01,24952.87877217837,0.0,24952.87877217837,0.0
2008-05-02,24952.87877217837,0.0,24952.87877217837,0.0
2008-05-05,24952.87877217837,0.0,24952.87877217837,0.0
2008-05-06,24952.87877217837,0.0,24952.87877217837,0.0
2008-05-07,24952.87877217837,-2.5448196695216776,24950.33395250885,0.03
2008-05-08,24952.87877217837,-32.682144826818124,24920.196627351554,0.03
2008-05-09,24952.87877217837,-59.602822153560616,24893.27595002481,0.03
2008-05-12,24952.87877217837,-32.902296300367496,24919.976475878004,0.03
2008-05-13,24952.87877217837,-1.9638240183047835,24950.914948160065,0.03
2008-05-14,24952.87877217837,7.1859808170704484,24960.06475299544,0.03
2008-05-15,24952.87877217837,-1.9710125588155782,24950.907759619553,0.03
2008-05-16,24952.87877217837,-22.692034092621117,24930.186738085747,0.03
2008-05-19,24952.87877217837,-14.613026942263332,24938.265745236105,0.03
2008-05-20,24952.87877217837,-34.23432655549068,24918.64444562288,0.03
2008-05-21,24952.87877217837,-52.9975652095604,24899.88120696881,0.03
2008-05-22,24952.87877217837,-22.21113915905449,24930.667633019315,0.03
2008-05-23,24952.87877217837,-43.2124888441818,24909.666283334187,0.03
2008-05-26,24952.87877217837,-41.58791023096673,24911.290861947404,0.03
2008-05-27,24952.87877217837,-17.356851300151725,24935.52192087822,0.03
2008-05-28,24952.87877217837,-3.7325122185116735,24949.14625995986,0.03
2008-05-29,24952.87877217837,20.42737683149568,24973.306149009866,0.03
2008-05-30,24952.87877217837,20.69707808716384,24973.575850265534,0.03
2008-06-02,24952.87877217837,-11.435452114251106,24941.443320064118,0.03
2008-06-03,24952.87877217837,8.288499271096159,24961.167271449467,0.03
2008-06-04,24952.87877217837,12.469137611738514,24965.347909790107,0.03
2008-06-05,24952.87877217837,33.24619449004296,24986.124966668413,0.03
2008-06-06,24952.87877217837,3.419362142598644,24956.29813432097,0.03
2008-06-09,24952.87877217837,44.430977305657336,24997.309749484026,0.03
2008-06-10,24952.87877217837,78.40312988341492,25031.281902061786,0.03
2008-06-11,24952.87877217837,63.699232702590805,25016.57800488096,0.03
2008-06-12,24952.87877217837,93.20932432082667,25046.088096499196,0.03
2008-06-13,24952.87877217837,100.63043758004814,25053.509209758417,0.03
2008-06-16,24952.87877217837,100.87542544545651,25053.754197623828,0.03
2008-06-17,24952.87877217837,91.86267712064937,25044.74144929902,0.03
2008-06-18,24952.87877217837,90.26053046241846,25043.13930264079,0.03
2008-06-19,24952.87877217837,93.9725140238339,25046.851286202203,0.03
2008-06-20,24952.87877217837,73.9200155547612,25026.798787733132,0.03
2008-06-23,24952.87877217837,88.72206557196817,25041.60083775034,0.03
2008-06-24,24952.87877217837,87.86735687521156,25040.746129053583,0.03
2008-06-25,24952.87877217837,87.44150216263125,25040.320274341,0.03
2008-06-26,24952.87877217837,58.18734327291082,25011.06611545128,0.03
2008-06-27,24952.87877217837,39.25110358047262,24992.12987575884,0.03
2008-06-30,24952.87877217837,41.34178562878636,24994.220557807155,0.03
2008-07-01,24952.87877217837,38.82976260931366,24991.708534787685,0.03
2008-07-02,24952.87877217837,32.4534866903887,24985.33225886876,0.03
2008-07-03,24952.87877217837,56.424543647146734,25009.303315825517,0.03
2008-07-04,24952.87877217837,58.410931110850214,25011.28970328922,0.03
2008-07-07,24952.87877217837,68.97470314931427,25021.853475327684,0.03
2008-07-08,24952.87877217837,78.68446649379912,25031.56323867217,0.03
2008-07-09,24952.87877217837,57.01084511612174,25009.88961729449,0.03
2008-07-10,24952.87877217837,66.31812997027417,25019.196902148644,0.03
2008-07-11,24952.87877217837,43.00526810021111,24995.884040278583,0.03
2008-07-14,24952.87877217837,38.72793980675992,24991.60671198513,0.03
2008-07-15,24952.87877217837,-2.744594471342194,24950.134177707027,0.03
2008-07-16,24952.87877217837,9.540860012490077,24962.41963219086,0.03
2008-07-17,24952.87877217837,42.951998963541676,24995.83077114191,0.03
2008-07-18,24952.87877217837,62.29766887656034,25015.17644105493,0.03
2008-07-21,24952.87877217837,47.29427130385493,25000.173043482224,0.03
2008-07-22,24952.87877217837,72.6152315498243,25025.494003728196,0.03
2008-07-23,24952.87877217837,88.8110535279206,25041.68982570629,0.03
2008-07-24,24952.87877217837,72.80703960501616,25025.685811783387,0.03
2008-07-25,24952.87877217837,87.90907559740135,25040.787847775773,0.03
2008-07-28,24952.87877217837,76.97621894543815,25029.854991123808,0.03
2008-07-29,24952.87877217837,96.1414426124512,25049.02021479082,0.03
2008-07-30,24952.87877217837,96.60019083008595,25049.478963008456,0.03
2008-07-31,24952.87877217837,91.31370172569018,25044.19247390406,0.03
2008-08-01,24952.87877217837,84.99361818836644,25037.872390366738,0.03
2008-08-04,24952.87877217837,103.92157274199566,25056.800344920364,0.03
2008-08-05,24952.87877217837,105.49973680677432,25058.378508985144,0.03
2008-08-06,24952.87877217837,150.85058581049603,25103.729357988865,0.03
2008-08-07,24952.87877217837,139.3172656099056,25092.196037788275,0.03
2008-08-08,24952.87877217837,163.0266237283032,25115.905395906673,0.03
2008-08-11,24952.87877217837,161.09551699473067,25113.9742891731,0.03
2008-08-12,24952.87877217837,137.97708156603963,25090.85585374441,0.03
2008-08-13,24952.87877217837,148.53650406744666,25101.415276245818,0.03
2008-08-14,24952.87877217837,154.24119054526028,25107.11996272363,0.03
2008-08-15,24952.87877217837,179.2757927438079,25132.154564922177,0.03
2008-08-18,24952.87877217837,166.59274693675826,25119.47151911513,0.03
2008-08-19,24952.87877217837,153.87645465677332,25106.755226835143,0.03
2008-08-20,24952.87877217837,158.33298144273974,25111.211753621108,0.03
2008-08-21,24952.87877217837,113.46181117455477,25066.340583352925,0.03
2008-08-22,24952.87877217837,165.60216024183993,25118.48093242021,0.03
2008-08-25,24952.87877217837,141.42436155901777,25094.303133737387,0.03
2008-08-26,24952.87877217837,152.45249963601051,25105.33127181438,0.03
2008-08-27,24952.87877217837,149.72784425097962,25102.60661642935,0.03
2008-08-28,24952.87877217837,149.22056224052386,25102.099334418894,0.03
2008-08-29,24952.87877217837,126.76708265974821,25079.64585483812,0.03
2008-09-01,24952.87877217837,107.24436906387305,25060.123141242242,0.03
2008-09-02,24952.87877217837,124.0056721349376,25076.88444431331,0.03
2008-09-03,24952.87877217837,114.75060048784647,25067.629372666215,0.03
2008-09-04,24952.87877217837,74.84913067450576,25027.727902852876,0.03
2008-09-05,24952.87877217837,101.5182270051162,25054.396999183486,0.03
2008-09-08,24952.87877217837,117.94718658977858,25070.82595876815,0.03
2008-09-09,24952.87877217837,67.94799351446139,25020.826765692833,0.03
2008-09-10,24952.87877217837,101.42583117715674,25054.304603355526,0.03
2008-09-11,24952.87877217837,82.35076507058156,25035.229537248953,0.03
2008-09-12,24952.87877217837,108.3904220329139,25061.269194211283,0.03
2008-09-15,24952.87877217837,-4.5349345842572255,24948.34383759411,0.03
2008-09-16,24952.87877217837,29.444711257308988,24982.32348343568,0.03
2008-09-17,24981.606333323416,0.0,24981.606333323416,0.0
2008-09-18,24981.606333323416,0.0,24981.606333323416,0.0
2008-09-19,24981.606333323416,0.0,24981.606333323416,0.0
2008-09-22,24981.606333323416,0.0,24981.606333323416,0.0
2008-09-23,24981.606333323416,0.0,24981.606333323416,0.0
2008-09-24,24981.606333323416,0.0,24981.606333323416,0.0
2008-09-25,24981.606333323416,0.0,24981.606333323416,0.0
2008-09-26,24981.606333323416,0.0,24981.606333323416,0.0
2008-09-29,24981.606333323416,0.0,24981.606333323416,0.0
2008-09-30,24981.606333323416,0.0,24981.606333323416,0.0
2008-10-01,24981.606333323416,0.0,24981.606333323416,0.0
2008-10-02,24981.606333323416,0.0,24981.606333323416,0.0
2008-10-03,24981.606333323416,0.0,24981.606333323416,0.0
2008-10-06,24981.606333323416,0.0,24981.606333323416,0.0
2008-10-07,24981.606333323416,0.0,24981.606333323416,0.0
2008-10-08,24981.606333323416,0.0,24981.606333323416,0.0
2008-10-09,24981.606333323416,0.0,24981.606333323416,0.0
2008-10-10,24981.606333323416,0.0,24981.606333323416,0.0
2008-10-13,24981.606333323416,0.0,24981.606333323416,0.0
2008-10-14,24981.606333323416,0.0,24981.606333323416,0.0
2008-10-15,24981.606333323416,0.0,24981.606333323416,0.0
2008-10-16,24981.606333323416,0.0,24981.606333323416,0.0
2008-10-17,24981.606333323416,0.0,24981.606333323416,0.0
2008-10-20,24981.606333323416,0.0,24981.606333323416,0.0
2008-10-21,24981.606333323416,0.0,24981.606333323416,0.0
2008-10-22,24981.606333323416,0.0,24981.606333323416,0.0
2008-10-23,24981.606333323416,0.0,24981.606333323416,0.0
2008-10-24,24981.606333323416,0.0,24981.606333323416,0.0
2008-10-27,24981.606333323416,0.0,24981.606333323416,0.0
2008-10-28,24981.606333323416,0.0,24981.606333323416,0.0
2008-10-29,24981.606333323416,0.0,24981.606333323416,0.0
2008-10-30,24981.606333323416,0.0,24981.606333323416,0.0
2008-10-31,24981.606333323416,0.0,24981.606333323416,0.0
2008-11-03,24981.606333323416,0.0,24981.606333323416,0.0
2008-11-04,24981.606333323416,0.0,24981.606333323416,0.0
2008-11-05,24981.606333323416,0.0,24981.606333323416,0.0
2008-11-06,24981.606333323416,0.0,24981.606333323416,0.0
2008-11-07,24981.606333323416,0.0,24981.606333323416,0.0
2008-11-10,24981.606333323416,0.0,24981.606333323416,0.0
2008-11-11,24981.606333323416,0.0,24981.606333323416,0.0
2008-11-12,24981.606333323416,0.0,24981.606333323416,0.0
2008-11-13,24981.606333323416,0.0,24981.606333323416,0.0
2008-11-14,24981.606333323416,0.0,24981.606333323416,0.0
2008-11-17,24981.606333323416,0.0,24981.606333323416,0.0
2008-11-18,24981.606333323416,0.0,24981.606333323416,0.0
2008-11-19,24981.606333323416,0.0,24981.606333323416,0.0
2008-11-20,24981.606333323416,0.0,24981.606333323416,0.0
2008-11-21,24981.606333323416,0.0,24981.606333323416,0.0
2008-11-24,24981.606333323416,0.0,24981.606333323416,0.0
2008-11-25,24981.606333323416,0.0,24981.606333323416,0.0
2008-11-26,24981.606333323416,0.0,24981.606333323416,0.0
2008-11-27,24981.606333323416,0.0,24981.606333323416,0.0
2008-11-28,24981.606333323416,0.0,24981.606333323416,0.0
2008-12-01,24981.606333323416,0.0,24981.606333323416,0.0
2008-12-02,24981.606333323416,0.0,24981.606333323416,0.0
2008-12-03,24981.606333323416,0.0,24981.606333323416,0.0
2008-12-04,24981.606333323416,0.0,24981.606333323416,0.0
2008-12-05,24981.606333323416,0.0,24981.606333323416,0.0
2008-12-08,24981.606333323416,0.0,24981.606333323416,0.0
2008-12-09,24981.606333323416,0.0,24981.606333323416,0.0
2008-12-10,24981.606333323416,0.0,24981.606333323416,0.0
2008-12-11,24981.606333323416,0.0,24981.606333323416,0.0
2008-12-12,24981.606333323416,0.0,24981.606333323416,0.0
2008-12-15,24981.606333323416,0.0,24981.606333323416,0.0
2008-12-16,24981.606333323416,0.0,24981.606333323416,0.0
2008-12-17,24981.606333323416,0.0,24981.606333323416,0.0
2008-12-18,24981.606333323416,0.0,24981.606333323416,0.0
2008-12-19,24981.606333323416,0.0,24981.606333323416,0.0
2008-12-22,24981.606333323416,0.0,24981.606333323416,0.0
2008-12-23,24981.606333323416,0.0,24981.606333323416,0.0
2008-12-24,24981.606333323416,0.0,24981.606333323416,0.0
2008-12-26,24981.606333323416,0.0,24981.606333323416,0.0
2008-12-29,24981.606333323416,0.0,24981.606333323416,0.0
2008-12-30,24981.606333323416,0.0,24981.606333323416,0.0
2008-12-31,24981.606333323416,0.0,24981.606333323416,0.0
2009-01-02,24981.606333323416,0.0,24981.606333323416,0.0
2009-01-05,24981.606333323416,0.0,24981.606333323416,0.0
2009-01-06,24981.606333323416,0.0,24981.606333323416,0.0
2009-01-07,24981.606333323416,0.0,24981.606333323416,0.0
2009-01-08,24981.606333323416,0.0,24981.606333323416,0.0
2009-01-09,24981.606333323416,0.0,24981.606333323416,0.0
2009-01-12,24981.606333323416,0.0,24981.606333323416,0.0
2009-01-13,24981.606333323416,0.0,24981.606333323416,0.0
2009-01-14,24981.606333323416,0.0,24981.606333323416,0.0
2009-01-15,24981.606333323416,0.0,24981.606333323416,0.0
2009-01-16,24981.606333323416,0.0,24981.606333323416,0.0
2009-01-19,24981.606333323416,0.0,24981.606333323416,0.0
2009-01-20,24981.606333323416,0.0,24981.606333323416,0.0
2009-01-21,24981.606333323416,0.0,24981.606333323416,0.0
2009-01-22,24981.606333323416,0.0,24981.606333323416,0.0
2009-01-23,24981.606333323416,0.0,24981.606333323416,0.0
2009-01-26,24981.606333323416,0.0,24981.606333323416,0.0
2009-01-27,24981.606333323416,0.0,24981.606333323416,0.0
2009-01-28,24981.606333323416,0.0,24981.606333323416,0.0
2009-01-29,24981.606333323416,0.0,24981.606333323416,0.0
2009-01-30,24981.606333323416,0.0,24981.606333323416,0.0
2009-02-02,24981.606333323416,0.0,24981.606333323416,0.0
2009-02-03,24981.606333323416,0.0,24981.606333323416,0.0
2009-02-04,24981.606333323416,0.0,24981.606333323416,0.0
2009-02-05,24981.606333323416,0.0,24981.606333323416,0.0
2009-02-06,24981.606333323416,0.0,24981.606333323416,0.0
2009-02-09,24981.606333323416,0.0,24981.606333323416,0.0
2009-02-10,24981.606333323416,0.0,24981.606333323416,0.0
2009-02-11,24981.606333323416,0.0,24981.606333323416,0.0
2009-02-12,24981.606333323416,0.0,24981.606333323416,0.0
2009-02-13,24981.606333323416,0.0,24981.606333323416,0.0
2009-02-16,24981.606333323416,0.0,24981.606333323416,0.0
2009-02-17,24981.606333323416,0.0,24981.606333323416,0.0
2009-02-18,24981.606333323416,0.0,24981.606333323416,0.0
2009-02-19,24981.606333323416,0.0,24981.606333323416,0.0
2009-02-20,24981.606333323416,0.0,24981.606333323416,0.0
2009-02-23,24981.606333323416,0.0,24981.606333323416,0.0
2009-02-24,24981.606333323416,0.0,24981.606333323416,0.0
2009-02-25,24981.606333323416,10.948170640848774,24992.554503964264,0.01
2009-02-26,24981.606333323416,28.814579818872872,25010.42091314229,0.01
2009-02-27,24981.606333323416,13.736777362879378,24995.343110686295,0.01
2009-03-02,24981.606333323416,11.819535734924264,24993.42586905834,0.01
2009-03-03,24981.606333323416,23.794369466616157,25005.400702790033,0.01
2009-03-04,24981.606333323416,39.18053660759634,25020.786869931013,0.01
2009-03-05,24981.606333323416,21.552838912010973,25003.159172235428,0.01
2009-03-06,24981.606333323416,24.753196964452545,25006.359530287868,0.01
2009-03-09,24981.606333323416,33.16677171441062,25014.773105037828,0.01
2009-03-10,24981.606333323416,32.232105241855926,25013.83843856527,0.01
2009-03-11,24981.606333323416,9.115964937491652,24990.72229826091,0.01
2009-03-12,24981.606333323416,12.75208688547324,24994.35842020889,0.01
2009-03-13,24981.606333323416,20.60860841763515,25002.21494174105,0.01
2009-03-16,24981.606333323416,22.67149285094127,25004.27782617436,0.01
2009-03-17,24981.606333323416,30.022402445086865,25011.628735768503,0.01
2009-03-18,24981.606333323416,-10.365811961692106,24971.240521361724,0.01
2009-03-19,24981.606333323416,-33.53327576351066,24948.073057559905,0.01
2009-03-20,24981.606333323416,-11.707492919708974,24969.898840403708,0.01
2009-03-23,24981.606333323416,7.0169484952525165,24988.62328181867,0.01
2009-03-24,24981.606333323416,16.951569871863374,24998.55790319528,0.01
2009-03-25,24981.606333323416,14.142103376753504,24995.74843670017,0.01
2009-03-26,24981.606333323416,31.370061412786132,25012.9763947362,0.01
2009-03-27,24981.606333323416,16.684006694090733,24998.290340017506,0.01
2009-03-30,24981.606333323416,8.132308711098032,24989.738642034514,0.01
2009-03-31,24981.606333323416,34.23659132297514,25015.842924646393,0.01
2009-04-01,24981.606333323416,26.60706629523276,25008.21339961865,0.01
2009-04-02,24981.606333323416,41.00776243576152,25022.614095759178,0.01
2009-04-03,24981.606333323416,50.55170918809709,25032.158042511513,0.01
2009-04-06,24981.606333323416,59.87696619935682,25041.483299522773,0.01
2009-04-07,24981.606333323416,51.58137473070945,25033.187708054127,0.01
2009-04-08,24981.606333323416,42.846817780878254,25024.453151104295,0.01
2009-04-09,24981.606333323416,52.53622666005505,25034.142559983473,0.01
2009-04-10,24981.606333323416,48.78819034445384,25030.39452366787,0.01
2009-04-13,24981.606333323416,47.12633178274071,25028.732665106156,0.01
2009-04-14,24981.606333323416,31.12456406730317,25012.73089739072,0.01
2009-04-15,24981.606333323416,37.43091810895503,25019.03725143237,0.01
2009-04-16,24981.606333323416,35.598625017087606,25017.204958340502,0.01
2009-04-17,24981.606333323416,34.20517259144202,25015.81150591486,0.01
2009-04-20,24981.606333323416,16.606379951437482,24998.212713274854,0.01
2009-04-21,24981.606333323416,29.612507405687836,25011.218840729103,0.01
2009-04-22,24981.606333323416,18.746663912223053,25000.352997235637,0.01
2009-04-23,24981.606333323416,18.01511707711174,24999.62145040053,0.01
2009-04-24,24981.606333323416,6.681642987544183,24988.28797631096,0.01
2009-04-27,24981.606333323416,0.957390810452755,24982.56372413387,0.01
2009-04-28,24981.606333323416,-3.7622748870388145,24977.844058436378,0.01
2009-04-29,24981.606333323416,14.061530209639589,24995.667863533057,0.01
2009-04-30,24981.606333323416,27.244532272943008,25008.85086559636,0.01
2009-05-01,24981.606333323416,33.72438258601812,25015.330715909433,0.01
2009-05-04,24981.606333323416,28.920548084195477,25010.52688140761,0.01
2009-05-05,24981.606333323416,28.964676127096663,25010.571009450512,0.01
2009-05-06,24981.606333323416,21.965906356008794,25003.572239679426,0.01
2009-05-07,24981.606333323416,32.88525951202903,25014.491592835446,0.01
2009-05-08,24981.606333323416,23.47426766410101,25005.080600987516,0.01
2009-05-11,24981.606333323416,10.340374469135714,24991.94670779255,0.01
2009-05-12,24981.606333323416,-3.4532765716066702,24978.15305675181,0.01
2009-05-13,24981.606333323416,-18.976453684628662,24962.62987963879,0.01
2009-05-14,24981.606333323416,-12.607801378815394,24968.998531944602,0.01
2009-05-15,24981.606333323416,-20.435064172352746,24961.171269151062,0.01
2009-05-18,24981.606333323416,-5.5660101311818675,24976.040323192236,0.01
2009-05-19,24981.606333323416,-10.039853288421183,24971.566480034995,0.01
2009-05-20,24971.296992786218,0.0,24971.296992786218,0.0
2009-05-21,24971.296992786218,0.0,24971.296992786218,0.0
2009-05-22,24971.296992786218,0.0,24971.296992786218,0.0
2009-05-25,24971.296992786218,0.0,24971.296992786218,0.0
2009-05-26,24971.296992786218,0.0,24971.296992786218,0.0
2009-05-27,24971.296992786218,0.0,24971.296992786218,0.0
2009-05-28,24971.296992786218,0.0,24971.296992786218,0.0
2009-05-29,24971.296992786218,0.0,24971.296992786218,0.0
2009-06-01,24971.296992786218,0.0,24971.296992786218,0.0
2009-06-02,24971.296992786218,0.0,24971.296992786218,0.0
2009-06-03,24971.296992786218,0.0,24971.296992786218,0.0
2009-06-04,24971.296992786218,0.0,24971.296992786218,0.0
2009-06-05,24971.296992786218,0.0,24971.296992786218,0.0
2009-06-08,24971.296992786218,0.0,24971.296992786218,0.0
2009-06-09,24971.296992786218,0.0,24971.296992786218,0.0
2009-06-10,24971.296992786218,0.0,24971.296992786218,0.0
2009-06-11,24971.296992786218,0.0,24971.296992786218,0.0
2009-06-12,24971.296992786218,0.0,24971.296992786218,0.0
2009-06-15,24971.296992786218,-23.48262439608187,24947.814368390136,0.03
2009-06-16,24971.296992786218,-79.33718046422295,24891.959812321995,0.03
2009-06-17,24971.296992786218,-105.92648533856867,24865.37050744765,0.03
2009-06-18,24863.27495454569,0.0,24863.27495454569,0.0
2009-06-19,24863.27495454569,0.0,24863.27495454569,0.0
2009-06-22,24863.27495454569,0.0,24863.27495454569,0.0
2009-06-23,24863.27495454569,0.0,24863.27495454569,0.0
2009-06-24,24863.27495454569,0.0,24863.27495454569,0.0
2009-06-25,24863.27495454569,0.0,24863.27495454569,0.0
2009-06-26,24863.27495454569,0.0,24863.27495454569,0.0
2009-06-29,24863.27495454569,0.0,24863.27495454569,0.0
2009-06-30,24863.27495454569,0.0,24863.27495454569,0.0
2009-07-01,24863.27495454569,0.0,24863.27495454569,0.0
2009-07-02,24863.27495454569,0.0,24863.27495454569,0.0
2009-07-03,24863.27495454569,0.0,24863.27495454569,0.0
2009-07-06,24863.27495454569,0.0,24863.27495454569,0.0
2009-07-07,24863.27495454569,0.0,24863.27495454569,0.0
2009-07-08,24863.27495454569,0.0,24863.27495454569,0.0
2009-07-09,24863.27495454569,0.0,24863.27495454569,0.0
2009-07-10,24863.27495454569,0.0,24863.27495454569,0.0
2009-07-13,24863.27495454569,0.0,24863.27495454569,0.0
2009-07-14,24863.27495454569,0.0,24863.27495454569,0.0
2009-07-15,24863.27495454569,0.0,24863.27495454569,0.0
2009-07-16,24863.27495454569,0.0,24863.27495454569,0.0
2009-07-17,24863.27495454569,0.0,24863.27495454569,0.0
2009-07-20,24863.27495454569,0.0,24863.27495454569,0.0
2009-07-21,24863.27495454569,0.0,24863.27495454569,0.0
2009-07-22,24863.27495454569,0.0,24863.27495454569,0.0
2009-07-23,24863.27495454569,0.0,24863.27495454569,0.0
2009-07-24,24863.27495454569,0.0,24863.27495454569,0.0
2009-07-27,24863.27495454569,0.0,24863.27495454569,0.0
2009-07-28,24863.27495454569,0.0,24863.27495454569,0.0
2009-07-29,24863.27495454569,0.0,24863.27495454569,0.0
2009-07-30,24863.27495454569,0.0,24863.27495454569,0.0
2009-07-31,24863.27495454569,0.0,24863.27495454569,0.0
2009-08-03,24863.27495454569,0.0,24863.27495454569,0.0
2009-08-04,24863.27495454569,0.0,24863.27495454569,0.0
2009-08-05,24863.27495454569,0.0,24863.27495454569,0.0
2009-08-06,24863.27495454569,0.0,24863.27495454569,0.0
2009-08-07,24863.27495454569,0.0,24863.27495454569,0.0
2009-08-10,24863.27495454569,0.0,24863.27495454569,0.0
2009-08-11,24863.27495454569,0.0,24863.27495454569,0.0
2009-08-12,24863.27495454569,0.0,24863.27495454569,0.0
2009-08-13,24863.27495454569,0.0,24863.27495454569,0.0
2009-08-14,24863.27495454569,0.0,24863.27495454569,0.0
2009-08-17,24863.27495454569,0.0,24863.27495454569,0.0
2009-08-18,24863.27495454569,0.0,24863.27495454569,0.0
2009-08-19,24863.27495454569,0.0,24863.27495454569,0.0
2009-08-20,24863.27495454569,0.0,24863.27495454569,0.0
2009-08-21,24863.27495454569,0.0,24863.27495454569,0.0
2009-08-24,24863.27495454569,0.0,24863.27495454569,0.0
2009-08-25,24863.27495454569,0.0,24863.27495454569,0.0
2009-08-26,24863.27495454569,0.0,24863.27495454569,0.0
2009-08-27,24863.27495454569,0.0,24863.27495454569,0.0
2009-08-28,24863.27495454569,0.0,24863.27495454569,0.0
2009-08-31,24863.27495454569,0.0,24863.27495454569,0.0
2009-09-01,24863.27495454569,0.0,24863.27495454569,0.0
2009-09-02,24863.27495454569,0.0,24863.27495454569,0.0
2009-09-03,24863.27495454569,0.0,24863.27495454569,0.0
2009-09-04,24863.27495454569,0.0,24863.27495454569,0.0
2009-09-07,24863.27495454569,0.0,24863.27495454569,0.0
2009-09-08,24863.27495454569,0.0,24863.27495454569,0.0
2009-09-09,24863.27495454569,0.0,24863.27495454569,0.0
2009-09-10,24863.27495454569,0.0,24863.27495454569,0.0
2009-09-11,24863.27495454569,0.0,24863.27495454569,0.0
2009-09-14,24863.27495454569,0.0,24863.27495454569,0.0
2009-09-15,24863.27495454569,0.0,24863.27495454569,0.0
2009-09-16,24863.27495454569,0.0,24863.27495454569,0.0
2009-09-17,24863.27495454569,0.0,24863.27495454569,0.0
2009-09-18,24863.27495454569,0.0,24863.27495454569,0.0
2009-09-21,24863.27495454569,0.0,24863.27495454569,0.0
2009-09-22,24863.27495454569,0.0,24863.27495454569,0.0
2009-09-23,24863.27495454569,0.0,24863.27495454569,0.0
2009-09-24,24863.27495454569,0.0,24863.27495454569,0.0
2009-09-25,24863.27495454569,0.0,24863.27495454569,0.0
2009-09-28,24863.27495454569,0.0,24863.27495454569,0.0
2009-09-29,24863.27495454569,0.0,24863.27495454569,0.0
2009-09-30,24863.27495454569,0.0,24863.27495454569,0.0
2009-10-01,24863.27495454569,0.0,24863.27495454569,0.0
2009-10-02,24863.27495454569,0.0,24863.27495454569,0.0
2009-10-05,24863.27495454569,0.0,24863.27495454569,0.0
2009-10-06,24863.27495454569,0.0,24863.27495454569,0.0
2009-10-07,24863.27495454569,0.0,24863.27495454569,0.0
2009-10-08,24863.27495454569,0.0,24863.27495454569,0.0
2009-10-09,24863.27495454569,0.0,24863.27495454569,0.0
2009-10-12,24863.27495454569,0.0,24863.27495454569,0.0
2009-10-13,24863.27495454569,0.0,24863.27495454569,0.0
2009-10-14,24863.27495454569,0.0,24863.27495454569,0.0
2009-10-15,24863.27495454569,0.0,24863.27495454569,0.0
2009-10-16,24863.27495454569,0.0,24863.27495454569,0.0
2009-10-19,24863.27495454569,0.0,24863.27495454569,0.0
2009-10-20,24863.27495454569,0.0,24863.27495454569,0.0
2009-10-21,24863.27495454569,0.0,24863.27495454569,0.0
2009-10-22,24863.27495454569,0.0,24863.27495454569,0.0
2009-10-23,24863.27495454569,0.0,24863.27495454569,0.0
2009-10-26,24863.27495454569,0.0,24863.27495454569,0.0
2009-10-27,24863.27495454569,0.0,24863.27495454569,0.0
2009-10-28,24863.27495454569,0.0,24863.27495454569,0.0
2009-10-29,24863.27495454569,0.0,24863.27495454569,0.0
2009-10-30,24863.27495454569,0.0,24863.27495454569,0.0
2009-11-02,24863.27495454569,0.0,24863.27495454569,0.0
2009-11-03,24863.27495454569,0.0,24863.27495454569,0.0
2009-11-04,24863.27495454569,0.0,24863.27495454569,0.0
2009-11-05,24863.27495454569,0.0,24863.27495454569,0.0
2009-11-06,24863.27495454569,0.0,24863.27495454569,0.0
2009-11-09,24863.27495454569,0.0,24863.27495454569,0.0
2009-11-10,24863.27495454569,0.0,24863.27495454569,0.0
2009-11-11,24863.27495454569,0.0,24863.27495454569,0.0
2009-11-12,24863.27495454569,0.0,24863.27495454569,0.0
2009-11-13,24863.27495454569,0.0,24863.27495454569,0.0
2009-11-16,24863.27495454569,0.0,24863.27495454569,0.0
2009-11-17,24863.27495454569,0.0,24863.27495454569,0.0
2009-11-18,24863.27495454569,0.0,24863.27495454569,0.0
2009-11-19,24863.27495454569,0.0,24863.27495454569,0.0
2009-11-20,24863.27495454569,0.0,24863.27495454569,0.0
2009-11-23,24863.27495454569,0.0,24863.27495454569,0.0
2009-11-24,24863.27495454569,0.0,24863.27495454569,0.0
2009-11-25,24863.27495454569,0.0,24863.27495454569,0.0
2009-11-26,24863.27495454569,0.0,24863.27495454569,0.0
2009-11-27,24863.27495454569,0.0,24863.27495454569,0.0
2009-11-30,24863.27495454569,0.0,24863.27495454569,0.0
2009-12-01,24863.27495454569,0.0,24863.27495454569,0.0
2009-12-02,24863.27495454569,0.0,24863.27495454569,0.0
2009-12-03,24863.27495454569,0.0,24863.27495454569,0.0
2009-12-04,24863.27495454569,0.0,24863.27495454569,0.0
2009-12-07,24863.27495454569,0.0,24863.27495454569,0.0
2009-12-08,24863.27495454569,0.0,24863.27495454569,0.0
2009-12-09,24863.27495454569,0.0,24863.27495454569,0.0
2009-12-10,24863.27495454569,0.0,24863.27495454569,0.0
2009-12-11,24863.27495454569,0.0,24863.27495454569,0.0
2009-12-14,24863.27495454569,0.0,24863.27495454569,0.0
2009-12-15,24863.27495454569,0.0,24863.27495454569,0.0
2009-12-16,24863.27495454569,0.0,24863.27495454569,0.0
2009-12-17,24863.27495454569,0.0,24863.27495454569,0.0
2009-12-18,24863.27495454569,0.0,24863.27495454569,0.0
2009-12-21,24863.27495454569,0.0,24863.27495454569,0.0
2009-12-22,24863.27495454569,0.0,24863.27495454569,0.0
2009-12-23,24863.27495454569,0.0,24863.27495454569,0.0
2009-12-24,24863.27495454569,0.0,24863.27495454569,0.0
2009-12-28,24863.27495454569,-0.5319349805518125,24862.74301956514,0.03
2009-12-29,24863.27495454569,13.482022829014051,24876.756977374705,0.03
2009-12-30,24863.27495454569,28.904645712020425,24892.17960025771,0.03
2009-12-31,24863.27495454569,54.8736665313507,24918.14862107704,0.03
2010-01-04,24863.27495454569,31.781638108109306,24895.0565926538,0.03
2010-01-05,24863.27495454569,3.226887519290373,24866.50184206498,0.03
2010-01-06,24863.27495454569,24.421353714372756,24887.696308260063,0.03
2010-01-07,24863.27495454569,61.341887844654984,24924.616842390344,0.03
2010-01-08,24863.27495454569,36.11785323295607,24899.392807778648,0.03
2010-01-11,24863.27495454569,15.74741548325727,24879.022370028946,0.03
2010-01-12,24863.27495454569,-22.743712537528975,24840.53124200816,0.03
2010-01-13,24863.27495454569,-9.09133069638002,24854.18362384931,0.03
2010-01-14,24863.27495454569,-14.806737274467173,24848.468217271224,0.03
2010-01-15,24863.27495454569,-30.375393288890674,24832.8995612568,0.03
2010-01-18,24863.27495454569,-30.148888837130908,24833.12606570856,0.03
2010-01-19,24863.27495454569,-17.28599957684579,24845.988954968845,0.03
2010-01-20,24863.27495454569,-14.446783333204449,24848.828171212484,0.03
2010-01-21,24863.27495454569,-43.25144928950208,24820.023505256187,0.03
2010-01-22,24863.27495454569,-66.43798022256091,24796.83697432313,0.03
2010-01-25,24863.27495454569,-50.205980098576134,24813.068974447113,0.03
2010-01-26,24863.27495454569,-72.79601798797768,24790.478936557713,0.03
2010-01-27,24863.27495454569,-60.831823939872066,24802.443130605818,0.03
2010-01-28,24863.27495454569,-63.73108642472451,24799.543868120967,0.03
2010-01-29,24863.27495454569,-50.86939627168722,24812.405558274004,0.03
2010-02-01,24863.27495454569,-37.63486851060085,24825.640086035088,0.03
2010-02-02,24863.27495454569,-46.3194971078524,24816.955457437838,0.03
2010-02-03,24863.27495454569,-24.106401386116637,24839.168553159572,0.03
2010-02-04,24762.32192771337,0.0,24762.32192771337,0.0
2010-02-05,24762.32192771337,-8.663392925851964,24753.658534787515,-0.03
2010-02-08,24762.32192771337,-8.9062769569059,24753.415650756462,-0.03
2010-02-09,24762.32192771337,-25.930959604982462,24736.390968108386,-0.03
2010-02-10,24762.32192771337,-34.78585900997754,24727.53606870339,-0.03
2010-02-11,24762.32192771337,-28.163945368512696,24734.157982344856,-0.03
2010-02-12,24762.32192771337,-34.88505292948558,24727.43687478388,-0.03
2010-02-15,24762.32192771337,-36.937912780645675,24725.384014932722,-0.03
2010-02-16,24762.32192771337,-41.6590604726429,24720.662867240724,-0.03
2010-02-17,24762.32192771337,-82.09624959133893,24680.22567812203,-0.03
2010-02-18,24659.084447761295,0.0,24659.084447761295,0.0
2010-02-19,24659.084447761295,0.0,24659.084447761295,0.0
2010-02-22,24659.084447761295,-25.71243988039568,24633.3720078809,0.04
2010-02-23,24659.084447761295,-70.6977361958784,24588.386711565417,0.04
2010-02-24,24659.084447761295,-75.9903020917302,24583.094145669565,0.04
2010-02-25,24533.94596752171,0.0,24533.94596752171,0.0
2010-02-26,24533.94596752171,3.3297595707184904,24537.27572709243,-0.03
2010-03-02,24533.94596752171,7.571141459901952,24541.517108981614,-0.03
2010-03-03,24533.94596752171,22.444787735382562,24556.390755257093,-0.03
2010-03-04,24533.94596752171,1.4533083062518737,24535.399275827964,-0.03
2010-03-05,24533.94596752171,-45.94512427717391,24488.000843244536,-0.03
2010-03-08,24533.94596752171,-46.037643047502584,24487.908324474207,-0.03
2010-03-09,24533.94596752171,-33.35891831249931,24500.58704920921,-0.03
2010-03-10,24533.94596752171,-53.28096076634021,24480.66500675537,-0.03
2010-03-11,24533.94596752171,-52.57693168767174,24481.36903583404,-0.03
2010-03-12,24533.94596752171,-54.455467378250106,24479.49050014346,-0.03
2010-03-15,24533.94596752171,-51.96403733274572,24481.981930188966,-0.03
2010-03-16,24533.94596752171,-43.757972778959996,24490.18799474275,-0.03
2010-03-17,24533.94596752171,-45.589893843958485,24488.356073677754,-0.03
2010-03-18,24533.94596752171,-46.86880695191927,24487.077160569792,-0.03
2010-03-19,24533.94596752171,-53.774350212129015,24480.17161730958,-0.03
2010-03-22,24533.94596752171,-37.00719466797543,24496.938772853737,-0.03
2010-03-23,24533.94596752171,-50.680882843289254,24483.265084678424,-0.03
2010-03-24,24444.408075101688,0.0,24444.408075101688,0.0
2010-03-25,24444.408075101688,22.373117398037962,24466.781192499726,0.04
2010-03-26,24444.408075101688,14.552623942854918,24458.960699044543,0.04
2010-03-29,24444.408075101688,12.039209089220698,24456.44728419091,0.04
2010-03-30,24444.408075101688,26.853251520273602,24471.261326621963,0.04
2010-03-31,24444.408075101688,58.83695341865823,24503.245028520345,0.04
2010-04-01,24444.408075101688,75.21686804966642,24519.624943151353,0.04
2010-04-02,24444.408075101688,110.99110631725105,24555.39918141894,0.04
2010-04-05,24444.408075101688,99.13443953312927,24543.542514634817,0.04
2010-04-06,24444.408075101688,72.81561498433855,24517.223690086026,0.04
2010-04-07,24444.408075101688,52.11399032440243,24496.522065426092,0.04
2010-04-08,24444.408075101688,54.229040609049704,24498.63711571074,0.04
2010-04-09,24444.408075101688,44.59374570542905,24489.001820807116,0.04
2010-04-12,24444.408075101688,47.57079624795614,24491.978871349645,0.04
2010-04-13,24444.408075101688,46.10861120163239,24490.51668630332,0.04
2010-04-14,24444.408075101688,46.95684621466204,24491.36492131635,0.04
2010-04-15,24444.408075101688,37.36442276662223,24481.77249786831,0.04
2010-04-16,24444.408075101688,-1.7180170873141014,24442.690058014374,0.04
2010-04-19,24444.408075101688,8.720516253875358,24453.128591355562,0.04
2010-04-20,24444.408075101688,47.370488300247004,24491.778563401935,0.04
2010-04-21,24444.408075101688,44.927508132479566,24489.33558323417,0.04
2010-04-22,24444.408075101688,59.132093128314814,24503.540168230003,0.04
2010-04-23,24444.408075101688,80.95975957545912,24525.36783467715,0.04
2010-04-26,24444.408075101688,80.3529076960462,24524.760982797736,0.04
2010-04-27,24444.408075101688,48.34920153607521,24492.757276637763,0.04
2010-04-28,24444.408075101688,85.67993533726622,24530.088010438954,0.04
2010-04-29,24444.408075101688,83.6172429125843,24528.02531801427,0.04
2010-04-30,24444.408075101688,75.06716037563733,24519.475235477326,0.04
2010-05-03,24444.408075101688,107.36920006746762,24551.777275169155,0.04
2010-05-04,24444.408075101688,106.86968738571228,24551.2777624874,0.04
2010-05-05,24444.408075101688,74.55419854393037,24518.96227364562,0.04
2010-05-06,24336.024653272216,0.0,24336.024653272216,0.0
2010-05-07,24336.024653272216,0.0,24336.024653272216,0.0
2010-05-10,24336.024653272216,0.0,24336.024653272216,0.0
2010-05-11,24336.024653272216,0.0,24336.024653272216,0.0
2010-05-12,24336.024653272216,0.0,24336.024653272216,0.0
2010-05-13,24336.024653272216,0.0,24336.024653272216,0.0
2010-05-14,24336.024653272216,0.0,24336.024653272216,0.0
2010-05-15,24336.024653272216,0.0,24336.024653272216,0.0
2010-05-17,24336.024653272216,0.0,24336.024653272216,0.0
2010-05-18,24336.024653272216,0.0,24336.024653272216,0.0
2010-05-19,24336.024653272216,0.0,24336.024653272216,0.0
2010-05-20,24336.024653272216,0.0,24336.024653272216,0.0
2010-05-21,24336.024653272216,0.0,24336.024653272216,0.0
2010-05-22,24336.024653272216,-0.3609968484542203,24335.663656423763,-0.02
2010-05-24,24336.024653272216,-8.533732827208228,24327.49092044501,-0.02
2010-05-25,24336.024653272216,-6.678665519142289,24329.345987753073,-0.02
2010-05-26,24336.024653272216,2.0444533289383298,24338.069106601153,-0.02
2010-05-27,24336.024653272216,-28.99176441008542,24307.03288886213,-0.02
2010-05-28,24336.024653272216,-28.17266201722751,24307.85199125499,-0.02
2010-05-29,24336.024653272216,-28.197824511152266,24307.826828761063,-0.02
2010-05-31,24336.024653272216,-33.746554699313215,24302.278098572904,-0.02
2010-06-01,24336.024653272216,-25.218347190752493,24310.806306081464,-0.02
2010-06-02,24336.024653272216,-57.0392008659156,24278.9854524063,-0.02
2010-06-03,24336.024653272216,-70.5308811357666,24265.493772136448,-0.02
2010-06-04,24336.024653272216,-49.35843061316443,24286.666222659052,-0.02
2010-06-05,24336.024653272216,-50.864269695324744,24285.16038357689,-0.02
2010-06-07,24336.024653272216,-36.955052468196484,24299.069600804018,-0.02
2010-06-08,24336.024653272216,-40.13119177019286,24295.893461502023,-0.02
2010-06-09,24336.024653272216,-35.11718616918212,24300.907467103032,-0.02
2010-06-10,24336.024653272216,-35.78535263992958,24300.239300632285,-0.02
2010-06-11,24336.024653272216,-43.3938096514951,24292.630843620722,-0.02
2010-06-14,24336.024653272216,-41.26780068472142,24294.756852587496,-0.02
2010-06-15,24336.024653272216,-37.58833111718447,24298.43632215503,-0.02
2010-06-16,24336.024653272216,-37.174613748985365,24298.85003952323,-0.02
2010-06-17,24336.024653272216,-26.3158891728519,24309.708764099363,-0.02
2010-06-18,24336.024653272216,-18.688698159438044,24317.335955112776,-0.02
2010-06-19,24336.024653272216,-18.553233938365377,24317.47141933385,-0.02
2010-06-21,24336.024653272216,-28.6959491757116,24307.328704096504,-0.02
2010-06-22,24336.024653272216,-14.986640467565389,24321.03801280465,-0.02
2010-06-23,24336.024653272216,4.0191045757127695,24340.04375784793,-0.02
2010-06-24,24336.024653272216,9.148774066085604,24345.1734273383,-0.02
2010-06-25,24336.024653272216,19.028049025262447,24355.05270229748,-0.02
2010-06-28,24336.024653272216,15.584778161130536,24351.609431433346,-0.02
2010-06-29,24336.024653272216,35.4046724895695,24371.429325761786,-0.02
2010-06-30,24336.024653272216,41.05426003395564,24377.07891330617,-0.02
2010-07-01,24336.024653272216,63.80599533796366,24399.83064861018,-0.02
2010-07-02,24336.024653272216,59.79160349321376,24395.81625676543,-0.02
2010-07-05,24336.024653272216,59.75220494876567,24395.776858220983,-0.02
2010-07-06,24336.024653272216,66.53007288843548,24402.55472616065,-0.02
2010-07-07,24336.024653272216,60.9503265018053,24396.974979774022,-0.02
2010-07-08,24336.024653272216,43.06052411502945,24379.085177387245,-0.02
2010-07-09,24336.024653272216,34.90201792538468,24370.9266711976,-0.02
2010-07-10,24336.024653272216,34.76962420790074,24370.794277480116,-0.02
2010-07-12,24336.024653272216,34.87253221587386,24370.89718548809,-0.02
2010-07-13,24336.024653272216,32.1362883185115,24368.160941590726,-0.02
2010-07-14,24336.024653272216,40.195291525617826,24376.219944797835,-0.02
2010-07-15,24336.024653272216,66.057726746654,24402.08238001887,-0.02
2010-07-16,24336.024653272216,88.02657326945999,24424.051226541676,-0.02
2010-07-19,24336.024653272216,87.22045295514641,24423.24510622736,-0.02
2010-07-20,24336.024653272216,65.52119405050048,24401.545847322715,-0.02
2010-07-21,24336.024653272216,75.646136118131,24411.670789390348,-0.02
2010-07-22,24336.024653272216,79.45456667842318,24415.479219950637,-0.02
2010-07-23,24336.024653272216,64.49276055721592,24400.51741382943,-0.02
2010-07-26,24336.024653272216,78.95783370628176,24414.982486978497,-0.02
2010-07-27,24336.024653272216,52.66273174402777,24388.687385016245,-0.02
2010-07-28,24336.024653272216,63.34473467170151,24399.369387943916,-0.02
2010-07-29,24336.024653272216,81.7465509626894,24417.771204234905,-0.02
2010-07-30,24336.024653272216,89.530503229403,24425.555156501618,-0.02
2010-08-02,24336.024653272216,88.84327136814285,24424.86792464036,-0.02
2010-08-03,24336.024653272216,106.11761210839857,24442.142265380615,-0.02
2010-08-04,24336.024653272216,94.61113811935975,24430.635791391574,-0.02
2010-08-05,24336.024653272216,104.89226070415893,24440.916913976376,-0.02
2010-08-06,24336.024653272216,113.7188723521767,24449.74352562439,-0.02
2010-08-07,24336.024653272216,113.76873277133734,24449.79338604355,-0.02
2010-08-09,24336.024653272216,102.96391282270389,24438.98856609492,-0.02
2010-08-10,24336.024653272216,115.20106367431026,24451.225716946527,-0.02
2010-08-11,24336.024653272216,119.40968312687737,24455.434336399092,-0.02
2010-08-12,24336.024653272216,106.81439230019524,24442.83904557241,-0.02
2010-08-13,24336.024653272216,98.16073347229407,24434.18538674451,-0.02
2010-08-16,24336.024653272216,120.82163474049378,24456.846288012708,-0.02
2010-08-17,24336.024653272216,116.22876253099871,24452.253415803214,-0.02
2010-08-18,24336.024653272216,116.56571434300032,24452.590367615216,-0.02
2010-08-19,24336.024653272216,119.51056745792793,24455.535220730144,-0.02
2010-08-20,24336.024653272216,114.51386774924916,24450.538521021466,-0.02
2010-08-23,24336.024653272216,125.75415823039665,24461.778811502612,-0.02
2010-08-24,24336.024653272216,159.67223223006852,24495.696885502286,-0.02
2010-08-25,24336.024653272216,145.5690832844423,24481.593736556657,-0.02
2010-08-26,24336.024653272216,147.5554376028335,24483.58009087505,-0.02
2010-08-27,24336.024653272216,126.95031265952761,24462.974965931742,-0.02
2010-08-28,24336.024653272216,123.9573426880254,24459.981995960243,-0.02
2010-08-30,24336.024653272216,139.78340555745683,24475.808058829673,-0.02
2010-08-31,24336.024653272216,153.47004747712316,24489.49470074934,-0.02
2010-09-01,24336.024653272216,147.29559111727613,24483.32024438949,-0.02
2010-09-02,24336.024653272216,148.11281394710207,24484.13746721932,-0.02
2010-09-03,24336.024653272216,147.52179061978055,24483.546443891995,-0.02
2010-09-04,24336.024653272216,146.664520590629,24482.689173862844,-0.02
2010-09-06,24336.024653272216,149.20193154336332,24485.22658481558,-0.02
2010-09-07,24336.024653272216,159.09130058786937,24495.115953860084,-0.02
2010-09-08,24336.024653272216,159.83580063413365,24495.86045390635,-0.02
2010-09-09,24336.024653272216,160.8754632289198,24496.900116501136,-0.02
2010-09-10,24336.024653272216,150.51962305390597,24486.544276326124,-0.02
2010-09-11,24336.024653272216,149.4409038936933,24485.46555716591,-0.02
2010-09-13,24336.024653272216,160.78340655416505,24496.80805982638,-0.02
2010-09-14,24336.024653272216,177.21439913301924,24513.239052405235,-0.02
2010-09-15,24336.024653272216,108.42024585143531,24444.44489912365,-0.02
2010-09-16,24336.024653272216,104.29689619021075,24440.321549462427,-0.02
2010-09-17,24336.024653272216,102.57943655676668,24438.604089828983,-0.02
2010-09-20,24336.024653272216,106.42513648329455,24442.449789755512,-0.02
2010-09-21,24336.024653272216,120.53309729700989,24456.557750569227,-0.02
2010-09-22,24336.024653272216,135.00066179240386,24471.02531506462,-0.02
2010-09-23,24336.024653272216,138.45220372226132,24474.476856994475,-0.02
2010-09-24,24336.024653272216,143.96520240110388,24479.98985567332,-0.02
2010-09-27,24336.024653272216,140.77584152191147,24476.800494794126,-0.02
2010-09-28,24336.024653272216,150.7695761350008,24486.794229407216,-0.02
2010-09-29,24336.024653272216,154.65242288788906,24490.677076160104,-0.02
2010-09-30,24336.024653272216,159.16530728583635,24495.18996055805,-0.02
2010-10-01,24336.024653272216,167.55015325843263,24503.574806530647,-0.02
2010-10-04,24336.024653272216,163.4712254211193,24499.495878693335,-0.02
2010-10-05,24336.024653272216,167.2838533414896,24503.308506613706,-0.02
2010-10-06,24336.024653272216,174.3220609928121,24510.346714265026,-0.02
2010-10-07,24336.024653272216,186.7382222537582,24522.762875525976,-0.02
2010-10-08,24336.024653272216,195.42458400375142,24531.449237275967,-0.02
2010-10-11,24336.024653272216,195.38274399518636,24531.4073972674,-0.02
2010-10-12,24336.024653272216,204.60579201525292,24540.63044528747,-0.02
2010-10-13,24336.024653272216,202.46805518534993,24538.492708457565,-0.02
2010-10-14,24336.024653272216,209.85469728660712,24545.879350558822,-0.02
2010-10-15,24336.024653272216,210.51066900420406,24546.53532227642,-0.02
2010-10-16,24336.024653272216,211.33023477063117,24547.354888042846,-0.02
2010-10-18,24336.024653272216,215.6190728799248,24551.643726152142,-0.02
2010-10-19,24336.024653272216,208.51828377975207,24544.542937051967,-0.02
2010-10-20,24336.024653272216,224.24672050632896,24560.271373778545,-0.02
2010-10-21,24336.024653272216,216.00569153947353,24552.03034481169,-0.02
2010-10-22,24336.024653272216,216.23305669963355,24552.25770997185,-0.02
2010-10-23,24336.024653272216,215.2587617163361,24551.283414988553,-0.02
2010-10-25,24336.024653272216,229.11981590705324,24565.144469179268,-0.02
2010-10-26,24336.024653272216,213.54447161275644,24549.569124884973,-0.02
2010-10-27,24336.024653272216,204.61647834159564,24540.64113161381,-0.02
2010-10-28,24336.024653272216,225.23894914912694,24561.263602421343,-0.02
2010-10-29,24336.024653272216,241.60808408780633,24577.63273736002,-0.02
2010-11-01,24336.024653272216,239.46960304756223,24575.494256319776,-0.02
2010-11-02,24336.024653272216,233.67666127060352,24569.70131454282,-0.02
2010-11-03,24336.024653272216,219.53307560194713,24555.557728874162,-0.02
2010-11-04,24336.024653272216,227.47217795971798,24563.496831231932,-0.02
2010-11-05,24336.024653272216,212.57605324099697,24548.600706513214,-0.02
2010-11-08,24336.024653272216,213.03844874861926,24549.063102020835,-0.02
2010-11-09,24336.024653272216,201.69340943416873,24537.718062706386,-0.02
2010-11-10,24336.024653272216,188.0519320404897,24524.076585312705,-0.02
2010-11-11,24336.024653272216,181.64353195952322,24517.668185231738,-0.02
2010-11-12,24336.024653272216,180.87359428065696,24516.898247552872,-0.02
2010-11-13,24336.024653272216,183.25281177453402,24519.27746504675,-0.02
2010-11-15,24336.024653272216,169.71223717982772,24505.736890452044,-0.02
2010-11-16,24336.024653272216,162.80735784467302,24498.83201111689,-0.02
2010-11-17,24336.024653272216,166.93558200191555,24502.96023527413,-0.02
2010-11-18,24336.024653272216,158.11418982305693,24494.138843095272,-0.02
2010-11-19,24336.024653272216,155.93121381029528,24491.95586708251,-0.02
2010-11-20,24336.024653272216,155.97116189179465,24491.99581516401,-0.02
2010-11-22,24336.024653272216,161.06866823596675,24497.093321508182,-0.02
2010-11-23,24336.024653272216,165.62554551969288,24501.650198791907,-0.02
2010-11-24,24336.024653272216,159.14453088647508,24495.16918415869,-0.02
2010-11-25,24336.024653272216,155.47043499251689,24491.49508826473,-0.02
2010-11-26,24336.024653272216,144.30478835078998,24480.329441623006,-0.02
2010-11-27,24480.61827151375,0.0,24480.61827151375,0.0
2010-11-29,24480.61827151375,0.0,24480.61827151375,0.0
2010-11-30,24480.61827151375,0.0,24480.61827151375,0.0
2010-12-01,24480.61827151375,0.0,24480.61827151375,0.0
2010-12-02,24480.61827151375,0.0,24480.61827151375,0.0
2010-12-03,24480.61827151375,0.0,24480.61827151375,0.0
2010-12-04,24480.61827151375,0.0,24480.61827151375,0.0
2010-12-06,24480.61827151375,0.0,24480.61827151375,0.0
2010-12-07,24480.61827151375,0.0,24480.61827151375,0.0
2010-12-08,24480.61827151375,0.0,24480.61827151375,0.0
2010-12-09,24480.61827151375,0.0,24480.61827151375,0.0
2010-12-10,24480.61827151375,0.0,24480.61827151375,0.0
2010-12-11,24480.61827151375,0.0,24480.61827151375,0.0
2010-12-13,24480.61827151375,0.0,24480.61827151375,0.0
2010-12-14,24480.61827151375,0.0,24480.61827151375,0.0
2010-12-15,24480.61827151375,0.0,24480.61827151375,0.0
2010-12-16,24480.61827151375,0.0,24480.61827151375,0.0
2010-12-17,24480.61827151375,0.0,24480.61827151375,0.0
2010-12-18,24480.61827151375,0.0,24480.61827151375,0.0
2010-12-20,24480.61827151375,0.0,24480.61827151375,0.0
2010-12-21,24480.61827151375,0.0,24480.61827151375,0.0
2010-12-22,24480.61827151375,0.0,24480.61827151375,0.0
2010-12-23,24480.61827151375,0.0,24480.61827151375,0.0
2010-12-24,24480.61827151375,0.0,24480.61827151375,0.0
2010-12-25,24480.61827151375,0.0,24480.61827151375,0.0
2010-12-27,24480.61827151375,0.0,24480.61827151375,0.0
2010-12-28,24480.61827151375,0.0,24480.61827151375,0.0
2010-12-29,24480.61827151375,0.0,24480.61827151375,0.0
2010-12-30,24480.61827151375,5.804872415856632,24486.42314392961,-0.06
2010-12-31,24480.61827151375,33.345839917375855,24513.964111431127,-0.06
2011-01-01,24480.61827151375,33.92863277717704,24514.546904290928,-0.06
2011-01-03,24480.61827151375,-9.661148346820845,24470.95712316693,-0.06
2011-01-04,24480.61827151375,-31.919237416964563,24448.699034096786,-0.06
2011-01-05,24371.541770565094,0.0,24371.541770565094,0.0
2011-01-06,24371.541770565094,0.0,24371.541770565094,0.0
2011-01-07,24371.541770565094,0.0,24371.541770565094,0.0
2011-01-08,24371.541770565094,0.0,24371.541770565094,0.0
2011-01-10,24371.541770565094,0.0,24371.541770565094,0.0
2011-01-11,24371.541770565094,0.0,24371.541770565094,0.0
2011-01-12,24371.541770565094,0.0,24371.541770565094,0.0
2011-01-13,24371.541770565094,0.0,24371.541770565094,0.0
2011-01-14,24371.541770565094,0.0,24371.541770565094,0.0
2011-01-15,24371.541770565094,0.0,24371.541770565094,0.0
2011-01-17,24371.541770565094,0.0,24371.541770565094,0.0
2011-01-18,24371.541770565094,0.0,24371.541770565094,0.0
2011-01-19,24371.541770565094,0.0,24371.541770565094,0.0
2011-01-20,24371.541770565094,0.0,24371.541770565094,0.0
2011-01-21,24371.541770565094,0.0,24371.541770565094,0.0
2011-01-22,24371.541770565094,0.0,24371.541770565094,0.0
2011-01-24,24371.541770565094,0.0,24371.541770565094,0.0
2011-01-25,24371.541770565094,0.0,24371.541770565094,0.0
2011-01-26,24371.541770565094,0.0,24371.541770565094,0.0
2011-01-27,24371.541770565094,0.0,24371.541770565094,0.0
2011-01-28,24371.541770565094,0.0,24371.541770565094,0.0
2011-01-29,24371.541770565094,0.0,24371.541770565094,0.0
2011-01-31,24371.541770565094,0.0,24371.541770565094,0.0
2011-02-01,24371.541770565094,0.0,24371.541770565094,0.0
2011-02-02,24371.541770565094,0.0,24371.541770565094,0.0
2011-02-03,24371.541770565094,0.0,24371.541770565094,0.0
2011-02-04,24371.541770565094,0.0,24371.541770565094,0.0
2011-02-07,24371.541770565094,0.0,24371.541770565094,0.0
2011-02-08,24371.541770565094,0.0,24371.541770565094,0.0
2011-02-09,24371.541770565094,0.0,24371.541770565094,0.0
2011-02-10,24371.541770565094,0.0,24371.541770565094,0.0
2011-02-11,24371.541770565094,0.0,24371.541770565094,0.0
2011-02-12,24371.541770565094,0.0,24371.541770565094,0.0
2011-02-14,24371.541770565094,0.0,24371.541770565094,0.0
2011-02-15,24371.541770565094,0.0,24371.541770565094,0.0
2011-02-16,24371.541770565094,-7.875722350802446,24363.66604821429,0.06
2011-02-17,24371.541770565094,-34.31891903228508,24337.22285153281,0.06
2011-02-18,24371.541770565094,-43.851706488887274,24327.690064076207,0.06
2011-02-19,24371.541770565094,-43.92323638348813,24327.618534181605,0.06
2011-02-21,24371.541770565094,-45.772500723777185,24325.769269841316,0.06
2011-02-22,24371.541770565094,-72.93029673059763,24298.611473834495,0.06
2011-02-23,24371.541770565094,-92.78217324514597,24278.75959731995,0.06
2011-02-24,24262.63868189399,0.0,24262.63868189399,0.0
2011-02-25,24262.63868189399,0.0,24262.63868189399,0.0
2011-02-28,24262.63868189399,-9.33818522855204,24253.300496665437,-0.07
2011-03-01,24262.63868189399,-15.460869090543577,24247.177812803446,-0.07
2011-03-02,24262.63868189399,-16.528187889466263,24246.110494004522,-0.07
2011-03-03,24262.63868189399,-65.34157571551545,24197.297106178474,-0.07
2011-03-04,24262.63868189399,-53.94426686544569,24208.694415028545,-0.07
2011-03-05,24262.63868189399,-54.023475171678456,24208.615206722312,-0.07
2011-03-07,24262.63868189399,-47.982105446149994,24214.65657644784,-0.07
2011-03-08,24262.63868189399,-83.88124554147528,24178.757436352516,-0.07
2011-03-09,24262.63868189399,-89.81340116479787,24172.825280729194,-0.07
2011-03-10,24143.80072387258,0.0,24143.80072387258,0.0
2011-03-11,24143.80072387258,0.0,24143.80072387258,0.0
2011-03-12,24143.80072387258,0.0,24143.80072387258,0.0
2011-03-14,24143.80072387258,0.0,24143.80072387258,0.0
2011-03-15,24143.80072387258,0.0,24143.80072387258,0.0
2011-03-16,24143.80072387258,0.0,24143.80072387258,0.0
2011-03-17,24143.80072387258,0.0,24143.80072387258,0.0
2011-03-18,24143.80072387258,0.0,24143.80072387258,0.0
2011-03-21,24143.80072387258,0.0,24143.80072387258,0.0
2011-03-22,24143.80072387258,0.0,24143.80072387258,0.0
2011-03-23,24143.80072387258,0.0,24143.80072387258,0.0
2011-03-24,24143.80072387258,0.0,24143.80072387258,0.0
2011-03-25,24143.80072387258,0.0,24143.80072387258,0.0
2011-03-28,24143.80072387258,0.0,24143.80072387258,0.0
2011-03-29,24143.80072387258,0.0,24143.80072387258,0.0
2011-03-30,24143.80072387258,0.0,24143.80072387258,0.0
2011-03-31,24143.80072387258,0.0,24143.80072387258,0.0
2011-04-01,24143.80072387258,0.0,24143.80072387258,0.0
2011-04-02,24143.80072387258,0.0,24143.80072387258,0.0
2011-04-04,24143.80072387258,0.0,24143.80072387258,0.0
2011-04-05,24143.80072387258,35.85959521342506,24179.660319086004,0.04
2011-04-06,24143.80072387258,64.0228453152411,24207.82356918782,0.04
2011-04-07,24143.80072387258,37.23689046226627,24181.037614334848,0.04
2011-04-08,24143.80072387258,30.15189297972487,24173.952616852304,0.04
2011-04-09,24143.80072387258,30.63812108538544,24174.438844957967,0.04
2011-04-11,24143.80072387258,22.86386609682658,24166.66458996941,0.04
2011-04-12,24143.80072387258,-22.621869154252018,24121.178854718328,0.04
2011-04-13,24143.80072387258,-11.292868289568542,24132.50785558301,0.04
2011-04-14,24143.80072387258,-26.663241555264392,24117.137482317317,0.04
2011-04-15,24143.80072387258,-43.84251261864081,24099.95821125394,0.04
2011-04-16,24143.80072387258,-43.78497393622843,24100.015749936352,0.04
2011-04-18,24143.80072387258,-65.28412493509748,24078.516598937484,0.04
2011-04-19,24143.80072387258,-69.30747729798759,24074.49324657459,0.04
2011-04-20,24143.80072387258,-70.21989330622517,24073.580830566356,0.04
2011-04-21,24043.594228038,0.0,24043.594228038,0.0
2011-04-22,24043.594228038,0.0,24043.594228038,0.0
2011-04-25,24043.594228038,0.0,24043.594228038,0.0
2011-04-26,24043.594228038,0.0,24043.594228038,0.0
2011-04-27,24043.594228038,0.0,24043.594228038,0.0
2011-04-28,24043.594228038,0.0,24043.594228038,0.0
2011-04-29,24043.594228038,18.201622564844115,24061.795850602844,-0.05
2011-04-30,24043.594228038,18.268932026034708,24061.863160064036,-0.05
2011-05-02,24043.594228038,16.528255055279374,24060.12248309328,-0.05
2011-05-03,24043.594228038,32.930600354771585,24076.524828392772,-0.05
2011-05-04,24043.594228038,51.390296458498646,24094.9845244965,-0.05
2011-05-05,24043.594228038,84.36296211783711,24127.957190155837,-0.05
2011-05-06,24043.594228038,52.63277664502806,24096.227004683027,-0.05
2011-05-09,24043.594228038,67.43620205817575,24111.030430096176,-0.05
2011-05-10,24043.594228038,36.87024778309951,24080.4644758211,-0.05
2011-05-11,24043.594228038,26.371448532399796,24069.9656765704,-0.05
2011-05-12,24043.594228038,33.007678273556515,24076.601906311556,-0.05
2011-05-13,24043.594228038,43.0323741187338,24086.626602156735,-0.05
2011-05-14,24043.594228038,43.83166942950626,24087.425897467507,-0.05
2011-05-16,24043.594228038,42.48454243823177,24086.078770476233,-0.05
2011-05-17,24043.594228038,6.513251143859069,24050.10747918186,-0.05
2011-05-18,24043.594228038,-9.228299624813213,24034.365928413186,-0.05
2011-05-19,24043.594228038,-5.335226497439505,24038.259001540562,-0.05
2011-05-20,24043.594228038,-10.371577524151572,24033.22265051385,-0.05
2011-05-23,24043.594228038,-27.99199308625208,24015.602234951748,-0.05
2011-05-24,24043.594228038,-25.52534657061595,24018.068881467385,-0.05
2011-05-25,24043.594228038,-26.149846397708153,24017.444381640293,-0.05
2011-05-26,24043.594228038,12.762312147266814,24056.35654018527,-0.05
2011-05-27,24043.594228038,43.01876057323016,24086.612988611232,-0.05
2011-05-28,24043.594228038,43.04870366585923,24086.64293170386,-0.05
2011-05-30,24043.594228038,33.85315920321286,24077.447387241213,-0.05
2011-05-31,24043.594228038,-0.4419481320976326,24043.152279905902,-0.05
2011-06-01,24043.594228038,32.89370389475051,24076.487931932752,-0.05
2011-06-02,24043.594228038,36.14125101229476,24079.735479050294,-0.05
2011-06-03,24043.594228038,71.96009378728304,24115.554321825282,-0.05
2011-06-06,24043.594228038,82.23815856241535,24125.832386600418,-0.05
2011-06-07,24043.594228038,82.65040983104122,24126.24463786904,-0.05
2011-06-08,24043.594228038,94.77847288248834,24138.37270092049,-0.05
2011-06-09,24043.594228038,67.84996792247736,24111.444195960477,-0.05
2011-06-10,24043.594228038,70.34451233046893,24113.93874036847,-0.05
2011-06-11,24043.594228038,71.00092674742463,24114.595154785424,-0.05
2011-06-13,24043.594228038,75.31528036254461,24118.909508400546,-0.05
2011-06-14,24043.594228038,60.53586181881838,24104.13008985682,-0.05
2011-06-15,24043.594228038,32.87398503533088,24076.46821307333,-0.05
2011-06-16,24043.594228038,51.14626568666199,24094.74049372466,-0.05
2011-06-17,24043.594228038,85.83459361021733,24129.428821648216,-0.05
2011-06-20,24043.594228038,74.39785129913977,24117.99207933714,-0.05
2011-06-21,24043.594228038,77.52380536143215,24121.118033399434,-0.05
2011-06-22,24043.594228038,71.99583795576494,24115.590065993765,-0.05
2011-06-23,24043.594228038,59.04107403655386,24102.635302074556,-0.05
2011-06-24,24043.594228038,65.79122999129976,24109.3854580293,-0.05
2011-06-25,24043.594228038,65.23801592214264,24108.832243960143,-0.05
2011-06-27,24043.594228038,37.31328022078452,24080.907508258784,-0.05
2011-06-28,24043.594228038,23.377398563978783,24066.97162660198,-0.05
2011-06-29,24043.594228038,43.124958109311024,24086.71918614731,-0.05
2011-06-30,24043.594228038,55.11844173801796,24098.712669776018,-0.05
2011-07-01,24043.594228038,39.84503718571389,24083.439265223715,-0.05
2011-07-04,24043.594228038,41.67617581625921,24085.270403854258,-0.05
2011-07-05,24043.594228038,26.195854565787847,24069.790082603788,-0.05
2011-07-06,24043.594228038,34.71333148398659,24078.307559521985,-0.05
2011-07-07,24043.594228038,15.963465868641734,24059.55769390664,-0.05
2011-07-08,24043.594228038,50.48775411978006,24094.08198215778,-0.05
2011-07-09,24043.594228038,52.7346366816002,24096.328864719602,-0.05
2011-07-11,24043.594228038,72.63222766803248,24116.226455706033,-0.05
2011-07-12,24043.594228038,132.5336411840809,24176.12786922208,-0.05
2011-07-13,24043.594228038,150.9348670960242,24194.529095134025,-0.05
2011-07-14,24043.594228038,139.94339574330806,24183.537623781307,-0.05
2011-07-15,24043.594228038,141.21423368172802,24184.808461719727,-0.05
2011-07-16,24043.594228038,141.53146284937358,24185.125690887373,-0.05
2011-07-18,24043.594228038,146.5154781942723,24190.109706232273,-0.05
2011-07-19,24043.594228038,139.56706599231742,24183.161294030317,-0.05
2011-07-20,24043.594228038,161.48402090857303,24205.078248946575,-0.05
2011-07-21,24043.594228038,190.15126488919182,24233.74549292719,-0.05
2011-07-22,24043.594228038,176.74375575703894,24220.337983795038,-0.05
2011-07-23,24043.594228038,174.759805853197,24218.3540338912,-0.05
2011-07-25,24043.594228038,189.32138897893225,24232.915617016934,-0.05
2011-07-26,24043.594228038,214.18394902133485,24257.778177059336,-0.05
2011-07-27,24043.594228038,207.83086619136589,24251.425094229366,-0.05
2011-07-28,24043.594228038,223.4862972063349,24267.080525244335,-0.05
2011-07-29,24043.594228038,278.2613417961079,24321.855569834108,-0.05
2011-07-30,24043.594228038,280.8043415667846,24324.398569604786,-0.05
2011-08-01,24043.594228038,254.84758706912322,24298.441815107122,-0.05
2011-08-02,24043.594228038,256.7760561782652,24300.370284216267,-0.05
2011-08-03,24043.594228038,266.6152790092701,24310.20950704727,-0.05
2011-08-04,24043.594228038,159.22142258671883,24202.815650624718,-0.05
2011-08-05,24043.594228038,188.65749546634012,24232.25172350434,-0.05
2011-08-06,24043.594228038,190.64917207722766,24234.24340011523,-0.05
2011-08-08,24043.594228038,229.01907021272436,24272.613298250726,-0.05
2011-08-09,24043.594228038,287.8730080837072,24331.46723612171,-0.05
2011-08-10,24043.594228038,290.24538586999364,24333.839613907992,-0.05
2011-08-11,24043.594228038,300.37996490999797,24343.974192947997,-0.05
2011-08-12,24043.594228038,303.95510072280564,24347.549328760808,-0.05
2011-08-15,24043.594228038,294.79612459987516,24338.390352637874,-0.05
2011-08-16,24043.594228038,292.2217585112144,24335.815986549216,-0.05
2011-08-17,24043.594228038,305.95037212815816,24349.54460016616,-0.05
2011-08-18,24043.594228038,306.32910405589575,24349.923332093895,-0.05
2011-08-19,24043.594228038,313.28235398250166,24356.8765820205,-0.05
2011-08-20,24043.594228038,312.3168221276953,24355.911050165694,-0.05
2011-08-22,24043.594228038,296.6173164379858,24340.211544475987,-0.05
2011-08-23,24043.594228038,305.0052707800857,24348.599498818086,-0.05
2011-08-24,24043.594228038,281.5564153977042,24325.150643435703,-0.05
2011-08-25,24043.594228038,251.66343738067923,24295.25766541868,-0.05
2011-08-26,24043.594228038,303.7881789831196,24347.38240702112,-0.05
2011-08-29,24043.594228038,287.82777636179236,24331.422004399792,-0.05
2011-08-30,24043.594228038,290.92690449988913,24334.52113253789,-0.05
2011-08-31,24043.594228038,295.86862467027,24339.46285270827,-0.05
2011-09-01,24043.594228038,278.8084987603289,24322.40272679833,-0.05
2011-09-02,24043.594228038,286.8032475458855,24330.397475583886,-0.05
2011-09-05,24043.594228038,279.9296201861468,24323.523848224148,-0.05
2011-09-06,24043.594228038,246.72659212841603,24290.320820166417,-0.05
2011-09-07,24043.594228038,263.86238626120155,24307.4566142992,-0.05
2011-09-08,24043.594228038,243.44309531371087,24287.037323351713,-0.05
2011-09-09,24043.594228038,239.48001669395808,24283.074244731957,-0.05
2011-09-12,24043.594228038,264.24253747138516,24307.836765509386,-0.05
2011-09-13,24043.594228038,286.6046859580741,24330.198913996075,-0.05
2011-09-14,24043.594228038,308.35318671787326,24351.947414755872,-0.05
2011-09-15,24043.594228038,306.45554189170906,24350.04976992971,-0.05
2011-09-16,24043.594228038,299.19876726349685,24342.792995301497,-0.05
2011-09-19,24043.594228038,310.474980754123,24354.069208792123,-0.05
2011-09-20,24043.594228038,324.23791421048475,24367.832142248484,-0.05
2011-09-21,24043.594228038,323.94234194140006,24367.536569979402,-0.05
2011-09-22,24043.594228038,343.78173294133614,24387.375960979338,-0.05
2011-09-23,24043.594228038,334.7502867103308,24378.344514748333,-0.05
2011-09-24,24043.594228038,331.74363738667455,24375.337865424674,-0.05
2011-09-26,24043.594228038,344.56889579258655,24388.163123830585,-0.05
2011-09-27,24043.594228038,313.22587232746446,24356.820100365465,-0.05
2011-09-28,24043.594228038,322.85004974235824,24366.44427778036,-0.05
2011-09-29,24043.594228038,313.81762744507546,24357.411855483075,-0.05
2011-09-30,24043.594228038,300.9594367198453,24344.553664757845,-0.05
2011-10-03,24043.594228038,328.83721915405624,24372.431447192055,-0.05
2011-10-04,24043.594228038,322.5090478114489,24366.103275849448,-0.05
2011-10-05,24043.594228038,321.79040633924205,24365.384634377242,-0.05
2011-10-06,24043.594228038,323.64565207095205,24367.23988010895,-0.05
2011-10-07,24043.594228038,322.46266965182417,24366.056897689825,-0.05
2011-10-08,24043.594228038,320.0947940218731,24363.689022059873,-0.05
2011-10-10,24043.594228038,323.5658470323114,24367.16007507031,-0.05
2011-10-11,24043.594228038,317.8106142193918,24361.40484225739,-0.05
2011-10-12,24043.594228038,279.08781247935565,24322.682040517357,-0.05
2011-10-13,24043.594228038,295.18564591623755,24338.779873954238,-0.05
2011-10-14,24043.594228038,276.87308926759835,24320.4673173056,-0.05
2011-10-15,24043.594228038,270.99927813179136,24314.593506169793,-0.05
2011-10-17,24043.594228038,293.6224793308896,24337.21670736889,-0.05
2011-10-18,24043.594228038,300.63217794273197,24344.22640598073,-0.05
2011-10-19,24043.594228038,299.08080870400954,24342.67503674201,-0.05
2011-10-20,24043.594228038,301.14941790332324,24344.743645941322,-0.05
2011-10-21,24043.594228038,336.04766039977295,24379.641888437774,-0.05
2011-10-22,24043.594228038,332.34592162305506,24375.940149661055,-0.05
2011-10-24,24043.594228038,342.397175091055,24385.991403129054,-0.05
2011-10-25,24043.594228038,340.5247612375649,24384.118989275565,-0.05
2011-10-26,24043.594228038,337.9275721981477,24381.521800236147,-0.05
2011-10-27,24043.594228038,351.2822509086624,24394.876478946662,-0.05
2011-10-28,24043.594228038,351.514582418675,24395.108810456677,-0.05
2011-10-29,24043.594228038,352.95378150042757,24396.548009538426,-0.05
2011-10-31,24043.594228038,206.3047999214427,24249.899027959444,-0.05
2011-11-01,24043.594228038,190.25675467025434,24233.850982708256,-0.05
2011-11-02,24043.594228038,214.5642489430463,24258.158476981047,-0.05
2011-11-03,24043.594228038,214.15196405776453,24257.746192095765,-0.05
2011-11-04,24043.594228038,202.30571965159172,24245.89994768959,-0.05
2011-11-05,24243.395298420986,0.0,24243.395298420986,0.0
2011-11-07,24243.395298420986,0.0,24243.395298420986,0.0
2011-11-08,24243.395298420986,0.0,24243.395298420986,0.0
2011-11-09,24243.395298420986,0.0,24243.395298420986,0.0
2011-11-10,24243.395298420986,0.0,24243.395298420986,0.0
2011-11-11,24243.395298420986,0.0,24243.395298420986,0.0
2011-11-14,24243.395298420986,0.0,24243.395298420986,0.0
2011-11-15,24243.395298420986,0.0,24243.395298420986,0.0
2011-11-16,24243.395298420986,0.0,24243.395298420986,0.0
2011-11-17,24243.395298420986,0.0,24243.395298420986,0.0
2011-11-18,24243.395298420986,0.0,24243.395298420986,0.0
2011-11-19,24243.395298420986,0.0,24243.395298420986,0.0
2011-11-21,24243.395298420986,0.0,24243.395298420986,0.0
2011-11-22,24243.395298420986,0.0,24243.395298420986,0.0
2011-11-23,24243.395298420986,0.0,24243.395298420986,0.0
2011-11-24,24243.395298420986,0.0,24243.395298420986,0.0
2011-11-25,24243.395298420986,0.0,24243.395298420986,0.0
2011-11-26,24243.395298420986,0.0,24243.395298420986,0.0
2011-11-28,24243.395298420986,0.0,24243.395298420986,0.0
2011-11-29,24243.395298420986,0.0,24243.395298420986,0.0
2011-11-30,24243.395298420986,0.0,24243.395298420986,0.0
2011-12-01,24243.395298420986,0.0,24243.395298420986,0.0
2011-12-02,24243.395298420986,0.0,24243.395298420986,0.0
2011-12-05,24243.395298420986,0.0,24243.395298420986,0.0
2011-12-06,24243.395298420986,0.0,24243.395298420986,0.0
2011-12-07,24243.395298420986,0.0,24243.395298420986,0.0
2011-12-08,24243.395298420986,0.0,24243.395298420986,0.0
2011-12-09,24243.395298420986,0.0,24243.395298420986,0.0
2011-12-10,24243.395298420986,0.0,24243.395298420986,0.0
2011-12-12,24243.395298420986,0.0,24243.395298420986,0.0
2011-12-13,24243.395298420986,0.0,24243.395298420986,0.0
2011-12-14,24243.395298420986,0.0,24243.395298420986,0.0
2011-12-15,24243.395298420986,0.0,24243.395298420986,0.0
2011-12-16,24243.395298420986,0.0,24243.395298420986,0.0
2011-12-17,24243.395298420986,0.0,24243.395298420986,0.0
2011-12-19,24243.395298420986,0.0,24243.395298420986,0.0
2011-12-20,24243.395298420986,0.0,24243.395298420986,0.0
2011-12-21,24243.395298420986,0.0,24243.395298420986,0.0
2011-12-22,24243.395298420986,0.0,24243.395298420986,0.0
2011-12-23,24243.395298420986,0.0,24243.395298420986,0.0
2011-12-24,24243.395298420986,0.0,24243.395298420986,0.0
2011-12-26,24243.395298420986,0.0,24243.395298420986,0.0
2011-12-27,24243.395298420986,0.0,24243.395298420986,0.0
2011-12-28,24243.395298420986,0.0,24243.395298420986,0.0
2011-12-29,24243.395298420986,0.0,24243.395298420986,0.0
2011-12-30,24243.395298420986,0.0,24243.395298420986,0.0
2011-12-31,24243.395298420986,0.0,24243.395298420986,0.0
2012-01-02,24243.395298420986,0.0,24243.395298420986,0.0
2012-01-03,24243.395298420986,0.0,24243.395298420986,0.0
2012-01-04,24243.395298420986,0.0,24243.395298420986,0.0
2012-01-05,24243.395298420986,-55.79119366629535,24187.60410475469,-0.11
2012-01-06,24243.395298420986,-35.05828132440473,24208.337017096583,-0.11
2012-01-07,24243.395298420986,-35.355937646224476,24208.03936077476,-0.11
2012-01-09,24243.395298420986,-17.184799934697537,24226.21049848629,-0.11
2012-01-10,24243.395298420986,-17.609013893477925,24225.78628452751,-0.11
2012-01-11,24243.395298420986,-19.582798453503745,24223.812499967484,-0.11
2012-01-12,24243.395298420986,-5.826099584476585,24237.56919883651,-0.11
2012-01-13,24243.395298420986,-34.81065860091999,24208.584639820067,-0.11
2012-01-14,24243.395298420986,-34.33462152974292,24209.060676891244,-0.11
2012-01-16,24243.395298420986,-9.40865700723483,24233.98664141375,-0.11
2012-01-17,24243.395298420986,-16.67694898680215,24226.718349434184,-0.11
2012-01-18,24243.395298420986,-14.765797648282403,24228.629500772702,-0.11
2012-01-19,24243.395298420986,-54.612575092969564,24188.78272332802,-0.11
2012-01-20,24243.395298420986,-41.90732005835485,24201.48797836263,-0.11
2012-01-21,24243.395298420986,-37.886351077835556,24205.50894734315,-0.11
2012-01-23,24243.395298420986,-42.38456530760469,24201.01073311338,-0.11
2012-01-24,24129.99077241594,0.0,24129.99077241594,0.0
2012-01-25,24129.99077241594,0.0,24129.99077241594,0.0
2012-01-26,24129.99077241594,0.0,24129.99077241594,0.0
2012-01-27,24129.99077241594,0.0,24129.99077241594,0.0
2012-01-28,24129.99077241594,0.0,24129.99077241594,0.0
2012-01-30,24129.99077241594,0.0,24129.99077241594,0.0
2012-01-31,24129.99077241594,0.0,24129.99077241594,0.0
2012-02-01,24129.99077241594,0.0,24129.99077241594,0.0
2012-02-02,24129.99077241594,0.0,24129.99077241594,0.0
2012-02-03,24129.99077241594,0.0,24129.99077241594,0.0
2012-02-06,24129.99077241594,0.0,24129.99077241594,0.0
2012-02-07,24129.99077241594,0.0,24129.99077241594,0.0
2012-02-08,24129.99077241594,0.0,24129.99077241594,0.0
2012-02-09,24129.99077241594,0.0,24129.99077241594,0.0
2012-02-10,24129.99077241594,0.0,24129.99077241594,0.0
2012-02-13,24129.99077241594,0.0,24129.99077241594,0.0
2012-02-14,24129.99077241594,0.0,24129.99077241594,0.0
2012-02-15,24129.99077241594,0.0,24129.99077241594,0.0
2012-02-16,24129.99077241594,45.23518379837301,24175.22595621431,0.08
2012-02-17,24129.99077241594,103.09302607798722,24233.083798493924,0.08
2012-02-18,24129.99077241594,102.52580093716598,24232.516573353103,0.08
2012-02-20,24129.99077241594,110.79792459747289,24240.78869701341,0.08
2012-02-21,24129.99077241594,120.37610650433591,24250.366878920275,0.08
2012-02-22,24129.99077241594,173.13253010366986,24303.12330251961,0.08
2012-02-23,24129.99077241594,144.92743898514055,24274.91821140108,0.08
2012-02-24,24129.99077241594,255.26126510148933,24385.252037517428,0.08
2012-02-27,24129.99077241594,198.6296583118144,24328.62043072775,0.08
2012-02-28,24129.99077241594,185.53437282196958,24315.52514523791,0.08
2012-02-29,24129.99077241594,248.62271745064183,24378.61348986658,0.08
2012-03-01,24129.99077241594,243.0794579207074,24373.070230336645,0.08
2012-03-02,24129.99077241594,304.7555010663765,24434.746273482317,0.08
2012-03-03,24129.99077241594,304.5416213555919,24434.53239377153,0.08
2012-03-05,24129.99077241594,282.66286970519945,24412.65364212114,0.08
2012-03-06,24129.99077241594,224.4995192158808,24354.49029163182,0.08
2012-03-07,24129.99077241594,247.8424449638223,24377.83321737976,0.08
2012-03-08,24129.99077241594,288.72412358296896,24418.714895998906,0.08
2012-03-09,24129.99077241594,369.5484515990955,24499.539224015032,0.08
2012-03-10,24129.99077241594,367.10530947701875,24497.096081892956,0.08
2012-03-12,24129.99077241594,354.6258620201179,24484.616634436057,0.08
2012-03-13,24129.99077241594,408.66797212450194,24538.65874454044,0.08
2012-03-14,24129.99077241594,478.6618685640477,24608.652640979984,0.08
2012-03-15,24129.99077241594,466.4572061097345,24596.447978525674,0.08
2012-03-16,24129.99077241594,452.92241343135174,24582.91318584729,0.08
2012-03-19,24129.99077241594,448.91596502856726,24578.906737444504,0.08
2012-03-20,24129.99077241594,477.12088549119295,24607.11165790713,0.08
2012-03-21,24129.99077241594,450.03501655704036,24580.02578897298,0.08
2012-03-22,24129.99077241594,378.38218309120407,24508.372955507144,0.08
2012-03-23,24129.99077241594,361.09538689236257,24491.086159308303,0.08
2012-03-26,24129.99077241594,406.1696066779086,24536.160379093846,0.08
2012-03-27,24129.99077241594,432.29583919808755,24562.286611614025,0.08
2012-03-28,24129.99077241594,408.8301262729836,24538.820898688922,0.08
2012-03-29,24129.99077241594,370.88682212566476,24500.877594541602,0.08
2012-03-30,24129.99077241594,412.38290918359775,24542.373681599536,0.08
2012-03-31,24129.99077241594,411.0231878143768,24541.013960230317,0.08
2012-04-02,24129.99077241594,338.01768607868905,24468.008458494627,0.08
2012-04-03,24129.99077241594,407.56882563417776,24537.559598050117,0.08
2012-04-04,24129.99077241594,374.3391068917269,24504.329879307665,0.08
2012-04-05,24129.99077241594,369.899075322817,24499.889847738756,0.08
2012-04-06,24129.99077241594,300.1473930616305,24430.13816547757,0.08
2012-04-07,24129.99077241594,302.9036247328286,24432.894397148768,0.08
2012-04-09,24129.99077241594,288.7273923346238,24418.718164750564,0.08
2012-04-10,24129.99077241594,211.247398213224,24341.238170629164,0.08
2012-04-11,24129.99077241594,232.70811055567066,24362.69888297161,0.08
2012-04-12,24129.99077241594,233.79617998816178,24363.7869524041,0.08
2012-04-13,24129.99077241594,233.51217927614772,24363.502951692088,0.08
2012-04-14,24129.99077241594,235.2559099397468,24365.246682355686,0.08
2012-04-16,24129.99077241594,186.06319967448997,24316.053972090427,0.08
2012-04-17,24129.99077241594,229.55470416677812,24359.545476582716,0.08
2012-04-18,24129.99077241594,266.4616465180215,24396.45241893396,0.08
2012-04-19,24129.99077241594,299.2245063669822,24429.21527878292,0.08
2012-04-20,24129.99077241594,290.569703044833,24420.56047546077,0.08
2012-04-21,24129.99077241594,289.63638870681257,24419.62716112275,0.08
2012-04-23,24129.99077241594,257.9556147317735,24387.946387147713,0.08
2012-04-24,24129.99077241594,273.33846598827694,24403.329238404214,0.08
2012-04-25,24129.99077241594,275.3511233108476,24405.341895726786,0.08
2012-04-26,24129.99077241594,240.73373576029115,24370.72450817623,0.08
2012-04-27,24129.99077241594,172.5240960995088,24302.514868515445,0.08
2012-04-28,24129.99077241594,172.77890595135176,24302.76967836729,0.08
2012-04-30,24129.99077241594,130.21932890481014,24260.21010132075,0.08
2012-05-01,24129.99077241594,157.32245073899918,24287.31322315494,0.08
2012-05-02,24287.1625138395,0.0,24287.1625138395,0.0
2012-05-03,24287.1625138395,0.0,24287.1625138395,0.0
2012-05-04,24287.1625138395,0.0,24287.1625138395,0.0
2012-05-05,24287.1625138395,0.0,24287.1625138395,0.0
2012-05-07,24287.1625138395,0.0,24287.1625138395,0.0
2012-05-08,24287.1625138395,0.0,24287.1625138395,0.0
2012-05-09,24287.1625138395,0.0,24287.1625138395,0.0
2012-05-10,24287.1625138395,0.0,24287.1625138395,0.0
2012-05-11,24287.1625138395,0.0,24287.1625138395,0.0
2012-05-12,24287.1625138395,0.0,24287.1625138395,0.0
2012-05-14,24287.1625138395,0.0,24287.1625138395,0.0
2012-05-15,24287.1625138395,0.0,24287.1625138395,0.0
2012-05-16,24287.1625138395,0.0,24287.1625138395,0.0
2012-05-17,24287.1625138395,0.0,24287.1625138395,0.0
2012-05-18,24287.1625138395,0.0,24287.1625138395,0.0
2012-05-19,24287.1625138395,0.0,24287.1625138395,0.0
2012-05-21,24287.1625138395,0.0,24287.1625138395,0.0
2012-05-22,24287.1625138395,0.0,24287.1625138395,0.0
2012-05-23,24287.1625138395,0.0,24287.1625138395,0.0
2012-05-24,24287.1625138395,0.0,24287.1625138395,0.0
2012-05-25,24287.1625138395,0.0,24287.1625138395,0.0
2012-05-26,24287.1625138395,0.0,24287.1625138395,0.0
2012-05-28,24287.1625138395,0.0,24287.1625138395,0.0
2012-05-29,24287.1625138395,0.0,24287.1625138395,0.0
2012-05-30,24287.1625138395,0.0,24287.1625138395,0.0
2012-05-31,24287.1625138395,0.0,24287.1625138395,0.0
2012-06-01,24287.1625138395,0.0,24287.1625138395,0.0
2012-06-02,24287.1625138395,0.0,24287.1625138395,0.0
2012-06-04,24287.1625138395,0.0,24287.1625138395,0.0
2012-06-05,24287.1625138395,0.0,24287.1625138395,0.0
2012-06-06,24287.1625138395,0.0,24287.1625138395,0.0
2012-06-07,24287.1625138395,0.0,24287.1625138395,0.0
2012-06-08,24287.1625138395,0.0,24287.1625138395,0.0
2012-06-09,24287.1625138395,0.0,24287.1625138395,0.0
2012-06-11,24287.1625138395,0.0,24287.1625138395,0.0
2012-06-12,24287.1625138395,0.0,24287.1625138395,0.0
2012-06-13,24287.1625138395,0.0,24287.1625138395,0.0
2012-06-14,24287.1625138395,0.0,24287.1625138395,0.0
2012-06-15,24287.1625138395,0.0,24287.1625138395,0.0
2012-06-16,24287.1625138395,0.0,24287.1625138395,0.0
2012-06-18,24287.1625138395,0.0,24287.1625138395,0.0
2012-06-19,24287.1625138395,0.0,24287.1625138395,0.0
2012-06-20,24287.1625138395,0.0,24287.1625138395,0.0
2012-06-21,24287.1625138395,0.0,24287.1625138395,0.0
2012-06-22,24287.1625138395,0.0,24287.1625138395,0.0
2012-06-23,24287.1625138395,0.0,24287.1625138395,0.0
2012-06-25,24287.1625138395,0.0,24287.1625138395,0.0
2012-06-26,24287.1625138395,0.0,24287.1625138395,0.0
2012-06-27,24287.1625138395,0.0,24287.1625138395,0.0
2012-06-28,24287.1625138395,0.0,24287.1625138395,0.0
2012-06-29,24287.1625138395,0.0,24287.1625138395,0.0
2012-06-30,24287.1625138395,0.0,24287.1625138395,0.0
2012-07-02,24287.1625138395,0.0,24287.1625138395,0.0
2012-07-03,24287.1625138395,0.0,24287.1625138395,0.0
2012-07-04,24287.1625138395,0.0,24287.1625138395,0.0
2012-07-05,24287.1625138395,0.0,24287.1625138395,0.0
2012-07-06,24287.1625138395,0.0,24287.1625138395,0.0
2012-07-07,24287.1625138395,0.0,24287.1625138395,0.0
2012-07-09,24287.1625138395,0.0,24287.1625138395,0.0
2012-07-10,24287.1625138395,0.0,24287.1625138395,0.0
2012-07-11,24287.1625138395,0.0,24287.1625138395,0.0
2012-07-12,24287.1625138395,0.0,24287.1625138395,0.0
2012-07-13,24287.1625138395,0.0,24287.1625138395,0.0
2012-07-14,24287.1625138395,0.0,24287.1625138395,0.0
2012-07-16,24287.1625138395,0.0,24287.1625138395,0.0
2012-07-17,24287.1625138395,0.0,24287.1625138395,0.0
2012-07-18,24287.1625138395,0.0,24287.1625138395,0.0
2012-07-19,24287.1625138395,0.0,24287.1625138395,0.0
2012-07-20,24287.1625138395,0.0,24287.1625138395,0.0
2012-07-23,24287.1625138395,0.0,24287.1625138395,0.0
2012-07-24,24287.1625138395,0.0,24287.1625138395,0.0
2012-07-25,24287.1625138395,0.0,24287.1625138395,0.0
2012-07-26,24287.1625138395,0.0,24287.1625138395,0.0
2012-07-27,24287.1625138395,0.0,24287.1625138395,0.0
2012-07-28,24287.1625138395,0.0,24287.1625138395,0.0
2012-07-30,24287.1625138395,0.0,24287.1625138395,0.0
2012-07-31,24287.1625138395,0.0,24287.1625138395,0.0
2012-08-01,24287.1625138395,0.0,24287.1625138395,0.0
2012-08-02,24287.1625138395,0.0,24287.1625138395,0.0
2012-08-03,24287.1625138395,0.0,24287.1625138395,0.0
2012-08-04,24287.1625138395,0.0,24287.1625138395,0.0
2012-08-06,24287.1625138395,0.0,24287.1625138395,0.0
2012-08-07,24287.1625138395,0.0,24287.1625138395,0.0
2012-08-08,24287.1625138395,0.0,24287.1625138395,0.0
2012-08-09,24287.1625138395,0.0,24287.1625138395,0.0
2012-08-10,24287.1625138395,0.0,24287.1625138395,0.0
2012-08-11,24287.1625138395,0.0,24287.1625138395,0.0
2012-08-13,24287.1625138395,0.0,24287.1625138395,0.0
2012-08-14,24287.1625138395,0.0,24287.1625138395,0.0
2012-08-15,24287.1625138395,0.0,24287.1625138395,0.0
2012-08-16,24287.1625138395,0.0,24287.1625138395,0.0
2012-08-17,24287.1625138395,0.0,24287.1625138395,0.0
2012-08-18,24287.1625138395,0.0,24287.1625138395,0.0
2012-08-20,24287.1625138395,0.0,24287.1625138395,0.0
2012-08-21,24287.1625138395,0.0,24287.1625138395,0.0
2012-08-22,24287.1625138395,0.0,24287.1625138395,0.0
2012-08-23,24287.1625138395,0.0,24287.1625138395,0.0
2012-08-24,24287.1625138395,0.0,24287.1625138395,0.0
2012-08-25,24287.1625138395,0.0,24287.1625138395,0.0
2012-08-27,24287.1625138395,0.0,24287.1625138395,0.0
2012-08-28,24287.1625138395,0.0,24287.1625138395,0.0
2012-08-29,24287.1625138395,0.0,24287.1625138395,0.0
2012-08-30,24287.1625138395,0.0,24287.1625138395,0.0
2012-08-31,24287.1625138395,0.0,24287.1625138395,0.0
2012-09-01,24287.1625138395,0.0,24287.1625138395,0.0
2012-09-03,24287.1625138395,0.0,24287.1625138395,0.0
2012-09-04,24287.1625138395,0.0,24287.1625138395,0.0
2012-09-05,24287.1625138395,0.0,24287.1625138395,0.0
2012-09-06,24287.1625138395,0.0,24287.1625138395,0.0
2012-09-07,24287.1625138395,0.0,24287.1625138395,0.0
2012-09-08,24287.1625138395,0.0,24287.1625138395,0.0
2012-09-10,24287.1625138395,0.0,24287.1625138395,0.0
2012-09-11,24287.1625138395,0.0,24287.1625138395,0.0
2012-09-12,24287.1625138395,0.0,24287.1625138395,0.0
2012-09-13,24287.1625138395,0.0,24287.1625138395,0.0
2012-09-14,24287.1625138395,0.0,24287.1625138395,0.0
2012-09-15,24287.1625138395,0.0,24287.1625138395,0.0
2012-09-17,24287.1625138395,0.0,24287.1625138395,0.0
2012-09-18,24287.1625138395,0.0,24287.1625138395,0.0
2012-09-19,24287.1625138395,0.0,24287.1625138395,0.0
2012-09-20,24287.1625138395,0.0,24287.1625138395,0.0
2012-09-21,24287.1625138395,0.0,24287.1625138395,0.0
2012-09-22,24287.1625138395,0.0,24287.1625138395,0.0
2012-09-24,24287.1625138395,0.0,24287.1625138395,0.0
2012-09-25,24287.1625138395,0.0,24287.1625138395,0.0
2012-09-26,24287.1625138395,0.0,24287.1625138395,0.0
2012-09-27,24287.1625138395,0.0,24287.1625138395,0.0
2012-09-28,24287.1625138395,0.0,24287.1625138395,0.0
2012-09-29,24287.1625138395,0.0,24287.1625138395,0.0
2012-10-01,24287.1625138395,0.0,24287.1625138395,0.0
2012-10-02,24287.1625138395,0.0,24287.1625138395,0.0
2012-10-03,24287.1625138395,0.0,24287.1625138395,0.0
2012-10-04,24287.1625138395,0.0,24287.1625138395,0.0
2012-10-05,24287.1625138395,0.0,24287.1625138395,0.0
2012-10-08,24287.1625138395,0.0,24287.1625138395,0.0
2012-10-09,24287.1625138395,0.0,24287.1625138395,0.0
2012-10-10,24287.1625138395,0.0,24287.1625138395,0.0
2012-10-11,24287.1625138395,0.0,24287.1625138395,0.0
2012-10-12,24287.1625138395,0.0,24287.1625138395,0.0
2012-10-15,24287.1625138395,0.0,24287.1625138395,0.0
2012-10-16,24287.1625138395,0.0,24287.1625138395,0.0
2012-10-17,24287.1625138395,0.0,24287.1625138395,0.0
2012-10-18,24287.1625138395,0.0,24287.1625138395,0.0
2012-10-19,24287.1625138395,2.7295921683068753,24289.892106007806,0.09
2012-10-20,24287.1625138395,2.629697625003032,24289.7922114645,0.09
2012-10-22,24287.1625138395,72.19537881087486,24359.357892650372,0.09
2012-10-23,24287.1625138395,61.929469400226516,24349.091983239727,0.09
2012-10-24,24287.1625138395,56.97298599959614,24344.135499839096,0.09
2012-10-25,24287.1625138395,110.18968130604536,24397.352195145544,0.09
2012-10-26,24287.1625138395,38.50123209360516,24325.663745933103,0.09
2012-10-29,24287.1625138395,55.349984602520514,24342.512498442018,0.09
2012-10-30,24287.1625138395,34.19383074081131,24321.356344580312,0.09
2012-10-31,24287.1625138395,56.37029127003817,24343.53280510954,0.09
2012-11-01,24287.1625138395,93.95543538549587,24381.117949224994,0.09
2012-11-02,24287.1625138395,123.23563737577953,24410.39815121528,0.09
2012-11-05,24287.1625138395,108.38305513164812,24395.54556897115,0.09
2012-11-06,24287.1625138395,115.41459253487507,24402.577106374374,0.09
2012-11-07,24287.1625138395,75.90671523576187,24363.06922907526,0.09
2012-11-08,24287.1625138395,19.68936190148342,24306.851875740984,0.09
2012-11-09,24287.1625138395,21.007261113780523,24308.16977495328,0.09
2012-11-12,24287.1625138395,22.783953479353382,24309.946467318852,0.09
2012-11-13,24287.1625138395,10.193427519721311,24297.35594135922,0.09
2012-11-14,24287.1625138395,104.60816825771144,24391.77068209721,0.09
2012-11-15,24287.1625138395,204.0187694130141,24491.181283252514,0.09
2012-11-16,24287.1625138395,218.44988556786365,24505.612399407364,0.09
2012-11-17,24287.1625138395,217.3489935226684,24504.511507362167,0.09
2012-11-19,24287.1625138395,227.62792893368845,24514.79044277319,0.09
2012-11-20,24287.1625138395,254.42297725278658,24541.585491092286,0.09
2012-11-21,24287.1625138395,343.4846965403455,24630.647210379844,0.09
2012-11-22,24287.1625138395,334.15176931874623,24621.314283158245,0.09
2012-11-23,24287.1625138395,326.19702863793924,24613.35954247744,0.09
2012-11-24,24287.1625138395,324.12584160370506,24611.288355443205,0.09
2012-11-26,24287.1625138395,291.8483054563833,24579.010819295883,0.09
2012-11-27,24287.1625138395,300.9015656191171,24588.064079458618,0.09
2012-11-28,24287.1625138395,292.8005592959379,24579.963073135437,0.09
2012-11-29,24287.1625138395,296.18260321818536,24583.345117057685,0.09
2012-11-30,24287.1625138395,335.10032940128826,24622.262843240787,0.09
2012-12-03,24287.1625138395,309.73590509716445,24596.898418936664,0.09
2012-12-04,24287.1625138395,274.2798781664232,24561.442392005923,0.09
2012-12-05,24287.1625138395,334.2572525801147,24621.419766419614,0.09
2012-12-06,24287.1625138395,325.1619281366367,24612.324441976136,0.09
2012-12-07,24287.1625138395,333.8034547161813,24620.96596855568,0.09
2012-12-08,24287.1625138395,333.03405608251757,24620.196569922016,0.09
2012-12-10,24287.1625138395,319.9205468951167,24607.083060734614,0.09
2012-12-11,24287.1625138395,336.91769174218206,24624.080205581682,0.09
2012-12-12,24287.1625138395,411.55429897902206,24698.716812818522,0.09
2012-12-13,24287.1625138395,447.41590972077364,24734.578423560273,0.09
2012-12-14,24287.1625138395,431.18487782497124,24718.34739166447,0.09
2012-12-15,24287.1625138395,430.7182665381669,24717.880780377665,0.09
2012-12-17,24287.1625138395,469.38358859020445,24756.546102429704,0.09
2012-12-18,24287.1625138395,500.464742781942,24787.627256621443,0.09
2012-12-19,24287.1625138395,520.0373970217371,24807.199910861236,0.09
2012-12-20,24287.1625138395,520.3780548226994,24807.5405686622,0.09
2012-12-21,24287.1625138395,504.2972874736315,24791.459801313133,0.09
2012-12-22,24287.1625138395,509.32260824075456,24796.485122080252,0.09
2012-12-24,24287.1625138395,564.6130681935622,24851.77558203306,0.09
2012-12-26,24287.1625138395,649.4791984082633,24936.64171224776,0.09
2012-12-27,24287.1625138395,691.9217486043466,24979.084262443845,0.09
2012-12-28,24287.1625138395,664.5763880313841,24951.73890187088,0.09
2012-12-29,24287.1625138395,665.7411429117722,24952.90365675127,0.09
2012-12-31,24287.1625138395,741.0383251399454,25028.200838979446,0.09
2013-01-02,24287.1625138395,805.5236783977922,25092.686192237292,0.09
2013-01-03,24287.1625138395,780.1284915573361,25067.291005396837,0.09
2013-01-04,24287.1625138395,872.2898480373667,25159.452361876865,0.09
2013-01-07,24287.1625138395,828.7017044822159,25115.864218321716,0.09
2013-01-08,24287.1625138395,760.2095412890138,25047.37205512851,0.09
2013-01-09,24287.1625138395,847.8272764746362,25134.989790314135,0.09
2013-01-10,24287.1625138395,924.0428502697719,25211.20536410927,0.09
2013-01-11,24287.1625138395,945.8793519929528,25233.041865832452,0.09
2013-01-14,24287.1625138395,975.8797273053295,25263.042241144827,0.09
2013-01-15,24287.1625138395,906.0756280131205,25193.23814185262,0.09
2013-01-16,24287.1625138395,873.0846587463253,25160.247172585823,0.09
2013-01-17,24287.1625138395,1017.5564605609086,25304.718974400406,0.09
2013-01-18,24287.1625138395,1024.916839685885,25312.079353525383,0.09
2013-01-19,24287.1625138395,1027.2904095116799,25314.45292335118,0.09
2013-01-21,24287.1625138395,981.5588075416265,25268.721321381126,0.09
2013-01-22,24287.1625138395,897.9080104263799,25185.07052426588,0.09
2013-01-23,24287.1625138395,895.5443102105068,25182.706824050005,0.09
2013-01-24,24287.1625138395,1065.5012015022787,25352.66371534178,0.09
2013-01-25,24287.1625138395,1106.1230810267914,25393.28559486629,0.09
2013-01-26,24287.1625138395,1102.1342355239253,25389.296749363424,0.09
2013-01-28,24287.1625138395,1098.9985639880736,25386.16107782757,0.09
2013-01-29,24287.1625138395,1090.708543293683,25377.871057133183,0.09
2013-01-30,24287.1625138395,1117.572935645338,25404.735449484837,0.09
2013-01-31,24287.1625138395,1178.9469289783815,25466.10944281788,0.09
2013-02-01,24287.1625138395,1270.8091254501958,25557.971639289695,0.09
2013-02-02,24287.1625138395,1259.4374496753744,25546.599963514873,0.09
2013-02-04,24287.1625138395,1220.4730767904255,25507.635590629925,0.09
2013-02-05,24287.1625138395,1343.837401541794,25630.999915381293,0.09
2013-02-06,24287.1625138395,1327.4054269177773,25614.567940757275,0.09
2013-02-07,24287.1625138395,1338.6144710708556,25625.776984910353,0.09
2013-02-08,24287.1625138395,1250.9350272094994,25538.097541049,0.09
2013-02-09,24287.1625138395,1260.8147967650618,25547.97731060456,0.09
2013-02-11,24287.1625138395,1414.7227559669127,25701.88526980641,0.09
2013-02-12,24287.1625138395,1320.5549705802964,25607.717484419794,0.09
2013-02-13,24287.1625138395,1320.2244412006842,25607.386955040183,0.09
2013-02-14,24287.1625138395,1266.4751671668369,25553.637681006338,0.09
2013-02-15,24287.1625138395,1330.350070169884,25617.512584009382,0.09
2013-02-18,24287.1625138395,1370.6246239191644,25657.787137758663,0.09
2013-02-19,24287.1625138395,1329.325797160931,25616.48831100043,0.09
2013-02-20,24287.1625138395,1327.129779897563,25614.29229373706,0.09
2013-02-21,24287.1625138395,1294.5295984454897,25581.69211228499,0.09
2013-02-22,24287.1625138395,1329.1498403588257,25616.312354198326,0.09
2013-02-23,24287.1625138395,1319.2807756258255,25606.443289465326,0.09
2013-02-25,24287.1625138395,1169.3935830149817,25456.55609685448,0.09
2013-02-26,24287.1625138395,1207.466264901324,25494.628778740822,0.09
2013-02-27,24287.1625138395,1239.088826942047,25526.251340781546,0.09
2013-02-28,24287.1625138395,1267.4488147985878,25554.611328638086,0.09
2013-03-01,24287.1625138395,1359.7188904541767,25646.881404293676,0.09
2013-03-02,24287.1625138395,1348.1517103717952,25635.314224211295,0.09
2013-03-04,24287.1625138395,1338.7246880946832,25625.887201934183,0.09
2013-03-05,24287.1625138395,1323.151628877738,25610.314142717238,0.09
2013-03-06,24287.1625138395,1389.7624018744152,25676.924915713913,0.09
2013-03-07,24287.1625138395,1455.1144338140746,25742.276947653572,0.09
2013-03-08,24287.1625138395,1542.7267206179952,25829.889234457496,0.09
2013-03-09,24287.1625138395,1531.166445668611,25818.32895950811,0.09
2013-03-11,24287.1625138395,1561.5901357111136,25848.752649550614,0.09
2013-03-12,24287.1625138395,1514.793631245227,25801.956145084725,0.09
2013-03-13,24287.1625138395,1527.9425053033121,25815.10501914281,0.09
2013-03-14,24287.1625138395,1532.789079986949,25819.95159382645,0.09
2013-03-15,24287.1625138395,1444.800215633418,25731.962729472918,0.09
2013-03-18,24287.1625138395,1452.090162876473,25739.252676715972,0.09
2013-03-19,24287.1625138395,1439.00338905576,25726.16590289526,0.09
2013-03-20,24287.1625138395,1528.5443768698055,25815.706890709305,0.09
2013-03-21,24287.1625138395,1423.3276150423653,25710.490128881866,0.09
2013-03-22,24287.1625138395,1373.9529634827281,25661.115477322226,0.09
2013-03-25,24287.1625138395,1359.7564309033562,25646.918944742854,0.09
2013-03-26,24287.1625138395,1392.0426410366367,25679.205154876137,0.09
2013-03-27,24287.1625138395,1370.1318200596263,25657.294333899124,0.09
2013-03-28,24287.1625138395,1363.3792571250456,25650.541770964544,0.09
2013-03-29,24287.1625138395,1363.5394471003494,25650.70196093985,0.09
2013-04-01,24287.1625138395,1280.5755251946941,25567.738039034193,0.09
2013-04-02,24287.1625138395,1311.0591679449549,25598.221681784453,0.09
2013-04-03,24287.1625138395,1268.6216498277702,25555.78416366727,0.09
2013-04-04,24287.1625138395,1576.733363137116,25863.895876976614,0.09
2013-04-05,24287.1625138395,1633.6287782204656,25920.791292059967,0.09
2013-04-08,24287.1625138395,1784.9257747461074,26072.088288585608,0.09
2013-04-09,24287.1625138395,1714.93720310953,26002.09971694903,0.09
2013-04-10,24287.1625138395,1771.8106914945636,26058.973205334063,0.09
2013-04-11,24287.1625138395,1743.8822034959137,26031.04471733541,0.09
2013-04-12,24287.1625138395,1630.8831822702093,25918.045696109708,0.09
2013-04-15,24287.1625138395,1520.8431438972984,25808.005657736798,0.09
2013-04-16,24287.1625138395,1647.7538024479466,25934.916316287447,0.09
2013-04-17,24287.1625138395,1669.1855970675047,25956.348110907005,0.09
2013-04-18,24287.1625138395,1677.212833340585,25964.375347180085,0.09
2013-04-19,24287.1625138395,1796.6342844077453,26083.796798247244,0.09
2013-04-22,24287.1625138395,1756.9450169791767,26044.107530818677,0.09
2013-04-23,24287.1625138395,1780.7188900771844,26067.881403916683,0.09
2013-04-24,24287.1625138395,1783.6273990838797,26070.789912923377,0.09
2013-04-25,24287.1625138395,1756.4158752243438,26043.57838906384,0.09
2013-04-26,24287.1625138395,1647.9603583511284,25935.122872190626,0.09
2013-04-29,24287.1625138395,1649.5957743856634,25936.758288225163,0.09
2013-04-30,24287.1625138395,1614.0294644320923,25901.191978271592,0.09
2013-05-01,24287.1625138395,1613.6253220598144,25900.787835899315,0.09
2013-05-02,24287.1625138395,1678.4161230211807,25965.57863686068,0.09
2013-05-03,24287.1625138395,1765.2490431201181,26052.411556959618,0.09
2013-05-06,24287.1625138395,1766.455600476868,26053.618114316367,0.09
2013-05-07,24287.1625138395,1742.0808800358434,26029.243393875342,0.09
2013-05-08,24287.1625138395,1761.0907528040862,26048.253266643587,0.09
2013-05-09,24287.1625138395,1904.8620535768525,26192.024567416353,0.09
2013-05-10,24287.1625138395,1977.4765873900585,26264.639101229557,0.09
2013-05-13,24287.1625138395,1993.1318494243967,26280.294363263896,0.09
2013-05-14,24287.1625138395,2053.6478062171805,26340.81032005668,0.09
2013-05-15,24287.1625138395,2041.1438547329633,26328.306368572463,0.09
2013-05-16,24287.1625138395,2042.1306415864508,26329.29315542595,0.09
2013-05-17,24287.1625138395,2142.921796969625,26430.084310809125,0.09
2013-05-18,24287.1625138395,2143.4961976949203,26430.65871153442,0.09
2013-05-20,24287.1625138395,2061.4332314655385,26348.595745305036,0.09
2013-05-21,24287.1625138395,2081.45814253391,26368.62065637341,0.09
2013-05-22,24287.1625138395,2138.2601683061102,26425.42268214561,0.09
2013-05-23,24287.1625138395,2048.7154717719473,26335.877985611445,0.09
2013-05-24,24287.1625138395,1991.4336098337305,26278.59612367323,0.09
2013-05-27,24287.1625138395,1997.598832785759,26284.76134662526,0.09
2013-05-28,24287.1625138395,2133.848088488104,26421.010602327602,0.09
2013-05-29,24287.1625138395,2003.356989233367,26290.519503072865,0.09
2013-05-30,24287.1625138395,1981.290811038435,26268.453324877933,0.09
2013-05-31,24287.1625138395,1956.0948073431568,26243.257321182657,0.09
2013-06-03,24287.1625138395,1896.962377652618,26184.124891492116,0.09
2013-06-04,24287.1625138395,1923.3006200181203,26210.46313385762,0.09
2013-06-05,24287.1625138395,1844.439117432254,26131.601631271755,0.09
2013-06-06,24287.1625138395,1690.7743894405073,25977.936903280006,0.09
2013-06-07,24287.1625138395,1755.4201606252088,26042.58267446471,0.09
2013-06-08,24287.1625138395,1774.1665573114035,26061.329071150903,0.09
2013-06-10,24287.1625138395,1892.1532263378294,26179.315740177328,0.09
2013-06-11,24287.1625138395,1600.5122329783146,25887.674746817815,0.09
2013-06-12,24287.1625138395,1663.8212958474917,25950.98380968699,0.09
2013-06-13,24287.1625138395,1573.1563299360712,25860.31884377557,0.09
2013-06-14,24287.1625138395,1446.9562330222486,25734.118746861746,0.09
2013-06-17,25775.240811072745,0.0,25775.240811072745,0.0
2013-06-18,25775.240811072745,0.0,25775.240811072745,0.0
2013-06-19,25775.240811072745,0.0,25775.240811072745,0.0
2013-06-20,25775.240811072745,0.0,25775.240811072745,0.0
2013-06-21,25775.240811072745,0.0,25775.240811072745,0.0
2013-06-24,25775.240811072745,0.0,25775.240811072745,0.0
2013-06-25,25775.240811072745,0.0,25775.240811072745,0.0
2013-06-26,25775.240811072745,0.0,25775.240811072745,0.0
2013-06-27,25775.240811072745,0.0,25775.240811072745,0.0
2013-06-28,25775.240811072745,0.0,25775.240811072745,0.0
2013-06-29,25775.240811072745,0.0,25775.240811072745,0.0
2013-07-02,25775.240811072745,0.0,25775.240811072745,0.0
2013-07-03,25775.240811072745,0.0,25775.240811072745,0.0
2013-07-04,25775.240811072745,3.782499798776881,25779.023310871522,0.03
2013-07-05,25775.240811072745,41.55692658378536,25816.79773765653,0.03
2013-07-08,25775.240811072745,34.218462529673204,25809.459273602417,0.03
2013-07-09,25775.240811072745,40.206178862013644,25815.446989934757,0.03
2013-07-10,25775.240811072745,-8.559339396255929,25766.68147167649,0.03
2013-07-11,25775.240811072745,-31.48736654019753,25743.753444532547,0.03
2013-07-12,25775.240811072745,-24.555726295510148,25750.685084777233,0.03
2013-07-15,25775.240811072745,-2.057437822942111,25773.1833732498,0.03
2013-07-16,25775.240811072745,-26.91741628565034,25748.323394787094,0.03
2013-07-17,25775.240811072745,-10.88776782176937,25764.353043250976,0.03
2013-07-18,25775.240811072745,16.391716636900362,25791.632527709644,0.03
2013-07-19,25775.240811072745,22.92802402562636,25798.16883509837,0.03
2013-07-22,25775.240811072745,-8.535524370143476,25766.7052867026,0.03
2013-07-23,25775.240811072745,-16.599344426956353,25758.64146664579,0.03
2013-07-24,25775.240811072745,11.248929586450913,25786.489740659195,0.03
2013-07-25,25775.240811072745,-20.2914080966835,25754.94940297606,0.03
2013-07-26,25775.240811072745,-53.229333468776474,25722.01147760397,0.03
2013-07-27,25775.240811072745,-55.659570480701994,25719.581240592044,0.03
2013-07-29,25775.240811072745,-64.55970235606598,25710.68110871668,0.03
2013-07-30,25775.240811072745,-62.71414352230879,25712.526667550435,0.03
2013-07-31,25775.240811072745,-69.13294216985096,25706.107868902895,0.03
2013-08-01,25775.240811072745,-13.22676228361663,25762.01404878913,0.03
2013-08-02,25775.240811072745,-33.497100773226755,25741.743710299517,0.03
2013-08-05,25775.240811072745,-55.24864859201162,25719.992162480732,0.03
2013-08-06,25775.240811072745,-74.68295708930029,25700.557853983446,0.03
2013-08-07,25699.931335351983,0.0,25699.931335351983,0.0
2013-08-08,25699.931335351983,0.0,25699.931335351983,0.0
2013-08-09,25699.931335351983,0.0,25699.931335351983,0.0
2013-08-12,25699.931335351983,0.0,25699.931335351983,0.0
2013-08-13,25699.931335351983,0.0,25699.931335351983,0.0
2013-08-14,25699.931335351983,0.0,25699.931335351983,0.0
2013-08-15,25699.931335351983,0.0,25699.931335351983,0.0
2013-08-16,25699.931335351983,0.0,25699.931335351983,0.0
2013-08-19,25699.931335351983,0.0,25699.931335351983,0.0
2013-08-20,25699.931335351983,0.0,25699.931335351983,0.0
2013-08-21,25699.931335351983,0.0,25699.931335351983,0.0
2013-08-22,25699.931335351983,0.0,25699.931335351983,0.0
2013-08-23,25699.931335351983,0.0,25699.931335351983,0.0
2013-08-26,25699.931335351983,0.0,25699.931335351983,0.0
2013-08-27,25699.931335351983,0.0,25699.931335351983,0.0
2013-08-28,25699.931335351983,0.0,25699.931335351983,0.0
2013-08-29,25699.931335351983,0.0,25699.931335351983,0.0
2013-08-30,25699.931335351983,0.0,25699.931335351983,0.0
2013-09-02,25699.931335351983,0.0,25699.931335351983,0.0
2013-09-03,25699.931335351983,0.0,25699.931335351983,0.0
2013-09-04,25699.931335351983,0.0,25699.931335351983,0.0
2013-09-05,25699.931335351983,0.0,25699.931335351983,0.0
2013-09-06,25699.931335351983,-44.88386978771547,25655.04746556427,0.04
2013-09-09,25699.931335351983,-24.192636115835985,25675.738699236146,0.04
2013-09-10,25699.931335351983,11.003537780115577,25710.934873132097,0.04
2013-09-11,25699.931335351983,-10.107936076688727,25689.823399275294,0.04
2013-09-12,25699.931335351983,-24.90016391902976,25675.031171432955,0.04
2013-09-13,25699.931335351983,-32.73527022613685,25667.196065125845,0.04
2013-09-14,25699.931335351983,-33.066273614964125,25666.86506173702,0.04
2013-09-16,25699.931335351983,-46.56874340605027,25653.362591945934,0.04
2013-09-17,25699.931335351983,-43.62831104858112,25656.3030243034,0.04
2013-09-18,25699.931335351983,-94.43193501368017,25605.499400338304,0.04
2013-09-19,25699.931335351983,-28.588479342867096,25671.342856009116,0.04
2013-09-20,25699.931335351983,-35.63959264066517,25664.291742711317,0.04
2013-09-23,25699.931335351983,-55.513883648538375,25644.417451703444,0.04
2013-09-24,25699.931335351983,-59.5554568790955,25640.37587847289,0.04
2013-09-25,25699.931335351983,-72.9987490927015,25626.93258625928,0.04
2013-09-26,25699.931335351983,-49.58215358926945,25650.349181762715,0.04
2013-09-27,25699.931335351983,-82.0153004625843,25617.9160348894,0.04
2013-09-30,25593.326442282705,0.0,25593.326442282705,0.0
2013-10-01,25593.326442282705,0.0,25593.326442282705,0.0
2013-10-02,25593.326442282705,0.0,25593.326442282705,0.0
2013-10-03,25593.326442282705,4.595719899493191,25597.9221621822,-0.05
2013-10-04,25593.326442282705,-6.734033159731272,25586.592409122975,-0.05
2013-10-05,25593.326442282705,-6.687810699219174,25586.638631583486,-0.05
2013-10-07,25593.326442282705,34.74656759263346,25628.073009875337,-0.05
2013-10-08,25593.326442282705,25.84471752952541,25619.17115981223,-0.05
2013-10-09,25593.326442282705,0.21958467960586123,25593.54602696231,-0.05
2013-10-10,25593.326442282705,-44.35441665724334,25548.972025625462,-0.05
2013-10-11,25593.326442282705,-65.70728502411865,25527.619157258585,-0.05
2013-10-14,25593.326442282705,-65.55123564073318,25527.77520664197,-0.05
2013-10-15,25593.326442282705,-44.962534746715804,25548.36390753599,-0.05
2013-10-16,25593.326442282705,-76.11977071452455,25517.20667156818,-0.05
2013-10-17,25593.326442282705,-30.077143228264845,25563.24929905444,-0.05
2013-10-18,25593.326442282705,-21.222543426862885,25572.103898855843,-0.05
2013-10-21,25593.326442282705,-44.84135840523136,25548.485083877473,-0.05
2013-10-22,25593.326442282705,-41.84627253282476,25551.48016974988,-0.05
2013-10-23,25593.326442282705,-1.8897687444635312,25591.436673538243,-0.05
2013-10-24,25593.326442282705,3.0997184492833654,25596.42616073199,-0.05
2013-10-25,25593.326442282705,-3.9536351887969414,25589.372807093907,-0.05
2013-10-28,25593.326442282705,-19.392833658327746,25573.93360862438,-0.05
2013-10-29,25593.326442282705,-46.96362359648021,25546.362818686226,-0.05
2013-10-30,25593.326442282705,-59.095947729498064,25534.23049455321,-0.05
2013-10-31,25593.326442282705,-55.136193690166564,25538.19024859254,-0.05
2013-11-01,25593.326442282705,-67.86503415985865,25525.461408122846,-0.05
2013-11-04,25593.326442282705,-68.04160296904828,25525.284839313656,-0.05
2013-11-05,25593.326442282705,-61.519199159347444,25531.807243123356,-0.05
2013-11-06,25593.326442282705,-70.57592880725612,25522.75051347545,-0.05
2013-11-07,25593.326442282705,-39.99119835394628,25553.33524392876,-0.05
2013-11-08,25593.326442282705,-92.09586758513996,25501.230574697565,-0.05
2013-11-11,25593.326442282705,-97.79533055530035,25495.531111727403,-0.05
2013-11-12,25494.461236162308,0.0,25494.461236162308,0.0
2013-11-13,25494.461236162308,0.0,25494.461236162308,0.0
2013-11-14,25494.461236162308,0.0,25494.461236162308,0.0
2013-11-15,25494.461236162308,0.0,25494.461236162308,0.0
2013-11-18,25494.461236162308,0.0,25494.461236162308,0.0
2013-11-19,25494.461236162308,0.0,25494.461236162308,0.0
2013-11-20,25494.461236162308,0.0,25494.461236162308,0.0
2013-11-21,25494.461236162308,0.0,25494.461236162308,0.0
2013-11-22,25494.461236162308,0.0,25494.461236162308,0.0
2013-11-25,25494.461236162308,0.0,25494.461236162308,0.0
2013-11-26,25494.461236162308,0.0,25494.461236162308,0.0
2013-11-27,25494.461236162308,0.0,25494.461236162308,0.0
2013-11-28,25494.461236162308,0.0,25494.461236162308,0.0
2013-11-29,25494.461236162308,0.0,25494.461236162308,0.0
2013-12-02,25494.461236162308,0.0,25494.461236162308,0.0
2013-12-03,25494.461236162308,0.0,25494.461236162308,0.0
2013-12-04,25494.461236162308,0.0,25494.461236162308,0.0
2013-12-05,25494.461236162308,0.0,25494.461236162308,0.0
2013-12-06,25494.461236162308,0.0,25494.461236162308,0.0
2013-12-09,25494.461236162308,0.0,25494.461236162308,0.0
2013-12-10,25494.461236162308,0.0,25494.461236162308,0.0
2013-12-11,25494.461236162308,0.0,25494.461236162308,0.0
2013-12-12,25494.461236162308,0.0,25494.461236162308,0.0
2013-12-13,25494.461236162308,0.0,25494.461236162308,0.0
2013-12-16,25494.461236162308,0.0,25494.461236162308,0.0
2013-12-17,25494.461236162308,0.0,25494.461236162308,0.0
2013-12-18,25494.461236162308,0.0,25494.461236162308,0.0
2013-12-19,25494.461236162308,0.0,25494.461236162308,0.0
2013-12-20,25494.461236162308,0.0,25494.461236162308,0.0
2013-12-23,25494.461236162308,0.0,25494.461236162308,0.0
2013-12-24,25494.461236162308,0.0,25494.461236162308,0.0
2013-12-26,25494.461236162308,0.0,25494.461236162308,0.0
2013-12-27,25494.461236162308,0.0,25494.461236162308,0.0
2013-12-28,25494.461236162308,0.0,25494.461236162308,0.0
2013-12-30,25494.461236162308,0.0,25494.461236162308,0.0
2013-12-31,25494.461236162308,0.0,25494.461236162308,0.0
2014-01-02,25494.461236162308,0.0,25494.461236162308,0.0
2014-01-03,25494.461236162308,0.0,25494.461236162308,0.0
2014-01-06,25494.461236162308,0.0,25494.461236162308,0.0
2014-01-07,25494.461236162308,0.0,25494.461236162308,0.0
2014-01-08,25494.461236162308,0.0,25494.461236162308,0.0
2014-01-09,25494.461236162308,0.0,25494.461236162308,0.0
2014-01-10,25494.461236162308,0.0,25494.461236162308,0.0
2014-01-13,25494.461236162308,0.0,25494.461236162308,0.0
2014-01-14,25494.461236162308,0.0,25494.461236162308,0.0
2014-01-15,25494.461236162308,0.0,25494.461236162308,0.0
2014-01-16,25494.461236162308,0.0,25494.461236162308,0.0
2014-01-17,25494.461236162308,0.0,25494.461236162308,0.0
2014-01-20,25494.461236162308,0.0,25494.461236162308,0.0
2014-01-21,25494.461236162308,0.0,25494.461236162308,0.0
2014-01-22,25494.461236162308,0.0,25494.461236162308,0.0
2014-01-23,25494.461236162308,0.0,25494.461236162308,0.0
2014-01-24,25494.461236162308,0.0,25494.461236162308,0.0
2014-01-27,25494.461236162308,0.0,25494.461236162308,0.0
2014-01-28,25494.461236162308,0.0,25494.461236162308,0.0
2014-01-29,25494.461236162308,0.0,25494.461236162308,0.0
2014-01-30,25494.461236162308,0.0,25494.461236162308,0.0
2014-01-31,25494.461236162308,0.0,25494.461236162308,0.0
2014-02-01,25494.461236162308,0.0,25494.461236162308,0.0
2014-02-03,25494.461236162308,0.0,25494.461236162308,0.0
2014-02-04,25494.461236162308,0.0,25494.461236162308,0.0
2014-02-05,25494.461236162308,0.0,25494.461236162308,0.0
2014-02-06,25494.461236162308,0.0,25494.461236162308,0.0
2014-02-07,25494.461236162308,0.0,25494.461236162308,0.0
2014-02-10,25494.461236162308,18.428089613864415,25512.889325776174,-0.05
2014-02-11,25494.461236162308,-2.0340866896784338,25492.42714947263,-0.05
2014-02-12,25494.461236162308,3.7665089248885417,25498.227745087195,-0.05
2014-02-13,25494.461236162308,23.250741020916486,25517.711977183226,-0.05
2014-02-14,25494.461236162308,44.02857823105606,25538.489814393364,-0.05
2014-02-17,25494.461236162308,36.97817088679531,25531.439407049103,-0.05
2014-02-18,25494.461236162308,13.07239897353286,25507.533635135842,-0.05
2014-02-19,25494.461236162308,15.799198715066884,25510.260434877375,-0.05
2014-02-20,25494.461236162308,17.47787160443415,25511.939107766742,-0.05
2014-02-21,25494.461236162308,5.901147966116256,25500.362384128424,-0.05
2014-02-24,25494.461236162308,5.153719166057934,25499.614955328365,-0.05
2014-02-25,25494.461236162308,19.376535126528626,25513.837771288836,-0.05
2014-02-26,25494.461236162308,12.471590489303164,25506.93282665161,-0.05
2014-02-27,25494.461236162308,25.456882493621627,25519.91811865593,-0.05
2014-02-28,25494.461236162308,44.32693321659267,25538.7881693789,-0.05
2014-03-03,25494.461236162308,63.18936153336909,25557.650597695676,-0.05
2014-03-04,25494.461236162308,20.96561254263785,25515.426848704945,-0.05
2014-03-05,25494.461236162308,16.101126433948505,25510.562362596254,-0.05
2014-03-06,25494.461236162308,-25.571791861079582,25468.88944430123,-0.05
2014-03-07,25494.461236162308,-35.10304184240233,25459.358194319906,-0.05
2014-03-10,25494.461236162308,-36.75609572066347,25457.705140441645,-0.05
2014-03-11,25494.461236162308,-21.731208619627623,25472.73002754268,-0.05
2014-03-12,25494.461236162308,-9.541537363384117,25484.919698798923,-0.05
2014-03-13,25484.163184502726,0.0,25484.163184502726,0.0
2014-03-14,25484.163184502726,33.36699581051721,25517.530180313242,-0.06
2014-03-17,25484.163184502726,3.4132799378302274,25487.576464440557,-0.06
2014-03-18,25484.163184502726,27.972529077537466,25512.135713580265,-0.06
2014-03-19,25484.163184502726,-34.67096732064729,25449.49221718208,-0.06
2014-03-20,25484.163184502726,-35.04455918432657,25449.1186253184,-0.06
2014-03-21,25484.163184502726,-26.783097913829458,25457.380086588895,-0.06
2014-03-24,25484.163184502726,-23.909731944630913,25460.253452558096,-0.06
2014-03-25,25484.163184502726,-26.869423662563378,25457.293760840163,-0.06
2014-03-26,25484.163184502726,-13.6999436985729,25470.463240804154,-0.06
2014-03-27,25484.163184502726,-23.403976246177205,25460.75920825655,-0.06
2014-03-28,25484.163184502726,-61.06812403569519,25423.095060467032,-0.06
2014-03-31,25484.163184502726,-86.13940045214174,25398.023784050583,-0.06
2014-04-01,25484.163184502726,-112.09942152340955,25372.063762979316,-0.06
2014-04-02,25371.329805910114,0.0,25371.329805910114,0.0
2014-04-03,25371.329805910114,0.0,25371.329805910114,0.0
2014-04-04,25371.329805910114,0.0,25371.329805910114,0.0
2014-04-07,25371.329805910114,0.0,25371.329805910114,0.0
2014-04-08,25371.329805910114,0.0,25371.329805910114,0.0
2014-04-09,25371.329805910114,0.0,25371.329805910114,0.0
2014-04-10,25371.329805910114,0.0,25371.329805910114,0.0
2014-04-11,25371.329805910114,0.0,25371.329805910114,0.0
2014-04-14,25371.329805910114,-15.815292044657577,25355.514513865455,-0.06
2014-04-15,25371.329805910114,-19.868708000998968,25351.461097909116,-0.06
2014-04-16,25371.329805910114,-40.02317645580789,25331.306629454306,-0.06
2014-04-17,25371.329805910114,-49.59027400673055,25321.739531903382,-0.06
2014-04-18,25371.329805910114,-50.604445670465,25320.72536023965,-0.06
2014-04-21,25371.329805910114,-63.156223615236925,25308.173582294876,-0.06
2014-04-22,25371.329805910114,-64.00353677406383,25307.32626913605,-0.06
2014-04-23,25371.329805910114,-58.93663528918919,25312.393170620926,-0.06
2014-04-24,25371.329805910114,-45.14712667278675,25326.18267923733,-0.06
2014-04-25,25371.329805910114,-36.836661753674946,25334.49314415644,-0.06
2014-04-28,25371.329805910114,-56.7377265247118,25314.592079385402,-0.06
2014-04-29,25371.329805910114,-65.85015761199787,25305.47964829812,-0.06
2014-04-30,25371.329805910114,-40.21430748521681,25331.115498424897,-0.06
2014-05-01,25371.329805910114,-46.17945634797461,25325.15034956214,-0.06
2014-05-02,25371.329805910114,-37.00065078892304,25334.32915512119,-0.06
2014-05-05,25371.329805910114,-34.5382082200523,25336.791597690062,-0.06
2014-05-06,25371.329805910114,-5.608624834158205,25365.721181075955,-0.06
2014-05-07,25371.329805910114,-19.228652366500096,25352.101153543616,-0.06
2014-05-08,25371.329805910114,-3.8896299417021725,25367.44017596841,-0.06
2014-05-09,25371.329805910114,-16.54419314550328,25354.785612764612,-0.06
2014-05-10,25371.329805910114,-16.52442134284521,25354.80538456727,-0.06
2014-05-12,25371.329805910114,-33.07424982822608,25338.255556081887,-0.06
2014-05-13,25371.329805910114,-41.3828580588409,25329.946947851273,-0.06
2014-05-14,25371.329805910114,-18.656523558886033,25352.67328235123,-0.06
2014-05-15,25371.329805910114,1.282015597086578,25372.611821507202,-0.06
2014-05-16,25371.329805910114,5.960628590454168,25377.29043450057,-0.06
2014-05-19,25371.329805910114,6.342440504606001,25377.67224641472,-0.06
2014-05-20,25371.329805910114,17.33541451850111,25388.665220428615,-0.06
2014-05-21,25371.329805910114,15.214860045835612,25386.54466595595,-0.06
2014-05-22,25371.329805910114,-8.803737311967408,25362.52606859815,-0.06
2014-05-23,25371.329805910114,-23.501823688633248,25347.827982221483,-0.06
2014-05-26,25371.329805910114,-20.950847037633523,25350.37895887248,-0.06
2014-05-27,25371.329805910114,-24.250718160824555,25347.07908774929,-0.06
2014-05-28,25371.329805910114,-15.475674172043046,25355.85413173807,-0.06
2014-05-29,25371.329805910114,-11.718774830134903,25359.611031079978,-0.06
2014-05-30,25371.329805910114,-9.673361838031004,25361.656444072083,-0.06
2014-06-02,25371.329805910114,-49.581001036667075,25321.74880487345,-0.06
2014-06-03,25371.329805910114,-57.72794875946542,25313.60185715065,-0.06
2014-06-04,25371.329805910114,-72.84856524849425,25298.48124066162,-0.06
2014-06-05,25371.329805910114,-51.29168263839179,25320.038123271723,-0.06
2014-06-06,25371.329805910114,-54.75898230053339,25316.57082360958,-0.06
2014-06-09,25371.329805910114,-58.326756940506485,25313.003048969607,-0.06
2014-06-10,25371.329805910114,-47.09354429605337,25324.23626161406,-0.06
2014-06-11,25371.329805910114,-29.94287456570596,25341.38693134441,-0.06
2014-06-12,25371.329805910114,-5.8040865162045865,25365.52571939391,-0.06
2014-06-13,25371.329805910114,-27.386114916259952,25343.943690993856,-0.06
2014-06-16,25371.329805910114,-14.55134685670096,25356.778459053414,-0.06
2014-06-17,25371.329805910114,-34.392640965920634,25336.937164944193,-0.06
2014-06-18,25371.329805910114,-20.295775295622857,25351.03403061449,-0.06
2014-06-19,25371.329805910114,-21.52281957140163,25349.806986338714,-0.06
2014-06-20,25371.329805910114,-29.85841856147344,25341.47138734864,-0.06
2014-06-21,25371.329805910114,-29.72165611947316,25341.60814979064,-0.06
2014-06-23,25371.329805910114,-20.891511426330492,25350.438294483785,-0.06
2014-06-24,25371.329805910114,-23.15702673258289,25348.17277917753,-0.06
2014-06-25,25371.329805910114,-16.685162194862887,25354.64464371525,-0.06
2014-06-26,25371.329805910114,-8.309477002545298,25363.02032890757,-0.06
2014-06-27,25371.329805910114,13.819813112574572,25385.14961902269,-0.06
2014-06-28,25371.329805910114,13.84258732387334,25385.17239323399,-0.06
2014-06-30,25371.329805910114,17.234089047515194,25388.563894957628,-0.06
2014-07-01,25371.329805910114,4.7990835918292065,25376.128889501942,-0.06
2014-07-02,25371.329805910114,-11.05422182971886,25360.275584080395,-0.06
2014-07-03,25371.329805910114,-37.317408187014514,25334.0123977231,-0.06
2014-07-04,25371.329805910114,-29.37601353503774,25341.953792375076,-0.06
2014-07-07,25371.329805910114,-16.864971876714495,25354.4648340334,-0.06
2014-07-08,25371.329805910114,1.4085125112744514,25372.73831842139,-0.06
2014-07-09,25371.329805910114,-2.8036738251993305,25368.526132084917,-0.06
2014-07-10,25371.329805910114,15.9644264282935,25387.29423233841,-0.06
2014-07-11,25371.329805910114,16.043195275759672,25387.373001185875,-0.06
2014-07-14,25371.329805910114,3.9973164105340535,25375.32712232065,-0.06
2014-07-15,25371.329805910114,-5.321622861637355,25366.008183048478,-0.06
2014-07-16,25371.329805910114,-4.761620525723585,25366.568185384393,-0.06
2014-07-17,25371.329805910114,27.200689273395138,25398.53049518351,-0.06
2014-07-18,25371.329805910114,15.891427027589021,25387.221232937703,-0.06
2014-07-21,25371.329805910114,17.364664008299837,25388.694469918413,-0.06
2014-07-22,25371.329805910114,8.865019197622974,25380.194825107737,-0.06
2014-07-23,25371.329805910114,8.335131901116814,25379.66493781123,-0.06
2014-07-24,25371.329805910114,-13.179404764809732,25358.150401145303,-0.06
2014-07-25,25371.329805910114,-7.174040118676301,25364.155765791438,-0.06
2014-07-28,25371.329805910114,-16.180826490710086,25355.148979419406,-0.06
2014-07-29,25371.329805910114,-32.55226941504481,25338.77753649507,-0.06
2014-07-30,25371.329805910114,-67.23737735384458,25304.09242855627,-0.06
2014-07-31,25371.329805910114,-67.50297685110426,25303.82682905901,-0.06
2014-08-01,25371.329805910114,-60.20756243710622,25311.122243473008,-0.06
2014-08-04,25308.596290467758,0.0,25308.596290467758,0.0
2014-08-05,25308.596290467758,0.0,25308.596290467758,0.0
2014-08-06,25308.596290467758,0.0,25308.596290467758,0.0
2014-08-07,25308.596290467758,0.0,25308.596290467758,0.0
2014-08-08,25308.596290467758,0.0,25308.596290467758,0.0
2014-08-11,25308.596290467758,0.0,25308.596290467758,0.0
2014-08-12,25308.596290467758,0.0,25308.596290467758,0.0
2014-08-13,25308.596290467758,0.0,25308.596290467758,0.0
2014-08-14,25308.596290467758,0.0,25308.596290467758,0.0
2014-08-15,25308.596290467758,0.0,25308.596290467758,0.0
2014-08-18,25308.596290467758,0.0,25308.596290467758,0.0
2014-08-19,25308.596290467758,0.0,25308.596290467758,0.0
2014-08-20,25308.596290467758,0.0,25308.596290467758,0.0
2014-08-21,25308.596290467758,0.0,25308.596290467758,0.0
2014-08-22,25308.596290467758,0.0,25308.596290467758,0.0
2014-08-25,25308.596290467758,0.0,25308.596290467758,0.0
2014-08-26,25308.596290467758,0.0,25308.596290467758,0.0
2014-08-27,25308.596290467758,0.0,25308.596290467758,0.0
2014-08-28,25308.596290467758,0.0,25308.596290467758,0.0
2014-08-29,25308.596290467758,0.0,25308.596290467758,0.0
2014-09-01,25308.596290467758,0.0,25308.596290467758,0.0
2014-09-02,25308.596290467758,0.0,25308.596290467758,0.0
2014-09-03,25308.596290467758,0.0,25308.596290467758,0.0
2014-09-04,25308.596290467758,0.0,25308.596290467758,0.0
2014-09-05,25308.596290467758,0.0,25308.596290467758,0.0
2014-09-08,25308.596290467758,0.0,25308.596290467758,0.0
2014-09-09,25308.596290467758,0.0,25308.596290467758,0.0
2014-09-10,25308.596290467758,0.0,25308.596290467758,0.0
2014-09-11,25308.596290467758,0.0,25308.596290467758,0.0
2014-09-12,25308.596290467758,0.0,25308.596290467758,0.0
2014-09-15,25308.596290467758,0.0,25308.596290467758,0.0
2014-09-16,25308.596290467758,0.0,25308.596290467758,0.0
2014-09-17,25308.596290467758,0.0,25308.596290467758,0.0
2014-09-18,25308.596290467758,0.0,25308.596290467758,0.0
2014-09-19,25308.596290467758,0.0,25308.596290467758,0.0
2014-09-22,25308.596290467758,0.0,25308.596290467758,0.0
2014-09-23,25308.596290467758,0.0,25308.596290467758,0.0
2014-09-24,25308.596290467758,0.0,25308.596290467758,0.0
2014-09-25,25308.596290467758,0.0,25308.596290467758,0.0
2014-09-26,25308.596290467758,0.0,25308.596290467758,0.0
2014-09-29,25308.596290467758,0.0,25308.596290467758,0.0
2014-09-30,25308.596290467758,0.0,25308.596290467758,0.0
2014-10-01,25308.596290467758,0.0,25308.596290467758,0.0
2014-10-02,25308.596290467758,0.0,25308.596290467758,0.0
2014-10-03,25308.596290467758,0.0,25308.596290467758,0.0
2014-10-06,25308.596290467758,0.0,25308.596290467758,0.0
2014-10-07,25308.596290467758,0.0,25308.596290467758,0.0
2014-10-08,25308.596290467758,0.0,25308.596290467758,0.0
2014-10-09,25308.596290467758,0.0,25308.596290467758,0.0
2014-10-10,25308.596290467758,0.0,25308.596290467758,0.0
2014-10-13,25308.596290467758,0.0,25308.596290467758,0.0
2014-10-14,25308.596290467758,0.0,25308.596290467758,0.0
2014-10-15,25308.596290467758,0.0,25308.596290467758,0.0
2014-10-16,25308.596290467758,0.0,25308.596290467758,0.0
2014-10-17,25308.596290467758,0.0,25308.596290467758,0.0
2014-10-20,25308.596290467758,0.0,25308.596290467758,0.0
2014-10-21,25308.596290467758,0.0,25308.596290467758,0.0
2014-10-22,25308.596290467758,0.0,25308.596290467758,0.0
2014-10-23,25308.596290467758,0.0,25308.596290467758,0.0
2014-10-24,25308.596290467758,0.0,25308.596290467758,0.0
2014-10-27,25308.596290467758,0.0,25308.596290467758,0.0
2014-10-28,25308.596290467758,0.0,25308.596290467758,0.0
2014-10-29,25308.596290467758,0.0,25308.596290467758,0.0
2014-10-30,25308.596290467758,0.0,25308.596290467758,0.0
2014-10-31,25308.596290467758,0.0,25308.596290467758,0.0
2014-11-03,25308.596290467758,0.0,25308.596290467758,0.0
2014-11-04,25308.596290467758,0.0,25308.596290467758,0.0
2014-11-05,25308.596290467758,0.0,25308.596290467758,0.0
2014-11-06,25308.596290467758,0.0,25308.596290467758,0.0
2014-11-07,25308.596290467758,0.0,25308.596290467758,0.0
2014-11-10,25308.596290467758,0.0,25308.596290467758,0.0
2014-11-11,25308.596290467758,0.0,25308.596290467758,0.0
2014-11-12,25308.596290467758,0.0,25308.596290467758,0.0
2014-11-13,25308.596290467758,0.0,25308.596290467758,0.0
2014-11-14,25308.596290467758,0.0,25308.596290467758,0.0
2014-11-17,25308.596290467758,0.0,25308.596290467758,0.0
2014-11-18,25308.596290467758,0.0,25308.596290467758,0.0
2014-11-19,25308.596290467758,0.0,25308.596290467758,0.0
2014-11-20,25308.596290467758,0.0,25308.596290467758,0.0
2014-11-21,25308.596290467758,0.0,25308.596290467758,0.0
2014-11-24,25308.596290467758,0.0,25308.596290467758,0.0
2014-11-25,25308.596290467758,0.0,25308.596290467758,0.0
2014-11-26,25308.596290467758,0.0,25308.596290467758,0.0
2014-11-27,25308.596290467758,0.0,25308.596290467758,0.0
2014-11-28,25308.596290467758,0.0,25308.596290467758,0.0
2014-11-29,25308.596290467758,0.0,25308.596290467758,0.0
2014-12-01,25308.596290467758,0.0,25308.596290467758,0.0
2014-12-02,25308.596290467758,0.0,25308.596290467758,0.0
2014-12-03,25308.596290467758,0.0,25308.596290467758,0.0
2014-12-04,25308.596290467758,0.0,25308.596290467758,0.0
2014-12-05,25308.596290467758,0.0,25308.596290467758,0.0
2014-12-06,25308.596290467758,0.0,25308.596290467758,0.0
2014-12-08,25308.596290467758,0.0,25308.596290467758,0.0
2014-12-09,25308.596290467758,0.0,25308.596290467758,0.0
2014-12-10,25308.596290467758,0.0,25308.596290467758,0.0
2014-12-11,25308.596290467758,0.0,25308.596290467758,0.0
2014-12-12,25308.596290467758,0.0,25308.596290467758,0.0
2014-12-13,25308.596290467758,0.0,25308.596290467758,0.0
2014-12-15,25308.596290467758,0.0,25308.596290467758,0.0
2014-12-16,25308.596290467758,0.0,25308.596290467758,0.0
2014-12-17,25308.596290467758,0.0,25308.596290467758,0.0
2014-12-18,25308.596290467758,0.0,25308.596290467758,0.0
2014-12-19,25308.596290467758,0.0,25308.596290467758,0.0
2014-12-20,25308.596290467758,0.0,25308.596290467758,0.0
2014-12-22,25308.596290467758,0.0,25308.596290467758,0.0
2014-12-23,25308.596290467758,0.0,25308.596290467758,0.0
2014-12-24,25308.596290467758,0.0,25308.596290467758,0.0
2014-12-26,25308.596290467758,0.0,25308.596290467758,0.0
2014-12-27,25308.596290467758,0.0,25308.596290467758,0.0
2014-12-29,25308.596290467758,0.0,25308.596290467758,0.0
2014-12-30,25308.596290467758,0.0,25308.596290467758,0.0
2014-12-31,25308.596290467758,0.0,25308.596290467758,0.0
2015-01-02,25308.596290467758,0.0,25308.596290467758,0.0
2015-01-03,25308.596290467758,0.0,25308.596290467758,0.0
2015-01-05,25308.596290467758,0.0,25308.596290467758,0.0
2015-01-06,25308.596290467758,0.0,25308.596290467758,0.0
2015-01-07,25308.596290467758,0.0,25308.596290467758,0.0
2015-01-08,25308.596290467758,0.0,25308.596290467758,0.0
2015-01-09,25308.596290467758,0.0,25308.596290467758,0.0
2015-01-10,25308.596290467758,0.0,25308.596290467758,0.0
2015-01-12,25308.596290467758,0.0,25308.596290467758,0.0
2015-01-13,25308.596290467758,0.0,25308.596290467758,0.0
2015-01-14,25308.596290467758,0.0,25308.596290467758,0.0
2015-01-15,25308.596290467758,0.0,25308.596290467758,0.0
2015-01-16,25308.596290467758,0.0,25308.596290467758,0.0
2015-01-17,25308.596290467758,0.0,25308.596290467758,0.0
2015-01-19,25308.596290467758,0.0,25308.596290467758,0.0
2015-01-20,25308.596290467758,0.0,25308.596290467758,0.0
2015-01-21,25308.596290467758,0.0,25308.596290467758,0.0
2015-01-22,25308.596290467758,0.0,25308.596290467758,0.0
2015-01-23,25308.596290467758,0.0,25308.596290467758,0.0
2015-01-24,25308.596290467758,0.0,25308.596290467758,0.0
2015-01-26,25308.596290467758,0.0,25308.596290467758,0.0
2015-01-27,25308.596290467758,0.0,25308.596290467758,0.0
2015-01-28,25308.596290467758,0.0,25308.596290467758,0.0
2015-01-29,25308.596290467758,0.0,25308.596290467758,0.0
2015-01-30,25308.596290467758,0.0,25308.596290467758,0.0
2015-01-31,25308.596290467758,0.0,25308.596290467758,0.0
2015-02-02,25308.596290467758,0.0,25308.596290467758,0.0
2015-02-03,25308.596290467758,0.0,25308.596290467758,0.0
2015-02-04,25308.596290467758,0.0,25308.596290467758,0.0
2015-02-05,25308.596290467758,0.0,25308.596290467758,0.0
2015-02-06,25308.596290467758,0.0,25308.596290467758,0.0
2015-02-07,25308.596290467758,0.0,25308.596290467758,0.0
2015-02-09,25308.596290467758,0.0,25308.596290467758,0.0
2015-02-10,25308.596290467758,0.0,25308.596290467758,0.0
2015-02-11,25308.596290467758,0.0,25308.596290467758,0.0
2015-02-12,25308.596290467758,0.0,25308.596290467758,0.0
2015-02-13,25308.596290467758,0.0,25308.596290467758,0.0
2015-02-14,25308.596290467758,0.0,25308.596290467758,0.0
2015-02-16,25308.596290467758,0.0,25308.596290467758,0.0
2015-02-17,25308.596290467758,0.0,25308.596290467758,0.0
2015-02-18,25308.596290467758,0.0,25308.596290467758,0.0
2015-02-19,25308.596290467758,0.0,25308.596290467758,0.0
2015-02-20,25308.596290467758,0.0,25308.596290467758,0.0
2015-02-21,25308.596290467758,0.0,25308.596290467758,0.0
2015-02-23,25308.596290467758,0.0,25308.596290467758,0.0
2015-02-24,25308.596290467758,0.0,25308.596290467758,0.0
2015-02-25,25308.596290467758,0.0,25308.596290467758,0.0
2015-02-26,25308.596290467758,0.0,25308.596290467758,0.0
2015-02-27,25308.596290467758,0.0,25308.596290467758,0.0
2015-02-28,25308.596290467758,0.0,25308.596290467758,0.0
2015-03-02,25308.596290467758,0.0,25308.596290467758,0.0
2015-03-03,25308.596290467758,0.0,25308.596290467758,0.0
2015-03-04,25308.596290467758,0.0,25308.596290467758,0.0
2015-03-05,25308.596290467758,0.0,25308.596290467758,0.0
2015-03-06,25308.596290467758,0.0,25308.596290467758,0.0
2015-03-07,25308.596290467758,0.0,25308.596290467758,0.0
2015-03-09,25308.596290467758,0.0,25308.596290467758,0.0
2015-03-10,25308.596290467758,0.0,25308.596290467758,0.0
2015-03-11,25308.596290467758,0.0,25308.596290467758,0.0
2015-03-12,25308.596290467758,0.0,25308.596290467758,0.0
2015-03-13,25308.596290467758,0.0,25308.596290467758,0.0
2015-03-16,25308.596290467758,0.0,25308.596290467758,0.0
2015-03-17,25308.596290467758,0.0,25308.596290467758,0.0
2015-03-18,25308.596290467758,0.0,25308.596290467758,0.0
2015-03-19,25308.596290467758,0.0,25308.596290467758,0.0
2015-03-20,25308.596290467758,0.0,25308.596290467758,0.0
2015-03-23,25308.596290467758,0.0,25308.596290467758,0.0
2015-03-24,25308.596290467758,0.0,25308.596290467758,0.0
2015-03-25,25308.596290467758,0.0,25308.596290467758,0.0
2015-03-26,25308.596290467758,0.0,25308.596290467758,0.0
2015-03-27,25308.596290467758,0.0,25308.596290467758,0.0
2015-03-30,25308.596290467758,0.0,25308.596290467758,0.0
2015-03-31,25308.596290467758,0.0,25308.596290467758,0.0
2015-04-01,25308.596290467758,0.0,25308.596290467758,0.0
2015-04-02,25308.596290467758,0.0,25308.596290467758,0.0
2015-04-03,25308.596290467758,0.0,25308.596290467758,0.0
2015-04-04,25308.596290467758,0.0,25308.596290467758,0.0
2015-04-06,25308.596290467758,0.0,25308.596290467758,0.0
2015-04-07,25308.596290467758,0.0,25308.596290467758,0.0
2015-04-08,25308.596290467758,0.0,25308.596290467758,0.0
2015-04-09,25308.596290467758,0.0,25308.596290467758,0.0
2015-04-10,25308.596290467758,0.0,25308.596290467758,0.0
2015-04-11,25308.596290467758,0.0,25308.596290467758,0.0
2015-04-13,25308.596290467758,0.0,25308.596290467758,0.0
2015-04-14,25308.596290467758,0.0,25308.596290467758,0.0
2015-04-15,25308.596290467758,0.0,25308.596290467758,0.0
2015-04-16,25308.596290467758,0.0,25308.596290467758,0.0
2015-04-17,25308.596290467758,0.0,25308.596290467758,0.0
2015-04-18,25308.596290467758,0.0,25308.596290467758,0.0
2015-04-20,25308.596290467758,0.0,25308.596290467758,0.0
2015-04-21,25308.596290467758,0.0,25308.596290467758,0.0
2015-04-22,25308.596290467758,0.0,25308.596290467758,0.0
2015-04-23,25308.596290467758,0.0,25308.596290467758,0.0
2015-04-24,25308.596290467758,0.0,25308.596290467758,0.0
2015-04-25,25308.596290467758,-9.485029276436599,25299.111261191323,-0.06
2015-04-27,25308.596290467758,-15.804659771304305,25292.791630696454,-0.06
2015-04-28,25308.596290467758,-1.3533677330639287,25307.242922734695,-0.06
2015-04-29,25308.596290467758,-11.203334359525808,25297.392956108233,-0.06
2015-04-30,25308.596290467758,-33.72309475460897,25274.87319571315,-0.06
2015-05-01,25308.596290467758,-84.06312903535598,25224.533161432402,-0.06
2015-05-02,25308.596290467758,-80.8237455974932,25227.772544870266,-0.06
2015-05-04,25308.596290467758,-78.2125970689414,25230.383693398817,-0.06
2015-05-05,25228.971213988967,0.0,25228.971213988967,0.0
2015-05-06,25228.971213988967,0.0,25228.971213988967,0.0
2015-05-07,25228.971213988967,0.0,25228.971213988967,0.0
2015-05-08,25228.971213988967,0.0,25228.971213988967,0.0
2015-05-09,25228.971213988967,0.0,25228.971213988967,0.0
2015-05-11,25228.971213988967,0.0,25228.971213988967,0.0
2015-05-12,25228.971213988967,0.0,25228.971213988967,0.0
2015-05-13,25228.971213988967,0.0,25228.971213988967,0.0
2015-05-14,25228.971213988967,0.0,25228.971213988967,0.0
2015-05-15,25228.971213988967,0.0,25228.971213988967,0.0
2015-05-16,25228.971213988967,0.0,25228.971213988967,0.0
2015-05-18,25228.971213988967,-53.29629836784142,25175.674915621126,-0.07
2015-05-19,25174.240577624132,0.0,25174.240577624132,0.0
2015-05-20,25174.240577624132,0.0,25174.240577624132,0.0
2015-05-21,25174.240577624132,0.0,25174.240577624132,0.0
2015-05-22,25174.240577624132,0.0,25174.240577624132,0.0
2015-05-23,25174.240577624132,0.0,25174.240577624132,0.0
2015-05-25,25174.240577624132,0.0,25174.240577624132,0.0
2015-05-26,25174.240577624132,0.0,25174.240577624132,0.0
2015-05-27,25174.240577624132,0.0,25174.240577624132,0.0
2015-05-28,25174.240577624132,0.0,25174.240577624132,0.0
2015-05-29,25174.240577624132,0.0,25174.240577624132,0.0
2015-05-30,25174.240577624132,0.0,25174.240577624132,0.0
2015-06-01,25174.240577624132,0.0,25174.240577624132,0.0
2015-06-02,25174.240577624132,0.0,25174.240577624132,0.0
2015-06-03,25174.240577624132,0.0,25174.240577624132,0.0
2015-06-04,25174.240577624132,0.0,25174.240577624132,0.0
2015-06-05,25174.240577624132,0.0,25174.240577624132,0.0
2015-06-06,25174.240577624132,0.0,25174.240577624132,0.0
2015-06-08,25174.240577624132,0.0,25174.240577624132,0.0
2015-06-09,25174.240577624132,0.0,25174.240577624132,0.0
2015-06-10,25174.240577624132,0.0,25174.240577624132,0.0
2015-06-11,25174.240577624132,0.0,25174.240577624132,0.0
2015-06-12,25174.240577624132,0.0,25174.240577624132,0.0
2015-06-13,25174.240577624132,0.0,25174.240577624132,0.0
2015-06-15,25174.240577624132,0.0,25174.240577624132,0.0
2015-06-16,25174.240577624132,0.0,25174.240577624132,0.0
2015-06-17,25174.240577624132,0.0,25174.240577624132,0.0
2015-06-18,25174.240577624132,0.0,25174.240577624132,0.0
2015-06-19,25174.240577624132,0.0,25174.240577624132,0.0
2015-06-20,25174.240577624132,0.0,25174.240577624132,0.0
2015-06-22,25174.240577624132,0.0,25174.240577624132,0.0
2015-06-23,25174.240577624132,0.0,25174.240577624132,0.0
2015-06-24,25174.240577624132,0.0,25174.240577624132,0.0
2015-06-25,25174.240577624132,0.0,25174.240577624132,0.0
2015-06-26,25174.240577624132,0.0,25174.240577624132,0.0
2015-06-27,25174.240577624132,0.0,25174.240577624132,0.0
2015-06-29,25174.240577624132,0.0,25174.240577624132,0.0
2015-06-30,25174.240577624132,0.0,25174.240577624132,0.0
2015-07-01,25174.240577624132,0.0,25174.240577624132,0.0
2015-07-02,25174.240577624132,0.0,25174.240577624132,0.0
2015-07-03,25174.240577624132,0.0,25174.240577624132,0.0
2015-07-04,25174.240577624132,0.0,25174.240577624132,0.0
2015-07-06,25174.240577624132,0.0,25174.240577624132,0.0
2015-07-07,25174.240577624132,0.0,25174.240577624132,0.0
2015-07-08,25174.240577624132,0.0,25174.240577624132,0.0
2015-07-09,25174.240577624132,0.0,25174.240577624132,0.0
2015-07-10,25174.240577624132,0.0,25174.240577624132,0.0
2015-07-11,25174.240577624132,0.0,25174.240577624132,0.0
2015-07-13,25174.240577624132,0.0,25174.240577624132,0.0
2015-07-14,25174.240577624132,0.0,25174.240577624132,0.0
2015-07-15,25174.240577624132,0.0,25174.240577624132,0.0
2015-07-16,25174.240577624132,0.0,25174.240577624132,0.0
2015-07-17,25174.240577624132,0.0,25174.240577624132,0.0
2015-07-18,25174.240577624132,0.0,25174.240577624132,0.0
2015-07-20,25174.240577624132,0.0,25174.240577624132,0.0
2015-07-21,25174.240577624132,0.0,25174.240577624132,0.0
2015-07-22,25174.240577624132,0.0,25174.240577624132,0.0
2015-07-23,25174.240577624132,0.0,25174.240577624132,0.0
2015-07-24,25174.240577624132,0.0,25174.240577624132,0.0
2015-07-25,25174.240577624132,0.0,25174.240577624132,0.0
2015-07-27,25174.240577624132,0.0,25174.240577624132,0.0
2015-07-28,25174.240577624132,0.0,25174.240577624132,0.0
2015-07-29,25174.240577624132,0.0,25174.240577624132,0.0
2015-07-30,25174.240577624132,0.0,25174.240577624132,0.0
2015-07-31,25174.240577624132,0.0,25174.240577624132,0.0
2015-08-01,25174.240577624132,0.0,25174.240577624132,0.0
2015-08-03,25174.240577624132,0.0,25174.240577624132,0.0
2015-08-04,25174.240577624132,0.0,25174.240577624132,0.0
2015-08-05,25174.240577624132,0.0,25174.240577624132,0.0
2015-08-06,25174.240577624132,0.0,25174.240577624132,0.0
2015-08-07,25174.240577624132,0.0,25174.240577624132,0.0
2015-08-08,25174.240577624132,0.0,25174.240577624132,0.0
2015-08-10,25174.240577624132,0.0,25174.240577624132,0.0
2015-08-11,25174.240577624132,0.0,25174.240577624132,0.0
2015-08-12,25174.240577624132,0.0,25174.240577624132,0.0
2015-08-13,25174.240577624132,0.0,25174.240577624132,0.0
2015-08-14,25174.240577624132,0.0,25174.240577624132,0.0
2015-08-15,25174.240577624132,0.0,25174.240577624132,0.0
2015-08-17,25174.240577624132,0.0,25174.240577624132,0.0
2015-08-18,25174.240577624132,0.0,25174.240577624132,0.0
2015-08-19,25174.240577624132,0.0,25174.240577624132,0.0
2015-08-20,25174.240577624132,0.0,25174.240577624132,0.0
2015-08-21,25174.240577624132,0.0,25174.240577624132,0.0
2015-08-22,25174.240577624132,0.0,25174.240577624132,0.0
2015-08-24,25174.240577624132,0.0,25174.240577624132,0.0
2015-08-25,25174.240577624132,-16.377746119209885,25157.86283150492,-0.04
2015-08-26,25174.240577624132,-66.90024853807458,25107.34032908606,-0.04
2015-08-27,25050.432700725007,0.0,25050.432700725007,0.0
2015-08-28,25050.432700725007,0.0,25050.432700725007,0.0
2015-08-29,25050.432700725007,0.0,25050.432700725007,0.0
2015-08-31,25050.432700725007,0.0,25050.432700725007,0.0
2015-09-01,25050.432700725007,0.0,25050.432700725007,0.0
2015-09-02,25050.432700725007,0.0,25050.432700725007,0.0
2015-09-03,25050.432700725007,0.0,25050.432700725007,0.0
2015-09-04,25050.432700725007,0.0,25050.432700725007,0.0
2015-09-05,25050.432700725007,0.0,25050.432700725007,0.0
2015-09-07,25050.432700725007,0.0,25050.432700725007,0.0
2015-09-08,25050.432700725007,0.0,25050.432700725007,0.0
2015-09-09,25050.432700725007,0.0,25050.432700725007,0.0
2015-09-10,25050.432700725007,0.0,25050.432700725007,0.0
2015-09-11,25050.432700725007,0.0,25050.432700725007,0.0
2015-09-12,25050.432700725007,0.0,25050.432700725007,0.0
2015-09-14,25050.432700725007,0.0,25050.432700725007,0.0
2015-09-15,25050.432700725007,0.0,25050.432700725007,0.0
2015-09-16,25050.432700725007,0.0,25050.432700725007,0.0
2015-09-17,25050.432700725007,0.0,25050.432700725007,0.0
2015-09-18,25050.432700725007,0.0,25050.432700725007,0.0
2015-09-19,25050.432700725007,0.0,25050.432700725007,0.0
2015-09-21,25050.432700725007,0.0,25050.432700725007,0.0
2015-09-22,25050.432700725007,0.0,25050.432700725007,0.0
2015-09-23,25050.432700725007,0.0,25050.432700725007,0.0
2015-09-24,25050.432700725007,0.0,25050.432700725007,0.0
2015-09-25,25050.432700725007,0.0,25050.432700725007,0.0
2015-09-26,25050.432700725007,0.0,25050.432700725007,0.0
2015-09-28,25050.432700725007,0.0,25050.432700725007,0.0
2015-09-29,25050.432700725007,0.0,25050.432700725007,0.0
2015-09-30,25050.432700725007,0.0,25050.432700725007,0.0
2015-10-01,25050.432700725007,0.0,25050.432700725007,0.0
2015-10-02,25050.432700725007,0.0,25050.432700725007,0.0
2015-10-03,25050.432700725007,0.0,25050.432700725007,0.0
2015-10-05,25050.432700725007,0.0,25050.432700725007,0.0
2015-10-06,25050.432700725007,0.0,25050.432700725007,0.0
2015-10-07,25050.432700725007,0.0,25050.432700725007,0.0
2015-10-08,25050.432700725007,0.0,25050.432700725007,0.0
2015-10-09,25050.432700725007,0.0,25050.432700725007,0.0
2015-10-10,25050.432700725007,0.0,25050.432700725007,0.0
2015-10-12,25050.432700725007,0.0,25050.432700725007,0.0
2015-10-13,25050.432700725007,0.0,25050.432700725007,0.0
2015-10-14,25050.432700725007,0.0,25050.432700725007,0.0
2015-10-15,25050.432700725007,0.0,25050.432700725007,0.0
2015-10-16,25050.432700725007,0.0,25050.432700725007,0.0
2015-10-17,25050.432700725007,0.0,25050.432700725007,0.0
2015-10-19,25050.432700725007,0.0,25050.432700725007,0.0
2015-10-20,25050.432700725007,0.0,25050.432700725007,0.0
2015-10-21,25050.432700725007,0.0,25050.432700725007,0.0
2015-10-22,25050.432700725007,0.0,25050.432700725007,0.0
2015-10-23,25050.432700725007,0.0,25050.432700725007,0.0
2015-10-24,25050.432700725007,0.0,25050.432700725007,0.0
2015-10-26,25050.432700725007,0.0,25050.432700725007,0.0
2015-10-27,25050.432700725007,0.0,25050.432700725007,0.0
2015-10-28,25050.432700725007,0.0,25050.432700725007,0.0
2015-10-29,25050.432700725007,0.0,25050.432700725007,0.0
2015-10-30,25050.432700725007,0.0,25050.432700725007,0.0
2015-11-02,25050.432700725007,0.0,25050.432700725007,0.0
2015-11-03,25050.432700725007,0.0,25050.432700725007,0.0
2015-11-04,25050.432700725007,0.0,25050.432700725007,0.0
2015-11-05,25050.432700725007,0.0,25050.432700725007,0.0
2015-11-06,25050.432700725007,81.88648515772556,25132.319185882734,0.05
2015-11-07,25050.432700725007,83.21154760499911,25133.644248330005,0.05
2015-11-09,25050.432700725007,79.29248001347861,25129.725180738486,0.05
2015-11-10,25050.432700725007,83.28526538607309,25133.71796611108,0.05
2015-11-11,25050.432700725007,62.06102453929855,25112.493725264307,0.05
2015-11-12,25050.432700725007,48.119779088092734,25098.5524798131,0.05
2015-11-13,25050.432700725007,50.08062234687342,25100.51332307188,0.05
2015-11-14,25050.432700725007,47.60119087242911,25098.033891597435,0.05
2015-11-16,25050.432700725007,81.59349661078983,25132.026197335796,0.05
2015-11-17,25050.432700725007,92.8502069728969,25143.282907697903,0.05
2015-11-18,25050.432700725007,100.58261010968633,25151.015310834693,0.05
2015-11-19,25050.432700725007,61.13522566248553,25111.56792638749,0.05
2015-11-20,25050.432700725007,63.461373413334044,25113.89407413834,0.05
2015-11-21,25050.432700725007,56.76990486929862,25107.202605594306,0.05
2015-11-23,25050.432700725007,61.94712970996927,25112.379830434977,0.05
2015-11-24,25050.432700725007,39.61819726495493,25090.05089798996,0.05
2015-11-25,25050.432700725007,53.77046139045254,25104.20316211546,0.05
2015-11-26,25050.432700725007,44.6616255504018,25095.094326275408,0.05
2015-11-27,25050.432700725007,60.279989999395234,25110.712690724402,0.05
2015-11-28,25050.432700725007,52.978503157093456,25103.4112038821,0.05
2015-11-30,25050.432700725007,74.85431012004972,25125.287010845055,0.05
2015-12-01,25050.432700725007,61.26161527768523,25111.694316002693,0.05
2015-12-02,25050.432700725007,80.5086836923612,25130.94138441737,0.05
2015-12-03,25050.432700725007,38.62548849966392,25089.05818922467,0.05
2015-12-04,25050.432700725007,77.72395789315087,25128.156658618158,0.05
2015-12-05,25050.432700725007,73.34857511504426,25123.78127584005,0.05
2015-12-07,25050.432700725007,86.5255389510498,25136.958239676056,0.05
2015-12-08,25050.432700725007,68.14228936301075,25118.57499008802,0.05
2015-12-09,25050.432700725007,-20.585920147309267,25029.846780577696,0.05
2015-12-10,25050.432700725007,-12.141431773012123,25038.291268951994,0.05
2015-12-11,25050.432700725007,-51.13144650604372,24999.301254218964,0.05
2015-12-12,25050.432700725007,-46.908227959739605,25003.524472765268,0.05
2015-12-14,25050.432700725007,-43.8584687995889,25006.574231925417,0.05
2015-12-15,25050.432700725007,-4.633373653266337,25045.79932707174,0.05
2015-12-16,25050.432700725007,20.848463704239258,25071.281164429245,0.05
2015-12-17,25050.432700725007,52.33133549734955,25102.764036222357,0.05
2015-12-18,25050.432700725007,-30.17937429184126,25020.253326433165,0.05
2015-12-19,25050.432700725007,-37.328768058688844,25013.10393266632,0.05
2015-12-21,25050.432700725007,-38.36537281229608,25012.06732791271,0.05
2015-12-22,25011.299724929228,0.0,25011.299724929228,0.0
2015-12-23,25011.299724929228,0.0,25011.299724929228,0.0
2015-12-24,25011.299724929228,0.0,25011.299724929228,0.0
2015-12-28,25011.299724929228,0.0,25011.299724929228,0.0
2015-12-29,25011.299724929228,0.0,25011.299724929228,0.0
2015-12-30,25011.299724929228,0.0,25011.299724929228,0.0
2015-12-31,25011.299724929228,0.0,25011.299724929228,0.0
2016-01-04,25011.299724929228,0.0,25011.299724929228,0.0
2016-01-05,25011.299724929228,0.0,25011.299724929228,0.0
2016-01-06,25011.299724929228,0.0,25011.299724929228,0.0
2016-01-07,25011.299724929228,0.0,25011.299724929228,0.0
2016-01-08,25011.299724929228,0.0,25011.299724929228,0.0
2016-01-09,25011.299724929228,0.0,25011.299724929228,0.0
2016-01-11,25011.299724929228,0.0,25011.299724929228,0.0
2016-01-12,25011.299724929228,0.0,25011.299724929228,0.0
2016-01-13,25011.299724929228,0.0,25011.299724929228,0.0
2016-01-14,25011.299724929228,0.0,25011.299724929228,0.0
2016-01-15,25011.299724929228,0.0,25011.299724929228,0.0
2016-01-16,25011.299724929228,0.0,25011.299724929228,0.0
2016-01-18,25011.299724929228,0.0,25011.299724929228,0.0
2016-01-19,25011.299724929228,0.0,25011.299724929228,0.0
2016-01-20,25011.299724929228,0.0,25011.299724929228,0.0
2016-01-21,25011.299724929228,0.0,25011.299724929228,0.0
2016-01-22,25011.299724929228,0.0,25011.299724929228,0.0
2016-01-23,25011.299724929228,0.0,25011.299724929228,0.0
2016-01-25,25011.299724929228,0.0,25011.299724929228,0.0
2016-01-26,25011.299724929228,0.0,25011.299724929228,0.0
2016-01-27,25011.299724929228,0.0,25011.299724929228,0.0
2016-01-28,25011.299724929228,0.0,25011.299724929228,0.0
2016-01-29,25011.299724929228,0.0,25011.299724929228,0.0
2016-01-30,25011.299724929228,0.0,25011.299724929228,0.0
2016-02-01,25011.299724929228,0.0,25011.299724929228,0.0
2016-02-02,25011.299724929228,0.0,25011.299724929228,0.0
2016-02-03,25011.299724929228,0.0,25011.299724929228,0.0
2016-02-04,25011.299724929228,0.0,25011.299724929228,0.0
2016-02-05,25011.299724929228,0.0,25011.299724929228,0.0
2016-02-06,25011.299724929228,0.0,25011.299724929228,0.0
2016-02-08,25011.299724929228,0.0,25011.299724929228,0.0
2016-02-09,25011.299724929228,0.0,25011.299724929228,0.0
2016-02-10,25011.299724929228,0.0,25011.299724929228,0.0
2016-02-11,25011.299724929228,0.0,25011.299724929228,0.0
2016-02-12,25011.299724929228,0.0,25011.299724929228,0.0
2016-02-13,25011.299724929228,0.0,25011.299724929228,0.0
2016-02-15,25011.299724929228,0.0,25011.299724929228,0.0
2016-02-16,25011.299724929228,0.0,25011.299724929228,0.0
2016-02-17,25011.299724929228,0.0,25011.299724929228,0.0
2016-02-18,25011.299724929228,0.0,25011.299724929228,0.0
2016-02-19,25011.299724929228,0.0,25011.299724929228,0.0
2016-02-20,25011.299724929228,0.0,25011.299724929228,0.0
2016-02-22,25011.299724929228,0.0,25011.299724929228,0.0
2016-02-23,25011.299724929228,0.0,25011.299724929228,0.0
2016-02-24,25011.299724929228,0.0,25011.299724929228,0.0
2016-02-25,25011.299724929228,0.0,25011.299724929228,0.0
2016-02-26,25011.299724929228,0.0,25011.299724929228,0.0
2016-02-27,25011.299724929228,0.0,25011.299724929228,0.0
2016-02-29,25011.299724929228,0.0,25011.299724929228,0.0
2016-03-01,25011.299724929228,0.0,25011.299724929228,0.0
2016-03-02,25011.299724929228,0.0,25011.299724929228,0.0
2016-03-03,25011.299724929228,0.0,25011.299724929228,0.0
2016-03-04,25011.299724929228,0.0,25011.299724929228,0.0
2016-03-05,25011.299724929228,0.0,25011.299724929228,0.0
2016-03-07,25011.299724929228,0.0,25011.299724929228,0.0
2016-03-08,25011.299724929228,0.0,25011.299724929228,0.0
2016-03-09,25011.299724929228,0.0,25011.299724929228,0.0
2016-03-10,25011.299724929228,0.0,25011.299724929228,0.0
2016-03-11,25011.299724929228,0.0,25011.299724929228,0.0
2016-03-12,25011.299724929228,0.0,25011.299724929228,0.0
2016-03-14,25011.299724929228,0.0,25011.299724929228,0.0
2016-03-15,25011.299724929228,0.0,25011.299724929228,0.0
2016-03-16,25011.299724929228,0.0,25011.299724929228,0.0
2016-03-17,25011.299724929228,0.0,25011.299724929228,0.0
2016-03-18,25011.299724929228,0.0,25011.299724929228,0.0
2016-03-21,25011.299724929228,0.0,25011.299724929228,0.0
2016-03-22,25011.299724929228,0.0,25011.299724929228,0.0
2016-03-23,25011.299724929228,0.0,25011.299724929228,0.0
2016-03-24,25011.299724929228,0.0,25011.299724929228,0.0
2016-03-25,25011.299724929228,0.0,25011.299724929228,0.0
2016-03-28,25011.299724929228,0.0,25011.299724929228,0.0
2016-03-29,25011.299724929228,0.0,25011.299724929228,0.0
2016-03-30,25011.299724929228,0.0,25011.299724929228,0.0
2016-03-31,25011.299724929228,0.0,25011.299724929228,0.0
2016-04-01,25011.299724929228,0.0,25011.299724929228,0.0
2016-04-02,25011.299724929228,0.0,25011.299724929228,0.0
2016-04-04,25011.299724929228,0.0,25011.299724929228,0.0
2016-04-05,25011.299724929228,0.0,25011.299724929228,0.0
2016-04-06,25011.299724929228,0.0,25011.299724929228,0.0
2016-04-07,25011.299724929228,0.0,25011.299724929228,0.0
2016-04-08,25011.299724929228,0.0,25011.299724929228,0.0
2016-04-09,25011.299724929228,0.0,25011.299724929228,0.0
2016-04-11,25011.299724929228,0.0,25011.299724929228,0.0
2016-04-12,25011.299724929228,0.0,25011.299724929228,0.0
2016-04-13,25011.299724929228,0.0,25011.299724929228,0.0
2016-04-14,25011.299724929228,0.0,25011.299724929228,0.0
2016-04-15,25011.299724929228,0.0,25011.299724929228,0.0
2016-04-16,25011.299724929228,0.0,25011.299724929228,0.0
2016-04-18,25011.299724929228,0.0,25011.299724929228,0.0
2016-04-19,25011.299724929228,0.0,25011.299724929228,0.0
2016-04-20,25011.299724929228,0.0,25011.299724929228,0.0
2016-04-21,25011.299724929228,0.0,25011.299724929228,0.0
2016-04-22,25011.299724929228,0.0,25011.299724929228,0.0
2016-04-23,25011.299724929228,0.0,25011.299724929228,0.0
2016-04-25,25011.299724929228,0.0,25011.299724929228,0.0
2016-04-26,25011.299724929228,0.0,25011.299724929228,0.0
2016-04-27,25011.299724929228,0.0,25011.299724929228,0.0
2016-04-28,25011.299724929228,0.0,25011.299724929228,0.0
2016-04-29,25011.299724929228,0.0,25011.299724929228,0.0
2016-04-30,25011.299724929228,0.0,25011.299724929228,0.0
2016-05-02,25011.299724929228,0.0,25011.299724929228,0.0
2016-05-03,25011.299724929228,0.0,25011.299724929228,0.0
2016-05-04,25011.299724929228,0.0,25011.299724929228,0.0
2016-05-05,25011.299724929228,0.0,25011.299724929228,0.0
2016-05-06,25011.299724929228,0.0,25011.299724929228,0.0
2016-05-07,25011.299724929228,0.0,25011.299724929228,0.0
2016-05-09,25011.299724929228,0.0,25011.299724929228,0.0
2016-05-10,25011.299724929228,0.0,25011.299724929228,0.0
2016-05-11,25011.299724929228,0.0,25011.299724929228,0.0
2016-05-12,25011.299724929228,0.0,25011.299724929228,0.0
2016-05-13,25011.299724929228,0.0,25011.299724929228,0.0
2016-05-14,25011.299724929228,0.0,25011.299724929228,0.0
2016-05-16,25011.299724929228,0.0,25011.299724929228,0.0
2016-05-17,25011.299724929228,0.0,25011.299724929228,0.0
2016-05-18,25011.299724929228,0.0,25011.299724929228,0.0
2016-05-19,25011.299724929228,0.0,25011.299724929228,0.0
2016-05-20,25011.299724929228,0.0,25011.299724929228,0.0
2016-05-21,25011.299724929228,0.0,25011.299724929228,0.0
2016-05-23,25011.299724929228,0.0,25011.299724929228,0.0
2016-05-24,25011.299724929228,0.0,25011.299724929228,0.0
2016-05-25,25011.299724929228,0.0,25011.299724929228,0.0
2016-05-26,25011.299724929228,0.0,25011.299724929228,0.0
2016-05-27,25011.299724929228,0.0,25011.299724929228,0.0
2016-05-28,25011.299724929228,0.0,25011.299724929228,0.0
2016-05-30,25011.299724929228,0.0,25011.299724929228,0.0
2016-05-31,25011.299724929228,0.0,25011.299724929228,0.0
2016-06-01,25011.299724929228,0.0,25011.299724929228,0.0
2016-06-02,25011.299724929228,0.0,25011.299724929228,0.0
2016-06-03,25011.299724929228,0.0,25011.299724929228,0.0
2016-06-04,25011.299724929228,0.0,25011.299724929228,0.0
2016-06-06,25011.299724929228,0.0,25011.299724929228,0.0
2016-06-07,25011.299724929228,0.0,25011.299724929228,0.0
2016-06-08,25011.299724929228,0.0,25011.299724929228,0.0
2016-06-09,25011.299724929228,0.0,25011.299724929228,0.0
2016-06-10,25011.299724929228,0.0,25011.299724929228,0.0
2016-06-11,25011.299724929228,0.0,25011.299724929228,0.0
2016-06-13,25011.299724929228,0.0,25011.299724929228,0.0
2016-06-14,25011.299724929228,0.0,25011.299724929228,0.0
2016-06-15,25011.299724929228,0.0,25011.299724929228,0.0
2016-06-16,25011.299724929228,0.0,25011.299724929228,0.0
2016-06-17,25011.299724929228,0.0,25011.299724929228,0.0
2016-06-18,25011.299724929228,0.0,25011.299724929228,0.0
2016-06-20,25011.299724929228,0.0,25011.299724929228,0.0
2016-06-21,25011.299724929228,0.0,25011.299724929228,0.0
2016-06-22,25011.299724929228,0.0,25011.299724929228,0.0
2016-06-23,25011.299724929228,0.0,25011.299724929228,0.0
2016-06-24,25011.299724929228,0.0,25011.299724929228,0.0
2016-06-25,25011.299724929228,0.0,25011.299724929228,0.0
2016-06-27,25011.299724929228,0.0,25011.299724929228,0.0
2016-06-28,25011.299724929228,0.0,25011.299724929228,0.0
2016-06-29,25011.299724929228,0.0,25011.299724929228,0.0
2016-06-30,25011.299724929228,0.0,25011.299724929228,0.0
2016-07-01,25011.299724929228,0.0,25011.299724929228,0.0
2016-07-02,25011.299724929228,0.0,25011.299724929228,0.0
2016-07-04,25011.299724929228,0.0,25011.299724929228,0.0
2016-07-05,25011.299724929228,0.0,25011.299724929228,0.0
2016-07-06,25011.299724929228,0.0,25011.299724929228,0.0
2016-07-07,25011.299724929228,0.0,25011.299724929228,0.0
2016-07-08,25011.299724929228,0.0,25011.299724929228,0.0
2016-07-09,25011.299724929228,0.0,25011.299724929228,0.0
2016-07-11,25011.299724929228,0.0,25011.299724929228,0.0
2016-07-12,25011.299724929228,0.0,25011.299724929228,0.0
2016-07-13,25011.299724929228,0.0,25011.299724929228,0.0
2016-07-14,25011.299724929228,0.0,25011.299724929228,0.0
2016-07-15,25011.299724929228,0.0,25011.299724929228,0.0
2016-07-16,25011.299724929228,0.0,25011.299724929228,0.0
2016-07-18,25011.299724929228,0.0,25011.299724929228,0.0
2016-07-19,25011.299724929228,0.0,25011.299724929228,0.0
2016-07-20,25011.299724929228,0.0,25011.299724929228,0.0
2016-07-21,25011.299724929228,0.0,25011.299724929228,0.0
2016-07-22,25011.299724929228,0.0,25011.299724929228,0.0
2016-07-23,25011.299724929228,0.0,25011.299724929228,0.0
2016-07-25,25011.299724929228,0.0,25011.299724929228,0.0
2016-07-26,25011.299724929228,0.0,25011.299724929228,0.0
2016-07-27,25011.299724929228,0.0,25011.299724929228,0.0
2016-07-28,25011.299724929228,0.0,25011.299724929228,0.0
2016-07-29,25011.299724929228,0.0,25011.299724929228,0.0
2016-07-30,25011.299724929228,0.0,25011.299724929228,0.0
2016-08-01,25011.299724929228,0.0,25011.299724929228,0.0
2016-08-02,25011.299724929228,0.0,25011.299724929228,0.0
2016-08-03,25011.299724929228,0.0,25011.299724929228,0.0
2016-08-04,25011.299724929228,0.0,25011.299724929228,0.0
2016-08-05,25011.299724929228,0.0,25011.299724929228,0.0
2016-08-06,25011.299724929228,0.0,25011.299724929228,0.0
2016-08-08,25011.299724929228,0.0,25011.299724929228,0.0
2016-08-09,25011.299724929228,0.0,25011.299724929228,0.0
2016-08-10,25011.299724929228,0.0,25011.299724929228,0.0
2016-08-11,25011.299724929228,0.0,25011.299724929228,0.0
2016-08-12,25011.299724929228,0.0,25011.299724929228,0.0
2016-08-13,25011.299724929228,0.0,25011.299724929228,0.0
2016-08-15,25011.299724929228,0.0,25011.299724929228,0.0
2016-08-16,25011.299724929228,0.0,25011.299724929228,0.0
2016-08-17,25011.299724929228,0.0,25011.299724929228,0.0
2016-08-18,25011.299724929228,0.0,25011.299724929228,0.0
2016-08-19,25011.299724929228,0.0,25011.299724929228,0.0
2016-08-20,25011.299724929228,0.0,25011.299724929228,0.0
2016-08-22,25011.299724929228,0.0,25011.299724929228,0.0
2016-08-23,25011.299724929228,0.0,25011.299724929228,0.0
2016-08-24,25011.299724929228,0.0,25011.299724929228,0.0
2016-08-25,25011.299724929228,0.0,25011.299724929228,0.0
2016-08-26,25011.299724929228,0.0,25011.299724929228,0.0
2016-08-27,25011.299724929228,0.0,25011.299724929228,0.0
2016-08-29,25011.299724929228,0.0,25011.299724929228,0.0
2016-08-30,25011.299724929228,0.0,25011.299724929228,0.0
2016-08-31,25011.299724929228,0.0,25011.299724929228,0.0
2016-09-01,25011.299724929228,0.0,25011.299724929228,0.0
2016-09-02,25011.299724929228,0.0,25011.299724929228,0.0
2016-09-03,25011.299724929228,0.0,25011.299724929228,0.0
2016-09-05,25011.299724929228,0.0,25011.299724929228,0.0
2016-09-06,25011.299724929228,0.0,25011.299724929228,0.0
2016-09-07,25011.299724929228,0.0,25011.299724929228,0.0
2016-09-08,25011.299724929228,0.0,25011.299724929228,0.0
2016-09-09,25011.299724929228,0.0,25011.299724929228,0.0
2016-09-10,25011.299724929228,0.0,25011.299724929228,0.0
2016-09-12,25011.299724929228,0.0,25011.299724929228,0.0
2016-09-13,25011.299724929228,0.0,25011.299724929228,0.0
2016-09-14,25011.299724929228,0.0,25011.299724929228,0.0
2016-09-15,25011.299724929228,0.0,25011.299724929228,0.0
2016-09-16,25011.299724929228,0.0,25011.299724929228,0.0
2016-09-17,25011.299724929228,0.0,25011.299724929228,0.0
2016-09-19,25011.299724929228,0.0,25011.299724929228,0.0
2016-09-20,25011.299724929228,0.0,25011.299724929228,0.0
2016-09-21,25011.299724929228,0.0,25011.299724929228,0.0
2016-09-22,25011.299724929228,0.0,25011.299724929228,0.0
2016-09-23,25011.299724929228,0.0,25011.299724929228,0.0
2016-09-24,25011.299724929228,0.0,25011.299724929228,0.0
2016-09-26,25011.299724929228,0.0,25011.299724929228,0.0
2016-09-27,25011.299724929228,0.0,25011.299724929228,0.0
2016-09-28,25011.299724929228,0.0,25011.299724929228,0.0
2016-09-29,25011.299724929228,0.0,25011.299724929228,0.0
2016-09-30,25011.299724929228,0.0,25011.299724929228,0.0
2016-10-01,25011.299724929228,0.0,25011.299724929228,0.0
2016-10-03,25011.299724929228,0.0,25011.299724929228,0.0
2016-10-04,25011.299724929228,0.0,25011.299724929228,0.0
2016-10-05,25011.299724929228,0.0,25011.299724929228,0.0
2016-10-06,25011.299724929228,0.0,25011.299724929228,0.0
2016-10-07,25011.299724929228,0.0,25011.299724929228,0.0
2016-10-08,25011.299724929228,0.0,25011.299724929228,0.0
2016-10-10,25011.299724929228,0.0,25011.299724929228,0.0
2016-10-11,25011.299724929228,-10.912736455580268,25000.38698847365,0.04
2016-10-12,25011.299724929228,29.78330438424583,25041.083029313475,0.04
2016-10-13,25011.299724929228,-3.401446253405114,25007.89827867582,0.04
2016-10-14,25011.299724929228,28.196636232741643,25039.496361161968,0.04
2016-10-15,25011.299724929228,18.790667144914615,25030.090392074144,0.04
2016-10-17,25011.299724929228,9.749291786815943,25021.049016716042,0.04
2016-10-18,25011.299724929228,8.582832946605722,25019.882557875833,0.04
2016-10-19,25011.299724929228,-12.912485680012791,24998.387239249216,0.04
2016-10-20,25011.299724929228,13.370170292964977,25024.669895222192,0.04
2016-10-21,25011.299724929228,7.471275512940325,25018.771000442168,0.04
2016-10-22,25011.299724929228,0.7616285546568213,25012.061353483885,0.04
2016-10-24,25011.299724929228,28.050981038819817,25039.35070596805,0.04
2016-10-25,25011.299724929228,26.648007348501007,25037.947732277727,0.04
2016-10-26,25011.299724929228,40.71414478272247,25052.01386971195,0.04
2016-10-27,25011.299724929228,78.84816479662283,25090.14788972585,0.04
2016-10-28,25011.299724929228,51.983349740420294,25063.28307466965,0.04
2016-10-29,25011.299724929228,52.901552831364185,25064.201277760592,0.04
2016-10-31,25011.299724929228,57.28059028344709,25068.580315212675,0.04
2016-11-01,25011.299724929228,23.39305945602963,25034.692784385257,0.04
2016-11-02,25011.299724929228,-19.381301575567726,24991.918423353658,0.04
2016-11-03,25011.299724929228,-35.69194715210806,24975.60777777712,0.04
2016-11-04,25011.299724929228,-29.38748948167087,24981.912235447555,0.04
2016-11-07,25011.299724929228,41.376829545564505,25052.67655447479,0.04
2016-11-08,25011.299724929228,70.8720362687827,25082.17176119801,0.04
2016-11-09,24904.845514735058,0.0,24904.845514735058,0.0
2016-11-10,24904.845514735058,0.0,24904.845514735058,0.0
2016-11-11,24904.845514735058,0.0,24904.845514735058,0.0
2016-11-12,24904.845514735058,0.0,24904.845514735058,0.0
2016-11-14,24904.845514735058,0.0,24904.845514735058,0.0
2016-11-15,24904.845514735058,0.0,24904.845514735058,0.0
2016-11-16,24904.845514735058,0.0,24904.845514735058,0.0
2016-11-17,24904.845514735058,0.0,24904.845514735058,0.0
2016-11-18,24904.845514735058,0.0,24904.845514735058,0.0
2016-11-19,24904.845514735058,0.0,24904.845514735058,0.0
2016-11-21,24904.845514735058,0.0,24904.845514735058,0.0
2016-11-22,24904.845514735058,0.0,24904.845514735058,0.0
2016-11-23,24904.845514735058,0.0,24904.845514735058,0.0
2016-11-24,24904.845514735058,0.0,24904.845514735058,0.0
2016-11-25,24904.845514735058,0.0,24904.845514735058,0.0
2016-11-26,24904.845514735058,0.0,24904.845514735058,0.0
2016-11-28,24904.845514735058,0.0,24904.845514735058,0.0
2016-11-29,24904.845514735058,0.0,24904.845514735058,0.0
2016-11-30,24904.845514735058,0.0,24904.845514735058,0.0
2016-12-01,24904.845514735058,0.0,24904.845514735058,0.0
2016-12-02,24904.845514735058,0.0,24904.845514735058,0.0
2016-12-03,24904.845514735058,0.0,24904.845514735058,0.0
2016-12-05,24904.845514735058,0.0,24904.845514735058,0.0
2016-12-06,24904.845514735058,0.0,24904.845514735058,0.0
2016-12-07,24904.845514735058,0.0,24904.845514735058,0.0
2016-12-08,24904.845514735058,0.0,24904.845514735058,0.0
2016-12-09,24904.845514735058,0.0,24904.845514735058,0.0
2016-12-10,24904.845514735058,0.0,24904.845514735058,0.0
2016-12-12,24904.845514735058,0.0,24904.845514735058,0.0
2016-12-13,24904.845514735058,0.0,24904.845514735058,0.0
2016-12-14,24904.845514735058,0.0,24904.845514735058,0.0
2016-12-15,24904.845514735058,0.0,24904.845514735058,0.0
2016-12-16,24904.845514735058,0.0,24904.845514735058,0.0
2016-12-17,24904.845514735058,0.0,24904.845514735058,0.0
2016-12-19,24904.845514735058,0.0,24904.845514735058,0.0
2016-12-20,24904.845514735058,0.0,24904.845514735058,0.0
2016-12-21,24904.845514735058,0.0,24904.845514735058,0.0
2016-12-22,24904.845514735058,0.0,24904.845514735058,0.0
2016-12-23,24904.845514735058,0.0,24904.845514735058,0.0
2016-12-24,24904.845514735058,0.0,24904.845514735058,0.0
2016-12-26,24904.845514735058,0.0,24904.845514735058,0.0
2016-12-27,24904.845514735058,0.0,24904.845514735058,0.0
2016-12-28,24904.845514735058,0.0,24904.845514735058,0.0
2016-12-29,24904.845514735058,0.0,24904.845514735058,0.0
2016-12-30,24904.845514735058,0.0,24904.845514735058,0.0
2016-12-31,24904.845514735058,0.0,24904.845514735058,0.0
2017-01-02,24904.845514735058,0.0,24904.845514735058,0.0
2017-01-03,24904.845514735058,0.0,24904.845514735058,0.0
2017-01-04,24904.845514735058,0.0,24904.845514735058,0.0
2017-01-05,24904.845514735058,0.0,24904.845514735058,0.0
2017-01-06,24904.845514735058,0.0,24904.845514735058,0.0
2017-01-07,24904.845514735058,0.0,24904.845514735058,0.0
2017-01-09,24904.845514735058,0.0,24904.845514735058,0.0
2017-01-10,24904.845514735058,0.0,24904.845514735058,0.0
2017-01-11,24904.845514735058,0.0,24904.845514735058,0.0
2017-01-12,24904.845514735058,0.0,24904.845514735058,0.0
2017-01-13,24904.845514735058,0.0,24904.845514735058,0.0
2017-01-14,24904.845514735058,0.0,24904.845514735058,0.0
2017-01-16,24904.845514735058,0.0,24904.845514735058,0.0
2017-01-17,24904.845514735058,0.0,24904.845514735058,0.0
2017-01-18,24904.845514735058,0.0,24904.845514735058,0.0
2017-01-19,24904.845514735058,0.0,24904.845514735058,0.0
2017-01-20,24904.845514735058,0.0,24904.845514735058,0.0
2017-01-21,24904.845514735058,0.0,24904.845514735058,0.0
2017-01-23,24904.845514735058,0.0,24904.845514735058,0.0
2017-01-24,24904.845514735058,0.0,24904.845514735058,0.0
2017-01-25,24904.845514735058,0.0,24904.845514735058,0.0
2017-01-26,24904.845514735058,0.0,24904.845514735058,0.0
2017-01-27,24904.845514735058,0.0,24904.845514735058,0.0
2017-01-28,24904.845514735058,0.0,24904.845514735058,0.0
2017-01-30,24904.845514735058,0.0,24904.845514735058,0.0
2017-01-31,24904.845514735058,0.0,24904.845514735058,0.0
2017-02-01,24904.845514735058,0.0,24904.845514735058,0.0
2017-02-02,24904.845514735058,0.0,24904.845514735058,0.0
2017-02-03,24904.845514735058,0.0,24904.845514735058,0.0
2017-02-04,24904.845514735058,0.0,24904.845514735058,0.0
2017-02-06,24904.845514735058,21.233847335197325,24926.079362070253,-0.03
2017-02-07,24904.845514735058,0.20283432650223882,24905.04834906156,-0.03
2017-02-08,24904.845514735058,10.913918723828042,24915.759433458887,-0.03
2017-02-09,24904.845514735058,-30.62315658957159,24874.222358145485,-0.03
2017-02-10,24904.845514735058,-34.513075219935125,24870.33243951512,-0.03
2017-02-11,24904.845514735058,-24.374489784485444,24880.471024950573,-0.03
2017-02-13,24904.845514735058,-45.211068413498204,24859.63444632156,-0.03
2017-02-14,24904.845514735058,-64.64789046627388,24840.197624268785,-0.03
2017-02-15,24904.845514735058,-58.758895984604415,24846.086618750454,-0.03
2017-02-16,24904.845514735058,-29.669633689966414,24875.175881045092,-0.03
2017-02-17,24904.845514735058,-19.228949178841898,24885.616565556214,-0.03
2017-02-18,24904.845514735058,-11.70679072075492,24893.1387240143,-0.03
2017-02-20,24904.845514735058,-25.982704129314826,24878.862810605744,-0.03
2017-02-21,24904.845514735058,-43.0181502345452,24861.827364500514,-0.03
2017-02-22,24904.845514735058,-24.66808407134616,24880.177430663713,-0.03
2017-02-23,24904.845514735058,-12.863794493789118,24891.981720241267,-0.03
2017-02-24,24904.845514735058,9.49018377855637,24914.335698513612,-0.03
2017-02-25,24904.845514735058,12.400038652169412,24917.245553387227,-0.03
2017-02-27,24904.845514735058,-12.834517467335113,24892.010997267724,-0.03
2017-02-28,24904.845514735058,1.9706096414610177,24906.816124376517,-0.03
2017-03-01,24904.845514735058,-44.49219676693736,24860.35331796812,-0.03
2017-03-02,24904.845514735058,-69.44121460313745,24835.40430013192,-0.03
2017-03-03,24904.845514735058,-53.48370429128789,24851.36181044377,-0.03
2017-03-04,24904.845514735058,-53.02620987554946,24851.81930485951,-0.03
2017-03-06,24904.845514735058,-52.887144391748826,24851.95837034331,-0.03
2017-03-07,24904.845514735058,-56.49339814850331,24848.352116586553,-0.03
2017-03-08,24904.845514735058,-68.7759023518568,24836.069612383202,-0.03
2017-03-09,24904.845514735058,-89.62580763127612,24815.21970710378,-0.03
2017-03-10,24814.499155455444,0.0,24814.499155455444,0.0
2017-03-11,24814.499155455444,0.0,24814.499155455444,0.0
2017-03-13,24814.499155455444,0.0,24814.499155455444,0.0
2017-03-14,24814.499155455444,0.0,24814.499155455444,0.0
2017-03-15,24814.499155455444,0.0,24814.499155455444,0.0
2017-03-16,24814.499155455444,0.0,24814.499155455444,0.0
2017-03-17,24814.499155455444,0.0,24814.499155455444,0.0
2017-03-20,24814.499155455444,0.0,24814.499155455444,0.0
2017-03-21,24814.499155455444,0.0,24814.499155455444,0.0
2017-03-22,24814.499155455444,24.572926583900525,24839.072082039344,-0.04
2017-03-23,24814.499155455444,36.058120959853376,24850.557276415297,-0.04
2017-03-24,24814.499155455444,21.586562083531607,24836.085717538976,-0.04
2017-03-27,24814.499155455444,50.148106376215004,24864.64726183166,-0.04
2017-03-28,24814.499155455444,27.18163069629764,24841.68078615174,-0.04
2017-03-29,24814.499155455444,33.18057714747485,24847.67973260292,-0.04
2017-03-30,24814.499155455444,-5.605081910344798,24808.8940735451,-0.04
2017-03-31,24814.499155455444,16.644600344550813,24831.143755799996,-0.04
2017-04-01,24814.499155455444,19.31231473074678,24833.81147018619,-0.04
2017-04-03,24814.499155455444,38.54501267042144,24853.044168125864,-0.04
2017-04-04,24814.499155455444,44.91550660511774,24859.41466206056,-0.04
2017-04-05,24814.499155455444,48.27204730810324,24862.771202763546,-0.04
2017-04-06,24814.499155455444,41.52460041939699,24856.02375587484,-0.04
2017-04-07,24814.499155455444,22.479219384150436,24836.978374839593,-0.04
2017-04-08,24814.499155455444,33.858334457281664,24848.357489912723,-0.04
2017-04-10,24814.499155455444,35.01474938563051,24849.513904841075,-0.04
2017-04-11,24814.499155455444,94.56235258164888,24909.06150803709,-0.04
2017-04-12,24814.499155455444,122.3673465029255,24936.866501958368,-0.04
2017-04-13,24814.499155455444,127.79845023970783,24942.297605695152,-0.04
2017-04-14,24814.499155455444,148.6075772847532,24963.106732740198,-0.04
2017-04-15,24814.499155455444,152.4219092974713,24966.921064752914,-0.04
2017-04-17,24814.499155455444,133.48895551856242,24947.988110974005,-0.04
2017-04-18,24814.499155455444,156.3461412211026,24970.845296676547,-0.04
2017-04-19,24814.499155455444,137.89919184704473,24952.39834730249,-0.04
2017-04-20,24814.499155455444,115.48233562674132,24929.981491082184,-0.04
2017-04-21,24814.499155455444,125.68135467860223,24940.180510134047,-0.04
2017-04-22,24814.499155455444,131.40782073311183,24945.906976188555,-0.04
2017-04-24,24814.499155455444,95.76024965795932,24910.259405113404,-0.04
2017-04-25,24814.499155455444,27.774817407293753,24842.27397286274,-0.04
2017-04-26,24814.499155455444,30.194550864116405,24844.69370631956,-0.04
2017-04-27,24814.499155455444,23.411430064445483,24837.91058551989,-0.04
2017-04-28,24814.499155455444,11.017281811440926,24825.516437266884,-0.04
2017-04-29,24814.499155455444,7.004005672512815,24821.503161127956,-0.04
2017-05-01,24814.499155455444,-5.447433438522601,24809.05172201692,-0.04
2017-05-02,24814.499155455444,-16.746983857769532,24797.752171597673,-0.04
2017-05-03,24814.499155455444,-46.55801128670544,24767.941144168737,-0.04
2017-05-04,24814.499155455444,-32.42257558941291,24782.076579866032,-0.04
2017-05-05,24814.499155455444,-38.52257249395794,24775.976582961484,-0.04
2017-05-06,24814.499155455444,-44.306825241409136,24770.192330214035,-0.04
2017-05-08,24814.499155455444,-72.44465532946376,24742.05450012598,-0.04
2017-05-09,24709.744625158706,0.0,24709.744625158706,0.0
2017-05-10,24709.744625158706,18.87181873222541,24728.616443890933,0.05
2017-05-11,24709.744625158706,-6.12819871909462,24703.61642643961,0.05
2017-05-12,24709.744625158706,-38.877749323447766,24670.866875835258,0.05
2017-05-13,24709.744625158706,-37.14319737629067,24672.601427782414,0.05
2017-05-15,24709.744625158706,-10.951132234415294,24698.79349292429,0.05
2017-05-16,24709.744625158706,-51.952418174320336,24657.792206984384,0.05
2017-05-17,24594.2770424827,0.0,24594.2770424827,0.0
2017-05-18,24594.2770424827,0.0,24594.2770424827,0.0
2017-05-19,24594.2770424827,0.0,24594.2770424827,0.0
2017-05-20,24594.2770424827,0.0,24594.2770424827,0.0
2017-05-22,24594.2770424827,0.0,24594.2770424827,0.0
2017-05-23,24594.2770424827,0.0,24594.2770424827,0.0
2017-05-24,24594.2770424827,0.0,24594.2770424827,0.0
2017-05-25,24594.2770424827,0.0,24594.2770424827,0.0
2017-05-26,24594.2770424827,0.0,24594.2770424827,0.0
2017-05-27,24594.2770424827,0.0,24594.2770424827,0.0
2017-05-29,24594.2770424827,0.0,24594.2770424827,0.0
2017-05-30,24594.2770424827,31.711417422097064,24625.9884599048,-0.05
2017-05-31,24594.2770424827,32.565097174603125,24626.842139657303,-0.05
2017-06-01,24594.2770424827,-3.539042457548301,24590.73800002515,-0.05
2017-06-02,24594.2770424827,52.66977930170545,24646.946821784404,-0.05
2017-06-03,24594.2770424827,56.71567433362942,24650.99271681633,-0.05
2017-06-05,24594.2770424827,48.73309639601947,24643.01013887872,-0.05
2017-06-06,24594.2770424827,112.33075510388923,24706.60779758659,-0.05
2017-06-07,24594.2770424827,90.77539048368769,24685.052432966386,-0.05
2017-06-08,24594.2770424827,78.0842166349875,24672.361259117686,-0.05
2017-06-09,24594.2770424827,63.82165948832065,24658.09870197102,-0.05
2017-06-10,24594.2770424827,58.88517930632031,24653.162221789018,-0.05
2017-06-12,24594.2770424827,85.56504461196383,24679.842087094665,-0.05
2017-06-13,24594.2770424827,77.97035420617394,24672.247396688872,-0.05
2017-06-14,24594.2770424827,98.43231086067028,24692.70935334337,-0.05
2017-06-15,24594.2770424827,21.934737572984922,24616.211780055684,-0.05
2017-06-16,24594.2770424827,26.626429410883905,24620.903471893584,-0.05
2017-06-17,24594.2770424827,27.126846380216723,24621.403888862915,-0.05
2017-06-19,24594.2770424827,-17.3787459746726,24576.89829650803,-0.05
2017-06-20,24594.2770424827,-10.283937521552236,24583.993104961148,-0.05
2017-06-21,24594.2770424827,-3.5078072176545887,24590.769235265045,-0.05
2017-06-22,24594.2770424827,2.7195806342697577,24596.99662311697,-0.05
2017-06-23,24594.2770424827,1.7721647157578397,24596.04920719846,-0.05
2017-06-24,24594.2770424827,3.314968542257645,24597.592011024957,-0.05
2017-06-26,24594.2770424827,-34.38614057927412,24559.890901903425,-0.05
2017-06-27,24594.2770424827,-52.29294849538595,24541.984093987314,-0.05
2017-06-28,24594.2770424827,-56.358944917057364,24537.91809756564,-0.05
2017-06-29,24594.2770424827,-45.30450873272264,24548.972533749977,-0.05
2017-06-30,24547.91795764678,0.0,24547.91795764678,0.0
2017-07-01,24547.91795764678,0.0,24547.91795764678,0.0
2017-07-03,24547.91795764678,0.0,24547.91795764678,0.0
2017-07-04,24547.91795764678,0.0,24547.91795764678,0.0
2017-07-05,24547.91795764678,0.0,24547.91795764678,0.0
2017-07-06,24547.91795764678,0.0,24547.91795764678,0.0
2017-07-07,24547.91795764678,0.0,24547.91795764678,0.0
2017-07-08,24547.91795764678,0.0,24547.91795764678,0.0
2017-07-10,24547.91795764678,0.0,24547.91795764678,0.0
2017-07-11,24547.91795764678,0.0,24547.91795764678,0.0
2017-07-12,24547.91795764678,0.0,24547.91795764678,0.0
2017-07-13,24547.91795764678,0.0,24547.91795764678,0.0
2017-07-14,24547.91795764678,0.0,24547.91795764678,0.0
2017-07-15,24547.91795764678,0.0,24547.91795764678,0.0
2017-07-17,24547.91795764678,0.0,24547.91795764678,0.0
2017-07-18,24547.91795764678,0.0,24547.91795764678,0.0
2017-07-19,24547.91795764678,0.0,24547.91795764678,0.0
2017-07-20,24547.91795764678,0.0,24547.91795764678,0.0
2017-07-21,24547.91795764678,0.0,24547.91795764678,0.0
2017-07-22,24547.91795764678,0.0,24547.91795764678,0.0
2017-07-24,24547.91795764678,0.0,24547.91795764678,0.0
2017-07-25,24547.91795764678,0.0,24547.91795764678,0.0
2017-07-26,24547.91795764678,0.0,24547.91795764678,0.0
2017-07-27,24547.91795764678,0.0,24547.91795764678,0.0
2017-07-28,24547.91795764678,0.0,24547.91795764678,0.0
2017-07-29,24547.91795764678,-4.453160148400547,24543.464797498378,-0.05
2017-07-31,24547.91795764678,18.69648288433063,24566.61444053111,-0.05
2017-08-01,24547.91795764678,14.303819336295442,24562.221776983075,-0.05
2017-08-02,24547.91795764678,-6.5770094039868905,24541.340948242792,-0.05
2017-08-03,24547.91795764678,35.56088046471914,24583.4788381115,-0.05
2017-08-04,24547.91795764678,-6.217270915540426,24541.700686731238,-0.05
2017-08-05,24547.91795764678,-6.482566060452542,24541.43539158633,-0.05
2017-08-07,24547.91795764678,-9.619008783645489,24538.298948863136,-0.05
2017-08-08,24547.91795764678,12.45833598158387,24560.376293628364,-0.05
2017-08-09,24547.91795764678,32.38780440107853,24580.305762047858,-0.05
2017-08-10,24547.91795764678,80.67516707126738,24628.593124718045,-0.05
2017-08-11,24547.91795764678,86.12434537971214,24634.04230302649,-0.05
2017-08-12,24547.91795764678,81.16111633373423,24629.079073980512,-0.05
2017-08-14,24547.91795764678,52.604576240175575,24600.522533886957,-0.05
2017-08-15,24547.91795764678,1.3545686148681166,24549.272526261648,-0.05
2017-08-16,24547.91795764678,20.41146913207155,24568.32942677885,-0.05
2017-08-17,24547.91795764678,61.69685200188698,24609.614809648665,-0.05
2017-08-18,24547.91795764678,81.3516879451511,24629.269645591932,-0.05
2017-08-19,24547.91795764678,81.95834817111319,24629.876305817892,-0.05
2017-08-21,24547.91795764678,95.95227832680756,24643.870235973587,-0.05
2017-08-22,24547.91795764678,57.861976448774946,24605.779934095553,-0.05
2017-08-23,24547.91795764678,92.20080213571319,24640.118759782494,-0.05
2017-08-24,24547.91795764678,57.699953880310375,24605.61791152709,-0.05
2017-08-25,24547.91795764678,74.35900533841868,24622.276962985197,-0.05
2017-08-26,24547.91795764678,69.94968577113991,24617.867643417918,-0.05
2017-08-28,24547.91795764678,102.00798796316694,24649.925945609946,-0.05
2017-08-29,24547.91795764678,53.67984211487377,24601.597799761654,-0.05
2017-08-30,24547.91795764678,18.661075185426657,24566.579032832207,-0.05
2017-08-31,24547.91795764678,36.025353808538554,24583.943311455318,-0.05
2017-09-01,24547.91795764678,17.643792773220305,24565.561750419998,-0.05
2017-09-04,24547.91795764678,50.57466333919339,24598.492620985973,-0.05
2017-09-05,24547.91795764678,104.77041340141498,24652.688371048196,-0.05
2017-09-06,24547.91795764678,75.85542296964562,24623.773380616425,-0.05
2017-09-07,24547.91795764678,124.3962987735209,24672.3142564203,-0.05
2017-09-08,24547.91795764678,156.65293445261156,24704.57089209939,-0.05
2017-09-11,24547.91795764678,68.10429152996284,24616.02224917674,-0.05
2017-09-12,24547.91795764678,23.093874437195673,24571.011832083976,-0.05
2017-09-13,24547.91795764678,3.8653064461557367,24551.783264092934,-0.05
2017-09-14,24547.91795764678,18.493751987095788,24566.411709633874,-0.05
2017-09-15,24547.91795764678,-15.632698063045629,24532.285259583732,-0.05
2017-09-18,24547.91795764678,-56.416971025553046,24491.500986621228,-0.05
2017-09-19,24547.91795764678,-58.209937086108994,24489.70802056067,-0.05
2017-09-20,24436.469737904852,0.0,24436.469737904852,0.0
2017-09-21,24436.469737904852,0.0,24436.469737904852,0.0
2017-09-22,24436.469737904852,-22.79873826886653,24413.670999635986,0.04
2017-09-25,24436.469737904852,-34.399916367391555,24402.06982153746,0.04
2017-09-26,24436.469737904852,-11.248217344847836,24425.221520560004,0.04
2017-09-27,24436.469737904852,14.495973135386036,24450.965711040237,0.04
2017-09-28,24436.469737904852,-6.511781429817149,24429.957956475035,0.04
2017-09-29,24436.469737904852,-1.0056651947179283,24435.464072710136,0.04
2017-10-02,24436.469737904852,12.5197204534686,24448.98945835832,0.04
2017-10-03,24436.469737904852,16.0787989598122,24452.548536864666,0.04
2017-10-04,24436.469737904852,12.3865904388055,24448.856328343656,0.04
2017-10-05,24436.469737904852,15.289798387700362,24451.759536292553,0.04
2017-10-06,24436.469737904852,7.6818786060956175,24444.151616510946,0.04
2017-10-09,24436.469737904852,9.077775213101303,24445.547513117952,0.04
2017-10-10,24436.469737904852,-1.3820980177661242,24435.087639887086,0.04
2017-10-11,24436.469737904852,0.6325979751634578,24437.102335880016,0.04
2017-10-12,24436.469737904852,-8.636295082576334,24427.833442822277,0.04
2017-10-13,24436.469737904852,-29.02058403686835,24407.449153867983,0.04
2017-10-16,24436.469737904852,-13.523064281660139,24422.94667362319,0.04
2017-10-17,24436.469737904852,-13.043814187812627,24423.42592371704,0.04
2017-10-18,24436.469737904852,20.398082229702837,24456.867820134554,0.04
2017-10-19,24436.469737904852,2.744377799308632,24439.214115704162,0.04
2017-10-20,24436.469737904852,46.18713850528226,24482.656876410136,0.04
2017-10-23,24436.469737904852,42.7155812543915,24479.18531915924,0.04
2017-10-24,24436.469737904852,64.32072144467355,24500.790459349526,0.04
2017-10-25,24436.469737904852,56.577218661772264,24493.046956566624,0.04
2017-10-26,24436.469737904852,68.86316787591943,24505.33290578077,0.04
2017-10-27,24436.469737904852,55.49954611009464,24491.969284014947,0.04
2017-10-30,24436.469737904852,31.80845949244277,24468.278197397296,0.04
2017-10-31,24436.469737904852,53.09638122375557,24489.56611912861,0.04
2017-11-01,24436.469737904852,78.04734679208842,24514.51708469694,0.04
2017-11-02,24436.469737904852,73.182472532681,24509.652210437533,0.04
2017-11-03,24436.469737904852,72.58586155653073,24509.055599461382,0.04
2017-11-06,24436.469737904852,59.299827277492724,24495.769565182345,0.04
2017-11-07,24436.469737904852,66.59744628316383,24503.067184188018,0.04
2017-11-08,24436.469737904852,62.94288157723611,24499.41261948209,0.04
2017-11-09,24436.469737904852,39.7695604582376,24476.23929836309,0.04
2017-11-10,24436.469737904852,48.531304303085655,24485.00104220794,0.04
2017-11-13,24436.469737904852,51.00559810254275,24487.475336007396,0.04
2017-11-14,24436.469737904852,43.91347222832016,24480.38321013317,0.04
2017-11-15,24436.469737904852,15.059974270971,24451.529712175823,0.04
2017-11-16,24436.469737904852,26.42559744952147,24462.895335354373,0.04
2017-11-17,24436.469737904852,-20.482114215043598,24415.98762368981,0.04
2017-11-20,24436.469737904852,6.454152816061263,24442.923890720915,0.04
2017-11-21,24436.469737904852,-0.9023003516218252,24435.56743755323,0.04
2017-11-22,24436.469737904852,-59.87360122601901,24376.596136678832,0.04
2017-11-23,24436.469737904852,-59.791319052448394,24376.678418852403,0.04
2017-11-24,24436.469737904852,-42.51264557092053,24393.95709233393,0.04
2017-11-27,24436.469737904852,-64.69706155255413,24371.7726763523,0.04
2017-11-28,24436.469737904852,-48.51035211250863,24387.959385792343,0.04
2017-11-29,24436.469737904852,-28.691324450102634,24407.77841345475,0.04
2017-11-30,24406.817936246025,0.0,24406.817936246025,0.0
2017-12-01,24406.817936246025,-26.50789575195825,24380.310040494067,0.05
2017-12-04,24430.19132542004,0.0,24430.19132542004,0.0
2017-12-05,24430.19132542004,2.7485669510948845,24432.939892371134,0.05
2017-12-06,24430.19132542004,-19.910356416127176,24410.280969003914,0.05
2017-12-07,24410.218906854934,0.0,24410.218906854934,0.0
2017-12-08,24410.218906854934,21.682750227255024,24431.901657082188,0.05
2017-12-11,24410.218906854934,25.726499514079784,24435.945406369014,0.05
2017-12-12,24410.218906854934,24.123600280374433,24434.34250713531,0.05
2017-12-13,24410.218906854934,-35.88678210568022,24374.332124749253,0.05
2017-12-14,24410.218906854934,-49.26725449316422,24360.95165236177,0.05
2017-12-15,24410.218906854934,-30.457777526374826,24379.76112932856,0.05
2017-12-18,24410.218906854934,-32.24932815583248,24377.969578699103,0.05
2017-12-19,24410.218906854934,-14.251373277489954,24395.967533577445,0.05
2017-12-20,24410.218906854934,17.12807938228873,24427.346986237222,0.05
2017-12-21,24410.218906854934,10.658121278337019,24420.877028133273,0.05
2017-12-22,24410.218906854934,10.043953291432496,24420.262860146366,0.05
2017-12-26,24410.218906854934,4.477833958563642,24414.6967408135,0.05
2017-12-27,24410.218906854934,10.358294236192723,24420.577201091128,0.05
2017-12-28,24410.218906854934,-11.96808622518266,24398.25082062975,0.05
2017-12-29,24410.218906854934,-26.99248244579085,24383.226424409142,0.05
2018-01-02,24410.218906854934,-47.37004463168428,24362.84886222325,0.05
2018-01-03,24410.218906854934,-36.52063472490199,24373.698272130034,0.05
2018-01-04,24410.218906854934,-21.37190929033561,24388.8469975646,0.05
2018-01-05,24410.218906854934,1.5387366698088643,24411.757643524743,0.05
2018-01-08,24410.218906854934,-1.3900886647669122,24408.828818190166,0.05
2018-01-09,24410.218906854934,-28.295398107326044,24381.923508747608,0.05
2018-01-10,24410.218906854934,-98.76148629986723,24311.457420555067,0.05
2018-01-11,24292.31585583793,0.0,24292.31585583793,0.0
2018-01-12,24292.31585583793,11.843127890511141,24304.15898372844,-0.06
2018-01-15,24292.31585583793,49.17652347828804,24341.492379316216,-0.06
2018-01-16,24292.31585583793,55.6446193822311,24347.96047522016,-0.06
2018-01-17,24292.31585583793,4.867524201635732,24297.183380039565,-0.06
2018-01-18,24292.31585583793,9.899059690127116,24302.214915528057,-0.06
2018-01-19,24292.31585583793,33.30598250641604,24325.621838344345,-0.06
2018-01-22,24292.31585583793,16.031865262994152,24308.347721100923,-0.06
2018-01-23,24292.31585583793,59.815571240827126,24352.131427078755,-0.06
2018-01-24,24292.31585583793,140.2695095944345,24432.585365432362,-0.06
2018-01-25,24292.31585583793,133.03303390081558,24425.348889738743,-0.06
2018-01-26,24292.31585583793,169.1296785139628,24461.445534351893,-0.06
2018-01-29,24292.31585583793,152.8096296897355,24445.125485527664,-0.06
2018-01-30,24292.31585583793,160.4976675919513,24452.81352342988,-0.06
2018-01-31,24292.31585583793,138.82316924077446,24431.139025078704,-0.06
2018-02-01,24292.31585583793,130.44952946695787,24422.765385304887,-0.06
2018-02-02,24292.31585583793,71.3881392431716,24363.7039950811,-0.06
2018-02-05,24292.31585583793,133.06964792728235,24425.38550376521,-0.06
2018-02-06,24292.31585583793,115.89454736928752,24408.210403207217,-0.06
2018-02-07,24292.31585583793,111.9646987434724,24404.2805545814,-0.06
2018-02-08,24292.31585583793,172.54904659502995,24464.86490243296,-0.06
2018-02-09,24292.31585583793,170.3960691414052,24462.711924979336,-0.06
2018-02-12,24292.31585583793,182.2361497658965,24474.552005603826,-0.06
2018-02-13,24292.31585583793,238.4398283504782,24530.755684188407,-0.06
2018-02-14,24292.31585583793,300.9734998707817,24593.28935570871,-0.06
2018-02-15,24292.31585583793,362.2507883726443,24654.566644210572,-0.06
2018-02-16,24292.31585583793,347.23097155010504,24639.546827388032,-0.06
2018-02-19,24292.31585583793,330.36900994193786,24622.684865779866,-0.06
2018-02-20,24292.31585583793,280.86120028996635,24573.177056127897,-0.06
2018-02-21,24292.31585583793,250.35789332653331,24542.673749164464,-0.06
2018-02-22,24292.31585583793,322.7954726883898,24615.11132852632,-0.06
2018-02-23,24292.31585583793,313.3306250532866,24605.646480891217,-0.06
2018-02-26,24292.31585583793,305.8098250399681,24598.125680877896,-0.06
2018-02-27,24292.31585583793,274.19444883364923,24566.510304671578,-0.06
2018-02-28,24292.31585583793,323.1291724695061,24615.445028307437,-0.06
2018-03-01,24292.31585583793,362.47628392001434,24654.792139757945,-0.06
2018-03-02,24292.31585583793,398.9724381108292,24691.288293948757,-0.06
2018-03-05,24292.31585583793,368.94512330218606,24661.260979140116,-0.06
2018-03-06,24292.31585583793,363.06171196411987,24655.37756780205,-0.06
2018-03-07,24292.31585583793,370.1095083318755,24662.425364169805,-0.06
2018-03-08,24292.31585583793,357.53615737731985,24649.852013215248,-0.06
2018-03-09,24292.31585583793,318.4387525277446,24610.754608365674,-0.06
2018-03-12,24292.31585583793,343.11715584731417,24635.433011685243,-0.06
2018-03-13,24292.31585583793,331.15428590307164,24623.470141741,-0.06
2018-03-14,24292.31585583793,349.9242060944853,24642.240061932414,-0.06
2018-03-15,24292.31585583793,348.396001380422,24640.71185721835,-0.06
2018-03-16,24292.31585583793,375.52433917811356,24667.840195016044,-0.06
2018-03-19,24292.31585583793,374.56939745022174,24666.88525328815,-0.06
2018-03-20,24292.31585583793,342.2886113892263,24634.604467227156,-0.06
2018-03-21,24292.31585583793,378.14252642241826,24670.45838226035,-0.06
2018-03-22,24292.31585583793,431.5639291270619,24723.879784964993,-0.06
2018-03-23,24292.31585583793,480.1939604548799,24772.509816292808,-0.06
2018-03-26,24292.31585583793,431.88659832249766,24724.202454160426,-0.06
2018-03-27,24292.31585583793,431.2295957771984,24723.545451615126,-0.06
2018-03-28,24292.31585583793,322.4477976899542,24614.763653527883,-0.06
2018-03-29,24292.31585583793,350.17671657843965,24642.49257241637,-0.06
2018-03-30,24292.31585583793,361.97804161070746,24654.293897448635,-0.06
2018-04-02,24292.31585583793,389.1635287561814,24681.47938459411,-0.06
2018-04-03,24292.31585583793,340.23570182521865,24632.551557663148,-0.06
2018-04-04,24292.31585583793,324.40425349393166,24616.72010933186,-0.06
2018-04-05,24292.31585583793,278.0212261262686,24570.337081964197,-0.06
2018-04-06,24292.31585583793,309.7199956013668,24602.035851439297,-0.06
2018-04-09,24292.31585583793,325.9978082874499,24618.31366412538,-0.06
2018-04-10,24292.31585583793,292.0838548113871,24584.399710649315,-0.06
2018-04-11,24292.31585583793,318.0543874792935,24610.370243317222,-0.06
2018-04-12,24292.31585583793,279.1582039204052,24571.474059758333,-0.06
2018-04-13,24292.31585583793,278.1474631643424,24570.463319002272,-0.06
2018-04-16,24292.31585583793,293.8500527567384,24586.165908594667,-0.06
2018-04-17,24292.31585583793,301.9423471798169,24594.258203017747,-0.06
2018-04-18,24292.31585583793,286.9597431681857,24579.275599006116,-0.06
2018-04-19,24292.31585583793,275.5236101724095,24567.83946601034,-0.06
2018-04-20,24292.31585583793,257.4157823662441,24549.73163820417,-0.06
2018-04-23,24292.31585583793,181.55362417197404,24473.869480009904,-0.06
2018-04-24,24292.31585583793,173.48292363861603,24465.798779476547,-0.06
2018-04-25,24292.31585583793,128.87963726488852,24421.195493102816,-0.06
2018-04-26,24292.31585583793,137.74254379709444,24430.058399635025,-0.06
2018-04-27,24430.09964639127,0.0,24430.09964639127,0.0
2018-04-30,24430.09964639127,0.0,24430.09964639127,0.0
2018-05-01,24430.09964639127,0.0,24430.09964639127,0.0
2018-05-02,24430.09964639127,0.0,24430.09964639127,0.0
2018-05-03,24430.09964639127,0.0,24430.09964639127,0.0
2018-05-04,24430.09964639127,0.0,24430.09964639127,0.0
2018-05-07,24430.09964639127,0.0,24430.09964639127,0.0
2018-05-08,24430.09964639127,0.0,24430.09964639127,0.0
2018-05-09,24430.09964639127,0.0,24430.09964639127,0.0
2018-05-10,24430.09964639127,0.0,24430.09964639127,0.0
2018-05-11,24430.09964639127,0.0,24430.09964639127,0.0
2018-05-14,24430.09964639127,0.0,24430.09964639127,0.0
2018-05-15,24430.09964639127,0.0,24430.09964639127,0.0
2018-05-16,24430.09964639127,0.0,24430.09964639127,0.0
2018-05-17,24430.09964639127,0.0,24430.09964639127,0.0
2018-05-18,24430.09964639127,0.0,24430.09964639127,0.0
2018-05-21,24430.09964639127,0.0,24430.09964639127,0.0
2018-05-22,24430.09964639127,0.0,24430.09964639127,0.0
2018-05-23,24430.09964639127,0.0,24430.09964639127,0.0
2018-05-24,24430.09964639127,0.0,24430.09964639127,0.0
2018-05-25,24430.09964639127,0.0,24430.09964639127,0.0
2018-05-28,24430.09964639127,0.0,24430.09964639127,0.0
2018-05-29,24430.09964639127,0.0,24430.09964639127,0.0
2018-05-30,24430.09964639127,0.0,24430.09964639127,0.0
2018-05-31,24430.09964639127,0.0,24430.09964639127,0.0
2018-06-01,24430.09964639127,0.0,24430.09964639127,0.0
2018-06-04,24430.09964639127,0.0,24430.09964639127,0.0
2018-06-05,24430.09964639127,0.0,24430.09964639127,0.0
2018-06-06,24430.09964639127,0.0,24430.09964639127,0.0
2018-06-07,24430.09964639127,0.0,24430.09964639127,0.0
2018-06-08,24430.09964639127,0.0,24430.09964639127,0.0
2018-06-11,24430.09964639127,0.0,24430.09964639127,0.0
2018-06-12,24430.09964639127,0.0,24430.09964639127,0.0
2018-06-13,24430.09964639127,0.0,24430.09964639127,0.0
2018-06-14,24430.09964639127,0.0,24430.09964639127,0.0
2018-06-15,24430.09964639127,0.0,24430.09964639127,0.0
2018-06-18,24430.09964639127,0.0,24430.09964639127,0.0
2018-06-19,24430.09964639127,0.0,24430.09964639127,0.0
2018-06-20,24430.09964639127,0.0,24430.09964639127,0.0
2018-06-21,24430.09964639127,0.0,24430.09964639127,0.0
2018-06-22,24430.09964639127,0.0,24430.09964639127,0.0
2018-06-25,24430.09964639127,0.0,24430.09964639127,0.0
2018-06-26,24430.09964639127,0.0,24430.09964639127,0.0
2018-06-27,24430.09964639127,0.0,24430.09964639127,0.0
2018-06-28,24430.09964639127,0.0,24430.09964639127,0.0
2018-06-29,24430.09964639127,0.0,24430.09964639127,0.0
2018-07-02,24430.09964639127,0.0,24430.09964639127,0.0
2018-07-03,24430.09964639127,0.0,24430.09964639127,0.0
2018-07-04,24430.09964639127,0.0,24430.09964639127,0.0
2018-07-05,24430.09964639127,0.0,24430.09964639127,0.0
2018-07-06,24430.09964639127,0.0,24430.09964639127,0.0
2018-07-09,24430.09964639127,0.0,24430.09964639127,0.0
2018-07-10,24430.09964639127,0.0,24430.09964639127,0.0
2018-07-11,24430.09964639127,0.0,24430.09964639127,0.0
2018-07-12,24430.09964639127,0.0,24430.09964639127,0.0
2018-07-13,24430.09964639127,0.0,24430.09964639127,0.0
2018-07-16,24430.09964639127,0.0,24430.09964639127,0.0
2018-07-17,24430.09964639127,0.0,24430.09964639127,0.0
2018-07-18,24430.09964639127,0.0,24430.09964639127,0.0
2018-07-19,24430.09964639127,0.0,24430.09964639127,0.0
2018-07-20,24430.09964639127,0.0,24430.09964639127,0.0
2018-07-23,24430.09964639127,0.0,24430.09964639127,0.0
2018-07-24,24430.09964639127,0.0,24430.09964639127,0.0
2018-07-25,24430.09964639127,0.0,24430.09964639127,0.0
2018-07-26,24430.09964639127,0.0,24430.09964639127,0.0
2018-07-27,24430.09964639127,0.0,24430.09964639127,0.0
2018-07-30,24430.09964639127,0.0,24430.09964639127,0.0
2018-07-31,24430.09964639127,0.0,24430.09964639127,0.0
2018-08-01,24430.09964639127,0.0,24430.09964639127,0.0
2018-08-02,24430.09964639127,0.0,24430.09964639127,0.0
2018-08-03,24430.09964639127,0.0,24430.09964639127,0.0
2018-08-06,24430.09964639127,0.0,24430.09964639127,0.0
2018-08-07,24430.09964639127,0.0,24430.09964639127,0.0
2018-08-08,24430.09964639127,0.0,24430.09964639127,0.0
2018-08-09,24430.09964639127,0.0,24430.09964639127,0.0
2018-08-10,24430.09964639127,0.0,24430.09964639127,0.0
2018-08-13,24430.09964639127,0.0,24430.09964639127,0.0
2018-08-14,24430.09964639127,0.0,24430.09964639127,0.0
2018-08-15,24430.09964639127,0.0,24430.09964639127,0.0
2018-08-16,24430.09964639127,0.0,24430.09964639127,0.0
2018-08-17,24430.09964639127,0.0,24430.09964639127,0.0
2018-08-20,24430.09964639127,0.0,24430.09964639127,0.0
2018-08-21,24430.09964639127,0.0,24430.09964639127,0.0
2018-08-22,24430.09964639127,0.0,24430.09964639127,0.0
2018-08-23,24430.09964639127,0.0,24430.09964639127,0.0
2018-08-24,24430.09964639127,0.0,24430.09964639127,0.0
2018-08-27,24430.09964639127,0.0,24430.09964639127,0.0
2018-08-28,24430.09964639127,0.0,24430.09964639127,0.0
2018-08-29,24430.09964639127,0.0,24430.09964639127,0.0
2018-08-30,24430.09964639127,0.0,24430.09964639127,0.0
2018-08-31,24430.09964639127,0.0,24430.09964639127,0.0
2018-09-03,24430.09964639127,0.0,24430.09964639127,0.0
2018-09-04,24430.09964639127,0.0,24430.09964639127,0.0
2018-09-05,24430.09964639127,0.0,24430.09964639127,0.0
2018-09-06,24430.09964639127,0.0,24430.09964639127,0.0
2018-09-07,24430.09964639127,0.0,24430.09964639127,0.0
2018-09-10,24430.09964639127,0.0,24430.09964639127,0.0
2018-09-11,24430.09964639127,0.0,24430.09964639127,0.0
2018-09-12,24430.09964639127,0.0,24430.09964639127,0.0
2018-09-13,24430.09964639127,0.0,24430.09964639127,0.0
2018-09-14,24430.09964639127,0.0,24430.09964639127,0.0
2018-09-17,24430.09964639127,0.0,24430.09964639127,0.0
2018-09-18,24430.09964639127,0.0,24430.09964639127,0.0
2018-09-19,24430.09964639127,0.0,24430.09964639127,0.0
2018-09-20,24430.09964639127,0.0,24430.09964639127,0.0
2018-09-21,24430.09964639127,0.0,24430.09964639127,0.0
2018-09-24,24430.09964639127,0.0,24430.09964639127,0.0
2018-09-25,24430.09964639127,0.0,24430.09964639127,0.0
2018-09-26,24430.09964639127,0.0,24430.09964639127,0.0
2018-09-27,24430.09964639127,0.0,24430.09964639127,0.0
2018-09-28,24430.09964639127,0.0,24430.09964639127,0.0
2018-10-01,24430.09964639127,0.0,24430.09964639127,0.0
2018-10-02,24430.09964639127,0.0,24430.09964639127,0.0
2018-10-03,24430.09964639127,0.0,24430.09964639127,0.0
2018-10-04,24430.09964639127,0.0,24430.09964639127,0.0
2018-10-05,24430.09964639127,0.0,24430.09964639127,0.0
2018-10-08,24430.09964639127,0.0,24430.09964639127,0.0
2018-10-09,24430.09964639127,0.0,24430.09964639127,0.0
2018-10-10,24430.09964639127,0.0,24430.09964639127,0.0
2018-10-11,24430.09964639127,0.0,24430.09964639127,0.0
2018-10-12,24430.09964639127,0.0,24430.09964639127,0.0
2018-10-15,24430.09964639127,0.0,24430.09964639127,0.0
2018-10-16,24430.09964639127,0.0,24430.09964639127,0.0
2018-10-17,24430.09964639127,0.0,24430.09964639127,0.0
2018-10-18,24430.09964639127,0.0,24430.09964639127,0.0
2018-10-19,24430.09964639127,0.0,24430.09964639127,0.0
2018-10-22,24430.09964639127,0.0,24430.09964639127,0.0
2018-10-23,24430.09964639127,0.0,24430.09964639127,0.0
2018-10-24,24430.09964639127,0.0,24430.09964639127,0.0
2018-10-25,24430.09964639127,0.0,24430.09964639127,0.0
2018-10-26,24430.09964639127,0.0,24430.09964639127,0.0
2018-10-29,24430.09964639127,0.0,24430.09964639127,0.0
2018-10-30,24430.09964639127,0.0,24430.09964639127,0.0
2018-10-31,24430.09964639127,0.0,24430.09964639127,0.0
2018-11-01,24430.09964639127,0.0,24430.09964639127,0.0
2018-11-02,24430.09964639127,0.0,24430.09964639127,0.0
2018-11-05,24430.09964639127,0.0,24430.09964639127,0.0
2018-11-06,24430.09964639127,0.0,24430.09964639127,0.0
2018-11-07,24430.09964639127,0.0,24430.09964639127,0.0
2018-11-08,24430.09964639127,0.0,24430.09964639127,0.0
2018-11-09,24430.09964639127,0.0,24430.09964639127,0.0
2018-11-12,24430.09964639127,0.0,24430.09964639127,0.0
2018-11-13,24430.09964639127,0.0,24430.09964639127,0.0
2018-11-14,24430.09964639127,0.0,24430.09964639127,0.0
2018-11-15,24430.09964639127,0.0,24430.09964639127,0.0
2018-11-16,24430.09964639127,0.0,24430.09964639127,0.0
2018-11-19,24430.09964639127,0.0,24430.09964639127,0.0
2018-11-20,24430.09964639127,0.0,24430.09964639127,0.0
2018-11-21,24430.09964639127,0.0,24430.09964639127,0.0
2018-11-22,24430.09964639127,0.0,24430.09964639127,0.0
2018-11-23,24430.09964639127,0.0,24430.09964639127,0.0
2018-11-26,24430.09964639127,0.0,24430.09964639127,0.0
2018-11-27,24430.09964639127,0.0,24430.09964639127,0.0
2018-11-28,24430.09964639127,0.0,24430.09964639127,0.0
2018-11-29,24430.09964639127,0.0,24430.09964639127,0.0
2018-11-30,24430.09964639127,0.0,24430.09964639127,0.0
2018-12-03,24430.09964639127,0.0,24430.09964639127,0.0
2018-12-04,24430.09964639127,0.0,24430.09964639127,0.0
2018-12-05,24430.09964639127,0.0,24430.09964639127,0.0
2018-12-06,24430.09964639127,0.0,24430.09964639127,0.0
2018-12-07,24430.09964639127,0.0,24430.09964639127,0.0
2018-12-10,24430.09964639127,0.0,24430.09964639127,0.0
2018-12-11,24430.09964639127,0.0,24430.09964639127,0.0
2018-12-12,24430.09964639127,0.0,24430.09964639127,0.0
2018-12-13,24430.09964639127,0.0,24430.09964639127,0.0
2018-12-14,24430.09964639127,0.0,24430.09964639127,0.0
2018-12-17,24430.09964639127,0.0,24430.09964639127,0.0
2018-12-18,24430.09964639127,0.0,24430.09964639127,0.0
2018-12-19,24430.09964639127,0.0,24430.09964639127,0.0
2018-12-20,24430.09964639127,0.0,24430.09964639127,0.0
2018-12-21,24430.09964639127,0.0,24430.09964639127,0.0
2018-12-24,24430.09964639127,25.08332957436482,24455.182975965636,-0.04
2018-12-26,24430.09964639127,-22.841468216397963,24407.258178174874,-0.04
2018-12-27,24430.09964639127,-3.409364451480508,24426.69028193979,-0.04
2018-12-28,24430.09964639127,31.917016215585928,24462.016662606857,-0.04
2018-12-31,24430.09964639127,67.88208061441755,24497.98172700569,-0.04
2019-01-02,24430.09964639127,105.67785666189376,24535.777503053163,-0.04
2019-01-03,24430.09964639127,179.15389425086806,24609.253540642138,-0.04
2019-01-04,24430.09964639127,127.62556253630275,24557.72520892757,-0.04
2019-01-07,24430.09964639127,114.25411387344506,24544.353760264716,-0.04
2019-01-08,24430.09964639127,112.26013795954599,24542.359784350818,-0.04
2019-01-09,24430.09964639127,143.5781621967778,24573.677808588047,-0.04
2019-01-10,24430.09964639127,128.57443181481761,24558.674078206088,-0.04
2019-01-11,24430.09964639127,121.66502594597284,24551.76467233724,-0.04
2019-01-14,24430.09964639127,141.01967819771866,24571.119324588988,-0.04
2019-01-15,24430.09964639127,114.4262230580327,24544.525869449302,-0.04
2019-01-16,24430.09964639127,93.32091244706764,24523.420558838337,-0.04
2019-01-17,24430.09964639127,85.69091264521293,24515.790559036483,-0.04
2019-01-18,24430.09964639127,59.52641383389985,24489.62606022517,-0.04
2019-01-21,24430.09964639127,64.38925630952632,24494.488902700796,-0.04
2019-01-22,24430.09964639127,79.27645612054813,24509.37610251182,-0.04
2019-01-23,24430.09964639127,66.97708153538727,24497.07672792666,-0.04
2019-01-24,24430.09964639127,65.54676586026802,24495.64641225154,-0.04
2019-01-25,24430.09964639127,70.3065928773331,24500.406239268603,-0.04
2019-01-28,24430.09964639127,80.66956060082855,24510.7692069921,-0.04
2019-01-29,24430.09964639127,79.37872076694691,24509.47836715822,-0.04
2019-01-30,24430.09964639127,95.705657156828,24525.8053035481,-0.04
2019-01-31,24430.09964639127,104.37422111165353,24534.473867502926,-0.04
2019-02-01,24430.09964639127,72.02369130656098,24502.12333769783,-0.04
2019-02-04,24430.09964639127,51.003271532422254,24481.102917923694,-0.04
2019-02-05,24430.09964639127,48.09141173845579,24478.191058129727,-0.04
2019-02-06,24430.09964639127,47.31962696072639,24477.419273351996,-0.04
2019-02-07,24430.09964639127,56.21720018764328,24486.316846578913,-0.04
2019-02-08,24430.09964639127,60.43152514466379,24490.531171535935,-0.04
2019-02-11,24430.09964639127,27.38743045247045,24457.48707684374,-0.04
2019-02-12,24430.09964639127,22.327548463713,24452.427194854983,-0.04
2019-02-13,24430.09964639127,-4.237953716681355,24425.86169267459,-0.04
2019-02-14,24430.09964639127,22.25792920670468,24452.357575597976,-0.04
2019-02-15,24430.09964639127,24.15786702704259,24454.257513418313,-0.04
2019-02-18,24430.09964639127,15.976128054832246,24446.075774446104,-0.04
2019-02-19,24430.09964639127,16.086616641985245,24446.186263033254,-0.04
2019-02-20,24430.09964639127,3.4842661701291866,24433.5839125614,-0.04
2019-02-21,24430.09964639127,10.628292122179317,24440.72793851345,-0.04
2019-02-22,24430.09964639127,13.201836866365502,24443.301483257637,-0.04
2019-02-25,24430.09964639127,-7.1773673760617,24422.92227901521,-0.04
2019-02-26,24430.09964639127,17.126052079960438,24447.22569847123,-0.04
2019-02-27,24430.09964639127,-3.7737238460907507,24426.32592254518,-0.04
2019-02-28,24430.09964639127,-23.481078232802666,24406.61856815847,-0.04
2019-03-01,24430.09964639127,-51.410893460214915,24378.688752931055,-0.04
2019-03-04,24383.164156404793,0.0,24383.164156404793,0.0
2019-03-05,24383.164156404793,0.0,24383.164156404793,0.0
2019-03-06,24383.164156404793,0.0,24383.164156404793,0.0
2019-03-07,24383.164156404793,0.0,24383.164156404793,0.0
2019-03-08,24383.164156404793,0.0,24383.164156404793,0.0
2019-03-11,24383.164156404793,0.0,24383.164156404793,0.0
2019-03-12,24383.164156404793,0.0,24383.164156404793,0.0
2019-03-13,24383.164156404793,0.0,24383.164156404793,0.0
2019-03-14,24383.164156404793,0.0,24383.164156404793,0.0
2019-03-15,24383.164156404793,0.0,24383.164156404793,0.0
2019-03-18,24383.164156404793,0.0,24383.164156404793,0.0
2019-03-19,24383.164156404793,0.0,24383.164156404793,0.0
2019-03-20,24383.164156404793,0.0,24383.164156404793,0.0
2019-03-21,24383.164156404793,0.0,24383.164156404793,0.0
2019-03-22,24383.164156404793,0.0,24383.164156404793,0.0
2019-03-25,24383.164156404793,0.0,24383.164156404793,0.0
2019-03-26,24383.164156404793,0.0,24383.164156404793,0.0
2019-03-27,24383.164156404793,0.0,24383.164156404793,0.0
2019-03-28,24383.164156404793,0.0,24383.164156404793,0.0
2019-03-29,24383.164156404793,0.0,24383.164156404793,0.0
2019-04-01,24383.164156404793,0.0,24383.164156404793,0.0
2019-04-02,24383.164156404793,0.0,24383.164156404793,0.0
2019-04-03,24383.164156404793,0.0,24383.164156404793,0.0
2019-04-04,24383.164156404793,0.0,24383.164156404793,0.0
2019-04-05,24383.164156404793,0.0,24383.164156404793,0.0
2019-04-08,24383.164156404793,0.0,24383.164156404793,0.0
2019-04-09,24383.164156404793,0.0,24383.164156404793,0.0
2019-04-10,24383.164156404793,0.0,24383.164156404793,0.0
2019-04-11,24383.164156404793,0.0,24383.164156404793,0.0
2019-04-12,24383.164156404793,0.0,24383.164156404793,0.0
2019-04-15,24383.164156404793,0.0,24383.164156404793,0.0
2019-04-16,24383.164156404793,0.0,24383.164156404793,0.0
2019-04-17,24383.164156404793,0.0,24383.164156404793,0.0
2019-04-18,24383.164156404793,0.0,24383.164156404793,0.0
2019-04-19,24383.164156404793,0.0,24383.164156404793,0.0
2019-04-22,24383.164156404793,0.0,24383.164156404793,0.0
2019-04-23,24383.164156404793,0.0,24383.164156404793,0.0
2019-04-24,24383.164156404793,0.0,24383.164156404793,0.0
2019-04-25,24383.164156404793,0.0,24383.164156404793,0.0
2019-04-26,24383.164156404793,0.0,24383.164156404793,0.0
2019-04-29,24383.164156404793,0.0,24383.164156404793,0.0
2019-04-30,24383.164156404793,0.0,24383.164156404793,0.0
2019-05-01,24383.164156404793,0.0,24383.164156404793,0.0
2019-05-02,24383.164156404793,0.0,24383.164156404793,0.0
2019-05-03,24383.164156404793,0.0,24383.164156404793,0.0
2019-05-06,24383.164156404793,0.0,24383.164156404793,0.0
2019-05-07,24383.164156404793,0.0,24383.164156404793,0.0
2019-05-08,24383.164156404793,0.0,24383.164156404793,0.0
2019-05-09,24383.164156404793,0.0,24383.164156404793,0.0
2019-05-10,24383.164156404793,-24.67580158550659,24358.48835481929,-0.06
2019-05-13,24383.164156404793,27.397173071115738,24410.56132947591,-0.06
2019-05-14,24383.164156404793,3.9255807463306667,24387.089737151124,-0.06
2019-05-15,24383.164156404793,5.486684864998411,24388.65084126979,-0.06
2019-05-16,24383.164156404793,-14.884847406611721,24368.279308998182,-0.06
2019-05-17,24383.164156404793,-30.305807583452637,24352.85834882134,-0.06
2019-05-20,24383.164156404793,-31.944096902022405,24351.22005950277,-0.06
2019-05-21,24383.164156404793,-65.44236675628527,24317.72178964851,-0.06
2019-05-22,24383.164156404793,-55.083819086863116,24328.08033731793,-0.06
2019-05-23,24383.164156404793,4.395554455428799,24387.559710860223,-0.06
2019-05-24,24383.164156404793,28.922123057723017,24412.086279462517,-0.06
2019-05-27,24383.164156404793,10.426490198159357,24393.590646602952,-0.06
2019-05-28,24383.164156404793,22.552175971244314,24405.716332376036,-0.06
2019-05-29,24383.164156404793,5.277429735037199,24388.44158613983,-0.06
2019-05-30,24383.164156404793,2.3451653186854684,24385.50932172348,-0.06
2019-05-31,24383.164156404793,106.2959289004983,24489.46008530529,-0.06
2019-06-03,24383.164156404793,126.92885203435354,24510.093008439148,-0.06
2019-06-04,24383.164156404793,120.08659660292061,24503.250753007713,-0.06
2019-06-05,24383.164156404793,95.24904130169752,24478.41319770649,-0.06
2019-06-06,24383.164156404793,101.03286658330292,24484.197022988097,-0.06
2019-06-07,24383.164156404793,114.82347500317238,24497.987631407967,-0.06
2019-06-10,24383.164156404793,95.07920990009751,24478.24336630489,-0.06
2019-06-11,24383.164156404793,90.52047836811626,24473.684634772908,-0.06
2019-06-12,24383.164156404793,91.27794518964703,24474.44210159444,-0.06
2019-06-13,24383.164156404793,101.05320228886666,24484.21735869366,-0.06
2019-06-14,24383.164156404793,89.40790936261845,24472.57206576741,-0.06
2019-06-17,24383.164156404793,90.56949665134273,24473.733653056137,-0.06
2019-06-18,24383.164156404793,97.94869071927826,24481.11284712407,-0.06
2019-06-19,24383.164156404793,125.07838106836134,24508.242537473154,-0.06
2019-06-20,24383.164156404793,189.52277631718664,24572.68693272198,-0.06
2019-06-21,24383.164156404793,187.41391851914796,24570.578074923942,-0.06
2019-06-24,24383.164156404793,190.6309137810496,24573.795070185843,-0.06
2019-06-25,24383.164156404793,200.33753621577796,24583.50169262057,-0.06
2019-06-26,24383.164156404793,150.9582323526078,24534.1223887574,-0.06
2019-06-27,24383.164156404793,150.44267689575076,24533.606833300542,-0.06
2019-06-28,24383.164156404793,137.31969422901832,24520.483850633813,-0.06
2019-07-01,24383.164156404793,96.80464447324621,24479.96880087804,-0.06
2019-07-02,24383.164156404793,138.3768118275919,24521.540968232384,-0.06
2019-07-03,24383.164156404793,145.41020698417924,24528.574363388972,-0.06
2019-07-04,24383.164156404793,145.88882452162846,24529.052980926423,-0.06
2019-07-05,24383.164156404793,92.99598722898689,24476.16014363378,-0.06
2019-07-08,24383.164156404793,73.7671599466341,24456.931316351427,-0.06
2019-07-09,24383.164156404793,63.381586358974424,24446.545742763767,-0.06
2019-07-10,24383.164156404793,94.9522726460857,24478.11642905088,-0.06
2019-07-11,24383.164156404793,92.51375339759377,24475.677909802387,-0.06
2019-07-12,24383.164156404793,139.89778090568504,24523.06193731048,-0.06
2019-07-15,24383.164156404793,138.71832476962348,24521.882481174416,-0.06
2019-07-16,24383.164156404793,112.46678494274802,24495.630941347543,-0.06
2019-07-17,24383.164156404793,135.90946959807476,24519.073626002868,-0.06
2019-07-18,24383.164156404793,187.03883790246343,24570.202994307256,-0.06
2019-07-19,24383.164156404793,151.5261081412313,24534.690264546025,-0.06
2019-07-22,24383.164156404793,141.72871776675834,24524.89287417155,-0.06
2019-07-23,24383.164156404793,113.65527851619804,24496.81943492099,-0.06
2019-07-24,24383.164156404793,116.9531465056581,24500.11730291045,-0.06
2019-07-25,24383.164156404793,81.33111554289805,24464.49527194769,-0.06
2019-07-26,24383.164156404793,77.88994472893172,24461.054101133726,-0.06
2019-07-29,24383.164156404793,69.96049499882812,24453.12465140362,-0.06
2019-07-30,24383.164156404793,84.65921340445702,24467.82336980925,-0.06
2019-07-31,24383.164156404793,72.23457195848975,24455.39872836328,-0.06
2019-08-01,24383.164156404793,187.5210933353364,24570.68524974013,-0.06
2019-08-02,24383.164156404793,252.22328613283503,24635.387442537627,-0.06
2019-08-05,24383.164156404793,307.3475193318312,24690.511675736623,-0.06
2019-08-06,24383.164156404793,268.8705914839212,24652.034747888716,-0.06
2019-08-07,24383.164156404793,282.14950719664046,24665.313663601435,-0.06
2019-08-08,24383.164156404793,299.4329823605144,24682.597138765308,-0.06
2019-08-09,24383.164156404793,333.4566982353165,24716.62085464011,-0.06
2019-08-12,24383.164156404793,365.5040755465683,24748.66823195136,-0.06
2019-08-13,24383.164156404793,246.22963100611767,24629.39378741091,-0.06
2019-08-14,24383.164156404793,309.7932881184923,24692.957444523287,-0.06
2019-08-15,24383.164156404793,297.46910766230457,24680.6332640671,-0.06
2019-08-16,24383.164156404793,275.616520202028,24658.78067660682,-0.06
2019-08-19,24383.164156404793,252.07226773016828,24635.23642413496,-0.06
2019-08-20,24383.164156404793,285.08510423658487,24668.24926064138,-0.06
2019-08-21,24383.164156404793,253.8873271228857,24637.051483527677,-0.06
2019-08-22,24383.164156404793,266.42351755315804,24649.58767395795,-0.06
2019-08-23,24383.164156404793,355.4310395950518,24738.595195999846,-0.06
2019-08-26,24383.164156404793,300.57605334725787,24683.74020975205,-0.06
2019-08-27,24383.164156404793,325.189262402281,24708.353418807073,-0.06
2019-08-28,24383.164156404793,297.5843627075049,24680.748519112298,-0.06
2019-08-29,24383.164156404793,264.6942560662405,24647.858412471032,-0.06
2019-08-30,24383.164156404793,284.3500771664679,24667.514233571263,-0.06
2019-09-02,24383.164156404793,291.85458166492504,24675.018738069717,-0.06
2019-09-03,24383.164156404793,312.3866594022932,24695.550815807088,-0.06
2019-09-04,24383.164156404793,272.0710121146002,24655.235168519393,-0.06
2019-09-05,24383.164156404793,224.52936186144592,24607.69351826624,-0.06
2019-09-06,24383.164156404793,225.59025186227683,24608.75440826707,-0.06
2019-09-09,24383.164156404793,198.90359086935777,24582.06774727415,-0.06
2019-09-10,24383.164156404793,172.89787971818032,24556.062036122974,-0.06
2019-09-11,24383.164156404793,147.08708971625606,24530.25124612105,-0.06
2019-09-12,24383.164156404793,125.11940514629943,24508.283561551092,-0.06
2019-09-13,24383.164156404793,124.72620079786368,24507.890357202657,-0.06
2019-09-16,24383.164156404793,122.24068201571136,24505.404838420505,-0.06
2019-09-17,24383.164156404793,124.33811079014339,24507.502267194937,-0.06
2019-09-18,24383.164156404793,97.50797736592632,24480.67213377072,-0.06
2019-09-19,24383.164156404793,129.8095686848578,24512.97372508965,-0.06
2019-09-20,24516.23883010428,0.0,24516.23883010428,0.0
2019-09-23,24516.23883010428,0.0,24516.23883010428,0.0
2019-09-24,24516.23883010428,0.0,24516.23883010428,0.0
2019-09-25,24516.23883010428,0.0,24516.23883010428,0.0
2019-09-26,24516.23883010428,0.0,24516.23883010428,0.0
2019-09-27,24516.23883010428,0.0,24516.23883010428,0.0
2019-09-30,24516.23883010428,0.0,24516.23883010428,0.0
2019-10-01,24516.23883010428,0.0,24516.23883010428,0.0
2019-10-02,24516.23883010428,0.0,24516.23883010428,0.0
2019-10-03,24516.23883010428,0.0,24516.23883010428,0.0
2019-10-04,24516.23883010428,0.0,24516.23883010428,0.0
2019-10-07,24516.23883010428,0.0,24516.23883010428,0.0
2019-10-08,24516.23883010428,0.0,24516.23883010428,0.0
2019-10-09,24516.23883010428,-28.271380697493367,24487.967449406788,-0.05
2019-10-10,24487.16917535942,0.0,24487.16917535942,0.0
2019-10-11,24487.16917535942,0.0,24487.16917535942,0.0
2019-10-14,24487.16917535942,0.0,24487.16917535942,0.0
2019-10-15,24487.16917535942,0.0,24487.16917535942,0.0
2019-10-16,24487.16917535942,0.0,24487.16917535942,0.0
2019-10-17,24487.16917535942,0.0,24487.16917535942,0.0
2019-10-18,24487.16917535942,0.0,24487.16917535942,0.0
2019-10-21,24487.16917535942,0.0,24487.16917535942,0.0
2019-10-22,24487.16917535942,0.0,24487.16917535942,0.0
2019-10-23,24487.16917535942,0.0,24487.16917535942,0.0
2019-10-24,24487.16917535942,0.0,24487.16917535942,0.0
2019-10-25,24487.16917535942,0.0,24487.16917535942,0.0
2019-10-28,24487.16917535942,0.0,24487.16917535942,0.0
2019-10-29,24487.16917535942,0.0,24487.16917535942,0.0
2019-10-30,24487.16917535942,0.0,24487.16917535942,0.0
2019-10-31,24487.16917535942,0.0,24487.16917535942,0.0
2019-11-01,24487.16917535942,0.0,24487.16917535942,0.0
2019-11-04,24487.16917535942,0.0,24487.16917535942,0.0
2019-11-05,24487.16917535942,0.0,24487.16917535942,0.0
2019-11-06,24487.16917535942,0.0,24487.16917535942,0.0
2019-11-07,24487.16917535942,0.0,24487.16917535942,0.0
2019-11-08,24487.16917535942,0.0,24487.16917535942,0.0
2019-11-11,24487.16917535942,0.0,24487.16917535942,0.0
2019-11-12,24487.16917535942,0.0,24487.16917535942,0.0
2019-11-13,24487.16917535942,0.0,24487.16917535942,0.0
2019-11-14,24487.16917535942,0.0,24487.16917535942,0.0
2019-11-15,24487.16917535942,0.0,24487.16917535942,0.0
2019-11-18,24487.16917535942,0.0,24487.16917535942,0.0
2019-11-19,24487.16917535942,0.0,24487.16917535942,0.0
2019-11-20,24487.16917535942,0.0,24487.16917535942,0.0
2019-11-21,24487.16917535942,0.0,24487.16917535942,0.0
2019-11-22,24487.16917535942,0.0,24487.16917535942,0.0
2019-11-25,24487.16917535942,0.0,24487.16917535942,0.0
2019-11-26,24487.16917535942,0.0,24487.16917535942,0.0
2019-11-27,24487.16917535942,0.0,24487.16917535942,0.0
2019-11-28,24487.16917535942,0.0,24487.16917535942,0.0
2019-11-29,24487.16917535942,0.0,24487.16917535942,0.0
2019-12-02,24487.16917535942,0.0,24487.16917535942,0.0
2019-12-03,24487.16917535942,0.0,24487.16917535942,0.0
2019-12-04,24487.16917535942,0.0,24487.16917535942,0.0
2019-12-05,24487.16917535942,0.0,24487.16917535942,0.0
2019-12-06,24487.16917535942,0.0,24487.16917535942,0.0
2019-12-09,24487.16917535942,0.0,24487.16917535942,0.0
2019-12-10,24487.16917535942,0.0,24487.16917535942,0.0
2019-12-11,24487.16917535942,0.0,24487.16917535942,0.0
2019-12-12,24487.16917535942,0.0,24487.16917535942,0.0
2019-12-13,24487.16917535942,0.0,24487.16917535942,0.0
2019-12-16,24487.16917535942,0.0,24487.16917535942,0.0
2019-12-17,24487.16917535942,0.0,24487.16917535942,0.0
2019-12-18,24487.16917535942,0.0,24487.16917535942,0.0
2019-12-19,24487.16917535942,0.0,24487.16917535942,0.0
2019-12-20,24487.16917535942,0.0,24487.16917535942,0.0
2019-12-23,24487.16917535942,0.0,24487.16917535942,0.0
2019-12-24,24487.16917535942,0.0,24487.16917535942,0.0
2019-12-26,24487.16917535942,0.0,24487.16917535942,0.0
2019-12-27,24487.16917535942,0.0,24487.16917535942,0.0
2019-12-30,24487.16917535942,0.0,24487.16917535942,0.0
2019-12-31,24487.16917535942,0.0,24487.16917535942,0.0
2020-01-02,24487.16917535942,0.0,24487.16917535942,0.0
2020-01-03,24487.16917535942,0.0,24487.16917535942,0.0
2020-01-06,24487.16917535942,0.0,24487.16917535942,0.0
2020-01-07,24487.16917535942,0.0,24487.16917535942,0.0
2020-01-08,24487.16917535942,0.0,24487.16917535942,0.0
2020-01-09,24487.16917535942,0.0,24487.16917535942,0.0
2020-01-10,24487.16917535942,0.0,24487.16917535942,0.0
2020-01-13,24487.16917535942,0.0,24487.16917535942,0.0
2020-01-14,24487.16917535942,0.0,24487.16917535942,0.0
2020-01-15,24487.16917535942,0.0,24487.16917535942,0.0
2020-01-16,24487.16917535942,0.0,24487.16917535942,0.0
2020-01-17,24487.16917535942,0.0,24487.16917535942,0.0
2020-01-20,24487.16917535942,0.0,24487.16917535942,0.0
2020-01-21,24487.16917535942,0.0,24487.16917535942,0.0
2020-01-22,24487.16917535942,0.0,24487.16917535942,0.0
2020-01-23,24487.16917535942,0.0,24487.16917535942,0.0
2020-01-24,24487.16917535942,0.0,24487.16917535942,0.0
2020-01-27,24487.16917535942,0.0,24487.16917535942,0.0
2020-01-28,24487.16917535942,0.0,24487.16917535942,0.0
2020-01-29,24487.16917535942,0.0,24487.16917535942,0.0
2020-01-30,24487.16917535942,0.0,24487.16917535942,0.0
2020-01-31,24487.16917535942,0.0,24487.16917535942,0.0
2020-02-03,24487.16917535942,0.0,24487.16917535942,0.0
2020-02-04,24487.16917535942,0.0,24487.16917535942,0.0
2020-02-05,24487.16917535942,0.0,24487.16917535942,0.0
2020-02-06,24487.16917535942,0.0,24487.16917535942,0.0
2020-02-07,24487.16917535942,0.0,24487.16917535942,0.0
2020-02-10,24487.16917535942,0.0,24487.16917535942,0.0
2020-02-11,24487.16917535942,0.0,24487.16917535942,0.0
2020-02-12,24487.16917535942,0.0,24487.16917535942,0.0
2020-02-13,24487.16917535942,0.0,24487.16917535942,0.0
2020-02-14,24487.16917535942,0.0,24487.16917535942,0.0
2020-02-17,24487.16917535942,0.0,24487.16917535942,0.0
2020-02-18,24487.16917535942,0.0,24487.16917535942,0.0
2020-02-19,24487.16917535942,0.0,24487.16917535942,0.0
2020-02-20,24487.16917535942,0.0,24487.16917535942,0.0
2020-02-21,24487.16917535942,0.0,24487.16917535942,0.0
2020-02-24,24487.16917535942,0.0,24487.16917535942,0.0
2020-02-25,24487.16917535942,0.0,24487.16917535942,0.0
2020-02-26,24487.16917535942,0.0,24487.16917535942,0.0
2020-02-27,24487.16917535942,0.0,24487.16917535942,0.0
2020-02-28,24487.16917535942,0.0,24487.16917535942,0.0
2020-03-02,24487.16917535942,0.0,24487.16917535942,0.0
2020-03-03,24487.16917535942,0.0,24487.16917535942,0.0
2020-03-04,24487.16917535942,0.0,24487.16917535942,0.0
2020-03-05,24487.16917535942,56.39678855336693,24543.565963912788,-0.03
2020-03-06,24487.16917535942,91.93455419393653,24579.103729553357,-0.03
2020-03-09,24487.16917535942,223.55244707975194,24710.721622439174,-0.03
2020-03-10,24487.16917535942,83.06433793264607,24570.233513292067,-0.03
2020-03-11,24487.16917535942,132.83951219353978,24620.00868755296,-0.03
2020-03-12,24487.16917535942,127.7289936384796,24614.8981689979,-0.03
2020-03-13,24487.16917535942,-22.685985326662944,24464.48319003276,-0.03
2020-03-16,24487.16917535942,72.31274105902419,24559.481916418445,-0.03
2020-03-17,24487.16917535942,-5.319941298994928,24481.849234060424,-0.03
2020-03-18,24487.16917535942,-24.734319450368478,24462.43485590905,-0.03
2020-03-19,24379.186613719834,0.0,24379.186613719834,0.0
2020-03-20,24379.186613719834,0.0,24379.186613719834,0.0
2020-03-23,24379.186613719834,0.0,24379.186613719834,0.0
2020-03-24,24379.186613719834,0.0,24379.186613719834,0.0
2020-03-25,24379.186613719834,0.0,24379.186613719834,0.0
2020-03-26,24379.186613719834,0.0,24379.186613719834,0.0
2020-03-27,24379.186613719834,-24.16555420199435,24355.02105951784,0.01
2020-03-30,24350.226505699764,0.0,24350.226505699764,0.0
2020-03-31,24350.226505699764,0.0,24350.226505699764,0.0
2020-04-01,24350.226505699764,0.0,24350.226505699764,0.0
2020-04-02,24350.226505699764,0.0,24350.226505699764,0.0
2020-04-03,24350.226505699764,0.0,24350.226505699764,0.0
2020-04-06,24350.226505699764,0.0,24350.226505699764,0.0
2020-04-07,24350.226505699764,0.0,24350.226505699764,0.0
2020-04-08,24350.226505699764,0.0,24350.226505699764,0.0
2020-04-09,24350.226505699764,0.0,24350.226505699764,0.0
2020-04-10,24350.226505699764,0.0,24350.226505699764,0.0
2020-04-13,24350.226505699764,0.0,24350.226505699764,0.0
2020-04-14,24350.226505699764,0.0,24350.226505699764,0.0
2020-04-15,24350.226505699764,0.0,24350.226505699764,0.0
2020-04-16,24350.226505699764,0.0,24350.226505699764,0.0
2020-04-17,24350.226505699764,0.0,24350.226505699764,0.0
2020-04-20,24350.226505699764,0.0,24350.226505699764,0.0
2020-04-21,24350.226505699764,0.0,24350.226505699764,0.0
2020-04-22,24350.226505699764,0.0,24350.226505699764,0.0
2020-04-23,24350.226505699764,0.0,24350.226505699764,0.0
2020-04-24,24350.226505699764,0.0,24350.226505699764,0.0
2020-04-27,24350.226505699764,0.0,24350.226505699764,0.0
2020-04-28,24350.226505699764,0.0,24350.226505699764,0.0
2020-04-29,24350.226505699764,0.0,24350.226505699764,0.0
2020-04-30,24350.226505699764,0.0,24350.226505699764,0.0
2020-05-01,24350.226505699764,0.0,24350.226505699764,0.0
2020-05-04,24350.226505699764,0.0,24350.226505699764,0.0
2020-05-05,24350.226505699764,0.0,24350.226505699764,0.0
2020-05-06,24350.226505699764,0.0,24350.226505699764,0.0
2020-05-07,24350.226505699764,0.0,24350.226505699764,0.0
2020-05-08,24350.226505699764,0.0,24350.226505699764,0.0
2020-05-11,24350.226505699764,0.0,24350.226505699764,0.0
2020-05-12,24350.226505699764,0.0,24350.226505699764,0.0
2020-05-13,24350.226505699764,0.0,24350.226505699764,0.0
2020-05-14,24350.226505699764,0.0,24350.226505699764,0.0
2020-05-15,24350.226505699764,0.0,24350.226505699764,0.0
2020-05-18,24350.226505699764,0.0,24350.226505699764,0.0
2020-05-19,24350.226505699764,0.0,24350.226505699764,0.0
2020-05-20,24350.226505699764,0.0,24350.226505699764,0.0
2020-05-21,24350.226505699764,0.0,24350.226505699764,0.0
2020-05-22,24350.226505699764,0.0,24350.226505699764,0.0
2020-05-25,24350.226505699764,0.0,24350.226505699764,0.0
2020-05-26,24350.226505699764,0.0,24350.226505699764,0.0
2020-05-27,24350.226505699764,0.0,24350.226505699764,0.0
2020-05-28,24350.226505699764,0.0,24350.226505699764,0.0
2020-05-29,24350.226505699764,0.0,24350.226505699764,0.0
2020-06-01,24350.226505699764,0.0,24350.226505699764,0.0
2020-06-02,24350.226505699764,0.0,24350.226505699764,0.0
2020-06-03,24350.226505699764,0.0,24350.226505699764,0.0
2020-06-04,24350.226505699764,0.0,24350.226505699764,0.0
2020-06-05,24350.226505699764,29.81703969313858,24380.043545392902,0.05
2020-06-08,24350.226505699764,-46.57128651323793,24303.655219186527,0.05
2020-06-09,24350.226505699764,-91.15587371652026,24259.070631983242,0.05
2020-06-10,24239.645290421668,0.0,24239.645290421668,0.0
2020-06-11,24239.645290421668,0.0,24239.645290421668,0.0
2020-06-12,24239.645290421668,0.0,24239.645290421668,0.0
2020-06-15,24239.645290421668,-3.2715973453139964,24236.373693076355,-0.04
2020-06-16,24239.645290421668,-2.581869927468185,24237.0634204942,-0.04
2020-06-17,24239.645290421668,14.19389203691213,24253.83918245858,-0.04
2020-06-18,24239.645290421668,16.244967316212342,24255.89025773788,-0.04
2020-06-19,24239.645290421668,21.68592179625148,24261.33121221792,-0.04
2020-06-22,24239.645290421668,20.158414939891028,24259.80370536156,-0.04
2020-06-23,24239.645290421668,39.63214593092979,24279.277436352597,-0.04
2020-06-24,24239.645290421668,11.444146108870491,24251.08943653054,-0.04
2020-06-25,24239.645290421668,3.866519583035329,24243.511810004704,-0.04
2020-06-26,24239.645290421668,2.4952693852780747,24242.140559806947,-0.04
2020-06-29,24239.645290421668,-16.619061934531363,24223.026228487135,-0.04
2020-06-30,24239.645290421668,-35.7949224622882,24203.850367959378,-0.04
2020-07-01,24239.645290421668,-10.68025538364642,24228.96503503802,-0.04
2020-07-02,24239.645290421668,-12.329905912699997,24227.31538450897,-0.04
2020-07-03,24239.645290421668,-11.765180347324419,24227.880110074344,-0.04
2020-07-06,24239.645290421668,-6.762511309450601,24232.882779112217,-0.04
2020-07-07,24239.645290421668,-13.826980137983002,24225.818310283685,-0.04
2020-07-08,24239.645290421668,0.4315276408281164,24240.076818062495,-0.04
2020-07-09,24239.645290421668,3.58045118164312,24243.22574160331,-0.04
2020-07-10,24239.645290421668,18.872091847497394,24258.517382269165,-0.04
2020-07-13,24239.645290421668,-1.0193805475920519,24238.625909874074,-0.04
2020-07-14,24239.645290421668,1.775790787008586,24241.421081208675,-0.04
2020-07-15,24239.645290421668,17.43288721336894,24257.078177635038,-0.04
2020-07-16,24239.645290421668,-0.4772537154766395,24239.168036706193,-0.04
2020-07-17,24239.645290421668,13.218465627672835,24252.86375604934,-0.04
2020-07-20,24239.645290421668,-0.2642692019948087,24239.381021219673,-0.04
2020-07-21,24239.645290421668,25.305875362578973,24264.951165784245,-0.04
2020-07-22,24239.645290421668,5.675783706902648,24245.32107412857,-0.04
2020-07-23,24239.645290421668,21.923190197194227,24261.568480618862,-0.04
2020-07-24,24239.645290421668,60.00342401028542,24299.648714431954,-0.04
2020-07-27,24239.645290421668,100.26884577048612,24339.914136192154,-0.04
2020-07-28,24239.645290421668,116.4614843253621,24356.10677474703,-0.04
2020-07-29,24239.645290421668,124.69592645328446,24364.341216874953,-0.04
2020-07-30,24239.645290421668,134.16421919660223,24373.80950961827,-0.04
2020-07-31,24239.645290421668,71.01993397993844,24310.665224401608,-0.04
2020-08-03,24239.645290421668,69.85684535412712,24309.502135775794,-0.04
2020-08-04,24239.645290421668,82.15430459244212,24321.79959501411,-0.04
2020-08-05,24239.645290421668,88.3942275799846,24328.039518001653,-0.04
2020-08-06,24239.645290421668,90.65790232375647,24330.303192745425,-0.04
2020-08-07,24239.645290421668,70.88392056721813,24310.529210988887,-0.04
2020-08-10,24239.645290421668,68.99551611430674,24308.640806535976,-0.04
2020-08-11,24239.645290421668,40.8225140154646,24280.467804437132,-0.04
2020-08-12,24239.645290421668,20.61667006248916,24260.261960484157,-0.04
2020-08-13,24239.645290421668,17.988951275783197,24257.63424169745,-0.04
2020-08-14,24239.645290421668,36.38120037563157,24276.0264907973,-0.04
2020-08-17,24239.645290421668,66.34978724760168,24305.995077669268,-0.04
2020-08-18,24239.645290421668,97.36130670987335,24337.00659713154,-0.04
2020-08-19,24239.645290421668,60.533471740430876,24300.178762162097,-0.04
2020-08-20,24239.645290421668,77.35086834331683,24316.996158764985,-0.04
2020-08-21,24239.645290421668,76.19371351568441,24315.83900393735,-0.04
2020-08-24,24239.645290421668,67.9423759386815,24307.58766636035,-0.04
2020-08-25,24239.645290421668,46.21867962780703,24285.863970049475,-0.04
2020-08-26,24239.645290421668,66.95031209594765,24306.595602517616,-0.04
2020-08-27,24239.645290421668,36.31904954611348,24275.96433996778,-0.04
2020-08-28,24239.645290421668,99.6102185782288,24339.255508999897,-0.04
2020-08-31,24239.645290421668,70.23311365972197,24309.878404081388,-0.04
2020-09-01,24239.645290421668,67.11041706407559,24306.755707485743,-0.04
2020-09-02,24239.645290421668,55.34356884324543,24294.98885926491,-0.04
2020-09-03,24239.645290421668,55.5228681013043,24295.16815852297,-0.04
2020-09-04,24239.645290421668,53.324362286895216,24292.96965270856,-0.04
2020-09-07,24239.645290421668,52.314315546691454,24291.95960596836,-0.04
2020-09-08,24239.645290421668,64.1531345204603,24303.798424942128,-0.04
2020-09-09,24239.645290421668,57.14872683537677,24296.794017257045,-0.04
2020-09-10,24239.645290421668,58.78925049468672,24298.434540916354,-0.04
2020-09-11,24239.645290421668,58.27927174365616,24297.924562165324,-0.04
2020-09-14,24239.645290421668,79.43074119029917,24319.076031611967,-0.04
2020-09-15,24239.645290421668,94.73529408068514,24334.380584502353,-0.04
2020-09-16,24239.645290421668,120.75611394368823,24360.401404365355,-0.04
2020-09-17,24239.645290421668,132.012228472444,24371.657518894113,-0.04
2020-09-18,24239.645290421668,141.11429936899813,24380.759589790665,-0.04
2020-09-21,24239.645290421668,137.55604276347145,24377.201333185138,-0.04
2020-09-22,24239.645290421668,122.89938152287652,24362.544671944543,-0.04
2020-09-23,24239.645290421668,101.37942227002398,24341.02471269169,-0.04
2020-09-24,24239.645290421668,99.70974630145511,24339.355036723122,-0.04
2020-09-25,24239.645290421668,92.4535035398068,24332.098793961475,-0.04
2020-09-28,24239.645290421668,95.81157466310661,24335.456865084776,-0.04
2020-09-29,24239.645290421668,85.14071674356744,24324.786007165236,-0.04
2020-09-30,24239.645290421668,97.1488984083075,24336.794188829976,-0.04
2020-10-01,24239.645290421668,91.17633091597112,24330.82162133764,-0.04
2020-10-02,24239.645290421668,102.17960161649866,24341.824892038167,-0.04
2020-10-05,24239.645290421668,80.91272497137028,24320.55801539304,-0.04
2020-10-06,24239.645290421668,86.07855932079114,24325.72384974246,-0.04
2020-10-07,24239.645290421668,69.39288360188962,24309.038174023557,-0.04
2020-10-08,24239.645290421668,65.46387865616043,24305.109169077827,-0.04
2020-10-09,24239.645290421668,86.3845777367003,24326.029868158366,-0.04
2020-10-12,24239.645290421668,101.91482881174055,24341.560119233407,-0.04
2020-10-13,24239.645290421668,94.3951990421195,24334.040489463787,-0.04
2020-10-14,24239.645290421668,111.4101167307443,24351.055407152413,-0.04
2020-10-15,24239.645290421668,98.04898266293048,24337.6942730846,-0.04
2020-10-16,24239.645290421668,99.82662710747225,24339.47191752914,-0.04
2020-10-19,24239.645290421668,98.4548395929291,24338.100130014598,-0.04
2020-10-20,24239.645290421668,94.53803313923898,24334.18332356091,-0.04
2020-10-21,24239.645290421668,144.57299739099497,24384.218287812662,-0.04
2020-10-22,24239.645290421668,128.1398762132678,24367.785166634934,-0.04
2020-10-23,24239.645290421668,136.91409225766444,24376.559382679334,-0.04
2020-10-26,24239.645290421668,130.39991486267112,24370.04520528434,-0.04
2020-10-27,24239.645290421668,152.8673776461222,24392.51266806779,-0.04
2020-10-28,24239.645290421668,158.46717438165632,24398.112464803326,-0.04
2020-10-29,24239.645290421668,144.6134498486769,24384.258740270343,-0.04
2020-10-30,24239.645290421668,141.270124361992,24380.91541478366,-0.04
2020-11-02,24239.645290421668,137.05542333975214,24376.70071376142,-0.04
2020-11-03,24239.645290421668,149.80066118348066,24389.445951605147,-0.04
2020-11-04,24239.645290421668,146.72044985278364,24386.36574027445,-0.04
2020-11-05,24239.645290421668,200.27709869135856,24439.922389113028,-0.04
2020-11-06,24239.645290421668,207.5440870156323,24447.1893774373,-0.04
2020-11-09,24239.645290421668,99.97310739716109,24339.618397818827,-0.04
2020-11-10,24239.645290421668,105.64364503404734,24345.288935455716,-0.04
2020-11-11,24239.645290421668,95.79594363995143,24335.441234061618,-0.04
2020-11-12,24239.645290421668,111.7967216499248,24351.44201207159,-0.04
2020-11-13,24239.645290421668,139.75603151924327,24379.40132194091,-0.04
2020-11-16,24239.645290421668,142.1002679563108,24381.745558377977,-0.04
2020-11-17,24239.645290421668,161.1917137521539,24400.83700417382,-0.04
2020-11-18,24239.645290421668,182.64327011426064,24422.28856053593,-0.04
2020-11-19,24239.645290421668,185.86884433751015,24425.514134759178,-0.04
2020-11-20,24239.645290421668,181.95772249246772,24421.603012914136,-0.04
2020-11-23,24239.645290421668,143.4381816106068,24383.083472032275,-0.04
2020-11-24,24239.645290421668,148.40181217820964,24388.047102599878,-0.04
2020-11-25,24239.645290421668,145.90472337096708,24385.550013792636,-0.04
2020-11-26,24239.645290421668,157.30321782432318,24396.94850824599,-0.04
2020-11-27,24239.645290421668,165.47769267099804,24405.122983092664,-0.04
2020-11-30,24239.645290421668,153.8458822490227,24393.49117267069,-0.04
2020-12-01,24239.645290421668,154.44781927448562,24394.093109696154,-0.04
2020-12-02,24239.645290421668,148.54711551861703,24388.192405940285,-0.04
2020-12-03,24239.645290421668,176.9249218592552,24416.570212280923,-0.04
2020-12-04,24239.645290421668,159.6340394115772,24399.279329833244,-0.04
2020-12-07,24239.645290421668,166.26064837668764,24405.905938798354,-0.04
2020-12-08,24239.645290421668,160.93747161021378,24400.58276203188,-0.04
2020-12-09,24239.645290421668,157.17625456717852,24396.821544988845,-0.04
2020-12-10,24239.645290421668,157.5344051504558,24397.179695572122,-0.04
2020-12-11,24239.645290421668,164.61586798594726,24404.261158407615,-0.04
2020-12-14,24239.645290421668,164.7517927819679,24404.397083203636,-0.04
2020-12-15,24239.645290421668,184.86536525201097,24424.51065567368,-0.04
2020-12-16,24239.645290421668,196.5511247917995,24436.196415213468,-0.04
2020-12-17,24239.645290421668,213.9008119134404,24453.54610233511,-0.04
2020-12-18,24239.645290421668,201.3854373247679,24441.030727746434,-0.04
2020-12-21,24239.645290421668,202.60972370645476,24442.25501412812,-0.04
2020-12-22,24239.645290421668,186.6138512930185,24426.259141714687,-0.04
2020-12-23,24239.645290421668,191.2538640474208,24430.899154469087,-0.04
2020-12-24,24239.645290421668,184.9724166408513,24424.61770706252,-0.04
2020-12-28,24239.645290421668,177.36862959470713,24417.013920016376,-0.04
2020-12-29,24239.645290421668,189.9697509543921,24429.61504137606,-0.04
2020-12-30,24239.645290421668,206.10946346659264,24445.75475388826,-0.04
2020-12-31,24239.645290421668,199.97909638535458,24439.624386807023,-0.04
2021-01-04,24239.645290421668,208.13155094751374,24447.77684136918,-0.04
2021-01-05,24239.645290421668,230.1963272423108,24469.841617663977,-0.04
2021-01-06,24239.645290421668,211.41779211613607,24451.063082537803,-0.04
2021-01-07,24239.645290421668,171.20227974208177,24410.84757016375,-0.04
2021-01-08,24239.645290421668,163.949643847608,24403.594934269277,-0.04
2021-01-11,24239.645290421668,150.19766791842224,24389.84295834009,-0.04
2021-01-12,24239.645290421668,175.410782867369,24415.056073289037,-0.04
2021-01-13,24239.645290421668,168.14545053047655,24407.790740952143,-0.04
2021-01-14,24239.645290421668,172.86203660980976,24412.50732703148,-0.04
2021-01-15,24239.645290421668,168.45058219605747,24408.095872617727,-0.04
2021-01-18,24239.645290421668,178.84823434230995,24418.493524763977,-0.04
2021-01-19,24239.645290421668,168.98189449139966,24408.627184913068,-0.04
2021-01-20,24239.645290421668,186.67755912727435,24426.322849548942,-0.04
2021-01-21,24239.645290421668,188.1953531833859,24427.840643605054,-0.04
2021-01-22,24239.645290421668,174.17638210055856,24413.821672522226,-0.04
2021-01-25,24239.645290421668,175.29299891438154,24414.93828933605,-0.04
2021-01-26,24239.645290421668,182.27130140558808,24421.916591827256,-0.04
2021-01-27,24239.645290421668,157.342714903805,24396.98800532547,-0.04
2021-01-28,24239.645290421668,150.86374798365216,24390.50903840532,-0.04
2021-01-29,24239.645290421668,127.05825361910065,24366.703544040767,-0.04
2021-02-01,24239.645290421668,116.57245530833374,24356.217745730002,-0.04
2021-02-02,24239.645290421668,114.5318493429159,24354.177139764583,-0.04
2021-02-03,24354.23770911383,0.0,24354.23770911383,0.0
2021-02-04,24354.23770911383,0.0,24354.23770911383,0.0
2021-02-05,24354.23770911383,0.0,24354.23770911383,0.0
2021-02-08,24354.23770911383,0.0,24354.23770911383,0.0
2021-02-09,24354.23770911383,0.0,24354.23770911383,0.0
2021-02-10,24354.23770911383,0.0,24354.23770911383,0.0
2021-02-11,24354.23770911383,0.0,24354.23770911383,0.0
2021-02-12,24354.23770911383,0.0,24354.23770911383,0.0
2021-02-15,24354.23770911383,0.0,24354.23770911383,0.0
2021-02-16,24354.23770911383,0.0,24354.23770911383,0.0
2021-02-17,24354.23770911383,0.0,24354.23770911383,0.0
2021-02-18,24354.23770911383,0.0,24354.23770911383,0.0
2021-02-19,24354.23770911383,0.0,24354.23770911383,0.0
2021-02-22,24354.23770911383,0.0,24354.23770911383,0.0
2021-02-23,24354.23770911383,0.0,24354.23770911383,0.0
2021-02-24,24354.23770911383,0.0,24354.23770911383,0.0
2021-02-25,24354.23770911383,0.0,24354.23770911383,0.0
2021-02-26,24354.23770911383,0.0,24354.23770911383,0.0
2021-03-01,24354.23770911383,0.0,24354.23770911383,0.0
2021-03-02,24354.23770911383,0.0,24354.23770911383,0.0
2021-03-03,24354.23770911383,0.0,24354.23770911383,0.0
2021-03-04,24354.23770911383,0.0,24354.23770911383,0.0
2021-03-05,24354.23770911383,0.0,24354.23770911383,0.0
2021-03-08,24354.23770911383,0.0,24354.23770911383,0.0
2021-03-09,24354.23770911383,0.0,24354.23770911383,0.0
2021-03-10,24354.23770911383,0.0,24354.23770911383,0.0
2021-03-11,24354.23770911383,0.0,24354.23770911383,0.0
2021-03-12,24354.23770911383,0.0,24354.23770911383,0.0
2021-03-15,24354.23770911383,0.0,24354.23770911383,0.0
2021-03-16,24354.23770911383,0.0,24354.23770911383,0.0
2021-03-17,24354.23770911383,0.0,24354.23770911383,0.0
2021-03-18,24354.23770911383,0.0,24354.23770911383,0.0
2021-03-19,24354.23770911383,0.0,24354.23770911383,0.0
2021-03-22,24354.23770911383,0.0,24354.23770911383,0.0
2021-03-23,24354.23770911383,0.0,24354.23770911383,0.0
2021-03-24,24354.23770911383,0.0,24354.23770911383,0.0
2021-03-25,24354.23770911383,0.0,24354.23770911383,0.0
2021-03-26,24354.23770911383,0.0,24354.23770911383,0.0
2021-03-29,24354.23770911383,0.0,24354.23770911383,0.0
2021-03-30,24354.23770911383,0.0,24354.23770911383,0.0
2021-03-31,24354.23770911383,0.0,24354.23770911383,0.0
2021-04-01,24354.23770911383,0.0,24354.23770911383,0.0
2021-04-02,24354.23770911383,0.0,24354.23770911383,0.0
2021-04-05,24354.23770911383,0.0,24354.23770911383,0.0
2021-04-06,24354.23770911383,0.0,24354.23770911383,0.0
2021-04-07,24354.23770911383,0.0,24354.23770911383,0.0
2021-04-08,24354.23770911383,0.0,24354.23770911383,0.0
2021-04-09,24354.23770911383,0.0,24354.23770911383,0.0
2021-04-12,24354.23770911383,0.0,24354.23770911383,0.0
2021-04-13,24354.23770911383,0.0,24354.23770911383,0.0
2021-04-14,24354.23770911383,0.0,24354.23770911383,0.0
2021-04-15,24354.23770911383,0.0,24354.23770911383,0.0
2021-04-16,24354.23770911383,0.0,24354.23770911383,0.0
2021-04-19,24354.23770911383,0.0,24354.23770911383,0.0
2021-04-20,24354.23770911383,0.0,24354.23770911383,0.0
2021-04-21,24354.23770911383,0.0,24354.23770911383,0.0
2021-04-22,24354.23770911383,0.0,24354.23770911383,0.0
2021-04-23,24354.23770911383,0.0,24354.23770911383,0.0
2021-04-26,24354.23770911383,0.0,24354.23770911383,0.0
2021-04-27,24354.23770911383,0.0,24354.23770911383,0.0
2021-04-28,24354.23770911383,0.0,24354.23770911383,0.0
2021-04-29,24354.23770911383,0.0,24354.23770911383,0.0
2021-04-30,24354.23770911383,0.0,24354.23770911383,0.0
2021-05-03,24354.23770911383,0.0,24354.23770911383,0.0
2021-05-04,24354.23770911383,0.0,24354.23770911383,0.0
2021-05-05,24354.23770911383,0.0,24354.23770911383,0.0
2021-05-06,24354.23770911383,0.0,24354.23770911383,0.0
2021-05-07,24354.23770911383,0.0,24354.23770911383,0.0
2021-05-10,24354.23770911383,0.0,24354.23770911383,0.0
2021-05-11,24354.23770911383,0.0,24354.23770911383,0.0
2021-05-12,24354.23770911383,0.0,24354.23770911383,0.0
2021-05-13,24354.23770911383,0.0,24354.23770911383,0.0
2021-05-14,24354.23770911383,0.0,24354.23770911383,0.0
2021-05-17,24354.23770911383,0.0,24354.23770911383,0.0
2021-05-18,24354.23770911383,0.0,24354.23770911383,0.0
2021-05-19,24354.23770911383,0.0,24354.23770911383,0.0
2021-05-20,24354.23770911383,0.0,24354.23770911383,0.0
2021-05-21,24354.23770911383,0.0,24354.23770911383,0.0
2021-05-24,24354.23770911383,0.0,24354.23770911383,0.0
2021-05-25,24354.23770911383,0.0,24354.23770911383,0.0
2021-05-26,24354.23770911383,0.0,24354.23770911383,0.0
2021-05-27,24354.23770911383,0.0,24354.23770911383,0.0
2021-05-28,24354.23770911383,0.0,24354.23770911383,0.0
2021-05-31,24354.23770911383,0.0,24354.23770911383,0.0
2021-06-01,24354.23770911383,0.0,24354.23770911383,0.0
2021-06-02,24354.23770911383,0.0,24354.23770911383,0.0
2021-06-03,24354.23770911383,0.0,24354.23770911383,0.0
2021-06-04,24354.23770911383,0.0,24354.23770911383,0.0
2021-06-07,24354.23770911383,0.0,24354.23770911383,0.0
2021-06-08,24354.23770911383,0.0,24354.23770911383,0.0
2021-06-09,24354.23770911383,0.0,24354.23770911383,0.0
2021-06-10,24354.23770911383,0.0,24354.23770911383,0.0
2021-06-11,24354.23770911383,0.0,24354.23770911383,0.0
2021-06-14,24354.23770911383,0.0,24354.23770911383,0.0
2021-06-15,24354.23770911383,0.0,24354.23770911383,0.0
2021-06-16,24354.23770911383,0.0,24354.23770911383,0.0
2021-06-17,24354.23770911383,0.0,24354.23770911383,0.0
2021-06-18,24354.23770911383,0.0,24354.23770911383,0.0
2021-06-21,24354.23770911383,0.0,24354.23770911383,0.0
2021-06-22,24354.23770911383,0.0,24354.23770911383,0.0
2021-06-23,24354.23770911383,0.0,24354.23770911383,0.0
2021-06-24,24354.23770911383,0.0,24354.23770911383,0.0
2021-06-25,24354.23770911383,0.0,24354.23770911383,0.0
2021-06-28,24354.23770911383,0.0,24354.23770911383,0.0
2021-06-29,24354.23770911383,0.0,24354.23770911383,0.0
2021-06-30,24354.23770911383,0.0,24354.23770911383,0.0
2021-07-01,24354.23770911383,0.0,24354.23770911383,0.0
2021-07-02,24354.23770911383,0.0,24354.23770911383,0.0
2021-07-05,24354.23770911383,0.0,24354.23770911383,0.0
2021-07-06,24354.23770911383,0.0,24354.23770911383,0.0
2021-07-07,24354.23770911383,0.0,24354.23770911383,0.0
2021-07-08,24354.23770911383,0.0,24354.23770911383,0.0
2021-07-09,24354.23770911383,0.0,24354.23770911383,0.0
2021-07-12,24354.23770911383,0.0,24354.23770911383,0.0
2021-07-13,24354.23770911383,0.0,24354.23770911383,0.0
2021-07-14,24354.23770911383,0.0,24354.23770911383,0.0
2021-07-15,24354.23770911383,0.0,24354.23770911383,0.0
2021-07-16,24354.23770911383,0.0,24354.23770911383,0.0
2021-07-19,24354.23770911383,0.0,24354.23770911383,0.0
2021-07-20,24354.23770911383,0.0,24354.23770911383,0.0
2021-07-21,24354.23770911383,0.0,24354.23770911383,0.0
2021-07-22,24354.23770911383,0.0,24354.23770911383,0.0
2021-07-23,24354.23770911383,0.0,24354.23770911383,0.0
2021-07-26,24354.23770911383,0.0,24354.23770911383,0.0
2021-07-27,24354.23770911383,0.0,24354.23770911383,0.0
2021-07-28,24354.23770911383,0.0,24354.23770911383,0.0
2021-07-29,24354.23770911383,0.0,24354.23770911383,0.0
2021-07-30,24354.23770911383,0.0,24354.23770911383,0.0
2021-08-02,24354.23770911383,0.0,24354.23770911383,0.0
2021-08-03,24354.23770911383,0.0,24354.23770911383,0.0
2021-08-04,24354.23770911383,0.0,24354.23770911383,0.0
2021-08-05,24354.23770911383,0.0,24354.23770911383,0.0
2021-08-06,24354.23770911383,0.0,24354.23770911383,0.0
2021-08-09,24354.23770911383,0.0,24354.23770911383,0.0
2021-08-10,24354.23770911383,0.0,24354.23770911383,0.0
2021-08-11,24354.23770911383,0.0,24354.23770911383,0.0
2021-08-12,24354.23770911383,0.0,24354.23770911383,0.0
2021-08-13,24354.23770911383,0.0,24354.23770911383,0.0
2021-08-16,24354.23770911383,0.0,24354.23770911383,0.0
2021-08-17,24354.23770911383,0.0,24354.23770911383,0.0
2021-08-18,24354.23770911383,0.0,24354.23770911383,0.0
2021-08-19,24354.23770911383,0.0,24354.23770911383,0.0
2021-08-20,24354.23770911383,0.0,24354.23770911383,0.0
2021-08-23,24354.23770911383,3.2241892255942277,24357.461898339425,-0.06
2021-08-24,24354.23770911383,3.7159571305829395,24357.95366624441,-0.06
2021-08-25,24354.23770911383,-19.004535939897888,24335.233173173932,-0.06
2021-08-26,24354.23770911383,-26.257400048352707,24327.98030906548,-0.06
2021-08-27,24354.23770911383,-9.118187476475425,24345.119521637353,-0.06
2021-08-30,24354.23770911383,-13.971664833975577,24340.266044279855,-0.06
2021-08-31,24354.23770911383,-19.761017756020742,24334.47669135781,-0.06
2021-09-01,24333.559704192023,0.0,24333.559704192023,0.0
2021-09-02,24333.559704192023,0.0,24333.559704192023,0.0
2021-09-03,24333.559704192023,0.0,24333.559704192023,0.0
2021-09-06,24333.559704192023,0.0,24333.559704192023,0.0
2021-09-07,24333.559704192023,-46.5987328573991,24286.960971334625,-0.08
2021-09-08,24288.642247827516,0.0,24288.642247827516,0.0
2021-09-09,24288.642247827516,0.0,24288.642247827516,0.0
2021-09-10,24288.642247827516,0.0,24288.642247827516,0.0
2021-09-13,24288.642247827516,0.0,24288.642247827516,0.0
2021-09-14,24288.642247827516,0.0,24288.642247827516,0.0
2021-09-15,24288.642247827516,0.0,24288.642247827516,0.0
2021-09-16,24288.642247827516,-36.320719528044926,24252.32152829947,-0.07
2021-09-17,24288.642247827516,-56.25159144291196,24232.390656384603,-0.07
2021-09-20,24288.642247827516,-5.256907195840586,24283.385340631674,-0.07
2021-09-21,24288.642247827516,9.798023997392539,24298.440271824908,-0.07
2021-09-22,24288.642247827516,-42.10043018576713,24246.541817641748,-0.07
2021-09-23,24288.642247827516,-88.10265068382341,24200.539597143692,-0.07
2021-09-24,24176.99111749678,0.0,24176.99111749678,0.0
2021-09-27,24176.99111749678,28.084514403994284,24205.075631900774,0.07
2021-09-28,24176.99111749678,70.67870442950739,24247.669821926287,0.07
2021-09-29,24176.99111749678,111.66488434816455,24288.65600184494,0.07
2021-09-30,24176.99111749678,51.16747112703597,24228.158588623814,0.07
2021-10-01,24176.99111749678,33.01361354623337,24210.004731043013,0.07
2021-10-04,24176.99111749678,20.197395813005873,24197.188513309786,0.07
2021-10-05,24176.99111749678,67.23184832479754,24244.222965821577,0.07
2021-10-06,24176.99111749678,62.933587792867016,24239.924705289646,0.07
2021-10-07,24176.99111749678,80.22090912245676,24257.212026619236,0.07
2021-10-08,24176.99111749678,131.56168106413944,24308.55279856092,0.07
2021-10-11,24176.99111749678,225.31561377338693,24402.306731270164,0.07
2021-10-12,24176.99111749678,245.21390980829392,24422.205027305074,0.07
2021-10-13,24176.99111749678,214.55621680981702,24391.547334306597,0.07
2021-10-14,24176.99111749678,249.7262727409599,24426.71739023774,0.07
2021-10-15,24176.99111749678,295.7444336560475,24472.735551152826,0.07
2021-10-18,24176.99111749678,299.30380307976947,24476.294920576547,0.07
2021-10-19,24176.99111749678,304.7820173494362,24481.773134846215,0.07
2021-10-20,24176.99111749678,298.3238811971705,24475.31499869395,0.07
2021-10-21,24176.99111749678,269.7141625174158,24446.705280014194,0.07
2021-10-22,24176.99111749678,230.12835912190164,24407.119476618678,0.07
2021-10-25,24176.99111749678,249.2304171770532,24426.22153467383,0.07
2021-10-26,24176.99111749678,284.3379285824813,24461.32904607926,0.07
2021-10-27,24176.99111749678,254.84923642067048,24431.84035391745,0.07
2021-10-28,24176.99111749678,234.91743885891427,24411.90855635569,0.07
2021-10-29,24176.99111749678,267.00760215879984,24443.998719655578,0.07
2021-11-01,24176.99111749678,270.0171855222927,24447.008303019073,0.07
2021-11-02,24176.99111749678,266.928938900397,24443.920056397175,0.07
2021-11-03,24176.99111749678,275.1792166928703,24452.17033418965,0.07
2021-11-04,24176.99111749678,252.54529772829764,24429.536415225077,0.07
2021-11-05,24176.99111749678,224.43350536144695,24401.424622858227,0.07
2021-11-08,24176.99111749678,211.47396097510673,24388.465078471883,0.07
2021-11-09,24176.99111749678,181.92111140634336,24358.912228903122,0.07
2021-11-10,24176.99111749678,270.230256688659,24447.221374185436,0.07
2021-11-11,24176.99111749678,282.6098679808372,24459.600985477617,0.07
2021-11-12,24176.99111749678,271.5542849775858,24448.545402474363,0.07
2021-11-15,24176.99111749678,288.8590604697234,24465.850177966502,0.07
2021-11-16,24176.99111749678,344.5318350097526,24521.52295250653,0.07
2021-11-17,24176.99111749678,285.63636915197134,24462.62748664875,0.07
2021-11-18,24176.99111749678,300.7524203874398,24477.743537884216,0.07
2021-11-19,24176.99111749678,279.9745512925373,24456.965668789315,0.07
2021-11-22,24176.99111749678,354.92739131659084,24531.91850881337,0.07
2021-11-23,24176.99111749678,374.47904167427123,24551.47015917105,0.07
2021-11-24,24176.99111749678,396.8048687216899,24573.79598621847,0.07
2021-11-25,24176.99111749678,390.61868300673086,24567.60980050351,0.07
2021-11-26,24176.99111749678,220.3202012835414,24397.31131878032,0.07
2021-11-29,24176.99111749678,246.50524411684026,24423.49636161362,0.07
2021-11-30,24176.99111749678,211.39118511956704,24388.382302616345,0.07
2021-12-01,24176.99111749678,180.35289401644334,24357.34401151322,0.07
2021-12-02,24176.99111749678,218.07860416947003,24395.06972166625,0.07
2021-12-03,24176.99111749678,186.3431027263125,24363.334220223092,0.07
2021-12-06,24176.99111749678,247.6912480164385,24424.682365513218,0.07
2021-12-07,24176.99111749678,252.18784795448113,24429.178965451258,0.07
2021-12-08,24176.99111749678,259.7271969505218,24436.7183144473,0.07
2021-12-09,24176.99111749678,237.99796974548482,24414.989087242262,0.07
2021-12-10,24176.99111749678,232.71110444668508,24409.702221943462,0.07
2021-12-13,24176.99111749678,248.9463601455755,24425.937477642354,0.07
2021-12-14,24176.99111749678,264.5290545394814,24441.52017203626,0.07
2021-12-15,24176.99111749678,290.9769910298092,24467.968108526587,0.07
2021-12-16,24176.99111749678,257.8217781235074,24434.812895620285,0.07
2021-12-17,24176.99111749678,258.3358106833727,24435.32692818015,0.07
2021-12-20,24176.99111749678,253.6526674564161,24430.643784953194,0.07
2021-12-21,24176.99111749678,294.3156095632156,24471.306727059993,0.07
2021-12-22,24176.99111749678,293.8130212103398,24470.804138707117,0.07
2021-12-23,24176.99111749678,315.9630268662793,24492.95414436306,0.07
2021-12-24,24176.99111749678,308.1841063404746,24485.175223837254,0.07
2021-12-27,24176.99111749678,355.28477378855627,24532.275891285335,0.07
2021-12-28,24176.99111749678,347.7306847527073,24524.721802249485,0.07
2021-12-29,24176.99111749678,360.7943008460709,24537.78541834285,0.07
2021-12-30,24176.99111749678,366.31919089324884,24543.310308390028,0.07
2021-12-31,24176.99111749678,369.54489022535057,24546.53600772213,0.07
2022-01-03,24176.99111749678,387.7020291657216,24564.6931466625,0.07
2022-01-04,24176.99111749678,458.7922085988827,24635.78332609566,0.07
2022-01-05,24176.99111749678,450.8047003834474,24627.795817880226,0.07
2022-01-06,24176.99111749678,430.4643792294587,24607.455496726237,0.07
2022-01-07,24176.99111749678,410.1933904186901,24587.18450791547,0.07
2022-01-10,24176.99111749678,379.5111582685063,24556.502275765284,0.07
2022-01-11,24176.99111749678,390.1089517386137,24567.100069235392,0.07
2022-01-12,24176.99111749678,331.76481669148154,24508.75593418826,0.07
2022-01-13,24176.99111749678,290.70771593539314,24467.698833432172,0.07
2022-01-14,24176.99111749678,295.5736516519486,24472.56476914873,0.07
2022-01-17,24176.99111749678,332.9938859609356,24509.985003457714,0.07
2022-01-18,24176.99111749678,330.0626121653634,24507.05372966214,0.07
2022-01-19,24176.99111749678,308.9923394094855,24485.983456906262,0.07
2022-01-20,24176.99111749678,289.47171250067555,24466.462829997454,0.07
2022-01-21,24176.99111749678,254.80238089738506,24431.793498394163,0.07
2022-01-24,24176.99111749678,282.2662956972822,24459.25741319406,0.07
2022-01-25,24176.99111749678,272.6221191639717,24449.61323666075,0.07
2022-01-26,24176.99111749678,342.12681717919503,24519.117934675975,0.07
2022-01-27,24176.99111749678,400.1568090823727,24577.14792657915,0.07
2022-01-28,24176.99111749678,392.2394394896038,24569.230556986382,0.07
2022-01-31,24176.99111749678,385.48762705432324,24562.478744551103,0.07
2022-02-01,24176.99111749678,343.79529978285757,24520.786417279636,0.07
2022-02-02,24176.99111749678,320.6620368071658,24497.653154303945,0.07
2022-02-03,24176.99111749678,367.9921711305228,24544.9832886273,0.07
2022-02-04,24176.99111749678,383.3385238700074,24560.329641366785,0.07
2022-02-07,24176.99111749678,377.64242854408593,24554.633546040863,0.07
2022-02-08,24176.99111749678,414.3761119836081,24591.367229480387,0.07
2022-02-09,24176.99111749678,410.9936012768732,24587.984718773652,0.07
2022-02-10,24176.99111749678,447.97222211724005,24624.96333961402,0.07
2022-02-11,24176.99111749678,399.2525808327977,24576.243698329577,0.07
2022-02-14,24176.99111749678,411.39960200962656,24588.390719506406,0.07
2022-02-15,24176.99111749678,416.8308550164102,24593.82197251319,0.07
2022-02-16,24176.99111749678,402.81836073683723,24579.809478233616,0.07
2022-02-17,24176.99111749678,355.52082775066725,24532.511945247446,0.07
2022-02-18,24176.99111749678,368.59421678059823,24545.585334277377,0.07
2022-02-21,24176.99111749678,342.16125271944276,24519.15237021622,0.07
2022-02-22,24176.99111749678,372.16544529945827,24549.156562796237,0.07
2022-02-23,24176.99111749678,364.1270944074476,24541.118211904224,0.07
2022-02-24,24176.99111749678,407.85492846094286,24584.84604595772,0.07
2022-02-25,24176.99111749678,409.4608119157249,24586.451929412502,0.07
2022-02-28,24176.99111749678,361.48017078915507,24538.471288285935,0.07
2022-03-01,24176.99111749678,353.27222591996957,24530.263343416747,0.07
2022-03-02,24176.99111749678,405.5406065695568,24582.531724066335,0.07
2022-03-03,24176.99111749678,396.1882187636995,24573.179336260477,0.07
2022-03-04,24176.99111749678,344.4619756663618,24521.45309316314,0.07
2022-03-07,24176.99111749678,381.82928278957905,24558.820400286357,0.07
2022-03-08,24176.99111749678,413.41145574991367,24590.40257324669,0.07
2022-03-09,24176.99111749678,430.87184363797064,24607.86296113475,0.07
2022-03-10,24176.99111749678,449.2963790200501,24626.287496516827,0.07
2022-03-11,24176.99111749678,541.4823456517024,24718.473463148483,0.07
2022-03-14,24176.99111749678,613.3512518749229,24790.3423693717,0.07
2022-03-15,24176.99111749678,626.1902718369338,24803.181389333713,0.07
2022-03-16,24176.99111749678,663.4957596666511,24840.48687716343,0.07
2022-03-17,24176.99111749678,638.9197183896875,24815.910835886465,0.07
2022-03-18,24176.99111749678,677.2172176210253,24854.208335117804,0.07
2022-03-21,24176.99111749678,696.8733738854288,24873.864491382206,0.07
2022-03-22,24176.99111749678,801.4232616435954,24978.414379140373,0.07
2022-03-23,24176.99111749678,811.1174524000553,24988.108569896835,0.07
2022-03-24,24176.99111749678,899.6120418151902,25076.60315931197,0.07
2022-03-25,24176.99111749678,868.4460951068021,25045.43721260358,0.07
2022-03-28,24176.99111749678,1009.3483360864366,25186.339453583216,0.07
2022-03-29,24176.99111749678,920.3539418344377,25097.345059331215,0.07
2022-03-30,24176.99111749678,844.8877213373439,25021.878838834124,0.07
2022-03-31,24176.99111749678,841.3304438450775,25018.321561341854,0.07
2022-04-01,24176.99111749678,911.8312785305862,25088.822396027364,0.07
2022-04-04,24176.99111749678,920.9727077484177,25097.963825245195,0.07
2022-04-05,24176.99111749678,975.3051112391661,25152.296228735944,0.07
2022-04-06,24176.99111749678,978.9381707281915,25155.92928822497,0.07
2022-04-07,24176.99111749678,1000.1385143062754,25177.129631803055,0.07
2022-04-08,24176.99111749678,1026.1546259821841,25203.145743478963,0.07
2022-04-11,24176.99111749678,1110.3648411199342,25287.355958616714,0.07
2022-04-12,24176.99111749678,1107.094220211969,25284.085337708748,0.07
2022-04-13,24176.99111749678,1121.0630603584102,25298.05417785519,0.07
2022-04-14,24176.99111749678,1135.5724170453157,25312.563534542092,0.07
2022-04-15,24176.99111749678,1174.9619689993654,25351.953086496145,0.07
2022-04-18,24176.99111749678,1221.2976456790389,25398.288763175817,0.07
2022-04-19,24176.99111749678,1363.3759242235597,25540.36704172034,0.07
2022-04-20,24176.99111749678,1265.2154298440953,25442.206547340873,0.07
2022-04-21,24176.99111749678,1299.2934512958768,25476.284568792657,0.07
2022-04-22,24176.99111749678,1319.9218400335544,25496.912957530334,0.07
2022-04-25,24176.99111749678,1310.8103388315874,25487.801456328365,0.07
2022-04-26,24176.99111749678,1256.4240969733398,25433.41521447012,0.07
2022-04-27,24176.99111749678,1370.6623297742108,25547.65344727099,0.07
2022-04-28,24176.99111749678,1541.048050767304,25718.039168264084,0.07
2022-04-29,24176.99111749678,1444.9489440947734,25621.94006159155,0.07
2022-05-02,24176.99111749678,1486.7458163780473,25663.736933874825,0.07
2022-05-03,24176.99111749678,1482.9132168604901,25659.90433435727,0.07
2022-05-04,24176.99111749678,1394.39615291164,25571.387270408417,0.07
2022-05-05,24176.99111749678,1456.302970484078,25633.294087980856,0.07
2022-05-06,24176.99111749678,1501.742133992983,25678.73325148976,0.07
2022-05-09,24176.99111749678,1489.2815354601225,25666.2726529569,0.07
2022-05-10,24176.99111749678,1526.129838691946,25703.120956188723,0.07
2022-05-11,24176.99111749678,1491.9003911687635,25668.891508665543,0.07
2022-05-12,24176.99111749678,1367.8098322673873,25544.800949764165,0.07
2022-05-13,24176.99111749678,1476.793648042618,25653.784765539396,0.07
2022-05-16,24176.99111749678,1439.9921097986635,25616.98322729544,0.07
2022-05-17,24176.99111749678,1451.5461907950937,25628.53730829187,0.07
2022-05-18,24176.99111749678,1351.1467499125356,25528.137867409314,0.07
2022-05-19,24176.99111749678,1344.1532271619874,25521.144344658765,0.07
2022-05-20,24176.99111749678,1340.7723253124543,25517.76344280923,0.07
2022-05-23,24176.99111749678,1335.4546647129644,25512.445782209743,0.07
2022-05-24,24176.99111749678,1245.1523934421552,25422.143510938935,0.07
2022-05-25,24176.99111749678,1289.7990487949244,25466.790166291703,0.07
2022-05-26,24176.99111749678,1272.4725209155065,25449.463638412286,0.07
2022-05-27,24176.99111749678,1275.4264397403756,25452.417557237153,0.07
2022-05-30,24176.99111749678,1301.6857394373003,25478.67685693408,0.07
2022-05-31,24176.99111749678,1372.681564902344,25549.672682399123,0.07
2022-06-01,24176.99111749678,1476.2822628777303,25653.273380374507,0.07
2022-06-02,24176.99111749678,1440.3219390572444,25617.313056554023,0.07
2022-06-03,24176.99111749678,1493.8815580159082,25670.872675512688,0.07
2022-06-06,24176.99111749678,1572.8622996646648,25749.853417161445,0.07
2022-06-07,24176.99111749678,1618.5473849114312,25795.53850240821,0.07
2022-06-08,24176.99111749678,1719.4400191061482,25896.431136602925,0.07
2022-06-09,24176.99111749678,1717.7752545026315,25894.76637199941,0.07
2022-06-10,24176.99111749678,1737.364742939906,25914.355860436684,0.07
2022-06-13,24176.99111749678,1754.553153577198,25931.544271073977,0.07
2022-06-14,24176.99111749678,1862.294552009062,26039.28566950584,0.07
2022-06-15,24176.99111749678,1737.7823940403161,25914.773511537096,0.07
2022-06-16,24176.99111749678,1608.7130782669783,25785.704195763756,0.07
2022-06-17,24176.99111749678,1821.6007645135955,25998.591882010373,0.07
2022-06-20,24176.99111749678,1823.8341459811504,26000.825263477927,0.07
2022-06-21,24176.99111749678,1936.17293146013,26113.164048956907,0.07
2022-06-22,24176.99111749678,1877.8102885176263,26054.801406014405,0.07
2022-06-23,24176.99111749678,1802.6888685009478,25979.679985997725,0.07
2022-06-24,24176.99111749678,1843.4023892270732,26020.393506723853,0.07
2022-06-27,24176.99111749678,1848.6104984817619,26025.60161597854,0.07
2022-06-28,24176.99111749678,1901.9955510731077,26078.986668569887,0.07
2022-06-29,24176.99111749678,1929.1848400645679,26106.175957561347,0.07
2022-06-30,24176.99111749678,1864.9358085785861,26041.926926075364,0.07
2022-07-01,24176.99111749678,1836.0011034402823,26012.99222093706,0.07
2022-07-04,24176.99111749678,1898.202336745779,26075.19345424256,0.07
2022-07-05,24176.99111749678,1893.8227507167016,26070.81386821348,0.07
2022-07-06,24176.99111749678,1913.1804925283666,26090.171610025143,0.07
2022-07-07,24176.99111749678,1920.9443995681002,26097.935517064878,0.07
2022-07-08,24176.99111749678,1913.174414689556,26090.165532186333,0.07
2022-07-11,24176.99111749678,2006.9338959868667,26183.925013483644,0.07
2022-07-12,24176.99111749678,1980.0348095799188,26157.0259270767,0.07
2022-07-13,24176.99111749678,2025.6375990748365,26202.628716571613,0.07
2022-07-14,24176.99111749678,2130.4052458481056,26307.396363344884,0.07
2022-07-15,24176.99111749678,2079.6536178313627,26256.64473532814,0.07
2022-07-18,24176.99111749678,2042.4254538907771,26219.416571387555,0.07
2022-07-19,24176.99111749678,2044.9972626940623,26221.98838019084,0.07
2022-07-20,24176.99111749678,2026.0266456002096,26203.01776309699,0.07
2022-07-21,24176.99111749678,1960.1238498705964,26137.114967367375,0.07
2022-07-22,24176.99111749678,1865.8099270188698,26042.801044515647,0.07
2022-07-25,24176.99111749678,1930.2828604580372,26107.273977954814,0.07
2022-07-26,24176.99111749678,1932.2872684581148,26109.278385954894,0.07
2022-07-27,24176.99111749678,1910.58398151805,26087.57509901483,0.07
2022-07-28,24176.99111749678,1725.998961656311,25902.99007915309,0.07
2022-07-29,24176.99111749678,1680.9359465834175,25857.927064080195,0.07
2022-08-01,24176.99111749678,1574.2000930708089,25751.191210567587,0.07
2022-08-02,24176.99111749678,1700.1572865109827,25877.14840400776,0.07
2022-08-03,24176.99111749678,1760.4207446142605,25937.41186211104,0.07
2022-08-04,24176.99111749678,1669.9590231209036,25846.950140617682,0.07
2022-08-05,24176.99111749678,1835.6719809070994,26012.66309840388,0.07
2022-08-08,24176.99111749678,1826.3681554199823,26003.35927291676,0.07
2022-08-09,24176.99111749678,1815.8897023944014,25992.88081989118,0.07
2022-08-10,24176.99111749678,1650.8757340208751,25827.866851517654,0.07
2022-08-11,24176.99111749678,1658.681887974292,25835.67300547107,0.07
2022-08-12,24176.99111749678,1689.1705770766823,25866.16169457346,0.07
2022-08-15,24176.99111749678,1667.7551432060789,25844.746260702857,0.07
2022-08-16,24176.99111749678,1761.227638312712,25938.218755809492,0.07
2022-08-17,24176.99111749678,1810.7856160049923,25987.77673350177,0.07
2022-08-18,24176.99111749678,1882.4350446076,26059.426162104377,0.07
2022-08-19,24176.99111749678,1951.3733594286516,26128.36447692543,0.07
2022-08-22,24176.99111749678,1993.6660512052838,26170.657168702062,0.07
2022-08-23,24176.99111749678,1929.694602316864,26106.685719813642,0.07
2022-08-24,24176.99111749678,1954.1804153359265,26131.171532832705,0.07
2022-08-25,24176.99111749678,1904.7034304034942,26081.69454790027,0.07
2022-08-26,24176.99111749678,1970.8109974491397,26147.802114945916,0.07
2022-08-29,24176.99111749678,2068.0315592342426,26245.02267673102,0.07
2022-08-30,24176.99111749678,2054.979212591397,26231.970330088174,0.07
2022-08-31,24176.99111749678,2080.7503318141553,26257.74144931093,0.07
2022-09-01,24176.99111749678,2170.802378976429,26347.79349647321,0.07
2022-09-02,24176.99111749678,2173.434843693598,26350.425961190376,0.07
2022-09-05,24176.99111749678,2201.217674809828,26378.208792306606,0.07
2022-09-06,24176.99111749678,2352.6217916906216,26529.6129091874,0.07
2022-09-07,24176.99111749678,2406.8629140596477,26583.854031556424,0.07
2022-09-08,24176.99111749678,2403.910569159238,26580.901686656016,0.07
2022-09-09,24176.99111749678,2299.143034889674,26476.134152386454,0.07
2022-09-12,24176.99111749678,2311.7886622067026,26488.77977970348,0.07
2022-09-13,24176.99111749678,2406.576893983811,26583.568011480587,0.07
2022-09-14,24176.99111749678,2333.428408230265,26510.419525727044,0.07
2022-09-15,24176.99111749678,2376.8273928514677,26553.818510348246,0.07
2022-09-16,24176.99111749678,2350.3363099475837,26527.32742744436,0.07
2022-09-19,24176.99111749678,2373.331988239733,26550.323105736512,0.07
2022-09-20,24176.99111749678,2399.1313423604865,26576.122459857266,0.07
2022-09-21,24176.99111749678,2430.3527106059214,26607.3438281027,0.07
2022-09-22,24176.99111749678,2320.539174284544,26497.530291781324,0.07
2022-09-23,24176.99111749678,2417.3256405912803,26594.316758088058,0.07
2022-09-26,24176.99111749678,2548.4124252450088,26725.403542741788,0.07
2022-09-27,24176.99111749678,2558.096456920611,26735.08757441739,0.07
2022-09-28,24176.99111749678,2512.794474290471,26689.78559178725,0.07
2022-09-29,24176.99111749678,2513.0167417120715,26690.00785920885,0.07
2022-09-30,24176.99111749678,2543.081521762035,26720.072639258815,0.07
2022-10-03,24176.99111749678,2561.4669378991475,26738.458055395924,0.07
2022-10-04,24176.99111749678,2487.4629540809674,26664.454071577748,0.07
2022-10-05,24176.99111749678,2537.358161816578,26714.349279313356,0.07
2022-10-06,24176.99111749678,2569.400469382247,26746.391586879025,0.07
2022-10-07,24176.99111749678,2611.3314614655487,26788.32257896233,0.07
2022-10-10,24176.99111749678,2651.6388872661146,26828.630004762894,0.07
2022-10-11,24176.99111749678,2683.6514287244304,26860.64254622121,0.07
2022-10-12,24176.99111749678,2772.0192900575025,26949.01040755428,0.07
2022-10-13,24176.99111749678,2774.55057845072,26951.541695947497,0.07
2022-10-14,24176.99111749678,2875.332323626393,27052.32344112317,0.07
2022-10-17,24176.99111749678,2913.5296257832147,27090.520743279994,0.07
2022-10-18,24176.99111749678,2880.1774238731277,27057.168541369905,0.07
2022-10-19,24176.99111749678,2916.517246414334,27093.50836391111,0.07
2022-10-20,24176.99111749678,2938.6703571270423,27115.66147462382,0.07
2022-10-21,24176.99111749678,2743.4854332123255,26920.476550709103,0.07
2022-10-24,24176.99111749678,2831.24890629829,27008.240023795068,0.07
2022-10-25,24176.99111749678,2775.839604310729,26952.830721807506,0.07
2022-10-26,24176.99111749678,2640.6975089604007,26817.68862645718,0.07
2022-10-27,24176.99111749678,2619.4229461979357,26796.414063694712,0.07
2022-10-28,24176.99111749678,2728.49196494135,26905.483082438128,0.07
2022-10-31,24176.99111749678,2818.344360831202,26995.33547832798,0.07
2022-11-01,24176.99111749678,2762.524481482988,26939.515598979768,0.07
2022-11-02,24176.99111749678,2749.2357077307433,26926.22682522752,0.07
2022-11-03,24176.99111749678,2803.161735353234,26980.152852850013,0.07
2022-11-04,24176.99111749678,2703.118154507426,26880.109272004203,0.07
2022-11-07,24176.99111749678,2669.0273105840265,26846.018428080806,0.07
2022-11-08,24176.99111749678,2580.8435039443816,26757.83462144116,0.07
2022-11-09,24176.99111749678,2638.5067655280795,26815.49788302486,0.07
2022-11-10,24176.99111749678,2251.0162248387664,26428.007342335546,0.07
2022-11-11,24176.99111749678,2102.725498936416,26279.716616433194,0.07
2022-11-14,24176.99111749678,2194.6412570584853,26371.632374555265,0.07
2022-11-15,24176.99111749678,2135.8666507759945,26312.857768272774,0.07
2022-11-16,24176.99111749678,2144.8880542316274,26321.879171728404,0.07
2022-11-17,24176.99111749678,2199.5112150944483,26376.502332591226,0.07
2022-11-18,24176.99111749678,2216.0271216048013,26393.01823910158,0.07
2022-11-21,26385.328148755038,0.0,26385.328148755038,0.0
2022-11-22,26385.328148755038,0.0,26385.328148755038,0.0
2022-11-23,26385.328148755038,0.0,26385.328148755038,0.0
2022-11-24,26385.328148755038,0.0,26385.328148755038,0.0
2022-11-25,26385.328148755038,0.0,26385.328148755038,0.0
2022-11-28,26385.328148755038,0.0,26385.328148755038,0.0
2022-11-29,26385.328148755038,0.0,26385.328148755038,0.0
2022-11-30,26385.328148755038,0.0,26385.328148755038,0.0
2022-12-01,26385.328148755038,0.0,26385.328148755038,0.0
2022-12-02,26385.328148755038,0.0,26385.328148755038,0.0
2022-12-05,26385.328148755038,0.0,26385.328148755038,0.0
2022-12-06,26385.328148755038,0.0,26385.328148755038,0.0
2022-12-07,26385.328148755038,0.0,26385.328148755038,0.0
2022-12-08,26385.328148755038,0.0,26385.328148755038,0.0
2022-12-09,26385.328148755038,0.0,26385.328148755038,0.0
2022-12-12,26385.328148755038,0.0,26385.328148755038,0.0
2022-12-13,26385.328148755038,0.0,26385.328148755038,0.0
2022-12-14,26385.328148755038,0.0,26385.328148755038,0.0
2022-12-15,26385.328148755038,0.0,26385.328148755038,0.0
2022-12-16,26385.328148755038,0.0,26385.328148755038,0.0
2022-12-19,26385.328148755038,0.0,26385.328148755038,0.0
2022-12-20,26385.328148755038,0.0,26385.328148755038,0.0
2022-12-21,26385.328148755038,0.0,26385.328148755038,0.0
2022-12-22,26385.328148755038,0.0,26385.328148755038,0.0
2022-12-23,26385.328148755038,0.0,26385.328148755038,0.0
2022-12-27,26385.328148755038,0.0,26385.328148755038,0.0
2022-12-28,26385.328148755038,0.0,26385.328148755038,0.0
2022-12-29,26385.328148755038,0.0,26385.328148755038,0.0
2022-12-30,26385.328148755038,0.0,26385.328148755038,0.0
2023-01-02,26385.328148755038,0.0,26385.328148755038,0.0
2023-01-03,26385.328148755038,0.0,26385.328148755038,0.0
2023-01-04,26385.328148755038,0.0,26385.328148755038,0.0
2023-01-05,26385.328148755038,0.0,26385.328148755038,0.0
2023-01-06,26385.328148755038,0.0,26385.328148755038,0.0
2023-01-09,26385.328148755038,0.0,26385.328148755038,0.0
2023-01-10,26385.328148755038,0.0,26385.328148755038,0.0
2023-01-11,26385.328148755038,0.0,26385.328148755038,0.0
2023-01-12,26385.328148755038,0.0,26385.328148755038,0.0
2023-01-13,26385.328148755038,0.0,26385.328148755038,0.0
2023-01-16,26385.328148755038,0.0,26385.328148755038,0.0
2023-01-17,26385.328148755038,0.0,26385.328148755038,0.0
2023-01-18,26385.328148755038,0.0,26385.328148755038,0.0
2023-01-19,26385.328148755038,0.0,26385.328148755038,0.0
2023-01-20,26385.328148755038,0.0,26385.328148755038,0.0
2023-01-23,26385.328148755038,0.0,26385.328148755038,0.0
2023-01-24,26385.328148755038,0.0,26385.328148755038,0.0
2023-01-25,26385.328148755038,0.0,26385.328148755038,0.0
2023-01-26,26385.328148755038,0.0,26385.328148755038,0.0
2023-01-27,26385.328148755038,0.0,26385.328148755038,0.0
2023-01-30,26385.328148755038,0.0,26385.328148755038,0.0
2023-01-31,26385.328148755038,0.0,26385.328148755038,0.0
2023-02-01,26385.328148755038,0.0,26385.328148755038,0.0
2023-02-02,26385.328148755038,0.0,26385.328148755038,0.0
2023-02-03,26385.328148755038,0.0,26385.328148755038,0.0
2023-02-06,26385.328148755038,0.0,26385.328148755038,0.0
2023-02-07,26385.328148755038,0.0,26385.328148755038,0.0
2023-02-08,26385.328148755038,0.0,26385.328148755038,0.0
2023-02-09,26385.328148755038,0.0,26385.328148755038,0.0
2023-02-10,26385.328148755038,0.0,26385.328148755038,0.0
2023-02-13,26385.328148755038,0.0,26385.328148755038,0.0
2023-02-14,26385.328148755038,0.0,26385.328148755038,0.0
2023-02-15,26385.328148755038,0.0,26385.328148755038,0.0
2023-02-16,26385.328148755038,0.0,26385.328148755038,0.0
2023-02-17,26385.328148755038,0.0,26385.328148755038,0.0
2023-02-20,26385.328148755038,0.0,26385.328148755038,0.0
2023-02-21,26385.328148755038,0.0,26385.328148755038,0.0
2023-02-22,26385.328148755038,0.0,26385.328148755038,0.0
2023-02-23,26385.328148755038,0.0,26385.328148755038,0.0
2023-02-24,26385.328148755038,0.0,26385.328148755038,0.0
2023-02-27,26385.328148755038,0.0,26385.328148755038,0.0
2023-02-28,26385.328148755038,0.0,26385.328148755038,0.0
2023-03-01,26385.328148755038,3.199797857073014,26388.52794661211,0.03
2023-03-02,26385.328148755038,21.495099501342835,26406.82324825638,0.03
2023-03-03,26385.328148755038,-8.649186130215881,26376.67896262482,0.03
2023-03-06,26385.328148755038,-5.692913215533391,26379.635235539503,0.03
2023-03-07,26385.328148755038,34.69362065220353,26420.02176940724,0.03
2023-03-08,26385.328148755038,41.37256767703423,26426.70071643207,0.03
2023-03-09,26385.328148755038,1.5859413652249448,26386.914090120263,0.03
2023-03-10,26385.328148755038,-34.45283420667486,26350.875314548364,0.03
2023-03-13,26267.524858210323,0.0,26267.524858210323,0.0
2023-03-14,26267.524858210323,0.0,26267.524858210323,0.0
2023-03-15,26267.524858210323,0.0,26267.524858210323,0.0
2023-03-16,26267.524858210323,0.0,26267.524858210323,0.0
2023-03-17,26267.524858210323,0.0,26267.524858210323,0.0
2023-03-20,26267.524858210323,0.0,26267.524858210323,0.0
2023-03-21,26267.524858210323,0.0,26267.524858210323,0.0
2023-03-22,26267.524858210323,0.0,26267.524858210323,0.0
2023-03-23,26267.524858210323,9.982127550265256,26277.50698576059,-0.02
2023-03-24,26267.524858210323,12.759164915136104,26280.28402312546,-0.02
2023-03-27,26267.524858210323,-6.5502200539689595,26260.974638156353,-0.02
2023-03-28,26267.524858210323,8.785311327073599,26276.310169537395,-0.02
2023-03-29,26267.524858210323,-36.080151353542114,26231.444706856782,-0.02
2023-03-30,26267.524858210323,-31.562682188538563,26235.962176021785,-0.02
2023-03-31,26267.524858210323,-34.47312669493626,26233.05173151539,-0.02
2023-04-03,26267.524858210323,-25.22263524872557,26242.302222961596,-0.02
2023-04-04,26267.524858210323,-9.751015944628724,26257.773842265695,-0.02
2023-04-05,26267.524858210323,-1.0535240151882224,26266.471334195136,-0.02
2023-04-06,26267.524858210323,-10.992601230635719,26256.532256979688,-0.02
2023-04-07,26267.524858210323,-19.71127923373609,26247.813578976587,-0.02
2023-04-10,26267.524858210323,-52.668926209837245,26214.855932000486,-0.02
2023-04-11,26267.524858210323,-54.292900555740815,26213.23195765458,-0.02
2023-04-12,26267.524858210323,-41.790114288876154,26225.734743921446,-0.02
2023-04-13,26267.524858210323,-29.066191284662782,26238.45866692566,-0.02
2023-04-14,26267.524858210323,-54.75795739407595,26212.76690081625,-0.02
2023-04-17,26267.524858210323,-71.121922807911,26196.402935402413,-0.02
2023-04-18,26267.524858210323,-62.57225104718747,26204.952607163137,-0.02
2023-04-19,26267.524858210323,-76.03026365322822,26191.494594557094,-0.02
2023-04-20,26267.524858210323,-65.51914150203473,26202.00571670829,-0.02
2023-04-21,26267.524858210323,-62.924177060087125,26204.600681150238,-0.02
2023-04-24,26206.960407851464,0.0,26206.960407851464,0.0
2023-04-25,26206.960407851464,0.0,26206.960407851464,0.0
2023-04-26,26206.960407851464,0.0,26206.960407851464,0.0
2023-04-27,26206.960407851464,0.0,26206.960407851464,0.0
2023-04-28,26206.960407851464,0.0,26206.960407851464,0.0
2023-05-01,26206.960407851464,0.0,26206.960407851464,0.0
2023-05-02,26206.960407851464,0.0,26206.960407851464,0.0
2023-05-03,26206.960407851464,0.0,26206.960407851464,0.0
2023-05-04,26206.960407851464,0.0,26206.960407851464,0.0
2023-05-05,26206.960407851464,0.0,26206.960407851464,0.0
2023-05-08,26206.960407851464,0.0,26206.960407851464,0.0
2023-05-09,26206.960407851464,0.0,26206.960407851464,0.0
2023-05-10,26206.960407851464,0.0,26206.960407851464,0.0
2023-05-11,26206.960407851464,0.0,26206.960407851464,0.0
2023-05-12,26206.960407851464,0.0,26206.960407851464,0.0
2023-05-15,26206.960407851464,0.0,26206.960407851464,0.0
2023-05-16,26206.960407851464,0.0,26206.960407851464,0.0
2023-05-17,26206.960407851464,0.0,26206.960407851464,0.0
2023-05-18,26206.960407851464,0.0,26206.960407851464,0.0
2023-05-19,26206.960407851464,0.0,26206.960407851464,0.0
2023-05-22,26206.960407851464,0.0,26206.960407851464,0.0
2023-05-23,26206.960407851464,0.0,26206.960407851464,0.0
2023-05-24,26206.960407851464,0.0,26206.960407851464,0.0
2023-05-25,26206.960407851464,0.0,26206.960407851464,0.0
2023-05-26,26206.960407851464,0.0,26206.960407851464,0.0
2023-05-29,26206.960407851464,0.0,26206.960407851464,0.0
2023-05-30,26206.960407851464,0.0,26206.960407851464,0.0
2023-05-31,26206.960407851464,0.0,26206.960407851464,0.0
2023-06-01,26206.960407851464,0.0,26206.960407851464,0.0
2023-06-02,26206.960407851464,0.0,26206.960407851464,0.0
2023-06-05,26206.960407851464,0.0,26206.960407851464,0.0
2023-06-06,26206.960407851464,0.0,26206.960407851464,0.0
2023-06-07,26206.960407851464,0.0,26206.960407851464,0.0
2023-06-08,26206.960407851464,0.0,26206.960407851464,0.0
2023-06-09,26206.960407851464,0.0,26206.960407851464,0.0
2023-06-12,26206.960407851464,0.0,26206.960407851464,0.0
2023-06-13,26206.960407851464,0.0,26206.960407851464,0.0
2023-06-14,26206.960407851464,0.0,26206.960407851464,0.0
2023-06-15,26206.960407851464,0.0,26206.960407851464,0.0
2023-06-16,26206.960407851464,0.0,26206.960407851464,0.0
2023-06-19,26206.960407851464,0.0,26206.960407851464,0.0
2023-06-20,26206.960407851464,0.0,26206.960407851464,0.0
2023-06-21,26206.960407851464,0.0,26206.960407851464,0.0
2023-06-22,26206.960407851464,0.0,26206.960407851464,0.0
2023-06-23,26206.960407851464,0.0,26206.960407851464,0.0
2023-06-26,26206.960407851464,0.0,26206.960407851464,0.0
2023-06-27,26206.960407851464,0.0,26206.960407851464,0.0
2023-06-28,26206.960407851464,0.0,26206.960407851464,0.0
2023-06-29,26206.960407851464,0.0,26206.960407851464,0.0
2023-06-30,26206.960407851464,0.0,26206.960407851464,0.0
2023-07-03,26206.960407851464,0.0,26206.960407851464,0.0
2023-07-04,26206.960407851464,0.0,26206.960407851464,0.0
2023-07-05,26206.960407851464,0.0,26206.960407851464,0.0
2023-07-06,26206.960407851464,0.0,26206.960407851464,0.0
2023-07-07,26206.960407851464,0.0,26206.960407851464,0.0
2023-07-10,26206.960407851464,0.0,26206.960407851464,0.0
2023-07-11,26206.960407851464,0.0,26206.960407851464,0.0
2023-07-12,26206.960407851464,0.0,26206.960407851464,0.0
2023-07-13,26206.960407851464,0.0,26206.960407851464,0.0
2023-07-14,26206.960407851464,0.0,26206.960407851464,0.0
2023-07-17,26206.960407851464,0.0,26206.960407851464,0.0
2023-07-18,26206.960407851464,0.0,26206.960407851464,0.0
2023-07-19,26206.960407851464,0.0,26206.960407851464,0.0
2023-07-20,26206.960407851464,0.0,26206.960407851464,0.0
2023-07-21,26206.960407851464,0.0,26206.960407851464,0.0
2023-07-24,26206.960407851464,0.0,26206.960407851464,0.0
2023-07-25,26206.960407851464,0.0,26206.960407851464,0.0
2023-07-26,26206.960407851464,0.0,26206.960407851464,0.0
2023-07-27,26206.960407851464,0.0,26206.960407851464,0.0
2023-07-28,26206.960407851464,0.0,26206.960407851464,0.0
2023-07-31,26206.960407851464,0.0,26206.960407851464,0.0
2023-08-01,26206.960407851464,0.0,26206.960407851464,0.0
2023-08-02,26206.960407851464,0.0,26206.960407851464,0.0
2023-08-03,26206.960407851464,0.0,26206.960407851464,0.0
2023-08-04,26206.960407851464,0.0,26206.960407851464,0.0
2023-08-07,26206.960407851464,0.0,26206.960407851464,0.0
2023-08-08,26206.960407851464,0.0,26206.960407851464,0.0
2023-08-09,26206.960407851464,0.0,26206.960407851464,0.0
2023-08-10,26206.960407851464,0.0,26206.960407851464,0.0
2023-08-11,26206.960407851464,0.0,26206.960407851464,0.0
2023-08-14,26206.960407851464,0.0,26206.960407851464,0.0
2023-08-15,26206.960407851464,0.0,26206.960407851464,0.0
2023-08-16,26206.960407851464,0.0,26206.960407851464,0.0
2023-08-17,26206.960407851464,0.0,26206.960407851464,0.0
2023-08-18,26206.960407851464,0.0,26206.960407851464,0.0
2023-08-21,26206.960407851464,0.0,26206.960407851464,0.0
2023-08-22,26206.960407851464,0.0,26206.960407851464,0.0
2023-08-23,26206.960407851464,0.0,26206.960407851464,0.0
2023-08-24,26206.960407851464,0.0,26206.960407851464,0.0
2023-08-25,26206.960407851464,0.0,26206.960407851464,0.0
2023-08-28,26206.960407851464,0.0,26206.960407851464,0.0
2023-08-29,26206.960407851464,0.0,26206.960407851464,0.0
2023-08-30,26206.960407851464,0.0,26206.960407851464,0.0
2023-08-31,26206.960407851464,0.0,26206.960407851464,0.0
2023-09-01,26206.960407851464,0.0,26206.960407851464,0.0
2023-09-04,26206.960407851464,0.0,26206.960407851464,0.0
2023-09-05,26206.960407851464,0.0,26206.960407851464,0.0
2023-09-06,26206.960407851464,0.0,26206.960407851464,0.0
2023-09-07,26206.960407851464,0.0,26206.960407851464,0.0
2023-09-08,26206.960407851464,0.0,26206.960407851464,0.0
2023-09-11,26206.960407851464,0.0,26206.960407851464,0.0
2023-09-12,26206.960407851464,0.0,26206.960407851464,0.0
2023-09-13,26206.960407851464,0.0,26206.960407851464,0.0
2023-09-14,26206.960407851464,0.0,26206.960407851464,0.0
2023-09-15,26206.960407851464,0.0,26206.960407851464,0.0
2023-09-18,26206.960407851464,0.0,26206.960407851464,0.0
2023-09-19,26206.960407851464,0.0,26206.960407851464,0.0
2023-09-20,26206.960407851464,0.0,26206.960407851464,0.0
2023-09-21,26206.960407851464,0.0,26206.960407851464,0.0
2023-09-22,26206.960407851464,0.0,26206.960407851464,0.0
2023-09-25,26206.960407851464,0.0,26206.960407851464,0.0
2023-09-26,26206.960407851464,0.0,26206.960407851464,0.0
2023-09-27,26206.960407851464,0.0,26206.960407851464,0.0
2023-09-28,26206.960407851464,0.0,26206.960407851464,0.0
2023-09-29,26206.960407851464,0.0,26206.960407851464,0.0
2023-10-02,26206.960407851464,0.0,26206.960407851464,0.0
2023-10-03,26206.960407851464,0.0,26206.960407851464,0.0
2023-10-04,26206.960407851464,0.0,26206.960407851464,0.0
2023-10-05,26206.960407851464,0.0,26206.960407851464,0.0
2023-10-06,26206.960407851464,0.0,26206.960407851464,0.0
2023-10-09,26206.960407851464,0.0,26206.960407851464,0.0
2023-10-10,26206.960407851464,0.0,26206.960407851464,0.0
2023-10-11,26206.960407851464,0.0,26206.960407851464,0.0
2023-10-12,26206.960407851464,0.0,26206.960407851464,0.0
2023-10-13,26206.960407851464,0.0,26206.960407851464,0.0
2023-10-16,26206.960407851464,0.0,26206.960407851464,0.0
2023-10-17,26206.960407851464,0.0,26206.960407851464,0.0
2023-10-18,26206.960407851464,0.0,26206.960407851464,0.0
2023-10-19,26206.960407851464,0.0,26206.960407851464,0.0
2023-10-20,26206.960407851464,0.0,26206.960407851464,0.0
2023-10-23,26206.960407851464,0.0,26206.960407851464,0.0
2023-10-24,26206.960407851464,0.0,26206.960407851464,0.0
2023-10-25,26206.960407851464,0.0,26206.960407851464,0.0
2023-10-26,26206.960407851464,0.0,26206.960407851464,0.0
2023-10-27,26206.960407851464,0.0,26206.960407851464,0.0
2023-10-30,26206.960407851464,0.0,26206.960407851464,0.0
2023-10-31,26206.960407851464,0.0,26206.960407851464,0.0
2023-11-01,26206.960407851464,0.0,26206.960407851464,0.0
2023-11-02,26206.960407851464,0.0,26206.960407851464,0.0
2023-11-03,26206.960407851464,0.0,26206.960407851464,0.0
2023-11-06,26206.960407851464,0.0,26206.960407851464,0.0
2023-11-07,26206.960407851464,0.0,26206.960407851464,0.0
2023-11-08,26206.960407851464,0.0,26206.960407851464,0.0
2023-11-09,26206.960407851464,0.0,26206.960407851464,0.0
2023-11-10,26206.960407851464,0.0,26206.960407851464,0.0
2023-11-13,26206.960407851464,0.0,26206.960407851464,0.0
2023-11-14,26206.960407851464,0.0,26206.960407851464,0.0
2023-11-15,26206.960407851464,0.0,26206.960407851464,0.0
2023-11-16,26206.960407851464,0.0,26206.960407851464,0.0
2023-11-17,26206.960407851464,0.0,26206.960407851464,0.0
2023-11-20,26206.960407851464,0.0,26206.960407851464,0.0
2023-11-21,26206.960407851464,0.0,26206.960407851464,0.0
2023-11-22,26206.960407851464,0.0,26206.960407851464,0.0
2023-11-23,26206.960407851464,0.0,26206.960407851464,0.0
2023-11-24,26206.960407851464,0.0,26206.960407851464,0.0
2023-11-27,26206.960407851464,0.0,26206.960407851464,0.0
2023-11-28,26206.960407851464,0.0,26206.960407851464,0.0
2023-11-29,26206.960407851464,0.0,26206.960407851464,0.0
2023-11-30,26206.960407851464,0.0,26206.960407851464,0.0
2023-12-01,26206.960407851464,0.0,26206.960407851464,0.0
2023-12-04,26206.960407851464,0.0,26206.960407851464,0.0
2023-12-05,26206.960407851464,0.0,26206.960407851464,0.0
2023-12-06,26206.960407851464,-9.696650232956937,26197.263757618508,-0.04
2023-12-07,26206.960407851464,121.54117497701958,26328.501582828485,-0.04
2023-12-08,26206.960407851464,87.25909035450839,26294.219498205974,-0.04
2023-12-11,26206.960407851464,38.17379921066438,26245.13420706213,-0.04
2023-12-12,26206.960407851464,66.80522493469354,26273.76563278616,-0.04
2023-12-13,26206.960407851464,174.96476399804246,26381.925171849507,-0.04
2023-12-14,26206.960407851464,218.65495970501524,26425.61536755648,-0.04
2023-12-15,26206.960407851464,206.2753003892571,26413.23570824072,-0.04
2023-12-18,26206.960407851464,179.48017523421194,26386.440583085678,-0.04
2023-12-19,26206.960407851464,135.06046503054668,26342.02087288201,-0.04
2023-12-20,26206.960407851464,144.27075301056956,26351.231160862033,-0.04
2023-12-21,26206.960407851464,204.9661046154617,26411.926512466925,-0.04
2023-12-22,26206.960407851464,189.6888288744955,26396.64923672596,-0.04
2023-12-26,26206.960407851464,194.74163999297173,26401.702047844436,-0.04
2023-12-27,26206.960407851464,215.55249999785667,26422.51290784932,-0.04
2023-12-28,26206.960407851464,233.57084149980813,26440.531249351272,-0.04
2023-12-29,26206.960407851464,249.58456372829608,26456.54497157976,-0.04
2024-01-02,26206.960407851464,212.01367400884203,26418.974081860306,-0.04
2024-01-03,26206.960407851464,157.1530389807554,26364.11344683222,-0.04
2024-01-04,26206.960407851464,101.34929761652775,26308.309705467993,-0.04
2024-01-05,26206.960407851464,100.70861355196698,26307.66902140343,-0.04
2024-01-08,26206.960407851464,116.64827070938749,26323.608678560853,-0.04
2024-01-09,26206.960407851464,106.83412816356054,26313.794536015026,-0.04
2024-01-10,26206.960407851464,54.00687324559201,26260.967281097055,-0.04
2024-01-11,26206.960407851464,73.0417620726644,26280.00216992413,-0.04
2024-01-12,26206.960407851464,89.49955290794277,26296.459960759406,-0.04
2024-01-15,26206.960407851464,53.88370845720223,26260.844116308665,-0.04
2024-01-16,26206.960407851464,-4.725075784740074,26202.235332066724,-0.04
2024-01-17,26206.960407851464,-44.824166168226064,26162.136241683238,-0.04
2024-01-18,26206.960407851464,-44.96140622530523,26161.999001626158,-0.04
2024-01-19,26206.960407851464,-44.395629302635356,26162.56477854883,-0.04
2024-01-22,26206.960407851464,-42.9575499767728,26164.00285787469,-0.04
2024-01-23,26206.960407851464,-53.69891926600071,26153.261488585464,-0.04
2024-01-24,26206.960407851464,-18.25478583388462,26188.70562201758,-0.04
2024-01-25,26192.812840151437,0.0,26192.812840151437,0.0
2024-01-26,26192.812840151437,0.0,26192.812840151437,0.0
2024-01-29,26192.812840151437,0.0,26192.812840151437,0.0
2024-01-30,26192.812840151437,0.0,26192.812840151437,0.0
2024-01-31,26192.812840151437,0.0,26192.812840151437,0.0
2024-02-01,26192.812840151437,0.0,26192.812840151437,0.0
2024-02-02,26192.812840151437,0.0,26192.812840151437,0.0
2024-02-05,26192.812840151437,0.0,26192.812840151437,0.0
2024-02-06,26192.812840151437,0.0,26192.812840151437,0.0
2024-02-07,26192.812840151437,0.0,26192.812840151437,0.0
2024-02-08,26192.812840151437,0.0,26192.812840151437,0.0
2024-02-09,26192.812840151437,0.0,26192.812840151437,0.0
2024-02-12,26192.812840151437,0.0,26192.812840151437,0.0
2024-02-13,26192.812840151437,0.0,26192.812840151437,0.0
2024-02-14,26192.812840151437,0.0,26192.812840151437,0.0
2024-02-15,26192.812840151437,0.0,26192.812840151437,0.0
2024-02-16,26192.812840151437,0.0,26192.812840151437,0.0
2024-02-19,26192.812840151437,0.0,26192.812840151437,0.0
2024-02-20,26192.812840151437,0.0,26192.812840151437,0.0
2024-02-21,26192.812840151437,0.0,26192.812840151437,0.0
2024-02-22,26192.812840151437,0.0,26192.812840151437,0.0
2024-02-23,26192.812840151437,0.0,26192.812840151437,0.0
2024-02-26,26192.812840151437,0.0,26192.812840151437,0.0
2024-02-27,26192.812840151437,0.0,26192.812840151437,0.0
2024-02-28,26192.812840151437,0.0,26192.812840151437,0.0
2024-02-29,26192.812840151437,0.0,26192.812840151437,0.0
2024-03-01,26192.812840151437,0.0,26192.812840151437,0.0
2024-03-04,26192.812840151437,0.0,26192.812840151437,0.0
2024-03-05,26192.812840151437,0.0,26192.812840151437,0.0
2024-03-06,26192.812840151437,0.0,26192.812840151437,0.0
2024-03-07,26192.812840151437,0.0,26192.812840151437,0.0
2024-03-08,26192.812840151437,0.0,26192.812840151437,0.0
2024-03-11,26192.812840151437,0.0,26192.812840151437,0.0
2024-03-12,26192.812840151437,0.0,26192.812840151437,0.0
2024-03-13,26192.812840151437,0.0,26192.812840151437,0.0
2024-03-14,26192.812840151437,0.0,26192.812840151437,0.0
2024-03-15,26192.812840151437,0.0,26192.812840151437,0.0
2024-03-18,26192.812840151437,0.0,26192.812840151437,0.0
2024-03-19,26192.812840151437,0.0,26192.812840151437,0.0
2024-03-20,26192.812840151437,0.0,26192.812840151437,0.0
2024-03-21,26192.812840151437,0.0,26192.812840151437,0.0
2024-03-22,26192.812840151437,0.0,26192.812840151437,0.0
2024-03-25,26192.812840151437,0.0,26192.812840151437,0.0
2024-03-26,26192.812840151437,0.0,26192.812840151437,0.0
2024-03-27,26192.812840151437,0.0,26192.812840151437,0.0
2024-03-28,26192.812840151437,0.0,26192.812840151437,0.0
2024-03-29,26192.812840151437,0.0,26192.812840151437,0.0
2024-04-01,26192.812840151437,0.0,26192.812840151437,0.0
2024-04-02,26192.812840151437,0.0,26192.812840151437,0.0
2024-04-03,26192.812840151437,0.0,26192.812840151437,0.0
2024-04-04,26192.812840151437,0.0,26192.812840151437,0.0
2024-04-05,26192.812840151437,0.0,26192.812840151437,0.0
2024-04-08,26192.812840151437,0.0,26192.812840151437,0.0
2024-04-09,26192.812840151437,0.0,26192.812840151437,0.0
2024-04-10,26192.812840151437,0.0,26192.812840151437,0.0
2024-04-11,26192.812840151437,0.0,26192.812840151437,0.0
2024-04-12,26192.812840151437,0.0,26192.812840151437,0.0
2024-04-15,26192.812840151437,0.0,26192.812840151437,0.0
2024-04-16,26192.812840151437,0.0,26192.812840151437,0.0
2024-04-17,26192.812840151437,0.0,26192.812840151437,0.0
2024-04-18,26192.812840151437,0.0,26192.812840151437,0.0
2024-04-19,26192.812840151437,0.0,26192.812840151437,0.0
2024-04-22,26192.812840151437,0.0,26192.812840151437,0.0
2024-04-23,26192.812840151437,0.0,26192.812840151437,0.0
2024-04-24,26192.812840151437,0.0,26192.812840151437,0.0
2024-04-25,26192.812840151437,0.0,26192.812840151437,0.0
2024-04-26,26192.812840151437,0.0,26192.812840151437,0.0
2024-04-29,26192.812840151437,0.0,26192.812840151437,0.0
2024-04-30,26192.812840151437,0.0,26192.812840151437,0.0
2024-05-01,26192.812840151437,0.0,26192.812840151437,0.0
2024-05-02,26192.812840151437,0.0,26192.812840151437,0.0
2024-05-03,26192.812840151437,0.0,26192.812840151437,0.0
2024-05-06,26192.812840151437,0.0,26192.812840151437,0.0
2024-05-07,26192.812840151437,0.0,26192.812840151437,0.0
2024-05-08,26192.812840151437,0.0,26192.812840151437,0.0
2024-05-09,26192.812840151437,0.0,26192.812840151437,0.0
2024-05-10,26192.812840151437,0.0,26192.812840151437,0.0
2024-05-13,26192.812840151437,0.0,26192.812840151437,0.0
2024-05-14,26192.812840151437,0.0,26192.812840151437,0.0
2024-05-15,26192.812840151437,0.0,26192.812840151437,0.0
2024-05-16,26192.812840151437,0.0,26192.812840151437,0.0
2024-05-17,26192.812840151437,0.0,26192.812840151437,0.0
2024-05-20,26192.812840151437,0.0,26192.812840151437,0.0
2024-05-21,26192.812840151437,0.0,26192.812840151437,0.0
2024-05-22,26192.812840151437,0.0,26192.812840151437,0.0
2024-05-23,26192.812840151437,0.0,26192.812840151437,0.0
2024-05-24,26192.812840151437,0.0,26192.812840151437,0.0
2024-05-27,26192.812840151437,0.0,26192.812840151437,0.0
2024-05-28,26192.812840151437,0.0,26192.812840151437,0.0
2024-05-29,26192.812840151437,0.0,26192.812840151437,0.0
2024-05-30,26192.812840151437,0.0,26192.812840151437,0.0
2024-05-31,26192.812840151437,0.0,26192.812840151437,0.0
2024-06-03,26192.812840151437,0.0,26192.812840151437,0.0
2024-06-04,26192.812840151437,0.0,26192.812840151437,0.0
2024-06-05,26192.812840151437,0.0,26192.812840151437,0.0
2024-06-06,26192.812840151437,0.0,26192.812840151437,0.0
2024-06-07,26192.812840151437,0.0,26192.812840151437,0.0
2024-06-10,26192.812840151437,0.0,26192.812840151437,0.0
2024-06-11,26192.812840151437,0.0,26192.812840151437,0.0
2024-06-12,26192.812840151437,0.0,26192.812840151437,0.0
2024-06-13,26192.812840151437,0.0,26192.812840151437,0.0
2024-06-14,26192.812840151437,0.0,26192.812840151437,0.0
2024-06-17,26192.812840151437,0.0,26192.812840151437,0.0
2024-06-18,26192.812840151437,0.0,26192.812840151437,0.0
2024-06-19,26192.812840151437,0.0,26192.812840151437,0.0
2024-06-20,26192.812840151437,0.0,26192.812840151437,0.0
2024-06-21,26192.812840151437,0.0,26192.812840151437,0.0
2024-06-24,26192.812840151437,0.0,26192.812840151437,0.0
2024-06-25,26192.812840151437,0.0,26192.812840151437,0.0
2024-06-26,26192.812840151437,0.0,26192.812840151437,0.0
2024-06-27,26192.812840151437,0.0,26192.812840151437,0.0
2024-06-28,26192.812840151437,0.0,26192.812840151437,0.0
2024-07-01,26192.812840151437,0.0,26192.812840151437,0.0
2024-07-02,26192.812840151437,0.0,26192.812840151437,0.0
2024-07-03,26192.812840151437,0.0,26192.812840151437,0.0
2024-07-04,26192.812840151437,0.0,26192.812840151437,0.0
2024-07-05,26192.812840151437,0.0,26192.812840151437,0.0
2024-07-08,26192.812840151437,0.0,26192.812840151437,0.0
2024-07-09,26192.812840151437,0.0,26192.812840151437,0.0
2024-07-10,26192.812840151437,0.0,26192.812840151437,0.0
2024-07-11,26192.812840151437,0.0,26192.812840151437,0.0
2024-07-12,26192.812840151437,0.0,26192.812840151437,0.0
2024-07-15,26192.812840151437,0.0,26192.812840151437,0.0
2024-07-16,26192.812840151437,0.0,26192.812840151437,0.0
2024-07-17,26192.812840151437,0.0,26192.812840151437,0.0
2024-07-18,26192.812840151437,0.0,26192.812840151437,0.0
2024-07-19,26192.812840151437,0.0,26192.812840151437,0.0
2024-07-22,26192.812840151437,0.0,26192.812840151437,0.0
2024-07-23,26192.812840151437,0.0,26192.812840151437,0.0
2024-07-24,26192.812840151437,0.0,26192.812840151437,0.0
2024-07-25,26192.812840151437,0.0,26192.812840151437,0.0
2024-07-26,26192.812840151437,0.0,26192.812840151437,0.0
2024-07-29,26192.812840151437,-11.69938251737105,26181.113457634066,-0.03
2024-07-30,26192.812840151437,26.195430149397733,26219.008270300834,-0.03
2024-07-31,26192.812840151437,110.29963486632037,26303.11247501776,-0.03
2024-08-01,26192.812840151437,131.16250078475667,26323.975340936195,-0.03
2024-08-02,26192.812840151437,218.47366646777613,26411.286506619213,-0.03
2024-08-05,26192.812840151437,297.7083877895891,26490.521227941026,-0.03
2024-08-06,26192.812840151437,297.59760447941676,26490.410444630852,-0.03
2024-08-07,26192.812840151437,220.59250625743903,26413.405346408876,-0.03
2024-08-08,26192.812840151437,199.48597224639394,26392.298812397832,-0.03
2024-08-09,26192.812840151437,215.89010674765123,26408.702946899088,-0.03
2024-08-12,26192.812840151437,200.24127620308403,26393.05411635452,-0.03
2024-08-13,26192.812840151437,210.18021401585065,26402.993054167287,-0.03
2024-08-14,26192.812840151437,194.78828002299846,26387.601120174437,-0.03
2024-08-15,26192.812840151437,134.49831977774065,26327.311159929177,-0.03
2024-08-16,26192.812840151437,183.43028247520053,26376.243122626638,-0.03
2024-08-19,26192.812840151437,214.45179328589833,26407.264633437335,-0.03
2024-08-20,26192.812840151437,254.7518661658095,26447.564706317247,-0.03
2024-08-21,26192.812840151437,256.2670731606844,26449.07991331212,-0.03
2024-08-22,26192.812840151437,224.82617890866308,26417.6390190601,-0.03
2024-08-23,26192.812840151437,283.611591876265,26476.424432027703,-0.03
2024-08-26,26192.812840151437,279.6881756448518,26472.50101579629,-0.03
2024-08-27,26192.812840151437,297.0467028572882,26489.859543008726,-0.03
2024-08-28,26192.812840151437,277.8075261982421,26470.620366349678,-0.03
2024-08-29,26192.812840151437,265.1740898972305,26457.986930048668,-0.03
2024-08-30,26192.812840151437,226.38850174612884,26419.201341897566,-0.03
2024-09-02,26192.812840151437,204.4612287486942,26397.27406890013,-0.03
2024-09-03,26192.812840151437,245.79390699388992,26438.606747145328,-0.03
2024-09-04,26192.812840151437,304.591459995102,26497.40430014654,-0.03
2024-09-05,26192.812840151437,316.50455562665184,26509.31739577809,-0.03
2024-09-06,26192.812840151437,351.26796526714674,26544.080805418584,-0.03
2024-09-09,26192.812840151437,331.65585024178563,26524.468690393223,-0.03
2024-09-10,26192.812840151437,352.0190440999025,26544.83188425134,-0.03
2024-09-11,26192.812840151437,357.2392810660807,26550.05212121752,-0.03
2024-09-12,26192.812840151437,373.7373217095729,26566.55016186101,-0.03
2024-09-13,26192.812840151437,401.4656409282923,26594.278481079727,-0.03
2024-09-16,26192.812840151437,414.424462363164,26607.2373025146,-0.03
2024-09-17,26192.812840151437,355.27251135299366,26548.08535150443,-0.03
2024-09-18,26192.812840151437,354.4142676167344,26547.227107768173,-0.03
2024-09-19,26192.812840151437,343.6746175285051,26536.48745767994,-0.03
2024-09-20,26192.812840151437,300.54828479023564,26493.36112494167,-0.03
2024-09-23,26192.812840151437,307.4322885110415,26500.24512866248,-0.03
2024-09-24,26192.812840151437,318.4460114002263,26511.25885155166,-0.03
2024-09-25,26192.812840151437,270.23569218755773,26463.048532338995,-0.03
2024-09-26,26192.812840151437,268.640480115559,26461.453320266995,-0.03
2024-09-27,26192.812840151437,341.9579221370308,26534.770762288466,-0.03
2024-09-30,26192.812840151437,306.0418577341714,26498.854697885607,-0.03
2024-10-01,26192.812840151437,304.6954211269702,26497.508261278406,-0.03
2024-10-02,26192.812840151437,217.8456421259121,26410.658482277348,-0.03
2024-10-03,26192.812840151437,198.86595952383672,26391.678799675272,-0.03
2024-10-04,26192.812840151437,149.05418752034012,26341.86702767178,-0.03
2024-10-07,26192.812840151437,161.9309284014146,26354.743768552853,-0.03
2024-10-08,26192.812840151437,163.12964318393315,26355.94248333537,-0.03
2024-10-09,26192.812840151437,129.77802341616905,26322.590863567606,-0.03
2024-10-10,26192.812840151437,151.67543110189496,26344.488271253333,-0.03
2024-10-11,26192.812840151437,134.8607989138421,26327.67363906528,-0.03
2024-10-14,26192.812840151437,115.988796731178,26308.801636882614,-0.03
2024-10-15,26192.812840151437,131.7613716622306,26324.574211813666,-0.03
2024-10-16,26192.812840151437,119.86279368413399,26312.67563383557,-0.03
2024-10-17,26192.812840151437,102.69203043511602,26295.504870586552,-0.03
2024-10-18,26295.656813471913,0.0,26295.656813471913,0.0
2024-10-21,26295.656813471913,0.0,26295.656813471913,0.0
2024-10-22,26295.656813471913,0.0,26295.656813471913,0.0
2024-10-23,26295.656813471913,0.0,26295.656813471913,0.0
2024-10-24,26295.656813471913,0.0,26295.656813471913,0.0
2024-10-25,26295.656813471913,0.0,26295.656813471913,0.0
2024-10-28,26295.656813471913,0.0,26295.656813471913,0.0
2024-10-29,26295.656813471913,0.0,26295.656813471913,0.0
2024-10-30,26295.656813471913,0.0,26295.656813471913,0.0
2024-10-31,26295.656813471913,0.0,26295.656813471913,0.0
2024-11-01,26295.656813471913,0.0,26295.656813471913,0.0
2024-11-04,26295.656813471913,0.0,26295.656813471913,0.0
2024-11-05,26295.656813471913,0.0,26295.656813471913,0.0
2024-11-06,26295.656813471913,0.0,26295.656813471913,0.0
2024-11-07,26295.656813471913,0.0,26295.656813471913,0.0
2024-11-08,26295.656813471913,0.0,26295.656813471913,0.0
2024-11-11,26295.656813471913,0.0,26295.656813471913,0.0
2024-11-12,26295.656813471913,0.0,26295.656813471913,0.0
2024-11-13,26295.656813471913,0.0,26295.656813471913,0.0
2024-11-14,26295.656813471913,0.0,26295.656813471913,0.0
2024-11-15,26295.656813471913,0.0,26295.656813471913,0.0
2024-11-18,26295.656813471913,0.0,26295.656813471913,0.0
2024-11-19,26295.656813471913,0.0,26295.656813471913,0.0
2024-11-20,26295.656813471913,0.0,26295.656813471913,0.0
2024-11-21,26295.656813471913,0.0,26295.656813471913,0.0
2024-11-22,26295.656813471913,0.0,26295.656813471913,0.0
2024-11-25,26295.656813471913,0.0,26295.656813471913,0.0
2024-11-26,26295.656813471913,0.0,26295.656813471913,0.0
2024-11-27,26295.656813471913,0.0,26295.656813471913,0.0
2024-11-28,26295.656813471913,0.0,26295.656813471913,0.0
2024-11-29,26295.656813471913,0.0,26295.656813471913,0.0
2024-12-02,26295.656813471913,0.0,26295.656813471913,0.0
2024-12-03,26295.656813471913,0.0,26295.656813471913,0.0
2024-12-04,26295.656813471913,0.0,26295.656813471913,0.0
2024-12-05,26295.656813471913,0.0,26295.656813471913,0.0
2024-12-06,26295.656813471913,0.0,26295.656813471913,0.0
2024-12-09,26295.656813471913,0.0,26295.656813471913,0.0
2024-12-10,26295.656813471913,0.0,26295.656813471913,0.0
2024-12-11,26295.656813471913,0.0,26295.656813471913,0.0
2024-12-12,26295.656813471913,0.0,26295.656813471913,0.0
2024-12-13,26295.656813471913,0.0,26295.656813471913,0.0
2024-12-16,26295.656813471913,0.0,26295.656813471913,0.0
2024-12-17,26295.656813471913,0.0,26295.656813471913,0.0
2024-12-18,26295.656813471913,0.0,26295.656813471913,0.0
2024-12-19,26295.656813471913,0.0,26295.656813471913,0.0
2024-12-20,26295.656813471913,0.0,26295.656813471913,0.0
2024-12-23,26295.656813471913,0.0,26295.656813471913,0.0
2024-12-24,26295.656813471913,0.0,26295.656813471913,0.0
2024-12-26,26295.656813471913,0.0,26295.656813471913,0.0
2024-12-27,26295.656813471913,0.0,26295.656813471913,0.0
2024-12-30,26295.656813471913,0.0,26295.656813471913,0.0
2024-12-31,26295.656813471913,0.0,26295.656813471913,0.0
2025-01-02,26295.656813471913,0.0,26295.656813471913,0.0
2025-01-03,26295.656813471913,0.0,26295.656813471913,0.0
2025-01-06,26295.656813471913,0.0,26295.656813471913,0.0
2025-01-07,26295.656813471913,0.0,26295.656813471913,0.0
2025-01-08,26295.656813471913,0.0,26295.656813471913,0.0
2025-01-09,26295.656813471913,0.0,26295.656813471913,0.0
2025-01-10,26295.656813471913,0.0,26295.656813471913,0.0
2025-01-13,26295.656813471913,0.0,26295.656813471913,0.0
2025-01-14,26295.656813471913,0.0,26295.656813471913,0.0
2025-01-15,26295.656813471913,0.0,26295.656813471913,0.0
2025-01-16,26295.656813471913,0.0,26295.656813471913,0.0
2025-01-17,26295.656813471913,0.0,26295.656813471913,0.0
2025-01-20,26295.656813471913,0.0,26295.656813471913,0.0
2025-01-21,26295.656813471913,0.0,26295.656813471913,0.0
2025-01-22,26295.656813471913,0.0,26295.656813471913,0.0
2025-01-23,26295.656813471913,0.0,26295.656813471913,0.0
2025-01-24,26295.656813471913,0.0,26295.656813471913,0.0
2025-01-27,26295.656813471913,0.0,26295.656813471913,0.0
2025-01-28,26295.656813471913,0.0,26295.656813471913,0.0
2025-01-29,26295.656813471913,0.0,26295.656813471913,0.0
2025-01-30,26295.656813471913,0.0,26295.656813471913,0.0
2025-01-31,26295.656813471913,0.0,26295.656813471913,0.0
2025-02-03,26295.656813471913,0.0,26295.656813471913,0.0
2025-02-04,26295.656813471913,0.0,26295.656813471913,0.0
2025-02-05,26295.656813471913,0.0,26295.656813471913,0.0
2025-02-06,26295.656813471913,0.0,26295.656813471913,0.0
2025-02-07,26295.656813471913,0.0,26295.656813471913,0.0
2025-02-10,26295.656813471913,0.0,26295.656813471913,0.0
2025-02-11,26295.656813471913,-18.18387668618815,26277.472936785725,-0.03
2025-02-12,26295.656813471913,-77.77990809067137,26217.876905381243,-0.03
2025-02-13,26295.656813471913,-27.465342780383647,26268.19147069153,-0.03
2025-02-14,26295.656813471913,-13.492910816470422,26282.163902655444,-0.03
2025-02-17,26295.656813471913,12.782624128380714,26308.439437600293,-0.03
2025-02-18,26295.656813471913,-4.712318058847862,26290.944495413063,-0.03
2025-02-19,26295.656813471913,13.754647397169531,26309.411460869083,-0.03
2025-02-20,26295.656813471913,71.7774452949669,26367.43425876688,-0.03
2025-02-21,26295.656813471913,81.0719120499913,26376.728725521905,-0.03
2025-02-24,26295.656813471913,69.67733174558003,26365.334145217494,-0.03
2025-02-25,26295.656813471913,91.3110100166325,26386.967823488547,-0.03
2025-02-26,26295.656813471913,89.71333852048545,26385.3701519924,-0.03
2025-02-27,26295.656813471913,67.77933202047954,26363.436145492393,-0.03
2025-02-28,26295.656813471913,43.07067720898303,26338.727490680896,-0.03
2025-03-03,26295.656813471913,77.37126162599942,26373.02807509791,-0.03
2025-03-04,26295.656813471913,68.39129438171196,26364.048107853625,-0.03
2025-03-05,26295.656813471913,96.93472089155298,26392.591534363466,-0.03
2025-03-06,26295.656813471913,125.37713298056815,26421.03394645248,-0.03
2025-03-07,26295.656813471913,124.78561182650874,26420.44242529842,-0.03
2025-03-10,26295.656813471913,150.01968321542824,26445.67649668734,-0.03
2025-03-11,26295.656813471913,134.62740426560407,26430.284217737517,-0.03
2025-03-12,26295.656813471913,118.08392392634123,26413.740737398253,-0.03
2025-03-13,26295.656813471913,131.59229987835522,26427.249113350266,-0.03
2025-03-14,26295.656813471913,107.16293952536958,26402.819752997282,-0.03
2025-03-17,26295.656813471913,86.21028889126713,26381.86710236318,-0.03
2025-03-18,26295.656813471913,83.32339452544,26378.980207997352,-0.03
2025-03-19,26295.656813471913,101.90954891591682,26397.566362387828,-0.03
2025-03-20,26295.656813471913,99.45355664782285,26395.110370119735,-0.03
2025-03-21,26295.656813471913,83.07939971271593,26378.736213184628,-0.03
2025-03-24,26295.656813471913,38.91062119854326,26334.567434670455,-0.03
2025-03-25,26295.656813471913,63.85060683044902,26359.50742030236,-0.03
2025-03-26,26295.656813471913,41.88564828939361,26337.542461761306,-0.03
2025-03-27,26295.656813471913,27.844009775604903,26323.50082324752,-0.03
2025-03-28,26295.656813471913,64.82728247031199,26360.484095942225,-0.03
2025-03-31,26295.656813471913,62.47620501713232,26358.133018489047,-0.03
2025-04-01,26295.656813471913,73.72096532423555,26369.377778796148,-0.03
2025-04-02,26295.656813471913,84.46592401001492,26380.12273748193,-0.03
2025-04-03,26295.656813471913,189.04145380246933,26484.698267274383,-0.03
2025-04-04,26295.656813471913,163.2039996788813,26458.860813150794,-0.03
2025-04-07,26295.656813471913,139.57347780686396,26435.230291278778,-0.03
2025-04-08,26295.656813471913,191.41138215335565,26487.06819562527,-0.03
2025-04-09,26295.656813471913,145.02458926572814,26440.681402737642,-0.03
2025-04-10,26295.656813471913,247.2927291657512,26542.949542637663,-0.03
2025-04-11,26295.656813471913,278.69921634735255,26574.356029819264,-0.03
2025-04-14,26295.656813471913,294.9799846168278,26590.63679808874,-0.03
2025-04-15,26295.656813471913,287.6254460947175,26583.28225956663,-0.03
2025-04-16,26295.656813471913,332.97248159615066,26628.62929506806,-0.03
2025-04-17,26295.656813471913,314.09101835442516,26609.74783182634,-0.03
2025-04-18,26295.656813471913,321.3708835841492,26617.027697056063,-0.03
2025-04-21,26295.656813471913,366.60356454769556,26662.260378019608,-0.03
2025-04-22,26295.656813471913,342.85758904857255,26638.514402520486,-0.03
2025-04-23,26295.656813471913,279.9960052636641,26575.652818735576,-0.03
2025-04-24,26295.656813471913,306.209439892799,26601.86625336471,-0.03
2025-04-25,26295.656813471913,268.5863200033586,26564.243133475273,-0.03
2025-04-28,26295.656813471913,323.04458539244496,26618.70139886436,-0.03
2025-04-29,26295.656813471913,313.8276636956836,26609.484477167596,-0.03
2025-04-30,26295.656813471913,292.6669850430742,26588.323798514986,-0.03
2025-05-01,26295.656813471913,213.7199192796197,26509.37673275153,-0.03
2025-05-02,26295.656813471913,228.4113073103501,26524.068120782264,-0.03
2025-05-05,26295.656813471913,264.4544300408737,26560.111243512787,-0.03
2025-05-06,26295.656813471913,307.2530924982068,26602.90990597012,-0.03
2025-05-07,26295.656813471913,262.87752293001904,26558.53433640193,-0.03
2025-05-08,26295.656813471913,195.01314639235687,26490.66995986427,-0.03
2025-05-09,26295.656813471913,210.1734543084007,26505.830267780315,-0.03
2025-05-12,26295.656813471913,110.6845301540666,26406.34134362598,-0.03
2025-05-13,26295.656813471913,141.019780952244,26436.676594424156,-0.03
2025-05-14,26295.656813471913,162.62980864018562,26458.286622112097,-0.03
2025-05-15,26295.656813471913,198.12430185518141,26493.781115327096,-0.03
2025-05-16,26295.656813471913,202.24149297353281,26497.898306445444,-0.03
2025-05-19,26295.656813471913,227.70837378278836,26523.3651872547,-0.03
2025-05-20,26295.656813471913,237.95757213570616,26533.61438560762,-0.03
2025-05-21,26295.656813471913,266.8685565706181,26562.52537004253,-0.03
2025-05-22,26295.656813471913,256.5413824982233,26552.198195970137,-0.03
2025-05-23,26295.656813471913,303.6700617818184,26599.32687525373,-0.03
2025-05-26,26295.656813471913,294.46060157988023,26590.117415051795,-0.03
2025-05-27,26295.656813471913,245.12359217460238,26540.780405646514,-0.03
2025-05-28,26295.656813471913,227.6100581277247,26523.266871599637,-0.03
2025-05-29,26295.656813471913,249.65247328771736,26545.30928675963,-0.03
2025-05-30,26295.656813471913,254.24482773013975,26549.901641202054,-0.03
2025-06-02,26295.656813471913,299.0254218101245,26594.682235282038,-0.03
2025-06-03,26295.656813471913,256.9691465278211,26552.625959999736,-0.03
2025-06-04,26295.656813471913,296.2023292609493,26591.85914273286,-0.03
2025-06-05,26295.656813471913,270.0604241354994,26565.717237607412,-0.03
2025-06-06,26295.656813471913,226.77703228972027,26522.433845761632,-0.03
2025-06-09,26295.656813471913,233.28124350922877,26528.93805698114,-0.03
2025-06-10,26295.656813471913,223.71493878528236,26519.371752257197,-0.03
2025-06-11,26295.656813471913,232.53505734731743,26528.19187081923,-0.03
2025-06-12,26295.656813471913,268.8319283143526,26564.488741786266,-0.03
2025-06-13,26295.656813471913,249.37063325706686,26545.02744672898,-0.03
2025-06-16,26295.656813471913,228.84695702325226,26524.503770495165,-0.03
2025-06-17,26295.656813471913,210.70289468950395,26506.359708161417,-0.03
2025-06-18,26295.656813471913,217.1219989537405,26512.778812425655,-0.03
2025-06-19,26295.656813471913,205.30686835355846,26500.963681825473,-0.03
2025-06-20,26295.656813471913,185.53485725357123,26481.191670725482,-0.03
2025-06-23,26295.656813471913,183.91352318306338,26479.570336654975,-0.03
2025-06-24,26295.656813471913,222.89145598017438,26518.548269452087,-0.03
2025-06-25,26295.656813471913,212.7507910162402,26508.40760448815,-0.03
2025-06-26,26295.656813471913,239.30087418123273,26534.957687653146,-0.03
2025-06-27,26295.656813471913,230.25136360834404,26525.90817708026,-0.03
2025-06-30,26295.656813471913,250.85753934176466,26546.514352813676,-0.03
2025-07-01,26295.656813471913,269.5549060940501,26565.211719565963,-0.03
2025-07-02,26295.656813471913,262.71099928528446,26558.3678127572,-0.03
2025-07-03,26295.656813471913,222.08456700269545,26517.741380474607,-0.03
2025-07-04,26295.656813471913,231.93751428383698,26527.59432775575,-0.03
2025-07-07,26295.656813471913,185.3263152010225,26480.983128672935,-0.03
2025-07-08,26295.656813471913,169.37283740333243,26465.029650875244,-0.03
2025-07-09,26295.656813471913,176.18724181530345,26471.844055287216,-0.03
2025-07-10,26295.656813471913,178.01932317119707,26473.67613664311,-0.03
2025-07-11,26295.656813471913,140.1442573647543,26435.801070836667,-0.03
2025-07-14,26441.847154649724,0.0,26441.847154649724,0.0
2025-07-15,26441.847154649724,0.0,26441.847154649724,0.0
2025-07-16,26441.847154649724,0.0,26441.847154649724,0.0
2025-07-17,26441.847154649724,0.0,26441.847154649724,0.0
2025-07-18,26441.847154649724,0.0,26441.847154649724,0.0
2025-07-21,26441.847154649724,0.0,26441.847154649724,0.0
2025-07-22,26441.847154649724,0.0,26441.847154649724,0.0
2025-07-23,26441.847154649724,0.0,26441.847154649724,0.0
2025-07-24,26441.847154649724,0.0,26441.847154649724,0.0
2025-07-25,26441.847154649724,0.0,26441.847154649724,0.0
2025-07-28,26441.847154649724,0.0,26441.847154649724,0.0
2025-07-29,26441.847154649724,0.0,26441.847154649724,0.0
2025-07-30,26441.847154649724,0.0,26441.847154649724,0.0
2025-07-31,26441.847154649724,0.0,26441.847154649724,0.0
2025-08-01,26441.847154649724,0.0,26441.847154649724,0.0
2025-08-04,26441.847154649724,0.0,26441.847154649724,0.0
2025-08-05,26441.847154649724,0.0,26441.847154649724,0.0
2025-08-06,26441.847154649724,0.0,26441.847154649724,0.0
2025-08-07,26441.847154649724,0.0,26441.847154649724,0.0
2025-08-08,26441.847154649724,0.0,26441.847154649724,0.0
2025-08-11,26441.847154649724,0.0,26441.847154649724,0.0
2025-08-12,26441.847154649724,0.0,26441.847154649724,0.0
2025-08-13,26441.847154649724,0.0,26441.847154649724,0.0
2025-08-14,26441.847154649724,0.0,26441.847154649724,0.0
2025-08-15,26441.847154649724,0.0,26441.847154649724,0.0
2025-08-18,26441.847154649724,0.0,26441.847154649724,0.0
2025-08-19,26441.847154649724,0.0,26441.847154649724,0.0
2025-08-20,26441.847154649724,0.0,26441.847154649724,0.0
2025-08-21,26441.847154649724,0.0,26441.847154649724,0.0
2025-08-22,26441.847154649724,0.0,26441.847154649724,0.0
2025-08-25,26441.847154649724,0.0,26441.847154649724,0.0
2025-08-26,26441.847154649724,0.0,26441.847154649724,0.0
2025-08-27,26441.847154649724,0.0,26441.847154649724,0.0
2025-08-28,26441.847154649724,0.0,26441.847154649724,0.0
2025-08-29,26441.847154649724,0.0,26441.847154649724,0.0
2025-09-01,26441.847154649724,0.0,26441.847154649724,0.0
2025-09-02,26441.847154649724,0.0,26441.847154649724,0.0
2025-09-03,26441.847154649724,0.0,26441.847154649724,0.0
2025-09-04,26441.847154649724,0.0,26441.847154649724,0.0
2025-09-05,26441.847154649724,0.0,26441.847154649724,0.0
2025-09-08,26441.847154649724,0.0,26441.847154649724,0.0
2025-09-09,26441.847154649724,0.0,26441.847154649724,0.0
2025-09-10,26441.847154649724,0.0,26441.847154649724,0.0
2025-09-11,26441.847154649724,0.0,26441.847154649724,0.0
2025-09-12,26441.847154649724,0.0,26441.847154649724,0.0
2025-09-15,26441.847154649724,0.0,26441.847154649724,0.0
2025-09-16,26441.847154649724,0.0,26441.847154649724,0.0
2025-09-17,26441.847154649724,0.0,26441.847154649724,0.0
2025-09-18,26441.847154649724,0.0,26441.847154649724,0.0
2025-09-19,26441.847154649724,0.0,26441.847154649724,0.0
2025-09-22,26441.847154649724,0.0,26441.847154649724,0.0
2025-09-23,26441.847154649724,0.0,26441.847154649724,0.0
2025-09-24,26441.847154649724,0.0,26441.847154649724,0.0
2025-09-25,26441.847154649724,0.0,26441.847154649724,0.0
2025-09-26,26441.847154649724,0.0,26441.847154649724,0.0
2025-09-29,26441.847154649724,0.0,26441.847154649724,0.0
2025-09-30,26441.847154649724,0.0,26441.847154649724,0.0
2025-10-01,26441.847154649724,0.0,26441.847154649724,0.0
2025-10-02,26441.847154649724,0.0,26441.847154649724,0.0
2025-10-03,26441.847154649724,0.0,26441.847154649724,0.0
2025-10-06,26441.847154649724,0.0,26441.847154649724,0.0
2025-10-07,26441.847154649724,0.0,26441.847154649724,0.0
2025-10-08,26441.847154649724,0.0,26441.847154649724,0.0
2025-10-09,26441.847154649724,0.0,26441.847154649724,0.0
2025-10-10,26441.847154649724,0.0,26441.847154649724,0.0
2025-10-13,26441.847154649724,0.0,26441.847154649724,0.0
2025-10-14,26441.847154649724,0.0,26441.847154649724,0.0
2025-10-15,26441.847154649724,0.0,26441.847154649724,0.0
2025-10-16,26441.847154649724,0.0,26441.847154649724,0.0
2025-10-17,26441.847154649724,0.0,26441.847154649724,0.0
2025-10-20,26441.847154649724,0.0,26441.847154649724,0.0
2025-10-21,26441.847154649724,0.0,26441.847154649724,0.0
2025-10-22,26441.847154649724,0.0,26441.847154649724,0.0
2025-10-23,26441.847154649724,0.0,26441.847154649724,0.0
2025-10-24,26441.847154649724,0.0,26441.847154649724,0.0
2025-10-27,26441.847154649724,0.0,26441.847154649724,0.0
2025-10-28,26441.847154649724,0.0,26441.847154649724,0.0
2025-10-29,26441.847154649724,0.0,26441.847154649724,0.0
2025-10-30,26441.847154649724,0.0,26441.847154649724,0.0
2025-10-31,26441.847154649724,0.0,26441.847154649724,0.0
2025-11-03,26441.847154649724,0.0,26441.847154649724,0.0
2025-11-04,26441.847154649724,0.0,26441.847154649724,0.0
2025-11-05,26441.847154649724,0.0,26441.847154649724,0.0
2025-11-06,26441.847154649724,0.0,26441.847154649724,0.0
2025-11-07,26441.847154649724,0.0,26441.847154649724,0.0
2025-11-10,26441.847154649724,0.0,26441.847154649724,0.0
2025-11-11,26441.847154649724,0.0,26441.847154649724,0.0
2025-11-12,26441.847154649724,0.0,26441.847154649724,0.0
2025-11-13,26441.847154649724,0.0,26441.847154649724,0.0
2025-11-14,26441.847154649724,0.0,26441.847154649724,0.0
2025-11-17,26441.847154649724,0.0,26441.847154649724,0.0
2025-11-18,26441.847154649724,0.0,26441.847154649724,0.0
2025-11-19,26441.847154649724,0.0,26441.847154649724,0.0
2025-11-20,26441.847154649724,0.0,26441.847154649724,0.0
2025-11-21,26441.847154649724,0.0,26441.847154649724,0.0
2025-11-24,26441.847154649724,0.0,26441.847154649724,0.0
2025-11-25,26441.847154649724,0.0,26441.847154649724,0.0
2025-11-26,26441.847154649724,0.0,26441.847154649724,0.0
2025-11-27,26441.847154649724,0.0,26441.847154649724,0.0
2025-11-28,26441.847154649724,0.0,26441.847154649724,0.0
2025-12-01,26441.847154649724,0.0,26441.847154649724,0.0
2025-12-02,26441.847154649724,0.0,26441.847154649724,0.0
2025-12-03,26441.847154649724,0.0,26441.847154649724,0.0
2025-12-04,26441.847154649724,0.0,26441.847154649724,0.0
2025-12-05,26441.847154649724,0.0,26441.847154649724,0.0
2025-12-08,26441.847154649724,0.0,26441.847154649724,0.0
2025-12-09,26441.847154649724,0.0,26441.847154649724,0.0
2025-12-10,26441.847154649724,0.0,26441.847154649724,0.0
2025-12-11,26441.847154649724,0.0,26441.847154649724,0.0
2025-12-12,26441.847154649724,0.0,26441.847154649724,0.0
2025-12-15,26441.847154649724,0.0,26441.847154649724,0.0
2025-12-16,26441.847154649724,0.0,26441.847154649724,0.0
2025-12-17,26441.847154649724,0.0,26441.847154649724,0.0
2025-12-18,26441.847154649724,0.0,26441.847154649724,0.0
2025-12-19,26441.847154649724,0.0,26441.847154649724,0.0
2025-12-22,26441.847154649724,0.0,26441.847154649724,0.0
2025-12-23,26441.847154649724,0.0,26441.847154649724,0.0
2025-12-24,26441.847154649724,0.0,26441.847154649724,0.0
2025-12-26,26441.847154649724,0.0,26441.847154649724,0.0
2025-12-29,26441.847154649724,0.0,26441.847154649724,0.0
2025-12-30,26441.847154649724,0.0,26441.847154649724,0.0
2025-12-31,26441.847154649724,0.0,26441.847154649724,0.0
2026-01-02,26441.847154649724,0.0,26441.847154649724,0.0
2026-01-05,26441.847154649724,0.0,26441.847154649724,0.0
2026-01-06,26441.847154649724,0.0,26441.847154649724,0.0
2026-01-07,26441.847154649724,0.0,26441.847154649724,0.0
2026-01-08,26441.847154649724,0.0,26441.847154649724,0.0
2026-01-09,26441.847154649724,0.0,26441.847154649724,0.0
2026-01-12,26441.847154649724,0.0,26441.847154649724,0.0
2026-01-13,26441.847154649724,0.0,26441.847154649724,0.0
2026-01-14,26441.847154649724,0.0,26441.847154649724,0.0
2026-01-15,26441.847154649724,0.0,26441.847154649724,0.0
2026-01-16,26441.847154649724,0.0,26441.847154649724,0.0
2026-01-19,26441.847154649724,0.0,26441.847154649724,0.0
2026-01-20,26441.847154649724,0.0,26441.847154649724,0.0
2026-01-21,26441.847154649724,0.0,26441.847154649724,0.0
2026-01-22,26441.847154649724,0.0,26441.847154649724,0.0
2026-01-23,26441.847154649724,0.0,26441.847154649724,0.0
2026-01-26,26441.847154649724,0.0,26441.847154649724,0.0
2026-01-27,26441.847154649724,0.0,26441.847154649724,0.0
2026-01-28,26441.847154649724,0.0,26441.847154649724,0.0
2026-01-29,26441.847154649724,0.0,26441.847154649724,0.0
2026-01-30,26441.847154649724,0.0,26441.847154649724,0.0
2026-02-02,26441.847154649724,0.0,26441.847154649724,0.0
2026-02-03,26441.847154649724,0.0,26441.847154649724,0.0
2026-02-04,26441.847154649724,0.0,26441.847154649724,0.0
2026-02-05,26441.847154649724,0.0,26441.847154649724,0.0
2026-02-06,26441.847154649724,0.0,26441.847154649724,0.0
2026-02-09,26441.847154649724,0.0,26441.847154649724,0.0
2026-02-10,26441.847154649724,0.0,26441.847154649724,0.0
2026-02-11,26441.847154649724,0.0,26441.847154649724,0.0
2026-02-12,26441.847154649724,0.0,26441.847154649724,0.0
2026-02-13,26441.847154649724,-0.6140010854325196,26441.23315356429,-0.03
2026-02-16,26441.847154649724,-22.951870714980465,26418.895283934744,-0.03
2026-02-17,26441.847154649724,-16.6956944796397,26425.151460170084,-0.03
2026-02-18,26441.847154649724,-58.854245457604165,26382.99290919212,-0.03
2026-02-19,26441.847154649724,-63.32862416499056,26378.518530484733,-0.03
2026-02-20,26441.847154649724,-64.08032730525031,26377.766827344472,-0.03
2026-02-23,26441.847154649724,-54.008495996453604,26387.83865865327,-0.03
2026-02-24,26441.847154649724,-88.25460267178542,26353.592551977938,-0.03
2026-02-25,26342.014457687466,0.0,26342.014457687466,0.0
2026-02-26,26342.014457687466,0.0,26342.014457687466,0.0
2026-02-27,26342.014457687466,0.0,26342.014457687466,0.0
2026-03-02,26342.014457687466,0.0,26342.014457687466,0.0
2026-03-03,26342.014457687466,10.479250897655838,26352.493708585123,0.04
2026-03-04,26342.014457687466,-12.531966444796884,26329.48249124267,0.04
2026-03-05,26342.014457687466,5.71561935545774,26347.730077042925,0.04
2026-03-06,26342.014457687466,14.995940089886515,26357.010397777354,0.04
2026-03-09,26342.014457687466,9.479243644391572,26351.49370133186,0.04
2026-03-10,26342.014457687466,23.897779841508754,26365.912237528973,0.04
2026-03-11,26342.014457687466,55.38945729232241,26397.40391497979,0.04
2026-03-12,26342.014457687466,68.9069250352201,26410.921382722685,0.04
2026-03-13,26342.014457687466,83.15895334484115,26425.17341103231,0.04
2026-03-16,26342.014457687466,59.07762438311116,26401.092082070576,0.04
2026-03-17,26342.014457687466,57.1426129623383,26399.157070649806,0.04
2026-03-18,26342.014457687466,88.26748823574029,26430.281945923205,0.04
2026-03-19,26342.014457687466,11.135897369901308,26353.15035505737,0.04
2026-03-20,26342.014457687466,66.08108255336961,26408.095540240836,0.04
2026-03-23,26342.014457687466,36.96099296725942,26378.975450654725,0.04
2026-03-24,26342.014457687466,47.16291326657076,26389.177370954036,0.04
2026-03-25,26342.014457687466,74.81175555617955,26416.826213243647,0.04
2026-03-26,26342.014457687466,85.52085402590261,26427.535311713367,0.04
2026-03-27,26342.014457687466,104.17594657519903,26446.190404262667,0.04
2026-03-30,26342.014457687466,85.31077898023676,26427.325236667704,0.04
2026-03-31,26342.014457687466,48.42977742314956,26390.444235110615,0.04
2026-04-01,26342.014457687466,50.91087432449023,26392.925332011957,0.04
2026-04-02,26342.014457687466,80.37410014799585,26422.388557835464,0.04
2026-04-03,26342.014457687466,80.13431954563359,26422.1487772331,0.04
2026-04-06,26342.014457687466,83.09563984935502,26425.11009753682,0.04
2026-04-07,26342.014457687466,80.59205939262651,26422.606517080094,0.04
2026-04-08,26342.014457687466,41.9617773575531,26383.97623504502,0.04
2026-04-09,26342.014457687466,57.368620595419614,26399.383078282885,0.04
2026-04-10,26342.014457687466,67.41880876571334,26409.43326645318,0.04
2026-04-13,26342.014457687466,73.28867097594329,26415.30312866341,0.04
2026-04-14,26342.014457687466,49.86675050316321,26391.88120819063,0.04
2026-04-15,26342.014457687466,55.325487489712515,26397.33994517718,0.04
2026-04-16,26342.014457687466,61.46116089797166,26403.47561858544,0.04
2026-04-17,26342.014457687466,43.09292530774093,26385.107382995207,0.04
2026-04-20,26342.014457687466,50.30151934971061,26392.31597703718,0.04
2026-04-21,26342.014457687466,70.26508309293716,26412.279540780404,0.04
2026-04-22,26342.014457687466,72.81479554328043,26414.829253230746,0.04
2026-04-23,26342.014457687466,82.19880822323604,26424.2132659107,0.04
2026-04-24,26342.014457687466,68.23950796498694,26410.253965652453,0.04
2026-04-27,26342.014457687466,71.14400610672593,26413.158463794192,0.04
2026-04-28,26342.014457687466,77.4746693406935,26419.48912702816,0.04
2026-04-29,26342.014457687466,106.51794883177881,26448.532406519244,0.04
2026-04-30,26342.014457687466,-27.15907929565609,26314.85537839181,0.04
2026-05-01,26342.014457687466,-11.333568802151758,26330.680888885316,0.04
2026-05-04,26342.014457687466,-5.35225763998003,26336.662200047485,0.04
2026-05-05,26342.014457687466,17.609002185937957,26359.623459873404,0.04
2026-05-06,26342.014457687466,-36.30444942465127,26305.710008262817,0.04
2026-05-07,26342.014457687466,-16.423305995340513,26325.591151692126,0.04
2026-05-08,26342.014457687466,-24.476898088282688,26317.537559599183,0.04
2026-05-11,26342.014457687466,-6.163728454271997,26335.850729233196,0.04
2026-05-12,26331.176524915623,0.0,26331.176524915623,0.0
2026-05-13,26331.176524915623,0.0,26331.176524915623,0.0
2026-05-14,26331.176524915623,0.0,26331.176524915623,0.0
2026-05-15,26331.176524915623,0.0,26331.176524915623,0.0
2026-05-18,26331.176524915623,5.234529249977593,26336.4110541656,0.05
2026-05-19,26331.176524915623,15.19338978860876,26346.36991470423,0.05
2026-05-20,26331.176524915623,8.52519287770655,26339.70171779333,0.05
2026-05-21,26331.176524915623,11.034172465358335,26342.210697380982,0.05
2026-05-22,26331.176524915623,20.056602192438344,26351.233127108062,0.05
2026-05-25,26331.176524915623,8.304319581877012,26339.4808444975,0.05
2026-05-26,26331.176524915623,24.965095894865566,26356.14162081049,0.05
2026-05-27,26331.176524915623,34.38466572702522,26365.56119064265,0.05
2026-05-28,26331.176524915623,22.57202917265728,26353.74855408828,0.05
2026-05-29,26331.176524915623,23.183944313572848,26354.360469229196,0.05
2026-06-01,26331.176524915623,40.78516356593788,26371.961688481562,0.05
2026-06-02,26331.176524915623,52.38493108642733,26383.56145600205,0.05
2026-06-03,26331.176524915623,59.008105689806385,26390.18463060543,0.05
2026-06-04,26331.176524915623,56.505392529068466,26387.68191744469,0.05
2026-06-05,26331.176524915623,66.48550099039144,26397.662025906015,0.05
2026-06-08,26331.176524915623,63.99082561226786,26395.167350527892,0.05
2026-06-09,26331.176524915623,72.40945557224053,26403.585980487864,0.05
2026-06-10,26331.176524915623,80.9711824131977,26412.147707328822,0.05
2026-06-11,26331.176524915623,55.126014029947314,26386.30253894557,0.05
2026-06-12,26331.176524915623,64.97645560363675,26396.15298051926,0.05
2026-06-15,26331.176524915623,71.56277706273904,26402.739301978363,0.05
2026-06-16,26331.176524915623,76.24071621202283,26407.417241127645,0.05
2026-06-17,26331.176524915623,85.00133295699145,26416.177857872615,0.05
2026-06-18,26331.176524915623,118.5880744343035,26449.764599349928,0.05
2026-06-19,26331.176524915623,112.42761278500892,26443.604137700633,0.05
2026-06-22,26331.176524915623,126.97905245951607,26458.15557737514,0.05
2026-06-23,26331.176524915623,125.74374828955459,26456.920273205178,0.05
2026-06-24,26331.176524915623,137.30783551903215,26468.484360434657,0.05
2026-06-25,26331.176524915623,137.52871700675715,26468.70524192238,0.05
2026-06-26,26331.176524915623,135.45221157125835,26466.62873648688,0.05
2026-06-29,26331.176524915623,143.7631431622414,26474.939668077866,0.05
2026-06-30,26331.176524915623,172.25785061952243,26503.434375535147,0.05
2026-07-01,26331.176524915623,171.94228401833516,26503.11880893396,0.05
2026-07-02,26331.176524915623,106.35277544554178,26437.529300361166,0.05
2026-07-03,26331.176524915623,118.00003044910368,26449.176555364727,0.05
2026-07-06,26331.176524915623,149.85790436437142,26481.034429279996,0.05
2026-07-07,26331.176524915623,149.66488904966405,26480.84141396529,0.05
2026-07-08,26331.176524915623,173.67924713912117,26504.855772054743,0.05
2026-07-09,26331.176524915623,162.41806058635544,26493.594585501978,0.05
2026-07-10,26331.176524915623,133.2864334701799,26464.462958385804,0.05
2026-07-13,26331.176524915623,165.69362182303004,26496.870146738653,0.05
2026-07-14,26331.176524915623,156.97019292980238,26488.146717845426,0.05
2026-07-15,26331.176524915623,152.79957751170593,26483.97610242733,0.05
2026-07-16,26331.176524915623,160.08630779178998,26491.262832707413,0.05
2026-07-17,26331.176524915623,161.5914114435873,26492.76793635921,0.05
2026-07-20,26331.176524915623,166.47971231217588,26497.6562372278,0.05
2026-07-21,26331.176524915623,196.31308700895428,26527.48961192458,0.05
2026-07-22,26331.176524915623,193.77119042252718,26524.947715338152,0.05
2026-07-23,26331.176524915623,224.9113676949182,26556.08789261054,0.05
2026-07-24,26331.176524915623,224.81801898379555,26555.99454389942,0.05
2026-07-27,26331.176524915623,218.8268882697838,26550.003413185408,0.05
2026-07-28,26331.176524915623,224.29173979664156,26555.468264712264,0.05
2026-07-29,26331.176524915623,205.94162118318664,26537.11814609881,0.05
2026-07-30,26331.176524915623,35.40155305923389,26366.578077974857,0.05
2026-07-31,26282.961738732603,0.0,26282.961738732603,0.0
