symbol,tf,side,lots,entry_time,entry_price,exit_time,exit_price,stop_price,target_price,exit_reason,bars_held,gross_ccy,spread_ccy,slippage_ccy,swap_ccy,net_ccy,net_acct,r_multiple,mae_r,mfe_r,tag
USDJPY.a,4h,1,0.16,2007-01-10 20:00:00,119.5663443335767,2007-01-25 08:00:00,120.35261229868841,118.87044707929589,,signal,63,12580.287441787506,-480.0,-236.4064419709585,0.0,12580.287441787506,134.1839817658536,1.1298621459920926,0.16718607935438717,3.195379278685906,breakout_up
USDJPY.a,4h,1,0.16,2007-01-29 12:00:00,121.8867396961543,2007-01-31 08:00:00,121.40386427987062,121.17411987916742,,signal,11,-7726.006660538816,-480.0,-196.34304413996875,0.0,-7726.006660538816,-82.41408877914924,-0.6776059334490426,0.668995844334033,0.25716419818433883,breakout_up
USDJPY.a,4h,-1,0.16,2007-01-31 20:00:00,120.89274097043578,2007-02-02 20:00:00,121.17675567722488,121.61407296789328,,signal,12,-4544.2353086255025,-480.0,-216.18167119602333,0.0,-4544.2353086255025,-48.50323562083486,-0.3937364594807522,0.6200460136812047,1.1405857127310732,breakout_dn
USDJPY.a,4h,1,0.18,2007-02-08 16:00:00,121.32610949633481,2007-02-13 16:00:00,121.19410620844742,120.68051401327622,,signal,18,-2376.0591819729484,-540.0,-212.17649589270926,0.0,-2376.0591819729484,-25.244458033610123,-0.20446748986223506,0.5515984942269092,1.121275663571361,breakout_up
USDJPY.a,4h,-1,0.18,2007-02-14 20:00:00,120.76395387354137,2007-02-19 12:00:00,119.67645769831404,121.41112158786984,,signal,17,19574.931154091926,-540.0,-232.477139305547,0.0,19574.931154091926,208.53250419124564,1.6803931209018286,0.08660216697735096,2.7874596238368023,breakout_dn
USDJPY.a,4h,1,0.16,2007-02-21 12:00:00,120.74739287115285,2007-02-26 12:00:00,120.71433923450698,120.0084599974054,,signal,17,-528.8581863339914,-480.0,-181.14449577660346,0.0,-528.8581863339914,-5.535043976821345,-0.044731582286012955,0.2535993157301274,1.1673687279231186,breakout_up
USDJPY.a,4h,-1,0.16,2007-02-27 12:00:00,119.53229498422897,2007-03-08 16:00:00,117.28020708245938,120.23977093506059,,signal,43,36033.406428313356,-480.0,-326.6266387004596,0.0,36033.406428313356,395.8463552145075,3.1832713170282414,0.053295120105076324,6.222536581002047,breakout_dn
USDJPY.a,4h,1,0.1,2007-03-09 16:00:00,118.26038940846803,2007-03-13 12:00:00,117.15365072671942,117.16806370328761,,stop,11,-11067.386817486096,-300.0,-144.1297656819372,0.0,-11067.386817486096,-120.33056312513587,-1.0131947609580558,1.6299070872583437,0.21020341317889432,breakout_up
USDJPY.a,4h,-1,0.11,2007-03-14 00:00:00,116.17974569739545,2007-03-15 00:00:00,117.27159279183624,117.22584797285263,,stop,6,-12010.318038848738,-330.0,-173.19300881965472,0.0,-12010.318038848738,-130.11222460541762,-1.0437288208398312,1.3194257722088703,0.41080657931618714,breakout_dn
USDJPY.a,4h,1,0.11,2007-03-20 04:00:00,117.83960964807366,2007-03-28 08:00:00,117.252100242793,116.79973020744339,,signal,37,-6462.603458087216,-330.0,-173.7946585540681,0.0,-6462.603458087216,-68.45441336451977,-0.5649783833831405,0.8843425613995051,0.5581323461636711,breakout_up
USDJPY.a,4h,-1,0.14,2007-03-28 16:00:00,117.02135276036744,2007-03-29 16:00:00,117.90668871822356,117.86354888350792,,stop,6,-12394.703409985796,-420.00000000000006,-183.95768601895995,0.0,-12394.703409985796,-130.17916642364008,-1.0512230269533667,1.0907759064563256,0.7615242373425875,breakout_dn
USDJPY.a,4h,1,0.14,2007-04-03 12:00:00,118.48823615208006,2007-04-13 12:00:00,118.37409105979468,117.62995285291595,,signal,48,-1598.0312919953692,-420.00000000000006,-165.45032574889055,0.0,-1598.0312919953692,-16.248076013268026,-0.1329923259564178,0.3241775208151488,1.2137762076164325,breakout_up
USDJPY.a,4h,1,0.17,2007-04-16 20:00:00,119.81671669409401,2007-04-17 16:00:00,119.07164193860773,119.08204832833813,,stop,5,-12666.270843266859,-510.0,-176.90862541693784,0.0,-12666.270843266859,-127.06694905904912,-1.0141647445506912,1.3294661096358653,0.0,breakout_up
USDJPY.a,4h,-1,0.15,2007-04-19 08:00:00,117.8522420960512,2007-04-20 00:00:00,118.66428615597371,118.62238965602518,,stop,4,-12180.660898837701,-450.0,-178.44749922795376,0.0,-12180.660898837701,-123.107366345478,-1.0544006137602397,1.1786804907613775,0.3275243721602233,breakout_dn
USDJPY.a,4h,1,0.17,2007-04-26 16:00:00,119.36651850444417,2007-05-08 16:00:00,119.58495441936624,118.67493029062679,,signal,48,3713.410553675161,-510.0,-171.54974154783832,0.0,3713.410553675161,37.4603499722812,0.31584678650950426,0.7179395115823596,1.5666569700129802,breakout_up
USDJPY.a,4h,1,0.22,2007-05-10 12:00:00,120.30520101376138,2007-05-11 00:00:00,119.73318484815051,119.74142928723602,,stop,3,-12584.355643438954,-660.0,-181.3776598811245,0.0,-12584.355643438954,-127.30188352946264,-1.014623718603829,1.091223601355442,0.38100347380396254,breakout_up
USDJPY.a,4h,1,0.23,2007-05-16 16:00:00,120.64482159343395,2007-05-25 04:00:00,121.13497781050047,120.11767455326736,,signal,39,11273.592992530128,-690.0,-231.02071697820227,0.0,11273.592992530128,113.61726129350019,0.9298282636883143,0.1609068949853903,2.3241682362076688,breakout_up
USDJPY.a,4h,1,0.26,2007-06-01 16:00:00,122.08442003869976,2007-06-04 12:00:00,121.60810890394288,121.61476506310169,,stop,5,-12384.08950367898,-780.0,-173.06013812919332,0.0,-12384.08950367898,-121.95334386413114,-1.0141724446767166,1.0740225589166101,0.09704988484832075,breakout_up
USDJPY.a,4h,-1,0.25,2007-06-05 16:00:00,121.22459192820791,2007-06-05 16:00:00,121.76205830068241,121.72394619299428,,stop,0,-13436.659311862442,-750.0,-202.80269220336677,0.0,-13436.659311862442,-132.42935297718472,-1.0763227839947278,1.05217499647644,0.22948022333791532,breakout_dn
USDJPY.a,4h,1,0.23,2007-06-13 08:00:00,122.24512869126055,2007-06-25 12:00:00,123.45536717559678,121.69844863347848,,signal,49,27835.485139733297,-690.0,-213.10992254800445,0.0,27835.485139733297,266.1213996819381,2.213796656944609,0.24718057543342042,3.4478508625073014,breakout_up
USDJPY.a,4h,-1,0.24,2007-06-26 12:00:00,123.00433520050574,2007-06-29 08:00:00,123.42643875725139,123.53928609938266,,signal,17,-10130.485361895693,-720.0,-309.0603480663394,0.0,-10130.485361895693,-96.75774284548207,-0.7890510281070925,0.9639479073254059,1.4474883622615915,breakout_dn
USDJPY.a,4h,-1,0.18,2007-07-02 20:00:00,122.15325368152187,2007-07-05 00:00:00,122.73523766310274,122.85037275918205,,signal,13,-10475.711668455517,-540.0,-188.55587169854857,0.0,-10475.711668455517,-99.65740794236528,-0.8348415647069141,0.7986387639064378,0.047701580099462425,breakout_dn
USDJPY.a,4h,1,0.22,2007-07-06 08:00:00,123.17528904603542,2007-07-10 16:00:00,122.6836356552598,122.5927181192626,,signal,14,-10816.37459706343,-660.0,-280.03116856840506,0.0,-10816.37459706343,-102.77282810427309,-0.8439373957419241,0.9188392716414435,0.8320205003185831,breakout_up
USDJPY.a,4h,-1,0.2,2007-07-10 20:00:00,122.28321882274126,2007-07-17 20:00:00,122.33607444288036,122.9064344740191,,signal,30,-1057.1124027819678,-600.0,-242.97771521470463,0.0,-1057.1124027819678,-9.90087220670523,-0.0848111244169238,0.5083010617740578,2.1232117967964386,breakout_dn
USDJPY.a,4h,-1,0.17,2007-07-20 20:00:00,121.0626028989922,2007-08-08 12:00:00,119.28982199684832,121.8073801085324,,signal,76,30137.27533644594,-510.0,-333.9478928429666,0.0,30137.27533644594,295.00184051633727,2.3802834987906327,0.7081273356006718,5.253386984555666,breakout_dn
USDJPY.a,4h,1,0.12,2007-08-08 20:00:00,119.7600199870784,2007-08-09 12:00:00,118.68443353983352,118.69938600694148,,stop,4,-12907.037366938483,-360.0,-179.42960529549117,0.0,-12907.037366938483,-126.90528823274963,-1.0140976693072103,1.3765540369448925,0.028266125244961828,breakout_up
USDJPY.a,4h,-1,0.11,2007-08-10 16:00:00,117.59824271469738,2007-08-10 16:00:00,118.72303588362091,118.67539995566698,,stop,0,-12372.724858158846,-330.0,-193.9952074932617,0.0,-12372.724858158846,-124.50824522600536,-1.0442237457467718,1.0599727151022724,0.09120554637774608,breakout_dn
USDJPY.a,4h,-1,0.11,2007-08-15 08:00:00,117.1397861845424,2007-08-20 12:00:00,115.31086149930852,118.16148781851092,,signal,19,20118.17153757275,-330.0,-458.9529847872407,0.0,20118.17153757275,217.4075542458751,1.7900770875054117,0.4308633761773554,5.431904971107643,breakout_dn
USDJPY.a,4h,1,0.07,2007-08-23 04:00:00,116.01423698594355,2007-08-28 16:00:00,115.23907512897273,114.47909382146275,,signal,21,-5426.13299879578,-210.00000000000003,-152.94819438174983,0.0,-5426.13299879578,-57.403204856794886,-0.504944343241754,0.5303980793341411,0.7072715035171686,breakout_up
USDJPY.a,4h,-1,0.1,2007-08-28 20:00:00,114.78885547690325,2007-08-29 20:00:00,115.95091949123999,115.90248710272678,,stop,6,-11620.640143367353,-300.0,-184.32388513202122,0.0,-11620.640143367353,-123.91078760531468,-1.0434904930769993,1.2851148350231323,0.8340778542602574,breakout_dn
USDJPY.a,4h,-1,0.12,2007-09-05 20:00:00,115.27043297100239,2007-09-11 20:00:00,114.19022552623653,116.24491081512674,,signal,24,12962.489337190333,-360.0,-245.41262967655481,0.0,12962.489337190333,136.2928750893444,1.1084987219350448,0.38950811584504036,2.7608970149752055,breakout_dn
USDJPY.a,4h,1,0.13,2007-09-13 12:00:00,114.51902656243594,2007-09-20 16:00:00,115.1003551013295,113.61483173766862,,signal,31,7557.271005616258,-390.0,-250.76736543294007,0.0,7557.271005616258,76.14764917467915,0.6429239838252295,0.16481687171156448,2.036036246986718,breakout_up
USDJPY.a,4h,-1,0.12,2007-09-20 20:00:00,114.46038687980597,2007-09-21 12:00:00,115.48957988133529,115.44448986704977,,stop,4,-12350.316018351861,-360.0,-181.08017142628765,0.0,-12350.316018351861,-123.82123713030843,-1.0458183898128435,1.3612529761198207,0.18330081520347663,breakout_dn
USDJPY.a,4h,1,0.14,2007-10-01 16:00:00,115.94841859992137,2007-10-16 12:00:00,116.9228530930033,115.06876616231465,,signal,65,13642.082903147015,-420.00000000000006,-200.1133959077168,0.0,13642.082903147015,131.4460647433842,1.1077494376450332,0.7826029582710518,2.252686760545953,breakout_up
USDJPY.a,4h,-1,0.16,2007-10-17 08:00:00,116.36221430627951,2007-10-17 12:00:00,117.16802456197632,117.12615163143707,,stop,1,-12892.964091148997,-480.0,-189.9668886279992,0.0,-12892.964091148997,-124.31194325185925,-1.0548119972153738,1.0704879402925271,0.251610046988956,breakout_dn
USDJPY.a,4h,-1,0.15,2007-10-18 12:00:00,116.12072648340408,2007-10-29 16:00:00,114.8576108533177,116.96945563340545,,signal,43,18946.734451295837,-450.0,-228.32559953093997,0.0,18946.734451295837,179.49078877152562,1.4882434874357306,0.12874957410823526,3.405946977783718,breakout_dn
USDJPY.a,4h,1,0.18,2007-10-31 12:00:00,115.22701721005298,2007-11-01 16:00:00,114.48201833160049,114.4950696866029,,stop,7,-13409.979812144855,-540.0,-234.9243900434414,0.0,-13409.979812144855,-127.19878572825633,-1.0178309982400096,1.0342506611467681,0.933103491801902,breakout_up
USDJPY.a,4h,-1,0.14,2007-11-05 12:00:00,114.32114530805033,2007-11-14 00:00:00,110.93326481191882,115.22127451765552,,signal,39,47430.32694584122,-420.00000000000006,-371.41473372688586,0.0,47430.32694584122,475.266044400517,3.763771311918116,0.4986558453608463,5.778220784915613,breakout_dn
USDJPY.a,4h,-1,0.1,2007-11-20 00:00:00,109.72863223719482,2007-11-28 00:00:00,108.98285643062322,110.91268214824944,,signal,36,7457.758065716007,-300.0,-257.1286124642153,0.0,7457.758065716007,78.19109451620042,0.6298516638604709,0.7021391201868256,2.127133504829611,breakout_dn
USDJPY.a,4h,1,0.08,2007-11-28 16:00:00,109.77372408150327,2007-12-04 12:00:00,109.9904888440846,108.37586814580196,,signal,23,1734.1181006505624,-240.0,-152.17849464658158,0.0,1734.1181006505624,18.037677983435096,0.1550694581931776,0.22443234205382065,1.0274849373344956,breakout_up
USDJPY.a,4h,1,0.14,2007-12-07 16:00:00,111.6380206936867,2007-12-11 20:00:00,110.75855940475702,110.7708483722016,,stop,13,-12312.458045015463,-420.00000000000006,-172.04554422398098,0.0,-12312.458045015463,-124.13053430012282,-1.0141713096002996,1.3123351212798737,0.5673374185545318,breakout_up
USDJPY.a,4h,-1,0.15,2007-12-12 00:00:00,110.64182111539147,2007-12-12 12:00:00,111.49183968370534,111.44926449630466,,stop,3,-12750.278524708066,-450.0,-188.6278110101388,0.0,-12750.278524708066,-129.98489225948788,-1.0527283874102982,1.1619129053327246,0.051794486622916504,breakout_dn
USDJPY.a,4h,1,0.13,2007-12-14 04:00:00,112.55853703176238,2007-12-27 20:00:00,113.61373210584021,111.65293504097409,,signal,49,13717.535963011784,-390.0,-162.9652481544475,0.0,13717.535963011784,137.41444840303876,1.1651863454488598,0.30757113455539686,2.3646844751009675,breakout_up
USDJPY.a,4h,-1,0.23,2007-12-31 00:00:00,112.57145697149163,2008-01-10 00:00:00,110.01114453025407,113.09847999320947,,signal,39,58887.1861484638,-690.0,-512.6483916875411,0.0,58887.1861484638,605.9017854333489,4.858065655067945,0.035184475334557846,8.882832017911403,breakout_dn
USDJPY.a,4h,-1,0.12,2008-01-14 12:00:00,107.64967311796578,2008-01-25 00:00:00,107.20344455079503,108.68674114214657,,signal,51,5354.742806048989,-360.0,-322.66921908067815,0.0,5354.742806048989,56.6567649167444,0.430278975695191,0.6560098915127843,2.5838932986893592,breakout_dn
USDJPY.a,4h,1,0.09,2008-01-25 08:00:00,107.52288943410389,2008-01-28 04:00:00,106.15850072657702,106.17729171189023,,stop,5,-12279.498367741837,-270.0,-169.1188678189572,0.0,-12279.498367741837,-130.95622820142228,-1.0139647868029262,1.109461921240415,0.2728234150784499,breakout_up
USDJPY.a,4h,-1,0.1,2008-01-31 16:00:00,105.8276609426902,2008-02-04 04:00:00,106.9311377115886,106.98651386413252,,signal,9,-11034.767688984033,-300.0,-222.75423177204053,0.0,-11034.767688984033,-114.17058295686114,-0.9522146844355428,0.9771205960291097,0.09290302565420189,breakout_dn
USDJPY.a,4h,1,0.13,2008-02-05 12:00:00,107.25957995921001,2008-02-06 04:00:00,106.52092409373707,106.30908131584498,,signal,4,-9602.526251148347,-390.0,-235.97356283645095,0.0,-9602.526251148347,-100.48371699589391,-0.7771245867936187,0.9253879164898696,0.4738776261640552,breakout_up
USDJPY.a,4h,1,0.14,2008-02-13 16:00:00,108.13792275993003,2008-02-15 12:00:00,107.27367513858535,107.28601046907195,,stop,11,-12099.466698825638,-420.00000000000006,-172.69462681245898,0.0,-12099.466698825638,-123.47981684284275,-1.0144795780257876,1.0422701602716433,0.5306617182557815,breakout_up
USDJPY.a,4h,-1,0.16,2008-02-22 12:00:00,106.99226156987896,2008-02-25 08:00:00,107.81301729007338,107.77106170534232,,stop,5,-13132.091523110605,-480.0,-191.28935569686976,0.0,-13132.091523110605,-132.28580791403098,-1.0538720819637433,1.049997801598373,0.362431331256811,breakout_dn
USDJPY.a,4h,-1,0.16,2008-02-27 12:00:00,106.40224969200833,2008-03-05 12:00:00,103.74932630422555,107.19157162987273,,signal,30,42446.77420452445,-480.0,-298.4417352175303,0.0,42446.77420452445,443.27889362092156,3.3610156521945425,0.2758700823403274,4.804439747701281,breakout_dn
USDJPY.a,4h,-1,0.12,2008-03-07 12:00:00,101.93964322674694,2008-03-07 16:00:00,102.97960768010901,102.93226788879224,,stop,1,-12479.573440344893,-360.0,-208.0774958013282,0.0,-12479.573440344893,-130.46995084778982,-1.047691532486438,1.299944301801134,0.5335785488702369,breakout_dn
USDJPY.a,4h,-1,0.09,2008-03-13 00:00:00,101.31742784641406,2008-03-19 00:00:00,100.06935765490648,102.60469346310141,,signal,24,11232.631723568218,-270.0,-348.4377883168053,0.0,11232.631723568218,120.73360807034078,0.9695514082939343,0.28166071468527804,4.309466340513174,breakout_dn
USDJPY.a,4h,1,0.08,2008-03-24 20:00:00,100.8429033456445,2008-03-26 08:00:00,99.43297313141282,99.45271662289983,,stop,9,-11279.44171385343,-240.0,-157.94793189602615,0.0,-11279.44171385343,-123.05226162599979,-1.0142020429083267,1.3112651098015893,0.1345838305706958,breakout_up
USDJPY.a,4h,-1,0.09,2008-03-27 04:00:00,98.7374864209795,2008-03-27 12:00:00,100.07746208119617,100.02761620220792,,stop,2,-12059.780941950123,-270.0,-178.61291089426487,0.0,-12059.780941950123,-131.3893902725386,-1.0386363292387442,1.0948616174688655,0.0678121087137338,breakout_dn
USDJPY.a,4h,1,0.09,2008-04-01 16:00:00,100.7728436067882,2008-04-09 20:00:00,101.51986166990213,99.52607311511778,,signal,37,6723.162568025345,-270.0,-182.48994176160332,0.0,6723.162568025345,71.08169383427625,0.5991624505911073,0.05040511241488298,1.7382159809607385,breakout_up
USDJPY.a,4h,-1,0.11,2008-04-10 04:00:00,101.26964092966051,2008-04-16 00:00:00,101.87065675839966,102.30713065194477,,signal,23,-6611.174116130655,-330.0,-234.44868479250965,0.0,-6611.174116130655,-70.0747663133348,-0.5792981037112166,0.9449337658796381,1.2044851171240076,breakout_dn
USDJPY.a,4h,1,0.11,2008-04-17 04:00:00,101.96991891134941,2008-04-22 20:00:00,102.73939915126626,100.92719416237199,,signal,22,8464.282639085297,-330.0,-233.21867214240703,0.0,8464.282639085297,87.0072528370628,0.7379514494802769,0.2684494749203213,2.5606768145371888,breakout_up
USDJPY.a,4h,1,0.12,2008-04-24 20:00:00,104.44964316681613,2008-04-29 16:00:00,103.86158069016064,103.4122743428777,,signal,17,-7056.749719865933,-360.0,-202.0634361447809,0.0,-7056.749719865933,-72.91541512755316,-0.5668788796089688,0.6648003592375676,0.3473758077823797,breakout_up
USDJPY.a,4h,1,0.12,2008-05-02 16:00:00,105.42975922640598,2008-05-06 12:00:00,104.41216042295599,104.42439100243394,,stop,11,-12211.185641399823,-360.0,-146.76695373524984,0.0,-12211.185641399823,-123.23316981411725,-1.0121652735647668,1.064047182811824,0.20911818036519708,breakout_up
USDJPY.a,4h,-1,0.13,2008-05-08 12:00:00,103.94037590815788,2008-05-13 16:00:00,104.5305960804519,104.89028681376747,,signal,19,-7672.862239822322,-390.0,-275.49809174957534,0.0,-7672.862239822322,-78.21273086596965,-0.6213426636209162,0.7049335762835538,1.432108948454345,breakout_dn
USDJPY.a,4h,1,0.11,2008-05-14 12:00:00,105.47002189805444,2008-05-16 08:00:00,104.39330798387746,104.40687251721442,,stop,11,-11843.85305594675,-330.0,-149.20986670655583,0.0,-11843.85305594675,-119.92567610150478,-1.012758821649544,1.24161469859622,0.0,breakout_up
USDJPY.a,4h,-1,0.13,2008-05-21 08:00:00,103.18104328843894,2008-05-22 20:00:00,104.05927850916305,104.0907227834977,,signal,9,-11417.057869413398,-390.0,-241.2412382394853,0.0,-11417.057869413398,-114.74082337518514,-0.9654336780091815,0.9882125698601071,0.484833714329751,breakout_dn
USDJPY.a,4h,1,0.15,2008-05-28 16:00:00,105.14817282034575,2008-06-02 12:00:00,104.73213812686524,104.3113885781505,,signal,17,-6240.520402207679,-450.0,-235.8561940425284,0.0,-6240.520402207679,-62.41877448783819,-0.4971827533332503,0.8343522561014467,0.8626204262171423,breakout_up
USDJPY.a,4h,-1,0.15,2008-06-03 12:00:00,103.97126720313129,2008-06-03 16:00:00,104.84570210237925,104.80122427816926,,stop,1,-13116.52348871938,-450.0,-217.16736314993037,0.0,-13116.52348871938,-130.7765095591199,-1.0535905115429696,1.9021860820892285,0.0135756456209273,breakout_dn
USDJPY.a,4h,1,0.12,2008-06-05 12:00:00,105.97939515843817,2008-06-06 20:00:00,104.98035714951065,104.99513678358176,,stop,8,-11988.456107130161,-360.0,-177.35560885321348,0.0,-11988.456107130161,-118.45852184774195,-1.0150160104792199,1.0864984091135421,0.447651605327833,breakout_up
USDJPY.a,4h,1,0.12,2008-06-10 04:00:00,106.73977356828456,2008-06-20 20:00:00,107.36349810376717,105.7005388001242,,signal,52,7484.694425791303,-360.0,-156.0455095879608,0.0,7484.694425791303,73.15577013125007,0.6001767402246563,0.30770099123090433,1.7707514106490005,breakout_up
USDJPY.a,4h,1,0.19,2008-06-24 08:00:00,108.0963245446744,2008-06-24 16:00:00,107.42645294519969,107.43658749660256,,stop,2,-12727.560390019633,-570.0,-192.55647665444195,0.0,-12727.560390019633,-123.63975677350439,-1.0153615011200146,1.1312454664409448,0.15714663232662632,breakout_up
USDJPY.a,4h,1,0.19,2008-06-25 20:00:00,108.31676233767855,2008-06-25 20:00:00,107.66545089733113,107.67559440384895,,stop,0,-12374.917366601125,-570.0,-192.72662383854833,0.0,-12374.917366601125,-119.76663599782624,-1.0158203584156729,1.0087253331830417,0.14541847369775154,breakout_up
USDJPY.a,4h,-1,0.17,2008-06-26 20:00:00,106.93280377553572,2008-07-02 12:00:00,106.49982789684991,107.65113186538352,,signal,22,7360.5899376587595,-510.0,-334.14849289700237,0.0,7360.5899376587595,72.03530779784653,0.6027550430020739,0.3719696170045344,2.7185401811997503,breakout_dn
USDJPY.a,4h,1,0.16,2008-07-07 08:00:00,107.27739846168545,2008-07-08 08:00:00,106.50048297237745,106.51324258772085,,stop,6,-12430.647828927933,-480.0,-204.15384549427029,0.0,-12430.647828927933,-121.84154583837957,-1.0166976604880351,1.29214273596121,0.618462220099933,breakout_up
USDJPY.a,4h,-1,0.14,2008-07-11 16:00:00,106.1510729460044,2008-07-17 16:00:00,105.90044102016508,107.03445196875542,,signal,24,3508.8469617506066,-420.00000000000006,-292.34856462195654,0.0,3508.8469617506066,33.99168704497548,0.28371958059272473,0.7345964045814748,2.7067350304041984,breakout_dn
USDJPY.a,4h,1,0.12,2008-07-22 20:00:00,107.31924076949605,2008-07-25 08:00:00,106.89222831848565,106.31022482350205,,signal,15,-5124.14941212478,-360.0,-186.52035634462982,0.0,-5124.14941212478,-50.06617269344696,-0.42319693034161426,0.5542437378877376,0.65485509235737,breakout_up
USDJPY.a,4h,1,0.17,2008-07-29 20:00:00,108.18674032861335,2008-08-01 08:00:00,107.44383704363104,107.45411845702426,,stop,15,-12629.35584469942,-510.0,-174.7840276848022,0.0,-12629.35584469942,-125.22306900590617,-1.014033724342585,1.183066411508249,0.2501422336588895,breakout_up
USDJPY.a,4h,1,0.17,2008-08-06 04:00:00,108.4663312707556,2008-08-13 00:00:00,109.25133448969542,107.76740161093605,,signal,29,13345.054721976952,-510.0,-294.6273503556529,0.0,13345.054721976952,140.11761959165085,1.1231505315463184,0.35244071745245487,2.7666142108543856,breakout_up
USDJPY.a,4h,-1,0.13,2008-08-13 04:00:00,108.8111248832886,2008-08-13 20:00:00,109.72108224954857,109.6765510304578,,stop,4,-11829.44576137966,-390.0,-188.90584818006437,0.0,-11829.44576137966,-123.8094971899439,-1.0514558281332642,1.0502052886711575,0.509719846958066,breakout_dn
USDJPY.a,4h,1,0.12,2008-08-15 12:00:00,110.60899753659555,2008-08-19 04:00:00,109.82248736125308,109.64180375124779,,signal,10,-9438.122104109652,-360.0,-180.3033299261551,0.0,-9438.122104109652,-99.18682989246452,-0.8131877884840594,0.8157595184628597,0.042393224631515354,breakout_up
USDJPY.a,4h,-1,0.14,2008-08-21 12:00:00,108.66192606118025,2008-08-22 12:00:00,109.48207726782317,109.43873187289566,,stop,6,-11482.116893000864,-420.00000000000006,-186.8355289851219,0.0,-11482.116893000864,-120.3171857864209,-1.0557995245063814,1.6066743064957836,0.684760661104756,breakout_dn
USDJPY.a,4h,1,0.13,2008-08-25 04:00:00,110.29817721825151,2008-08-25 16:00:00,109.41166259725573,109.42476111137665,,stop,3,-11524.690072945175,-390.0,-170.28068357206263,0.0,-11524.690072945175,-121.13563717555785,-1.014996877224756,1.4634229987181269,0.0,breakout_up
USDJPY.a,4h,-1,0.11,2008-08-29 12:00:00,108.66026164074526,2008-09-02 16:00:00,109.02039629251097,109.62874638127992,,signal,13,-3961.481169422754,-330.0,-228.71843524105358,0.0,-3961.481169422754,-43.67424449837788,-0.37185371817720997,0.33014289835710503,1.074112577314299,breakout_dn
USDJPY.a,4h,-1,0.1,2008-09-04 20:00:00,107.41985786960637,2008-09-08 00:00:00,109.0415124405212,108.4568448116217,,stop_gap,7,-16216.54570914828,-300.0,-215.12440521200986,0.0,-16216.54570914828,-184.50055561228348,-1.5638138776976531,1.562355382455411,1.8320943038242123,breakout_dn
USDJPY.a,4h,-1,0.07,2008-09-11 16:00:00,106.26654036960392,2008-09-12 08:00:00,107.65300107554872,107.60411404265581,,stop,4,-9705.224941613595,-210.00000000000003,-132.20923025037703,0.0,-9705.224941613595,-112.34908908316407,-1.0365490394120596,1.0716864867154678,0.1544142007016769,breakout_dn
USDJPY.a,4h,-1,0.05,2008-09-15 12:00:00,104.61239038681317,2008-09-15 16:00:00,106.37287612859593,106.31641988165715,,stop,1,-8802.428708913794,-150.0,-132.28123469389988,0.0,-8802.428708913794,-103.22692028973471,-1.0331310268452534,1.0373116301890435,0.030744999996593015,breakout_dn
USDJPY.a,4h,-1,0.05,2008-09-16 04:00:00,104.32268134729726,2008-09-16 20:00:00,106.23235667950266,106.17200875260333,,stop,4,-9548.37666102698,-150.0,-151.73963449665,0.0,-9548.37666102698,-114.27979949673606,-1.032632365002636,1.11246859090494,0.423224868161038,breakout_dn
USDJPY.a,4h,1,0.04,2008-09-19 08:00:00,107.04075297764744,2008-09-23 00:00:00,105.48174891001204,104.93429471489057,,signal,10,-6236.016270541598,-120.0,-146.00871990363692,0.0,-6236.016270541598,-70.12924136059817,-0.7401067921445632,0.897598120540434,0.46487843583994937,breakout_up
USDJPY.a,4h,-1,0.06,2008-09-30 00:00:00,104.14496487733891,2008-09-30 16:00:00,105.69773536047747,105.64455167119473,,stop,4,-9316.622898831354,-180.0,-139.10213569636454,0.0,-9316.622898831354,-110.50009095640891,-1.0354655625807316,1.3770694241387296,0.4367635671522739,breakout_dn
USDJPY.a,4h,-1,0.05,2008-10-06 08:00:00,103.16399977961278,2008-10-13 20:00:00,101.31336237997478,104.79310065708559,,signal,33,9253.186998190018,-150.0,-233.6237997477301,0.0,9253.186998190018,134.51783096728937,1.1359869884232463,0.35356940036810514,3.225091737574415,breakout_dn
USDJPY.a,4h,1,0.03,2008-10-14 00:00:00,102.05332220997657,2008-10-16 00:00:00,99.92987014783102,99.67376200252271,,signal,12,-6370.356186436638,-90.0,-120.77911301390093,0.0,-6370.356186436638,-97.50817609225611,-0.8923716472875659,0.9175318208538743,0.41884957854874977,breakout_up
USDJPY.a,4h,-1,0.05,2008-10-22 08:00:00,99.635019067896,2008-10-28 08:00:00,95.48013204212067,101.1041003804323,,signal,24,20774.43512887662,-150.0,-301.3204212066987,0.0,20774.43512887662,350.66790808805183,2.8282212770116146,0.13953001127631035,5.93229182995317,breakout_dn
USDJPY.a,4h,1,0.02,2008-10-29 00:00:00,99.43449391021993,2008-11-06 00:00:00,97.92027880407983,96.05142505323937,,signal,36,-3028.430212280199,-60.0,-78.88478368065267,0.0,-3028.430212280199,-45.67090694196439,-0.4475862508726945,0.9915535426653622,0.3267761126111871,breakout_up
USDJPY.a,4h,-1,0.04,2008-11-07 04:00:00,97.02171900729667,2008-11-10 00:00:00,99.0072248182225,98.88949152189733,,stop_gap,5,-7942.023243703318,-120.0,-108.89927288999779,0.0,-7942.023243703318,-119.93404347161916,-1.0630340661964084,1.1983691671262735,0.07587594644895618,breakout_dn
USDJPY.a,4h,-1,0.04,2008-11-12 16:00:00,96.82282891224516,2008-11-24 20:00:00,96.47821655897951,98.30996329667616,,signal,49,1378.4494130625833,-120.0,-145.73247183606173,0.0,1378.4494130625833,21.915705036100363,0.23172912742347712,0.9126082363256782,2.2007620471349596,breakout_dn
USDJPY.a,4h,1,0.03,2008-11-25 00:00:00,97.39824394762383,2008-11-25 16:00:00,95.49057520413882,95.51834410204923,,stop,4,-5723.006230455013,-90.0,-83.30669373122555,0.0,-5723.006230455013,-92.4841679486585,-1.0147714773080998,1.2438130430874788,0.016892417141762636,breakout_up
USDJPY.a,4h,-1,0.06,2008-12-01 12:00:00,94.11849117545712,2008-12-18 20:00:00,89.69648352950901,95.28864264307782,,signal,80,26532.04587568868,-180.0,-197.8023541080083,0.0,26532.04587568868,425.02564816281136,3.7790044864358503,0.10384025308273893,5.972296210222273,breakout_dn
USDJPY.a,4h,1,0.05,2008-12-23 20:00:00,90.75237229894317,2009-01-08 12:00:00,91.94696767498867,89.44606011381227,,signal,54,5972.976880227492,-150.0,-130.3232501132163,0.0,5972.976880227492,92.93362354357902,0.9144792413658664,0.7520195479495827,2.9530672261701767,breakout_up
USDJPY.a,4h,-1,0.05,2009-01-08 16:00:00,91.11719855534662,2009-01-16 04:00:00,90.1016278429861,92.44323250113216,,signal,33,5077.853561802571,-150.0,-116.27842986101281,0.0,5077.853561802571,83.98144875687368,0.7658708252441399,0.40180075807769516,1.9963278947421104,breakout_dn
USDJPY.a,4h,1,0.06,2009-01-16 08:00:00,90.50136871134423,2009-01-21 00:00:00,89.74938584482588,89.28721570138987,,signal,16,-4511.89719911008,-180.0,-127.36986208943885,0.0,-4511.89719911008,-77.79802701484375,-0.6193476937034604,0.6847314173157448,0.649532045953108,breakout_up
USDJPY.a,4h,-1,0.05,2009-01-21 20:00:00,88.02542825475051,2009-01-21 20:00:00,89.40035326012757,89.34849564225333,,stop,0,-6874.6250268853255,-150.0,-109.28808937121391,0.0,-6874.6250268853255,-118.94984050050535,-1.039194993667046,1.1371845149091386,0.09480110834508472,breakout_dn
USDJPY.a,4h,1,0.05,2009-01-29 00:00:00,90.2929664642765,2009-02-02 08:00:00,88.91390992028124,88.93130384714547,,stop,14,-6895.282719976309,-150.0,-86.96963432114532,0.0,-6895.282719976309,-122.14347824812708,-1.0127740356865187,1.0964290606891496,0.25486014770287446,breakout_up
USDJPY.a,4h,1,0.05,2009-02-05 20:00:00,91.67269007271337,2009-02-10 16:00:00,90.34857091043332,90.36722293856029,,stop,17,-6620.595811400208,-150.0,-93.26014063485107,0.0,-6620.595811400208,-108.46028008166076,-1.0142876275005313,1.0821337709354475,0.5540621501405195,breakout_up
USDJPY.a,4h,-1,0.05,2009-02-11 08:00:00,89.94817484771389,2009-02-13 00:00:00,90.98070716490008,91.15040101542648,,signal,10,-5162.661585930977,-150.0,-107.07164900084577,0.0,-5162.661585930977,-86.7259097818553,-0.8588503102962178,0.9663948294326756,0.21058836890532345,breakout_dn
USDJPY.a,4h,1,0.06,2009-02-13 12:00:00,91.75595169143058,2009-03-06 12:00:00,96.92786013773798,90.61943323055392,,signal,90,31031.45067784439,-180.0,-157.67834714434377,0.0,31031.45067784439,502.0131083269261,4.550659425556559,0.4495762356877621,6.960774136891009,breakout_up
USDJPY.a,4h,-1,0.06,2009-03-12 04:00:00,96.92768331458402,2009-03-12 16:00:00,98.15206557362342,98.10033535249063,,stop,3,-7346.293554236411,-180.0,-130.38132679674246,0.0,-7346.293554236411,-116.370261350247,-1.0441138713451037,1.35446546296155,1.092978371377786,breakout_dn
USDJPY.a,4h,-1,0.06,2009-03-19 00:00:00,95.99918378567631,2009-03-23 16:00:00,97.14835304571359,97.29920769639735,,signal,16,-6895.015560223697,-180.0,-172.23654856317185,0.0,-6895.015560223697,-101.53938694540923,-0.8839600953184887,0.9083034585639101,1.8970295587167143,breakout_dn
USDJPY.a,4h,1,0.06,2009-03-27 00:00:00,98.863261851299,2009-03-27 12:00:00,97.57747245955748,97.59672370626151,,stop,3,-7714.736350449101,-180.0,-115.50748022417345,0.0,-7714.736350449101,-113.3131280007562,-1.0151998949099639,1.3985065181329983,0.0,breakout_up
USDJPY.a,4h,-1,0.05,2009-03-30 12:00:00,96.43021923594387,2009-03-31 00:00:00,97.86131813751253,97.81015920604497,,stop,3,-7155.494507843301,-150.0,-105.7946573377965,0.0,-7155.494507843301,-107.81678056904346,-1.0370733021551701,1.2883029715603336,0.010304242396013588,breakout_dn
USDJPY.a,4h,1,0.05,2009-03-31 20:00:00,99.37387514758407,2009-04-08 12:00:00,99.72287476712718,97.91444564479217,,signal,34,1744.9980977155378,-150.0,-121.25232872825913,0.0,1744.9980977155378,24.757534771827906,0.2391342773840512,0.7872083888850177,1.4088552057379562,breakout_up
USDJPY.a,4h,-1,0.09,2009-04-14 16:00:00,99.31798303329789,2009-04-17 04:00:00,99.71060364750413,100.20044256791981,,signal,15,-3533.585527856132,-270.0,-172.86565507426954,0.0,-3533.585527856132,-49.254723331064994,-0.44491628091984164,0.4793613192511387,1.3416853542243865,breakout_dn
USDJPY.a,4h,-1,0.08,2009-04-20 20:00:00,97.93645221609046,2009-04-29 04:00:00,96.93065580484773,98.92337672871936,,signal,38,8046.371289941818,-240.0,-154.49287756357748,0.0,8046.371289941818,117.03207386537663,1.0191219271305305,0.9803665544107819,2.3532217371965585,breakout_dn
USDJPY.a,4h,1,0.08,2009-04-30 00:00:00,97.68091121167767,2009-05-06 08:00:00,98.09671166883444,96.641484896252,,signal,26,3326.403657254218,-240.0,-148.61329864888333,0.0,3326.403657254218,45.912597677316754,0.4000287956789859,0.5242422705591367,1.8193581981305578,breakout_up
USDJPY.a,4h,-1,0.08,2009-05-11 16:00:00,97.68322841708564,2009-05-18 20:00:00,96.31692098439196,98.67693969846839,,signal,31,10930.459461549504,-240.0,-174.73575027141715,0.0,10930.459461549504,148.78727334335773,1.3749541323436305,0.14367511528668925,3.147019134908205,breakout_dn
USDJPY.a,4h,-1,0.08,2009-05-21 04:00:00,94.36988233154482,2009-05-27 04:00:00,95.48098728455666,95.43882583363535,,stop,24,-8888.839624094771,-240.0,-97.29160737054937,0.0,-8888.839624094771,-118.65377765844424,-1.0394421696178122,1.0198084990677567,0.4863515522832466,breakout_dn
USDJPY.a,4h,1,0.1,2009-05-27 08:00:00,95.44811423152272,2009-06-01 04:00:00,94.9195795978821,94.60923660524543,,signal,17,-5285.346336406179,-300.0,-208.4080423579027,0.0,-5285.346336406179,-69.37723053567119,-0.6300497439490754,0.9514072214138382,2.112210068517873,breakout_up
USDJPY.a,4h,-1,0.08,2009-06-01 12:00:00,94.45834873490855,2009-06-01 16:00:00,95.62404445875336,95.57475162523312,,stop,1,-9325.565790758446,-240.0,-154.3426681618761,0.0,-9325.565790758446,-120.53083718139027,-1.044153265767621,2.0616672395234534,0.01643558527801938,breakout_dn
USDJPY.a,4h,1,0.08,2009-06-05 16:00:00,97.84117999275409,2009-06-09 16:00:00,97.7201310600836,96.72830847263566,,signal,12,-968.3914613639217,-240.0,-157.90303866246492,0.0,-968.3914613639217,-12.450750398376377,-0.10877170498316657,0.3515050800405606,0.924473300508602,breakout_up
USDJPY.a,4h,-1,0.1,2009-06-16 08:00:00,96.75091929707668,2009-06-19 12:00:00,97.13902363196155,97.62330646866663,,signal,19,-3881.043348848721,-300.0,-180.47263923094883,0.0,-3881.043348848721,-49.688175407546424,-0.44487625165044725,0.5950118477525063,1.4109782183446118,breakout_dn
USDJPY.a,4h,-1,0.1,2009-06-23 04:00:00,95.37138714001392,2009-06-25 04:00:00,96.03937541636765,96.24369261388539,,signal,12,-6679.882763537251,-300.0,-187.5083273528353,0.0,-6679.882763537251,-86.76575726716823,-0.7657733401454668,0.743561607045066,0.5633200234695928,breakout_dn
USDJPY.a,4h,1,0.09,2009-06-25 12:00:00,96.36936308860271,2009-06-26 12:00:00,95.39007305158687,95.40328276586183,,stop,6,-8813.610333142591,-270.0,-118.88742847466754,0.0,-8813.610333142591,-114.21107457992673,-1.013673515507993,1.0975930920467807,0.20043562304211074,breakout_up
USDJPY.a,4h,1,0.1,2009-07-01 08:00:00,96.87998229786497,2009-07-02 16:00:00,96.02616283872145,96.03775253761808,,stop,8,-8538.194591435229,-300.0,-115.89698896628224,0.0,-8538.194591435229,-111.56461207456672,-1.0137607330489378,1.1991766920809062,0.08788302863262114,breakout_up
USDJPY.a,4h,-1,0.12,2009-07-06 08:00:00,95.43303359311354,2009-07-14 08:00:00,93.21058797861319,96.11253612623398,,signal,36,26669.34737400413,-360.0,-254.1114867165753,0.0,26669.34737400413,364.18799378899564,3.2706951132239817,0.17213535076804454,5.434907764293724,breakout_dn
USDJPY.a,4h,1,0.07,2009-07-15 00:00:00,93.56022896858526,2009-07-21 20:00:00,93.46190996028588,92.43841876774125,,signal,29,-688.2330580956904,-210.00000000000003,-113.26055599764673,0.0,-688.2330580956904,-9.065702779997798,-0.08764317549030363,0.2676290234830966,1.0962380538967347,breakout_up
USDJPY.a,4h,1,0.1,2009-07-23 20:00:00,94.98829003802341,2009-07-28 16:00:00,94.66259396627363,94.11338052055716,,signal,17,-3256.960717497748,-300.0,-148.12067452745006,0.0,-3256.960717497748,-41.40167864918089,-0.37226257715540134,0.6838307574434248,0.4477148255410288,breakout_up
USDJPY.a,4h,-1,0.12,2009-07-28 20:00:00,94.10225154011123,2009-07-29 12:00:00,94.88306941918881,94.84060337263725,,stop,4,-9369.814548931061,-360.0,-149.5925586187837,0.0,-9369.814548931061,-120.7175193642826,-1.0575146490884757,1.364862136850264,0.11139884332626895,breakout_dn
USDJPY.a,4h,1,0.1,2009-07-30 16:00:00,95.70866391704213,2009-07-31 16:00:00,94.7838447262356,94.797732010848,,stop,6,-9248.191908065308,-300.0,-138.87284612395618,0.0,-9248.191908065308,-117.16413630173308,-1.0152451401888154,1.3158655536066692,0.1990665621928757,breakout_up
USDJPY.a,4h,1,0.11,2009-08-06 16:00:00,95.77790035328378,2009-08-11 16:00:00,96.51072791184235,94.92996195405397,,signal,18,8061.103144144255,-330.0,-203.98593946832122,0.0,8061.103144144255,100.89023111896815,0.864246222631497,0.8466421074170594,2.37293139282737,breakout_up
USDJPY.a,4h,-1,0.09,2009-08-14 16:00:00,94.83038871353202,2009-08-18 12:00:00,95.23867568244421,95.7942923888605,,signal,11,-3674.5827202097416,-270.0,-156.16228399566847,0.0,-3674.5827202097416,-46.93164228696163,-0.4235765246699122,0.44569939659332086,0.6436210685892504,breakout_dn
USDJPY.a,4h,-1,0.1,2009-08-19 16:00:00,93.96147743178392,2009-08-24 04:00:00,94.85633121087427,94.8131996540401,,stop,15,-8948.537790903543,-300.0,-131.3155683416294,0.0,-8948.537790903543,-112.47606494877574,-1.0506404032994638,1.1019115665785608,0.6240032464763515,breakout_dn
USDJPY.a,4h,-1,0.11,2009-08-27 08:00:00,93.72201185835821,2009-09-04 12:00:00,92.82741613866887,94.53718448450019,,signal,37,9840.552916582836,-330.0,-163.15505071474388,0.0,9840.552916582836,126.00281905969348,1.0974310115432453,0.4268888950414434,2.1860545867346843,breakout_dn
USDJPY.a,4h,-1,0.14,2009-09-09 20:00:00,91.93327811014971,2009-09-15 16:00:00,91.46793566438015,92.59235736849165,,signal,23,6514.79424077391,-420.00000000000006,-222.19860264377817,0.0,6514.79424077391,83.12780073326665,0.7060492951033568,0.4805520517320979,2.6298477583867164,breakout_dn
USDJPY.a,4h,-1,0.1,2009-09-16 12:00:00,90.1415983588782,2009-09-16 16:00:00,91.04588176929532,91.0017151977328,,stop,1,-9042.834104171221,-300.0,-141.66571562513556,0.0,-9042.834104171221,-114.68890775412221,-1.0513495022621913,1.4049273151435888,0.025110959235440284,breakout_dn
USDJPY.a,4h,1,0.11,2009-09-21 12:00:00,92.08804426018884,2009-09-22 08:00:00,91.23552685732199,91.24754121043274,,stop,5,-9377.691431535368,-330.0,-132.15788421836803,0.0,-9377.691431535368,-117.68326890975122,-1.0142942409480176,1.1398462628622907,0.5139252498090372,breakout_up
USDJPY.a,4h,-1,0.11,2009-09-23 04:00:00,90.8922361344857,2009-10-09 20:00:00,89.78879846185765,91.7076470553874,,signal,76,12137.814398908517,-330.0,-193.56616086818823,0.0,12137.814398908517,149.6509367364542,1.353228960200635,0.8925117960273686,3.546967621291368,breakout_dn
USDJPY.a,4h,1,0.1,2009-10-12 04:00:00,90.09847418394868,2009-10-14 04:00:00,89.1630210610322,89.17585711321868,,stop,12,-9354.53122916485,-300.0,-128.36052186481797,0.0,-9354.53122916485,-115.09023260852197,-1.0139126541158947,1.3748652872258624,0.38100944281595067,breakout_up
USDJPY.a,4h,1,0.09,2009-10-15 16:00:00,90.74983548777297,2009-10-20 08:00:00,90.14170113574193,89.75310131675654,,signal,16,-5473.209168279396,-270.0,-149.37955664533573,0.0,-5473.209168279396,-65.38703215373602,-0.6101269222172789,0.6619974582592003,0.561999907814739,breakout_up
USDJPY.a,4h,1,0.13,2009-10-23 12:00:00,91.81727023569007,2009-10-28 04:00:00,91.4435421300382,91.06551307952996,,signal,16,-4858.465373474417,-390.0,-167.9046190069027,0.0,-4858.465373474417,-58.40671329484779,-0.4971394054442245,0.6747793905696229,0.6687395792516365,breakout_up
USDJPY.a,4h,-1,0.14,2009-10-28 12:00:00,91.01341744885946,2009-11-04 12:00:00,90.94857399185014,91.66965935359609,,signal,30,907.8083981304418,-140.00000000000003,-212.07177180376613,0.0,907.8083981304418,11.003271572427924,0.09881029623571622,0.9090893873654226,2.396094241330884,breakout_dn
USDJPY.a,4h,-1,0.11,2009-11-06 20:00:00,89.80938178593593,2009-11-12 16:00:00,90.16921364203962,90.60749997612994,,signal,23,-3958.150417140658,-154.0,-136.7001248717026,0.0,-3958.150417140658,-47.1139387097568,-0.45085033836432586,0.5608420150845899,0.6532638803899269,breakout_dn
USDJPY.a,4h,1,0.15,2009-11-12 20:00:00,90.4441969533225,2009-11-13 08:00:00,89.79305753813891,89.80263579603772,,stop,3,-9767.091227753894,-195.00000000000003,-143.67386848207846,0.0,-9767.091227753894,-116.56628491460174,-1.0149296100458236,1.174006475875476,0.2459672704397423,breakout_up
USDJPY.a,4h,-1,0.16,2009-11-16 20:00:00,89.28669960629081,2009-12-01 08:00:00,87.39430537928297,89.87881163022107,,signal,63,30278.307632125463,-160.0,-361.77213705460986,0.0,30278.307632125463,381.847399295662,3.1960070907642066,0.407524900621877,7.545362069555028,breakout_dn
USDJPY.a,4h,1,0.1,2009-12-03 04:00:00,87.87978455085086,2009-12-08 16:00:00,88.30640654286947,86.93658683144528,,signal,21,4266.219920186103,-140.0,-191.86914261069646,0.0,4266.219920186103,53.09327871704913,0.45231448639154626,0.25740578656600793,3.0494300293281045,breakout_up
USDJPY.a,4h,-1,0.09,2009-12-09 12:00:00,87.67230794951811,2009-12-11 04:00:00,88.67022464019828,88.6470669749719,,stop,10,-8981.250216121538,-90.0,-118.41898703738585,0.0,-8981.250216121538,-110.57993928355008,-1.0237573232169843,1.2481977788463758,0.10906074911039726,breakout_dn
USDJPY.a,4h,1,0.1,2009-12-11 16:00:00,89.39334617845053,2009-12-14 04:00:00,88.47119418508596,88.48571924378993,,stop,3,-9221.519933645654,-150.0,-145.2505870397058,0.0,-9221.519933645654,-114.79651585363612,-1.016003335896371,1.0911379341346417,0.4469389416050881,breakout_up
USDJPY.a,4h,1,0.1,2009-12-15 20:00:00,89.8492678055974,2009-12-18 00:00:00,88.97400699318081,88.98708247412638,,stop,13,-8752.608124165989,-170.0,-130.75480945577291,0.0,-8752.608124165989,-109.81179703422202,-1.0151655107878779,1.0244523692956105,0.5923693848179978,breakout_up
USDJPY.a,4h,1,0.09,2009-12-18 16:00:00,90.48446861709161,2009-12-24 12:00:00,91.1379566571571,89.53337969782717,,signal,23,5881.392360589472,-144.0,-126.78017117192263,0.0,5881.392360589472,72.84229288593039,0.6870945784658066,0.25809218477852397,1.449424291447467,breakout_up
USDJPY.a,4h,1,0.17,2009-12-29 20:00:00,92.08016801632985,2010-01-05 08:00:00,91.68472586614081,91.53505977986275,,signal,20,-6722.516553213694,-170.0,-247.32055121209808,0.0,-6722.516553213694,-80.08336847201055,-0.7254378557035565,0.8295013468524973,2.065336585201462,breakout_up
USDJPY.a,4h,-1,0.12,2010-01-05 20:00:00,91.53148141687733,2010-01-06 08:00:00,92.33907040516131,92.31761664398026,,stop,3,-9691.06785940778,-120.0,-137.44513417247106,0.0,-9691.06785940778,-115.38774861984544,-1.0272901664260885,1.0462812945729716,0.034957620432042556,breakout_dn
USDJPY.a,4h,-1,0.1,2010-01-12 16:00:00,91.34621476082326,2010-01-14 12:00:00,91.89196250818169,92.31325652672584,,signal,11,-5457.477473584334,-100.0,-179.250163633535,0.0,-5457.477473584334,-63.84814994801761,-0.5643476492962692,0.7143282364149084,0.626875469290056,breakout_dn
USDJPY.a,4h,-1,0.13,2010-01-19 08:00:00,90.46405801347065,2010-01-19 16:00:00,91.19228416022845,91.17144470316114,,stop,2,-9466.939907851469,-130.0,-140.91294187491982,0.0,-9466.939907851469,-112.82088218707227,-1.0294597811508563,1.1209455847639649,0.21778472187263168,breakout_dn
USDJPY.a,4h,1,0.14,2010-01-21 08:00:00,91.61849190531663,2010-01-21 16:00:00,90.9356607838107,90.94833327359521,,stop,2,-9559.635701082983,-140.00000000000003,-177.4148569830087,0.0,-9559.635701082983,-114.19302869452177,-1.0189096867288794,2.256916248965613,0.37231199133025905,breakout_up
USDJPY.a,4h,-1,0.1,2010-01-22 04:00:00,89.85848155489394,2010-01-29 12:00:00,90.76115729016337,90.73837101142198,,stop,32,-9026.757352694261,-100.0,-127.86278741387139,0.0,-9026.757352694261,-111.94892037248306,-1.0258967516570834,1.0711782464414963,0.8256509377445765,breakout_dn
USDJPY.a,4h,1,0.1,2010-01-29 16:00:00,90.67389531541133,2010-02-04 16:00:00,89.7832944653438,89.79758141724086,,stop,24,-8906.008500675283,-100.0,-142.86951897068585,0.0,-8906.008500675283,-112.50674961594287,-1.016303463778094,2.3985643954747062,0.6745353301171614,breakout_up
USDJPY.a,4h,-1,0.08,2010-02-04 20:00:00,89.09163283930181,2010-02-09 12:00:00,89.70761994395461,90.05446345980458,,signal,16,-4927.89683722242,-80.0,-121.91910327366939,0.0,-4927.89683722242,-63.16072820241624,-0.6397668411616844,0.8032224404063392,0.2862734456428863,breakout_dn
USDJPY.a,4h,1,0.16,2010-02-17 12:00:00,90.6258541842865,2010-02-22 20:00:00,91.14709872204683,90.06431861530137,,signal,20,8339.91260416542,-160.0,-220.84089450103556,0.0,8339.91260416542,101.61385194833532,0.9282484789029452,0.21165922668318088,2.6982187761531726,breakout_up
USDJPY.a,4h,-1,0.12,2010-02-23 20:00:00,90.26167023681197,2010-03-04 20:00:00,89.12579243257483,91.0055129587117,,signal,36,13630.533650845677,-144.0,-163.01838179567815,0.0,13630.533650845677,169.99911694772777,1.5270402879471103,0.12143664316206501,2.8576877533776357,breakout_dn
USDJPY.a,4h,1,0.12,2010-03-05 16:00:00,90.1478031788615,2010-03-09 12:00:00,89.73058247918262,89.38227304568557,,signal,11,-5006.648396146545,-108.00000000000001,-154.02049961705498,0.0,-5006.648396146545,-61.525892799989784,-0.5450088528167655,0.6763981669974325,0.6638495326502338,breakout_up
USDJPY.a,4h,1,0.14,2010-03-12 16:00:00,90.95983722033627,2010-03-12 16:00:00,90.31504351789849,90.32529934840288,,stop,0,-9027.111834128933,-182.00000000000003,-143.58162706143656,0.0,-9027.111834128933,-108.31878113230853,-1.016162676741646,1.0666616608304167,0.1893705403234683,breakout_up
USDJPY.a,4h,-1,0.15,2010-03-16 08:00:00,90.0807619619156,2010-03-16 12:00:00,90.69715757752074,90.6774810244746,,stop,1,-9245.93423407714,-150.0,-145.14829569207507,0.0,-9245.93423407714,-111.4530403741284,-1.032974567565777,1.0896887310686516,0.013007732453390151,breakout_dn
USDJPY.a,4h,1,0.15,2010-03-24 12:00:00,91.25461040184959,2010-03-30 04:00:00,92.17766062944423,90.65026441619906,,signal,22,13845.753413919652,-165.0,-190.18111667294988,0.0,13845.753413919652,163.50751572214557,1.5273539487501706,0.16316878773247465,2.803674779648859,breakout_up
USDJPY.a,4h,1,0.14,2010-03-31 04:00:00,93.13152004411067,2010-04-06 12:00:00,93.81280465241542,92.48868755731212,,signal,26,9537.984516266504,-168.00000000000003,-173.46973236805857,0.0,9537.984516266504,109.81895809296903,1.0598167054339402,0.44727055650623865,2.413505832003052,breakout_up
USDJPY.a,4h,-1,0.14,2010-04-08 00:00:00,93.3222960733671,2010-04-14 12:00:00,93.50386777646155,94.02211517585002,,signal,27,-2542.0038433222776,-154.0,-192.29774092344724,0.0,-2542.0038433222776,-29.14113071557743,-0.25945519699339725,0.6483160076985337,1.074986479645955,breakout_dn
USDJPY.a,4h,-1,0.11,2010-04-16 20:00:00,91.99221935944281,2010-04-20 08:00:00,92.82253702655716,92.79922282923576,,stop,9,-9133.494338257777,-143.0,-113.45617053535898,0.0,-9133.494338257777,-106.43213219534813,-1.0288898352907694,1.1124867168012698,0.4922151816084881,breakout_dn
USDJPY.a,4h,1,0.13,2010-04-23 00:00:00,93.49598404050218,2010-04-27 16:00:00,93.56056811986319,92.76348794591853,,signal,16,839.5930316931555,-169.00000000000003,-193.22888355703145,0.0,839.5930316931555,9.720303627845412,0.0881698617078925,0.2593652606573529,1.1658983110117933,breakout_up
USDJPY.a,4h,1,0.15,2010-04-30 12:00:00,94.38730919382886,2010-05-03 00:00:00,93.92559936631123,93.7297791261232,,signal,3,-6925.647412764349,-225.0,-192.01901066322912,0.0,-6925.647412764349,-79.86613437015573,-0.7021881586779574,0.8567048436194525,0.2900107775094358,breakout_up
USDJPY.a,4h,1,0.14,2010-05-03 20:00:00,94.72743279259424,2010-05-05 16:00:00,94.0475455362069,94.05808387446615,,stop,11,-9518.421589422845,-182.00000000000003,-147.53673562961393,0.0,-9518.421589422845,-111.60922311926167,-1.0157441626838268,1.0449449810874067,0.37434468125606235,breakout_up
USDJPY.a,4h,-1,0.12,2010-05-06 00:00:00,93.80159663549043,2010-05-13 12:00:00,93.32713367562553,94.54751617795407,,signal,33,5693.555518378729,-168.0,-267.20821501269944,0.0,5693.555518378729,68.12886671004364,0.6360779318072666,0.22844737911914176,7.437258738613685,breakout_dn
USDJPY.a,4h,-1,0.08,2010-05-14 20:00:00,92.05082682954142,2010-05-18 12:00:00,92.78318809077344,93.11487989554071,,signal,11,-5858.890089856118,-80.0,-147.0094523749071,0.0,-5858.890089856118,-72.34592231813214,-0.6882751289704042,0.8563230534022924,0.27519946034497983,breakout_dn
USDJPY.a,4h,-1,0.09,2010-05-19 04:00:00,91.60545693876041,2010-05-24 16:00:00,90.51069087037239,92.55725274887862,,signal,22,9852.89461549223,-90.0,-228.43566670292384,0.0,9852.89461549223,131.50493959661173,1.1502110607652871,0.5647672069210159,2.7426648772872704,breakout_dn
USDJPY.a,4h,1,0.08,2010-05-27 20:00:00,90.783365542463,2010-06-01 12:00:00,90.62380472998012,89.80440311936957,,signal,17,-1276.48649986304,-112.0,-131.12432031822996,0.0,-1276.48649986304,-16.914525655150403,-0.16298972127927228,0.2557458147084625,0.8382696191176207,breakout_up
USDJPY.a,4h,1,0.09,2010-06-02 16:00:00,91.91287113708849,2010-06-04 20:00:00,91.73947023784041,91.00641600585438,,signal,13,-1560.6080932327159,-153.0,-153.53571887273463,0.0,-1560.6080932327159,-20.663584398003827,-0.19129562321744434,0.2944118554717094,1.0636255780237862,breakout_up
USDJPY.a,4h,1,0.11,2010-06-14 04:00:00,91.79509139114685,2010-06-17 12:00:00,91.02745166074197,91.03700403033957,,stop,20,-8444.037034453686,-154.0,-105.07606557358602,0.0,-8444.037034453686,-106.87193234353211,-1.0126006184662246,1.0897047409775609,0.40748418298939904,breakout_up
USDJPY.a,4h,-1,0.13,2010-06-17 16:00:00,91.05021805691577,2010-06-21 12:00:00,91.22327852035968,91.69082463983992,,signal,12,-2249.7860247709273,-130.0,-163.24152935184068,0.0,-2249.7860247709273,-27.899238534437064,-0.27015092891171316,0.23693472269891178,1.1945210638061385,breakout_dn
USDJPY.a,4h,-1,0.16,2010-06-23 16:00:00,90.15276491262294,2010-07-08 08:00:00,88.29581586173741,90.69016325599087,,signal,64,29711.18481416852,-96.0,-218.1075755969194,0.0,29711.18481416852,385.61555651647035,3.4554424549354934,0.08231340480105556,5.935568935014561,breakout_dn
USDJPY.a,4h,1,0.14,2010-07-12 04:00:00,89.05054110276868,2010-07-12 16:00:00,88.45000598928041,88.4584966249124,,stop,3,-8407.491588835683,-112.00000000000001,-118.86889884772452,0.0,-8407.491588835683,-108.40162033248703,-1.0143412124418925,1.1258294396768003,0.15954696102114552,breakout_up
USDJPY.a,4h,-1,0.11,2010-07-15 16:00:00,87.6684878917016,2010-07-20 20:00:00,87.24240713270949,88.3980732013656,,signal,19,4686.888348913257,-143.0,-162.95691960884443,0.0,4686.888348913257,60.8174672597674,0.5840040271484329,0.1295422304239224,1.9277908601933522,breakout_dn
USDJPY.a,4h,-1,0.11,2010-07-22 08:00:00,86.46083162488792,2010-07-22 16:00:00,87.20856056551736,87.18744039668616,,stop,2,-8225.018346923876,-110.0,-122.32185714311804,0.0,-8225.018346923876,-106.31836917612767,-1.0290667683228407,1.0282952864207244,0.17042407096386902,breakout_dn
USDJPY.a,4h,1,0.12,2010-07-26 04:00:00,87.66558365616307,2010-07-26 12:00:00,86.94374217031782,86.9542216439777,,stop,2,-8662.097830142955,-192.0,-125.75368391857604,0.0,-8662.097830142955,-110.73562582947893,-1.0147315621025237,1.1914941220423365,0.013237063092537598,breakout_up
USDJPY.a,4h,1,0.12,2010-07-27 20:00:00,87.85772600589017,2010-07-29 04:00:00,87.12947499684948,87.13943013490434,,stop,8,-8739.012108488281,-120.0,-119.46165665841212,0.0,-8739.012108488281,-112.0600958800019,-1.013859383656487,1.0354034262642198,0.35121181159456466,breakout_up
USDJPY.a,4h,-1,0.11,2010-07-29 20:00:00,86.6888642725603,2010-08-10 16:00:00,86.0980193225934,87.4200014165827,,signal,48,6499.294449635827,-121.0,-132.4250970548937,0.0,6499.294449635827,83.18669150364738,0.8081178131866075,0.38315072586588755,2.2880307562503073,breakout_dn
USDJPY.a,4h,-1,0.12,2010-08-11 16:00:00,84.89377946534717,2010-08-12 08:00:00,85.60680680784401,85.57959603953576,,stop,4,-8556.328109962124,-192.0,-134.5292196988669,0.0,-8556.328109962124,-111.40693867527109,-1.0396764518857609,1.2995027653090145,0.1177858167728528,breakout_dn
USDJPY.a,4h,-1,0.14,2010-08-24 12:00:00,84.43164160238504,2010-08-27 12:00:00,85.02526534563184,85.00467358930322,,stop,18,-8310.732405455128,-140.00000000000003,-148.28458860042923,0.0,-8310.732405455128,-110.67292932247211,-1.0359347415130487,1.1436680893496693,1.4181435259059512,breakout_dn
USDJPY.a,4h,1,0.1,2010-08-27 20:00:00,85.28869784632495,2010-08-31 04:00:00,84.46943198376421,84.48046270346748,,stop,9,-8192.658625607408,-150.0,-110.30719703272365,0.0,-8192.658625607408,-108.71344607552793,-1.0136479090283956,1.3507181121391378,0.7489183797861639,breakout_up
USDJPY.a,4h,-1,0.11,2010-08-31 08:00:00,84.25163431637417,2010-09-03 12:00:00,85.0214100827783,84.99638131355148,,stop,19,-8467.533430445514,-154.0,-121.31646149510546,0.0,-8467.533430445514,-110.17838020571793,-1.0336070763919611,1.2948903282334738,0.7863533771788211,breakout_dn
USDJPY.a,4h,1,0.11,2010-09-03 16:00:00,85.07304876190231,2010-09-03 16:00:00,84.298675575358,84.31074871821149,,stop,0,-8518.105051987406,-198.00000000000003,-132.8045713883123,0.0,-8518.105051987406,-109.54133019035595,-1.0158377832369347,1.1085513754017988,0.013054227374176457,breakout_up
USDJPY.a,4h,-1,0.14,2010-09-07 12:00:00,83.92909685548643,2010-09-10 04:00:00,84.12973694471775,84.50903094761452,,signal,16,-2808.961249238394,-140.00000000000003,-160.6344520966659,0.0,-2808.961249238394,-36.133773443684966,-0.3459705024325426,0.32400775719884584,1.01924833099119,breakout_dn
USDJPY.a,4h,-1,0.14,2010-09-14 04:00:00,83.29227337873661,2010-09-15 04:00:00,83.91672707755963,83.88463613605796,,stop,6,-8742.351783522254,-266.0,-183.2731810231994,0.0,-8742.351783522254,-110.62927331221327,-1.054174475192834,3.087173524434303,0.7145509630798522,breakout_dn
USDJPY.a,4h,1,0.09,2010-09-15 08:00:00,85.00222820188199,2010-09-21 12:00:00,85.35387383705903,84.1012705665562,,signal,25,3164.810716593323,-90.0,-92.27093293739009,0.0,3164.810716593323,39.078940952552294,0.3903020756906924,0.3054840661652882,1.0208824056254402,breakout_up
USDJPY.a,4h,-1,0.16,2010-09-22 00:00:00,85.07356263849077,2010-09-24 08:00:00,85.19826858078233,85.60156200868535,,signal,14,-1995.2950766648883,-256.0,-200.5945850339688,0.0,-1995.2950766648883,-24.72982123876254,-0.23618577848984718,0.572798716403355,1.5446280517157123,breakout_dn
USDJPY.a,4h,-1,0.17,2010-09-28 20:00:00,83.72501550526833,2010-10-19 16:00:00,81.64199278180143,84.22509943264224,,signal,90,35411.38629893725,-170.0,-169.75458124863397,0.0,35411.38629893725,445.6062676860729,4.165346273785445,0.701851180410433,5.687076407760433,breakout_dn
USDJPY.a,4h,-1,0.16,2010-10-25 12:00:00,80.52375630544283,2010-10-26 08:00:00,81.08438109884186,81.06524402923392,,stop,5,-8969.996694384463,-176.0,-130.19311372714273,0.0,-8969.996694384463,-112.10140281203287,-1.035341649989685,1.243322175142997,0.13251695706127634,breakout_dn
USDJPY.a,4h,1,0.15,2010-10-27 08:00:00,81.66680573169425,2010-10-28 12:00:00,81.0734593836478,81.0822288944657,,stop,7,-8900.195220696787,-225.0,-131.54266226851632,0.0,-8900.195220696787,-111.99441248093505,-1.0150014681722164,1.0825022330586085,0.5272091685446736,breakout_up
USDJPY.a,4h,-1,0.15,2010-10-29 08:00:00,80.58130433651144,2010-11-01 00:00:00,81.17749267255007,81.15137914492237,,stop,4,-8942.82504057955,-240.0,-151.70291441535653,0.0,-8942.82504057955,-113.12336628866254,-1.04580719449872,1.453661258596078,0.5022223965824738,breakout_dn
USDJPY.a,4h,1,0.12,2010-11-10 00:00:00,81.70677157076805,2010-11-23 20:00:00,82.81892746858361,81.00275391728741,,signal,61,13345.870773786657,-156.0,-121.74075399317674,0.0,13345.870773786657,165.22511782725854,1.579727287117135,0.22836298205477842,3.024396360950731,breakout_up
USDJPY.a,4h,1,0.18,2010-11-26 20:00:00,84.02743656084004,2010-11-30 12:00:00,83.54380312810427,83.55075498645854,,stop,11,-8705.401789243893,-234.00000000000003,-125.13345037685689,0.0,-8705.401789243893,-107.9868581611379,-1.01458386211653,1.2554220532155431,0.7773815038702953,breakout_up
USDJPY.a,4h,-1,0.18,2010-11-30 16:00:00,83.4251793257807,2010-12-01 12:00:00,83.91047905979372,83.892457223618,,stop,5,-8735.395212234209,-180.0,-144.3930511627898,0.0,-8735.395212234209,-108.15312405094613,-1.0385677051260729,1.7437603575742315,0.10310636562032437,breakout_dn
USDJPY.a,4h,-1,0.13,2010-12-03 16:00:00,82.59802371690971,2010-12-07 16:00:00,83.29966942079663,83.28029202510872,,stop,13,-9121.394150530024,-130.0,-121.90614394273663,0.0,-9121.394150530024,-110.93885990161056,-1.0284014301339337,1.0640627365598332,0.3840479086612928,breakout_dn
USDJPY.a,4h,1,0.13,2010-12-08 08:00:00,83.939357517844,2010-12-13 20:00:00,83.28430321491845,83.29288269372395,,stop,22,-8515.705938032143,-130.0,-111.53322447143475,0.0,-8515.705938032143,-102.56192228776551,-1.0132711723417522,1.2952670183000095,0.6228277840580343,breakout_up
USDJPY.a,4h,-1,0.15,2010-12-14 00:00:00,83.37142317978707,2010-12-15 08:00:00,83.97189213861998,83.95296525369966,,stop,8,-9007.034382493586,-150.0,-133.903273804759,0.0,-9007.034382493586,-108.3751063617514,-1.0325460285151506,1.0980750127271424,0.9172563838730243,breakout_dn
USDJPY.a,4h,-1,0.18,2010-12-21 04:00:00,83.61241809530438,2011-01-03 20:00:00,81.56037471323829,84.08966665952971,,signal,60,36936.78087718959,-180.0,-157.48967657789152,0.0,36936.78087718959,443.9344214118687,4.2997371514295635,0.6046784135726887,5.61220775939256,breakout_dn
USDJPY.a,4h,1,0.19,2011-01-04 04:00:00,81.87163758437383,2011-01-10 20:00:00,82.73368569312487,81.40549091358878,,signal,29,16378.914066269757,-190.0,-201.94366125517726,0.0,16378.914066269757,198.50863352560208,1.849306586914458,0.4089648094081066,3.8665135430244906,breakout_up
USDJPY.a,4h,-1,0.17,2011-01-14 08:00:00,82.52747655810487,2011-01-14 20:00:00,83.06981466417054,83.05113989639888,,stop,3,-9219.747803116405,-170.0,-147.4710521180573,0.0,-9219.747803116405,-112.09441823269647,-1.0356617819236595,1.0150098412975108,0.22815528483260625,breakout_dn
USDJPY.a,4h,-1,0.16,2011-01-19 04:00:00,82.1887034645423,2011-01-20 12:00:00,82.7562208245886,82.73878074159867,,stop,8,-9080.277760740728,-144.00000000000003,-135.04132783865825,0.0,-9080.277760740728,-111.02223996508016,-1.0317047871587213,1.0167599331691457,0.623009673070307,breakout_dn
USDJPY.a,4h,-1,0.17,2011-01-26 00:00:00,82.23683526063017,2011-01-27 08:00:00,82.77991487556174,82.76066423982765,,stop,8,-9232.35345383671,-170.0,-157.26080747950584,0.0,-9232.35345383671,-112.87998351328581,-1.036749848707471,1.8310646746564123,0.4979397303100387,breakout_dn
USDJPY.a,4h,-1,0.16,2011-02-01 08:00:00,81.88959425670289,2011-02-04 16:00:00,82.43779529616846,82.4171569704566,,stop,20,-8771.216631449079,-176.0,-154.21321138985277,0.0,-8771.216631449079,-105.32270872297444,-1.0391201371397378,1.0584632475709603,1.4417134434901842,breakout_dn
USDJPY.a,4h,1,0.13,2011-02-04 20:00:00,82.43635372544067,2011-02-08 16:00:00,81.77358652404804,81.78144495254229,,stop,11,-8615.973618104137,-130.0,-102.15957042522822,0.0,-8615.973618104137,-103.46681501723991,-1.01199927198939,1.0098409928359315,0.03457928110981212,breakout_up
USDJPY.a,4h,1,0.15,2011-02-09 12:00:00,82.62021700505608,2011-02-17 16:00:00,83.42824071228237,82.05116868626921,,signal,38,12120.35560839446,-150.0,-142.77863152912877,0.0,12120.35560839446,144.7157263493643,1.4199562331523792,0.7314264734906853,2.361456752580655,breakout_up
USDJPY.a,4h,-1,0.19,2011-02-18 20:00:00,83.1354045879031,2011-03-01 08:00:00,82.21543293343701,83.6116597642814,,signal,40,17479.46143485555,-190.0,-168.4514706066535,0.0,17479.46143485555,209.2109954318247,1.9316780165247451,0.8222386475141427,3.1903161650807816,breakout_dn
USDJPY.a,4h,1,0.18,2011-03-03 20:00:00,82.44972804642853,2011-03-07 12:00:00,82.07239796637569,81.95144115385159,,signal,11,-6791.941440951177,-162.00000000000003,-165.67321047491328,0.0,-6791.941440951177,-81.43990165740102,-0.7572546773234221,0.8242802541010226,1.1565063463564405,breakout_up
USDJPY.a,4h,1,0.2,2011-03-10 16:00:00,83.06626338883358,2011-03-11 08:00:00,82.61784595855912,82.62548120253854,,stop,4,-8968.348605489211,-260.0,-152.70487958841247,0.0,-8968.348605489211,-107.79085666096405,-1.0173220339133926,1.1757811566519925,0.5007838747337203,breakout_up
USDJPY.a,4h,-1,0.15,2011-03-11 16:00:00,82.13698450261047,2011-03-18 04:00:00,81.31766283737572,82.70451510348795,,signal,28,12289.824978521296,-225.0,-499.8851212716358,0.0,12289.824978521296,151.7813301760485,1.4436607717151748,0.5092509495394127,10.101630632333384,breakout_dn
USDJPY.a,4h,1,0.16,2011-03-25 12:00:00,81.30081281087213,2011-04-11 12:00:00,84.5479247368004,80.73677421377141,,signal,68,51953.79081485226,-144.00000000000003,-194.4084223875644,0.0,51953.79081485226,582.2130612239159,5.756896678027225,0.7620273028857723,7.469678867340926,breakout_up
USDJPY.a,4h,-1,0.15,2011-04-12 04:00:00,84.28406559786953,2011-04-27 16:00:00,82.31135156934025,84.90493561405053,,signal,70,29590.710427939226,-150.0,-190.5470802072987,0.0,29590.710427939226,332.05094262390946,3.1773382143069684,0.22055244827696438,4.864247779987972,breakout_dn
USDJPY.a,4h,1,0.15,2011-04-27 20:00:00,82.44857931438736,2011-04-28 04:00:00,81.78549425884711,81.79584306597567,,stop,2,-9946.275833103755,-150.0,-155.23210692841664,0.0,-9946.275833103755,-111.14585659158993,-1.0158545004260868,1.273989787469061,0.06345700229369101,breakout_up
USDJPY.a,4h,-1,0.18,2011-05-03 08:00:00,80.97770573872506,2011-05-06 16:00:00,80.74211537876249,81.5223050603777,,signal,20,4240.626479326294,-162.00000000000003,-256.1536354497876,0.0,4240.626479326294,48.954740001273414,0.4325939284089626,0.38614491960214,2.562812113848514,breakout_dn
USDJPY.a,4h,1,0.15,2011-05-11 16:00:00,81.13664899582115,2011-05-13 04:00:00,80.48770638815346,80.49741583464677,,stop,9,-9734.139115015381,-150.0,-145.6416973998165,0.0,-9734.139115015381,-113.05117150696623,-1.015189209639062,1.0288092604785102,0.2930871168114256,breakout_up
USDJPY.a,4h,1,0.16,2011-05-17 12:00:00,81.72681052890337,2011-05-18 04:00:00,81.12303446998145,81.1318661180972,,stop,4,-9660.416942750771,-96.0,-141.30636985185086,0.0,-9660.416942750771,-111.70768690548627,-1.0148444929565394,1.265345997423983,0.05746666491125788,breakout_up
USDJPY.a,4h,1,0.16,2011-05-19 12:00:00,81.92782873748564,2011-05-23 08:00:00,81.33206223931828,81.34152057847126,,stop,11,-9532.263970677832,-96.0,-151.33342644770346,0.0,-9532.263970677832,-110.15391180496474,-1.0161320271730232,1.040116409962302,0.5136740089386552,breakout_up
USDJPY.a,4h,-1,0.15,2011-05-26 16:00:00,81.22290253704476,2011-05-31 12:00:00,81.52545731552597,81.84580370287203,,signal,18,-4538.321677218135,-135.00000000000003,-163.71946577919385,0.0,-4538.321677218135,-52.16064152324998,-0.48571875456259134,0.8670676707402591,0.834646916022828,breakout_dn
USDJPY.a,4h,-1,0.17,2011-06-03 12:00:00,80.55401742252002,2011-06-10 00:00:00,80.37375014203037,81.10827757476734,,signal,27,3064.543768323958,-255.0,-161.50482903285388,0.0,3064.543768323958,35.8884670195994,0.32523947420489513,0.24894912058986188,1.5516493816720514,breakout_dn
USDJPY.a,4h,1,0.21,2011-06-13 08:00:00,80.54328867297707,2011-06-14 00:00:00,80.09758504484306,80.10391214093184,,stop,4,-9359.776190814258,-315.0,-132.86901786449351,0.0,-9359.776190814258,-109.98198756086032,-1.014400168482669,1.0430431294175246,0.0038948985622096763,breakout_up
USDJPY.a,4h,1,0.21,2011-06-15 12:00:00,80.73865890122644,2011-06-17 12:00:00,80.42111733244043,80.29173371407441,,signal,12,-6668.372944506259,-210.0,-205.07203750214725,0.0,-6668.372944506259,-78.48928364258124,-0.7105027371795734,0.7823656201938396,0.6899165847832679,breakout_up
USDJPY.a,4h,1,0.25,2011-06-23 04:00:00,80.5127184356062,2011-06-24 12:00:00,80.13057107052488,80.1369377039471,,stop,8,-9553.68412703308,-225.00000000000003,-159.1658355552787,0.0,-9553.68412703308,-112.57357358457537,-1.0169424158447626,1.0078176013286446,0.7298978933348322,breakout_up
USDJPY.a,4h,1,0.21,2011-06-27 20:00:00,80.92501892449722,2011-06-30 04:00:00,80.48877685470572,80.49550043876086,,stop,14,-9161.083465621587,-210.0,-141.1952651578957,0.0,-9161.083465621587,-106.25856618948362,-1.0156537710911573,1.4039417266602738,0.7752427114560843,breakout_up
USDJPY.a,4h,-1,0.2,2011-06-30 08:00:00,80.36063206701348,2011-06-30 16:00:00,80.8315303197239,80.8142389370092,,stop,2,-9417.965054208253,-200.0,-145.82765429400817,0.0,-9417.965054208253,-108.92665293509437,-1.0381197549209655,1.058996158922932,0.23287140032620557,breakout_dn
USDJPY.a,4h,1,0.22,2011-07-07 16:00:00,81.27408499806825,2011-07-08 12:00:00,80.84223548935974,80.84915405419065,,stop,5,-9500.689191587213,-220.0,-152.20842628008168,0.0,-9500.689191587213,-108.66028042624914,-1.016281621591918,1.6804730471074796,0.45399141839696483,breakout_up
USDJPY.a,4h,-1,0.2,2011-07-08 16:00:00,80.6154070789142,2011-08-01 04:00:00,78.00692482400505,81.07623765539418,,signal,97,52169.64509818297,-180.00000000000003,-276.9929602022006,0.0,52169.64509818297,606.7631065670367,5.660393185786101,0.45915555929911006,8.448673498737268,breakout_dn
USDJPY.a,4h,1,0.09,2011-08-04 08:00:00,79.26786739623354,2011-08-08 00:00:00,78.14509953118606,78.31366502100461,,stop_gap,11,-10104.910785427306,-171.0,-134.10421932538694,0.0,-10104.910785427306,-123.47910748570938,-1.1766559109414345,1.4104632635300716,1.006214854093294,breakout_up
USDJPY.a,4h,-1,0.1,2011-08-10 00:00:00,76.93336085289322,2011-08-19 04:00:00,76.89945031816247,77.81198507303723,,signal,43,339.10534730750896,-280.0,-89.0063632490763,0.0,339.10534730750896,4.288870289697855,0.0385950375066971,0.41501149040373175,0.7174407880423485,breakout_dn
USDJPY.a,4h,-1,0.18,2011-08-19 12:00:00,76.39236834811503,2011-08-22 00:00:00,76.87826775675072,76.85610097222786,,stop,4,-8746.189355442395,-270.0,-129.00212141142387,0.0,-8746.189355442395,-109.84867963923547,-1.0478007872861206,1.0235028272875801,0.9388348489561938,breakout_dn
USDJPY.a,4h,1,0.17,2011-08-25 20:00:00,77.6650376352957,2011-08-26 08:00:00,77.13651072761517,77.14387004507763,,stop,3,-8984.957430568998,-170.0,-125.1083968619079,0.0,-8984.957430568998,-111.2923568338991,-1.014120827159225,1.4717677186617826,0.045978232633887596,breakout_up
USDJPY.a,4h,1,0.17,2011-09-01 04:00:00,77.11304694158652,2011-09-02 12:00:00,76.59384314530233,76.60109859837613,,stop,8,-8826.464536831196,-170.0,-123.34270225453454,0.0,-8826.464536831196,-107.46947668164553,-1.014172236652428,1.1525517162266392,0.11515431038176377,breakout_up
USDJPY.a,4h,1,0.18,2011-09-09 12:00:00,77.78454011312517,2011-09-09 16:00:00,77.3011426597225,77.3089878172897,,stop,1,-8701.154161248127,-180.0,-141.21283620954605,0.0,-8701.154161248127,-106.93805635964655,-1.0164969397391315,1.462594375458165,0.13554742020871355,breakout_up
USDJPY.a,4h,-1,0.15,2011-09-12 12:00:00,76.83552269584027,2011-09-22 08:00:00,76.7662222442621,77.39070967873927,,signal,47,1039.5067736725848,-150.0,-156.6673278624159,0.0,1039.5067736725848,13.510979710958022,0.12482362467561535,0.9717038057030091,1.2887958793703007,breakout_dn
USDJPY.a,4h,1,0.14,2011-09-30 20:00:00,77.15915384689649,2011-10-03 16:00:00,76.59544998956135,76.60335494961072,,stop,5,-7891.854002691986,-140.00000000000003,-110.66944069131617,0.0,-7891.854002691986,-107.11075290794008,-1.014222698332035,1.1679653379425727,0.16165226944902167,breakout_up
USDJPY.a,4h,-1,0.28,2011-10-12 12:00:00,76.4520236496846,2011-10-12 12:00:00,76.77026379020768,76.75129926473458,,stop,0,-8910.72393464606,-364.00000000000006,-167.0067132464892,0.0,-8910.72393464606,-114.81498959575379,-1.0633680945570116,2.79333266151933,0.05020004614174377,breakout_dn
USDJPY.a,4h,1,0.2,2011-10-12 16:00:00,77.19911518243573,2011-10-13 08:00:00,76.78085534777352,76.78736496846074,,stop,4,-8365.196693244172,-180.00000000000003,-130.1924137442582,0.0,-8365.196693244172,-106.5374212476346,-1.015809635226095,1.0348875798316208,0.6821728514786565,breakout_up
USDJPY.a,4h,-1,0.2,2011-10-21 16:00:00,76.1756227386955,2011-10-31 04:00:00,76.6134698312974,76.58516660202413,,stop,35,-8756.941852037982,-300.0,-266.0645854652858,0.0,-8756.941852037982,-105.1866496645136,-1.0691091524195322,8.075758319080274,1.4787738089229352,breakout_dn
USDJPY.a,4h,1,0.09,2011-10-31 08:00:00,79.21464390383584,2011-10-31 08:00:00,78.2921521926953,78.30811804844905,,stop,0,-8302.425400264838,-90.0,-143.69270178370857,0.0,-8302.425400264838,-99.34812807764344,-1.0176121350084781,1.5196962068423627,0.3401514632283643,breakout_up
USDJPY.a,4h,-1,0.28,2011-11-08 20:00:00,77.77294087914463,2011-11-22 04:00:00,77.17330015680791,78.07813609211676,,signal,57,16789.94022542804,-420.00000000000006,-184.8087812431868,0.0,16789.94022542804,220.70867213926093,1.964777613964279,0.34095921702699816,3.9710350216248798,breakout_dn
USDJPY.a,4h,1,0.2,2011-11-23 20:00:00,77.38739516496683,2011-11-30 16:00:00,77.35384406044636,77.00282838818751,,signal,30,-671.0220904093944,-320.0,-206.2375821454306,0.0,-671.0220904093944,-8.41916762805621,-0.08724389766961706,0.9969534242601319,2.2976629505887067,breakout_up
USDJPY.a,4h,-1,0.28,2011-12-08 12:00:00,77.37484290190139,2011-12-08 16:00:00,77.7093105884654,77.67568748754233,,stop,1,-9365.09522379231,-784.0000000000001,-157.4468258456886,0.0,-9365.09522379231,-118.04967423048566,-1.1117623601283444,1.3500562000585967,0.8038798550625396,breakout_dn
USDJPY.a,4h,1,0.25,2011-12-12 12:00:00,77.85328589978778,2011-12-15 16:00:00,77.76165106655293,77.52236463823945,,signal,19,-2290.8708308712276,-700.0,-167.44667235358068,0.0,-2290.8708308712276,-29.547587850775646,-0.27690826756221343,0.6505653301951213,0.8724555770800946,breakout_up
USDJPY.a,4h,1,0.27,2011-12-22 16:00:00,78.20775332288456,2011-12-26 12:00:00,77.96276187141665,77.90056522781632,,signal,10,-6614.769189633593,-270.0,-120.85894350133927,0.0,-6614.769189633593,-83.55456304780081,-0.797529121086175,0.8390732812327718,0.010569019983409691,breakout_up
USDJPY.a,4h,-1,0.4,2011-12-27 16:00:00,77.81498854091481,2011-12-28 16:00:00,78.0381311291432,78.02415713224973,,stop,6,-8925.703529135377,-400.0,-158.95987573836592,0.0,-8925.703529135377,-113.24407184367658,-1.0668073385410641,1.0088104420386854,1.2477424992403432,breakout_dn
USDJPY.a,4h,-1,0.29,2011-12-30 08:00:00,77.50520808008332,2012-01-05 16:00:00,77.021918972994,77.78897599102584,,signal,27,14015.384105590272,-261.0,-169.30043365191426,0.0,14015.384105590272,177.35100316545717,1.7031140183684224,0.4573875865159995,3.2005312970969024,breakout_dn
USDJPY.a,4h,1,0.27,2012-01-05 20:00:00,77.16291333206586,2012-01-09 00:00:00,76.79153993551999,76.85810270060016,,stop_gap,8,-10027.081706738301,-405.0,-120.421740960202,0.0,-10027.081706738301,-127.4150227537627,-1.2183741582768721,1.243110616725615,0.5284811332188395,breakout_up
USDJPY.a,4h,-1,0.35,2012-01-12 20:00:00,76.6727410773698,2012-01-13 16:00:00,76.9198753119717,76.90826859094363,,stop,5,-8649.698211066052,-280.0,-126.2352359822228,0.0,-8649.698211066052,-109.29265196586906,-1.049279682241543,1.355505850615296,0.09655380394729443,breakout_dn
USDJPY.a,4h,-1,0.37,2012-01-17 12:00:00,76.63551588349652,2012-01-18 16:00:00,76.87475417231434,76.86228946960544,,stop,7,-8851.816686259199,-333.00000000000006,-128.19400022907303,0.0,-8851.816686259199,-111.0159028391914,-1.054965408109347,1.0163622688965832,0.39914650136126223,breakout_dn
USDJPY.a,4h,1,0.28,2012-01-19 20:00:00,77.24182803785828,2012-01-20 16:00:00,76.9430280504405,76.94774976910827,,stop,5,-8366.399647697848,-252.00000000000006,-132.20812269740318,0.0,-8366.399647697848,-103.62800719301879,-1.0160559931471196,1.1181650356416284,0.19101024492723842,breakout_up
USDJPY.a,4h,1,0.24,2012-01-24 16:00:00,77.72639618151432,2012-01-26 12:00:00,77.43957355693287,77.37633429845762,,signal,11,-6883.742989954725,-216.00000000000003,-212.46926722250623,0.0,-6883.742989954725,-83.25196676560114,-0.8193483451467145,0.9066859229083956,1.5728756689471017,breakout_up
USDJPY.a,4h,-1,0.17,2012-01-27 16:00:00,76.84908649661709,2012-02-03 16:00:00,76.54829127038882,77.34383882585111,,signal,31,5113.518845880662,-170.0,-111.90319321947584,0.0,5113.518845880662,62.18838019963205,0.6079713190920585,0.09077977147161852,1.679803100480171,breakout_dn
USDJPY.a,4h,1,0.26,2012-02-06 08:00:00,76.74821699431422,2012-03-06 12:00:00,80.91683724908331,76.42001599693107,,signal,129,108384.12662399648,-260.0,-320.4630476678958,0.0,108384.12662399648,1264.539612718298,12.70142470012836,0.7593425867115293,15.58430061598706,breakout_up
USDJPY.a,4h,-1,0.14,2012-03-06 20:00:00,80.65964324028101,2012-03-08 00:00:00,81.32422701138923,81.30011258512124,,stop,7,-9304.172795514974,-210.00000000000003,-127.60196775170226,0.0,-9304.172795514974,-108.3661399383082,-1.037651179501809,1.0778919635743045,0.1274740796554091,breakout_dn
USDJPY.a,4h,1,0.16,2012-03-09 08:00:00,81.79060240378725,2012-03-13 08:00:00,82.06595977272838,81.2255872844517,,signal,13,4405.7179030580755,-144.00000000000003,-193.28727269217973,0.0,4405.7179030580755,50.80739697305033,0.4873451338168622,0.5691925627856789,1.494469028024898,breakout_up
USDJPY.a,4h,1,0.15,2012-03-14 00:00:00,82.89005725664059,2012-03-19 12:00:00,83.01438053517161,82.26768005408992,,signal,21,1864.8491779653398,-135.00000000000003,-198.5839448514881,0.0,1864.8491779653398,21.19109263717371,0.19975551485740964,0.04347404842224475,2.0517183761329374,breakout_up
USDJPY.a,4h,1,0.16,2012-03-21 16:00:00,83.98009776252061,2012-03-21 20:00:00,83.38687874613723,83.3958563439338,,stop,1,-9491.504262134185,-160.0,-143.64156474512768,0.0,-9491.504262134185,-108.92904309123803,-1.0153662467448616,1.1846092052061137,0.0,breakout_up
USDJPY.a,4h,-1,0.14,2012-03-22 12:00:00,82.7973224212018,2012-03-27 16:00:00,83.1433965061844,83.44704694749916,,signal,19,-4845.037189756454,-140.00000000000003,-179.10217316305082,0.0,-4845.037189756454,-55.38601076795529,-0.5326474082097596,0.6536271321298899,1.2533348953939594,breakout_dn
USDJPY.a,4h,-1,0.14,2012-03-29 12:00:00,82.41881990196636,2012-03-31 00:00:00,82.89142822489485,83.04093363439247,,signal,9,-6616.5165209989145,-490.0000000000001,-179.99029705611434,0.0,-6616.5165209989145,-77.21261322857977,-0.7596815474325234,0.7300595925803431,0.9448753038676374,breakout_dn
USDJPY.a,4h,1,0.13,2012-04-02 04:00:00,83.23263158166955,2012-04-02 12:00:00,82.53806102530763,82.5485219740486,,stop,2,-9029.417232705015,-91.0,-135.9923336326418,0.0,-9029.417232705015,-104.96719404220306,-1.0152913343482326,1.30773135138492,0.08678202684056553,breakout_up
USDJPY.a,4h,-1,0.12,2012-04-03 04:00:00,81.74874599182648,2012-04-03 20:00:00,82.51878212028376,82.50127780330214,,stop,4,-9240.433541487333,-72.0,-138.05180377942165,0.0,-9240.433541487333,-108.56986735495035,-1.0232605674799182,1.6414641737885671,0.0,breakout_dn
USDJPY.a,4h,-1,0.12,2012-04-06 16:00:00,81.45481536804662,2012-04-18 04:00:00,81.16085838450869,82.19411421036352,,signal,47,3527.483802455265,-108.00000000000001,-116.60122820829969,0.0,3527.483802455265,41.81302088269444,0.39761591214819564,0.5426555663148238,1.5471623957397238,breakout_dn
USDJPY.a,4h,1,0.18,2012-04-18 08:00:00,81.38600849990091,2012-04-23 12:00:00,81.05380193042085,80.89116154913208,,signal,20,-5979.7182506411555,-144.0,-151.13050484980664,0.0,-5979.7182506411555,-71.65085619916647,-0.6713319521600022,0.8467436229523257,0.778001156723182,breakout_up
USDJPY.a,4h,-1,0.22,2012-04-24 08:00:00,80.90071679916059,2012-04-24 20:00:00,81.32011808262627,81.30465239809045,,stop,3,-9226.828236244843,-198.00000000000003,-142.2450597879587,0.0,-9226.828236244843,-110.56039329515411,-1.0382875007223547,1.1840580580333064,0.1354592150470209,breakout_dn
USDJPY.a,4h,-1,0.17,2012-04-26 16:00:00,80.7310639583229,2012-04-27 04:00:00,81.25485416618797,81.23703525753386,,stop,3,-8904.433533706055,-153.00000000000003,-149.92144711990656,0.0,-8904.433533706055,-105.88600657130993,-1.035217232048329,1.385327671293177,0.4744616121453488,breakout_dn
USDJPY.a,4h,-1,0.14,2012-04-27 20:00:00,80.44007569033614,2012-05-02 08:00:00,80.37305372709089,81.04207950226153,,signal,16,938.3074854335406,-70.00000000000001,-141.5043585450715,0.0,938.3074854335406,11.292501360518816,0.11133145989706764,0.02479105508671438,1.3456321609414532,breakout_dn
USDJPY.a,4h,-1,0.23,2012-05-09 16:00:00,79.55938342552265,2012-05-10 16:00:00,79.94178479935663,79.9295541744835,,stop,6,-8795.231598181344,-161.0,-120.30437208172667,0.0,-8795.231598181344,-108.5942747900084,-1.0330404952510712,1.184903387716746,0.09558676805766664,breakout_dn
USDJPY.a,4h,1,0.25,2012-05-14 04:00:00,80.10413623724946,2012-05-14 12:00:00,79.76576974053751,79.77109752698006,,stop,2,-8459.162417798892,-175.0,-133.1946610638855,0.0,-8459.162417798892,-105.99632961041125,-1.0159974990241816,1.1414175755783902,0.23079528109016675,breakout_up
USDJPY.a,4h,1,0.23,2012-05-16 04:00:00,80.35740534916636,2012-05-17 16:00:00,79.99366877069737,80.00065470516134,,stop,9,-8365.941304786717,-207.00000000000003,-160.67649267144043,0.0,-8365.941304786717,-105.23968777873584,-1.0195821215220324,3.4377102600243807,0.5314486575418037,breakout_up
USDJPY.a,4h,-1,0.17,2012-05-17 20:00:00,79.36437108818896,2012-05-22 12:00:00,79.61704168279671,79.83672896426503,,signal,17,-4295.400108331748,-153.00000000000003,-137.41721508837543,0.0,-4295.400108331748,-54.5489784098434,-0.5349134785402765,0.5496445067621164,0.7840900024059541,breakout_dn
USDJPY.a,4h,-1,0.27,2012-05-30 12:00:00,79.31484398115582,2012-06-05 16:00:00,78.58800744686249,79.60772510629582,,signal,26,19624.586425919817,-135.0,-270.4021305743736,0.0,19624.586425919817,255.92912146177142,2.4816776224343364,0.02784753998837232,5.660467127621694,breakout_dn
USDJPY.a,4h,1,0.15,2012-06-06 12:00:00,79.12326453964106,2012-06-15 08:00:00,78.85350956113712,78.59251111557806,,signal,42,-4046.3246775590987,-135.00000000000003,-134.71316588674043,0.0,-4046.3246775590987,-51.249364071998166,-0.5082491535126179,0.5751532176734999,1.2392486426632743,breakout_up
USDJPY.a,4h,-1,0.17,2012-06-15 16:00:00,78.65348803996005,2012-06-18 00:00:00,79.14173594262986,79.1198264658399,,stop,3,-8300.214345386807,-255.0,-117.46110542918808,0.0,-8300.214345386807,-104.71969040402878,-1.0469819246583005,1.356336782341215,0.05251130638408202,breakout_dn
USDJPY.a,4h,1,0.19,2012-06-20 20:00:00,79.51733807588171,2012-06-25 16:00:00,79.62420171946059,79.08505336658551,,signal,18,2030.4092279986464,-114.0,-182.33466049778173,0.0,2030.4092279986464,25.523294247898342,0.2472066239697922,0.30844966989185785,2.539210618634618,breakout_up
USDJPY.a,4h,-1,0.16,2012-06-26 12:00:00,79.3439920585985,2012-06-27 16:00:00,79.86930906666393,79.85747061246938,,stop,7,-8405.072129046857,-80.0,-109.41526711274906,0.0,-8405.072129046857,-104.68093495254384,-1.0230554014482225,1.0049259847593377,0.22005214774153964,breakout_dn
USDJPY.a,4h,-1,0.23,2012-07-10 12:00:00,79.27436969267265,2012-07-11 16:00:00,79.64985885266859,79.63480232756078,,stop,7,-8636.25067990654,-207.00000000000003,-139.30007747961608,0.0,-8636.25067990654,-106.02363943522258,-1.0417734790094204,1.3251583266748153,0.41164333723192653,breakout_dn
USDJPY.a,4h,-1,0.24,2012-07-16 16:00:00,78.84255706343687,2012-07-26 20:00:00,78.29501234978903,79.18570086064466,,signal,49,13141.073127548112,-216.00000000000003,-144.59278987344146,0.0,13141.073127548112,161.64739254717978,1.5956713136104799,0.9367586976036283,2.6186020867885778,breakout_dn
USDJPY.a,4h,1,0.24,2012-07-27 16:00:00,78.40164667469325,2012-07-31 16:00:00,78.0411947112226,78.0459734945739,,stop,13,-8650.847123295647,-192.0,-114.69080043121679,0.0,-8650.847123295647,-105.23112518301147,-1.0134358833288888,1.0364758865696462,0.7432478468520844,breakout_up
USDJPY.a,4h,-1,0.28,2012-08-01 08:00:00,78.01693129214743,2012-08-01 20:00:00,78.3331927240945,78.31916853796909,,stop,3,-8855.320094517936,-252.00000000000006,-140.67721151168047,0.0,-8855.320094517936,-107.77136301804474,-1.046401250406068,1.5817663589174809,0.022933282523087153,breakout_dn
USDJPY.a,4h,1,0.23,2012-08-03 16:00:00,78.6716904613203,2012-08-06 12:00:00,78.29793950655244,78.30325801166117,,stop,6,-8596.271959660713,-207.00000000000003,-122.32561750084693,0.0,-8596.271959660713,-104.06538359566521,-1.0144354958789685,1.1744092077682589,0.2559751150230262,breakout_up
USDJPY.a,4h,1,0.25,2012-08-14 16:00:00,78.86328677145634,2012-08-21 08:00:00,79.30294651289525,78.53157845854749,,signal,29,10991.493535972551,-125.0,-152.67435523742415,0.0,10991.493535972551,132.2793667269043,1.325440829575183,0.8238767640756425,2.37170187760661,breakout_up
USDJPY.a,4h,-1,0.21,2012-08-23 00:00:00,78.56816188314917,2012-08-27 04:00:00,78.80221114711944,78.9655664300892,,signal,14,-4915.0345433755265,-189.00000000000003,-134.86817901583422,0.0,-4915.0345433755265,-60.058632960179594,-0.5889446051194422,0.6689357706089613,0.5313524587856375,breakout_dn
USDJPY.a,4h,-1,0.33,2012-08-31 08:00:00,78.42739568100212,2012-09-04 12:00:00,78.4364978373372,78.67892666131,,signal,14,-300.3711590574767,-231.0,-164.85726425413503,0.0,-300.3711590574767,-3.7325797900233675,-0.036187018887033004,0.7021175633383573,0.959705562736832,breakout_dn
USDJPY.a,4h,1,0.31,2012-09-06 16:00:00,78.82173431539567,2012-09-07 12:00:00,78.54469877973588,78.54991988046643,,stop,5,-8588.101605453545,-279.00000000000006,-161.85412264698022,0.0,-8588.101605453545,-105.30358654344901,-1.019208327666302,2.176978995062245,0.718378641867033,breakout_up
USDJPY.a,4h,-1,0.23,2012-09-07 16:00:00,78.25628789002396,2012-09-14 16:00:00,78.05932071996509,78.61007338203652,,signal,31,4530.244911353989,-207.00000000000003,-198.75311839379881,0.0,4530.244911353989,54.65470759227948,0.556741795539414,0.25640426762558644,3.1694004286194266,breakout_dn
USDJPY.a,4h,1,0.19,2012-09-14 20:00:00,78.25924638282471,2012-09-19 20:00:00,78.36720440650129,77.81292800349175,,signal,19,2051.202449854898,-171.00000000000003,-182.23255295089237,0.0,2051.202449854898,24.997008635421512,0.24188567774851627,0.22236678438616672,2.12797335076078,breakout_up
USDJPY.a,4h,-1,0.24,2012-09-24 20:00:00,77.85074798393056,2012-09-28 20:00:00,77.92204225297566,78.19106326901687,,signal,24,-1711.0624570823347,-216.00000000000003,-146.02814283174118,0.0,-1711.0624570823347,-21.094012052340915,-0.20949476021042313,0.3239702149772025,1.2422244972727352,breakout_dn
USDJPY.a,4h,1,0.28,2012-10-03 04:00:00,78.26979888212993,2012-10-08 12:00:00,78.20503059134208,77.98196653985252,,signal,20,-1813.5121420598923,-140.00000000000003,-222.2868848436746,0.0,-1813.5121420598923,-22.814544494904347,-0.2250208933276507,0.5378092013744026,2.0574516163972305,breakout_up
USDJPY.a,4h,1,0.21,2012-10-15 16:00:00,78.7416202460493,2012-10-30 08:00:00,79.44442250759954,78.35905042545994,,signal,65,14758.847492555175,-420.0,-192.25468081914346,0.0,14758.847492555175,179.32403709176822,1.8370562018393708,0.34404241779064565,4.259038915930754,breakout_up
USDJPY.a,4h,1,0.23,2012-11-02 04:00:00,80.2634710396754,2012-11-06 08:00:00,80.01929409151847,79.89773418880243,,signal,13,-5616.069807609151,-92.0,-170.47179014990684,0.0,-5616.069807609151,-67.28595099756834,-0.6676301487643452,0.837955045940536,1.1060656298621732,breakout_up
USDJPY.a,4h,-1,0.2,2012-11-08 20:00:00,79.64455895681297,2012-11-14 12:00:00,79.92922245304494,80.07680465091104,,signal,22,-5693.269924639424,-100.0,-168.89812179775654,0.0,-5693.269924639424,-68.17860367004414,-0.6585687263489186,0.7922370259848719,1.3292415972167397,breakout_dn
USDJPY.a,4h,1,0.2,2012-11-14 16:00:00,80.28116656354173,2012-12-04 16:00:00,81.82365987386295,79.8487546955056,,signal,86,30849.866206424394,-80.0,-173.60504548198037,0.0,30849.866206424394,359.58701082781107,3.567185418214167,0.3935288925222335,5.896770243700252,breakout_up
USDJPY.a,4h,1,0.2,2012-12-07 16:00:00,82.67785213773527,2012-12-10 12:00:00,82.22009535445505,82.22630824389402,,stop,6,-9155.135665604348,-80.0,-124.257788779439,0.0,-9155.135665604348,-106.33653476946121,-1.0137592148265313,1.2553644185354882,0.15313652384155366,breakout_up
USDJPY.a,4h,1,0.24,2012-12-12 12:00:00,82.83463485854124,2013-01-08 04:00:00,87.50997738134129,82.45263061863481,,signal,101,112208.22054720121,-120.0,-337.08569561836,0.0,112208.22054720121,1220.400063155984,12.238980708552734,0.10637279458257577,14.56100367582663,breakout_up
USDJPY.a,4h,1,0.14,2013-01-11 00:00:00,88.79742832296296,2013-01-16 00:00:00,88.06412150141027,88.07664214245086,,stop,18,-10266.295501737632,-84.00000000000001,-175.28897456842662,0.0,-10266.295501737632,-109.46747271608582,-1.0173708117318505,1.0286383715572933,1.1661872823919175,breakout_up
USDJPY.a,4h,1,0.11,2013-01-17 20:00:00,89.7182694883018,2013-01-22 08:00:00,89.06041302851487,88.76967049057414,,signal,16,-7236.421057656202,-55.0,-210.91337267265735,0.0,-7236.421057656202,-76.82467361312183,-0.6935032203942914,0.8710419157948827,0.5373508858002587,breakout_up
USDJPY.a,4h,-1,0.11,2013-01-23 08:00:00,88.31518552709926,2013-01-24 04:00:00,89.2306831888547,89.2126355431563,,stop,5,-10070.47427930982,-55.0,-143.52410268247704,0.0,-10070.47427930982,-107.45259604993218,-1.020109917405423,1.2589163214510768,0.2888021867089592,breakout_dn
USDJPY.a,4h,1,0.11,2013-01-25 00:00:00,90.33989261688372,2013-02-08 12:00:00,92.67482230129335,89.42179510483098,,signal,65,25684.226528505933,-55.0,-201.90937154637217,0.0,25684.226528505933,268.5555406144807,2.5432262409567477,0.059789527978338065,4.035636013033274,breakout_up
USDJPY.a,4h,1,0.11,2013-02-12 00:00:00,94.3287512164531,2013-02-12 12:00:00,93.38799912435788,93.40256130505072,,stop,3,-10348.27301304746,-11.0,-160.18398762139753,0.0,-10348.27301304746,-107.18632103087806,-1.0157226725464972,1.1442050959597363,0.08016583060647227,breakout_up
USDJPY.a,4h,-1,0.11,2013-02-15 08:00:00,92.56947786927587,2013-02-15 12:00:00,93.53973495786398,93.52084484721253,,stop,1,-10672.827974469243,-33.0,-174.79121716592624,0.0,-10672.827974469243,-111.31375314045005,-1.0198557560747212,1.0138276323359545,0.36734286282862877,breakout_dn
USDJPY.a,4h,1,0.1,2013-02-18 04:00:00,94.0931532236623,2013-02-20 08:00:00,93.20743500986562,93.04072975944531,,signal,13,-8857.182137966787,-30.0,-151.29980268773645,0.0,-8857.182137966787,-91.67678045219125,-0.8415986947380182,0.9085251860796225,0.10912601271499313,breakout_up
USDJPY.a,4h,-1,0.13,2013-02-21 16:00:00,93.11404019534314,2013-02-25 00:00:00,94.22044072504765,93.898132809201,,stop_gap,9,-14383.206886158703,-78.0,-148.72942561951007,0.0,-14383.206886158703,-149.2460021396524,-1.4110584772133514,1.502322281625774,0.43749958777869524,breakout_dn
USDJPY.a,4h,1,0.13,2013-02-25 04:00:00,94.05935521074379,2013-02-25 16:00:00,93.27384698042137,93.28628499682303,,stop,3,-10211.60699419147,-39.0,-161.69421322154327,0.0,-10211.60699419147,-105.47625975153112,-1.0160891160695202,1.0999715102604462,0.31516514912729776,breakout_up
USDJPY.a,4h,-1,0.09,2013-02-26 00:00:00,91.7901436232249,2013-02-28 04:00:00,92.47075843484582,92.92868672962639,,signal,13,-6125.533304588216,-27.0,-211.6518272247507,0.0,-6125.533304588216,-64.50551044299779,-0.5977945040412964,0.8369084766467171,0.5842059202546844,breakout_dn
USDJPY.a,4h,1,0.1,2013-03-01 20:00:00,93.68372863144464,2013-03-15 20:00:00,95.47657724093479,92.65314738288589,,signal,62,17928.486094901502,-40.0,-168.4551813043685,0.0,17928.486094901502,180.55039445381368,1.739648001550022,0.746887867910551,2.9335594576200164,breakout_up
USDJPY.a,4h,-1,0.12,2013-03-18 04:00:00,94.79245598835703,2013-03-19 04:00:00,95.6782572608659,95.66397048462743,,stop,6,-10629.615270106455,-12.0,-159.44131486176195,0.0,-10629.615270106455,-106.95613284528147,-1.016393044865711,1.0895332386397487,0.5558782905278506,breakout_dn
USDJPY.a,4h,-1,0.11,2013-03-22 12:00:00,94.40344332610961,2013-04-04 08:00:00,94.10731967205543,95.33456488050277,,signal,53,3257.360194596032,-11.0,-227.03278521907347,0.0,3257.360194596032,32.96256503247048,0.31802899702733023,0.668609453785147,1.9712177399929587,breakout_dn
USDJPY.a,4h,1,0.1,2013-04-04 12:00:00,95.4660182669086,2013-04-12 12:00:00,99.10787664512962,94.42403279445875,,signal,36,36418.58378221017,-50.0,-182.46709740763418,0.0,36418.58378221017,349.02915687941123,3.495114350930924,0.19867673051321583,4.297547184187743,breakout_up
USDJPY.a,4h,-1,0.11,2013-04-15 00:00:00,98.32717490136653,2013-04-17 08:00:00,98.37354427695291,99.32762600668087,,signal,14,-510.0631314501811,-55.0,-275.9740929642545,0.0,-510.0631314501811,-5.010863776962295,-0.04634846754635841,0.3816529329671753,2.5340317861610866,breakout_dn
USDJPY.a,4h,1,0.09,2013-04-19 12:00:00,99.20730797188048,2013-04-23 08:00:00,98.78154764512264,98.01567995133254,,signal,11,-3831.84294082055,-18.0,-170.14238779225724,0.0,-3831.84294082055,-37.91979722138935,-0.35729298020540373,0.5222334160909851,0.5636759261591242,breakout_up
USDJPY.a,4h,-1,0.11,2013-04-26 20:00:00,97.90066211412214,2013-05-02 16:00:00,98.0710778892604,98.84615694069183,,signal,23,-1874.573526520777,-11.0,-199.71356372853825,0.0,-1874.573526520777,-18.698407800018778,-0.18023977535290336,0.517546867657867,0.9472945688890381,breakout_dn
USDJPY.a,4h,1,0.12,2013-05-03 16:00:00,99.10885842691278,2013-05-21 00:00:00,102.24535152673432,98.20601556324053,,signal,69,37637.917197858595,-12.0,-183.56335837636635,0.0,37637.917197858595,375.3305303049429,3.4740188199130144,0.5857701801636702,4.648806278443241,breakout_up
USDJPY.a,4h,1,0.13,2013-05-22 20:00:00,103.53118560338744,2013-05-23 04:00:00,102.65316958183772,102.66831963519851,,stop,2,-11414.20828014644,-13.0,-196.9506936903878,0.0,-11414.20828014644,-114.57617526516805,-1.0175578292797864,1.2240436433068274,0.10756525350902606,breakout_up
USDJPY.a,4h,-1,0.08,2013-05-23 12:00:00,101.11372354075519,2013-05-24 00:00:00,102.35621951372535,102.33200330328756,,stop,3,-9939.96778376129,-48.0,-145.7296835022785,0.0,-9939.96778376129,-100.08317345207298,-1.0198773805348686,1.2060254995869752,0.007160539823013449,breakout_dn
USDJPY.a,4h,-1,0.08,2013-05-31 12:00:00,100.41899174036269,2013-06-10 16:00:00,98.85575059901021,101.64504334555642,,signal,38,12505.929130819823,-24.0,-268.0095841632482,0.0,12505.929130819823,134.12057183016807,1.275020671830095,0.6141733809959224,4.434553747436734,breakout_dn
USDJPY.a,4h,-1,0.05,2013-06-13 08:00:00,94.78298573558529,2013-06-18 16:00:00,95.5583576143368,96.58276693696874,,signal,20,-3876.85939375757,-5.0,-133.57614336802706,0.0,-3876.85939375757,-42.87071536942286,-0.4308145224294499,0.5250717496595125,0.5528370530931561,breakout_dn
USDJPY.a,4h,1,0.07,2013-06-20 00:00:00,96.48407353666703,2013-06-25 12:00:00,97.04804466610894,95.13784989739804,,signal,21,3947.797906093371,-7.000000000000001,-181.3746744749721,0.0,3947.797906093371,43.825451003443625,0.41892826198487576,0.20730102230159014,1.6460314606689357,breakout_up
USDJPY.a,4h,1,0.1,2013-06-28 08:00:00,98.84169756836951,2013-07-10 08:00:00,100.61984901057708,97.84049263712892,,signal,43,17781.514422075732,-10.0,-163.01978845832022,0.0,17781.514422075732,192.49024542603334,1.7760114705031114,0.19446325352019186,2.6860659069049717,breakout_up
USDJPY.a,4h,-1,0.11,2013-07-11 00:00:00,99.65784623623209,2013-07-15 12:00:00,99.80511239021439,100.59455917500533,,signal,15,-1619.9276938053088,-11.0,-244.47258471648877,0.0,-1619.9276938053088,-17.907649292201665,-0.157215885343878,0.2617170678660429,1.5050995645245167,breakout_dn
USDJPY.a,4h,1,0.1,2013-07-18 20:00:00,100.5450329213439,2013-07-22 16:00:00,99.58807140014336,99.6023777014267,,stop,11,-9569.615212005403,-10.0,-143.06301283340557,0.0,-9569.615212005403,-103.91949037067913,-1.015176600077171,1.3366848182886901,0.3383708824994554,breakout_up
USDJPY.a,4h,-1,0.11,2013-07-26 08:00:00,98.86228432688883,2013-08-01 12:00:00,98.61651851784733,99.7448417196648,,signal,26,2703.42389945651,-11.0,-187.40739264096877,0.0,2703.42389945651,30.503837904834878,0.2784700587782442,0.05633137688055091,1.4483866288492944,breakout_dn
USDJPY.a,4h,1,0.11,2013-08-01 16:00:00,98.81774862371537,2013-08-05 12:00:00,98.42520758503943,97.95414821526832,,signal,11,-4317.951425435382,-11.0,-193.433129132356,0.0,-4317.951425435382,-49.25564750704391,-0.4545401262394252,0.6180504530737385,1.3087666069045296,breakout_up
USDJPY.a,4h,-1,0.1,2013-08-06 20:00:00,97.75712129975527,2013-08-13 04:00:00,97.34667049554304,98.69247541097188,,signal,26,4104.508042122319,-10.0,-173.40991086068763,0.0,4104.508042122319,46.286437180991214,0.43881862418753925,0.05332600738757211,2.082763390243037,breakout_dn
USDJPY.a,4h,1,0.11,2013-08-13 12:00:00,97.86283415176925,2013-08-15 08:00:00,97.71005383124832,96.96116827100394,,signal,11,-1680.5835257302563,-11.0,-174.8157125371037,0.0,-1680.5835257302563,-18.770537616371055,-0.16944227765528508,0.3092433214092339,0.6256927984808635,breakout_up
USDJPY.a,4h,1,0.11,2013-08-15 16:00:00,98.53415082917876,2013-08-15 20:00:00,97.6517563895587,97.66614147305768,,stop,1,-9706.338835820632,-11.0,-158.23591848870717,0.0,-9706.338835820632,-109.09228951398485,-1.016572498208156,1.6775750386907529,0.0,breakout_up
USDJPY.a,4h,1,0.12,2013-08-22 08:00:00,98.2896046864633,2013-08-26 16:00:00,98.37807381789506,97.51064915010639,,signal,14,1061.6295771810087,-12.0,-166.2283705186136,0.0,1061.6295771810087,11.922170698052302,0.1135740453755683,0.2203010036566221,1.1006986580346227,breakout_up
USDJPY.a,4h,-1,0.12,2013-08-27 16:00:00,97.46537481162188,2013-08-29 08:00:00,98.24996606033693,98.23748182533512,,stop,10,-9415.094984580548,-12.0,-137.8108200216228,0.0,-9415.094984580548,-107.28766205688056,-1.0161690475284864,1.0369355208000655,0.8397473408559127,breakout_dn
USDJPY.a,4h,1,0.13,2013-09-02 04:00:00,98.56186607065607,2013-09-06 16:00:00,99.17986410546479,97.84980777550062,,signal,27,8033.9744525133765,-13.0,-211.53325791569108,0.0,8033.9744525133765,88.4589908228759,0.8679037081841885,0.18378561354657114,2.334266647341128,breakout_up
USDJPY.a,4h,1,0.13,2013-09-10 16:00:00,100.27039460633877,2013-09-12 04:00:00,99.49763672307442,99.50835008659413,,stop,9,-10045.852482436516,-13.0,-139.27372575627203,0.0,-10045.852482436516,-108.93319256299893,-1.0140587107998666,1.1513692226705974,0.443025813996233,breakout_up
USDJPY.a,4h,-1,0.13,2013-09-12 20:00:00,99.15327741504431,2013-09-13 08:00:00,99.9372053907588,99.9250476106125,,stop,3,-10191.06368428838,-13.0,-145.05114190199723,0.0,-10191.06368428838,-110.44924562126263,-1.0157531091717784,1.0647244343903748,0.06514557744395107,breakout_dn
USDJPY.a,4h,-1,0.13,2013-09-16 04:00:00,98.80907331386244,2013-09-19 16:00:00,99.54980464080354,99.53718158404521,,stop,21,-9629.507250234326,-13.0,-151.09973785824016,0.0,-9629.507250234326,-102.12377701635997,-1.0173367853041424,1.106877533385586,1.4367002226191532,breakout_dn
USDJPY.a,4h,1,0.13,2013-09-19 20:00:00,99.44270808275516,2013-09-23 12:00:00,98.94566034729168,98.65912954944491,,signal,10,-6461.620561025271,-13.0,-164.8309704162411,0.0,-6461.620561025271,-69.3896176783435,-0.6343304650826654,0.7398212918189185,0.2862405077603568,breakout_up
USDJPY.a,4h,-1,0.16,2013-09-26 04:00:00,98.32821625742879,2013-09-26 04:00:00,98.94888635229448,98.93771073843766,,stop,0,-9930.721517850998,-16.0,-162.8098217089655,0.0,-9930.721517850998,-107.80269419178533,-1.0183358737528232,1.281034967336881,0.08239001171210943,breakout_dn
USDJPY.a,4h,-1,0.14,2013-09-30 04:00:00,97.74707529055685,2013-09-30 20:00:00,98.45553974133503,98.44350717080168,,stop,4,-9918.502310894526,-14.000000000000002,-154.45598746686483,0.0,-9918.502310894526,-108.15797536236839,-1.0172774550888164,1.0236818986409912,0.3562089812282061,breakout_dn
USDJPY.a,4h,-1,0.12,2013-10-02 12:00:00,97.32724467279658,2013-10-09 08:00:00,97.33298601291168,98.11618908344427,,signal,30,-68.89608138112635,-12.0,-143.6643098801852,0.0,-68.89608138112635,-0.7500138888496317,-0.007277242905340421,0.6879512927379077,0.9636226108408098,breakout_dn
USDJPY.a,4h,1,0.16,2013-10-10 08:00:00,97.81071421560588,2013-10-17 12:00:00,97.96251442425712,97.22016139629055,,signal,31,2428.8033384198116,-16.0,-207.5384237720948,0.0,2428.8033384198116,25.820720645378504,0.25704764025549803,0.3077018848484242,2.0189316609755736,breakout_up
USDJPY.a,4h,-1,0.17,2013-10-18 16:00:00,97.7242977653907,2013-10-21 16:00:00,98.20907015904199,98.31724065023269,,signal,6,-8241.130692071822,-17.0,-172.3854074272491,0.0,-8241.130692071822,-86.86716603805881,-0.8175701337245472,0.8697334056832818,0.10506537304566402,breakout_dn
USDJPY.a,4h,-1,0.17,2013-10-23 08:00:00,97.42005721007504,2013-10-28 16:00:00,97.68658165798273,98.00983891499496,,signal,20,-4530.91561443064,-17.0,-155.7763714125806,0.0,-4530.91561443064,-48.43822788378089,-0.45190355293214035,0.6255582139073913,0.8071752753668133,breakout_dn
USDJPY.a,4h,1,0.21,2013-10-29 16:00:00,97.9128802660889,2013-11-01 08:00:00,97.93392249553085,97.44697134427264,,signal,16,441.88681828086374,-21.0,-213.25518770398185,0.0,441.88681828086374,4.75555618707506,0.04516382592528261,0.22081626101479654,1.6400624631361722,breakout_up
USDJPY.a,4h,1,0.18,2013-11-01 20:00:00,98.7811859173902,2013-11-05 04:00:00,98.24351223680294,98.25043966567088,,stop,8,-9678.126250570698,-18.0,-124.69371962299145,0.0,-9678.126250570698,-103.62662180609767,-1.0130522426592716,1.0215539264456783,0.11835049688303578,breakout_up
USDJPY.a,4h,1,0.2,2013-11-07 16:00:00,99.39493023441551,2013-11-07 16:00:00,98.90177171132342,98.91066706294666,,stop,0,-9863.170461841833,-20.0,-177.90703246486058,0.0,-9863.170461841833,-104.92141225611687,-1.0183688377463371,2.1515785130947767,0.02698897284475908,breakout_up
USDJPY.a,4h,-1,0.14,2013-11-08 00:00:00,98.08042964481521,2013-11-08 12:00:00,98.77339835079435,98.76180748143885,,stop,3,-9701.561883707967,-14.000000000000002,-148.27217097690556,0.0,-9701.561883707967,-104.51621087239046,-1.0170109280526884,1.2424389372271298,0.14592438948104092,breakout_dn
USDJPY.a,4h,1,0.16,2013-11-12 04:00:00,99.4908293890629,2013-11-19 04:00:00,99.56586527674428,98.87937348553429,,signal,30,1200.5742029020894,-16.0,-196.31114418346974,0.0,1200.5742029020894,12.845252794542645,0.12271676051921532,0.6342720494230306,1.5408643624176421,breakout_up
USDJPY.a,4h,1,0.16,2013-11-21 04:00:00,100.40686840106683,2013-12-05 20:00:00,101.74447246882305,99.80009526972758,,signal,64,21401.665084099477,-16.0,-240.88099766246194,0.0,21401.665084099477,232.15267690381677,2.204455007432341,0.1596451722458823,4.896610356452947,breakout_up
USDJPY.a,4h,1,0.13,2013-12-09 04:00:00,103.0563410233887,2013-12-10 16:00:00,102.81463552298491,102.29150517352598,,signal,9,-3142.1715052491663,-13.0,-165.47640239224924,0.0,-3142.1715052491663,-33.42844517838685,-0.3160227131706307,0.4449857096131026,0.44017154356942123,breakout_up
USDJPY.a,4h,1,0.15,2013-12-13 04:00:00,103.54868876771441,2013-12-16 04:00:00,102.87818325327427,102.8885942461408,,stop,6,-10057.582716602055,-15.0,-156.16489299781452,0.0,-10057.582716602055,-109.27439429451834,-1.0157719728406567,1.372059209876974,0.5640271508359697,breakout_up
USDJPY.a,4h,1,0.12,2013-12-19 00:00:00,104.29152019480047,2014-01-02 20:00:00,104.83838978476719,103.51151748302766,,signal,50,6562.435079600618,-12.0,-110.64516558761845,0.0,6562.435079600618,70.27253311357927,0.7011124214219456,0.664767169362742,1.4724048876563973,breakout_up
USDJPY.a,4h,-1,0.19,2014-01-03 08:00:00,104.21574562577752,2014-01-03 20:00:00,104.74814346003456,104.7387787624215,,stop,3,-10115.558850883759,-19.0,-158.9292546478905,0.0,-10115.558850883759,-107.88363787559473,-1.0179045971602096,1.270004379616614,0.14673186152210785,breakout_dn
USDJPY.a,4h,-1,0.14,2014-01-06 20:00:00,104.03297653594937,2014-01-08 00:00:00,104.74690074026775,104.73598843622214,,stop,7,-9994.93886045724,-14.000000000000002,-138.7722566384106,0.0,-9994.93886045724,-107.15721145826862,-1.0155222181038046,1.209116749973665,0.10096064650090716,breakout_dn
USDJPY.a,4h,1,0.15,2014-01-08 08:00:00,104.99440248089697,2014-01-10 12:00:00,104.33115960549975,104.34080974955805,,stop,13,-9948.643130958246,-15.0,-144.75216087441683,0.0,-9948.643130958246,-106.52779144981565,-1.0147647664907924,1.2292096321988655,0.5195858258817453,breakout_up
USDJPY.a,4h,-1,0.13,2014-01-10 20:00:00,104.03497525732703,2014-01-15 00:00:00,104.22014570308068,104.76181844170394,,signal,13,-2407.2157947973383,-13.0,-185.7882800974624,0.0,-2407.2157947973383,-25.788043210679948,-0.25475982953927173,0.3398597496442485,1.624800620974993,breakout_dn
USDJPY.a,4h,1,0.15,2014-01-16 04:00:00,104.76215265623571,2014-01-20 00:00:00,104.12160612986234,104.12971394384576,,stop,11,-9608.197895600553,-15.0,-121.61720975118166,0.0,-9608.197895600553,-105.02084323496791,-1.0128199204516999,1.4233041694017825,0.25116638284841347,breakout_up
USDJPY.a,4h,-1,0.15,2014-01-23 16:00:00,103.70673256334534,2014-01-28 12:00:00,103.12566129238662,104.32910856280951,,signal,17,8716.069064380747,-15.0,-259.8387715987314,0.0,8716.069064380747,96.1886775468754,0.9336338024907566,0.12736261797194232,2.874038466916037,breakout_dn
USDJPY.a,4h,-1,0.11,2014-02-03 20:00:00,101.15567930349155,2014-02-06 16:00:00,102.0081255641122,101.99538270091044,,stop,17,-9376.908866827178,-11.0,-129.1714952193395,0.0,-9376.908866827178,-102.85490563471072,-1.0151754336601886,1.0031169328332001,0.4771676579172848,breakout_dn
USDJPY.a,4h,-1,0.16,2014-02-13 16:00:00,101.8427690540708,2014-02-18 04:00:00,102.44479165570331,102.43425571545295,,stop,15,-9632.3616261202,-16.0,-152.57504400579873,0.0,-9632.3616261202,-104.24098059038498,-1.017812642174794,1.5202894750457063,0.7739296318214665,breakout_dn
USDJPY.a,4h,1,0.15,2014-02-18 08:00:00,102.6624289153931,2014-02-19 12:00:00,102.00987092990438,102.01827064997583,,stop,7,-9788.36978233069,-15.0,-125.99580107186785,0.0,-9788.36978233069,-106.14353208781367,-1.0130398389998319,1.262778045495049,0.019515521699874454,breakout_up
USDJPY.a,4h,-1,0.19,2014-02-27 12:00:00,101.91287949889868,2014-03-04 20:00:00,102.17722701989902,102.40766934937464,,signal,20,-5022.6028990065715,-19.0,-198.6267561624459,0.0,-5022.6028990065715,-54.99522887710503,-0.5342622140410809,0.76420423890584,1.4427933358211658,breakout_dn
USDJPY.a,4h,1,0.18,2014-03-05 12:00:00,102.3989688487957,2014-03-12 12:00:00,102.77007019907616,101.88566243738597,,signal,30,6679.824305048186,-18.0,-177.47283325872402,0.0,6679.824305048186,72.78509105885263,0.722962624334407,0.31164397178746694,2.6495502899898473,breakout_up
USDJPY.a,4h,-1,0.19,2014-03-12 16:00:00,102.66608518485643,2014-03-20 00:00:00,102.39735178151305,103.16498009238533,,signal,32,5105.934663524138,-19.0,-241.36769749558354,0.0,5105.934663524138,55.2326094920786,0.5386573390264656,0.39670642485383345,2.924634352520208,breakout_dn
USDJPY.a,4h,1,0.19,2014-03-28 16:00:00,102.69408914877336,2014-04-04 20:00:00,103.32645423199986,102.19255320902312,,signal,31,12014.93658130356,-19.0,-172.73918400551648,0.0,12014.93658130356,125.34803596705723,1.2608569657867665,0.012141001852006804,2.857045203859589,breakout_up
USDJPY.a,4h,-1,0.21,2014-04-07 08:00:00,103.09748340659756,2014-04-14 16:00:00,101.8804830494902,103.56001775103292,,signal,32,25557.007499254694,-21.0,-230.28807858802182,0.0,25557.007499254694,266.99881738055035,2.6311567384104992,0.44000320376400653,3.8342739905348395,breakout_dn
USDJPY.a,4h,1,0.17,2014-04-16 04:00:00,102.07655521619948,2014-04-23 16:00:00,102.30950940301854,101.50520748620917,,signal,33,3960.2211759239767,-17.0,-118.68029736998726,0.0,3960.2211759239767,41.72662550698392,0.40772750917030737,0.37202425955745366,1.1314384390946735,breakout_up
USDJPY.a,4h,-1,0.23,2014-04-25 16:00:00,102.05667114157,2014-04-28 16:00:00,102.50055831691623,102.49341552323087,,stop,6,-10209.405032963048,-23.0,-141.28425476325188,0.0,-10209.405032963048,-107.58710042943191,-1.016354632103562,1.298995206927542,0.17784119231171036,breakout_dn
USDJPY.a,4h,1,0.26,2014-04-29 12:00:00,102.66772039085379,2014-04-30 08:00:00,102.28166522943762,102.28726560036178,,stop,5,-10037.434196820328,-26.0,-145.60964402793604,0.0,-10037.434196820328,-105.58282264085628,-1.0147202008336236,1.0059549791943774,0.29511945164630937,breakout_up
USDJPY.a,4h,1,0.24,2014-05-02 16:00:00,102.88980683455492,2014-05-02 16:00:00,102.47636141148442,102.4835716633168,,stop,0,-9922.690153691974,-24.0,-173.0460439769551,0.0,-9922.690153691974,-104.62975716995761,-1.017748960067639,1.8679003894276982,0.007860386473556299,breakout_up
USDJPY.a,4h,-1,0.21,2014-05-05 08:00:00,101.91735212511134,2014-05-12 04:00:00,102.022520192132,102.38830960339465,,signal,30,-2208.529407434085,-21.0,-147.84806954376631,0.0,-2208.529407434085,-23.15439828106591,-0.2233069265701427,0.5746758197262455,1.0369346440604974,breakout_dn
USDJPY.a,4h,1,0.28,2014-05-12 20:00:00,102.11733196291863,2014-05-14 12:00:00,101.83160698798821,101.77063476260963,,signal,10,-8000.299298051687,-28.000000000000004,-190.00867266003132,0.0,-8000.299298051687,-83.6457717259706,-0.8241340705254154,0.8374222885557461,0.705711026403752,breakout_up
USDJPY.a,4h,-1,0.22,2014-05-15 20:00:00,101.57166352264223,2014-05-22 08:00:00,101.71185027079522,102.01377448468345,,signal,27,-3084.1084593659784,-22.0,-213.4119149893648,0.0,-3084.1084593659784,-32.745703421463084,-0.31708498587267925,0.41468430574827925,1.6979075098622605,breakout_dn
USDJPY.a,4h,1,0.19,2014-05-22 20:00:00,101.7856351402832,2014-05-28 16:00:00,101.67559529138094,101.2973695079638,,signal,23,-2090.7571291429576,-114.0,-129.37892752403667,0.0,-2090.7571291429576,-22.26701597266774,-0.22536881897572425,0.3945293863263021,0.713474053174613,breakout_up
USDJPY.a,4h,-1,0.28,2014-05-29 12:00:00,101.51840929211546,2014-06-02 00:00:00,101.87420695540126,101.86476854141188,,stop,9,-9962.334572002363,-112.00000000000001,-152.275591702504,0.0,-9962.334572002363,-105.19313630595919,-1.0272503592976343,1.347129342820665,0.27257621185875364,breakout_dn
USDJPY.a,4h,1,0.26,2014-06-02 16:00:00,102.20689506528444,2014-06-06 04:00:00,102.3234420434642,101.84091604629113,,signal,21,3030.221432673642,-78.0,-185.01373986166834,0.0,3030.221432673642,31.742937856070036,0.3184526219572286,0.4396292053216708,1.6042038047166833,breakout_up
USDJPY.a,4h,-1,0.28,2014-06-11 16:00:00,101.98957657849154,2014-06-17 16:00:00,102.14234536025847,102.3349069316803,,signal,24,-4277.525889474248,-28.000000000000004,-187.34017447409002,0.0,-4277.525889474248,-44.838764954090955,-0.44238445985497904,0.5803817117660366,1.1281272407543064,breakout_dn
USDJPY.a,4h,1,0.3,2014-06-18 08:00:00,102.29209863687896,2014-06-18 20:00:00,101.96333790939521,101.96868525918916,,stop,3,-9862.821824512623,-30.0,-160.42049381857416,0.0,-9862.821824512623,-103.32878602344776,-1.0165341020589431,1.2804004578812973,0.16357196940621616,breakout_up
USDJPY.a,4h,-1,0.33,2014-06-25 16:00:00,101.68911279185663,2014-07-02 04:00:00,101.59547077141673,101.982007030824,,signal,28,3090.186674516744,-165.0,-163.07091350484734,0.0,3090.186674516744,32.13115885841859,0.3197127426269917,0.6209996099091334,1.5572610559521758,breakout_dn
USDJPY.a,4h,1,0.33,2014-07-02 16:00:00,101.70781978309131,2014-07-07 12:00:00,101.93849406839004,101.41540797478108,,signal,17,7612.251414858179,-99.0,-165.39148625731573,0.0,7612.251414858179,79.77579766055557,0.7888678868057162,0.07462004772445109,1.9088839815815315,breakout_up
USDJPY.a,4h,-1,0.4,2014-07-08 16:00:00,101.6844092517658,2014-07-14 12:00:00,101.46964722757001,101.93092673291338,,signal,23,8590.480967831694,-160.0,-211.77820560039103,0.0,8590.480967831694,90.08953195053954,0.871183752146263,0.6757766121035034,2.5126382473257256,breakout_dn
USDJPY.a,4h,1,0.4,2014-07-15 16:00:00,101.64968376600858,2014-07-17 12:00:00,101.40210719718203,101.40567135292338,,stop,11,-9903.062753061819,-200.0,-142.56622965348714,0.0,-9903.062753061819,-104.09440291812359,-1.0146064525828022,1.0355365237929277,0.5668409743692929,breakout_up
USDJPY.a,4h,-1,0.36,2014-07-17 20:00:00,101.33717489006706,2014-07-22 04:00:00,101.46153721117358,101.60678106970182,,signal,14,-4477.043559834612,-288.0,-182.67920449815182,0.0,-4477.043559834612,-47.056617132998795,-0.46127400074802105,0.6150642027478115,0.9390544772009113,breakout_dn
USDJPY.a,4h,1,0.35,2014-07-24 16:00:00,101.72668624581055,2014-08-01 20:00:00,102.44383843534133,101.44948122040216,,signal,37,25100.326633577268,-70.0,-291.3095261063884,0.0,25100.326633577268,262.94895806372756,2.5870822091851866,0.11069873558514501,4.878388305540792,breakout_up
USDJPY.a,4h,-1,0.27,2014-08-06 16:00:00,102.32576099008342,2014-08-12 04:00:00,102.2946397900485,102.68643183717025,,signal,21,840.2724009427658,-270.0,-196.54866261891345,0.0,840.2724009427658,8.863952326566155,0.08628698517300895,0.35555690445282684,2.275651045025689,breakout_dn
USDJPY.a,4h,1,0.28,2014-08-13 12:00:00,102.48747083721169,2014-08-15 16:00:00,102.13508074823993,102.14052522335788,,stop,13,-9866.922491209267,-280.00000000000006,-152.4453033027555,0.0,-9866.922491209267,-103.22384892849594,-1.0156925895603013,1.0216899221589784,0.6471595368919301,breakout_up
USDJPY.a,4h,1,0.32,2014-08-19 20:00:00,102.88885379138775,2014-08-28 04:00:00,103.74833795289317,102.57882246593597,,signal,38,27503.493168173467,-320.0,-234.3710148367907,0.0,27503.493168173467,283.06820246793,2.7722494178708863,0.10274378352358217,4.448409226398583,breakout_up
USDJPY.a,4h,1,0.31,2014-09-01 16:00:00,104.29599154526169,2014-09-23 12:00:00,108.37557956361721,103.97191051028017,,signal,95,126467.2285690212,-31.0,-398.0670557333637,0.0,126467.2285690212,1308.3263068248862,12.588172642031276,0.24991140029622835,15.93431240131904,breakout_up
USDJPY.a,4h,1,0.16,2014-09-29 12:00:00,109.63144716235877,2014-10-01 20:00:00,108.98673820590287,108.9965363613635,,stop,14,-10315.343303294412,-16.0,-156.7704873701176,0.0,-10315.343303294412,-108.23928793328349,-1.0154323338731517,1.2024479047482113,0.7190818567356931,breakout_up
USDJPY.a,4h,-1,0.16,2014-10-02 00:00:00,108.89158590376246,2014-10-03 12:00:00,109.55540957240129,109.54221036404215,,stop,9,-10621.178698221229,-16.0,-195.18733374615164,0.0,-10621.178698221229,-111.24687534962231,-1.020286984527858,1.1625970777556867,1.358058231291573,breakout_dn
USDJPY.a,4h,-1,0.12,2014-10-13 04:00:00,107.24033641034086,2014-10-17 12:00:00,106.51976857479661,108.04469427098493,,signal,26,8646.814026530934,-12.0,-210.44579511845507,0.0,8646.814026530934,92.5210898290432,0.8958299170064219,0.4160630560521507,2.540332494177023,breakout_dn
USDJPY.a,4h,1,0.15,2014-10-23 12:00:00,107.53366630233484,2014-11-10 04:00:00,114.20693814316597,106.87562897932592,,signal,70,100099.07761246701,-150.0,-301.8557050209551,0.0,100099.07761246701,1010.9997355823189,10.141175291269539,0.1681763305291056,12.261209836506328,breakout_up
USDJPY.a,4h,1,0.11,2014-11-11 12:00:00,115.93520300050555,2014-11-12 12:00:00,114.88361873589012,114.89906148401839,,stop,6,-11567.426910769711,-110.0,-169.87022941097175,0.0,-11567.426910769711,-115.12743728959423,-1.014904091654025,1.0183966028916767,0.11368813778817846,breakout_up
USDJPY.a,4h,1,0.12,2014-11-14 08:00:00,116.28187966227249,2014-11-27 08:00:00,117.3000160939567,115.34742098604126,,signal,54,12217.637180210546,-84.0,-167.613745039108,0.0,12217.637180210546,121.31871595775397,1.0895467692487621,0.890226270494424,2.880941026290343,breakout_up
USDJPY.a,4h,1,0.17,2014-11-28 20:00:00,118.71734144207974,2014-12-01 16:00:00,118.0348719319223,118.0460754683348,,stop,6,-11601.98167267659,-153.00000000000003,-190.46011901257248,0.0,-11601.98167267659,-115.3508786636757,-1.0166901598631697,1.277200805064953,0.6221953357626335,breakout_up
USDJPY.a,4h,1,0.15,2014-12-02 16:00:00,119.18114605076752,2014-12-09 12:00:00,119.73168098869598,118.43580991734497,,signal,30,8258.024068926914,-15.0,-279.5703391202946,0.0,8258.024068926914,83.08841445058917,0.7386398072510262,0.19473905028730745,3.571346980065691,breakout_up
USDJPY.a,4h,-1,0.1,2014-12-09 20:00:00,118.85821585249808,2014-12-18 00:00:00,118.70246672231507,119.9959081925152,,signal,38,1557.491301830112,-10.0,-329.3344463011913,0.0,1557.491301830112,16.186356554235655,0.13689916395206353,0.9280049714372098,2.895524331691025,breakout_dn
USDJPY.a,4h,1,0.08,2014-12-19 20:00:00,119.58536172016254,2014-12-30 12:00:00,119.48036539338945,118.2656609055742,,signal,34,-839.9706141847219,-8.0,-106.15370576876064,0.0,-839.9706141847219,-8.593638549240971,-0.0795607046782356,0.30488858968238225,0.9370595715084181,breakout_up
USDJPY.a,4h,-1,0.12,2015-01-06 12:00:00,118.86900399721083,2015-01-08 04:00:00,119.77287584413561,119.74464645421921,,stop,10,-10846.462163097442,-156.0,-182.75267899677854,0.0,-10846.462163097442,-111.99158784834502,-1.0322384892263559,1.0780610227767207,0.9318917677869252,breakout_dn
USDJPY.a,4h,-1,0.1,2015-01-13 04:00:00,117.8167470909623,2015-01-13 08:00:00,118.84888219549491,118.83223635790667,,stop,1,-10321.35104532614,-10.0,-156.4583758823166,0.0,-10321.35104532614,-106.65158819421094,-1.0163919384774305,1.0145384521273693,0.07853070786485104,breakout_dn
USDJPY.a,4h,-1,0.1,2015-01-14 08:00:00,117.25310729298295,2015-01-20 04:00:00,117.94835927473227,118.33190690952769,,signal,24,-6952.519817493227,-130.0,-207.1854946453496,0.0,-6952.519817493227,-71.77268464870566,-0.6444681394827763,0.6367194578888349,1.3006190134521234,breakout_dn
USDJPY.a,4h,1,0.1,2015-01-20 08:00:00,118.25239932653712,2015-01-21 16:00:00,117.186472803295,117.20307252677325,,stop,8,-10659.265232421121,-70.0,-165.99723478245693,0.0,-10659.265232421121,-110.55026237034761,-1.0158194029562444,1.0286588761289814,0.5771325707102606,breakout_up
USDJPY.a,4h,1,0.12,2015-02-06 20:00:00,119.17260488491334,2015-02-12 20:00:00,118.7090126412035,118.29685854779365,,signal,25,-5563.1069245180815,-84.0,-239.6966111158961,0.0,-5563.1069245180815,-60.45550065907815,-0.5293681789575996,0.9632982167963628,1.482615524670135,breakout_up
USDJPY.a,4h,1,0.16,2015-02-24 16:00:00,119.46294193982739,2015-02-24 20:00:00,118.8196046573459,118.83009878781976,,stop,1,-10293.39651970372,-112.0,-167.90608758178664,0.0,-10293.39651970372,-110.79061417402004,-1.0165825140725113,1.1044473462501376,0.5594720572536742,breakout_up
USDJPY.a,4h,1,0.18,2015-03-02 04:00:00,119.86850872577858,2015-03-03 20:00:00,119.46707183368997,119.28190645461488,,signal,10,-7225.864057595004,-126.0,-213.41398716105425,0.0,-7225.864057595004,-77.12115190823113,-0.6843425465984692,0.8123199469263745,0.6707973929947663,breakout_up
USDJPY.a,4h,1,0.15,2015-03-06 20:00:00,120.9465699118379,2015-03-18 20:00:00,120.83896834088128,120.28224026361208,,signal,49,-1614.0235643492672,-15.0,-210.94977356173155,0.0,-1614.0235643492672,-17.410023672295136,-0.16197014726647013,0.5081361530972311,1.6173146735683346,breakout_up
USDJPY.a,4h,-1,0.14,2015-03-19 00:00:00,120.0795806022469,2015-03-19 08:00:00,120.8042822247827,120.79016591187244,,stop,2,-10145.822715501055,-28.000000000000004,-169.6283807436539,0.0,-10145.822715501055,-108.93881691894804,-1.0198657539341756,1.0208758722234053,0.5707697538253876,breakout_dn
USDJPY.a,4h,-1,0.15,2015-03-24 12:00:00,119.46097410938492,2015-03-30 12:00:00,119.68505050257076,120.15440360470053,,signal,24,-3361.145897787594,-105.0,-211.51507712257876,0.0,-3361.145897787594,-36.51676294683976,-0.3231422872830811,0.7456070070681816,1.6396390939030248,breakout_dn
USDJPY.a,4h,1,0.14,2015-03-30 16:00:00,119.90100689524428,2015-04-01 08:00:00,119.55600408211996,119.18294974292475,,signal,10,-4830.039383740541,-140.00000000000003,-195.88570064135945,0.0,-4830.039383740541,-52.80583234316207,-0.48046706590118343,0.683799184588844,0.6392152815037637,breakout_up
USDJPY.a,4h,-1,0.14,2015-04-03 20:00:00,118.95253307188018,2015-04-06 20:00:00,119.65791451869575,119.63905379751854,,stop,7,-9875.34025541791,-140.00000000000003,-124.05009648084489,0.0,-9875.34025541791,-108.37198055480908,-1.0274729086433152,1.0538165871789307,0.22655262408219853,breakout_dn
USDJPY.a,4h,1,0.17,2015-04-07 16:00:00,120.04887461946417,2015-04-14 16:00:00,119.4606748861297,119.47188713462776,,stop,31,-9999.39546668611,-68.0,-190.60822446723947,0.0,-9999.39546668611,-109.91360720040366,-1.0194323946233388,1.699992885880842,1.3728640591925683,breakout_up
USDJPY.a,4h,-1,0.13,2015-04-14 20:00:00,119.25879765569168,2015-04-20 20:00:00,119.28273276871298,120.01448323320486,,signal,25,-311.15646927683827,-52.0,-175.05198653701598,0.0,-311.15646927683827,-3.3763862669203255,-0.03167337545340133,0.6380991759762832,0.969712374428512,breakout_dn
USDJPY.a,4h,1,0.15,2015-04-21 12:00:00,119.66058078527725,2015-04-24 12:00:00,119.28506284983887,119.00468466244979,,signal,18,-5632.76903157572,-90.0,-178.11450483398937,0.0,-5632.76903157572,-60.52466964144797,-0.5725265363966282,0.781496897813029,0.653181502088942,breakout_up
USDJPY.a,4h,-1,0.15,2015-04-24 20:00:00,118.96766868174882,2015-04-29 16:00:00,119.28959221987864,119.62244965781949,,signal,18,-4828.853071947349,-90.0,-167.76659635888035,0.0,-4828.853071947349,-50.5646145071511,-0.4916507196981836,0.7045582188713331,0.32784807377429104,breakout_dn
USDJPY.a,4h,1,0.14,2015-04-30 20:00:00,119.87353389176326,2015-05-05 20:00:00,119.8673682848063,119.14173473318745,,signal,19,-86.31849739737164,-42.00000000000001,-157.68802542346975,0.0,-86.31849739737164,-0.9063604288817735,-0.008425271995330382,0.8452235623870102,0.8574293928649598,breakout_up
USDJPY.a,4h,-1,0.18,2015-05-06 20:00:00,119.42010486209477,2015-05-08 08:00:00,119.92573775152873,119.99755331287052,,signal,9,-9101.392009811178,-180.0,-206.5590550343534,0.0,-9101.392009811178,-95.97951620449844,-0.8756329482825419,0.9470891075567386,0.6288091371740197,breakout_dn
USDJPY.a,4h,-1,0.19,2015-05-13 20:00:00,119.08482550578933,2015-05-15 12:00:00,119.64523754592842,119.62840706884181,,stop,10,-10647.828762642874,-171.00000000000003,-148.7790646457064,0.0,-10647.828762642874,-111.13257109143909,-1.0309621926691235,1.532749730384501,0.3657694066605652,breakout_dn
USDJPY.a,4h,1,0.19,2015-05-19 00:00:00,119.99797896443697,2015-06-09 16:00:00,124.11138746989734,119.47034229140503,,signal,97,78154.76160374703,-133.0,-327.2761439013481,0.0,78154.76160374703,818.6510466394587,7.7959109282978245,0.3278372662062764,11.096690838259173,breakout_up
USDJPY.a,4h,-1,0.1,2015-06-10 12:00:00,122.69224281527153,2015-06-11 12:00:00,123.76969253962312,123.74900450922084,,stop,6,-10774.497243515953,-60.0,-146.88030402288842,0.0,-10774.497243515953,-112.56383015022357,-1.019576817101468,1.0510952384897367,0.144065418100614,breakout_dn
USDJPY.a,4h,1,0.18,2015-06-17 16:00:00,123.87286045129994,2015-06-17 20:00:00,123.28923412152024,123.30002832154516,,stop,1,-10505.273936034682,-126.0,-194.29560044844004,0.0,-10505.273936034682,-110.32138346355529,-1.0188435659667672,1.1624006697825857,0.9813338315026011,breakout_up
USDJPY.a,4h,-1,0.14,2015-06-18 12:00:00,122.84680035441983,2015-06-22 16:00:00,123.31467949742637,123.58219260094107,,signal,14,-6550.308002091583,-98.00000000000001,-187.02592793794116,0.0,-6550.308002091583,-68.48552422153064,-0.6362307261462619,0.689699473960283,0.5110202836615947,breakout_dn
USDJPY.a,4h,1,0.16,2015-06-23 08:00:00,123.71206512614519,2015-06-29 00:00:00,122.72954333472094,123.07967872282427,,stop_gap,23,-15720.348662787956,-112.0,-183.30664446481896,0.0,-15720.348662787956,-165.86382062636247,-1.5536731755531428,2.5507587096659843,1.043562717966766,breakout_up
USDJPY.a,4h,-1,0.13,2015-06-29 04:00:00,122.58083635006535,2015-07-01 16:00:00,122.95388038012689,123.35077768527009,,signal,15,-4849.572390799964,-91.0,-204.8898832990161,0.0,-4849.572390799964,-51.36219650685716,-0.484509680159385,0.7872855011394589,0.8388124140569985,breakout_dn
USDJPY.a,4h,1,0.14,2015-07-02 12:00:00,123.49468739539041,2015-07-03 16:00:00,122.78161697116727,122.79104972718666,,stop,7,-9982.985939124064,-70.00000000000001,-132.05858427149434,0.0,-9982.985939124064,-108.05349052204528,-1.0134057007543003,1.2757807547200197,0.3187899322988274,breakout_up
USDJPY.a,4h,-1,0.11,2015-07-08 12:00:00,121.64769583831152,2015-07-10 08:00:00,121.94912828624386,122.4762943356832,,signal,11,-3315.7569272557625,-66.0,-200.82229736501725,0.0,-3315.7569272557625,-36.404087903153446,-0.36378589737790434,0.46742078692757066,1.4961357548243606,breakout_dn
USDJPY.a,4h,1,0.11,2015-07-13 12:00:00,123.34242464585705,2015-07-21 20:00:00,123.92374734151382,122.45165352308753,,signal,39,6394.549652224427,-99.00000000000001,-93.55848669605555,0.0,6394.549652224427,69.39448822255903,0.6526061305729796,0.48320453464948354,1.266964459550583,breakout_up
USDJPY.a,4h,-1,0.23,2015-07-22 08:00:00,123.72175208065082,2015-07-23 16:00:00,124.16689912839102,124.15062208375774,,stop,8,-10238.382098024758,-207.00000000000003,-167.37202656552162,0.0,-10238.382098024758,-111.91750911456873,-1.0379533297161523,1.0778275841174585,0.36316851148944257,breakout_dn
USDJPY.a,4h,-1,0.21,2015-07-27 08:00:00,123.45744633032704,2015-07-29 20:00:00,123.87919849558382,123.90701058016461,,signal,15,-8856.795470392313,-189.00000000000003,-218.33681452063985,0.0,-8856.795470392313,-97.84373502353723,-0.938135462081701,0.9955277134128555,1.0041864549731438,breakout_dn
USDJPY.a,4h,1,0.19,2015-07-30 08:00:00,124.16592793542189,2015-07-31 16:00:00,123.63705329626619,123.64606849302736,,stop,8,-10048.61814395835,-171.00000000000003,-171.28873846219042,0.0,-10048.61814395835,-111.04863047174115,-1.0173416043375954,1.250199347016265,0.7907369397479075,breakout_up
USDJPY.a,4h,1,0.19,2015-08-05 08:00:00,124.4407605609325,2015-08-07 20:00:00,124.27548089152509,123.9377088226536,,signal,15,-3140.313718740814,-152.0,-209.72612204652816,0.0,-3140.313718740814,-34.148725447217316,-0.32855401707364346,0.8483432785514113,1.238917176193033,breakout_up
USDJPY.a,4h,1,0.18,2015-08-12 00:00:00,125.090003875198,2015-08-12 08:00:00,124.55392055532,124.56289036329292,,stop,2,-9649.499757803795,-162.00000000000003,-161.4565435124885,0.0,-9649.499757803795,-106.51358403296541,-1.0170168431852546,1.4816616488834162,0.35285782018712347,breakout_up
USDJPY.a,4h,-1,0.15,2015-08-12 20:00:00,123.86225064914565,2015-08-13 08:00:00,124.54020751336314,124.52146855354518,,stop,3,-10169.352963262383,-135.00000000000003,-146.08439726951966,0.0,-10169.352963262383,-110.73718263627788,-1.0284260480379934,1.0948570207779564,0.11263445463194435,breakout_dn
USDJPY.a,4h,-1,0.2,2015-08-20 00:00:00,123.78131790622145,2015-08-27 12:00:00,120.46030728050319,124.25199471461424,,signal,34,66420.21251436518,-180.00000000000003,-612.2912201271438,0.0,66420.21251436518,773.7439690475264,7.0558195485739015,0.7896758182068295,16.2538662832034,breakout_dn
USDJPY.a,4h,1,0.06,2015-08-28 00:00:00,121.03383974317256,2015-09-01 12:00:00,120.04895066159816,119.461566119879,,signal,16,-5909.334489446451,-54.00000000000001,-132.5920608222168,0.0,-5909.334489446451,-69.7013958232853,-0.6264107385527982,0.6791691518271988,0.44976920451421804,breakout_up
USDJPY.a,4h,1,0.1,2015-09-09 08:00:00,120.35917860761825,2015-09-14 08:00:00,120.31864647391748,119.43122687187997,,signal,19,-405.32133700764916,-90.00000000000001,-167.07052165039565,0.0,-405.32133700764916,-4.753824354546112,-0.04367913991616996,0.41616238511694326,1.0418875843931104,breakout_up
USDJPY.a,4h,-1,0.11,2015-09-14 20:00:00,119.90569019795798,2015-09-17 08:00:00,120.77369145705605,120.75374791221726,,stop,15,-9548.013850078718,-99.00000000000001,-120.37899322659447,0.0,-9548.013850078718,-110.10595539044151,-1.0235167306463346,1.2585343946481704,0.6010088575199825,breakout_dn
USDJPY.a,4h,1,0.12,2015-09-17 12:00:00,120.93704171823354,2015-09-17 20:00:00,120.1743812850394,120.18643034408124,,stop,2,-9151.925198329707,-108.00000000000001,-144.58870850205184,0.0,-9151.925198329707,-105.88534125078317,-1.016052326752243,1.5294755152492594,0.06922128221829679,breakout_up
USDJPY.a,4h,-1,0.1,2015-09-18 16:00:00,119.24051864294042,2015-09-21 08:00:00,120.16601121316221,120.14453076026295,,stop,5,-9254.925702217919,-90.00000000000001,-124.8045289925049,0.0,-9254.925702217919,-107.71847376476015,-1.0237612444431325,1.0591465962816997,0.0226973096347289,breakout_dn
USDJPY.a,4h,-1,0.11,2015-09-24 16:00:00,119.57299474643389,2015-09-25 04:00:00,120.39525590407622,120.37410423019608,,stop,3,-9044.872734065633,-99.00000000000001,-133.66841268154013,0.0,-9044.872734065633,-107.24283268179641,-1.0264029752597705,1.0048629680248236,0.4381358023444534,breakout_dn
USDJPY.a,4h,1,0.1,2015-09-25 12:00:00,120.71346626831885,2015-09-28 16:00:00,119.83714616745401,119.84932495027705,,stop,8,-8763.201008648452,-90.00000000000001,-121.78782823037679,0.0,-8763.201008648452,-104.22778109080444,-1.0140935082824651,1.1809020666102334,0.5977421989862114,breakout_up
USDJPY.a,4h,1,0.12,2015-10-06 00:00:00,120.45198896219449,2015-10-07 08:00:00,119.8733631612423,119.6981886867476,,signal,8,-6943.50961142635,-108.00000000000001,-159.28413018479932,0.0,-6943.50961142635,-80.57184310674121,-0.7676115541469607,0.9206536330635631,0.1485951139233741,breakout_up
USDJPY.a,4h,-1,0.19,2015-10-14 20:00:00,119.20269105783682,2015-10-16 20:00:00,119.60537533653547,119.68419377141927,,signal,12,-7651.001295274496,-171.00000000000003,-280.26278834822716,0.0,-7651.001295274496,-88.15834760826655,-0.8363073921279107,0.9476767820645867,2.377330439781165,breakout_dn
USDJPY.a,4h,1,0.15,2015-10-20 20:00:00,119.8036871565308,2015-10-27 08:00:00,120.55251315292153,119.1999216043763,,signal,28,11232.38994586103,-135.00000000000003,-194.60541235400916,0.0,11232.38994586103,128.65938565443022,1.2402595572380657,0.3207986209873009,2.784711445476712,breakout_up
USDJPY.a,4h,1,0.11,2015-10-30 08:00:00,121.32416318861262,2015-10-30 12:00:00,120.53448244439268,120.5468104571031,,stop,1,-8686.488186419296,-99.00000000000001,-135.60813981469252,0.0,-8686.488186419296,-101.52244508560638,-1.0158589687933395,1.3496616736333877,0.0641109362163087,breakout_up
USDJPY.a,4h,1,0.15,2015-11-04 20:00:00,121.54788250057506,2015-11-11 08:00:00,122.92662749107842,120.92419224576281,,signal,28,20681.174857550457,-135.00000000000003,-161.17526764758637,0.0,20681.174857550457,238.24550853503652,2.210624552596894,0.26436600428316254,3.2918864509803956,breakout_up
USDJPY.a,4h,-1,0.18,2015-11-13 00:00:00,122.60392451319066,2015-11-16 12:00:00,123.14494250401029,123.1272831948512,,stop,10,-9738.323834753259,-162.00000000000003,-155.86756486359897,0.0,-9738.323834753259,-111.2697641412569,-1.0337422685013185,1.0013696250275694,0.7316674521872765,breakout_dn
USDJPY.a,4h,1,0.16,2015-11-17 00:00:00,123.21444919150207,2015-11-19 16:00:00,122.63109465035265,122.63947168439252,,stop,16,-9333.672658390697,-144.00000000000003,-134.03254463783736,0.0,-9333.672658390697,-105.92602848017704,-1.0145693247758145,1.0373435206195503,0.9331683446109232,breakout_up
USDJPY.a,4h,-1,0.19,2015-11-24 12:00:00,122.42720071932104,2015-11-25 16:00:00,122.92561124593917,122.90930715004224,,stop,7,-9469.800005744475,-171.00000000000003,-138.77782204169833,0.0,-9469.800005744475,-106.42307317478783,-1.0338184576225995,1.0449959771855934,0.3592582639105908,breakout_dn
USDJPY.a,4h,1,0.24,2015-11-30 12:00:00,122.95680261708391,2015-12-03 20:00:00,122.55678141528819,122.56556431404078,,stop,20,-9600.508843097374,-216.00000000000003,-210.78957006250593,0.0,-9600.508843097374,-106.65220492499125,-1.022448974663995,1.6941148449129595,1.8152552482516287,breakout_up
USDJPY.a,4h,-1,0.16,2015-12-04 00:00:00,122.46207153886743,2015-12-04 16:00:00,123.07446598499621,123.05552658350696,,stop,4,-9798.311138060399,-144.00000000000003,-159.03042382789184,0.0,-9798.311138060399,-108.81811556461895,-1.0319137930670934,1.5299026764260804,0.07089254569061304,breakout_dn
USDJPY.a,4h,-1,0.15,2015-12-09 20:00:00,121.84939275004194,2015-12-15 20:00:00,121.68025708455303,122.43454999548254,,signal,25,2537.034982333637,-135.00000000000003,-247.71253659119154,0.0,2537.034982333637,29.00776413525696,0.28904310218624607,0.6436000799656627,2.5811741404734443,breakout_dn
USDJPY.a,4h,1,0.1,2015-12-17 00:00:00,122.1573838096837,2015-12-18 08:00:00,121.28390137065634,121.29920511098727,,stop,8,-8734.82439027356,-90.00000000000001,-153.03740330938146,0.0,-8734.82439027356,-100.3720584940078,-1.017832813089141,1.1925066553600325,1.633245141653328,breakout_up
USDJPY.a,4h,-1,0.1,2015-12-21 20:00:00,120.98564545991341,2015-12-30 20:00:00,120.60679969684874,121.85925816317086,,signal,35,3788.457630646747,-90.00000000000001,-75.99393697503831,0.0,3788.457630646747,43.12279847310257,0.4336541371846678,0.3655562000138183,1.0103395436241813,breakout_dn
USDJPY.a,4h,-1,0.18,2016-01-04 08:00:00,119.52827381658545,2016-01-13 08:00:00,118.32080517977201,120.01597359849062,,signal,43,21734.43546264201,-162.00000000000003,-352.98647179224713,0.0,21734.43546264201,261.5723783393037,2.4758441188891993,0.34801365453049077,5.8176647229610134,breakout_dn
USDJPY.a,4h,-1,0.08,2016-01-15 20:00:00,116.75515397670733,2016-01-19 04:00:00,117.63406003626544,117.74311020074815,,signal,9,-7031.24847646484,-72.00000000000001,-128.9605802470381,0.0,-7031.24847646484,-87.00209703979162,-0.889620448933773,0.9189132080969185,0.25320350296917987,breakout_dn
USDJPY.a,4h,-1,0.09,2016-01-20 12:00:00,116.08023678769123,2016-01-20 20:00:00,117.0141044676967,116.98942286402183,,stop,2,-8404.809120049165,-81.00000000000001,-141.13443307381792,0.0,-8404.809120049165,-105.12669281142425,-1.0271469221949339,1.0468299472314857,0.1212477737628166,breakout_dn
USDJPY.a,4h,1,0.08,2016-01-22 12:00:00,118.30108597269633,2016-02-02 08:00:00,120.60095764964923,117.22620294039461,,signal,43,18398.973415623233,-72.00000000000001,-144.67760561232714,0.0,18398.973415623233,215.98707674521552,2.1396483225044935,0.6047969436304732,3.149099879319292,breakout_up
USDJPY.a,4h,-1,0.09,2016-02-03 16:00:00,119.38549922807245,2016-02-13 00:00:00,113.31613015102371,120.33039082296825,,signal,45,54624.3216934386,-81.00000000000001,-290.342718426807,0.0,54624.3216934386,679.8194452082956,6.423349630618737,0.121178738964419,8.896786968455812,breakout_dn
USDJPY.a,4h,1,0.06,2016-02-16 08:00:00,114.79686959517889,2016-02-17 08:00:00,113.45782097084452,113.47588974996633,,stop,6,-8034.2917460062035,-54.00000000000001,-108.4126747308399,0.0,-8034.2917460062035,-99.47297508812814,-1.013678315522594,1.0801600042196589,0.0,breakout_up
USDJPY.a,4h,-1,0.08,2016-02-19 00:00:00,113.20036615692818,2016-02-25 08:00:00,112.56732450510123,114.2664138692717,,signal,27,5064.333214615658,-72.00000000000001,-165.19208161962598,0.0,5064.333214615658,62.67432969104415,0.5938211249807258,0.1713186388912406,2.027457244082254,breakout_dn
USDJPY.a,4h,1,0.08,2016-02-26 20:00:00,113.81215091593396,2016-02-29 16:00:00,112.72269239009007,112.73697828403657,,stop,6,-8715.668206751048,-72.00000000000001,-114.28715157196636,0.0,-8715.668206751048,-107.81974425248744,-1.0132870699296748,1.071596208602078,0.16355427849360185,breakout_up
USDJPY.a,4h,1,0.08,2016-03-02 12:00:00,114.38461431717538,2016-03-02 20:00:00,113.34695368321165,113.36261199649717,,stop,2,-8301.285071709799,-72.00000000000001,-125.26650628406979,0.0,-8301.285071709799,-100.2953876428693,-1.0153212110860201,1.1473695249509943,0.16182515389482563,breakout_up
USDJPY.a,4h,-1,0.11,2016-03-08 04:00:00,112.99767968183625,2016-03-10 00:00:00,113.41608662699569,113.8298804176344,,signal,11,-4602.476396753915,-99.00000000000001,-177.9057939052218,0.0,-4602.476396753915,-54.27059525548075,-0.5027716597224081,0.5327083948544862,0.930880794155104,breakout_dn
USDJPY.a,4h,1,0.1,2016-03-10 16:00:00,114.16937724317015,2016-03-10 16:00:00,113.25811563999936,113.27368150475456,,stop,0,-9112.61603170786,-90.00000000000001,-155.65864755204447,0.0,-9112.61603170786,-106.97185325111393,-1.0173785182708783,1.4451081853529866,0.30548627742035417,breakout_up
USDJPY.a,4h,-1,0.09,2016-03-17 00:00:00,112.51061355391761,2016-03-22 00:00:00,111.94638393907417,113.47107880887329,,signal,18,5078.06653359097,-81.00000000000001,-150.91090333499918,0.0,5078.06653359097,59.83468131460029,0.5874544778504015,0.4595548290841173,1.9226240037208002,breakout_dn
USDJPY.a,4h,1,0.1,2016-03-23 00:00:00,112.34660105289603,2016-03-30 00:00:00,112.63042543438044,111.47004045734951,,signal,30,2838.2438148440774,-90.00000000000001,-131.4913123911769,0.0,2838.2438148440774,33.03402680234222,0.3237932242521667,0.239117585208528,1.6569293149647282,breakout_up
USDJPY.a,4h,-1,0.14,2016-03-30 08:00:00,112.48517244086885,2016-04-12 20:00:00,108.5692972385609,113.14735252181617,,signal,59,54822.25283231123,-126.00000000000003,-232.32267970525487,0.0,54822.25283231123,658.1515558538493,5.913610685337811,0.28214010736153244,7.339653639106494,breakout_dn
USDJPY.a,4h,1,0.11,2016-04-13 16:00:00,109.36593701161904,2016-04-15 16:00:00,108.86727414049163,108.55301413333528,,signal,12,-5485.291582401487,-99.00000000000001,-169.96890918397057,0.0,-5485.291582401487,-65.45540283603226,-0.6134196544943906,0.7047864279925509,0.4466143075557905,breakout_up
USDJPY.a,4h,-1,0.11,2016-04-18 04:00:00,108.05039616114593,2016-04-18 16:00:00,108.85058929115554,108.82933649197784,,stop,3,-8802.124430105792,-99.00000000000001,-134.7807909547463,0.0,-8802.124430105792,-104.97478103128124,-1.0272842454504882,1.157474845205603,0.2803759832446773,breakout_dn
USDJPY.a,4h,1,0.12,2016-04-20 20:00:00,109.534333496099,2016-04-28 04:00:00,108.7804147135144,108.79716195856996,,stop,33,-9047.025391015097,-108.00000000000001,-200.96694066659524,0.0,-9047.025391015097,-106.72844622447069,-1.02271824697911,1.0802553483932207,3.1819819193827827,breakout_up
USDJPY.a,4h,-1,0.08,2016-04-28 08:00:00,109.37272551496562,2016-05-09 12:00:00,107.66892047096594,110.50148300370331,,signal,45,13630.440351997435,-72.00000000000001,-142.72753545506558,0.0,13630.440351997435,171.89767879222663,1.5094518184814656,0.011760263091780472,3.391096451768603,breakout_dn
USDJPY.a,4h,1,0.09,2016-05-09 16:00:00,108.3379104373255,2016-05-23 12:00:00,109.52988074671981,107.42895290340584,,signal,61,10727.732784548762,-81.00000000000001,-128.1465590434059,0.0,10727.732784548762,135.55860582503323,1.3113597334456546,0.19352987434619406,2.471061054952453,breakout_up
USDJPY.a,4h,-1,0.12,2016-05-24 00:00:00,109.23723844043128,2016-05-24 16:00:00,109.95658696271246,109.93762949201631,,stop,4,-8632.182267374163,-108.00000000000001,-119.48964835384481,0.0,-8632.182267374163,-109.83489923521863,-1.027066980158083,1.1604396682815725,0.10171237949152838,breakout_dn
USDJPY.a,4h,1,0.11,2016-05-30 04:00:00,110.79223919320104,2016-06-01 00:00:00,110.70434125791911,110.03793303988706,,signal,11,-966.8772881012302,-99.00000000000001,-146.49232577951662,0.0,-966.8772881012302,-12.077245265876176,-0.11652819600603592,0.39140499106885784,0.8653791354228066,breakout_up
USDJPY.a,4h,-1,0.1,2016-06-01 16:00:00,109.21012712899385,2016-06-22 00:00:00,104.8556857716093,110.08853995450835,,signal,89,43544.41357384545,-90.00000000000001,-173.71543218601832,0.0,43544.41357384545,558.0550878669108,4.957169602839156,0.5542643013220873,6.446999593473439,breakout_dn
USDJPY.a,4h,1,0.09,2016-06-23 16:00:00,105.5170324698111,2016-06-24 00:00:00,104.47921571804225,104.50088786649692,,stop,2,-9340.350765919595,-81.00000000000001,-195.0493360919632,0.0,-9340.350765919595,-115.6488561031609,-1.0213278192729514,2.4750733917281837,1.2675041780354668,breakout_up
USDJPY.a,4h,-1,0.03,2016-06-24 08:00:00,100.78363740445974,2016-06-24 08:00:00,103.16793879764666,103.12089490433625,,stop,0,-7152.904179560749,-27.000000000000004,-114.13167993119349,0.0,-7152.904179560749,-96.33041066014762,-1.0201278178860853,1.05352644955481,0.12135479487164967,breakout_dn
USDJPY.a,4h,1,0.08,2016-07-01 00:00:00,103.30026144054304,2016-07-05 04:00:00,102.21444670897104,102.22453717228902,,stop,14,-8686.517852576002,-72.00000000000001,-80.72370654380313,0.0,-8686.517852576002,-112.84582318140349,-1.009380157737221,1.2078015518343104,0.08435113173029124,breakout_up
USDJPY.a,4h,-1,0.12,2016-07-05 08:00:00,102.15909352270792,2016-07-11 12:00:00,101.91239554050428,102.8396975545317,,signal,26,2960.3757864437057,-108.00000000000001,-249.4929721026475,0.0,2960.3757864437057,38.45943947405049,0.36246917542139656,0.01455541964030262,3.1899510158500877,breakout_dn
USDJPY.a,4h,1,0.08,2016-07-11 16:00:00,102.42613157332539,2016-07-26 04:00:00,105.57842571765033,101.3674459495723,,signal,65,25218.35315459953,-72.00000000000001,-153.1885175946088,0.0,25218.35315459953,321.84265656978886,2.9775545011652316,0.05585376054863535,4.7812762477401325,breakout_up
USDJPY.a,4h,-1,0.09,2016-07-26 08:00:00,104.80386388067531,2016-07-27 04:00:00,105.7977675840445,105.7714282349663,,stop,5,-8945.133330322662,-81.00000000000001,-156.05414170376173,0.0,-8945.133330322662,-113.30437029419083,-1.0272223226924275,1.7891689701541715,0.8432140736242397,breakout_dn
USDJPY.a,4h,-1,0.05,2016-07-29 20:00:00,102.30559196388519,2016-08-05 20:00:00,101.75847383521673,104.02771158159536,,signal,31,2735.5906433422915,-45.00000000000001,-84.73835216739968,0.0,2735.5906433422915,35.3058718529765,0.3177004216443109,0.3033517711211241,0.9468517442785599,breakout_dn
USDJPY.a,4h,1,0.11,2016-08-08 12:00:00,102.30157768042915,2016-08-10 04:00:00,101.4966224786684,101.5071728768604,,stop,10,-8854.50721936823,-99.00000000000001,-116.05438011199001,0.0,-8854.50721936823,-113.49437404614444,-1.013280884184737,1.4458342588933457,0.4398542380422644,breakout_up
USDJPY.a,4h,-1,0.11,2016-08-16 08:00:00,100.46446613149635,2016-08-22 04:00:00,100.57369432387807,101.21364737731597,,signal,24,-1201.510116198932,-99.00000000000001,-169.2751253174909,0.0,-1201.510116198932,-15.720477738599886,-0.14579675210932985,0.9270572006161552,1.239307759874043,breakout_dn
USDJPY.a,4h,1,0.14,2016-08-26 20:00:00,101.21055531018122,2016-09-06 20:00:00,102.26721059542861,100.602120442021,,signal,44,14793.173993463428,-126.00000000000003,-246.1033279987581,0.0,14793.173993463428,188.7115076139738,1.7366777292736337,0.032140350930822424,5.103988696783627,breakout_up
USDJPY.a,4h,-1,0.1,2016-09-07 00:00:00,102.00756983861228,2016-09-08 20:00:00,102.29804386629144,102.89494045713843,,signal,11,-2904.7402767915287,-90.00000000000001,-160.87732582857637,0.0,-2904.7402767915287,-37.07843324757522,-0.3273423996859475,0.3351814396128314,0.9179589921122489,breakout_dn
USDJPY.a,4h,-1,0.08,2016-09-21 16:00:00,100.9231579652173,2016-09-29 08:00:00,101.37397963742323,101.93044989967656,,signal,35,-3606.5733776474644,-72.00000000000001,-111.67419877173046,0.0,-3606.5733776474644,-46.2777973857959,-0.44755810781702066,0.48232495283854177,0.83606145984817,breakout_dn
USDJPY.a,4h,1,0.12,2016-09-29 12:00:00,101.53375252046443,2016-09-30 08:00:00,100.80542126191376,100.8180362576767,,stop,5,-8739.975102608014,-108.00000000000001,-151.37994915511075,0.0,-8739.975102608014,-113.26062231130325,-1.017625693894107,1.1076351924387424,0.4209034993311362,breakout_up
USDJPY.a,4h,1,0.12,2016-10-04 08:00:00,102.12734488516116,2016-10-19 12:00:00,103.51980860646101,101.39062775187557,,signal,69,16709.56465559817,-108.00000000000001,-148.59344493571945,0.0,16709.56465559817,210.27796123561893,1.890092762047991,0.13077595295155148,3.3970366668107004,breakout_up
USDJPY.a,4h,1,0.16,2016-10-24 20:00:00,104.21718637157804,2016-11-01 20:00:00,104.27000983657048,103.66123690698164,,signal,37,845.1754398790855,-144.00000000000003,-223.68522974446023,0.0,845.1754398790855,10.611774671707273,0.09501486799846331,0.3618788835853782,2.357792770559793,breakout_up
USDJPY.a,4h,-1,0.12,2016-11-02 00:00:00,104.11521484824402,2016-11-07 04:00:00,103.9741306084818,104.83901634295144,,signal,19,1693.010877146662,-108.00000000000001,-219.13460356308883,0.0,1693.010877146662,21.191101793897538,0.19492117769009665,0.4970771052378228,2.170781436254371,breakout_dn
USDJPY.a,4h,1,0.1,2016-11-07 12:00:00,104.58574465731338,2016-11-09 04:00:00,103.66498143224362,103.68572921240472,,stop,10,-9207.632250697628,-90.00000000000001,-207.47780161102236,0.0,-9207.632250697628,-114.0607218548591,-1.023052693460397,3.750763030134424,0.9769336155957319,breakout_up
USDJPY.a,4h,-1,0.06,2016-11-09 08:00:00,101.26246613609074,2016-11-09 08:00:00,102.69798613993737,102.66418534407349,,stop,0,-8613.1200230798,-54.00000000000001,-148.80477518328385,0.0,-8613.1200230798,-111.14891111887955,-1.024113813716319,1.7881854294602155,0.05455167886353932,breakout_dn
USDJPY.a,4h,1,0.05,2016-11-10 00:00:00,105.90880115022678,2016-11-28 04:00:00,112.30589416116094,104.1358761294231,,signal,76,31985.465054670785,-45.00000000000001,-121.05838839064256,0.0,31985.465054670785,384.15124219793006,3.6082140732800396,0.5385457021718636,4.504532767072687,breakout_up
USDJPY.a,4h,1,0.07,2016-11-30 20:00:00,114.36165250111037,2016-12-05 00:00:00,113.02371040191639,113.04049988042237,,stop,14,-9365.594694357867,-63.000000000000014,-117.52634954190901,0.0,-9365.594694357867,-110.83599538611071,-1.0127082051256433,1.1373799495836159,0.34768693010684876,breakout_up
USDJPY.a,4h,1,0.1,2016-12-09 08:00:00,114.44631467347033,2016-12-19 08:00:00,117.27732088838236,113.46365054934958,,signal,38,28310.062149120375,-90.00000000000001,-213.58223235253791,0.0,28310.062149120375,331.35073222948193,2.880950006641512,0.16416054021985196,4.2870043009853935,breakout_up
USDJPY.a,4h,-1,0.15,2016-12-26 12:00:00,117.01477156883229,2016-12-27 20:00:00,117.53032272451726,117.647907971908,,signal,8,-7733.267335274619,-135.00000000000003,-159.6817355175058,0.0,-7733.267335274619,-91.61616285776356,-0.814281335239107,0.9448650058053544,0.24129329492056467,breakout_dn
USDJPY.a,4h,-1,0.15,2016-12-29 08:00:00,116.7025406659846,2017-01-02 08:00:00,117.34254045467677,117.32085135550435,,stop,13,-9599.996830382479,-135.00000000000003,-190.3364875863699,0.0,-9599.996830382479,-113.94787003371518,-1.0350779948334166,1.2104906913330857,1.076385508556439,breakout_dn
USDJPY.a,4h,1,0.11,2017-01-03 12:00:00,118.07142955835346,2017-01-04 16:00:00,117.18732373244066,117.20158602347385,,stop,7,-9725.164085040773,-99.00000000000001,-156.88520136511673,0.0,-9725.164085040773,-113.9358814480574,-1.0163963867768069,1.1777170459687902,0.6099607807282044,breakout_up
USDJPY.a,4h,-1,0.09,2017-01-05 04:00:00,116.35845702541305,2017-01-07 00:00:00,117.03163500476369,117.42501264782636,,signal,11,-6058.601814155764,-81.00000000000001,-209.4300857464306,0.0,-6058.601814155764,-71.01349359396316,-0.6311700629615793,0.7655887395158466,1.212742212624893,breakout_dn
USDJPY.a,4h,-1,0.06,2017-01-12 12:00:00,113.97453548513364,2017-01-19 00:00:00,114.31472627971188,115.46887083176254,,signal,28,-2041.1447674694043,-54.00000000000001,-140.71535654247256,0.0,-2041.1447674694043,-23.729603233250767,-0.2276535821398301,0.9806798173999721,0.9425832617231346,breakout_dn
USDJPY.a,4h,1,0.08,2017-01-19 20:00:00,115.31327893030631,2017-01-23 00:00:00,114.10068554086712,114.11819212085904,,stop,8,-9700.747115513537,-72.00000000000001,-140.05263993534484,0.0,-9700.747115513537,-112.46079208665464,-1.0146487935884871,1.3323542003134752,0.25330466983707806,breakout_up
USDJPY.a,4h,-1,0.07,2017-01-23 20:00:00,112.8787516253955,2017-01-26 12:00:00,114.16672852106046,114.14067111125429,,stop,16,-9015.83826965478,-63.000000000000014,-119.40186864321288,0.0,-9015.83826965478,-104.72710382524359,-1.0206490272146307,1.2150128370203124,0.28508286735160515,breakout_dn
USDJPY.a,4h,1,0.08,2017-01-26 16:00:00,114.42367220607049,2017-01-30 20:00:00,113.85294089200865,113.26983934625511,,signal,14,-4565.850512494762,-72.00000000000001,-160.94572786170392,0.0,-4565.850512494762,-53.2132750388898,-0.49463950450602095,0.6661902541009989,0.8218935575133862,breakout_up
USDJPY.a,4h,-1,0.08,2017-01-31 20:00:00,112.69384628710127,2017-02-01 16:00:00,113.90140428202986,113.87547677370937,,stop,5,-9660.46395942874,-72.00000000000001,-135.42006656396427,0.0,-9660.46395942874,-112.44121316713213,-1.0219421457167361,1.061375554466953,0.21905857206197227,breakout_dn
USDJPY.a,4h,-1,0.09,2017-02-07 00:00:00,111.74507101084573,2017-02-09 16:00:00,112.79907500564592,112.77581421661269,,stop,16,-9486.03595320165,-81.00000000000001,-128.34710129902663,0.0,-9486.03595320165,-110.21696920798253,-1.022567006896662,1.5017600703004321,0.15238617142168545,breakout_dn
USDJPY.a,4h,1,0.1,2017-02-09 20:00:00,113.26526953606819,2017-02-16 16:00:00,113.54203217501035,112.29728073111832,,signal,30,2767.6263894215936,-90.00000000000001,-179.35649979299725,0.0,2767.6263894215936,31.611097457357882,0.2859151237358501,0.42590320669002535,1.7435433708546044,breakout_up
USDJPY.a,4h,-1,0.11,2017-02-17 16:00:00,112.84167071015392,2017-02-21 04:00:00,113.40546924413881,113.691077368039,,signal,10,-6201.783873833832,-99.00000000000001,-142.32337105385187,0.0,-6201.783873833832,-71.2258173142597,-0.6637557273081446,0.6843945528912134,0.2680349960062564,breakout_dn
USDJPY.a,4h,-1,0.13,2017-02-23 16:00:00,112.77081058303504,2017-03-01 04:00:00,113.14925725748385,113.4947833654573,,signal,22,-4919.80676783453,-117.00000000000001,-240.68869458017144,0.0,-4919.80676783453,-56.78624362279034,-0.5227360525662469,0.6121630919357803,1.4997947566511567,breakout_dn
USDJPY.a,4h,1,0.1,2017-03-01 08:00:00,113.59601031052073,2017-03-06 00:00:00,113.87115545514175,112.65227425161473,,signal,17,2751.4514462102115,-90.00000000000001,-156.8908971650446,0.0,2751.4514462102115,31.885993876842125,0.2915488308669441,0.24160389800623439,1.2174905034477719,breakout_up
USDJPY.a,4h,1,0.14,2017-03-09 12:00:00,114.88965114951431,2017-03-13 12:00:00,114.60978283864169,114.22179928307338,,signal,13,-3918.1563522166134,-126.00000000000003,-174.08051803277073,0.0,-3918.1563522166134,-45.11174082908526,-0.4190574660876092,0.5744554575535383,0.9138985472007805,breakout_up
USDJPY.a,4h,-1,0.13,2017-03-16 00:00:00,113.34982322290479,2017-03-29 00:00:00,111.11660281785556,114.08842214871491,,signal,54,29031.86526563991,-117.00000000000001,-197.67326424489582,0.0,29031.86526563991,342.2300447884534,3.0235901069037476,0.262898807877669,4.391860195771129,breakout_dn
USDJPY.a,4h,1,0.12,2017-03-31 00:00:00,111.81037836514622,2017-04-03 16:00:00,111.02547171695906,111.03609913809929,,stop,11,-9418.879778245924,-108.00000000000001,-127.52905368273892,0.0,-9418.879778245924,-110.97237711818524,-1.013725566654759,1.1551108875248335,0.494164923309488,breakout_up
USDJPY.a,4h,-1,0.13,2017-04-04 04:00:00,110.66629625018341,2017-04-05 16:00:00,111.37797729943013,111.35886536486346,,stop,9,-9251.853640207373,-117.00000000000001,-131.45514936670884,0.0,-9251.853640207373,-109.85446084810633,-1.0275957072897997,1.1041551429417402,0.5794313400313746,breakout_dn
USDJPY.a,4h,-1,0.11,2017-04-11 20:00:00,109.73021580716683,2017-04-18 04:00:00,109.14048050281326,110.52914384357298,,signal,27,6487.088347889241,-99.00000000000001,-142.571061891631,0.0,6487.088347889241,78.42291032370267,0.7381582288767774,0.23379351371043502,2.0042053028576032,breakout_dn
USDJPY.a,4h,1,0.14,2017-04-20 20:00:00,109.3312454361657,2017-05-12 20:00:00,113.28620280137645,108.69264533600105,,signal,99,55369.403112950444,-126.00000000000003,-190.32156145945697,0.0,55369.403112950444,660.8600659282808,6.193167467701661,0.7097484576792897,7.882483204334648,breakout_up
USDJPY.a,4h,-1,0.13,2017-05-17 04:00:00,112.67878515614062,2017-05-23 20:00:00,111.66669854013634,113.40821395408803,,signal,29,13157.12600805567,-117.00000000000001,-226.16204354476017,0.0,13157.12600805567,157.45026781826036,1.3875057015191445,0.06884132351325106,3.355756124557502,breakout_dn
USDJPY.a,4h,1,0.11,2017-05-24 00:00:00,111.82941864441231,2017-05-26 12:00:00,111.23629453496673,110.94114598636631,,signal,15,-6524.3652039014105,-99.00000000000001,-147.5202307318023,0.0,-6524.3652039014105,-79.01828129614434,-0.667727531713425,0.717593453584955,0.33275971393501674,breakout_up
USDJPY.a,4h,-1,0.17,2017-05-30 20:00:00,110.67555519944901,2017-06-01 16:00:00,111.26005176102487,111.24274775164571,,stop,11,-9936.441546789638,-153.00000000000003,-141.16815944560824,0.0,-9936.441546789638,-120.85482299303331,-1.0305081745381575,1.4147661097508568,0.3500666549305204,breakout_dn
USDJPY.a,4h,1,0.17,2017-06-02 08:00:00,111.60609471924681,2017-06-02 16:00:00,111.06100176663985,111.0704917734208,,stop,2,-9266.580194318394,-153.00000000000003,-161.33011527609364,0.0,-9266.580194318394,-112.98222173888675,-1.0177183618105663,2.3900068683764237,0.18652862448154728,breakout_up
USDJPY.a,4h,-1,0.15,2017-06-06 08:00:00,109.85080495031559,2017-06-08 08:00:00,109.9518748360478,110.46977458139729,,signal,12,-1516.0482859832314,-135.00000000000003,-206.24508143408758,0.0,-1516.0482859832314,-18.310814912554576,-0.1632873095172505,0.2539624592077215,1.1952201096243147,breakout_dn
USDJPY.a,4h,1,0.12,2017-06-09 20:00:00,110.62543518739083,2017-06-12 12:00:00,109.87429061712974,109.88397981944846,,stop,5,-9013.73484313308,-108.00000000000001,-116.2704278245303,0.0,-9013.73484313308,-108.74831389469507,-1.0130678159976096,1.0808947133458733,0.0,breakout_up
USDJPY.a,4h,-1,0.13,2017-06-14 20:00:00,109.14310234838348,2017-06-14 20:00:00,109.85959357458745,109.83874709716268,,stop,0,-9314.38594065162,-117.00000000000001,-154.00420652195749,0.0,-9314.38594065162,-112.08460435201962,-1.0299671311561722,1.0348639199532235,0.4860273134769056,breakout_dn
USDJPY.a,4h,1,0.1,2017-06-15 20:00:00,110.66841838361638,2017-07-12 00:00:00,113.81410865186248,109.7938663797731,,signal,113,31456.90268246099,-90.00000000000001,-117.82696275030315,0.0,31456.90268246099,361.63691201901463,3.596916197575619,0.030207904733269935,4.369759144784318,breakout_up
USDJPY.a,4h,-1,0.14,2017-07-12 20:00:00,113.17744294880104,2017-07-20 12:00:00,112.29308419882803,113.85460551373275,,signal,35,12381.02249962225,-126.00000000000003,-170.35756718458495,0.0,12381.02249962225,139.36490115958233,1.3059770220201234,0.5870924823480957,2.4033268126172627,breakout_dn
USDJPY.a,4h,-1,0.14,2017-07-21 20:00:00,111.17432537135932,2017-07-25 16:00:00,111.46746703536861,111.86303693053544,,signal,12,-4103.983296130167,-126.00000000000003,-181.07699032117688,0.0,-4103.983296130167,-46.26341568458092,-0.4256377871165238,0.5033669379027047,0.8077770206511805,breakout_dn
USDJPY.a,4h,1,0.16,2017-07-26 20:00:00,112.1223464842192,2017-07-26 20:00:00,111.47820505006456,111.48922477639337,,stop,0,-10306.262946474135,-144.00000000000003,-176.31562126090705,0.0,-10306.262946474135,-115.98882719674326,-1.0174053838189403,1.6842677656419232,0.11633389736980512,breakout_up
USDJPY.a,4h,-1,0.13,2017-07-29 00:00:00,110.56889445091265,2017-08-02 12:00:00,110.80327286909797,111.31744374786707,,signal,16,-3046.919436409098,-117.00000000000001,-163.09459654723668,0.0,-3046.919436409098,-34.5387940259694,-0.31311019746984814,0.46771208056944125,0.873548948042709,breakout_dn
USDJPY.a,4h,-1,0.16,2017-08-09 08:00:00,109.80604203114008,2017-08-14 12:00:00,109.75377024035049,110.41385818491439,,signal,20,836.3486526334327,-144.00000000000003,-184.64769121552214,0.0,836.3486526334327,9.684290594782722,0.08599934448105975,0.6086675494927576,1.780212691651916,breakout_dn
USDJPY.a,4h,1,0.16,2017-08-15 08:00:00,110.21290405037792,2017-08-17 04:00:00,109.98960148016005,109.60394842083974,,signal,11,-3572.841123485887,-144.00000000000003,-204.75263487842207,0.0,-3572.841123485887,-41.00686184645915,-0.36669760387504574,0.3857490414466982,1.2022155869998181,breakout_up
USDJPY.a,4h,-1,0.13,2017-08-18 04:00:00,109.31999391040694,2017-08-23 00:00:00,109.5724344813294,110.04311734079083,,signal,18,-3281.7274219919736,-117.00000000000001,-167.2965145640314,0.0,-3281.7274219919736,-37.86191960398124,-0.34909748504268956,0.4591278274814152,0.9956722188143036,breakout_dn
USDJPY.a,4h,-1,0.16,2017-08-29 00:00:00,108.78859070439839,2017-08-29 20:00:00,109.39852808516085,109.3860779878656,,stop,5,-9758.998092199363,-16.0,-183.20155672375728,0.0,-9758.998092199363,-111.7878672992115,-1.0208374264017728,1.8701808833776268,0.8729737332175549,breakout_dn
USDJPY.a,4h,1,0.12,2017-08-30 16:00:00,110.29857977839721,2017-09-04 08:00:00,109.50933214594119,109.51963924953284,,stop,16,-9470.971589472298,-12.0,-123.68524309990941,0.0,-9470.971589472298,-108.76646645863595,-1.013232208634315,1.1754167930279058,0.4793950343644357,breakout_up
USDJPY.a,4h,-1,0.15,2017-09-05 08:00:00,109.30063549858316,2017-09-11 16:00:00,108.84010055202354,109.94456169104365,,signal,26,6908.024198394287,-750.0,-243.01656070636864,0.0,6908.024198394287,79.02292099718683,0.7151983440833263,0.39502120645986083,3.080532399223535,breakout_dn
USDJPY.a,4h,1,0.13,2017-09-12 12:00:00,109.7026827169529,2017-09-25 20:00:00,111.55750663426244,108.93439971276425,,signal,56,24112.71092502391,-13.0,-194.82750917657077,0.0,24112.71092502391,271.68261909530946,2.4142456714479903,0.20003399283210227,3.92214492136173,breakout_up
USDJPY.a,4h,1,0.14,2017-09-27 12:00:00,112.91133488184568,2017-10-10 16:00:00,112.1700891112035,112.17832041662125,,stop,55,-10377.440788990527,-14.000000000000002,-115.23827584860798,0.0,-10377.440788990527,-118.81869700014725,-1.0112293901529372,1.2569122787550908,0.7212205805412851,breakout_up
USDJPY.a,4h,-1,0.18,2017-10-10 20:00:00,112.19042300140805,2017-10-17 16:00:00,112.45513234804504,112.74575369451718,,signal,29,-4764.768239465837,-18.0,-184.7645296215838,0.0,-4764.768239465837,-54.140112069384095,-0.47666975717651056,0.7105261846465353,0.9695538317782916,breakout_dn
USDJPY.a,4h,1,0.2,2017-10-18 12:00:00,112.65603363599001,2017-10-30 20:00:00,113.1136768297091,112.15583920107636,,signal,50,9152.863874381865,-20.0,-252.92681163568716,0.0,9152.863874381865,105.39416858381044,0.9149305985343389,0.7237858135157257,3.590536476720337,breakout_up
USDJPY.a,4h,1,0.15,2017-11-03 20:00:00,114.32238988418588,2017-11-08 00:00:00,113.66469387284931,113.67401247228946,,stop,13,-9865.440170048529,-15.0,-139.77899160219235,0.0,-9865.440170048529,-113.24572631507007,-1.0143721839613347,1.05091551877617,0.6332887424519339,breakout_up
USDJPY.a,4h,-1,0.16,2017-11-08 16:00:00,113.45397300641034,2017-11-09 04:00:00,114.07416814335815,114.06429161734697,,stop,3,-9923.122191165021,-16.0,-142.02441617896727,0.0,-9923.122191165021,-113.41238298030176,-1.0161825738789552,1.0060761421765256,0.05074891352698858,breakout_dn
USDJPY.a,4h,-1,0.16,2017-11-09 16:00:00,113.31875461670394,2017-11-14 12:00:00,113.87233757588129,113.93181050880624,,signal,17,-8857.327346837565,-16.0,-170.802428200902,0.0,-8857.327346837565,-102.07365932286316,-0.9029893787970905,0.9676856399857829,0.37150710014861754,breakout_dn
USDJPY.a,4h,-1,0.17,2017-11-15 12:00:00,112.83238323776897,2017-11-27 00:00:00,111.38516037796083,113.40680516334106,,signal,45,24602.78861673831,-17.0,-175.4528506680159,0.0,24602.78861673831,289.7892512177037,2.5194422346723138,0.8697731405942315,3.0733214718618833,breakout_dn
USDJPY.a,4h,-1,0.17,2017-11-27 16:00:00,111.03239787809925,2017-11-28 20:00:00,111.58821768895575,111.57822851238812,,stop,7,-9448.936784560588,-17.0,-152.81600164955924,0.0,-9448.936784560588,-111.5960211604775,-1.0183008719923594,1.1113376270847244,0.34882226489046975,breakout_dn
USDJPY.a,4h,1,0.15,2017-11-29 20:00:00,111.76011135389655,2017-12-06 08:00:00,112.13629093794894,111.1338541957565,,signal,27,5642.693760785917,-15.0,-201.27186153188197,0.0,5642.693760785917,66.38319986009324,0.6006790966982765,0.5670375967457341,2.12195362373211,breakout_up
USDJPY.a,4h,1,0.16,2017-12-08 04:00:00,113.2507264513616,2017-12-13 20:00:00,112.64466073656105,112.65284369952005,,stop,22,-9697.051436808806,-16.0,-130.92740734393948,0.0,-9697.051436808806,-112.68883302137077,-1.0136865680332692,1.3292346181818122,0.8367418981355451,breakout_up
USDJPY.a,4h,-1,0.18,2017-12-14 00:00:00,112.48649149912063,2017-12-19 16:00:00,113.03787152169392,113.02953086393308,,stop,22,-9924.840406319105,-18.0,-132.13183969516237,0.0,-9924.840406319105,-114.80360378389305,-1.0153592139010414,1.0155958050478462,0.8387817322929156,breakout_dn
USDJPY.a,4h,1,0.19,2017-12-19 20:00:00,112.99487707385195,2017-12-26 20:00:00,113.19411397119367,112.49762281594384,,signal,24,3785.50104949268,-19.0,-109.66909464037707,0.0,3785.50104949268,43.29034376189378,0.40067409011214067,0.3134755939701962,1.2913372101616225,breakout_up
USDJPY.a,4h,-1,0.3,2017-12-28 08:00:00,112.99545950280897,2018-01-04 20:00:00,112.79495942899435,113.32251508211014,,signal,27,6015.002214438709,-30.0,-237.56573965992388,0.0,6015.002214438709,67.83224674029185,0.6130458750865408,0.11172565002285972,2.8755341976384003,breakout_dn
USDJPY.a,4h,1,0.26,2018-01-05 08:00:00,112.88401624836027,2018-01-09 04:00:00,112.49425959125738,112.500865561203,,stop,11,-10133.673084675223,-26.0,-171.75521858628898,0.0,-10133.673084675223,-114.5251096659097,-1.017241179950992,1.0126988189401511,1.3127570130998534,breakout_up
USDJPY.a,4h,-1,0.18,2018-01-10 08:00:00,112.28224613226496,2018-01-18 00:00:00,111.14461231639298,112.81257037146582,,signal,34,20477.40868569562,-18.0,-238.04339014714168,0.0,20477.40868569562,230.93547767096695,2.1451665448787622,0.18432849285248576,3.9376780805110667,breakout_dn
USDJPY.a,4h,-1,0.16,2018-01-24 04:00:00,110.23048682800692,2018-01-31 20:00:00,109.37205622409381,110.86326467617786,,signal,34,13734.889662609703,-800.0,-257.7991710021718,0.0,13734.889662609703,155.95755746734537,1.3566065980255366,0.10985399092905802,3.079258911542261,breakout_dn
USDJPY.a,4h,1,0.13,2018-02-01 12:00:00,109.5463527971768,2018-02-06 00:00:00,109.22390617614927,108.7848526117304,,signal,15,-4191.80607335781,-13.0,-210.43942011901356,0.0,-4191.80607335781,-48.796598266383185,-0.42343603742985897,0.5546325598452936,1.2313157905188796,breakout_up
USDJPY.a,4h,-1,0.11,2018-02-06 08:00:00,108.6410559375981,2018-02-06 16:00:00,109.51992129541935,109.50528364328218,,stop,2,-9667.5189360338,-11.0,-150.01417350875013,0.0,-9667.5189360338,-112.37384367343807,-1.016937263224605,1.1709229590144836,0.03362069672957592,breakout_dn
USDJPY.a,4h,-1,0.1,2018-02-09 20:00:00,108.44812653011284,2018-02-20 04:00:00,106.78632298303354,109.39614291092465,,signal,38,16618.03547079302,-10.0,-146.4596606705544,0.0,16618.03547079302,197.1942643477348,1.7529270387250713,0.50935139904825,3.061262008603355,breakout_dn
USDJPY.a,4h,1,0.13,2018-02-20 12:00:00,107.11911461292178,2018-02-22 16:00:00,107.03963281893597,106.3725801468867,,signal,13,-1033.2633218154824,-13.0,-191.54670766476525,0.0,-1033.2633218154824,-12.33894849093771,-0.10646768180435526,0.1193710631942736,1.0527114591937716,breakout_up
USDJPY.a,4h,-1,0.13,2018-03-02 00:00:00,106.19224526420778,2018-03-06 04:00:00,106.32158946444574,106.89266385454563,,signal,13,-1681.4746030933775,-13.0,-171.32607558927168,0.0,-1681.4746030933775,-20.31694827757575,-0.18466700059397753,0.27519934286616454,1.3495433691327998,breakout_dn
USDJPY.a,4h,1,0.14,2018-03-09 04:00:00,106.66056400688716,2018-03-15 00:00:00,105.99328738424173,106.00395310446069,,stop,23,-9341.872717036042,-14.000000000000002,-149.32008306546658,0.0,-9341.872717036042,-111.58452128745864,-1.0162435929399773,1.2283743750013139,0.9647052626936546,breakout_up
USDJPY.a,4h,-1,0.13,2018-03-15 04:00:00,105.85803312557873,2018-03-20 08:00:00,106.32272094654668,106.57704801459747,,signal,19,-6040.941672583386,-13.0,-174.74461021378258,0.0,-6040.941672583386,-73.75056255028021,-0.646284003384307,0.7732341609504342,0.35469797562437966,breakout_dn
USDJPY.a,4h,-1,0.13,2018-03-22 04:00:00,105.60152262037548,2018-03-27 00:00:00,105.41021672192167,106.27856395956384,,signal,17,2486.9766798994706,-13.0,-187.63476996334145,0.0,2486.9766798994706,30.438357833408144,0.2825616212492175,0.5339073978227918,1.433476161941511,breakout_dn
USDJPY.a,4h,1,0.12,2018-03-28 16:00:00,106.16534994496062,2018-04-02 20:00:00,106.00844702542793,105.38462131193317,,signal,19,-1882.8350343923714,-12.0,-133.27138972974407,0.0,-1882.8350343923714,-23.278861668747787,-0.2009698541787449,0.2847979894094759,1.0844357683620494,breakout_up
USDJPY.a,4h,1,0.15,2018-04-05 00:00:00,106.77000823370655,2018-04-10 00:00:00,106.76438850644932,106.15134406237307,,signal,18,-84.29590885839389,-15.0,-168.34480652020707,0.0,-84.29590885839389,-1.025306691971303,-0.009083647506390123,0.24893672664863853,1.1686336461591103,breakout_up
USDJPY.a,4h,1,0.18,2018-04-13 12:00:00,107.61922334488908,2018-04-16 20:00:00,107.11092235260759,107.08487055040769,,signal,8,-9149.417861066837,-18.0,-182.7953061269631,0.0,-9149.417861066837,-109.87022335575426,-0.951246063520289,0.9716864031618065,0.29900967443425835,breakout_up
USDJPY.a,4h,1,0.21,2018-04-20 08:00:00,107.65333965499352,2018-05-03 16:00:00,109.25086333894872,107.20934484685172,,signal,56,33547.99736305925,-21.0,-215.73976415383552,0.0,33547.99736305925,407.9303128299387,3.5980683887749727,0.3926614721536101,5.366414879891012,breakout_up
USDJPY.a,4h,-1,0.18,2018-05-04 16:00:00,108.80361154979639,2018-05-07 08:00:00,109.32455856778971,109.31544848346552,,stop,4,-9377.046323879797,-18.0,-145.9815178353277,0.0,-9377.046323879797,-114.21113942612736,-1.0177988021670998,1.0284299853669576,0.08911343983995429,breakout_dn
USDJPY.a,4h,1,0.16,2018-05-09 08:00:00,109.47363327625183,2018-05-11 04:00:00,109.23235034210138,108.9147240959568,,signal,11,-3860.5269464071625,-16.0,-180.78905275563886,0.0,-3860.5269464071625,-46.88000291668405,-0.4317032939467577,0.500319705080204,0.97576984414586,breakout_up
USDJPY.a,4h,1,0.17,2018-05-15 16:00:00,110.25487590372524,2018-05-23 08:00:00,110.48647040050807,109.71144113728175,,signal,34,3937.1064453081603,-17.0,-188.00638272571064,0.0,3937.1064453081603,47.24676158181431,0.4261679801947654,0.3954033068798447,2.099836386514007,breakout_up
USDJPY.a,4h,-1,0.17,2018-05-23 12:00:00,109.85825822904322,2018-06-01 08:00:00,109.11472337491439,110.41795994919326,,signal,41,12640.092520190025,-17.0,-228.59474708928417,0.0,12640.092520190025,153.6966063118717,1.3284483991392737,0.8446316206247404,3.118193434487475,breakout_dn
USDJPY.a,4h,1,0.13,2018-06-01 16:00:00,109.69494811408435,2018-06-08 00:00:00,109.68387468541312,108.985972329378,,signal,26,-143.95457272610201,-13.0,-133.2581792587139,0.0,-143.95457272610201,-1.721186899360149,-0.015618909573653562,0.45692408834320547,0.8054603531376903,breakout_up
USDJPY.a,4h,-1,0.17,2018-06-08 12:00:00,109.31456174338652,2018-06-11 08:00:00,109.86276012735583,109.85342763529675,,stop,5,-9319.372527478223,-17.0,-141.6523650041999,0.0,-9319.372527478223,-111.64660487578948,-1.0173187655763296,1.4019040135116154,0.21630937332723907,breakout_dn
USDJPY.a,4h,1,0.17,2018-06-12 04:00:00,110.32352117054909,2018-06-14 12:00:00,109.94566540888212,109.76818163317522,,signal,14,-6423.547948338396,-17.0,-181.37609800769565,0.0,-6423.547948338396,-77.3112825578606,-0.6804049347067879,0.7302220412159712,0.9444291179610746,breakout_up
USDJPY.a,4h,-1,0.16,2018-06-19 08:00:00,109.71336923116547,2018-06-20 20:00:00,110.28734220027144,110.2783904898708,,stop,9,-9183.567505695464,-16.0,-127.22736641014146,0.0,-9183.567505695464,-112.87111217711818,-1.0158431391079854,1.30549206329812,0.2873683576747506,breakout_dn
USDJPY.a,4h,-1,0.17,2018-06-25 04:00:00,109.62058811220243,2018-06-26 20:00:00,110.18043712968762,110.17081868589288,,stop,10,-9517.43329724826,-17.0,-146.5135445104094,0.0,-9517.43329724826,-116.96430328448956,-1.0174807512607376,1.0839308397520935,0.4608760841869968,breakout_dn
USDJPY.a,4h,1,0.13,2018-06-27 16:00:00,110.3060903488897,2018-07-03 20:00:00,110.54779866351946,109.6308085811098,,signal,25,3142.208090186898,-13.0,-135.23474849388518,0.0,3142.208090186898,38.51288450261234,0.3579369770702085,0.5036273228696955,1.226021033904412,breakout_up
USDJPY.a,4h,1,0.22,2018-07-09 20:00:00,110.82804157570284,2018-07-20 00:00:00,112.45261763116739,110.40552261661689,,signal,49,35740.67322021998,-22.0,-236.8242286348093,0.0,35740.67322021998,432.07992919480205,3.844977889226679,0.1657714386458984,5.561782196427141,breakout_up
USDJPY.a,4h,-1,0.15,2018-07-20 16:00:00,111.76069916815315,2018-07-31 12:00:00,111.54427571434316,112.38770496812108,,signal,41,3246.3518071499207,-15.0,-158.27143029476667,0.0,3246.3518071499207,39.243844376661045,0.34516977964328793,0.2508761989999117,1.8703163004443264,breakout_dn
USDJPY.a,4h,1,0.17,2018-07-31 20:00:00,111.80441048838773,2018-08-03 16:00:00,111.2346469163669,111.24225509670667,,stop,17,-9685.980724354153,-17.0,-129.33906577622287,0.0,-9685.980724354153,-117.87778819347004,-1.013533945333196,1.251274111743846,0.6165368450453352,breakout_up
USDJPY.a,4h,-1,0.22,2018-08-07 16:00:00,111.02675525154878,2018-08-07 20:00:00,111.45885056800219,111.45135752551656,,stop,1,-9506.09696197509,-22.0,-142.84693468396816,0.0,-9506.09696197509,-115.09187983530991,-1.017647202912068,1.065102040611164,0.0,breakout_dn
USDJPY.a,4h,-1,0.2,2018-08-08 12:00:00,110.95640149839593,2018-08-15 04:00:00,111.37187565028722,111.41191555736005,,signal,28,-8309.483037825772,-20.0,-235.0260114889019,0.0,-8309.483037825772,-103.16512016717556,-0.9120995141974781,0.929935077234212,1.8581237653141625,breakout_dn
USDJPY.a,4h,-1,0.15,2018-08-17 16:00:00,110.38109644855071,2018-08-23 04:00:00,110.76024600287701,110.97915169453951,,signal,21,-5687.243314894558,-15.0,-157.38008630987053,0.0,-5687.243314894558,-70.38713669198643,-0.6339707859253564,0.6486082248270434,1.0151176711893142,breakout_dn
USDJPY.a,4h,1,0.17,2018-08-23 08:00:00,110.81212843124293,2018-08-31 00:00:00,110.96056454155425,110.28039971230044,,signal,34,2523.4138752924905,-17.0,-150.80558715559246,0.0,2523.4138752924905,31.285551959171478,0.2791575948851046,0.11684234653807568,1.9086265845776897,breakout_up
USDJPY.a,4h,-1,0.19,2018-08-31 12:00:00,110.7804904656686,2018-09-04 08:00:00,111.25664462601996,111.24902677414909,,stop,11,-9046.929046675772,-19.0,-125.73918554656804,0.0,-9046.929046675772,-112.55965688914549,-1.0162588293222812,1.6060858480143698,0.18886575931670777,breakout_dn
USDJPY.a,4h,1,0.19,2018-09-05 04:00:00,111.64266734078397,2018-09-06 12:00:00,111.16081350522107,111.16767099249621,,stop,8,-9155.222875695132,-19.0,-130.29225822768814,0.0,-9155.222875695132,-114.46191059110888,-1.014436926304509,1.1024660351003943,0.24280746500845155,breakout_up
USDJPY.a,4h,-1,0.18,2018-09-06 20:00:00,110.73474994779082,2018-09-07 16:00:00,111.24963375685964,111.240082545604,,stop,5,-9267.908563238761,-18.0,-153.92180260156297,0.0,-9267.908563238761,-116.7853679569977,-1.0189008413408778,1.0156678085488065,0.7020127918246275,breakout_dn
USDJPY.a,4h,1,0.19,2018-09-11 20:00:00,111.6244495312981,2018-09-12 20:00:00,111.1470865722936,111.15358893712897,,stop,6,-9069.8962210854,-19.0,-123.54493187212316,0.0,-9069.8962210854,-113.70841280073633,-1.013809532833904,1.0840778302946046,0.05638711123989805,breakout_up
USDJPY.a,4h,1,0.18,2018-09-13 20:00:00,111.86472522973958,2018-10-08 12:00:00,113.27764223122901,111.37859064342972,,signal,100,25432.50602680979,-18.0,-192.87967575572145,0.0,25432.50602680979,317.94392570171976,2.9064317604196304,0.41290053288171963,5.523727062177886,breakout_up
USDJPY.a,4h,-1,0.16,2018-10-08 20:00:00,112.94017753611072,2018-10-17 04:00:00,112.40303626043438,113.50764995730643,,signal,38,8594.260410821562,-16.0,-161.16033389987925,0.0,8594.260410821562,107.23201233604162,0.9465504500545677,0.7979638251584968,2.3176060844323607,breakout_dn
USDJPY.a,4h,1,0.18,2018-10-18 00:00:00,112.64803754195695,2018-10-18 16:00:00,112.13684677425144,112.14464932771222,,stop,4,-9201.433818699257,-18.0,-140.4459622938955,0.0,-9201.433818699257,-114.68348636333776,-1.015500071793465,1.1363745232200582,0.16083502901338156,breakout_up
USDJPY.a,4h,1,0.17,2018-10-22 12:00:00,112.8206082703789,2018-10-23 08:00:00,112.28433243135308,112.29149395919617,,stop,5,-9116.689263438928,-850.0,-121.74597333263294,0.0,-9116.689263438928,-114.72028899139434,-1.0135349350636298,1.140789915565995,0.12358714976907025,breakout_up
USDJPY.a,4h,-1,0.16,2018-10-25 04:00:00,111.94342204561144,2018-10-25 16:00:00,112.5599027282467,112.50124124184455,,stop,3,-9863.690922164096,-800.0,-138.5837824343339,0.0,-9863.690922164096,-123.7751917589911,-1.105162186597877,1.248752210559387,0.14596494018363038,breakout_dn
USDJPY.a,4h,1,0.14,2018-10-30 08:00:00,112.71603268493155,2018-11-15 16:00:00,113.27678106105584,112.09386469968,,signal,74,7850.477265740125,-14.000000000000002,-146.1302904365005,0.0,7850.477265740125,95.38340221011929,0.9012813089339153,0.2556105243300923,2.396406357144249,breakout_up
USDJPY.a,4h,-1,0.16,2018-11-16 16:00:00,112.89248315652038,2018-11-21 04:00:00,112.88595396708857,113.4465062208816,,signal,15,104.4670309090634,-16.0,-158.5269468342715,0.0,104.4670309090634,1.2800127742345828,0.0117850498504869,0.09659677894695179,1.0603947638853974,breakout_dn
USDJPY.a,4h,1,0.23,2018-11-26 04:00:00,113.22879875247506,2018-11-29 08:00:00,113.23669070912257,112.83367281037934,,signal,19,181.51500289278033,-23.0,-198.2273803618337,0.0,181.51500289278033,2.189209744964273,0.01997326879033522,0.16146434763728193,2.042896103565388,breakout_up
USDJPY.a,4h,-1,0.22,2018-12-04 08:00:00,113.13044558378822,2018-12-10 20:00:00,113.1306987896155,113.56093713050113,,signal,27,-5.570528200109948,-22.0,-250.7467430814739,0.0,-5.570528200109948,-0.06846223938319129,-0.0005881783956296409,0.2568097261280487,2.084699666325151,breakout_dn
USDJPY.a,4h,1,0.16,2018-12-11 00:00:00,113.32369030464295,2018-12-17 16:00:00,113.123834195878,112.74512103845119,,signal,28,-3197.697740239164,-800.0,-133.30573190385948,0.0,-3197.697740239164,-39.430487450625826,-0.3454316024776652,0.5473680044006719,0.665969863717826,breakout_up
USDJPY.a,4h,-1,0.21,2018-12-17 20:00:00,112.79787746760101,2018-12-27 00:00:00,111.34801823599321,113.21758041219957,,signal,37,30447.043863763865,-21.0,-294.76591171425866,0.0,30447.043863763865,387.2021876664939,3.4544890624834443,0.14801547903936593,6.335141322737745,breakout_dn
USDJPY.a,4h,-1,0.13,2018-12-31 16:00:00,110.01854298278073,2019-01-08 00:00:00,108.7196801663946,110.66075570053711,,signal,26,16885.216613019737,-13.0,-251.68432625939946,0.0,16885.216613019737,217.57992975670254,2.0224806835402025,0.02251125961780737,8.290933573197423,breakout_dn
USDJPY.a,4h,1,0.14,2019-01-15 08:00:00,108.72393644496395,2019-01-28 04:00:00,109.41497575700623,108.10999823465113,,signal,53,9674.550368591896,-14.000000000000002,-140.67880382539948,0.0,9674.550368591896,123.01066852390228,1.1255844650720928,0.6416548739705098,2.078488573607179,breakout_up
USDJPY.a,4h,-1,0.18,2019-01-28 20:00:00,109.25725956413618,2019-01-30 16:00:00,109.6263267908777,109.74643155456633,,signal,11,-6643.210081347376,-900.0,-155.76447159718728,0.0,-6643.210081347376,-84.28267926099106,-0.7544733426314606,0.6638573798517317,0.26015300676614106,breakout_dn
USDJPY.a,4h,-1,0.17,2019-01-31 00:00:00,109.02695812419218,2019-02-01 16:00:00,109.61396658570045,109.55620201007211,,stop,10,-9979.143845640692,-850.0,-131.99778568191647,0.0,-9979.143845640692,-126.01427652806856,-1.1091454755916532,1.0468555057308984,0.9994600567046924,breakout_dn
USDJPY.a,4h,1,0.18,2019-02-04 08:00:00,109.75484372439472,2019-02-06 08:00:00,109.75127377239313,109.25567583441494,,signal,12,-64.25913602851097,-18.0,-170.14419384726818,0.0,-64.25913602851097,-0.8193105104134267,-0.007151806182341976,0.25611367830551496,0.8176733395688128,breakout_up
USDJPY.a,4h,1,0.18,2019-02-11 12:00:00,110.3064615074806,2019-02-15 00:00:00,110.46854709366548,109.81760688670327,,signal,21,2917.5405513277037,-18.0,-160.30462804251968,0.0,2917.5405513277037,37.17558322828394,0.3315619394721867,0.4100636446104481,1.6846286350119277,breakout_up
USDJPY.a,4h,1,0.23,2019-02-20 04:00:00,110.87687955927696,2019-02-26 20:00:00,110.4714311453585,110.47750900094334,,stop,28,-9325.313520124668,-23.0,-139.79067845139036,0.0,-9325.313520124668,-117.38420130691227,-1.0152185869940156,1.141495159731157,0.8992161120276029,breakout_up
USDJPY.a,4h,1,0.2,2019-02-28 20:00:00,111.33446698659621,2019-03-06 20:00:00,111.69036295297613,110.8772475973303,,signal,24,7117.919327598373,-20.0,-145.48188095481578,0.0,7117.919327598373,90.66067086590729,0.7783921127039779,0.08194531438478471,1.757434247689929,breakout_up
USDJPY.a,4h,-1,0.21,2019-03-08 08:00:00,111.07390821265827,2019-03-12 04:00:00,111.42631227843658,111.49150017526439,,signal,11,-7400.485381344637,-21.0,-181.11569433616796,0.0,-7400.485381344637,-93.92493647696504,-0.8438957100108413,0.8742787697906023,0.6678965057604179,breakout_dn
USDJPY.a,4h,1,0.2,2019-03-14 08:00:00,111.59834486692097,2019-03-20 20:00:00,111.14349537380575,111.15062971620479,,stop,27,-9096.989862304383,-20.0,-142.68684798071732,0.0,-9096.989862304383,-114.99377696526183,-1.0159350032886512,2.3705806364229676,0.6782328732751121,breakout_up
USDJPY.a,4h,-1,0.18,2019-03-21 00:00:00,110.68235493089583,2019-03-26 16:00:00,110.48259606148002,111.17562282660239,,signal,22,3595.6596494844457,-18.0,-201.45821328080208,0.0,3595.6596494844457,45.57007047984625,0.4049703440149175,0.5608414241269549,1.9712511991136443,breakout_dn
USDJPY.a,4h,1,0.16,2019-03-29 04:00:00,110.85548217001,2019-04-09 16:00:00,111.07745161212505,110.29553553738532,,signal,45,3551.5110738406297,-800.0,-113.54841199879118,0.0,3551.5110738406297,44.791182352836955,0.396411781377419,0.5384123279692576,1.7278750752636118,breakout_up
USDJPY.a,4h,-1,0.25,2019-04-10 20:00:00,110.8684843242946,2019-04-11 12:00:00,111.23102360732715,111.22476507596694,,stop,4,-9063.482075813667,-25.0,-131.46328400484902,0.0,-9063.482075813667,-113.96773499220068,-1.0175662909961483,1.3122114330087467,0.06872199572858727,breakout_dn
USDJPY.a,4h,1,0.26,2019-04-12 00:00:00,111.64568894883342,2019-04-23 04:00:00,111.69873020676346,111.29480551024736,,signal,43,1379.0727061808639,-26.0,-118.0292482998658,0.0,1379.0727061808639,17.306684237411268,0.15116489436996605,0.17011047621384026,1.4800101516880304,breakout_up
USDJPY.a,4h,1,0.28,2019-04-25 00:00:00,112.18731935415336,2019-04-25 04:00:00,111.86035462811324,111.8656080142554,,stop,1,-9155.012329123281,-28.000000000000004,-147.0948119803652,0.0,-9155.012329123281,-116.48231142885092,-1.0163295025404584,1.0422988330461485,0.16375128667626282,breakout_up
USDJPY.a,4h,-1,0.23,2019-04-25 20:00:00,111.579212942149,2019-04-26 12:00:00,111.97524025214197,111.9680677685694,,stop,4,-9108.628129838393,-23.0,-141.96712216901105,0.0,-9108.628129838393,-115.81952521436615,-1.018445144782182,1.156696605752614,0.3322909563408665,breakout_dn
USDJPY.a,4h,-1,0.25,2019-05-01 20:00:00,111.1579540562731,2019-05-01 20:00:00,111.51201670156568,111.5049477859753,,stop,0,-8851.56613231466,-25.0,-151.72288975925804,0.0,-8851.56613231466,-113.05440854585375,-1.0203718827900647,1.3142771891535052,0.3111124122206724,breakout_dn
USDJPY.a,4h,-1,0.19,2019-05-06 04:00:00,110.30299411413198,2019-05-06 04:00:00,110.81960422997406,110.76209540117202,,stop,0,-9815.592200999605,-950.0,-142.6677472387375,0.0,-9815.592200999605,-127.21865145685152,-1.1252639241610898,1.1718675182478706,0.04572871983726154,breakout_dn
USDJPY.a,4h,-1,0.17,2019-05-08 00:00:00,110.22831984534244,2019-05-16 16:00:00,109.8012518740458,110.71809357850617,,signal,40,7260.155512042829,-850.0,-178.56371755738067,0.0,7260.155512042829,95.74741010336909,0.8719699370931131,0.13206129744802692,2.465056338451771,breakout_dn
USDJPY.a,4h,1,0.16,2019-05-16 20:00:00,109.85999102589967,2019-05-23 16:00:00,109.98719798256779,109.32781259541946,,signal,29,2035.3113066898916,-800.0,-153.66455783082952,0.0,2035.3113066898916,26.9556555699443,0.23903065096669196,0.6858433280926427,1.5276999734218895,breakout_up
USDJPY.a,4h,-1,0.17,2019-05-23 20:00:00,109.51031669809866,2019-06-06 00:00:00,108.46564292295014,109.99520174322134,,signal,55,17759.454177524916,-17.0,-191.859380304287,0.0,17759.454177524916,235.35713946540142,2.1544772016720195,0.8593445108126992,3.490140013846976,breakout_dn
USDJPY.a,4h,1,0.14,2019-06-10 08:00:00,108.71632238410295,2019-06-12 12:00:00,108.2366723558517,108.10897401968263,,signal,13,-6715.100395517596,-700.0000000000001,-121.1740361524129,0.0,-6715.100395517596,-89.25347681465031,-0.7897444964868844,0.8155490540848127,0.13777532104974224,breakout_up
USDJPY.a,4h,-1,0.17,2019-06-20 04:00:00,107.63720670113086,2019-06-26 16:00:00,107.71003722867144,108.12112449359849,,signal,27,-1238.1189681897667,-850.0,-171.26577482906194,0.0,-1238.1189681897667,-16.481078265689106,-0.1505018593534096,0.505857198638794,1.771389096399503,breakout_dn
USDJPY.a,4h,1,0.17,2019-06-27 00:00:00,107.78481005941569,2019-07-02 20:00:00,107.87341241069531,107.28368590908029,,signal,23,1506.2399717535159,-17.0,-155.97803635940284,0.0,1506.2399717535159,19.976623643718025,0.176807186842457,0.4446204783117458,1.4910276028090352,breakout_up
USDJPY.a,4h,1,0.23,2019-07-05 20:00:00,108.54962114796598,2019-07-10 16:00:00,108.5419122733668,108.18118406520361,,signal,17,-177.30411578101268,-1150.0,-188.03542512705542,0.0,-177.30411578101268,-2.3460015738686986,-0.020923177822864396,0.731796989446568,1.1979761882945321,breakout_up
USDJPY.a,4h,-1,0.2,2019-07-11 04:00:00,108.12666696960163,2019-07-12 00:00:00,108.56133661435855,108.55394173520932,,stop,5,-8693.392895138459,-20.0,-127.89758298455438,0.0,-8693.392895138459,-114.93315456854918,-1.017307081401622,1.1288591539272557,0.624111206807083,breakout_dn
USDJPY.a,4h,-1,0.21,2019-07-18 04:00:00,107.72816819009346,2019-07-23 04:00:00,108.18092427476704,108.12450260532019,,stop,18,-9507.8777781452,-1050.0,-134.85505838390762,0.0,-9507.8777781452,-125.21895896558,-1.1423587437254752,1.1551654166712666,1.3023552087904509,breakout_dn
USDJPY.a,4h,1,0.17,2019-07-23 08:00:00,108.2031110334671,2019-08-01 20:00:00,108.12897289386363,107.71988870354315,,signal,45,-1260.3483732588643,-34.0,-204.9216086368732,0.0,-1260.3483732588643,-17.19831780788091,-0.1534244901619736,0.548631586435209,2.307196703240868,breakout_up
USDJPY.a,4h,-1,0.13,2019-08-02 00:00:00,107.32266197287336,2019-08-13 20:00:00,106.57714330147749,107.93171061363786,,signal,47,9691.742728146324,-13.0,-211.72583841466226,0.0,9691.742728146324,133.8195704560473,1.224070823735967,0.4028217299995591,3.7331369297850774,breakout_dn
USDJPY.a,4h,-1,0.13,2019-08-23 20:00:00,105.40303482601053,2019-08-26 12:00:00,106.07602689883058,106.0132495065599,,stop,4,-8748.896946660665,-650.0,-166.1060995188632,0.0,-8748.896946660665,-122.34753662549532,-1.10287755157604,1.660014428164034,1.5618025203072892,breakout_dn
USDJPY.a,4h,1,0.13,2019-08-29 20:00:00,106.57596925000678,2019-09-02 00:00:00,105.94948941741282,105.95777307619359,,stop,7,-8144.237823721454,-13.0,-107.68756414996176,0.0,-8144.237823721454,-114.31033921161017,-1.0133997250899718,1.0594844771794003,0.17313395735375695,breakout_up
USDJPY.a,4h,1,0.15,2019-09-05 08:00:00,106.59188474710916,2019-09-19 08:00:00,107.89047392664448,106.05056569593617,,signal,60,19478.837693029687,-15.0,-135.78220066545242,0.0,19478.837693029687,265.81864624943574,2.3989349288952306,0.40250707348472226,3.4806003018148437,breakout_up
USDJPY.a,4h,-1,0.31,2019-09-23 00:00:00,107.70480043603085,2019-09-25 20:00:00,107.80720343081747,107.96741458129313,,signal,17,-3174.492838385078,-31.0,-322.61271068289113,0.0,-3174.492838385078,-43.61746548693554,-0.38993708691641205,0.6785604171899207,2.8322938784885694,breakout_dn
USDJPY.a,4h,1,0.15,2019-09-27 16:00:00,108.12901673022998,2019-10-01 20:00:00,107.68599299456832,107.5940444367718,,signal,13,-6645.356034924816,-15.0,-150.21016295046948,0.0,-6645.356034924816,-92.06627559736174,-0.8281246357598236,0.9402668818199146,0.6373849149566756,breakout_up
USDJPY.a,4h,-1,0.16,2019-10-02 16:00:00,107.42077928146058,2019-10-08 00:00:00,107.26491251325689,107.92261584270689,,signal,20,2493.868291259105,-16.0,-157.2004242201435,0.0,2493.868291259105,34.547804149224845,0.3105926914065411,0.21564933067182002,1.8667019380455336,breakout_dn
USDJPY.a,4h,1,0.16,2019-10-09 20:00:00,107.58184133512687,2019-10-10 00:00:00,107.08058661021217,107.08831775556746,,stop,1,-8020.0755986352315,-16.0,-123.69832568461054,0.0,-8020.0755986352315,-110.99843075489666,-1.0156651995477008,1.106008623973275,0.09352879332400027,breakout_up
USDJPY.a,4h,1,0.14,2019-10-10 20:00:00,107.90757043479205,2019-10-17 20:00:00,108.51467808809923,107.34256856085592,,signal,30,8499.507146300546,-14.000000000000002,-121.01353322177513,0.0,8499.507146300546,114.68142481313664,1.0745232561402374,0.2700352721472603,1.8255329987180684,breakout_up
USDJPY.a,4h,1,0.27,2019-10-25 20:00:00,108.76502162258456,2019-10-31 08:00:00,108.6576564398187,108.45313295243322,,signal,21,-2898.8599346782426,-1350.0,-180.55224979046852,0.0,-2898.8599346782426,-38.528550472849396,-0.3442420101819203,0.5771983397063201,1.6736048063630482,breakout_up
USDJPY.a,4h,-1,0.21,2019-10-31 16:00:00,108.19193601188448,2019-11-04 12:00:00,108.42655305139037,108.57904487397832,,signal,11,-4926.9578296237305,-1050.0,-149.2281583952867,0.0,-4926.9578296237305,-65.76099390165537,-0.6060750927707209,0.6227291899535256,0.7851435129656025,breakout_dn
USDJPY.a,4h,1,0.21,2019-11-05 16:00:00,108.97773467255458,2019-11-07 08:00:00,108.75703282655134,108.58649680181526,,signal,10,-4634.738766067983,-1050.0,-166.6212848437272,0.0,-4634.738766067983,-62.011322315481195,-0.5641116632860201,0.8453544436523608,0.6780154665092899,breakout_up
USDJPY.a,4h,1,0.2,2019-11-07 20:00:00,109.47530051751703,2019-11-11 04:00:00,109.05185717375768,109.05763657509002,,stop,8,-8468.866875186905,-20.0,-115.5880266465314,0.0,-8468.866875186905,-113.37156161360134,-1.0138374438041011,1.1403917579029865,0.030405982401010175,breakout_up
USDJPY.a,4h,-1,0.23,2019-11-13 16:00:00,108.78439713928482,2019-11-18 12:00:00,109.00487314020569,109.14592346163363,,signal,17,-5070.948021179973,-23.0,-178.16444946167042,0.0,-5070.948021179973,-68.29763551566211,-0.6098477131304101,0.6184967646683227,1.5002977812539449,breakout_dn
USDJPY.a,4h,-1,0.19,2019-11-21 04:00:00,108.31061035721157,2019-11-25 00:00:00,108.74825780452326,108.7418846079842,,stop,11,-8315.30149892211,-19.0,-102.09073424206863,0.0,-8315.30149892211,-112.70256038005562,-1.0147775957587106,1.1393901720497002,0.010690082246542523,breakout_dn
USDJPY.a,4h,1,0.22,2019-11-25 04:00:00,108.77151055023846,2019-12-02 20:00:00,109.03054289657904,108.40878689739624,,signal,34,5698.711619492656,-22.0,-152.1125505224838,0.0,5698.711619492656,76.67239087241752,0.7141313898634859,0.1061704962902095,2.634207728871677,breakout_up
USDJPY.a,4h,-1,0.23,2019-12-03 00:00:00,108.97051268968053,2019-12-12 20:00:00,109.268878731981,109.31671034209656,,signal,47,-6862.418972910859,-23.0,-178.42167112648204,0.0,-6862.418972910859,-91.16210781243613,-0.8618372776887798,0.9921711135888753,1.5670605675528995,breakout_dn
USDJPY.a,4h,1,0.16,2019-12-13 04:00:00,109.59641360053465,2019-12-19 16:00:00,109.37017346194493,109.08468917319189,,signal,27,-3619.842217435462,-16.0,-90.44921776250065,0.0,-3619.842217435462,-48.213648746070774,-0.44211322833369343,0.7629371975888534,0.21610537538649907,breakout_up
USDJPY.a,4h,-1,0.29,2019-12-19 20:00:00,109.20610964323457,2019-12-20 16:00:00,109.4978380006939,109.49265380550781,,stop,5,-8460.12236632069,-28.999999999999996,-121.3416603964144,0.0,-8460.12236632069,-112.08228132727506,-1.0180921333206077,1.0989243482306794,0.08762922627831325,breakout_dn
USDJPY.a,4h,1,0.41,2019-12-26 08:00:00,109.55690975280514,2019-12-30 00:00:00,109.35093706752679,109.35410354406326,,stop,10,-8444.880096412518,-41.0,-129.82553799572588,0.0,-8444.880096412518,-110.55486390722326,-1.0156133116245383,1.2125356236904834,0.6315893778079078,breakout_up
USDJPY.a,4h,-1,0.35,2019-12-30 08:00:00,109.15572114103855,2020-01-07 20:00:00,108.55134485303589,109.39187711892502,,signal,33,21153.170080093416,-35.0,-304.1397125116116,0.0,21153.170080093416,283.8014404787362,2.5592250232734775,0.3102985561376428,5.867821570473815,breakout_dn
USDJPY.a,4h,1,0.13,2020-01-08 16:00:00,108.72796161721725,2020-01-21 04:00:00,109.94548287622592,108.10867199198832,,signal,51,15827.776367112805,-13.0,-65.4452181259596,0.0,15827.776367112805,209.84908171481936,1.9659965376597444,0.18079039702281255,2.520691965743318,breakout_up
USDJPY.a,4h,-1,0.29,2020-01-23 04:00:00,109.64117923251666,2020-02-04 12:00:00,109.09054072066935,109.92900572897545,,signal,50,15968.516843572004,-28.999999999999996,-263.36179882230897,0.0,15968.516843572004,218.38065680191974,1.9130918057300765,0.14529853226814202,4.652730895150194,breakout_dn
USDJPY.a,4h,1,0.16,2020-02-04 16:00:00,109.23870495490725,2020-02-24 20:00:00,110.36203599125555,108.73092793306499,,signal,85,17973.296581572868,-16.0,-222.8482798222972,0.0,17973.296581572868,245.9348446148403,2.212252599128576,0.21604946696726204,5.885053707729752,breakout_up
USDJPY.a,4h,-1,0.11,2020-02-25 20:00:00,110.01965746364932,2020-03-11 00:00:00,105.64620463749574,110.76996545315046,,signal,61,48107.9810876894,-11.0,-444.5020249061598,0.0,48107.9810876894,704.1108646393693,5.828876791064674,0.9094165941167007,11.78137189972693,breakout_dn
USDJPY.a,4h,1,0.03,2020-03-13 16:00:00,107.37151885574738,2020-03-16 12:00:00,105.14065777109556,105.17450784258833,,stop,5,-6692.583253955462,-150.0,-101.55021447830057,0.0,-6692.583253955462,-102.4281442055297,-1.0154073289983614,1.01388606720931,0.5159196460389127,breakout_up
USDJPY.a,4h,1,0.03,2020-03-19 04:00:00,108.82936050442889,2020-03-26 12:00:00,110.08667244632898,106.98286875381217,,signal,32,3771.9358257002536,-150.0,-79.9653220260943,0.0,3771.9358257002536,57.42727066558423,0.6809193387840196,0.20653247126694432,1.5627686907387048,breakout_up
USDJPY.a,4h,-1,0.05,2020-03-26 16:00:00,109.63657870016263,2020-04-02 20:00:00,107.97872699483364,110.98475536710157,,signal,31,8289.258526644973,-5.0,-107.26994833627886,0.0,8289.258526644973,127.20696185148607,1.22969915292569,0.33038793116684084,2.015743757331853,breakout_dn
USDJPY.a,4h,1,0.07,2020-04-06 04:00:00,108.94764078464675,2020-04-08 04:00:00,108.61311404856458,107.94545396111981,,signal,12,-2341.6871525751762,-7.000000000000001,-110.40332009574216,0.0,-2341.6871525751762,-35.1126265180562,-0.3337967814273256,0.44267273748966834,0.43241360311259336,breakout_up
USDJPY.a,4h,-1,0.11,2020-04-09 20:00:00,108.37523682948502,2020-04-16 08:00:00,107.9335409822326,109.06387990161369,,signal,27,4858.654319776605,-11.0,-143.90160911704567,0.0,4858.654319776605,71.65711816784642,0.6414002625294539,0.30896001009245816,2.104481825403789,breakout_dn
USDJPY.a,4h,-1,0.16,2020-04-27 08:00:00,107.2659314880663,2020-04-30 20:00:00,106.9344565061848,107.77583974670645,,signal,21,5303.599710103981,-0.0,-206.60819791361908,0.0,5303.599710103981,76.06614416036322,0.650067882339251,0.17271442547050353,1.7805781190671661,breakout_dn
USDJPY.a,4h,-1,0.15,2020-05-06 04:00:00,106.26387238618865,2020-05-08 16:00:00,106.67113496018088,106.79735841045296,,signal,15,-6108.93860988341,-0.0,-154.04880542627592,0.0,-6108.93860988341,-87.93285839210535,-0.7633987686066477,0.806258447734428,0.5189871404231681,breakout_dn
USDJPY.a,4h,1,0.15,2020-05-11 04:00:00,106.98138140215649,2020-05-13 12:00:00,107.04800835828777,106.43261822930202,,signal,14,999.4043419693099,-0.0,-149.74925136682756,0.0,999.4043419693099,14.392413956962002,0.1214129508449308,0.37244008393159606,1.4352613965449186,breakout_up
USDJPY.a,4h,1,0.17,2020-05-18 16:00:00,107.45587280982544,2020-05-26 16:00:00,107.44418229981535,106.97269740341403,,signal,36,-198.7386701714229,-0.0,-129.80180627760183,0.0,-198.7386701714229,-2.7790374958825654,-0.024195167748520888,0.5212864861978982,1.3082768323608047,breakout_up
USDJPY.a,4h,-1,0.2,2020-05-29 08:00:00,107.13584813154786,2020-05-29 16:00:00,107.55798205484699,107.55081660253772,,stop,2,-8442.678465982568,-0.0,-143.30904618535382,0.0,-8442.678465982568,-118.25556866339306,-1.0172674620126532,1.7209786245894843,0.13217421414456518,breakout_dn
USDJPY.a,4h,1,0.16,2020-06-02 16:00:00,108.31139082197186,2020-06-08 20:00:00,108.26378987255735,107.78960378764589,,signal,25,-761.6151906320284,-0.0,-198.7240781644211,0.0,-761.6151906320284,-10.032870950429535,-0.09122677698573246,0.08507459758788838,2.948730184558301,breakout_up
USDJPY.a,4h,-1,0.13,2020-06-09 04:00:00,108.02949473705202,2020-06-23 08:00:00,107.1413692489865,108.69179754824498,,signal,61,11545.631344851658,-0.0,-113.60047364905867,0.0,11545.631344851658,156.28120031736532,1.3409659041999165,0.3284075792403843,2.1976272974447184,breakout_dn
USDJPY.a,4h,-1,0.17,2020-06-23 16:00:00,106.61463631082287,2020-06-25 00:00:00,107.11835444320843,107.11085883446093,,stop,8,-8563.208250554482,-0.0,-127.42534870762248,0.0,-8563.208250554482,-116.49115540475306,-1.0151053376065047,1.0768630276180164,1.091518996058213,breakout_dn
USDJPY.a,4h,1,0.17,2020-06-25 16:00:00,107.30282661046505,2020-06-26 12:00:00,106.80203023432475,106.80890348838015,,stop,5,-8513.538394385108,-0.0,-116.84531894191288,0.0,-8513.538394385108,-115.73591397601112,-1.013915635345019,1.0220752742534642,0.048941603367166,breakout_up
USDJPY.a,4h,1,0.17,2020-06-29 20:00:00,107.77607585485569,2020-07-01 16:00:00,107.43895905021022,107.26606178477158,,signal,11,-5730.985678973085,-0.0,-171.39229285263065,0.0,-5730.985678973085,-76.98809869460555,-0.6609951066445651,0.8099303118981938,0.7606145945744883,breakout_up
USDJPY.a,4h,-1,0.24,2020-07-10 04:00:00,107.07049568993716,2020-07-14 12:00:00,107.42838709088299,107.42354108368954,,stop,14,-8589.39362269996,-0.0,-116.30417264265999,0.0,-8589.39362269996,-115.16237465104336,-1.0137263005811907,1.0296248485195945,1.2222102244444146,breakout_dn
USDJPY.a,4h,-1,0.21,2020-07-21 20:00:00,106.73996817175876,2020-07-22 16:00:00,107.1621784936902,107.1561199644413,,stop,5,-8866.41676056034,-0.0,-127.22911422698188,0.0,-8866.41676056034,-115.74345508231006,-1.0145584600509587,1.1342780123533645,0.13448980094015517,breakout_dn
USDJPY.a,4h,-1,0.21,2020-07-24 04:00:00,106.52593459567048,2020-07-31 20:00:00,105.84417829146352,106.93073585087163,,signal,34,14316.882388346086,-0.0,-301.48824146801667,0.0,14316.882388346086,189.38396489400466,1.6841753711168328,0.18790802486945957,5.775512218974547,breakout_dn
USDJPY.a,4h,1,0.11,2020-08-03 04:00:00,106.1678069962109,2020-08-05 16:00:00,105.49442897840163,105.39001579267274,,signal,15,-7407.158195901971,-0.0,-144.56247516441542,0.0,-7407.158195901971,-97.1676365324321,-0.8657567927563158,0.8585941743401799,0.3898128474709988,breakout_up
USDJPY.a,4h,1,0.16,2020-08-11 20:00:00,106.5484469840995,2020-08-14 20:00:00,106.47245854193933,105.9967863277468,,signal,18,-1215.81507456267,-0.0,-145.32665794142375,0.0,-1215.81507456267,-15.911318136980253,-0.13774490039323187,0.21833528041647396,0.909169450684623,breakout_up
USDJPY.a,4h,-1,0.19,2020-08-17 16:00:00,106.25638258730045,2020-08-20 00:00:00,106.10158711283243,106.709029059951,,signal,14,2941.114014892321,-0.0,-212.31028763239914,0.0,2941.114014892321,38.609809579151566,0.3419787490258852,0.021247073114782918,2.5480869883876642,breakout_dn
USDJPY.a,4h,1,0.19,2020-08-25 12:00:00,106.3376007260615,2020-08-27 00:00:00,105.86899953644789,105.87599873183936,,stop,9,-8903.422602658553,-0.0,-132.98471243802302,0.0,-8903.422602658553,-116.14137981952729,-1.0151628361209033,1.158142150062362,0.5207934041611195,breakout_up
USDJPY.a,4h,1,0.15,2020-08-27 20:00:00,106.68762235114646,2020-08-28 08:00:00,106.09018760481992,106.10005449192019,,stop,3,-8961.521194898125,-0.0,-148.00330650406642,0.0,-8961.521194898125,-115.53858576633934,-1.0167927617982133,1.4306813042044666,0.44144288149985283,breakout_up
USDJPY.a,4h,-1,0.12,2020-08-28 16:00:00,105.53072158530631,2020-09-02 12:00:00,106.19754458174114,106.24552158239773,,signal,17,-8001.875957217975,-0.0,-133.06996178760681,0.0,-8001.875957217975,-102.62360102881571,-0.932880524829589,0.9754874335911713,0.4081163772990281,breakout_dn
USDJPY.a,4h,1,0.17,2020-09-03 16:00:00,106.39417650317252,2020-09-08 16:00:00,105.98406733873242,105.89506888911322,,signal,18,-6971.855795481716,-0.0,-133.71048309790126,0.0,-6971.855795481716,-90.96091743021837,-0.8216848488938834,0.9881165690129649,0.22204329027589603,breakout_up
USDJPY.a,4h,-1,0.25,2020-09-14 20:00:00,105.64762743696713,2020-09-22 20:00:00,105.03117784727154,105.99773755738607,,signal,36,15411.239742389782,-0.0,-258.892363576964,0.0,15411.239742389782,204.83713859138277,1.760730563737886,0.4752006678178336,4.703170062598433,breakout_dn
USDJPY.a,4h,1,0.16,2020-09-23 04:00:00,105.11509610300455,2020-10-02 12:00:00,105.20079999400058,104.58334275335707,,signal,44,1371.2622559364715,-0.0,-134.40019198170248,0.0,1371.2622559364715,18.24594248962252,0.1611722635181272,0.35184753068050206,1.293652211972895,breakout_up
USDJPY.a,4h,1,0.22,2020-10-05 20:00:00,105.75878201410326,2020-10-09 20:00:00,105.69392404809284,105.36170617349441,,signal,24,-1426.87525222928,-0.0,-135.34188391526763,0.0,-1426.87525222928,-18.671412068033284,-0.16333898811615685,0.7272716810482933,0.8794742721221115,breakout_up
USDJPY.a,4h,-1,0.25,2020-10-12 16:00:00,105.36966304599373,2020-10-20 04:00:00,105.55902001018408,105.70851812375194,,signal,33,-4733.924104758813,-0.0,-151.0005092040716,0.0,-4733.924104758813,-63.67218681995886,-0.5588140081686116,0.7623818291741908,0.9846777218189282,breakout_dn
USDJPY.a,4h,1,0.27,2020-10-20 16:00:00,105.71110054751254,2020-10-21 00:00:00,105.3966757096663,105.40132565249502,,stop,2,-8489.470621848654,-0.0,-125.54845637562673,0.0,-8489.470621848654,-114.23328369600641,-1.015010715534122,1.107580223675445,0.0029035680486909597,breakout_up
USDJPY.a,4h,-1,0.23,2020-10-21 12:00:00,104.94118265442305,2020-10-26 16:00:00,105.01492743325086,105.29809875444042,,signal,19,-1696.129913039769,-0.0,-180.66192953997887,0.0,-1696.129913039769,-22.674656681723533,-0.20661656569772746,0.2964768066551258,1.6787773215999007,breakout_dn
USDJPY.a,4h,-1,0.23,2020-10-27 20:00:00,104.41540556052279,2020-10-29 20:00:00,104.66025877532039,104.78701655908405,,signal,12,-5631.623940344824,-0.0,-195.9036647376417,0.0,-5631.623940344824,-76.68143741198149,-0.6588965766502549,0.7927495166121671,1.0505759033889708,breakout_dn
USDJPY.a,4h,1,0.19,2020-11-02 12:00:00,104.80732792392317,2020-11-04 12:00:00,104.35662080348072,104.36553126981208,,stop,12,-8563.435288406452,-0.0,-169.29886029584054,0.0,-8563.435288406452,-115.054425347753,-1.0201687048746122,1.48558826287114,1.2170125578670323,breakout_up
USDJPY.a,4h,-1,0.13,2020-11-05 16:00:00,103.66265731948978,2020-11-09 12:00:00,104.3195853187945,104.30813482417692,,stop,11,-8540.063990961273,-0.0,-148.8564300284391,0.0,-8540.063990961273,-113.1381619714352,-1.0177395719206779,2.158623143939882,0.7539493103259471,breakout_dn
USDJPY.a,4h,1,0.1,2020-11-09 20:00:00,105.46519769928696,2020-11-13 04:00:00,104.90970441624705,104.61801699986457,,signal,20,-5554.932830399082,-0.0,-105.91167505920077,0.0,-5554.932830399082,-73.2532616288017,-0.6556963389494608,0.7615821509234817,0.25000841126037465,breakout_up
USDJPY.a,4h,-1,0.15,2020-11-13 16:00:00,104.73451973122985,2020-11-23 20:00:00,104.343557033782,105.28972125216849,,signal,37,5864.440461717706,-0.0,-136.71101346000643,0.0,5864.440461717706,77.09931280593078,0.7041816038019407,0.7249264520920339,1.9479768884663733,breakout_dn
USDJPY.a,4h,1,0.16,2020-11-24 16:00:00,104.6790256595541,2020-11-27 00:00:00,104.1578060476519,104.16339050955928,,stop,14,-8339.513790435149,-0.0,-89.35139051808686,0.0,-8339.513790435149,-108.72824850409721,-1.0108302583860533,1.3129936148862302,0.16091676536546085,breakout_up
USDJPY.a,4h,-1,0.22,2020-11-27 08:00:00,103.93728161883556,2020-11-30 08:00:00,104.32142647523919,104.31513335617117,,stop,6,-8451.186840880013,-0.0,-138.44861949652395,0.0,-8451.186840880013,-110.14647162346627,-1.0166549957197344,1.0922759918339373,0.2786320888133118,breakout_dn
USDJPY.a,4h,1,0.2,2020-12-02 12:00:00,104.6971229867231,2020-12-03 08:00:00,104.278610879601,104.2845245067431,,stop,5,-8370.242142441954,-0.0,-118.2725428418906,0.0,-8370.242142441954,-108.03499860457414,-1.014332644032957,1.136996400824941,0.1330034305496061,breakout_up
USDJPY.a,4h,1,0.24,2020-12-09 20:00:00,104.34745147798257,2020-12-11 00:00:00,103.99315609579442,103.99891775572176,,stop,7,-8503.089172515727,-0.0,-138.2798382562989,0.0,-8503.089172515727,-108.30384792440083,-1.0165311404875563,1.2092129141730397,0.6643504121077551,breakout_up
USDJPY.a,4h,-1,0.22,2020-12-11 20:00:00,103.91024906270526,2020-12-21 12:00:00,103.74212866589586,104.2950240163559,,signal,34,3698.6487298067914,-0.0,-225.6612994182117,0.0,3698.6487298067914,47.5890285553765,0.4369317576789279,0.6282917715955154,2.695729160290024,breakout_dn
USDJPY.a,4h,1,0.22,2020-12-28 20:00:00,103.85263147544511,2020-12-29 16:00:00,103.4668544973416,103.47207187514299,,stop,5,-8487.093518277163,-0.0,-114.7823116306605,0.0,-8487.093518277163,-107.72869530071048,-1.0137097521577294,1.0238382506597947,0.04563943345827581,breakout_up
USDJPY.a,4h,-1,0.25,2020-12-30 04:00:00,103.34762993463808,2021-01-06 20:00:00,103.21154950121623,103.6950839620529,,signal,28,3402.010835546321,-0.0,-227.47506081130393,0.0,3402.010835546321,42.2804702280761,0.3916501830021554,0.2773606225806315,2.1747623426909657,breakout_dn
USDJPY.a,4h,1,0.18,2021-01-07 12:00:00,103.5726922247042,2021-01-13 00:00:00,103.74728604445073,103.09976041647053,,signal,21,3142.688755437604,-0.0,-169.7023997734615,0.0,3142.688755437604,38.98052581725549,0.36917334953344844,0.13467528213439336,1.745088321249112,breakout_up
USDJPY.a,4h,-1,0.18,2021-01-13 04:00:00,103.55638132698998,2021-01-14 04:00:00,104.03921973695414,104.03239555492628,,stop,6,-8691.091379354872,-0.0,-122.83527650142787,0.0,-8691.091379354872,-107.86672768663223,-1.0143360883506385,1.3499988767058653,0.0659251869970822,breakout_dn
USDJPY.a,4h,-1,0.26,2021-01-20 20:00:00,103.59868671745859,2021-01-22 16:00:00,103.83732941037441,103.93943042753665,,signal,11,-6204.710015811259,-0.0,-173.129339469424,0.0,-6204.710015811259,-77.40515271519966,-0.7003583216874314,0.7639562370256826,0.7973345051515528,breakout_dn
USDJPY.a,4h,1,0.28,2021-01-27 16:00:00,103.98515643570079,2021-02-08 20:00:00,105.1833956750673,103.67653769376182,,signal,49,33550.69870226242,-0.0,-201.84219623080548,0.0,33550.69870226242,414.2069510726675,3.882587401653859,0.09123371939077368,5.7768480070201464,breakout_up
USDJPY.a,4h,-1,0.24,2021-02-09 08:00:00,104.892987419141,2021-02-12 08:00:00,104.8756267812983,105.26989332327813,,signal,18,416.65530822479013,-0.0,-174.08550231807916,0.0,416.65530822479013,5.133700644162119,0.046060933649856424,0.07697566034531406,1.2841067593488675,breakout_dn
USDJPY.a,4h,1,0.23,2021-02-15 12:00:00,105.38275550145636,2021-02-18 16:00:00,105.61947711284282,104.99725368931587,,signal,19,5444.597061888516,-0.0,-208.05280923034678,0.0,5444.597061888516,66.28917645614983,0.6140609562172124,0.5207640927591658,2.1848003615523703,breakout_up
USDJPY.a,4h,-1,0.19,2021-02-22 20:00:00,105.04234933983228,2021-02-24 04:00:00,105.53908605104219,105.53222494113854,,stop,8,-9437.997512988204,-0.0,-130.36108816927572,0.0,-9437.997512988204,-112.79216805698499,-1.0140058208356528,1.060780856980967,0.2477146024596866,breakout_dn
USDJPY.a,4h,1,0.18,2021-02-24 16:00:00,106.0059596206167,2021-03-23 16:00:00,108.5594389046854,105.50919470281762,,signal,114,45962.62711323661,-0.0,-164.19943132571734,0.0,45962.62711323661,551.0520518892173,5.14021661469566,0.4729794963333708,6.761830916453647,breakout_up
USDJPY.a,4h,1,0.22,2021-03-25 12:00:00,109.1310362020707,2021-04-02 12:00:00,110.38457253670306,108.71225516161611,,signal,36,27577.79936191187,-0.0,-194.80838506514567,0.0,27577.79936191187,328.0150876133403,2.993297722532125,0.2555898947920701,4.381678301236904,breakout_up
USDJPY.a,4h,-1,0.22,2021-04-05 20:00:00,110.09268075760819,2021-04-06 12:00:00,110.54165323675396,110.53399533450155,,stop,4,-9877.394541206855,-0.0,-168.47384955286165,0.0,-9877.394541206855,-117.42773797912486,-1.0173524797352316,1.0407978037462444,0.4977872227893148,breakout_dn
USDJPY.a,4h,-1,0.18,2021-04-06 16:00:00,109.89783939384375,2021-04-27 20:00:00,108.67597334418679,110.41352681682686,,signal,91,21993.588893825403,-0.0,-179.04039072422384,0.0,21993.588893825403,260.4745717708688,2.3693927662397054,0.1263567875658179,4.69245377334524,breakout_dn
USDJPY.a,4h,1,0.23,2021-04-28 00:00:00,108.66101953388774,2021-05-07 16:00:00,108.57258269486448,108.23966558132159,,signal,46,-2034.0472975349683,-0.0,-249.19603623419647,0.0,-2034.0472975349683,-23.933553596223778,-0.2098872894977184,0.7666227691006002,2.461067375295249,breakout_up
USDJPY.a,4h,1,0.17,2021-05-12 20:00:00,109.63364891104708,2021-05-18 08:00:00,109.04549451555134,109.05227111800662,,stop,21,-9998.624723427498,-0.0,-115.20224173978585,0.0,-9998.624723427498,-117.66678657260056,-1.0116561081905717,1.3461967767190055,0.2637718378456517,breakout_up
USDJPY.a,4h,-1,0.21,2021-05-18 12:00:00,108.85347067467055,2021-05-19 12:00:00,109.31728315503437,109.31077349701876,,stop,6,-9740.062087640381,-0.0,-136.70281832787683,0.0,-9740.062087640381,-115.22410720562483,-1.014234895779103,1.0551636721848876,0.049137406489552456,breakout_dn
USDJPY.a,4h,-1,0.2,2021-05-19 20:00:00,108.80793948229714,2021-05-19 20:00:00,109.28956960609224,109.28197882953796,,stop,0,-9632.602475901991,-0.0,-151.8155310855744,0.0,-9632.602475901991,-114.0545413325268,-1.0160129672746863,1.0337971321479786,0.008310454227210768,breakout_dn
USDJPY.a,4h,1,0.26,2021-05-26 20:00:00,109.0935758720888,2021-05-31 20:00:00,109.47793344545155,108.72121377505157,,signal,18,9993.296907431471,-0.0,-211.46083651929987,0.0,9993.296907431471,117.96509072391835,1.0322145471328943,0.15193778458912752,2.9713661425656457,breakout_up
USDJPY.a,4h,1,0.25,2021-06-03 16:00:00,109.96610717874218,2021-06-04 16:00:00,109.57221217365844,109.57876536622781,,stop,6,-9847.375127093372,-0.0,-163.82981423415467,0.0,-9847.375127093372,-116.23291470625084,-1.0169183712102534,1.5518778487666907,0.934298362752678,breakout_up
USDJPY.a,4h,-1,0.22,2021-06-07 16:00:00,109.28175462408994,2021-06-09 20:00:00,109.65274073554605,109.72142509800699,,signal,13,-8161.694452034311,-0.0,-164.59236402580788,0.0,-8161.694452034311,-96.26275162043757,-0.8437821811207159,0.8420974294942385,0.20641509829259527,breakout_dn
USDJPY.a,4h,1,0.25,2021-06-14 20:00:00,110.02163207301213,2021-06-16 16:00:00,109.86583126186378,109.64200752177028,,signal,11,-3895.0202787088274,-0.0,-158.43690681124642,0.0,-3895.0202787088274,-46.00748950863461,-0.41040762679518433,0.5706482162533058,0.3829255155187899,breakout_up
USDJPY.a,4h,1,0.28,2021-06-17 00:00:00,110.62818998339297,2021-06-17 16:00:00,110.27992992052604,110.28661717306483,,stop,4,-9751.28176027397,-0.0,-187.2430710859335,0.0,-9751.28176027397,-116.73603678822525,-1.0195778245123137,1.353122875760965,0.5674046960027064,breakout_up
USDJPY.a,4h,-1,0.19,2021-06-21 08:00:00,109.78915972024815,2021-06-21 16:00:00,110.28115999443786,110.27395320404453,,stop,2,-9348.005209604424,-0.0,-136.92901747320033,0.0,-9348.005209604424,-112.75893348647267,-1.0148656915453775,1.1238605673600441,0.0,breakout_dn
USDJPY.a,4h,1,0.21,2021-06-23 08:00:00,110.79720132809803,2021-06-25 16:00:00,110.52884219183295,110.36378005098285,,signal,14,-5635.541861566594,-0.0,-174.62794301622517,0.0,-5635.541861566594,-66.99190081230276,-0.6191646567313424,0.6857100557595637,0.7332327430190285,breakout_up
USDJPY.a,4h,1,0.22,2021-06-30 20:00:00,111.09305517363013,2021-07-05 00:00:00,110.94670320560644,110.66721207060051,,signal,13,-3219.7432965212724,-0.0,-189.05895331609068,0.0,-3219.7432965212724,-38.55323571359129,-0.34367579745330346,0.33358570943030974,1.3289984558714483,breakout_up
USDJPY.a,4h,-1,0.24,2021-07-06 16:00:00,110.71609809827864,2021-07-12 20:00:00,110.38345657579424,111.09482018537771,,signal,25,7983.39653962546,-0.0,-213.91563812330514,0.0,7983.39653962546,96.8440138453711,0.8783261758836141,0.2637868376956622,3.121281114954828,breakout_dn
USDJPY.a,4h,1,0.21,2021-07-14 00:00:00,110.62429300041128,2021-07-14 12:00:00,110.18867475983711,110.19521534032377,,stop,3,-9147.98305205761,-0.0,-137.35219021967328,0.0,-9147.98305205761,-111.19991459998012,-1.0152433489203867,1.126353211473902,0.17411067165201705,breakout_up
USDJPY.a,4h,-1,0.21,2021-07-15 04:00:00,109.89788259441762,2021-07-16 12:00:00,110.32818824227766,110.32141290887202,,stop,8,-9036.418605060802,-0.0,-142.28200151837592,0.0,-9036.418605060802,-110.33410360121941,-1.0159972808897284,1.0438860938488617,0.4365274175375162,breakout_dn
USDJPY.a,4h,-1,0.19,2021-07-19 16:00:00,109.46993370698182,2021-07-20 16:00:00,109.95002021511422,109.94183155580306,,stop,6,-9121.643654515638,-0.0,-155.5845269120552,0.0,-9121.643654515638,-113.61851661563975,-1.0173526099591546,1.0300243881855613,0.8602152097022943,breakout_dn
USDJPY.a,4h,1,0.2,2021-07-23 12:00:00,110.48926708286545,2021-07-27 08:00:00,110.04431763111432,110.05008338372014,,stop,11,-8898.989035022567,-0.0,-115.31505211627203,0.0,-8898.989035022567,-109.51597354833602,-1.013128339273592,1.1664073230913559,0.236194825391794,breakout_up
USDJPY.a,4h,-1,0.22,2021-07-27 16:00:00,109.94875608098509,2021-08-04 20:00:00,109.52399737459749,110.34149897083607,,signal,37,9344.69154052735,-0.0,-219.88448228905543,0.0,9344.69154052735,115.58156534426665,1.0815185134192398,0.863781185557876,3.121014059478429,breakout_dn
USDJPY.a,4h,1,0.2,2021-08-06 04:00:00,109.86812196739099,2021-08-13 12:00:00,110.26888038233935,109.43248043481672,,signal,32,8015.168298967126,-0.0,-124.78470642616574,0.0,8015.168298967126,98.96134342738839,0.9199270156365017,0.38821359935915123,2.141389107453796,breakout_up
USDJPY.a,4h,-1,0.28,2021-08-13 16:00:00,110.19230892645797,2021-08-18 16:00:00,109.86989147800873,110.5079617660654,,signal,18,9027.688556578823,-0.0,-217.92276848892323,0.0,9027.688556578823,113.37840208682,1.0214305337795113,0.030701683387615933,3.416123003357122,breakout_dn
USDJPY.a,4h,1,0.21,2021-08-19 08:00:00,110.17790518490753,2021-08-19 08:00:00,109.74554538644406,109.75290316380534,,stop,0,-9079.555767732783,-0.0,-154.5133245869383,0.0,-9079.555767732783,-114.67289491253665,-1.0173123349912472,1.602122227893625,0.051987552988977906,breakout_up
USDJPY.a,4h,1,0.22,2021-08-26 12:00:00,110.18599861204035,2021-08-27 20:00:00,109.7988390804637,109.78599562642393,,signal,8,-8517.509694686452,-0.0,-183.0804595973552,0.0,-8517.509694686452,-106.08610403334004,-0.9678916045589626,0.9674893087209328,0.20250195841618082,breakout_up
USDJPY.a,4h,1,0.23,2021-09-01 12:00:00,110.37604956300268,2021-09-01 16:00:00,109.98710593915543,109.9932778304806,,stop,1,-8945.703348486846,-0.0,-141.95350047871963,0.0,-8945.703348486846,-110.50315901242277,-1.0161242087666718,1.2933284277310486,0.03644583915693037,breakout_up
USDJPY.a,4h,1,0.27,2021-09-07 20:00:00,110.21922778136177,2021-09-09 08:00:00,109.88373694372012,109.88854662257776,,stop,9,-9058.252616324367,-0.0,-129.86132915624813,0.0,-9058.252616324367,-111.94053865440166,-1.0145447623182602,1.0409658131947332,0.6857730252069074,breakout_up
USDJPY.a,4h,-1,0.25,2021-09-15 12:00:00,109.32236376130626,2021-09-16 12:00:00,109.6745182309494,109.6688257054791,,stop,6,-8803.861741078477,-0.0,-142.31313675769317,0.0,-8803.861741078477,-109.98577692390194,-1.0164304494795224,1.0928653061672184,0.6042907881444672,breakout_dn
USDJPY.a,4h,1,0.21,2021-09-23 16:00:00,110.08103683055839,2021-10-01 08:00:00,111.16672353114748,109.66480286294177,,signal,34,22799.42071237096,-0.0,-221.61169180536447,0.0,22799.42071237096,284.3809580633646,2.6083568018386374,0.07696832322894613,4.8000963998254615,breakout_up
USDJPY.a,4h,-1,0.16,2021-10-01 16:00:00,110.9847292692037,2021-10-05 16:00:00,111.52989333302654,111.52238639344723,,stop,12,-8722.625021165413,-0.0,-120.11103326883054,0.0,-8722.625021165413,-107.55392015955005,-1.0139623176943164,1.075538116620159,0.300803731432464,breakout_dn
USDJPY.a,4h,1,0.18,2021-10-06 08:00:00,111.76185555170285,2021-10-06 12:00:00,111.2741285948773,111.2815559704634,,stop,1,-8779.085222859976,-0.0,-133.6927605497699,0.0,-8779.085222859976,-108.83895660423515,-1.0154640475990784,1.0011575493402691,0.052351593212444265,breakout_up
USDJPY.a,4h,1,0.2,2021-10-08 08:00:00,111.93122673486438,2021-10-19 12:00:00,113.94163260844188,111.49242855306719,,signal,43,40208.117471549944,-0.0,-214.69566232488327,0.0,40208.117471549944,471.62435671742276,4.581618513876766,0.9576765636157677,5.772068732741957,breakout_up
USDJPY.a,4h,1,0.18,2021-10-20 04:00:00,114.62813228577394,2021-10-20 16:00:00,114.09222812205269,114.10029230126844,,stop,3,-9646.274946982601,-0.0,-145.15522588342154,0.0,-9646.274946982601,-112.60719429163059,-1.015277696749907,1.025182444791272,0.02058903179953863,breakout_up
USDJPY.a,4h,-1,0.16,2021-10-21 20:00:00,113.67411615760494,2021-10-26 12:00:00,114.00311559757148,114.25733687331397,,signal,16,-5263.991039464599,-0.0,-163.69912228739554,0.0,-5263.991039464599,-61.57302556646748,-0.5641079459370141,0.9119769378363726,0.447714133897836,breakout_dn
USDJPY.a,4h,1,0.17,2021-11-01 08:00:00,114.26132118142175,2021-11-02 04:00:00,113.71376569369566,113.72179584688786,,stop,5,-9308.443291343467,-0.0,-136.51260426740333,0.0,-9308.443291343467,-108.48363955057572,-1.0148837370151158,1.235013703290506,0.33859173403983667,breakout_up
USDJPY.a,4h,-1,0.16,2021-11-05 20:00:00,113.36775221615659,2021-11-10 16:00:00,113.45061042646412,113.91914595236749,,signal,17,-1325.7313649205573,-0.0,-179.53364685196024,0.0,-1325.7313649205573,-15.793174780692764,-0.15027049613752438,0.5427116127575234,1.163872880687081,breakout_dn
USDJPY.a,4h,1,0.16,2021-11-11 04:00:00,114.06950143838982,2021-11-17 20:00:00,114.06977655216441,113.50799894263422,,signal,28,4.40182039346837,-0.0,-167.1503307390106,0.0,4.40182039346837,0.05310143962547758,0.0004899600209640335,0.5636688007306367,1.6037302922374226,breakout_up
USDJPY.a,4h,-1,0.16,2021-11-19 16:00:00,113.80618408928008,2021-11-22 16:00:00,114.38822684751072,114.37955961599086,,stop,6,-9312.684131690276,-0.0,-138.6757043177688,0.0,-9312.684131690276,-112.03781301207931,-1.0151161518343588,1.8134989414091778,0.22879262048841373,breakout_dn
USDJPY.a,4h,1,0.16,2021-11-23 00:00:00,114.87540381675802,2021-11-26 08:00:00,114.64674246680897,114.31274281067529,,signal,20,-3658.5815991848,-0.0,-200.2410621130259,0.0,-3658.5815991848,-44.73771169781295,-0.4063927435473061,0.6920753571836478,1.1456208556723586,breakout_up
USDJPY.a,4h,-1,0.14,2021-11-26 12:00:00,113.95659229060833,2021-12-07 08:00:00,113.73224405243397,114.58775331910321,,signal,41,3140.8753344410065,-0.0,-174.83346815100407,0.0,3140.8753344410065,38.959228210075395,0.35545324892659313,0.40149454410384167,2.255513611166914,breakout_dn
USDJPY.a,4h,1,0.14,2021-12-07 16:00:00,113.77115829010887,2021-12-17 12:00:00,113.13384860115296,113.14133798827473,,stop,47,-8922.335645382733,-0.0,-104.85141970477004,0.0,-8922.335645382733,-109.82808618739165,-1.011891307885686,1.0005366423942483,0.7936259095419833,breakout_up
USDJPY.a,4h,-1,0.17,2021-12-17 16:00:00,113.33084228416271,2021-12-21 16:00:00,113.84236195670276,113.83529247478462,,stop,12,-8695.834433180793,-0.0,-120.18119260836765,0.0,-8695.834433180793,-107.06024884490371,-1.0140142318301464,1.7626273760370483,0.09285809587059145,breakout_dn
USDJPY.a,4h,1,0.2,2021-12-22 12:00:00,114.2983095400228,2022-01-07 20:00:00,115.61861104427936,113.85620338216025,,signal,74,26406.03008513125,-0.0,-175.55822882592489,0.0,26406.03008513125,318.0591268994613,2.9863902159603706,0.5548656938161588,4.642980929967862,breakout_up
USDJPY.a,4h,-1,0.21,2022-01-10 00:00:00,115.55475168397368,2022-01-17 20:00:00,114.62819924231997,115.98989557206481,,signal,35,19457.60127472795,-0.0,-218.3681774383349,0.0,19457.60127472795,235.40430049138868,2.129301288634122,0.6808054166310108,4.761072694969765,breakout_dn
USDJPY.a,4h,1,0.16,2022-01-18 08:00:00,114.82185796478753,2022-01-19 04:00:00,114.24936863868349,114.25806533057485,,stop,5,-9159.829217664537,-0.0,-139.14707026175415,0.0,-9159.829217664537,-111.1400360995651,-1.0154253379054936,1.0923483696227363,0.292912722144883,breakout_up
USDJPY.a,4h,-1,0.15,2022-01-21 04:00:00,113.79731250978068,2022-01-26 16:00:00,114.30890585164757,114.37619125438735,,signal,21,-7673.900128003267,-0.0,-147.1755494267903,0.0,-7673.900128003267,-93.62858808381623,-0.8837659814483201,0.8942934855399975,0.5636975149301732,breakout_dn
USDJPY.a,4h,1,0.18,2022-01-26 20:00:00,114.35324829081559,2022-02-01 12:00:00,114.68467011875862,113.85741483524403,,signal,22,5965.592902974578,-0.0,-191.87572468951188,0.0,5965.592902974578,73.37837406073913,0.6684136058568211,0.2889040447068398,2.685885137882197,breakout_up
USDJPY.a,4h,-1,0.18,2022-02-02 12:00:00,114.39699140591601,2022-02-03 12:00:00,114.90750768777896,114.90038705519909,,stop,6,-9189.293073533065,-0.0,-128.1713864377366,0.0,-9189.293073533065,-112.5461981870993,-1.0141452008773035,1.146232779138539,0.4827046206340418,breakout_dn
USDJPY.a,4h,1,0.17,2022-02-04 16:00:00,115.37013152998506,2022-02-14 00:00:00,115.38105474703374,114.85775830930147,,signal,32,185.69468982764192,-0.0,-202.13860085275863,0.0,185.69468982764192,2.255653105008673,0.021318867980866667,0.8882812598555343,1.8889911317450354,breakout_up
USDJPY.a,4h,-1,0.16,2022-02-17 16:00:00,114.8804292868787,2022-02-24 16:00:00,115.44980156493236,115.44069218229467,,stop,30,-9109.956448858611,-0.0,-145.75012220305433,0.0,-9109.956448858611,-110.74971488201936,-1.016259121766266,1.3789432058457247,0.8432278681027633,breakout_dn
USDJPY.a,4h,1,0.14,2022-02-24 20:00:00,115.34817771306143,2022-02-28 20:00:00,115.10598166494142,114.73470782415394,,signal,12,-3390.744673680104,-0.0,-168.51338163979304,0.0,-3390.744673680104,-40.644570957951295,-0.3947969615123697,0.5968959841102363,0.7006412127317816,breakout_up
USDJPY.a,4h,1,0.18,2022-03-03 12:00:00,115.78786263355448,2022-03-04 00:00:00,115.2739912817254,115.28117792490279,,stop,3,-9249.684332923465,-0.0,-129.35957719309292,0.0,-9249.684332923465,-109.35446977969745,-1.0141836590974203,1.0536387312242141,0.0,breakout_up
USDJPY.a,4h,1,0.18,2022-03-09 04:00:00,115.89575372634576,2022-03-30 08:00:00,121.8823015711043,115.40021408584225,,signal,91,107757.86120565384,-0.0,-529.1434402451578,0.0,107757.86120565384,1173.011125975699,12.080865697597318,0.6795697030485648,18.578223659967836,breakout_up
USDJPY.a,4h,1,0.11,2022-04-05 20:00:00,123.59614632206002,2022-04-25 20:00:00,127.67986606440142,122.61870377815184,,signal,84,44920.91716575542,-0.0,-244.9465831688352,0.0,44920.91716575542,490.3848186310332,4.177963981405144,0.13621907792928617,5.942910623384573,breakout_up
USDJPY.a,4h,-1,0.08,2022-04-26 16:00:00,127.20313958036421,2022-04-27 16:00:00,128.4288250181835,128.41142980693238,,stop,6,-9805.48350255424,-0.0,-139.16169000882783,0.0,-9805.48350255424,-107.2356040905694,-1.0143965504881387,1.147787501000327,0.21198514622741207,breakout_dn
USDJPY.a,4h,1,0.08,2022-04-28 08:00:00,129.85990397279855,2022-05-04 20:00:00,128.62298325120494,128.63795677554242,,stop,27,-9895.365772748846,-0.0,-119.78819469972152,0.0,-9895.365772748846,-106.45083000876046,-1.0122538227274473,1.011421750116343,1.1408807437276118,breakout_up
USDJPY.a,4h,-1,0.1,2022-05-05 00:00:00,129.04001638969586,2022-05-05 16:00:00,130.09780845335405,130.082234955831,,stop,4,-10577.920636581837,-0.0,-155.73497523038142,0.0,-10577.920636581837,-113.3766658955517,-1.014942640660094,1.4574520735482288,0.27443033447053866,breakout_dn
USDJPY.a,4h,1,0.1,2022-05-06 08:00:00,130.57302047884136,2022-05-10 04:00:00,130.02868090253088,129.54317920169788,,signal,11,-5443.395763104775,-0.0,-206.38194938222466,0.0,-5443.395763104775,-60.282604092345856,-0.5285664775647181,0.6098225938110942,0.7525232658262223,breakout_up
USDJPY.a,4h,-1,0.08,2022-05-12 12:00:00,128.53775891906082,2022-05-17 16:00:00,129.7472755361341,129.73173179345167,,stop,19,-9676.132936586328,-0.0,-124.34994145950357,0.0,-9676.132936586328,-106.34591027278348,-1.0130185057096623,1.0412640920116962,0.8540888498669508,breakout_dn
USDJPY.a,4h,-1,0.1,2022-05-18 20:00:00,128.32645000037718,2022-05-30 16:00:00,127.73849611973223,129.31438457476685,,signal,47,5879.538806449461,-0.0,-169.9223946445724,0.0,5879.538806449461,64.09673933150388,0.5951344308484952,0.6250920006563416,1.9884413920737523,breakout_dn
USDJPY.a,4h,1,0.12,2022-05-31 04:00:00,128.20349412356111,2022-06-16 00:00:00,133.7867136697404,127.34217130880273,,signal,71,66998.63455415152,-0.0,-318.8719262305091,0.0,66998.63455415152,714.6840168404055,6.482145196334434,0.6611854624109416,8.567642410016724,breakout_up
USDJPY.a,4h,-1,0.07,2022-06-16 12:00:00,133.20622939956985,2022-06-17 12:00:00,134.67276958768147,134.64637235401693,,stop,6,-10265.781316781358,-0.0,-184.7806356517463,0.0,-10265.781316781358,-108.89946798039,-1.0183295926165012,1.1879172099876514,1.189624539896887,breakout_dn
USDJPY.a,4h,1,0.08,2022-06-21 16:00:00,136.24654480026632,2022-06-23 12:00:00,134.9224877772837,134.9398676636274,,stop,11,-10592.456183861032,-0.0,-139.03909074979953,0.0,-10592.456183861032,-113.63230194557792,-1.0133008268503294,1.0519391223159902,0.3562128598430455,breakout_up
USDJPY.a,4h,1,0.11,2022-06-28 16:00:00,136.277712781513,2022-06-30 20:00:00,135.6602828385006,135.267315837062,,signal,13,-6791.729373136519,-0.0,-191.77755298729681,0.0,-6791.729373136519,-72.44201352935623,-0.6110766134075061,0.704389285242453,0.7168343317591351,breakout_up
USDJPY.a,4h,-1,0.11,2022-07-01 08:00:00,135.0770202755779,2022-07-05 00:00:00,136.0303117322875,136.0168164762257,,stop,10,-10486.206023805522,-0.0,-148.44781667954567,0.0,-10486.206023805522,-112.59150618434485,-1.0143597686950483,1.140651264266856,0.3543537155697607,breakout_dn
USDJPY.a,4h,1,0.1,2022-07-08 16:00:00,136.4324124044795,2022-07-18 04:00:00,138.16584253914314,135.39951028682364,,signal,33,17334.301346636494,-0.0,-183.1492171373757,0.0,17334.301346636494,184.22912798530285,1.6782133612017673,0.5483698743545414,2.8624083008276022,breakout_up
USDJPY.a,4h,1,0.14,2022-07-21 12:00:00,138.6691096462668,2022-07-21 16:00:00,137.86005801012007,137.87311501742028,,stop,1,-11326.722906054272,-0.0,-182.7981022028262,0.0,-11326.722906054272,-118.76402178656855,-1.0164033861875745,1.2036634564421402,0.25991425850825667,breakout_up
USDJPY.a,4h,-1,0.12,2022-07-22 00:00:00,137.33387719648388,2022-07-27 00:00:00,136.9039239818007,138.2451480709649,,signal,18,5159.43857619834,-0.0,-214.17556321604866,0.0,5159.43857619834,54.32884549191137,0.4718171366203993,0.6816006315025455,1.9378181020978955,breakout_dn
USDJPY.a,4h,-1,0.1,2022-07-28 08:00:00,135.44924634272215,2022-08-03 00:00:00,133.16795639250196,136.5343169376164,,signal,22,22812.899502201846,-0.0,-319.1278500395729,0.0,22812.899502201846,247.65220855897184,2.1024345890070797,0.32233262879263763,4.650615698616277,breakout_dn
USDJPY.a,4h,1,0.06,2022-08-05 16:00:00,134.69541413169523,2022-08-10 12:00:00,133.02353093676246,133.04263197128336,,stop,17,-10031.299169596648,-0.0,-114.60620712540042,0.0,-10031.299169596648,-106.60523839220103,-1.0115568978044516,1.2206170782920915,0.5321849965306772,breakout_up
USDJPY.a,4h,-1,0.08,2022-08-10 20:00:00,132.52728280668697,2022-08-12 16:00:00,133.6974579454399,133.90915927986524,,signal,11,-9361.401110023507,-0.0,-199.3271270383199,0.0,-9361.401110023507,-98.60457679023787,-0.8468015495347261,0.9868589702352492,0.5740620251406685,breakout_dn
USDJPY.a,4h,1,0.09,2022-08-16 12:00:00,133.95145733128174,2022-08-23 20:00:00,136.42281221134243,132.8315181696568,,signal,32,22242.193920546182,-0.0,-201.38019583611663,0.0,22242.193920546182,234.86572737939485,2.2066867243707406,0.07362661661201751,3.353345250709165,breakout_up
USDJPY.a,4h,1,0.1,2022-08-29 04:00:00,138.39364898064895,2022-09-09 08:00:00,142.80560673569474,137.33449439165182,,signal,55,44119.57755045791,-0.0,-287.865286105305,0.0,44119.57755045791,451.8941582138253,4.1655465603215545,0.32445592382725064,6.230772247892249,breakout_up
USDJPY.a,4h,1,0.13,2022-09-21 08:00:00,144.03027159193246,2022-09-22 08:00:00,143.10497668642608,143.13382856111744,,stop,6,-12028.833771582897,-0.0,-375.0743709876045,0.0,-12028.833771582897,-125.75628480025875,-1.032184839080208,3.7350634416649067,2.0879502028877415,breakout_up
USDJPY.a,4h,-1,0.05,2022-09-22 12:00:00,142.0577907442387,2022-09-26 00:00:00,144.03136330341687,144.00345831275695,,stop,9,-9867.862795890831,-0.0,-139.52495329962304,0.0,-9867.862795890831,-105.54858215952913,-1.0143421163570978,1.0439652120573695,0.8772262907884804,breakout_dn
USDJPY.a,4h,1,0.12,2022-10-03 08:00:00,144.95201262098453,2022-10-04 16:00:00,144.0187069617552,144.03248697089782,,stop,8,-11199.667910751827,-0.0,-165.36010971123648,0.0,-11199.667910751827,-119.56449485862233,-1.0149859975535296,1.0853559342150076,0.28491579217040885,breakout_up
USDJPY.a,4h,-1,0.11,2022-10-05 04:00:00,143.83941736149507,2022-10-05 16:00:00,144.81026922763104,144.79636106976187,,stop,3,-10679.370527495706,-0.0,-152.98973656086906,0.0,-10679.370527495706,-114.5099243745493,-1.0145339352242124,1.0508273682327884,0.05477580451414109,breakout_dn
USDJPY.a,4h,1,0.17,2022-10-10 00:00:00,145.25173266204274,2022-10-21 20:00:00,147.23208778480904,144.62094408770477,,signal,59,33666.03708702707,-0.0,-575.015316492902,0.0,33666.03708702707,356.82809100335436,3.1394911121285536,0.029697212037167117,10.607781450353537,breakout_up
USDJPY.a,4h,1,0.08,2022-10-31 16:00:00,148.755725317515,2022-11-01 12:00:00,147.30851673925847,147.32819657530916,,stop,5,-11577.668626052175,-0.0,-157.43868840568896,0.0,-11577.668626052175,-121.87978088211743,-1.0137859473290112,1.2390120529425916,0.06604047939471537,breakout_up
USDJPY.a,4h,-1,0.09,2022-11-08 20:00:00,145.52081421326608,2022-11-09 20:00:00,146.80737551065974,146.78800780211446,,stop,6,-11579.051676542946,-0.0,-174.30937690734626,0.0,-11579.051676542946,-122.95955304207344,-1.0152839382362058,1.003939570030558,0.27526513417975895,breakout_dn
USDJPY.a,4h,-1,0.07,2022-11-10 16:00:00,143.6989896661871,2022-11-17 16:00:00,140.5246770884788,145.2802667183139,,signal,30,22220.18804395805,-0.0,-233.47923870296245,0.0,22220.18804395805,237.86949747009882,2.0074360615294213,0.10877937777037099,3.8171613621210208,breakout_dn
USDJPY.a,4h,1,0.08,2022-11-21 12:00:00,141.84628014154015,2022-11-23 16:00:00,140.46589689330662,140.48444629567558,,stop,13,-11043.065985868225,-0.0,-148.39521895177043,0.0,-11043.065985868225,-117.7908351023738,-1.0136208998074836,1.6766216733955597,0.29865600689460703,breakout_up
USDJPY.a,4h,-1,0.08,2022-11-24 04:00:00,138.7604844200669,2022-11-30 16:00:00,139.3977518590415,140.0737547620259,,signal,27,-5098.139511796944,-8.0,-204.02974466403037,0.0,-5098.139511796944,-54.499326647623604,-0.4852522885912403,0.6354484322612899,0.9620901193748992,breakout_dn
USDJPY.a,4h,-1,0.06,2022-12-01 04:00:00,136.76312057787385,2022-12-05 20:00:00,136.64636660515234,138.36555315204785,,signal,16,700.5238363290687,-6.0,-196.39926182812755,0.0,700.5238363290687,7.646129172660356,0.07286045890679299,0.14408058463561932,1.9595960719236374,breakout_dn
USDJPY.a,4h,1,0.07,2022-12-07 12:00:00,137.63400593527956,2022-12-09 00:00:00,136.16691414586853,136.18674543143055,,stop,9,-10269.642525877203,-7.000000000000001,-138.8189989341382,0.0,-10269.642525877203,-111.03071331063664,-1.0137026371612288,1.1055410764159814,0.06909195991634726,breakout_up
USDJPY.a,4h,-1,0.07,2022-12-13 16:00:00,135.13995219785406,2022-12-15 08:00:00,136.68907956269726,136.66707100033233,,stop,10,-10843.891553902411,-7.000000000000001,-147.05993655455947,0.0,-10843.891553902411,-117.11833922424178,-1.0144118206973909,1.0804973388240455,0.4131651033502677,breakout_dn
USDJPY.a,4h,1,0.07,2022-12-15 20:00:00,138.10226017529538,2022-12-16 16:00:00,136.51716904777396,136.53821189126722,,stop,5,-11095.637892649962,-7.000000000000001,-147.29990445281848,0.0,-11095.637892649962,-121.00258632417302,-1.0134540881558125,1.087728679906114,0.04778613644338242,breakout_up
USDJPY.a,4h,-1,0.05,2022-12-20 08:00:00,132.8962424264121,2022-12-27 16:00:00,133.4706680019494,134.79389254023525,,signal,26,-2872.127877686524,-5.0,-106.68001949407505,0.0,-2872.127877686524,-31.942342769039275,-0.30270362874219436,0.42197324351570575,1.2269081689255343,breakout_dn
USDJPY.a,4h,1,0.1,2022-12-28 04:00:00,133.71281413275614,2022-12-29 16:00:00,133.15503640759786,132.64455493395414,,signal,9,-5577.7772515827455,-10.0,-219.27184804259196,0.0,-5577.7772515827455,-62.06228497721119,-0.522137067280859,0.5755289853301606,0.7359504773050678,breakout_up
USDJPY.a,4h,-1,0.09,2022-12-30 04:00:00,132.44158763392585,2023-01-04 20:00:00,132.5636283291653,133.51902403875505,,signal,22,-1098.366257155163,-9.0,-263.30992497529525,0.0,-1098.366257155163,-12.131545720196227,-0.11326951149270753,0.307593436223908,2.7236759596878923,breakout_dn
USDJPY.a,4h,1,0.06,2023-01-05 16:00:00,133.70400424388046,2023-01-06 16:00:00,132.08862807157385,132.1160045051802,,stop,6,-9692.257033839667,-0.0,-164.25860163813533,0.0,-9692.257033839667,-107.18380532825651,-1.0172395705988948,1.0226728659348876,0.673800964851105,breakout_up
USDJPY.a,4h,-1,0.07,2023-01-12 12:00:00,130.9422919234293,2023-01-18 08:00:00,130.83102690861887,132.27810055376483,,signal,23,778.8551036730952,-7.000000000000001,-266.3767206641511,0.0,778.8551036730952,8.498856917052251,0.08329412782914514,0.4714059052100354,2.7857971860045647,breakout_dn
USDJPY.a,4h,-1,0.08,2023-02-02 00:00:00,128.8643204634935,2023-02-03 12:00:00,130.1173137903549,130.09871931608407,,stop,9,-10023.946614891202,-0.0,-148.75579416665735,0.0,-10023.946614891202,-110.44273403664077,-1.0150635868072981,1.0860991434761096,0.6329562457497276,breakout_dn
USDJPY.a,4h,1,0.07,2023-02-03 20:00:00,131.0618045787475,2023-02-07 20:00:00,130.5551269830876,129.7091992118056,,signal,12,-3546.7431696193617,-0.0,-194.2222367733455,0.0,-3546.7431696193617,-39.04563042316639,-0.3745938083962017,0.43457211771714865,1.3612214369777553,breakout_up
USDJPY.a,4h,-1,0.08,2023-02-09 16:00:00,130.39143634867912,2023-02-10 00:00:00,131.74388758060277,131.7241624499403,,stop,2,-10819.609855389219,-0.0,-157.8010452996581,0.0,-10819.609855389219,-118.68928083376139,-1.0148005885408855,1.1251851748846222,0.0,breakout_dn
USDJPY.a,4h,1,0.07,2023-02-13 08:00:00,132.20082831413097,2023-02-28 20:00:00,135.79745913278987,130.8142584782051,,signal,69,25176.415730612265,-0.0,-133.5721409417411,0.0,25176.415730612265,274.6041661645785,2.5939052801168447,0.5328460889513229,3.4020440684973785,breakout_up
USDJPY.a,4h,1,0.1,2023-03-02 16:00:00,137.06314030895916,2023-03-03 12:00:00,136.0232669422294,136.0374282659367,,stop,5,-10398.733667297507,-0.0,-141.6132370730868,0.0,-10398.733667297507,-112.93275069724817,-1.0138063346371269,1.2080781515519625,0.0,breakout_up
USDJPY.a,4h,1,0.11,2023-03-08 00:00:00,137.1432183984007,2023-03-09 08:00:00,136.2216651400037,136.23663401838283,,stop,8,-10137.085842367129,-0.0,-164.65766217039354,0.0,-10137.085842367129,-112.18807716018438,-1.0165112908506555,1.1429916742888009,0.8491008874255339,breakout_up
USDJPY.a,4h,-1,0.07,2023-03-10 20:00:00,134.7241397340402,2023-03-22 16:00:00,132.79915929111533,136.159797872595,,signal,47,13474.86310047404,-0.0,-184.2300756146399,0.0,13474.86310047404,152.03980295024817,1.3408348347209158,0.29036178931805373,2.915833248613173,breakout_dn
USDJPY.a,4h,-1,0.07,2023-03-24 08:00:00,130.08546877293747,2023-03-27 12:00:00,131.4915383328856,131.4722859913492,,stop,7,-9842.486919636856,-0.0,-134.76639075474736,0.0,-9842.486919636856,-112.69731983990555,-1.0138823929215774,1.1988106327137769,0.32193771970093604,breakout_dn
USDJPY.a,4h,1,0.08,2023-03-29 12:00:00,131.99730453092013,2023-04-03 20:00:00,132.44229381608065,130.8123582086034,,signal,20,3559.9142812841365,-0.0,-187.29894270981617,0.0,3559.9142812841365,39.6444546565144,0.37553539496245003,0.3378250334052884,1.4833545081125077,breakout_up
USDJPY.a,4h,-1,0.08,2023-04-04 20:00:00,131.6114460503147,2023-04-07 16:00:00,132.13162536130181,132.83719458149363,,signal,17,-4161.4344878969405,-0.0,-154.0057808289624,0.0,-4161.4344878969405,-47.20518226588871,-0.424376858511757,0.6237445366954283,0.8243502028453107,breakout_dn
USDJPY.a,4h,1,0.09,2023-04-10 16:00:00,133.33410974253658,2023-04-13 16:00:00,132.49985074901133,132.22348926529256,,signal,18,-7508.330941727279,-0.0,-182.68651779592636,0.0,-7508.330941727279,-83.95224635628065,-0.7511647863682862,0.7510304011379324,0.6418846690387261,breakout_up
USDJPY.a,4h,1,0.1,2023-04-17 08:00:00,134.07046657395094,2023-04-21 08:00:00,133.86705189766138,133.09867665143906,,signal,24,-2034.1467628955456,-0.0,-158.9620467724817,0.0,-2034.1467628955456,-22.658921783548667,-0.20931959837962721,0.3349145390494175,1.0933776955647414,breakout_up
USDJPY.a,4h,-1,0.13,2023-04-21 16:00:00,133.63036607502437,2023-04-21 16:00:00,134.4369889617643,134.42403807430082,,stop,0,-10486.097527619278,-0.0,-168.3615370251823,0.0,-10486.097527619278,-116.76596831506879,-1.016317682210404,1.0868897047672579,0.09873861632490334,breakout_dn
USDJPY.a,4h,1,0.1,2023-04-28 08:00:00,134.78206840184603,2023-05-03 08:00:00,136.05296588669086,133.76032595504034,,signal,18,12708.974848448237,-0.0,-200.6822661825107,0.0,12708.974848448237,140.2718033210631,1.2438530755163175,0.06955608242390603,2.928263974456336,breakout_up
USDJPY.a,4h,-1,0.08,2023-05-04 00:00:00,134.67537549900507,2023-05-12 16:00:00,134.98671453727388,135.85010010714825,,signal,40,-2490.712306150499,-0.0,-155.4325963821601,0.0,-2490.712306150499,-27.644170908228087,-0.2650315113096407,0.6772859744996158,1.000554079532666,breakout_dn
USDJPY.a,4h,1,0.1,2023-05-12 20:00:00,135.6682006417543,2023-05-30 16:00:00,139.8145902481747,134.68654627261148,,signal,71,41463.896064204,-0.0,-188.19503650622298,0.0,41463.896064204,454.4563209905046,4.2238793375319865,0.04706406165607807,5.362171782357538,breakout_up
USDJPY.a,4h,-1,0.11,2023-06-01 04:00:00,139.18546053939124,2023-06-05 00:00:00,139.9526407409457,140.15586498863507,,signal,11,-8438.982217098983,-0.0,-212.09630080528925,0.0,-8438.982217098983,-91.34827856993017,-0.7905777865633904,0.9104857889895567,0.7754092017793118,breakout_dn
USDJPY.a,4h,-1,0.11,2023-06-08 20:00:00,138.91029983484833,2023-06-13 12:00:00,139.84388003322246,139.83140240095102,,stop,16,-10269.382182115436,-0.0,-137.25395498596748,0.0,-10269.382182115436,-108.62186460039023,-1.013546409195488,1.1352700596375034,0.16100252057249984,breakout_dn
USDJPY.a,4h,1,0.12,2023-06-14 00:00:00,140.18202863413518,2023-06-14 16:00:00,139.28115590760953,139.2939932469812,,stop,4,-10810.472718307778,-0.0,-154.0480724600448,0.0,-10810.472718307778,-113.66605258911177,-1.0144558871835037,1.0112532080655285,0.11144979951983013,breakout_up
USDJPY.a,4h,1,0.12,2023-06-15 04:00:00,140.37386045301253,2023-06-20 20:00:00,141.2638460822789,139.45148967557407,,signal,22,10679.827551196353,-0.0,-219.69402530673491,0.0,10679.827551196353,111.4513430027125,0.9648892300534128,0.5646974793141352,2.0383771829901756,breakout_up
USDJPY.a,4h,1,0.12,2023-06-22 20:00:00,142.99550426190999,2023-07-06 08:00:00,143.9605714367906,142.1173102558462,,signal,57,11580.806098567224,-0.0,-178.285517025378,0.0,11580.806098567224,120.99654219408275,1.0989225253383401,0.393425893964582,2.3667842455520867,breakout_up
USDJPY.a,4h,-1,0.12,2023-07-07 12:00:00,142.95385580557885,2023-07-19 12:00:00,139.74267909254473,143.8237593992001,,signal,48,38534.12055640945,-0.0,-280.29822107379385,0.0,38534.12055640945,407.16522996866064,3.6914167691463313,0.5370068566753524,6.568378205903411,breakout_dn
USDJPY.a,4h,1,0.1,2023-07-20 20:00:00,140.4726004179515,2023-07-26 12:00:00,140.32954617501449,139.3839549898386,,signal,22,-1430.5424293701208,-0.0,-189.07649971012694,0.0,-1430.5424293701208,-15.081836036475767,-0.13140572609117382,0.6637610366894962,1.3607732543519049,breakout_up
USDJPY.a,4h,1,0.06,2023-07-31 08:00:00,141.90067527213665,2023-08-04 20:00:00,141.8257481063675,140.12135530836306,,signal,27,-449.56299461483695,-0.0,-135.02272358973954,0.0,-449.56299461483695,-4.803730173986359,-0.04211000117721025,0.19595984940065989,1.1174632827962607,breakout_up
USDJPY.a,4h,1,0.12,2023-08-09 20:00:00,143.64672973349195,2023-08-18 08:00:00,145.46315358352675,142.73495177779037,,signal,39,21797.086200417536,-0.0,-188.31399535841578,0.0,21797.086200417536,234.05565534789076,1.9921778528162826,0.41098792874809037,3.1951532149802766,breakout_up
USDJPY.a,4h,-1,0.13,2023-08-18 20:00:00,145.0575687037202,2023-08-21 12:00:00,145.9149783078827,145.9022165224399,,stop,4,-11146.324854112663,-0.0,-165.9032107565368,0.0,-11146.324854112663,-119.27306409570068,-1.015109001834828,1.3158517332875046,0.15339967836132515,breakout_dn
USDJPY.a,4h,-1,0.13,2023-08-23 20:00:00,144.6146990278443,2023-08-24 12:00:00,145.47169479169028,145.45895084753658,,stop,4,-11140.94492999783,-0.0,-165.6712739980155,0.0,-11140.94492999783,-118.83490857384376,-1.0150949560977467,1.589929616787722,0.08729507728056835,breakout_dn
USDJPY.a,4h,1,0.13,2023-08-25 20:00:00,146.361305461757,2023-08-29 20:00:00,145.90936057313488,145.49764258001514,,signal,12,-5875.28355208778,-0.0,-224.6250984931863,0.0,-5875.28355208778,-62.29793944901121,-0.523288540212165,0.5862304290950696,1.1760312498257406,breakout_up
USDJPY.a,4h,-1,0.12,2023-08-31 20:00:00,145.49242324086185,2023-09-04 08:00:00,146.40903828183642,146.3953432918005,,stop,9,-10999.38049169475,-0.0,-164.33988043123276,0.0,-10999.38049169475,-116.21878507493993,-1.0151674448049892,1.066070864344534,1.1633624037586454,breakout_dn
USDJPY.a,4h,1,0.14,2023-09-05 04:00:00,146.52443545082332,2023-09-08 04:00:00,146.912870423293,145.76102837287178,,signal,18,5438.089614575348,-0.0,-227.62814779633356,0.0,5438.089614575348,57.889853984898004,0.5088176199675272,0.050347255001175706,1.7665077887347995,breakout_up
USDJPY.a,4h,-1,0.11,2023-09-11 08:00:00,146.18929140222565,2023-09-12 12:00:00,147.16856966373226,147.15546437570117,,stop,7,-10772.060876572681,-0.0,-144.1581683420093,0.0,-10772.060876572681,-114.19071055023751,-1.013564121943861,1.004694422658615,0.2983848753175068,breakout_dn
USDJPY.a,4h,1,0.16,2023-09-15 12:00:00,147.78874152274426,2023-09-29 12:00:00,149.06785203281345,147.0906821660027,,signal,60,20465.768161107007,-0.0,-196.73494996960122,0.0,20465.768161107007,211.40006732513538,1.83238072481383,0.6671947281363898,2.750852715762185,breakout_up
USDJPY.a,4h,1,0.19,2023-10-02 08:00:00,149.73785195911785,2023-10-03 16:00:00,149.1236768026959,149.13678901807825,,stop,8,-11669.327972016788,-0.0,-249.13209226421387,0.0,-11669.327972016788,-123.283482556832,-1.0218150454587278,4.164043044791435,0.7006721128967379,breakout_up
USDJPY.a,4h,1,0.16,2023-10-12 16:00:00,149.4530326731101,2023-10-17 12:00:00,148.74020561358438,148.7490967419896,,stop,17,-11405.232952411552,-0.0,-142.25805448354834,0.0,-11405.232952411552,-119.92826436715761,-1.012630593228949,1.0399137773019724,0.5340931045975397,breakout_up
USDJPY.a,4h,1,0.25,2023-10-19 00:00:00,149.8729990371846,2023-10-24 08:00:00,149.4180279665771,149.42418061088964,,stop,20,-11374.276765187118,-0.0,-153.81610781286182,0.0,-11374.276765187118,-119.54847066185954,-1.013708537689311,1.2276658107224854,0.2695989195770663,breakout_up
USDJPY.a,4h,1,0.35,2023-10-26 00:00:00,150.15183172287573,2023-10-26 08:00:00,149.82651943884002,149.8341221518451,,stop,2,-11385.929941249628,-0.0,-266.0949551778641,0.0,-11385.929941249628,-120.32785275122542,-1.02392975754683,1.0287122349368112,1.9677351081877914,breakout_up
USDJPY.a,4h,-1,0.16,2023-10-30 20:00:00,149.01051434145944,2023-10-31 04:00:00,149.7022418450731,149.69114784282806,,stop,2,-11067.640057818608,-0.0,-177.50403592069347,0.0,-11067.640057818608,-116.35920850269358,-1.016299524226676,1.7211695518732526,0.08009353249558616,breakout_dn
USDJPY.a,4h,1,0.13,2023-10-31 16:00:00,150.94183620090678,2023-11-02 12:00:00,150.10450517397655,150.1177937484992,,stop,11,-10885.303350092983,-0.0,-172.7514687944205,0.0,-10885.303350092983,-112.42047810881249,-1.0161260800142307,1.1999821101664356,0.9370437127810725,breakout_up
USDJPY.a,4h,1,0.17,2023-11-08 12:00:00,150.7612814827592,2023-11-14 16:00:00,150.9970275109309,150.12068647208622,,signal,25,4007.6824789192074,-0.0,-203.06462834848827,0.0,4007.6824789192074,41.0532100835835,0.36801102762892046,0.09722442685550492,1.790083435142792,breakout_up
USDJPY.a,4h,-1,0.18,2023-11-14 20:00:00,150.59680126015016,2023-11-15 16:00:00,151.21034947094427,151.19924890690731,,stop,5,-11043.86779429393,-0.0,-199.81015266506594,0.0,-11043.86779429393,-112.58828170198649,-1.0184257737526292,1.0742821278057448,0.9109526165538763,breakout_dn
USDJPY.a,4h,-1,0.13,2023-11-17 12:00:00,149.60740032379076,2023-11-22 08:00:00,148.7677642150516,150.4578112840745,,signal,17,10915.269413608856,-0.0,-279.8695913416946,0.0,10915.269413608856,112.16166615714576,0.9873298298730757,0.44872384532994236,2.88966210286241,breakout_dn
USDJPY.a,4h,-1,0.12,2023-11-28 04:00:00,148.19313624706206,2023-11-30 20:00:00,148.22134869144554,149.09225031639357,,signal,16,-338.54933260181497,-0.0,-248.3685946923951,0.0,-338.54933260181497,-3.458329891423238,-0.03137804795387115,0.7105480547233852,1.6940411667615285,breakout_dn
USDJPY.a,4h,-1,0.09,2023-12-04 04:00:00,146.63372329187274,2023-12-11 12:00:00,146.19947246728563,147.79441472139732,,signal,32,3908.2574212839913,-0.0,-296.50441114128716,0.0,3908.2574212839913,40.748792832600714,0.3741311545351732,0.7472069544637752,4.332523842217512,breakout_dn
USDJPY.a,4h,-1,0.06,2023-12-14 00:00:00,142.74447136973168,2023-12-18 12:00:00,142.50843096525247,144.435237105819,,signal,15,1416.2424268752716,-0.0,-161.1715830297481,0.0,1416.2424268752716,14.774409245733594,0.13960562332274654,0.1002673680036938,1.0607450408133137,breakout_dn
USDJPY.a,4h,1,0.07,2023-12-19 12:00:00,144.55268840850212,2023-12-21 00:00:00,142.94959283136436,142.96924831515724,,stop,9,-11221.669039964354,-0.0,-137.58838655022203,0.0,-11221.669039964354,-116.17963127415884,-1.0124131527776135,1.0292074928199824,0.25407439990233177,breakout_up
USDJPY.a,4h,-1,0.11,2023-12-28 04:00:00,141.38953286030144,2024-01-02 16:00:00,142.15977095917907,142.36107658292207,,signal,15,-8472.619087653897,-0.0,-236.96110193934666,0.0,-8472.619087653897,-88.19288560803085,-0.7927981839046848,0.8496448697871886,1.1718802085719642,breakout_dn
USDJPY.a,4h,1,0.1,2024-01-03 12:00:00,142.64809065755057,2024-01-09 04:00:00,143.4703840412345,141.62877534070918,,signal,22,8222.933836839276,-0.0,-232.31917531034972,0.0,8222.933836839276,85.07267558031293,0.8067114955478332,0.056989879962339944,3.2697530267447705,breakout_up
USDJPY.a,4h,1,0.1,2024-01-11 16:00:00,146.2582284320089,2024-01-12 00:00:00,145.14421860246358,145.16124578365876,,stop,2,-11140.098295453243,-0.0,-170.27181195162433,0.0,-11140.098295453243,-114.63503503840118,-1.0155218327480235,1.2016857641198886,0.14382321199736184,breakout_up
USDJPY.a,4h,1,0.11,2024-01-16 12:00:00,146.54759507553095,2024-01-22 16:00:00,147.67913542563258,145.5816841735912,,signal,25,12446.943851117936,-0.0,-195.02063608294822,0.0,12446.943851117936,127.70743684432546,1.1714748718844339,0.27393321164468126,2.3370736575555267,breakout_up
USDJPY.a,4h,-1,0.1,2024-01-24 16:00:00,146.75825866152448,2024-01-25 00:00:00,147.82146914781546,147.80560568198104,,stop,2,-10632.104862909842,-0.0,-158.63465834433296,0.0,-10632.104862909842,-109.68146831463494,-1.0151463321369008,1.049070954530964,0.1014550664193159,breakout_dn
USDJPY.a,4h,-1,0.11,2024-01-31 20:00:00,146.34565857823898,2024-01-31 20:00:00,147.37308832228857,147.35607618964704,,stop,0,-11301.727184545427,-0.0,-187.13345905663476,0.0,-11301.727184545427,-117.03565131685033,-1.0168367340884117,1.0959245061236558,0.3341772495121411,breakout_dn
USDJPY.a,4h,1,0.09,2024-02-02 16:00:00,147.97915824669133,2024-02-06 20:00:00,147.9117379145803,146.79411189478037,,signal,13,-606.7829889992424,-0.0,-166.71753755434025,0.0,-606.7829889992424,-6.291592412623314,-0.05689256964700814,0.249068946725476,0.7719881604913121,breakout_up
USDJPY.a,4h,1,0.12,2024-02-08 16:00:00,149.40836075950716,2024-02-15 12:00:00,150.02000707912237,148.53291820692053,,signal,29,7339.755835382447,-0.0,-167.83010106293477,0.0,7339.755835382447,75.27102103083072,0.6986709953817047,0.54870620360852,1.686734596267756,breakout_up
USDJPY.a,4h,1,0.2,2024-02-22 16:00:00,150.56954275130065,2024-02-27 12:00:00,150.2609856581374,150.01093447531514,,signal,17,-6171.141863264893,-0.0,-200.5736745040861,0.0,-6171.141863264893,-62.68351579918622,-0.5523675649432208,0.8154958866246023,0.4823724607802716,breakout_up
USDJPY.a,4h,-1,0.2,2024-02-29 08:00:00,149.9014791575784,2024-03-01 04:00:00,150.46117199743657,150.45170610694473,,stop,5,-11193.85679716345,-0.0,-189.31780983671928,0.0,-11193.85679716345,-114.35199514267462,-1.0172036111694283,1.051422223298673,1.2639859941054323,breakout_dn
USDJPY.a,4h,-1,0.17,2024-03-06 12:00:00,149.63952943568154,2024-03-12 16:00:00,147.6587619938475,150.27044538813954,,signal,25,33673.0465111788,-0.0,-331.90779081501586,0.0,33673.0465111788,345.3928517602834,3.1395107923918224,0.27019536224171303,5.007845218324693,breakout_dn
USDJPY.a,4h,1,0.12,2024-03-14 20:00:00,148.1983533787612,2024-04-05 00:00:00,151.2912136090117,147.32332844110056,,signal,91,37114.32276300593,-0.0,-114.87338371922978,0.0,37114.32276300593,372.3914871347408,3.5345966693465747,0.19011272890796557,4.311473260779164,breakout_up
USDJPY.a,4h,-1,0.24,2024-04-05 04:00:00,150.90386977979657,2024-04-05 08:00:00,151.39555190554202,151.3876390988301,,stop,1,-11800.371017890939,-0.0,-189.90736108584028,0.0,-11800.371017890939,-118.71648161958196,-1.0163565699613242,1.130973376518517,0.19197120640492563,breakout_dn
USDJPY.a,4h,1,0.25,2024-04-10 16:00:00,152.39000054399628,2024-05-02 00:00:00,154.40475815362544,151.93863372347576,,signal,92,50368.94024072893,-0.0,-1012.0923187290874,0.0,50368.94024072893,500.72445667329634,4.4636812411371425,0.0465265567638799,17.325153512581302,breakout_up
USDJPY.a,4h,-1,0.06,2024-05-03 16:00:00,152.19128953256697,2024-05-07 00:00:00,154.10182767401213,154.08035803125034,,stop,8,-11463.22884867095,-0.0,-128.81785657078265,0.0,-11463.22884867095,-112.46674623646322,-1.0113652007731588,1.109917649304083,0.010211134524987675,breakout_dn
USDJPY.a,4h,1,0.09,2024-05-08 04:00:00,154.90603332637025,2024-05-15 12:00:00,155.6400046544605,153.65618023705198,,signal,32,6605.7419528123655,-0.0,-143.91621971089617,0.0,6605.7419528123655,63.79049055018323,0.587246080649854,0.019228921043314737,1.4761468282933135,breakout_up
USDJPY.a,4h,-1,0.15,2024-05-15 16:00:00,155.10705432199904,2024-05-17 04:00:00,155.93570670609964,155.92053455394944,,stop,9,-12429.785761508896,-0.0,-227.5822822531792,0.0,-12429.785761508896,-119.57750913493537,-1.0186509168315292,1.007947883423121,1.8526010378712572,breakout_dn
USDJPY.a,4h,1,0.15,2024-05-21 00:00:00,156.23906615833462,2024-06-03 20:00:00,156.05961526346587,155.45225987165597,,signal,59,-2691.7634230312615,-0.0,-251.54209602382207,0.0,-2691.7634230312615,-25.840866313800014,-0.22807506486287352,0.5059265095795962,1.869499350182671,breakout_up
USDJPY.a,4h,-1,0.13,2024-06-04 12:00:00,155.29357914878824,2024-06-05 08:00:00,156.23037071872366,156.21516859203638,,stop,5,-12178.290409160496,-0.0,-197.627646934539,0.0,-12178.290409160496,-117.52485418902111,-1.016495552112343,1.0942191868621869,0.8231204842306292,breakout_dn
USDJPY.a,4h,1,0.1,2024-06-07 16:00:00,156.7926193439988,2024-06-12 16:00:00,156.15202803678613,155.62683987705094,,signal,18,-6405.913072126737,-0.0,-179.43926427718995,0.0,-6405.913072126737,-61.43751825805553,-0.5494961314508382,0.6241483613567101,0.5235815806562656,breakout_up
USDJPY.a,4h,1,0.11,2024-06-14 08:00:00,157.95606772428462,2024-06-14 12:00:00,156.88897920832605,156.9057835385796,,stop,1,-11737.97367554431,-0.0,-184.8476327893224,0.0,-11737.97367554431,-113.0371022301285,-1.0159997936580218,1.0226448602228955,0.28747674184269784,breakout_up
USDJPY.a,4h,1,0.19,2024-06-20 12:00:00,158.44221934990242,2024-07-05 08:00:00,160.63470230481192,157.81499308743216,,signal,65,41657.17614328065,-0.0,-277.3124171467559,0.0,41657.17614328065,385.0029380546433,3.4955216101358126,0.3303741604924077,5.592528342615276,breakout_up
USDJPY.a,4h,1,0.2,2024-07-10 20:00:00,161.69520430645957,2024-07-11 12:00:00,161.03052981113674,161.04561315050546,,stop,4,-13293.489906456558,-0.0,-301.66678737432727,0.0,-13293.489906456558,-121.75072789702705,-1.023219742495664,5.129694694758069,0.1736410548489485,breakout_up
USDJPY.a,4h,-1,0.12,2024-07-11 16:00:00,158.64345555181936,2024-07-19 08:00:00,157.48915469528308,159.65455595791443,,signal,34,13851.610278435372,-0.0,-291.71268679354745,0.0,13851.610278435372,131.0098099139107,1.1416283185902993,0.7976897678199493,3.2375177896146248,breakout_dn
USDJPY.a,4h,-1,0.11,2024-07-23 20:00:00,155.77353546736182,2024-07-30 12:00:00,154.6780555049201,156.87341120718844,,signal,28,12050.279586858864,-0.0,-287.22110824286534,0.0,12050.279586858864,118.91255824980423,0.9960033872684626,0.19862655818975009,3.486335163612491,breakout_dn
USDJPY.a,4h,-1,0.07,2024-07-31 04:00:00,152.35556380633005,2024-07-31 04:00:00,153.92097514726603,153.89482085676116,,stop,0,-10957.879386551867,-0.0,-183.08003353421296,0.0,-10957.879386551867,-110.64910659054742,-1.0169915028146546,1.0033647032751274,0.5038559388848189,breakout_dn
USDJPY.a,4h,-1,0.05,2024-07-31 12:00:00,150.9001665472948,2024-08-07 08:00:00,147.65982479574302,152.9862179836359,,signal,29,16201.708757758837,-5.0,-318.2479574301075,0.0,16201.708757758837,168.24466752981596,1.5533374178132733,0.17393312858172852,4.419433953874601,breakout_dn
USDJPY.a,4h,1,0.07,2024-08-15 16:00:00,148.97398221879493,2024-08-19 04:00:00,147.40666013970167,147.42968412977632,,stop,9,-10971.254553652814,-0.0,-161.1679305225595,0.0,-10971.254553652814,-111.36159513096102,-1.014909032290055,2.0157910191893174,0.26615184213966064,breakout_up
USDJPY.a,4h,-1,0.06,2024-08-26 00:00:00,144.2263369433977,2024-08-29 16:00:00,145.40679663937576,145.9163291725536,,signal,22,-7082.758175868264,-0.0,-141.5596725090083,0.0,-7082.758175868264,-71.76291289830066,-0.6985000733214402,0.7074961860620502,0.4617399594715766,breakout_dn
USDJPY.a,4h,1,0.1,2024-08-30 16:00:00,145.6422644375973,2024-09-04 16:00:00,144.54776753994352,144.565599027983,,stop,18,-10944.968976537837,-0.0,-178.31488039492854,0.0,-10944.968976537837,-112.28071049380223,-1.0165617729335976,1.528111168897582,1.4570316352641952,breakout_up
USDJPY.a,4h,-1,0.09,2024-09-04 20:00:00,144.0363671740708,2024-09-17 20:00:00,141.74978292473355,145.23676586929952,,signal,54,20579.258244035143,-0.0,-248.09264520399864,0.0,20579.258244035143,214.76860556244395,1.9048539942819125,0.16130709463350784,3.7157381058473278,breakout_dn
USDJPY.a,4h,1,0.06,2024-09-19 04:00:00,143.50601574262095,2024-09-20 08:00:00,141.78035791744662,141.8086123331284,,stop,7,-10353.94695104594,-0.0,-169.52649409059669,0.0,-10353.94695104594,-106.78073322148623,-1.0166456692167356,1.0439567475304479,0.25803191800467784,breakout_up
USDJPY.a,4h,1,0.08,2024-09-26 00:00:00,144.74123696914126,2024-09-27 08:00:00,143.3461647223829,143.37301870786595,,stop,8,-11160.577974066884,-0.0,-214.83188386437445,0.0,-11160.577974066884,-110.96353540321267,-1.0196269749082487,1.4326931781440573,1.2774007483496654,breakout_up
USDJPY.a,4h,-1,0.06,2024-09-27 16:00:00,142.50124791310668,2024-10-01 04:00:00,144.3462372717178,144.3215324346648,,stop,9,-11069.936151666694,-0.0,-148.22902231803118,0.0,-11069.936151666694,-111.09563117870384,-1.0135719645804937,1.0420085785653734,0.47039234963869764,breakout_dn
USDJPY.a,4h,1,0.07,2024-10-03 00:00:00,146.40307179802113,2024-10-31 12:00:00,152.39032506564317,144.84949867464852,,signal,123,41910.77287335426,-0.0,-163.449080995485,0.0,41910.77287335426,418.24443624810493,3.8538599680615286,0.3122297822506696,4.813373821597281,breakout_up
USDJPY.a,4h,1,0.08,2024-11-06 08:00:00,153.75077321108677,2024-11-08 08:00:00,152.35274870404018,152.37219265219278,,stop,12,-11184.196056372684,-0.0,-155.55158522068461,0.0,-11184.196056372684,-110.00097561181107,-1.0141043249356414,1.0842842672074233,0.698709105317729,breakout_up
USDJPY.a,4h,1,0.1,2024-11-12 20:00:00,154.79177116271006,2024-11-15 20:00:00,154.2711752286485,153.67841324661035,,signal,18,-5205.959340615607,-0.0,-256.495427029776,0.0,-5205.959340615607,-52.328930863338485,-0.4675908138196006,0.5458901885201413,1.7570529737130118,breakout_up
USDJPY.a,4h,-1,0.08,2024-11-19 12:00:00,153.7472856843375,2024-11-20 04:00:00,155.13806765220798,155.11815707134443,,stop,4,-11126.25574296385,-0.0,-159.2846469084335,0.0,-11126.25574296385,-109.99466286511714,-1.0145240327081475,1.0531362236793167,0.2453079752957141,breakout_dn
USDJPY.a,4h,-1,0.08,2024-11-26 16:00:00,153.41790479880441,2024-12-04 12:00:00,150.63665895459542,154.77025243644917,,signal,35,22249.96675367197,-0.0,-218.54327352678393,0.0,22249.96675367197,230.0072885198079,2.0566056883515595,0.22412521215584685,3.530826442763176,breakout_dn
USDJPY.a,4h,1,0.08,2024-12-04 16:00:00,151.0873104578386,2024-12-05 08:00:00,149.68899521544998,149.7101045404576,,stop,4,-11186.52193910907,-0.0,-168.87460006095824,0.0,-11186.52193910907,-115.99368975189122,-1.01532764617201,1.040737946119407,0.0339016421379905,breakout_up
USDJPY.a,4h,1,0.09,2024-12-09 20:00:00,151.34243898812946,2024-12-17 20:00:00,153.26456927319532,150.12880127836505,,signal,36,17299.172565592755,-0.0,-169.75308248429369,0.0,17299.172565592755,178.03005792189884,1.5837760063000834,0.3686759108830788,2.584429427855709,breakout_up
USDJPY.a,4h,1,0.12,2024-12-19 00:00:00,154.77798167887167,2024-12-30 20:00:00,157.13937347391962,153.82297304458885,,signal,41,28336.701540575403,-0.0,-183.03662592888537,0.0,28336.701540575403,289.6869768400373,2.472639210033194,0.3612340941092601,3.4628151017836637,breakout_up
USDJPY.a,4h,-1,0.14,2024-12-31 04:00:00,156.4339586586348,2024-12-31 16:00:00,157.26437464130737,157.25060599317723,,stop,3,-11625.823757416072,-0.0,-192.7610738218025,0.0,-11625.823757416072,-119.62322679004484,-1.0168599682479256,1.3629400284381425,0.5032265964169892,breakout_dn
USDJPY.a,4h,1,0.1,2025-01-07 04:00:00,158.3287025370131,2025-01-13 08:00:00,157.1183567940563,157.13472678320574,,stop,25,-12103.45742956804,-0.0,-163.69989149447292,0.0,-12103.45742956804,-125.07688061754621,-1.0137104870825377,1.08352496513244,0.46089500664657107,breakout_up
USDJPY.a,4h,-1,0.1,2025-01-13 12:00:00,157.09806762576463,2025-01-22 20:00:00,156.62900180964206,158.20033260996317,,signal,44,4690.658161225656,-0.0,-220.03619284123573,0.0,4690.658161225656,47.71794490840475,0.4255472348725875,0.9978838028998465,2.11298341066154,breakout_dn
USDJPY.a,4h,-1,0.08,2025-01-27 12:00:00,154.58864485740827,2025-02-03 00:00:00,154.77140673558233,156.0120153560326,,signal,27,-1462.0950253925,-0.0,-198.50776931763374,0.0,-1462.0950253925,-15.331626813607363,-0.1284007771347648,0.9782099207039999,0.6151910962427359,breakout_dn
USDJPY.a,4h,-1,0.09,2025-02-05 04:00:00,153.58671439662785,2025-02-12 04:00:00,153.48406130612477,154.83683420930643,,signal,30,923.8778145277421,-0.0,-199.1035102457963,0.0,923.8778145277421,9.54881835311619,0.08211460170616143,0.044224243797626996,2.1251678196631594,breakout_dn
USDJPY.a,4h,1,0.1,2025-02-12 08:00:00,153.54894692711588,2025-02-14 00:00:00,152.77333291395686,152.43286938752334,,signal,10,-7756.140131590143,-0.0,-233.34172086250882,0.0,-7756.140131590143,-80.35592926266615,-0.6949463506291671,0.7615482768573298,1.122729405827469,breakout_up
USDJPY.a,4h,-1,0.1,2025-02-17 04:00:00,151.8871758806403,2025-02-28 12:00:00,150.26571986958862,152.99113593104187,,signal,56,16214.560110516913,-0.0,-254.3973917724905,0.0,16214.560110516913,173.5279243043304,1.468763303945558,0.3875358707084261,3.014761158639506,breakout_dn
USDJPY.a,4h,-1,0.07,2025-03-04 16:00:00,148.19542039854588,2025-03-04 20:00:00,149.69178652455844,149.6689570796759,,stop,1,-10474.562882087925,-0.0,-159.80611417779883,0.0,-10474.562882087925,-112.77495624749788,-1.0154929600157896,1.1432220337821934,0.0029998564694603868,breakout_dn
USDJPY.a,4h,-1,0.07,2025-03-06 12:00:00,147.8717204661069,2025-03-12 04:00:00,148.14654123549786,149.3127190346412,,signal,22,-1923.745385736794,-0.0,-189.57729697015378,0.0,-1923.745385736794,-20.6551306732692,-0.19071550478395183,0.36174882146019305,0.9234710534517951,breakout_dn
USDJPY.a,4h,1,0.08,2025-03-12 12:00:00,148.353106473465,2025-03-20 00:00:00,148.6795158763223,146.9824567037694,,signal,33,2611.275222858467,-0.0,-183.74597884292203,0.0,2611.275222858467,27.60530806359635,0.23814209149124796,0.6873429626550245,1.3095201751893228,breakout_up
USDJPY.a,4h,1,0.11,2025-03-24 20:00:00,150.58587685928092,2025-03-25 16:00:00,149.53394849965983,149.54864592359309,,stop,5,-11571.211955831955,-0.0,-161.6716632659639,0.0,-11571.211955831955,-122.3045157279229,-1.0141698665432786,1.0006227384576174,0.3462325778790316,breakout_up
USDJPY.a,4h,-1,0.11,2025-03-31 04:00:00,149.28786113202938,2025-04-02 20:00:00,150.20392806986143,150.2889550122223,,signal,16,-10076.73631615262,-0.0,-262.41753695150766,0.0,-10076.73631615262,-106.60928579857988,-0.91506596529741,0.9800667923187806,0.5892165996616651,breakout_dn
USDJPY.a,4h,-1,0.08,2025-04-03 04:00:00,147.87419120506846,2025-04-07 20:00:00,147.9624562037184,149.2221779157044,,signal,16,-706.1199891995784,-0.0,-343.299259494297,0.0,-706.1199891995784,-7.95462895954813,-0.06547913117652755,0.17419221797874776,2.468267067335377,breakout_dn
USDJPY.a,4h,-1,0.04,2025-04-09 16:00:00,144.29889424636883,2025-04-09 20:00:00,146.47548609734056,146.43815808335432,,stop,1,-8706.36740388693,-0.0,-149.31205594496362,0.0,-8706.36740388693,-96.436686535376,-1.017448999670298,1.8605025171835112,0.04529326616644467,breakout_dn
USDJPY.a,4h,-1,0.04,2025-04-11 04:00:00,143.33712545111948,2025-04-23 00:00:00,141.54370348590228,145.79072064867,,signal,47,7173.6878608687675,-0.0,-109.62788721818642,0.0,7173.6878608687675,79.03958399972878,0.7309363692134713,0.35371545793167214,1.406966175417123,breakout_dn
USDJPY.a,4h,1,0.07,2025-04-24 00:00:00,143.4190687344007,2025-04-28 20:00:00,142.32575631430092,142.02013629530984,,signal,17,-7653.186940698448,-0.0,-171.41159978724363,0.0,-7653.186940698448,-83.77214112182439,-0.7815333961447803,0.819960065509787,0.4381421493075454,breakout_up
USDJPY.a,4h,1,0.09,2025-05-01 12:00:00,144.2311769914978,2025-05-05 16:00:00,143.6238359540138,143.11640091562353,,signal,13,-5466.069337355918,-0.0,-218.95282775165873,0.0,-5466.069337355918,-58.728038571379024,-0.5448098955726917,0.591308878763683,1.5185318784085169,breakout_up
USDJPY.a,4h,-1,0.08,2025-05-06 16:00:00,142.50305751336833,2025-05-07 20:00:00,143.8226554967557,143.80342163725592,,stop,7,-10556.78386709883,-0.0,-153.87087599810374,0.0,-10556.78386709883,-114.1379704531091,-1.014791133611301,1.148864736567298,0.11616554978210636,breakout_dn
USDJPY.a,4h,1,0.07,2025-05-08 20:00:00,145.73954334629104,2025-05-14 08:00:00,146.9330722500751,144.35348578404268,,signal,21,8354.702326488394,-0.0,-180.98849894865367,0.0,8354.702326488394,87.79316858964697,0.8610962028503311,0.6627021642600809,2.101973780210786,breakout_up
USDJPY.a,4h,-1,0.08,2025-05-16 04:00:00,145.07851272258975,2025-05-27 12:00:00,143.88071921735119,146.35778372110522,,signal,44,9582.348041908517,-0.0,-171.50747761905177,0.0,9582.348041908517,103.2284558653001,0.9363094345361871,0.8008367879824712,2.325162319822388,breakout_dn
USDJPY.a,4h,1,0.1,2025-05-27 20:00:00,144.38426044761403,2025-05-30 04:00:00,143.7650089068252,143.29764410310372,,signal,14,-6192.51540788838,-0.0,-239.82186349581312,0.0,-6192.51540788838,-66.94873415776482,-0.5698897719672261,0.7337092356855083,1.7547495599702811,breakout_up
USDJPY.a,4h,-1,0.09,2025-06-02 12:00:00,142.91873690238035,2025-06-03 16:00:00,144.1040936407484,144.0871797436569,,stop,7,-10668.210645312512,-0.0,-152.22507382353825,0.0,-10668.210645312512,-115.1574467496189,-1.0144755879312282,1.0195304858200787,0.4644958942000032,breakout_dn
USDJPY.a,4h,1,0.09,2025-06-06 16:00:00,144.63510481101488,2025-06-12 04:00:00,144.033650456856,143.50640496762725,,signal,21,-5413.089187429875,-0.0,-186.29177659199405,0.0,-5413.089187429875,-57.907086107606965,-0.532873604689882,0.6025559540910637,0.7352665049498935,breakout_up
USDJPY.a,4h,-1,0.1,2025-06-12 08:00:00,143.94366542422344,2025-06-17 00:00:00,144.71495039707577,144.98395431439997,,signal,16,-7712.849728523281,-0.0,-219.00794151542252,0.0,-7712.849728523281,-81.69455298336288,-0.7414142168926257,0.8971878721286665,1.1070630813215856,breakout_dn
USDJPY.a,4h,1,0.09,2025-06-17 20:00:00,145.23183196019787,2025-06-24 12:00:00,145.08335215159127,144.09425044023038,,signal,28,-1336.3182774593552,-0.0,-191.66127135699375,0.0,-1336.3182774593552,-14.160245896362508,-0.13052234587182743,0.796278723149234,2.4623888403902607,breakout_up
USDJPY.a,4h,-1,0.1,2025-06-24 20:00:00,144.69240711030065,2025-06-25 12:00:00,145.80327613644437,145.78815735223844,,stop,4,-11108.690261437176,-0.0,-151.18784205930072,0.0,-11108.690261437176,-117.44435054246507,-1.0137976553664159,1.1248848893882675,0.11901171025070259,breakout_dn
USDJPY.a,4h,-1,0.09,2025-06-26 12:00:00,143.91597388017144,2025-07-03 12:00:00,145.03679390075638,145.02081290461467,,stop,30,-10087.380185264494,-0.0,-143.82896527543943,0.0,-10087.380185264494,-106.6468535219513,-1.014464547131434,1.1929576080033635,1.1150709315253127,breakout_dn
USDJPY.a,4h,1,0.1,2025-07-03 16:00:00,145.01975871189723,2025-07-10 04:00:00,145.80840922552815,143.94360025721895,,signal,27,7886.505136309268,-0.0,-171.81548943717647,0.0,7886.505136309268,82.61506652109514,0.7328386541986484,0.7784715236453614,2.008292811070185,breakout_up
USDJPY.a,4h,1,0.12,2025-07-11 20:00:00,147.37753674667118,2025-07-21 16:00:00,147.48179588938982,146.47404266618105,,signal,35,1251.1097126235882,-0.0,-244.89865464424668,0.0,1251.1097126235882,13.012850593546414,0.11539549065122054,0.5860987449789408,2.0060599094856015,breakout_up
USDJPY.a,4h,-1,0.11,2025-07-22 16:00:00,146.7918585628344,2025-07-25 08:00:00,147.8189999193418,147.8033086178349,,stop,16,-11298.554921581399,-0.0,-172.60431657595976,0.0,-11298.554921581399,-116.88546721722103,-1.0155136691419702,1.0273779036623698,0.9292189546956209,breakout_dn
USDJPY.a,4h,1,0.11,2025-07-28 12:00:00,148.28359999645744,2025-08-01 20:00:00,147.81505150945668,147.3060773045843,,signal,26,-5154.033357008359,-0.0,-284.86679195332096,0.0,-5154.033357008359,-54.06637721426617,-0.47932236345626433,0.826170075816771,2.698044787572915,breakout_up
USDJPY.a,4h,-1,0.07,2025-08-04 00:00:00,147.22807068735264,2025-08-08 16:00:00,147.85149493058532,148.67784905433328,,signal,28,-4363.969702628737,-0.0,-132.9290281944334,0.0,-4363.969702628737,-45.22529351964108,-0.4300134816682656,0.5959044032686339,0.4194232037128731,breakout_dn
USDJPY.a,4h,1,0.13,2025-08-11 20:00:00,147.99920968164446,2025-08-13 12:00:00,147.26120515767118,147.15172659213553,,signal,10,-9594.05881165256,-0.0,-228.66590054981828,0.0,-9594.05881165256,-99.31045015568557,-0.870819173986008,0.9477589483347445,0.6156940767489281,breakout_up
USDJPY.a,4h,-1,0.12,2025-08-14 04:00:00,146.68722756997724,2025-08-14 16:00:00,147.58972841573828,147.57503092552693,,stop,3,-10830.010149132475,-0.0,-176.36988253632862,0.0,-10830.010149132475,-113.17497633849406,-1.0165548937379796,1.358152593685789,0.5341583437512714,breakout_dn
USDJPY.a,4h,1,0.13,2025-08-21 20:00:00,148.29389356253503,2025-08-22 16:00:00,147.45899241771988,147.47377018853612,,stop,5,-10853.714882596934,-0.0,-192.1110206111259,0.0,-10853.714882596934,-113.63254029268371,-1.01801896066464,2.1019929649478923,0.5927235497443758,breakout_up
USDJPY.a,4h,-1,0.1,2025-08-22 20:00:00,146.69324899901852,2025-08-25 20:00:00,147.7028189932284,147.6891847210827,,stop,6,-10095.69994209869,-0.0,-136.34272145672793,0.0,-10095.69994209869,-105.39929728946124,-1.0136899117519567,1.2518388218844525,0.11672339533879197,breakout_dn
USDJPY.a,4h,1,0.14,2025-09-02 08:00:00,147.7337387146935,2025-09-05 16:00:00,147.28970795264027,146.9518307253166,,signal,20,-6216.430668745034,-0.0,-260.1773260726577,0.0,-6216.430668745034,-64.16422340064241,-0.5678810909798594,0.7120258678225876,1.7946629326869845,breakout_up
USDJPY.a,4h,-1,0.11,2025-09-05 20:00:00,147.13183595602308,2025-09-08 00:00:00,148.15532706125353,148.06920473597376,,stop_gap,1,-11258.40215753493,-0.0,-168.5976737889223,0.0,-11258.40215753493,-116.15266770370488,-1.09187667343082,1.5459913696434018,0.0030254432233600636,breakout_dn
USDJPY.a,4h,-1,0.11,2025-09-09 12:00:00,146.61298864315313,2025-09-10 12:00:00,147.60938899292307,147.59545381427648,,stop,6,-10960.403847469364,-0.0,-153.28696511244758,0.0,-10960.403847469364,-112.50927641213734,-1.0141838907435845,1.0534840188415362,0.31348555878166057,breakout_dn
USDJPY.a,4h,-1,0.13,2025-09-16 20:00:00,146.3494257895625,2025-09-18 04:00:00,147.14991345098227,147.13745343173056,,stop,8,-10406.339598456952,-0.0,-161.980250272283,0.0,-10406.339598456952,-106.59634500757062,-1.01581165251694,1.1060198447348661,1.1096384730321704,breakout_dn
USDJPY.a,4h,1,0.12,2025-09-18 16:00:00,147.79780998355102,2025-09-23 12:00:00,147.5598542547134,146.9127710021974,,signal,17,-2855.4687460514288,-0.0,-171.49788687836786,0.0,-2855.4687460514288,-29.28862728204536,-0.268864687150475,0.6822411173658455,0.6566829582580249,breakout_up
USDJPY.a,4h,1,0.14,2025-09-24 16:00:00,148.67702261511232,2025-09-29 12:00:00,148.5238093348095,147.9458722186724,,signal,17,-2144.9859242395064,-0.0,-201.33862533458546,0.0,-2144.9859242395064,-21.9811137443272,-0.2095509775401082,0.28588183242475884,1.7506348777489302,breakout_up
USDJPY.a,4h,-1,0.15,2025-09-30 08:00:00,148.39572823973904,2025-10-03 08:00:00,147.7346628610996,149.09265110502517,,signal,18,9915.98067959174,-0.0,-259.88583298750865,0.0,9915.98067959174,101.81742922605866,0.9485488445956565,0.07500365229013412,2.5967410884073012,breakout_dn
USDJPY.a,4h,1,0.1,2025-10-06 04:00:00,149.71720111502322,2025-10-10 20:00:00,151.8767393046623,148.61726453596103,,signal,28,21595.38189639079,-0.0,-225.2139067541687,0.0,21595.38189639079,219.159768555724,1.9633297325926857,0.12200804808004236,3.2372765419009277,breakout_up
USDJPY.a,4h,-1,0.1,2025-10-16 04:00:00,150.69768337444003,2025-10-21 12:00:00,151.61966808801373,151.72594429107284,,signal,20,-9219.847135736927,-0.0,-213.36176027457,0.0,-9219.847135736927,-93.63879830451073,-0.896644712115357,0.9524009030381916,1.2843854639198014,breakout_dn
USDJPY.a,4h,1,0.1,2025-10-21 16:00:00,152.03981608172703,2025-10-28 08:00:00,151.868177624641,150.96219119862715,,signal,28,-1716.3845708603276,-0.0,-176.44750718031702,0.0,-1716.3845708603276,-17.23153474746532,-0.1592747715627179,0.5436178125748837,1.1276502030812414,breakout_up
USDJPY.a,4h,-1,0.12,2025-10-29 04:00:00,151.62480544484035,2025-10-29 08:00:00,152.54754203770216,152.53356747872982,,stop,1,-11072.83911434172,-0.0,-167.6947076681712,0.0,-11072.83911434172,-110.09693484174241,-1.0153775779040037,1.0136807225726188,0.07901457385166671,breakout_dn
USDJPY.a,4h,1,0.09,2025-10-30 12:00:00,153.7595340026731,2025-11-04 08:00:00,153.72588559031314,152.6079535582825,,signal,17,-302.83571123956676,-0.0,-146.0593743634222,0.0,-302.83571123956676,-3.0270886895846028,-0.029219332894940254,0.11682553600872154,0.6317109680617006,breakout_up
USDJPY.a,4h,-1,0.13,2025-11-05 04:00:00,153.15276611412682,2025-11-05 12:00:00,153.98386037068218,153.9716492478819,,stop,2,-10804.225335219684,-0.0,-158.74459640354593,0.0,-10804.225335219684,-108.54416338724138,-1.0149119236883912,1.0248518393885533,0.10473547517521936,breakout_dn
USDJPY.a,4h,1,0.14,2025-11-12 08:00:00,154.65182463499173,2025-11-14 12:00:00,153.85260782732047,153.86565469320016,,stop,13,-11189.035307397606,-0.0,-182.6561223158017,0.0,-11189.035307397606,-110.98969322327174,-1.0165954778809723,1.318830166196561,0.5013869699851359,breakout_up
USDJPY.a,4h,1,0.14,2025-11-17 20:00:00,155.1674398765794,2025-11-21 20:00:00,156.5336562463411,154.38885944529517,,signal,24,19127.029176663826,-0.0,-261.6251024490841,0.0,19127.029176663826,189.29678804099822,1.7547530285447546,0.44753228128875616,3.5006789458153733,breakout_up
USDJPY.a,4h,-1,0.12,2025-11-25 20:00:00,155.89229733679403,2025-12-08 16:00:00,155.6369957630161,156.78028680679805,,signal,53,3063.6188853351314,-0.0,-191.89831238644857,0.0,3063.6188853351314,29.653863696086546,0.2875051815386653,0.9523791573813879,1.7503555946299767,breakout_dn
USDJPY.a,4h,1,0.14,2025-12-09 20:00:00,156.92480125391262,2025-12-10 20:00:00,156.08814041687774,156.10009573248618,,stop,6,-11713.251718488382,-0.0,-167.37441851821197,0.0,-11713.251718488382,-112.74771018656432,-1.0144964660692075,1.3699450586416475,0.039042719189853685,breakout_up
USDJPY.a,4h,1,0.15,2025-12-19 08:00:00,156.00594111707917,2025-12-23 08:00:00,156.00284771457686,155.24503354532152,,signal,12,-46.40103753473568,-0.0,-274.56856269439504,0.0,-46.40103753473568,-0.4458348128191141,-0.004065411644110883,0.21545470588558685,2.311790483116733,breakout_up
USDJPY.a,4h,1,0.17,2025-12-31 16:00:00,156.81850410571315,2026-01-05 20:00:00,156.32268056790858,156.16686553858705,,signal,13,-8429.000142677665,-0.0,-248.86069110910134,0.0,-8429.000142677665,-80.38341752639954,-0.7608873427969178,0.8463343539432155,0.7358310549382637,breakout_up
USDJPY.a,4h,1,0.17,2026-01-09 04:00:00,157.16641156971542,2026-01-19 04:00:00,157.67591242370642,156.51221556910812,,signal,36,8661.514517846996,-0.0,-274.97759398141227,0.0,8661.514517846996,82.09014740511586,0.7788198850467177,0.06788725347476839,3.4983222584058304,breakout_up
USDJPY.a,4h,1,0.14,2026-01-22 08:00:00,158.72387006822584,2026-01-23 08:00:00,157.8965020703841,157.91099265260382,,stop,6,-11583.151969784469,-0.0,-202.86815107640348,0.0,-11583.151969784469,-106.43429977354086,-1.0178262822182698,1.7479512173906222,0.6140285388446237,breakout_up
USDJPY.a,4h,-1,0.09,2026-01-23 20:00:00,156.34547053470925,2026-01-30 12:00:00,154.2943626392011,157.54878856977436,,signal,28,18459.971059573378,-0.0,-240.5275056197559,0.0,18459.971059573378,171.15374368178524,1.7045434670952733,0.24060926276657613,3.5364470661149783,breakout_dn
USDJPY.a,4h,1,0.08,2026-02-02 00:00:00,154.9221803856869,2026-02-09 16:00:00,155.91765471600257,153.46349692602783,,signal,34,7963.7946425254995,-0.0,-165.52454395873855,0.0,7963.7946425254995,72.2803605785469,0.6824471229339664,0.25651924905924606,1.8762258502285294,breakout_up
USDJPY.a,4h,-1,0.11,2026-02-10 08:00:00,155.29554338514552,2026-02-18 16:00:00,153.95503645607215,156.37286621509966,,signal,38,14745.576219807077,-0.0,-220.8020335873835,0.0,14745.576219807077,135.24675064504663,1.2442945529432732,0.31509275160252515,2.8111753514723543,breakout_dn
USDJPY.a,4h,1,0.12,2026-02-18 20:00:00,154.53806385206698,2026-02-23 04:00:00,154.20343312904365,153.5243543927846,,signal,14,-4015.568676280054,-0.0,-253.6049029526254,0.0,-4015.568676280054,-36.80967903881512,-0.3301051597764782,0.5337464764805447,1.0899929341837418,breakout_up
USDJPY.a,4h,1,0.1,2026-02-24 12:00:00,155.8674463006131,2026-03-05 04:00:00,156.75542192424479,154.68832147243495,,signal,40,8879.756236316895,-0.0,-191.56151510420656,0.0,8879.756236316895,80.01229497194183,0.7530802527529604,0.44053546172517993,1.783147677956656,breakout_up
USDJPY.a,4h,1,0.12,2026-03-09 04:00:00,158.65685662205124,2026-03-09 20:00:00,157.6243715507259,157.63990224063656,,stop,4,-12389.820855904076,-0.0,-186.3682789279039,0.0,-12389.820855904076,-111.23667903982265,-1.0152717665556024,1.011703809781532,0.2390897589826341,breakout_up
USDJPY.a,4h,1,0.14,2026-03-12 00:00:00,158.91722219343868,2026-03-19 20:00:00,158.03691231642088,158.02545609121754,,signal,35,-12324.338278249115,-0.0,-254.4551402147694,0.0,-12324.338278249115,-110.68522059438484,-0.9871533295840552,0.9814481524457362,1.100936449721503,breakout_up
USDJPY.a,4h,-1,0.12,2026-03-20 00:00:00,157.64299715096226,2026-03-20 12:00:00,158.62725088670138,158.6137683579099,,stop,3,-11811.044828869399,-0.0,-161.79034549790677,0.0,-11811.044828869399,-105.25123733110784,-1.0138884720673553,1.2938196354081783,0.044291745217144796,breakout_dn
USDJPY.a,4h,1,0.17,2026-03-27 00:00:00,159.65369746577832,2026-03-31 16:00:00,158.96120752233503,158.97281137771802,,stop,16,-11772.329038535958,-0.0,-197.26554151078454,0.0,-11772.329038535958,-107.49756009558217,-1.0170422859072412,1.2200241425769018,1.18713327881958,breakout_up
USDJPY.a,4h,-1,0.15,2026-03-31 20:00:00,158.94232523238196,2026-04-02 12:00:00,159.68834130893273,159.72559035886582,,signal,10,-11190.241148261606,-0.0,-250.23926798197337,0.0,-11190.241148261606,-101.98515937582731,-0.952443880528302,0.9890326294694549,0.857085563601704,breakout_dn
USDJPY.a,4h,-1,0.15,2026-04-08 04:00:00,158.6760688991883,2026-04-10 12:00:00,159.32586039670403,159.47981085664378,,signal,14,-9746.872462736035,-0.0,-235.81190112019644,0.0,-9746.872462736035,-86.60246294009757,-0.8084578532802592,0.8671080243441123,0.9854766095524827,breakout_dn
USDJPY.a,4h,-1,0.15,2026-04-17 20:00:00,158.03283733876953,2026-04-20 00:00:00,158.84037112494116,158.827748132513,,stop,1,-12113.00679257448,-0.0,-189.34488642248468,0.0,-12113.00679257448,-107.14493707412272,-1.0158797597510505,1.4733259007782908,0.0,breakout_dn
USDJPY.a,4h,1,0.19,2026-04-23 12:00:00,159.69845334148079,2026-04-27 08:00:00,159.23191654866187,159.05125553283872,,signal,11,-8864.199063559368,-0.0,-231.1711508492696,0.0,-8864.199063559368,-77.61326265020995,-0.7208565705712023,0.8412471955415777,0.2233423175867803,breakout_up
USDJPY.a,4h,-1,0.2,2026-04-28 08:00:00,159.07752268188506,2026-04-28 08:00:00,159.6906579280135,159.6809419508411,,stop,0,-12262.704922569015,-0.0,-194.3195434485854,0.0,-12262.704922569015,-107.33299632431847,-1.0161015361495314,1.011696757995665,0.07212676844139104,breakout_dn
USDJPY.a,4h,1,0.21,2026-04-29 16:00:00,159.98375114117098,2026-04-30 12:00:00,159.3957092136289,159.41464633543487,,stop,5,-12348.88047838396,-0.0,-397.6795579257969,0.0,-12348.88047838396,-108.46788412166481,-1.0332752800804093,7.7819605396628875,1.3042393094343,breakout_up
USDJPY.a,4h,-1,0.09,2026-04-30 16:00:00,156.8121927341201,2026-05-05 16:00:00,157.78764177734402,158.08547478706603,,signal,18,-8779.04138901539,-0.0,-191.55199219251782,0.0,-8779.04138901539,-77.49024783663523,-0.7660903104438429,0.8072109895069328,1.0391984486537476,breakout_dn
USDJPY.a,4h,1,0.19,2026-05-12 00:00:00,157.11518098495517,2026-05-28 20:00:00,159.16037099234833,156.49650931251978,,signal,77,38858.61014047003,-0.0,-137.90229076238543,0.0,38858.61014047003,340.6537345990696,3.3057760659095345,0.570869817854887,4.103661324997761,breakout_up
USDJPY.a,4h,1,0.41,2026-06-02 16:00:00,159.78605542611774,2026-06-03 08:00:00,159.47761247737333,159.4831079565493,,stop,4,-12646.160898520975,-0.0,-225.31464621455157,0.0,-12646.160898520975,-110.38917515566395,-1.018140039868316,1.3700574119631959,0.6996083320457311,breakout_up
USDJPY.a,4h,1,0.45,2026-06-04 00:00:00,159.98778804266877,2026-06-04 04:00:00,159.7121650817348,159.71828771259487,,stop,1,-12403.03324202813,-0.0,-275.5183887027448,0.0,-12403.03324202813,-108.78433871705367,-1.0227184540307745,1.446336049242969,0.32360612436840885,breakout_up
USDJPY.a,4h,1,0.32,2026-06-05 16:00:00,160.22827368049556,2026-06-05 16:00:00,159.84403927204036,159.85044979278373,,stop,0,-12295.501070566388,-0.0,-205.1366637878184,0.0,-12295.501070566388,-108.41783910666052,-1.0169669545835125,1.342619397539165,0.30365025408856966,breakout_up
USDJPY.a,4h,1,0.28,2026-06-05 20:00:00,160.28132698903158,2026-06-08 08:00:00,159.8467187571645,159.85363195044206,,stop,3,-12169.030492278469,-0.0,-193.56941177213776,0.0,-12169.030492278469,-107.90168755023805,-1.0161638379074207,1.0482398638761572,0.2681186373977568,breakout_up
USDJPY.a,4h,1,0.28,2026-06-09 20:00:00,160.40605434649794,2026-06-11 20:00:00,159.9804345925232,159.9870703771425,,stop,12,-11917.353111292416,-0.0,-185.80196933971368,0.0,-11917.353111292416,-105.92541084860157,-1.0158378007384996,2.0670345641869075,0.4533482600641488,breakout_up
USDJPY.a,4h,1,0.31,2026-06-18 00:00:00,160.6034754480686,2026-07-02 12:00:00,161.02063478289372,160.21749020799646,,signal,63,12931.939379579007,-0.0,-456.64346058945193,0.0,12931.939379579007,116.19609942618526,1.0807649918094608,0.3328506759600191,5.796917393818681,breakout_up
USDJPY.a,4h,1,0.18,2026-07-08 12:00:00,162.4933618716792,2026-07-10 04:00:00,162.04863623823417,161.8491830499294,,signal,10,-8005.061402010824,-0.0,-229.0954235707071,0.0,-8005.061402010824,-71.21498024468609,-0.690376054644288,0.9195612331217856,0.3316441353046411,breakout_up
USDJPY.a,4h,-1,0.18,2026-07-10 08:00:00,161.62657507836028,2026-07-13 08:00:00,162.27970212309413,162.2693761765853,,stop,6,-11756.2868052093,-0.0,-185.86703715902937,0.0,-11756.2868052093,-104.56480492054288,-1.0160639839249526,1.137871300561598,0.542275175513562,breakout_dn
USDJPY.a,4h,1,0.29,2026-07-21 12:00:00,162.69003407691164,2026-07-29 08:00:00,163.42139985349138,162.282330178746,,signal,35,21209.607520812337,-0.0,-266.8084974988261,0.0,21209.607520812337,186.5009593780049,1.793865057141562,0.21347374234885644,3.186052252462487,breakout_up
USDJPY.a,4h,-1,0.17,2026-07-30 16:00:00,162.94058318553078,2026-07-31 00:00:00,160.541,163.63488771206903,,end_of_data,2,40792.91415402338,-0.0,-258.814734541059,0.0,40792.91415402338,363.8033307751559,3.4560961275809907,0.030846427828993165,7.159082211826793,breakout_dn
