i,side,reason,confluence,agreement,taken,quality,dist_atr
214,1,bounce_support,0.222,partial,True,81.81,0.2895088450976761
237,1,bounce_support,0.222,partial,True,83.3,0.025912114663432205
269,-1,bounce_resistance,-0.222,conflict,True,73.38,0.4254496918356419
295,-1,bounce_resistance,-0.222,conflict,True,71.7,0.3310378701884788
331,1,bounce_support,0.222,partial,True,89.72,0.3943811598544997
360,1,bounce_support,0.222,partial,True,95.11,0.22475745885108905
397,1,bounce_support,0.222,partial,True,98.0,0.4380940465180518
420,-1,bounce_resistance,-0.222,conflict,True,89.68,0.2590124398306867
451,-1,bounce_resistance,-0.222,conflict,True,78.96,0.05092823157670771
468,-1,bounce_resistance,0.222,partial,True,94.78,0.35317121618026165
510,-1,bounce_resistance,0.222,partial,True,86.32,0.05584968002574154
532,-1,bounce_resistance,0.222,partial,True,85.41,0.14897382606621906
548,-1,bounce_resistance,0.222,partial,True,86.77,0.24741299792379487
553,1,bounce_support,-0.222,conflict,True,67.96,0.2250076690885296
574,-1,bounce_resistance,0.222,partial,True,95.72,0.1727278939566154
579,-1,bounce_resistance,0.222,partial,True,93.96,0.08124713540804643
632,1,bounce_support,-0.222,conflict,True,84.56,0.45316593085754
669,1,bounce_support,0.0,none,True,95.64,0.34232940912211196
693,-1,bounce_resistance,0.222,partial,True,84.45,0.33367448460715965
699,-1,bounce_resistance,0.222,partial,True,93.23,0.10336592605599215
758,-1,bounce_resistance,0.222,partial,True,74.0,0.319119290729956
787,1,bounce_support,-0.556,conflict,True,73.58,0.26632844239799547
801,1,bounce_support,-0.556,conflict,True,96.81,0.47318410654197735
853,1,bounce_support,-0.556,conflict,True,87.05,0.23676050717476615
868,1,bounce_support,-0.111,conflict,True,86.9,0.3481092358092503
922,1,bounce_support,-0.111,conflict,True,95.24,0.2493203659884667
928,1,bounce_support,-0.111,conflict,True,93.49,0.34644152472733264
981,1,bounce_support,-0.111,conflict,True,91.38,0.23058549318936314
1002,-1,bounce_resistance,0.111,partial,True,95.88,0.4849510687059912
1046,1,bounce_support,-0.111,conflict,True,82.09,0.3354644922873807
1071,1,bounce_support,0.222,partial,True,93.9,0.4414718545809642
1104,1,bounce_support,0.222,partial,True,87.85,0.3646231809176717
1149,1,bounce_support,0.556,partial,True,83.32,0.257977643928485
1166,1,bounce_support,0.556,partial,True,94.86,0.44347154882242423
1204,1,bounce_support,0.556,partial,True,87.62,0.3907325055432097
1230,-1,bounce_resistance,-0.556,conflict,True,83.25,0.12238474786482348
1234,-1,bounce_resistance,-0.556,conflict,True,82.79,0.3424489081162478
1247,-1,bounce_resistance,-0.333,conflict,True,95.88,0.3386379331289921
1338,1,bounce_support,0.111,partial,True,95.74,0.37591071066091036
1393,1,bounce_support,0.556,partial,True,89.13,0.28027662469947406
1394,1,bounce_support,0.556,partial,True,94.17,0.3441319623897879
1422,-1,bounce_resistance,-0.111,conflict,True,83.91,0.12835375083003206
1458,1,bounce_support,0.556,partial,True,84.03,0.42855931129401015
1466,1,bounce_support,0.556,partial,True,98.1,0.48079880657478014
1499,-1,bounce_resistance,-0.556,conflict,True,84.5,0.07270103191466981
1500,-1,bounce_resistance,-0.556,conflict,True,83.87,0.23230033054056135
1501,-1,bounce_resistance,-0.556,conflict,True,83.92,0.17243040224092934
1539,1,bounce_support,0.556,partial,True,82.63,0.4087822339145449
1543,1,bounce_support,0.556,partial,True,82.76,0.2545595760213425
1551,1,bounce_support,0.556,partial,True,73.38,0.2636834272951083
1574,1,bounce_support,0.556,partial,True,94.25,0.3420287624450212
1625,1,bounce_support,0.556,partial,True,82.93,0.4019706161346681
1734,-1,bounce_resistance,-0.111,conflict,True,90.97,0.1500222187702944
1760,-1,bounce_resistance,-0.111,conflict,True,84.99,0.13449610390247413
1773,-1,bounce_resistance,-0.111,conflict,True,85.62,0.24964381086742832
1790,1,bounce_support,0.111,partial,True,94.87,0.24063482775376865
1792,1,bounce_support,0.111,partial,True,95.1,0.05320676370500475
1832,1,bounce_support,0.556,partial,True,79.43,0.3640204826277308
1876,1,bounce_support,0.556,partial,True,97.29,0.3262138641939672
1881,1,bounce_support,0.556,partial,True,97.34,0.49241124472998
1928,-1,bounce_resistance,-0.556,conflict,True,84.97,0.45923609624790784
1933,-1,bounce_resistance,-0.556,conflict,True,80.33,0.2685805223781202
1972,1,bounce_support,0.556,partial,True,81.93,0.47111644294877664
2010,1,bounce_support,0.556,partial,True,98.37,0.2788696249876854
2015,1,bounce_support,0.556,partial,True,92.89,0.4654708010261121
2037,-1,bounce_resistance,-0.556,conflict,True,95.62,0.48521217293920726
2055,-1,bounce_resistance,-0.556,conflict,True,84.86,0.2794102106607153
2095,-1,bounce_resistance,-0.333,conflict,True,85.3,0.3159302723654376
2182,-1,bounce_resistance,-0.111,conflict,True,91.32,0.07696982894075514
2208,-1,bounce_resistance,0.556,partial,True,92.33,0.16121688199923553
2252,-1,bounce_resistance,0.556,partial,True,84.13,0.35725405329188836
2261,-1,bounce_resistance,0.556,partial,True,84.4,0.3206826848237104
2344,1,bounce_support,-0.556,conflict,True,84.04,0.4721083301054345
2444,1,bounce_support,-0.111,conflict,True,94.76,0.19156887749496654
2468,1,bounce_support,-0.111,conflict,True,84.55,0.13216547689722127
2518,1,bounce_support,0.222,partial,True,85.72,0.05406517952606483
2532,1,bounce_support,0.222,partial,True,98.36,0.002425881994713872
2554,1,bounce_support,0.556,partial,True,95.0,0.1747581170974015
2594,-1,bounce_resistance,-0.556,conflict,True,88.93,0.09237306754102768
2602,-1,bounce_resistance,-0.556,conflict,True,100.0,0.48899601803799675
2671,-1,bounce_resistance,0.222,partial,True,93.81,0.022684841324119548
2698,-1,bounce_resistance,0.222,partial,True,90.47,0.2696961092274796
2742,1,bounce_support,-0.222,conflict,True,72.8,0.4277973416328327
2769,1,bounce_support,0.222,partial,True,81.46,0.4070402703952298
2775,1,bounce_support,0.222,partial,True,82.38,0.47887628216680717
2781,1,bounce_support,0.222,partial,True,97.61,0.26949435048423526
2791,1,bounce_support,0.556,partial,True,97.51,0.26664997315575617
2828,1,bounce_support,0.556,partial,True,90.9,0.4809057961653624
2946,1,bounce_support,0.556,partial,True,91.34,0.23014674672724714
2978,-1,bounce_resistance,-0.556,conflict,True,93.29,0.3146911588262314
3000,1,bounce_support,0.556,partial,True,93.83,0.48787890446930393
3031,1,bounce_support,0.556,partial,True,91.8,0.38689713948790444
3052,1,bounce_support,0.556,partial,True,83.61,0.2587656574025199
3097,1,bounce_support,0.556,partial,True,96.13,0.36385972389704546
3157,1,bounce_support,0.556,partial,True,91.92,0.06836821443542591
3167,1,bounce_support,0.556,partial,True,92.35,0.45626711324779495
3195,1,bounce_support,0.556,partial,True,90.77,0.37280510308055675
3198,1,bounce_support,0.556,partial,True,89.16,0.273359462003236
3213,1,bounce_support,0.556,partial,True,98.44,0.28153334128182833
3265,1,bounce_support,0.556,partial,True,85.23,0.15762857596548135
3287,1,bounce_support,0.556,partial,True,90.91,0.16998425625734312
3332,1,bounce_support,0.556,partial,True,83.68,0.47853858209168426
3335,1,bounce_support,0.556,partial,True,95.82,0.06741641541797666
3369,1,bounce_support,0.556,partial,True,87.3,0.32642237165211996
3390,1,bounce_support,0.556,partial,True,87.12,0.16734182471502737
3426,1,bounce_support,0.556,partial,True,86.83,0.07500718559717849
3448,1,bounce_support,0.556,partial,True,98.0,0.08566882879165175
3476,-1,bounce_resistance,-0.556,conflict,True,80.34,0.20001187183046806
3481,-1,bounce_resistance,-0.556,conflict,True,86.08,0.10224530542442933
3551,-1,bounce_resistance,-0.556,conflict,True,84.95,0.30192554483067857
3578,-1,bounce_resistance,-0.111,conflict,True,89.82,0.1494006726006063
3590,-1,bounce_resistance,-0.111,conflict,True,97.09,0.48268670026218674
3602,1,bounce_support,0.111,partial,True,80.02,0.19636788355407114
3611,1,bounce_support,0.111,partial,True,82.84,0.02169874601826198
3674,1,bounce_support,0.333,partial,True,83.27,0.40765084538757623
3682,1,bounce_support,0.333,partial,True,86.67,0.2104869930096535
3691,1,bounce_support,0.333,partial,True,96.4,0.4451636187446484
3722,1,bounce_support,0.556,partial,True,94.99,0.3648523693639033
3745,-1,bounce_resistance,-0.333,conflict,True,97.92,0.1244239367624214
3839,-1,bounce_resistance,-0.111,conflict,True,86.67,0.29158149929558197
3854,-1,bounce_resistance,0.222,partial,True,84.45,0.29382866138410146
3891,1,bounce_support,-0.222,conflict,True,75.87,0.2720306155379553
4044,1,bounce_support,-0.111,conflict,True,83.19,0.39072189013388253
4087,1,bounce_support,0.556,partial,True,91.87,0.4037121657145638
4117,-1,bounce_resistance,-0.556,conflict,True,89.53,0.3635481535491911
4144,1,bounce_support,0.556,partial,True,90.49,0.010334760272481994
4202,1,bounce_support,0.556,partial,True,84.3,0.04120067979231595
4210,1,bounce_support,0.556,partial,True,93.77,0.0351823294328776
4214,1,bounce_support,0.556,partial,True,91.01,0.07711149085085199
4298,1,bounce_support,0.556,partial,True,94.25,0.09012767000092614
4350,-1,bounce_resistance,-0.556,conflict,True,93.82,0.4308231560851582
4438,-1,bounce_resistance,-0.111,conflict,True,88.53,0.3471006906249074
4484,-1,bounce_resistance,-0.111,conflict,True,82.86,0.42181866051465877
4521,1,bounce_support,0.111,partial,True,95.86,0.18186314430006395
4542,1,bounce_support,0.111,partial,True,95.56,0.11533486393869842
4545,1,bounce_support,0.111,partial,True,95.76,0.04812580828485095
4571,-1,bounce_resistance,-0.556,conflict,True,72.18,0.18369406558287377
4667,-1,bounce_resistance,0.111,partial,True,86.72,0.31661711780869967
4687,-1,bounce_resistance,0.111,partial,True,99.6,0.04009440185325807
4699,-1,bounce_resistance,0.111,partial,True,99.82,0.13427073767286668
4727,1,bounce_support,-0.111,conflict,True,99.43,0.12273777131628988
4750,-1,bounce_resistance,0.111,partial,True,86.41,0.3508993550580465
4780,-1,bounce_resistance,0.111,partial,True,85.84,0.4474257501474136
4837,-1,bounce_resistance,0.111,partial,True,84.23,0.4273643546865101
4903,-1,bounce_resistance,0.111,partial,True,93.28,0.4207684478145603
4941,1,bounce_support,-0.111,conflict,True,82.8,0.12357133737641768
4994,-1,bounce_resistance,0.111,partial,True,98.1,0.031561717477324724
5002,-1,bounce_resistance,0.111,partial,True,96.28,0.4647119967959483
5037,-1,bounce_resistance,0.111,partial,True,97.72,0.46802844999971255
5095,-1,bounce_resistance,0.111,partial,True,94.55,0.024692296969798962
5100,-1,bounce_resistance,0.111,partial,True,93.33,0.3524330866851773
5128,-1,bounce_resistance,0.111,partial,True,94.21,0.010250966054408592
5168,1,bounce_support,-0.111,conflict,True,76.86,0.38308299792832357
5207,-1,bounce_resistance,0.111,partial,True,94.94,0.35448592561664605
5212,-1,bounce_resistance,0.111,partial,True,96.89,0.00946026722748583
5246,1,bounce_support,-0.333,conflict,True,97.35,0.3526825792471709
5248,1,bounce_support,-0.333,conflict,True,96.3,0.4545237579437713
5262,-1,bounce_resistance,0.333,partial,True,97.04,0.021199686451530156
5302,1,bounce_support,-0.111,conflict,True,73.52,0.42616994085827303
5326,1,bounce_support,-0.111,conflict,True,81.27,0.2215857056003437
5395,1,bounce_support,-0.111,conflict,True,91.86,0.25323541119861187
5429,-1,bounce_resistance,-0.556,conflict,True,84.72,0.38064615074847813
5444,-1,bounce_resistance,-0.556,conflict,True,84.41,0.32569969588528463
5472,1,bounce_support,0.556,partial,True,94.67,0.4919084754973994
5525,-1,bounce_resistance,-0.556,conflict,True,86.84,0.44480213252721146
5570,1,bounce_support,0.556,partial,True,94.63,0.11828600068628771
5574,1,bounce_support,0.556,partial,True,94.01,0.24687706291169417
5695,-1,bounce_resistance,-1.0,conflict,True,98.4,0.3332937981169341
5728,1,bounce_support,1.0,full,True,95.7,0.36072280162270515
5794,-1,bounce_resistance,-0.778,conflict,True,82.96,0.2489046615613811
5863,-1,bounce_resistance,-0.556,conflict,True,83.46,0.38132763834230093
5903,1,bounce_support,0.556,partial,True,83.83,0.3171296254726638
5928,-1,bounce_resistance,-0.556,conflict,True,84.02,0.292271811079186
5940,-1,bounce_resistance,-0.556,conflict,True,94.55,0.09750538407727459
6030,1,bounce_support,1.0,full,True,83.76,0.3925523777073919
6156,1,bounce_support,1.0,full,True,95.04,0.3190746585580642
6204,1,bounce_support,1.0,full,True,74.17,0.19337975440634533
6223,1,bounce_support,1.0,full,True,79.85,0.40914679924332636
6226,1,bounce_support,1.0,full,True,78.18,0.4049653416046189
6298,-1,bounce_resistance,-1.0,conflict,True,96.18,0.47753370943966933
6401,1,bounce_support,1.0,full,True,95.57,0.36696182256585125
6419,-1,bounce_resistance,-1.0,conflict,True,95.38,0.3724108508421713
6531,1,bounce_support,1.0,full,True,96.19,0.4820808704020425
6547,1,bounce_support,1.0,full,True,99.42,0.03672500523081005
6558,1,bounce_support,1.0,full,True,98.07,0.2122377082494505
6614,1,bounce_support,1.0,full,True,95.51,0.21209451124191042
6617,1,bounce_support,1.0,full,True,91.46,0.11917933564229818
6630,1,bounce_support,1.0,full,True,96.55,0.34351991254871117
6647,1,bounce_support,1.0,full,True,99.8,0.29495732573018785
6684,1,bounce_support,1.0,full,True,99.22,0.0025109401355941498
6690,1,bounce_support,1.0,full,True,95.89,0.17012259889426512
6732,-1,bounce_resistance,-1.0,conflict,True,85.06,0.2783712400179823
6748,-1,bounce_resistance,-1.0,conflict,True,97.79,0.3652882140233446
6809,-1,bounce_resistance,-1.0,conflict,True,93.95,0.493372949662447
6811,-1,bounce_resistance,-1.0,conflict,True,96.41,0.10097184605067831
6837,1,bounce_support,1.0,full,True,97.16,0.23583609410941977
6838,1,bounce_support,1.0,full,True,95.53,0.28980134116754713
6847,1,bounce_support,1.0,full,True,96.01,0.04917645213970975
6866,-1,bounce_resistance,-1.0,conflict,True,94.81,0.0497298536567355
6879,-1,bounce_resistance,-1.0,conflict,True,98.05,0.4462817469049202
6955,-1,bounce_resistance,-0.556,conflict,True,95.26,0.2530093448435196
6956,-1,bounce_resistance,-0.556,conflict,True,97.17,0.24169199388526436
6985,-1,bounce_resistance,-0.556,conflict,True,93.06,0.3915508222206913
6995,-1,bounce_resistance,-0.556,conflict,True,98.19,0.3778269625180538
7040,1,bounce_support,0.556,partial,True,83.94,0.10773053111686327
7082,-1,bounce_resistance,-0.556,conflict,True,95.64,0.49530622684158715
7152,1,bounce_support,0.556,partial,True,81.2,0.30253279667701644
7166,1,bounce_support,0.556,partial,True,97.61,0.08212815631110294
7234,1,bounce_support,1.0,full,True,85.2,0.17804229780659528
7252,1,bounce_support,1.0,full,True,95.86,0.04999344412948444
7309,1,bounce_support,1.0,full,True,94.97,0.41779301777708583
7316,1,bounce_support,1.0,full,True,83.24,0.4005811181202065
7445,-1,bounce_resistance,-1.0,conflict,True,95.01,0.3360961002936372
7464,-1,bounce_resistance,-1.0,conflict,True,96.44,0.27983538628791915
7531,-1,bounce_resistance,-0.556,conflict,True,78.28,0.3384328326344219
7540,-1,bounce_resistance,-0.556,conflict,True,70.12,0.19967085830239842
7553,-1,bounce_resistance,-0.556,conflict,True,94.36,0.36984646093037377
7575,1,bounce_support,0.556,partial,True,84.29,0.2654794197503635
7608,1,bounce_support,0.556,partial,True,91.34,0.46635138171144425
7639,1,bounce_support,0.556,partial,True,84.91,0.4654957322273655
7681,-1,bounce_resistance,-0.556,conflict,True,80.88,0.49298928941155273
7687,-1,bounce_resistance,-0.556,conflict,True,93.9,0.003030833011988559
7700,1,bounce_support,0.556,partial,True,71.85,0.49812387826963106
7788,-1,bounce_resistance,-0.222,conflict,True,72.49,0.27876972439426834
7852,-1,bounce_resistance,0.111,partial,True,94.65,0.26067816021836526
7878,1,bounce_support,-0.111,conflict,True,69.26,0.38165693100057774
7993,-1,bounce_resistance,-0.333,conflict,True,86.89,0.4732107334570539
8063,1,bounce_support,0.333,partial,True,85.26,0.13596692791302764
8109,1,bounce_support,0.667,partial,True,95.73,0.14106069528412085
8158,-1,bounce_resistance,0.111,partial,True,94.84,0.4971991330978561
8181,-1,bounce_resistance,0.111,partial,True,95.14,0.28004660797147624
8197,-1,bounce_resistance,0.111,partial,True,94.22,0.2011768067078066
8243,1,bounce_support,0.333,partial,True,70.04,0.11577074602932073
8244,1,bounce_support,0.333,partial,True,82.6,0.429703093177543
8345,-1,bounce_resistance,-1.0,conflict,True,86.03,0.3012475168251137
8429,-1,bounce_resistance,-0.556,conflict,True,86.41,0.40369362132175335
8491,1,bounce_support,0.222,partial,True,84.69,0.02757605844794659
8507,1,bounce_support,0.444,partial,True,97.64,0.38489048825858807
8629,1,bounce_support,1.0,full,True,81.13,0.4566024615138817
8639,1,bounce_support,1.0,full,True,82.92,0.3837524858932482
8673,1,bounce_support,1.0,full,True,95.63,0.332448546295349
8707,1,bounce_support,1.0,full,True,97.32,0.3550312384854499
8755,1,bounce_support,1.0,full,True,94.83,0.09188099440327999
8800,1,bounce_support,1.0,full,True,76.93,0.3800151897297544
8828,1,bounce_support,1.0,full,True,96.8,0.1147349425110336
8837,1,bounce_support,1.0,full,True,97.66,0.11646326907349358
8885,-1,bounce_resistance,-1.0,conflict,True,92.24,0.32530974937430795
8952,-1,bounce_resistance,-0.556,conflict,True,83.35,0.3049626750966734
8984,1,bounce_support,1.0,full,True,82.87,0.4342212727461921
9017,1,bounce_support,1.0,full,True,96.06,0.2043839636875409
9025,1,bounce_support,1.0,full,True,95.44,0.33907476432152234
9051,1,bounce_support,1.0,full,True,94.69,0.14336754621802922
9130,-1,bounce_resistance,-0.556,conflict,True,83.07,0.4379989270621885
9135,-1,bounce_resistance,-0.556,conflict,True,84.49,0.048024010747453785
9168,-1,bounce_resistance,-0.556,conflict,True,86.16,0.15202823066683854
9169,-1,bounce_resistance,-0.556,conflict,True,85.55,0.2567614819659318
9222,1,bounce_support,0.556,partial,True,89.33,0.0
9284,-1,bounce_resistance,-0.556,conflict,True,85.99,0.2944175827376114
9293,-1,bounce_resistance,-0.556,conflict,True,86.74,0.13311039924464751
9362,1,bounce_support,0.556,partial,True,79.42,0.4097295642161761
9372,1,bounce_support,0.556,partial,True,98.04,0.03737951268354075
9392,-1,bounce_resistance,-0.556,conflict,True,85.89,0.34778725531538773
9398,-1,bounce_resistance,-0.556,conflict,True,85.63,0.3218493954594388
9425,-1,bounce_resistance,-0.222,conflict,True,86.81,0.03668668303636135
9428,-1,bounce_resistance,0.111,partial,True,97.35,0.34426780041252947
9469,-1,bounce_resistance,0.111,partial,True,84.45,0.3060761863579381
9501,-1,bounce_resistance,0.111,partial,True,95.93,0.25774079697413005
9517,1,bounce_support,-0.111,conflict,True,85.42,0.2672497891308619
9564,1,bounce_support,-0.111,conflict,True,85.42,0.4266057441801173
9596,1,bounce_support,0.333,partial,True,97.63,0.2788956264221777
9616,-1,bounce_resistance,-0.333,conflict,True,96.96,0.10376651343732829
9634,1,bounce_support,0.333,partial,True,94.38,0.4183880648518551
9691,1,bounce_support,0.333,partial,True,73.52,0.36044793448040835
9734,1,bounce_support,0.667,partial,True,94.49,0.14656405302925118
9737,1,bounce_support,0.667,partial,True,94.42,0.3754547934339234
9738,1,bounce_support,0.667,partial,True,94.21,0.3179334093011586
9746,1,bounce_support,0.667,partial,True,94.47,0.048313881660347495
9805,1,bounce_support,1.0,full,True,95.23,0.1483738746770048
9809,1,bounce_support,1.0,full,True,95.32,0.19388997686399861
9821,1,bounce_support,1.0,full,True,92.98,0.2538136014951591
9824,1,bounce_support,1.0,full,True,92.89,0.12226212632227895
9841,-1,bounce_resistance,-1.0,conflict,True,97.24,0.33325001672174187
9889,-1,bounce_resistance,-0.778,conflict,True,97.57,0.17250002224910146
9938,-1,bounce_resistance,-0.556,conflict,True,78.92,0.39406164539942734
9964,-1,bounce_resistance,0.111,partial,True,84.47,0.35995546300067965
10008,-1,bounce_resistance,0.111,partial,True,95.79,0.11441800572658856
10020,-1,bounce_resistance,0.111,partial,True,93.42,0.10695265352159118
10070,1,bounce_support,-0.111,conflict,True,76.53,0.3736952361487158
10089,1,bounce_support,-0.111,conflict,True,95.06,0.1899428430700194
10145,-1,bounce_resistance,0.111,partial,True,83.66,0.1786614092211593
10185,-1,bounce_resistance,0.111,partial,True,83.17,0.31305139451951064
10220,1,bounce_support,-0.111,conflict,True,98.03,0.07400052251596188
10261,1,bounce_support,-0.111,conflict,True,94.53,0.05058915365849977
10272,1,bounce_support,-0.111,conflict,True,97.26,0.43709249633411434
10323,1,bounce_support,0.333,partial,True,67.16,0.0788104711928973
10331,1,bounce_support,0.333,partial,True,84.72,0.3743932412900581
10416,1,bounce_support,0.333,partial,True,92.61,0.0282882675788749
10460,1,bounce_support,0.667,partial,True,82.19,0.37285434759249725
10493,1,bounce_support,1.0,full,True,95.18,0.1501933079650552
10563,-1,bounce_resistance,-1.0,conflict,True,96.68,0.02498453833486995
10568,-1,bounce_resistance,-1.0,conflict,True,94.28,0.41921587288088075
10609,1,bounce_support,1.0,full,True,84.13,0.012504693495597062
10626,-1,bounce_resistance,-1.0,conflict,True,91.38,0.37336110012637275
10689,-1,bounce_resistance,-0.556,conflict,True,77.48,0.4335263967222965
10692,-1,bounce_resistance,-0.556,conflict,True,80.91,0.2701739430977319
10697,-1,bounce_resistance,-0.556,conflict,True,84.58,0.2884624133313163
10724,1,bounce_support,0.556,partial,True,95.78,0.2883979145888607
10749,1,bounce_support,0.556,partial,True,93.68,0.1183394351739071
10791,-1,bounce_resistance,-0.778,conflict,True,82.59,0.416527306248154
10891,1,bounce_support,0.556,partial,True,94.98,0.36642354888692075
10899,1,bounce_support,0.778,partial,True,95.58,0.37473178812877667
10902,1,bounce_support,0.778,partial,True,97.55,0.3763028892809218
10910,1,bounce_support,0.778,partial,True,96.82,0.4392100877901768
10911,1,bounce_support,0.778,partial,True,97.7,0.47528107778731293
10950,1,bounce_support,1.0,full,True,94.73,0.2813232644731831
10976,-1,bounce_resistance,-0.778,conflict,True,97.2,0.43421172943106173
11035,1,bounce_support,1.0,full,True,80.74,0.3932710204138507
11072,1,bounce_support,1.0,full,True,80.8,0.46230232039497754
11120,1,bounce_support,1.0,full,True,96.12,0.07780019082248765
11168,1,bounce_support,1.0,full,True,71.54,0.4638327958125294
11172,1,bounce_support,1.0,full,True,81.38,0.4284598549238906
11216,-1,bounce_resistance,-1.0,conflict,True,86.42,0.0991420984346109
11228,1,bounce_support,1.0,full,True,82.86,0.18696228201732984
11255,1,bounce_support,1.0,full,True,82.51,0.2981335890043944
11286,1,bounce_support,1.0,full,True,99.58,0.41597140227384505
11354,-1,bounce_resistance,-1.0,conflict,True,92.61,0.19104119363422414
11361,-1,bounce_resistance,-1.0,conflict,True,82.43,0.239350631065246
11440,-1,bounce_resistance,-0.778,conflict,True,97.69,0.3610852760363252
11466,1,bounce_support,1.0,full,True,95.18,0.2850555636742781
11524,-1,bounce_resistance,-0.556,conflict,True,97.16,0.20502174195398953
11552,1,bounce_support,1.0,full,True,93.41,0.2985304864734212
11560,1,bounce_support,1.0,full,True,92.21,0.1306371032706497
11581,1,bounce_support,1.0,full,True,96.14,0.2801631593385733
11621,1,bounce_support,1.0,full,True,96.59,0.35631540213472696
11647,1,bounce_support,1.0,full,True,93.54,0.35779370739217453
11650,1,bounce_support,1.0,full,True,90.87,0.45370067425902133
11701,-1,bounce_resistance,-1.0,conflict,True,98.03,0.2697895178617022
11727,1,bounce_support,1.0,full,True,90.16,0.29549002298431376
11780,1,bounce_support,1.0,full,True,87.78,0.13929184816890108
11812,-1,bounce_resistance,-1.0,conflict,True,83.55,0.3241149645834746
11909,1,bounce_support,0.778,partial,True,93.05,0.0642211808714816
11972,1,bounce_support,1.0,full,True,95.08,0.38202535769135143
11976,1,bounce_support,1.0,full,True,97.5,0.2515186191270932
12039,1,bounce_support,1.0,full,True,94.71,0.19359234574561213
12071,1,bounce_support,1.0,full,True,93.48,0.4781704138950191
12098,1,bounce_support,1.0,full,True,92.8,0.2582684183295704
12116,1,bounce_support,1.0,full,True,93.72,0.19457152328090366
12164,1,bounce_support,1.0,full,True,97.06,0.1825791794290617
12169,1,bounce_support,1.0,full,True,98.21,0.41611160354963034
12191,1,bounce_support,1.0,full,True,95.9,0.27114827303828903
12250,1,bounce_support,1.0,full,True,82.39,0.3520123352994745
12269,1,bounce_support,1.0,full,True,83.29,0.4944997258833678
12285,1,bounce_support,1.0,full,True,88.82,0.20721638790106806
12298,1,bounce_support,1.0,full,True,95.37,0.03514301187141237
12303,1,bounce_support,1.0,full,True,95.79,0.0006368439737992608
12314,1,bounce_support,1.0,full,True,83.54,0.47558948641690846
12356,-1,bounce_resistance,-1.0,conflict,True,85.34,0.28703984228888146
12399,-1,bounce_resistance,-1.0,conflict,True,95.09,0.3726457986575353
12442,-1,bounce_resistance,-0.778,conflict,True,84.51,0.3382327286276849
12462,-1,bounce_resistance,-0.556,conflict,True,93.83,0.45183709524852145
12489,1,bounce_support,1.0,full,True,79.87,0.05786249282424181
12502,1,bounce_support,1.0,full,True,73.09,0.3132341536653208
12514,1,bounce_support,1.0,full,True,97.1,0.2830856155419377
12534,1,bounce_support,1.0,full,True,83.5,0.4998869549140774
12566,-1,bounce_resistance,-0.556,conflict,True,85.43,0.2746583768488939
12630,1,bounce_support,1.0,full,True,96.67,0.2667062763766821
12643,1,bounce_support,1.0,full,True,98.13,0.3238968074931142
12658,1,bounce_support,1.0,full,True,95.19,0.009426744289613894
12714,1,bounce_support,1.0,full,True,94.03,0.174025106214237
12783,-1,bounce_resistance,-1.0,conflict,True,94.22,0.00602020041985845
12786,-1,bounce_resistance,-1.0,conflict,True,96.59,0.3166097132394787
12838,-1,bounce_resistance,-0.556,conflict,True,89.72,0.18382266339373904
12898,1,bounce_support,1.0,full,True,87.58,0.41765505553998356
12919,1,bounce_support,1.0,full,True,89.09,0.14090827073874082
12985,1,bounce_support,1.0,full,True,92.98,0.476490441680766
13015,1,bounce_support,1.0,full,True,93.93,0.20393555528901383
13073,1,bounce_support,1.0,full,True,82.27,0.36230135713013434
13126,1,bounce_support,1.0,full,True,83.98,0.37269206397792104
13187,1,bounce_support,1.0,full,True,86.07,0.3442517725957436
13199,1,bounce_support,1.0,full,True,96.12,0.15380252711229667
13241,1,bounce_support,1.0,full,True,93.07,0.4677637461903033
13281,1,bounce_support,1.0,full,True,87.71,0.34745251136250505
13290,1,bounce_support,1.0,full,True,91.26,0.045936964093973666
13304,1,bounce_support,1.0,full,True,95.84,0.43494201948295474
13353,1,bounce_support,1.0,full,True,85.47,0.42575485723999074
13418,1,bounce_support,1.0,full,True,84.26,0.40606387265863036
13421,1,bounce_support,1.0,full,True,98.13,0.47652006878055947
13425,1,bounce_support,1.0,full,True,96.01,0.3044515008043319
13450,1,bounce_support,1.0,full,True,97.21,0.11877983603900949
13490,1,bounce_support,1.0,full,True,85.05,0.2393805222261868
13505,-1,bounce_resistance,-1.0,conflict,True,81.14,0.4061971965708468
13522,-1,bounce_resistance,-1.0,conflict,True,84.32,0.15229787298151298
13556,1,bounce_support,1.0,full,True,95.15,0.10350657493739912
13569,1,bounce_support,1.0,full,True,92.17,0.13806608039025103
13656,1,bounce_support,1.0,full,True,83.02,0.485775778473944
13669,1,bounce_support,1.0,full,True,84.18,0.44349541234705225
13692,-1,bounce_resistance,-1.0,conflict,True,82.28,0.274373766364402
13707,-1,bounce_resistance,-1.0,conflict,True,87.14,0.35718622973931674
13728,-1,bounce_resistance,-1.0,conflict,True,86.52,0.30444229138005696
13743,1,bounce_support,1.0,full,True,92.05,0.3691854085207221
13763,1,bounce_support,1.0,full,True,83.33,0.018067960288913117
13797,1,bounce_support,1.0,full,True,89.52,0.4395883955076167
13835,1,bounce_support,1.0,full,True,95.97,0.29133560087777793
13854,1,bounce_support,1.0,full,True,94.65,0.2930321966097697
13896,-1,bounce_resistance,-1.0,conflict,True,96.75,0.16553133410590254
13940,1,bounce_support,1.0,full,True,83.47,0.47955321422340647
13945,1,bounce_support,1.0,full,True,95.93,0.30582751450073004
14000,1,bounce_support,1.0,full,True,62.05,0.4744147858560221
14070,1,bounce_support,1.0,full,True,99.54,0.22753838905458135
14083,1,bounce_support,1.0,full,True,83.06,0.36410912489785424
14104,1,bounce_support,1.0,full,True,84.12,0.15330578820273014
14148,1,bounce_support,1.0,full,True,96.08,0.313636969415791
14171,1,bounce_support,1.0,full,True,92.03,0.3677895698069927
14212,1,bounce_support,1.0,full,True,83.04,0.0193185822972491
14235,-1,bounce_resistance,-1.0,conflict,True,92.31,0.3348292583467041
14298,-1,bounce_resistance,-0.556,conflict,True,94.95,0.2551901405566475
14362,1,bounce_support,0.556,partial,True,96.91,0.3403546388022622
14453,-1,bounce_resistance,-0.556,conflict,True,72.46,0.48815980722632485
14474,-1,bounce_resistance,-0.556,conflict,True,74.47,0.2108286878149914
14510,-1,bounce_resistance,0.111,partial,True,80.32,0.1438170805297128
14519,1,bounce_support,-0.111,conflict,True,70.21,0.2260396426744755
14577,-1,bounce_resistance,0.111,partial,True,92.62,0.06327342378638326
14612,1,bounce_support,-0.111,conflict,True,87.37,0.29091243706831366
14668,1,bounce_support,0.111,partial,True,81.5,0.3453497605704065
14715,-1,bounce_resistance,-0.111,conflict,True,94.9,0.33366780331017665
14775,-1,bounce_resistance,0.111,partial,True,98.28,0.09730425411487807
14795,1,bounce_support,0.111,partial,True,82.74,0.28862705887676054
14839,1,bounce_support,0.333,partial,True,93.36,0.46974447653604967
14932,1,bounce_support,1.0,full,True,83.62,0.424687244705982
14975,-1,bounce_resistance,-1.0,conflict,True,85.72,0.11731067628121825
15025,-1,bounce_resistance,-0.222,conflict,True,69.95,0.4549582973517455
15046,-1,bounce_resistance,-0.222,conflict,True,82.98,0.46981877378176506
15083,-1,bounce_resistance,0.111,partial,True,87.18,0.1603809346120954
15090,-1,bounce_resistance,0.111,partial,True,90.04,0.3609953898502533
15094,-1,bounce_resistance,0.111,partial,True,85.58,0.3476240006453718
15175,-1,bounce_resistance,0.111,partial,True,93.38,0.18171728731757567
15260,1,bounce_support,-0.111,conflict,True,84.8,0.4060572267424605
15261,1,bounce_support,-0.111,conflict,True,84.25,0.05782813574275933
15262,1,bounce_support,-0.111,conflict,True,79.93,0.00050755135375534
15276,1,bounce_support,-0.111,conflict,True,96.87,0.08421075397594911
15305,-1,bounce_resistance,0.111,partial,True,94.18,0.18816914205550608
15337,-1,bounce_resistance,0.111,partial,True,99.34,0.059246169992162416
15384,-1,bounce_resistance,0.111,partial,True,95.47,0.3016036195121012
15454,-1,bounce_resistance,0.111,partial,True,99.69,0.23066136655976685
15491,1,bounce_support,0.333,partial,True,77.0,0.47080410343922274
15579,-1,bounce_resistance,-0.111,conflict,True,85.87,0.2911016739122928
15593,-1,bounce_resistance,0.111,partial,True,99.05,0.0950554621253805
15641,1,bounce_support,0.333,partial,True,95.89,0.4799981252430037
15664,1,bounce_support,0.333,partial,True,80.68,0.37202924736673015
15694,1,bounce_support,0.667,partial,True,90.93,0.3740113810195455
15736,1,bounce_support,1.0,full,True,84.61,0.3652635840581405
15756,1,bounce_support,1.0,full,True,84.58,0.37468474997404405
15805,1,bounce_support,1.0,full,True,85.21,0.2244643888428251
15811,1,bounce_support,1.0,full,True,96.73,0.39260672195446805
15855,-1,bounce_resistance,-1.0,conflict,True,98.27,0.4011810613589555
15895,-1,bounce_resistance,-0.778,conflict,True,98.28,0.21896456872420247
15947,-1,bounce_resistance,-0.556,conflict,True,88.24,0.3825074642457466
15991,-1,bounce_resistance,-0.222,conflict,True,82.44,0.21050014487255422
16043,-1,bounce_resistance,0.111,partial,True,83.53,0.15075790871975092
16068,1,bounce_support,-0.111,conflict,True,92.56,0.12368350974233201
16070,1,bounce_support,-0.111,conflict,True,91.47,0.40144559750637787
16096,1,bounce_support,-0.111,conflict,True,93.12,0.166393932855159
16120,-1,bounce_resistance,0.111,partial,True,94.25,0.03705858684675598
16154,1,bounce_support,-0.111,conflict,True,95.34,0.47056023013343806
16187,-1,bounce_resistance,0.111,partial,True,85.86,0.25346786362138896
16195,-1,bounce_resistance,0.111,partial,True,97.42,0.3201871386534108
16269,-1,bounce_resistance,0.111,partial,True,97.93,0.4166559736265834
16293,1,bounce_support,-0.111,conflict,True,83.0,0.1610592298697468
16318,-1,bounce_resistance,0.111,partial,True,80.56,0.487868795933364
16379,1,bounce_support,0.333,partial,True,96.96,0.4928301305616541
16385,1,bounce_support,0.333,partial,True,84.88,0.2181412289072976
16390,1,bounce_support,0.333,partial,True,91.74,0.12526559960168612
16403,1,bounce_support,0.333,partial,True,93.57,0.4603970168013281
16462,1,bounce_support,0.333,partial,True,80.14,0.45497578602129735
16470,1,bounce_support,0.333,partial,True,94.87,0.09786539861749294
16491,-1,bounce_resistance,-0.667,conflict,True,85.97,0.06943754877846955
16539,-1,bounce_resistance,-0.667,conflict,True,90.22,0.3224808969154198
16555,1,bounce_support,0.667,partial,True,92.9,0.1011287614029123
16558,1,bounce_support,0.667,partial,True,92.92,0.34404894539938763
16612,1,bounce_support,0.667,partial,True,96.71,0.27159980754146273
16660,1,bounce_support,1.0,full,True,79.03,0.20523218686974967
16726,1,bounce_support,1.0,full,True,92.64,0.31183478194936753
16766,-1,bounce_resistance,-1.0,conflict,True,82.28,0.35901989086211095
16772,-1,bounce_resistance,-1.0,conflict,True,95.58,0.22928145809382375
16807,1,bounce_support,1.0,full,True,86.02,0.3140374107796491
16819,1,bounce_support,1.0,full,True,89.87,0.38549291548487796
16852,-1,bounce_resistance,-1.0,conflict,True,86.41,0.29856642748288387
16887,-1,bounce_resistance,-0.556,conflict,True,86.51,0.4260147858702349
16935,-1,bounce_resistance,-0.556,conflict,True,85.25,0.1014584719455407
16962,1,bounce_support,0.556,partial,True,72.87,0.28622136355086086
17019,1,bounce_support,0.778,partial,True,88.51,0.272063103849278
17038,-1,bounce_resistance,-0.778,conflict,True,95.45,0.2615986763583416
17088,-1,bounce_resistance,-0.556,conflict,True,83.91,0.24366267363697725
17109,-1,bounce_resistance,0.111,partial,True,84.61,0.2059725490029973
17128,-1,bounce_resistance,0.111,partial,True,84.47,0.40082602115255367
17129,-1,bounce_resistance,0.111,partial,True,85.55,0.01440155900251573
17171,-1,bounce_resistance,0.111,partial,True,78.3,0.469291016407429
17222,-1,bounce_resistance,0.111,partial,True,95.29,0.3792422559246225
17224,-1,bounce_resistance,0.111,partial,True,95.0,0.2916397667211034
17294,-1,bounce_resistance,0.111,partial,True,97.59,0.44620944059308126
17298,-1,bounce_resistance,0.111,partial,True,97.39,0.15797784401224496
17304,-1,bounce_resistance,0.111,partial,True,95.95,0.3941688042331943
17317,-1,bounce_resistance,0.111,partial,True,93.54,0.3183221625953111
17360,-1,bounce_resistance,0.111,partial,True,93.28,0.2833942998272275
17374,-1,bounce_resistance,0.111,partial,True,91.8,0.21236166581167795
17466,-1,bounce_resistance,0.111,partial,True,82.42,0.44812920455260286
17587,1,bounce_support,0.333,partial,True,95.45,0.44258074809828457
17595,1,bounce_support,0.333,partial,True,81.24,0.3178946875193421
17611,1,bounce_support,0.333,partial,True,90.05,0.2047584343809076
17681,1,bounce_support,0.333,partial,True,85.51,0.3181853955761302
17734,-1,bounce_resistance,-0.333,conflict,True,84.35,0.27072632348507325
17781,-1,bounce_resistance,-0.333,conflict,True,91.1,0.4388608551485497
17811,1,bounce_support,0.333,partial,True,97.53,0.23596207830310637
17834,1,bounce_support,0.333,partial,True,96.96,0.37928861451894125
17861,1,bounce_support,0.333,partial,True,90.65,0.2538468320024625
17887,-1,bounce_resistance,-0.333,conflict,True,83.84,0.2743424124512955
17912,1,bounce_support,0.333,partial,True,94.19,0.49293417747771723
17945,-1,bounce_resistance,-0.667,conflict,True,98.29,0.06726597982362129
17994,-1,bounce_resistance,-0.444,conflict,True,88.49,0.22369453101413178
18029,1,bounce_support,1.0,full,True,71.56,0.3314550026361855
18079,1,bounce_support,1.0,full,True,95.11,0.09272234180513511
18089,-1,bounce_resistance,-1.0,conflict,True,99.1,0.26659598457741684
18111,1,bounce_support,1.0,full,True,97.8,0.00904691987531305
18149,-1,bounce_resistance,-0.111,conflict,True,79.59,0.4223817017833095
18152,-1,bounce_resistance,-0.111,conflict,True,92.89,0.31722270629923455
18192,-1,bounce_resistance,0.222,partial,True,92.0,0.18514154507571517
18207,-1,bounce_resistance,0.222,partial,True,79.87,0.45495147896111804
18277,1,bounce_support,-0.556,conflict,True,89.21,0.457048112440285
18294,1,bounce_support,-0.556,conflict,True,97.2,0.24193319766038807
18327,1,bounce_support,-0.556,conflict,True,85.26,0.2812376714398899
18367,1,bounce_support,0.222,partial,True,77.78,0.20573491478134068
18409,1,bounce_support,0.556,partial,True,83.16,0.40359416911429774
18486,-1,bounce_resistance,-0.556,conflict,True,91.37,0.39061568093810917
18547,-1,bounce_resistance,-0.556,conflict,True,88.27,0.2791932141854202
18585,-1,bounce_resistance,-0.111,conflict,True,90.49,0.3624925961819434
18616,-1,bounce_resistance,-0.111,conflict,True,99.55,0.14146079669431874
18664,1,bounce_support,0.111,partial,True,74.91,0.41702880380383783
18678,1,bounce_support,0.111,partial,True,76.53,0.1928044420136817
18711,-1,bounce_resistance,0.222,partial,True,88.19,0.3346707616227621
18746,-1,bounce_resistance,0.222,partial,True,96.97,0.334883921355162
18770,1,bounce_support,-0.222,conflict,True,83.32,0.22527847337295526
18840,1,bounce_support,0.222,partial,True,93.96,0.12410085802460476
18889,-1,bounce_resistance,0.222,partial,True,95.33,0.26348923880661096
18917,1,bounce_support,0.222,partial,True,71.39,0.3177692360297651
18931,1,bounce_support,0.222,partial,True,80.98,0.3718339225944572
18972,-1,bounce_resistance,-0.556,conflict,True,84.19,0.18589749017001456
18985,-1,bounce_resistance,-0.333,conflict,True,94.91,0.35303785203225246
19063,1,bounce_support,0.222,partial,True,80.14,0.011802303765056463
19066,1,bounce_support,0.222,partial,True,77.45,0.4086114961705515
19085,1,bounce_support,0.556,partial,True,83.3,0.40822727711287743
19087,1,bounce_support,0.556,partial,True,83.44,0.27782836510155245
19100,1,bounce_support,0.556,partial,True,84.86,0.20449425710649516
19173,-1,bounce_resistance,-0.556,conflict,True,71.91,0.38243339852206987
19223,-1,bounce_resistance,-0.111,conflict,True,84.68,0.48207953100622075
19275,-1,bounce_resistance,-0.111,conflict,True,87.83,0.41647845088816715
19276,-1,bounce_resistance,-0.111,conflict,True,97.57,0.12541851026088274
19296,1,bounce_support,0.111,partial,True,91.6,0.4129453267155387
19301,1,bounce_support,0.111,partial,True,84.17,0.45996003036161287
19304,1,bounce_support,0.111,partial,True,97.06,0.2514609273522479
19306,1,bounce_support,0.111,partial,True,100.0,0.3312479912465524
19328,-1,bounce_resistance,-0.111,conflict,True,93.43,0.3495284768441424
19341,-1,bounce_resistance,0.222,partial,True,89.49,0.32008035521574274
19366,-1,bounce_resistance,0.222,partial,True,97.08,0.20035799115352487
19454,1,bounce_support,-0.333,conflict,True,76.07,0.32970792917890723
19465,1,bounce_support,-0.333,conflict,True,93.28,0.32565498035578133
19488,-1,bounce_resistance,0.333,partial,True,88.75,0.4443721759718598
19507,1,bounce_support,-0.111,conflict,True,83.2,0.49782517392256864
19596,-1,bounce_resistance,0.556,partial,True,73.7,0.42073257835383476
19674,-1,bounce_resistance,0.556,partial,True,85.47,0.4867792934614192
19788,1,bounce_support,-1.0,conflict,True,82.39,0.0033265412772270184
19886,1,bounce_support,-0.556,conflict,True,78.87,0.13833329765330682
19893,1,bounce_support,-0.556,conflict,True,83.2,0.24994790424240254
19901,1,bounce_support,-0.556,conflict,True,87.12,0.25184819911081335
19948,1,bounce_support,-0.556,conflict,True,88.13,0.30820812298610634
19983,1,bounce_support,-0.222,conflict,True,89.41,0.0748705785520884
20026,-1,bounce_resistance,0.222,partial,True,85.47,0.22581505114990705
20029,-1,bounce_resistance,0.222,partial,True,97.55,0.1469084938815587
20045,1,bounce_support,-0.222,conflict,True,73.62,0.3619663843280814
20145,1,bounce_support,0.111,partial,True,70.71,0.22801930669265336
20190,1,bounce_support,0.556,partial,True,96.71,0.07357547267054354
20216,1,bounce_support,0.556,partial,True,90.96,0.46933078952888396
20224,1,bounce_support,0.556,partial,True,93.86,0.018275617022762196
20284,1,bounce_support,0.556,partial,True,93.08,0.4652439482158415
20329,-1,bounce_resistance,-0.111,conflict,True,73.25,0.45130567151949413
20356,-1,bounce_resistance,-0.111,conflict,True,98.66,0.0599122521056027
20384,1,bounce_support,0.111,partial,True,71.52,0.33680985963258275
20399,-1,bounce_resistance,0.222,partial,True,84.9,0.17562828495023247
20419,1,bounce_support,-0.222,conflict,True,96.53,0.4429166390366932
20420,1,bounce_support,-0.556,conflict,True,94.69,0.3336130459476209
20441,-1,bounce_resistance,0.556,partial,True,94.49,0.3896017697102478
20466,1,bounce_support,-0.556,conflict,True,87.19,0.41291123235819305
20502,-1,bounce_resistance,0.556,partial,True,83.1,0.2780647906875107
20569,1,bounce_support,-1.0,conflict,True,91.46,0.04452156837942649
20585,1,bounce_support,-1.0,conflict,True,90.28,0.30547880114131815
20613,1,bounce_support,-1.0,conflict,True,84.94,0.36521387301199815
20621,1,bounce_support,-1.0,conflict,True,96.78,0.35536127174802423
20731,1,bounce_support,-0.556,conflict,True,86.66,0.2648060387860055
20780,-1,bounce_resistance,0.556,partial,True,83.38,0.3926339665552341
20806,-1,bounce_resistance,0.556,partial,True,84.46,0.39103302482587865
20830,1,bounce_support,-0.556,conflict,True,96.38,0.12905544737669308
20863,-1,bounce_resistance,0.556,partial,True,85.87,0.005579092529123095
20922,-1,bounce_resistance,1.0,full,True,77.4,0.27717019304411433
20962,-1,bounce_resistance,1.0,full,True,98.72,0.12173129416956914
20989,-1,bounce_resistance,1.0,full,True,85.12,0.4843817786335015
21030,-1,bounce_resistance,1.0,full,True,86.22,0.22826332983286948
21039,-1,bounce_resistance,1.0,full,True,97.22,0.46659164161498734
21048,-1,bounce_resistance,1.0,full,True,96.79,0.44975888609292797
21087,1,bounce_support,-1.0,conflict,True,92.19,0.04683673654122675
21130,1,bounce_support,-1.0,conflict,True,93.52,0.018238061570836905
21156,1,bounce_support,-1.0,conflict,True,84.03,0.4370508163208435
21205,1,bounce_support,-0.556,conflict,True,91.2,0.343411758815544
21247,-1,bounce_resistance,1.0,full,True,84.63,0.27702796567282595
21287,-1,bounce_resistance,1.0,full,True,73.61,0.1133741104244637
21292,-1,bounce_resistance,1.0,full,True,83.9,0.14510087929728677
21341,-1,bounce_resistance,1.0,full,True,96.35,0.28389538699451755
21424,1,bounce_support,-1.0,conflict,True,98.77,0.4045383445393562
21452,-1,bounce_resistance,1.0,full,True,96.02,0.4031214163383073
21456,-1,bounce_resistance,1.0,full,True,97.03,0.4909448941822137
21459,-1,bounce_resistance,1.0,full,True,95.35,0.01815509921193264
21522,-1,bounce_resistance,1.0,full,True,94.51,0.3322381939636571
21530,-1,bounce_resistance,1.0,full,True,93.77,0.15426125125003348
21598,-1,bounce_resistance,1.0,full,True,71.35,0.4213788306665485
21664,-1,bounce_resistance,1.0,full,True,86.07,0.4767145230733479
21688,1,bounce_support,-1.0,conflict,True,81.83,0.2632135391379904
21691,1,bounce_support,-1.0,conflict,True,76.69,0.25207036178486203
21724,1,bounce_support,-1.0,conflict,True,84.98,0.16301898736487835
21760,1,bounce_support,-0.556,conflict,True,75.21,0.44510825223069006
21880,1,bounce_support,-0.556,conflict,True,98.24,0.022189660696303685
21910,1,bounce_support,-0.556,conflict,True,93.63,0.38202701030264485
21925,1,bounce_support,-0.556,conflict,True,88.13,0.2806171598947553
21936,1,bounce_support,-0.556,conflict,True,90.86,0.211108869002541
21995,1,bounce_support,-0.222,conflict,True,94.52,0.034013870256571016
21998,1,bounce_support,-0.222,conflict,True,92.47,0.11881100571919516
22011,1,bounce_support,-0.222,conflict,True,95.72,0.34398318725181476
22056,-1,bounce_resistance,-0.111,conflict,True,95.98,0.08371932689564307
22076,-1,bounce_resistance,-0.111,conflict,True,90.13,0.42884288874239357
22099,1,bounce_support,0.111,partial,True,96.11,0.4086673805458345
22138,1,bounce_support,0.111,partial,True,84.24,0.4713053555712828
22164,1,bounce_support,0.111,partial,True,93.93,0.3799761418474547
22191,1,bounce_support,0.111,partial,True,93.23,0.43956714247874956
22212,1,bounce_support,0.111,partial,True,90.75,0.013804650317941349
22239,1,bounce_support,0.111,partial,True,92.67,0.06345094906134303
22304,-1,bounce_resistance,-0.111,conflict,True,82.29,0.3152480659806847
22339,-1,bounce_resistance,0.333,partial,True,85.07,0.1620490623119976
22430,-1,bounce_resistance,0.333,partial,True,89.71,0.24368426072488739
22441,-1,bounce_resistance,0.333,partial,True,84.18,0.24080126645457806
22517,1,bounce_support,-0.333,conflict,True,96.81,0.21265564489287658
22538,-1,bounce_resistance,0.333,partial,True,92.62,0.3437210449378814
22550,-1,bounce_resistance,0.333,partial,True,96.2,0.4049849097493268
22586,-1,bounce_resistance,0.667,partial,True,95.08,0.10300100928970926
22613,-1,bounce_resistance,0.667,partial,True,87.11,0.31698926525767673
22712,1,bounce_support,0.111,partial,True,93.07,0.20252411470569742
22743,1,bounce_support,0.111,partial,True,90.52,0.30080013605814226
22765,1,bounce_support,0.111,partial,True,92.85,0.058575602626932975
22772,1,bounce_support,0.111,partial,True,93.32,0.2522453165111276
22804,1,bounce_support,0.111,partial,True,83.36,0.08621794527961027
22877,1,bounce_support,0.111,partial,True,83.68,0.27421400919360067
22914,-1,bounce_resistance,-0.111,conflict,True,72.99,0.2739748990934235
22920,1,bounce_support,0.111,partial,True,91.81,0.13099495435110028
23018,1,bounce_support,0.111,partial,True,79.9,0.4783062978831309
23026,1,bounce_support,0.111,partial,True,92.96,0.011759680835683434
23044,-1,bounce_resistance,-0.111,conflict,True,86.36,0.05035483293560367
23121,-1,bounce_resistance,0.333,partial,True,83.85,0.1098386307002373
23168,-1,bounce_resistance,0.333,partial,True,97.49,0.2997877470706015
23173,-1,bounce_resistance,0.333,partial,True,93.7,0.08224140379225892
23219,1,bounce_support,-0.333,conflict,True,98.06,0.30265885644018437
23276,1,bounce_support,-0.111,conflict,True,79.24,0.2224296734136544
23298,1,bounce_support,0.111,partial,True,87.58,0.3537764872105539
23343,1,bounce_support,0.111,partial,True,69.08,0.06370060159786875
23360,1,bounce_support,0.111,partial,True,83.3,0.3040402879861897
23422,-1,bounce_resistance,-0.111,conflict,True,81.24,0.4524810141689226
23433,-1,bounce_resistance,-0.111,conflict,True,93.04,0.21065133075995432
23435,-1,bounce_resistance,-0.111,conflict,True,88.2,0.04074313219861152
23439,-1,bounce_resistance,-0.111,conflict,True,88.29,0.10878775688115241
23448,-1,bounce_resistance,0.111,partial,True,98.49,0.1086172024658342
23477,1,bounce_support,-0.111,conflict,True,94.16,0.47279092642725057
23499,-1,bounce_resistance,0.111,partial,True,97.54,0.40992256444663555
23554,1,bounce_support,0.111,partial,True,94.41,0.4940827247076631
23612,1,bounce_support,0.111,partial,True,81.54,0.1954296931330458
23633,1,bounce_support,0.111,partial,True,84.92,0.18937395764496232
23644,1,bounce_support,0.111,partial,True,95.91,0.2622674401912322
23691,1,bounce_support,0.111,partial,True,92.32,0.4372659727916586
23711,1,bounce_support,0.556,partial,True,85.09,0.335666527155565
23795,1,bounce_support,0.556,partial,True,99.29,0.30227966600234946
23802,1,bounce_support,1.0,full,True,99.48,0.10442525282422671
23866,1,bounce_support,1.0,full,True,98.65,0.2794044615645515
23903,1,bounce_support,1.0,full,True,98.99,0.4818874898739675
23942,1,bounce_support,1.0,full,True,97.23,0.29205795111444094
23984,-1,bounce_resistance,-0.556,conflict,True,83.65,0.3892555256115941
24051,-1,bounce_resistance,-0.556,conflict,True,96.8,0.3114403807643148
24165,-1,bounce_resistance,-0.556,conflict,True,85.73,0.2041698785384075
24220,1,bounce_support,-0.111,conflict,True,95.92,0.13005233008168676
24231,-1,bounce_resistance,0.111,partial,True,94.21,0.47187027028656214
24310,1,bounce_support,-0.111,conflict,True,78.49,0.15897487383527162
24327,-1,bounce_resistance,0.111,partial,True,91.51,0.42584376365682114
24359,1,bounce_support,-0.111,conflict,True,91.5,0.32823144239363716
24376,1,bounce_support,-0.111,conflict,True,85.49,0.22977721050408859
24387,1,bounce_support,-0.111,conflict,True,84.47,0.30146122907988493
24410,-1,bounce_resistance,0.111,partial,True,95.22,0.1702609760247887
24449,-1,bounce_resistance,0.556,partial,True,79.22,0.33278862894338657
24467,-1,bounce_resistance,0.556,partial,True,83.77,0.4622420634578195
24502,-1,bounce_resistance,0.556,partial,True,93.87,0.24169779218448503
24528,1,bounce_support,-0.556,conflict,True,97.6,0.1029969155371816
24554,1,bounce_support,-0.556,conflict,True,87.8,0.08638720961069768
24620,-1,bounce_resistance,0.556,partial,True,72.0,0.41953625819365553
24644,-1,bounce_resistance,1.0,full,True,95.48,0.43185594164801316
24704,1,bounce_support,-1.0,conflict,True,74.94,0.3859916190549791
24716,1,bounce_support,-1.0,conflict,True,82.64,0.16071750090401096
24759,1,bounce_support,-0.778,conflict,True,95.18,0.0924685619296423
24765,1,bounce_support,-0.778,conflict,True,96.71,0.21339991034167305
24845,1,bounce_support,-0.556,conflict,True,92.23,0.2913501587972101
24848,1,bounce_support,-0.556,conflict,True,94.58,0.17394386600104306
24888,1,bounce_support,-0.556,conflict,True,94.61,0.14913423983871177
24975,-1,bounce_resistance,0.556,partial,True,96.82,0.36933796924032386
24986,1,bounce_support,-0.222,conflict,True,89.94,0.14542554378281777
24987,1,bounce_support,-0.222,conflict,True,88.55,0.12803950430790365
25010,-1,bounce_resistance,0.222,partial,True,88.94,0.3143896813451479
25015,-1,bounce_resistance,0.222,partial,True,89.06,0.2960289406647397
25055,-1,bounce_resistance,1.0,full,True,82.82,0.3808789282756522
25081,1,bounce_support,-1.0,conflict,True,90.54,0.10138832647843907
25112,-1,bounce_resistance,1.0,full,True,94.45,0.33791780367108354
25161,-1,bounce_resistance,0.667,partial,True,84.13,0.19827792737744362
25213,-1,bounce_resistance,0.667,partial,True,84.68,0.0338164403499299
25218,-1,bounce_resistance,0.667,partial,True,83.64,0.37784368497240756
25247,-1,bounce_resistance,1.0,full,True,86.3,0.1699365640567546
25270,-1,bounce_resistance,1.0,full,True,81.18,0.3089091100829228
25282,-1,bounce_resistance,1.0,full,True,96.25,0.27852931752352017
25291,-1,bounce_resistance,1.0,full,True,95.76,0.39109639412397934
25322,-1,bounce_resistance,1.0,full,True,94.72,0.21188394266722474
25365,-1,bounce_resistance,1.0,full,True,96.79,0.46443127763067843
25376,-1,bounce_resistance,1.0,full,True,97.51,0.2545879245241857
25379,-1,bounce_resistance,1.0,full,True,97.63,0.4768670634516486
25422,1,bounce_support,-1.0,conflict,True,97.87,0.4104236082063524
25525,-1,bounce_resistance,0.556,partial,True,87.34,0.19035619722833153
25527,-1,bounce_resistance,0.556,partial,True,92.66,0.4829986583160591
25534,-1,bounce_resistance,0.556,partial,True,84.34,0.41421729278811215
25573,1,bounce_support,-0.556,conflict,True,97.18,0.4463690324615824
25586,1,bounce_support,-0.222,conflict,True,98.56,0.20279221525958108
25633,-1,bounce_resistance,0.222,partial,True,98.73,0.22576935543096927
25692,-1,bounce_resistance,0.667,partial,True,84.19,0.4670099768827721
25812,-1,bounce_resistance,1.0,full,True,94.68,0.11964352846707123
25882,-1,bounce_resistance,1.0,full,True,73.74,0.41029770068412835
25893,-1,bounce_resistance,1.0,full,True,85.36,0.14554556268105603
25943,1,bounce_support,-1.0,conflict,True,72.03,0.3757876948479714
25953,1,bounce_support,-1.0,conflict,True,93.64,0.0433327861517593
25987,1,bounce_support,-1.0,conflict,True,96.79,0.4670064772521807
26064,1,bounce_support,-0.556,conflict,True,85.32,0.2139589479119155
26070,1,bounce_support,-0.556,conflict,True,85.59,0.12884561575241985
26114,1,bounce_support,-0.556,conflict,True,83.73,0.13510743471976971
26131,1,bounce_support,-0.556,conflict,True,93.4,0.4133730181863262
26173,-1,bounce_resistance,0.556,partial,True,97.22,0.1550526746490406
26186,-1,bounce_resistance,0.556,partial,True,99.52,0.27821744883072885
26200,1,bounce_support,-0.556,conflict,True,83.56,0.4669824831232244
26241,1,bounce_support,-0.222,conflict,True,93.03,0.3946231462569955
26359,-1,bounce_resistance,0.667,partial,True,97.79,0.06127804162469295
26447,-1,bounce_resistance,1.0,full,True,80.7,0.12629197581547105
26520,-1,bounce_resistance,1.0,full,True,89.61,0.4848077097218406
26549,1,bounce_support,-1.0,conflict,True,84.18,0.33410628157448896
26563,1,bounce_support,-1.0,conflict,True,85.32,0.41591326426893455
26577,1,bounce_support,-1.0,conflict,True,98.85,0.24133552024944321
26614,-1,bounce_resistance,1.0,full,True,82.85,0.4196410934768552
26671,-1,bounce_resistance,1.0,full,True,91.71,0.34423504210594275
26709,-1,bounce_resistance,1.0,full,True,81.49,0.13742966843906998
26724,-1,bounce_resistance,1.0,full,True,94.63,0.014989938988597214
26735,1,bounce_support,-1.0,conflict,True,84.1,0.4657037111249105
26742,1,bounce_support,-1.0,conflict,True,66.45,0.4744770781135187
26745,1,bounce_support,-1.0,conflict,True,66.15,0.4721106319617278
26771,1,bounce_support,-1.0,conflict,True,99.07,0.4927391991400922
26794,-1,bounce_resistance,1.0,full,True,84.14,0.037433205337903085
26828,-1,bounce_resistance,1.0,full,True,93.77,0.34465028940995757
26849,-1,bounce_resistance,1.0,full,True,96.88,0.3773338208988572
26855,-1,bounce_resistance,1.0,full,True,94.98,0.48417933236246125
26889,1,bounce_support,-1.0,conflict,True,83.36,0.22189407711170503
26910,1,bounce_support,-1.0,conflict,True,85.58,0.4278024895932766
26945,1,bounce_support,-0.556,conflict,True,71.82,0.05630918504645121
26955,1,bounce_support,-0.556,conflict,True,85.07,0.32336204908842253
26973,1,bounce_support,-0.556,conflict,True,84.96,0.4332891913187622
27075,-1,bounce_resistance,0.556,partial,True,93.65,0.4192919601641273
27112,1,bounce_support,-0.556,conflict,True,91.65,0.1522183107055578
27147,-1,bounce_resistance,0.778,partial,True,84.08,0.42990239445442746
27167,-1,bounce_resistance,0.778,partial,True,81.89,0.3720963437112159
27197,-1,bounce_resistance,1.0,full,True,93.43,0.023395396935833906
27251,-1,bounce_resistance,1.0,full,True,75.92,0.3851921601258441
27321,-1,bounce_resistance,1.0,full,True,92.58,0.27686345077692226
27344,-1,bounce_resistance,1.0,full,True,85.11,0.089999123336865
27358,-1,bounce_resistance,1.0,full,True,84.93,0.0471492149427523
27396,1,bounce_support,-1.0,conflict,True,83.65,0.11059072474046774
27402,1,bounce_support,-1.0,conflict,True,96.0,0.4598081990071837
27441,-1,bounce_resistance,1.0,full,True,73.66,0.39053071290498953
27486,-1,bounce_resistance,1.0,full,True,83.62,0.43477718649760433
27505,1,bounce_support,-1.0,conflict,True,84.64,0.0945812822457894
27527,1,bounce_support,-1.0,conflict,True,83.67,0.4433890164929372
27533,1,bounce_support,-1.0,conflict,True,96.0,0.363193351739935
27548,1,bounce_support,-1.0,conflict,True,96.0,0.18103097691092
27604,-1,bounce_resistance,1.0,full,True,96.29,0.4557422173250714
27606,-1,bounce_resistance,1.0,full,True,86.24,0.13479748683599682
27653,-1,bounce_resistance,1.0,full,True,94.2,0.3058242510158108
27683,-1,bounce_resistance,1.0,full,True,95.98,0.30178146944704337
27721,-1,bounce_resistance,1.0,full,True,97.71,0.21799769680038455
27748,-1,bounce_resistance,1.0,full,True,93.2,0.07138309860870871
27750,-1,bounce_resistance,1.0,full,True,94.94,0.2571172230318448
27771,-1,bounce_resistance,1.0,full,True,95.98,0.2481863982917917
27835,1,bounce_support,-1.0,conflict,True,86.17,0.3592858739501626
27868,-1,bounce_resistance,1.0,full,True,87.64,0.47200609645234287
27871,-1,bounce_resistance,1.0,full,True,88.66,0.26346003477654784
27872,-1,bounce_resistance,1.0,full,True,93.05,0.04204736827054825
27914,-1,bounce_resistance,1.0,full,True,84.13,0.3639081762485374
27962,1,bounce_support,-1.0,conflict,True,74.65,0.24675801795136634
27987,1,bounce_support,-0.556,conflict,True,95.76,0.1306373064087198
28046,1,bounce_support,-0.556,conflict,True,95.98,0.2761175960501841
28072,1,bounce_support,-0.556,conflict,True,99.39,0.19111122883336937
28092,1,bounce_support,-0.556,conflict,True,99.59,0.279372149516645
28093,1,bounce_support,-0.556,conflict,True,99.99,0.1639884399546129
28094,1,bounce_support,-0.556,conflict,True,99.28,0.22819542903830536
28095,1,bounce_support,-0.556,conflict,True,99.12,0.12368836486679533
28097,1,bounce_support,-0.556,conflict,True,98.47,0.3528685070919553
28100,1,bounce_support,-0.556,conflict,True,100.0,0.33239779036426115
28122,1,bounce_support,-0.556,conflict,True,97.05,0.3573562036424213
28134,1,bounce_support,-0.556,conflict,True,95.12,0.4553447158107395
28149,1,bounce_support,-0.556,conflict,True,92.64,0.42207495078399215
28170,-1,bounce_resistance,0.556,partial,True,86.58,0.03961663046782645
28235,-1,bounce_resistance,1.0,full,True,83.3,0.3301870119847926
28246,-1,bounce_resistance,1.0,full,True,91.86,0.270249821999088
28253,-1,bounce_resistance,1.0,full,True,89.83,0.12407139521503324
28272,1,bounce_support,-1.0,conflict,True,70.86,0.352285664790181
28292,1,bounce_support,-0.556,conflict,True,86.3,0.34102827085928156
28314,1,bounce_support,-0.556,conflict,True,98.91,0.41090930144838156
28340,1,bounce_support,-0.556,conflict,True,99.67,0.007936239122628985
28342,1,bounce_support,-0.556,conflict,True,98.27,0.44773811665766977
28383,1,bounce_support,-0.222,conflict,True,98.26,0.19865722916624207
28436,1,bounce_support,0.111,partial,True,96.65,0.3286625880218545
28438,1,bounce_support,0.111,partial,True,96.93,0.4550127538112214
28571,1,bounce_support,0.111,partial,True,96.79,0.3777796496456927
28610,-1,bounce_resistance,-0.111,conflict,True,76.99,0.2767118357242916
28616,-1,bounce_resistance,-0.111,conflict,True,75.15,0.47525418215541465
28623,-1,bounce_resistance,-0.111,conflict,True,83.99,0.2146205758520078
28706,1,bounce_support,0.111,partial,True,88.05,0.2948449994114565
28738,1,bounce_support,0.111,partial,True,92.51,0.08917687243818893
28747,1,bounce_support,0.111,partial,True,95.51,0.31017133153446286
28805,-1,bounce_resistance,0.333,partial,True,84.79,0.31673472674101777
28913,-1,bounce_resistance,0.333,partial,True,94.89,0.1118995653131369
28931,-1,bounce_resistance,0.333,partial,True,96.96,0.048561981999517105
28949,1,bounce_support,-0.333,conflict,True,85.73,0.2943911733352837
29004,1,bounce_support,-0.333,conflict,True,76.64,0.42654400528046865
29089,-1,bounce_resistance,0.444,partial,True,83.27,0.27134365782101094
29133,-1,bounce_resistance,0.667,partial,True,95.63,0.06499793291015062
29181,1,bounce_support,-1.0,conflict,True,84.12,0.18535594849320514
29198,1,bounce_support,-1.0,conflict,True,95.34,0.20638170274982665
29264,-1,bounce_resistance,1.0,full,True,83.37,0.26334003503525943
29296,-1,bounce_resistance,1.0,full,True,83.66,0.06743247725431661
29313,-1,bounce_resistance,1.0,full,True,83.06,0.3779490853833734
29353,-1,bounce_resistance,1.0,full,True,82.87,0.4886099611259433
29478,1,bounce_support,-0.778,conflict,True,89.89,0.24994422800155322
29513,1,bounce_support,-0.556,conflict,True,80.84,0.3446786314909559
29547,1,bounce_support,-0.556,conflict,True,89.0,0.24436633640523908
29596,-1,bounce_resistance,0.556,partial,True,86.48,0.1998751390067316
29642,1,bounce_support,-0.556,conflict,True,97.12,0.25565062687713275
29665,1,bounce_support,-0.556,conflict,True,97.9,0.4621697241332348
29675,1,bounce_support,-0.222,conflict,True,84.51,0.2378562725634568
29691,1,bounce_support,-0.222,conflict,True,90.83,0.3434179940328364
29741,1,bounce_support,0.111,partial,True,76.69,0.29799033664392344
29809,-1,bounce_resistance,-0.111,conflict,True,84.64,0.48141544756820703
29838,-1,bounce_resistance,-0.111,conflict,True,82.65,0.38175059974111425
29845,-1,bounce_resistance,-0.111,conflict,True,94.13,0.338516452415708
29846,-1,bounce_resistance,-0.111,conflict,True,93.49,0.17007692732014432
29847,-1,bounce_resistance,-0.111,conflict,True,92.92,0.4930280721660558
29850,-1,bounce_resistance,-0.111,conflict,True,86.72,0.45152476373701933
29859,-1,bounce_resistance,-0.111,conflict,True,95.73,0.32254517953254797
29898,1,bounce_support,0.111,partial,True,83.05,0.4335230553675097
29915,1,bounce_support,0.111,partial,True,83.32,0.44305736248626904
29947,1,bounce_support,0.111,partial,True,95.22,0.03708399292569372
30001,-1,bounce_resistance,-0.111,conflict,True,83.84,0.49233110802748303
30068,-1,bounce_resistance,0.333,partial,True,95.63,0.30631431511768603
30121,-1,bounce_resistance,0.333,partial,True,84.62,0.3292223225111926
30129,-1,bounce_resistance,0.333,partial,True,93.6,0.31270970886499516
30188,1,bounce_support,-0.333,conflict,True,82.17,0.23775835294038086
30288,-1,bounce_resistance,-0.111,conflict,True,93.57,0.314157083959309
30380,1,bounce_support,0.111,partial,True,82.26,0.38634625022956026
30393,1,bounce_support,0.111,partial,True,81.84,0.015593649741585596
30406,1,bounce_support,0.111,partial,True,82.29,0.2373660778525522
30429,1,bounce_support,0.111,partial,True,82.05,0.48491074785644406
30464,1,bounce_support,0.111,partial,True,68.21,0.2536420591652624
30499,1,bounce_support,0.111,partial,True,82.5,0.3294389815567901
30558,-1,bounce_resistance,-0.111,conflict,True,80.09,0.16663846967266277
30660,1,bounce_support,0.111,partial,True,87.43,0.2638786077053178
30678,1,bounce_support,0.111,partial,True,94.97,0.1482005587830281
30709,1,bounce_support,0.111,partial,True,96.64,0.26739977020496464
30712,1,bounce_support,0.111,partial,True,94.03,0.21937461048682755
30742,1,bounce_support,0.111,partial,True,82.87,0.4452655082149175
30825,-1,bounce_resistance,-0.111,conflict,True,92.64,0.024238679104148286
30842,-1,bounce_resistance,-0.111,conflict,True,89.88,0.06321313108003104
30857,-1,bounce_resistance,-0.111,conflict,True,97.35,0.43311326460440114
30876,1,bounce_support,0.111,partial,True,93.14,0.4961492963957665
30881,1,bounce_support,0.111,partial,True,87.3,0.2957859834123401
30898,-1,bounce_resistance,-0.111,conflict,True,97.66,0.41853175127569286
31039,1,bounce_support,-0.333,conflict,True,93.04,0.3171817155670436
31045,1,bounce_support,-0.333,conflict,True,99.73,0.4270856755012903
31061,-1,bounce_resistance,0.333,partial,True,94.98,0.38720203203401954
31089,1,bounce_support,-0.333,conflict,True,85.91,0.27184576155649354
31096,1,bounce_support,-0.111,conflict,True,86.74,0.44772623813846496
31101,1,bounce_support,-0.111,conflict,True,99.28,0.09967754781944545
31132,-1,bounce_resistance,0.333,partial,True,98.42,0.4718634015493499
31181,-1,bounce_resistance,0.333,partial,True,86.33,0.23681074486813566
31203,1,bounce_support,-0.333,conflict,True,85.06,0.363238055418958
31247,1,bounce_support,0.111,partial,True,76.03,0.26966808494027344
31260,1,bounce_support,0.111,partial,True,85.35,0.007381629305868694
31265,-1,bounce_resistance,-0.111,conflict,True,84.91,0.49922082493432235
31267,-1,bounce_resistance,-0.111,conflict,True,74.78,0.14046510092995604
31277,-1,bounce_resistance,-0.111,conflict,True,79.38,0.3695145682282637
31291,-1,bounce_resistance,0.333,partial,True,85.29,0.49546024762991825
31345,-1,bounce_resistance,-0.111,conflict,True,87.01,0.24526765488883323
31352,-1,bounce_resistance,-0.111,conflict,True,96.82,0.4719436716658568
31377,-1,bounce_resistance,0.222,partial,True,98.81,0.2631430169351297
31476,1,bounce_support,0.222,partial,True,70.95,0.4293739448161028
31552,-1,bounce_resistance,-0.556,conflict,True,86.41,0.2097706987637701
31556,-1,bounce_resistance,-0.556,conflict,True,98.98,0.2522075948966871
31563,1,bounce_support,0.556,partial,True,85.11,0.05583141030034073
31583,-1,bounce_resistance,-0.556,conflict,True,99.09,0.31379654011763397
31670,1,bounce_support,0.333,partial,True,98.83,0.22290471191373928
31671,1,bounce_support,0.333,partial,True,98.83,0.1379536189189683
31680,1,bounce_support,1.0,full,True,79.65,0.08245700979309445
31689,1,bounce_support,1.0,full,True,93.99,0.11526821687810662
31691,1,bounce_support,1.0,full,True,92.68,0.4783879555097108
31706,1,bounce_support,1.0,full,True,84.9,0.3790026777810073
31725,1,bounce_support,1.0,full,True,83.14,0.16912373084771898
31757,1,bounce_support,1.0,full,True,88.58,0.06992680260297601
31814,1,bounce_support,1.0,full,True,88.33,0.4459097267907187
31849,1,bounce_support,1.0,full,True,94.9,0.439128078675083
31931,1,bounce_support,1.0,full,True,91.76,0.2778788816820341
31974,-1,bounce_resistance,-1.0,conflict,True,94.89,0.18657594635535793
32034,-1,bounce_resistance,-1.0,conflict,True,95.83,0.32585964217579283
32036,-1,bounce_resistance,-1.0,conflict,True,95.18,0.4889446376983725
32079,-1,bounce_resistance,-1.0,conflict,True,83.11,0.45356182282657564
32112,1,bounce_support,1.0,full,True,85.2,0.03195843064923067
32130,-1,bounce_resistance,-0.556,conflict,True,98.27,0.4791445930415697
32145,-1,bounce_resistance,-0.556,conflict,True,77.24,0.23829363282630106
32153,-1,bounce_resistance,-0.556,conflict,True,95.35,0.3670219261930315
32171,-1,bounce_resistance,-0.556,conflict,True,86.03,0.08504480826941235
32174,-1,bounce_resistance,-0.556,conflict,True,91.05,0.13899938810267704
32197,-1,bounce_resistance,-0.556,conflict,True,92.73,0.44875444589763447
32228,1,bounce_support,0.556,partial,True,68.01,0.2610332749654841
32284,1,bounce_support,1.0,full,True,95.02,0.24159092047242162
32286,1,bounce_support,1.0,full,True,96.95,0.29009767421732596
32289,1,bounce_support,1.0,full,True,97.59,0.23459721408274894
32297,1,bounce_support,1.0,full,True,96.95,0.3297515782095211
32322,1,bounce_support,1.0,full,True,85.96,0.3883362951982857
32333,1,bounce_support,1.0,full,True,87.25,0.026236553735195827
32362,1,bounce_support,1.0,full,True,91.03,0.026379737890169546
32418,1,bounce_support,1.0,full,True,83.65,0.3452802049011467
32438,1,bounce_support,1.0,full,True,92.58,0.4058847369044321
32511,1,bounce_support,1.0,full,True,98.32,0.03724023080853052
32609,-1,bounce_resistance,-1.0,conflict,True,87.77,0.19023477189223326
32616,-1,bounce_resistance,-1.0,conflict,True,100.0,0.3622776478822108
32634,1,bounce_support,1.0,full,True,78.11,0.3595723697812523
32660,-1,bounce_resistance,-1.0,conflict,True,86.8,0.4687578979937012
32662,-1,bounce_resistance,-1.0,conflict,True,86.95,0.3194852883597335
32697,1,bounce_support,1.0,full,True,86.48,0.3683216257134681
32703,1,bounce_support,1.0,full,True,97.86,0.06893628850994328
32731,-1,bounce_resistance,-1.0,conflict,True,97.91,0.45740452485020555
32754,1,bounce_support,1.0,full,True,96.16,0.330870654954028
32758,1,bounce_support,1.0,full,True,99.76,0.17090861301670246
32788,1,bounce_support,1.0,full,True,95.73,0.2451425696472234
32806,1,bounce_support,1.0,full,True,89.9,0.26131108650836044
32862,1,bounce_support,1.0,full,True,98.58,0.2774109908055476
32895,-1,bounce_resistance,-1.0,conflict,True,85.51,0.09389863977129227
32929,1,bounce_support,1.0,full,True,86.27,0.14402340833556795
32973,1,bounce_support,1.0,full,True,94.01,0.16127576767719584
33034,1,bounce_support,1.0,full,True,88.16,0.2243555144512558
33057,-1,bounce_resistance,-1.0,conflict,True,84.52,0.3171425346278044
33133,-1,bounce_resistance,-1.0,conflict,True,96.83,0.42612290021033183
33142,-1,bounce_resistance,-1.0,conflict,True,86.37,0.3470276412032804
33187,-1,bounce_resistance,-0.556,conflict,True,79.57,0.32632953473408155
33199,-1,bounce_resistance,-0.556,conflict,True,94.47,0.4060633379967361
33210,-1,bounce_resistance,-0.556,conflict,True,96.13,0.38247024850747885
33239,1,bounce_support,1.0,full,True,80.28,0.18819441960253858
33277,1,bounce_support,1.0,full,True,97.77,0.0801762463106313
33342,1,bounce_support,1.0,full,True,82.89,0.23605997195922637
33365,1,bounce_support,1.0,full,True,94.85,0.22947377108957187
33397,-1,bounce_resistance,-1.0,conflict,True,83.32,0.4184823169095563
33449,-1,bounce_resistance,-0.556,conflict,True,86.41,0.4310783195488617
33466,-1,bounce_resistance,-0.556,conflict,True,88.41,0.17788514242607847
33509,1,bounce_support,1.0,full,True,95.49,0.30568447356024375
33527,1,bounce_support,1.0,full,True,85.2,0.33317783441719134
33576,-1,bounce_resistance,-0.556,conflict,True,87.28,0.44850398655309187
33675,1,bounce_support,-0.111,conflict,True,72.74,0.23378227930240442
33700,1,bounce_support,0.222,partial,True,86.28,0.18983548888974644
33701,1,bounce_support,0.222,partial,True,90.12,0.31224035934674343
33703,1,bounce_support,0.222,partial,True,86.7,0.16795873583458074
33715,1,bounce_support,0.111,partial,True,86.67,0.21149857636421995
33739,-1,bounce_resistance,0.111,partial,True,97.32,0.30085868259301457
33775,1,bounce_support,0.667,partial,True,71.01,0.29704923283722434
33794,1,bounce_support,0.667,partial,True,100.0,0.03408999844439951
33811,1,bounce_support,1.0,full,True,99.44,0.440715293322584
33833,-1,bounce_resistance,-1.0,conflict,True,99.86,0.1964588503615068
33863,-1,bounce_resistance,-1.0,conflict,True,100.0,0.19797741229570057
33873,-1,bounce_resistance,-1.0,conflict,True,100.0,0.09842820279873442
33875,-1,bounce_resistance,-1.0,conflict,True,99.89,0.35637422599666274
33876,-1,bounce_resistance,-1.0,conflict,True,100.0,0.23833531460124113
33890,-1,bounce_resistance,-1.0,conflict,True,98.67,0.24619993283714534
33927,-1,bounce_resistance,-0.778,conflict,True,100.0,0.16022972306883027
33969,-1,bounce_resistance,-0.556,conflict,True,97.69,0.30407948072646723
33970,-1,bounce_resistance,-0.556,conflict,True,97.59,0.2711529578600859
33975,-1,bounce_resistance,-0.222,conflict,True,93.05,0.4973599036423555
34023,-1,bounce_resistance,-0.222,conflict,True,98.38,0.27909522688511906
34059,1,bounce_support,0.667,partial,True,73.09,0.10939395961179069
34093,1,bounce_support,1.0,full,True,95.74,0.3215460123532601
34140,-1,bounce_resistance,-0.222,conflict,True,96.61,0.2958174575016635
34174,-1,bounce_resistance,0.111,partial,True,96.07,0.1923580762259071
34209,-1,bounce_resistance,0.111,partial,True,95.48,0.3200851538841772
34224,1,bounce_support,-0.111,conflict,True,86.5,0.4064647470234389
34279,1,bounce_support,-0.111,conflict,True,84.75,0.2648247007048083
34303,1,bounce_support,-0.111,conflict,True,97.82,0.2651620619160596
34322,-1,bounce_resistance,0.111,partial,True,86.05,0.17339731896409732
34380,1,bounce_support,-0.111,conflict,True,94.39,0.21133774998711624
34394,-1,bounce_resistance,0.111,partial,True,96.3,0.02141348019764969
34396,-1,bounce_resistance,0.111,partial,True,95.99,0.2327324182775075
34499,-1,bounce_resistance,0.111,partial,True,75.9,0.2039720424943823
34516,-1,bounce_resistance,0.111,partial,True,81.5,0.16233080562296
34532,-1,bounce_resistance,0.111,partial,True,83.34,0.38722093285133125
34566,1,bounce_support,-0.111,conflict,True,88.18,0.046122835326167164
34612,-1,bounce_resistance,0.111,partial,True,84.41,0.34125531990990143
34661,1,bounce_support,-0.111,conflict,True,95.73,0.481365379442719
34670,1,bounce_support,-0.111,conflict,True,87.46,0.4799109280228661
34682,1,bounce_support,-0.111,conflict,True,83.31,0.48097726789679646
34735,1,bounce_support,-0.111,conflict,True,92.67,0.41087387763690364
34772,-1,bounce_resistance,0.111,partial,True,93.86,0.2557525028894049
34850,1,bounce_support,-0.111,conflict,True,93.47,0.34378539300748184
34867,1,bounce_support,0.333,partial,True,94.64,0.059813753588902244
34873,1,bounce_support,0.333,partial,True,91.6,0.034601251857314996
34891,-1,bounce_resistance,0.111,partial,True,69.15,0.3835274154559145
34898,-1,bounce_resistance,0.111,partial,True,83.32,0.263325282251544
34975,-1,bounce_resistance,0.556,partial,True,89.55,0.3253955886926792
34987,-1,bounce_resistance,0.556,partial,True,95.68,0.30981188379113217
35075,1,bounce_support,-0.111,conflict,True,82.97,0.46245209334344656
35092,-1,bounce_resistance,0.333,partial,True,88.66,0.13799401615821527
35095,-1,bounce_resistance,0.333,partial,True,97.69,0.326470944190979
35235,-1,bounce_resistance,1.0,full,True,70.8,0.2739332090441664
35315,-1,bounce_resistance,1.0,full,True,94.91,0.4115303831552982
35340,1,bounce_support,-1.0,conflict,True,88.85,0.20286305539381427
35407,1,bounce_support,-0.556,conflict,True,92.25,0.14713285851997707
35444,1,bounce_support,-0.556,conflict,True,97.6,0.4410383594848213
35533,1,bounce_support,-0.556,conflict,True,85.48,0.24180915133779615
35580,1,bounce_support,-0.556,conflict,True,97.13,0.26115226361843297
35663,1,bounce_support,0.111,partial,True,95.8,0.37381198021601103
35681,-1,bounce_resistance,-0.111,conflict,True,83.91,0.35340374482203035
35753,1,bounce_support,0.111,partial,True,92.64,0.22056299960436207
35759,1,bounce_support,0.111,partial,True,90.88,0.39145461179188035
35769,1,bounce_support,0.111,partial,True,89.82,0.49806477442263125
35822,-1,bounce_resistance,-0.111,conflict,True,93.19,0.2826710351714162
35854,1,bounce_support,0.111,partial,True,96.12,0.12280422620229281
35902,1,bounce_support,0.111,partial,True,84.33,0.34627378008968746
35959,1,bounce_support,0.111,partial,True,75.87,0.3400698478433106
35975,1,bounce_support,0.111,partial,True,85.52,0.1734486659270446
35984,1,bounce_support,0.111,partial,True,91.91,0.29320032301353804
36027,-1,bounce_resistance,0.111,partial,True,92.92,0.06885409430774797
36060,1,bounce_support,-0.111,conflict,True,96.4,0.35331661687081545
36061,1,bounce_support,-0.111,conflict,True,96.0,0.4241051599476585
36062,1,bounce_support,-0.111,conflict,True,95.51,0.470146587017321
36093,1,bounce_support,0.111,partial,True,94.19,0.41413709902533824
36102,1,bounce_support,0.111,partial,True,97.61,0.11148061364820998
36163,-1,bounce_resistance,-0.111,conflict,True,84.05,0.060459840412867026
36189,1,bounce_support,0.111,partial,True,93.89,0.008743391710890133
36226,1,bounce_support,0.111,partial,True,83.46,0.26769048606929885
36254,1,bounce_support,0.111,partial,True,83.05,0.4579433245145632
36266,1,bounce_support,0.111,partial,True,90.34,0.33554208253032675
36353,1,bounce_support,0.111,partial,True,89.77,0.49314822439105555
36401,-1,bounce_resistance,-0.111,conflict,True,98.5,0.16288353526723898
36476,-1,bounce_resistance,0.333,partial,True,70.75,0.22869617393544833
36553,1,bounce_support,-0.333,conflict,True,86.76,0.04268093467267943
36616,-1,bounce_resistance,0.333,partial,True,84.63,0.32436752982690775
36637,-1,bounce_resistance,0.333,partial,True,94.69,0.4001668894593982
36684,-1,bounce_resistance,0.333,partial,True,97.92,0.480790601457839
36766,-1,bounce_resistance,1.0,full,True,95.98,0.15557318178905793
36770,-1,bounce_resistance,1.0,full,True,95.5,0.35070246863705656
36792,1,bounce_support,-1.0,conflict,True,97.34,0.22902849222159838
36794,1,bounce_support,-1.0,conflict,True,97.45,0.29006877961751315
36810,1,bounce_support,-1.0,conflict,True,96.8,0.34440267544308584
36870,-1,bounce_resistance,1.0,full,True,85.5,0.32193643487223583
36944,1,bounce_support,-0.556,conflict,True,84.04,0.31933593574939123
36965,-1,bounce_resistance,0.778,partial,True,95.17,0.36883798071442614
37001,-1,bounce_resistance,1.0,full,True,85.28,0.4389545694545439
37072,1,bounce_support,-1.0,conflict,True,84.99,0.10633229745469051
37109,1,bounce_support,-0.556,conflict,True,84.38,0.2525295345394526
37150,-1,bounce_resistance,0.778,partial,True,82.86,0.21523671905077343
37156,-1,bounce_resistance,1.0,full,True,96.12,0.09194560184568293
37157,-1,bounce_resistance,0.778,partial,True,94.65,0.06702703667944279
37186,1,bounce_support,-0.556,conflict,True,72.74,0.3694861031614378
37245,1,bounce_support,0.111,partial,True,84.65,0.4450932572055166
37261,1,bounce_support,0.111,partial,True,96.32,0.16700570700356432
37348,-1,bounce_resistance,-0.111,conflict,True,77.78,0.42054872314770453
37373,-1,bounce_resistance,0.333,partial,True,83.57,0.27244324598098374
37405,-1,bounce_resistance,0.333,partial,True,93.02,0.41040464217916894
37414,-1,bounce_resistance,0.333,partial,True,96.73,0.2713439351546905
37435,1,bounce_support,-0.333,conflict,True,84.55,0.24214734321921852
37478,-1,bounce_resistance,0.333,partial,True,77.36,0.33118453626002525
37484,-1,bounce_resistance,0.333,partial,True,95.68,0.012067123591760683
37490,-1,bounce_resistance,0.333,partial,True,93.9,0.37639343009699566
37504,-1,bounce_resistance,0.333,partial,True,95.56,0.015992859259015786
37537,-1,bounce_resistance,0.333,partial,True,91.94,0.18043838579558416
37547,-1,bounce_resistance,0.333,partial,True,92.73,0.28075900329972336
37566,1,bounce_support,-0.333,conflict,True,95.86,0.2980365620016981
37602,1,bounce_support,0.111,partial,True,94.65,0.21397879264223454
37712,-1,bounce_resistance,0.667,partial,True,73.07,0.15625134973299312
37732,-1,bounce_resistance,0.667,partial,True,81.76,0.32564867138121967
37757,-1,bounce_resistance,1.0,full,True,95.55,0.4436574385847833
37763,-1,bounce_resistance,1.0,full,True,97.41,0.3405197722824465
37765,-1,bounce_resistance,1.0,full,True,96.19,0.3719822174563041
37771,-1,bounce_resistance,1.0,full,True,84.22,0.2503671734118133
37801,-1,bounce_resistance,1.0,full,True,80.26,0.47492559011890806
37830,-1,bounce_resistance,1.0,full,True,100.0,0.23052809351263673
37898,-1,bounce_resistance,1.0,full,True,85.48,0.47438129407782365
37928,1,bounce_support,-1.0,conflict,True,69.89,0.3602145216319936
37939,1,bounce_support,-1.0,conflict,True,86.05,0.06289436029100401
37972,-1,bounce_resistance,1.0,full,True,85.74,0.27044460261815956
38030,1,bounce_support,-1.0,conflict,True,94.59,0.25931420307519254
38032,1,bounce_support,-1.0,conflict,True,97.15,0.4447637460066674
38033,1,bounce_support,-1.0,conflict,True,97.25,0.4288051068445675
38034,1,bounce_support,-1.0,conflict,True,96.01,0.0019631548785749723
38051,1,bounce_support,-1.0,conflict,True,76.36,0.07192041160254327
38080,1,bounce_support,-0.778,conflict,True,84.48,0.22666788934577972
38178,1,bounce_support,-0.556,conflict,True,75.1,0.3506306821811076
38202,1,bounce_support,-0.556,conflict,True,96.86,0.29469845047695137
38209,1,bounce_support,-0.556,conflict,True,99.04,0.43051279482867666
38218,1,bounce_support,-0.556,conflict,True,94.0,0.4365426406078953
38261,1,bounce_support,-0.556,conflict,True,85.72,0.008839591932068049
38284,1,bounce_support,-0.556,conflict,True,94.01,0.4796188179968893
38321,1,bounce_support,-0.556,conflict,True,95.7,0.2858707270938591
38326,-1,bounce_resistance,0.556,partial,True,83.93,0.4638050781603142
38362,1,bounce_support,-0.556,conflict,True,83.57,0.0064272604583402015
38388,1,bounce_support,-0.222,conflict,True,93.21,0.34912648265680113
38415,1,bounce_support,0.111,partial,True,94.69,0.1294059000209546
38419,1,bounce_support,0.111,partial,True,91.7,0.30595314231427906
38421,1,bounce_support,0.111,partial,True,89.31,0.34107832619229717
38447,-1,bounce_resistance,-0.111,conflict,True,94.15,0.2959393815819934
38452,-1,bounce_resistance,-0.111,conflict,True,87.33,0.2607563446363505
38500,1,bounce_support,0.111,partial,True,89.84,0.22358157269953324
38509,-1,bounce_resistance,-0.111,conflict,True,83.88,0.43954952517467477
38514,-1,bounce_resistance,-0.111,conflict,True,83.67,0.012373971478957742
38535,-1,bounce_resistance,-0.111,conflict,True,97.43,0.43901117312815624
38588,-1,bounce_resistance,0.333,partial,True,94.87,0.37980621731048275
38640,-1,bounce_resistance,0.333,partial,True,95.59,0.24013270056185035
38679,1,bounce_support,-0.111,conflict,True,83.94,0.25324801317088974
38709,-1,bounce_resistance,0.111,partial,True,97.9,0.2350537452227257
38745,-1,bounce_resistance,0.333,partial,True,97.73,0.13078245939318758
38810,1,bounce_support,0.111,partial,True,96.09,0.37109697287280874
38827,1,bounce_support,0.111,partial,True,96.72,0.4969593093305165
38842,1,bounce_support,0.111,partial,True,97.1,0.3977213898317107
38887,1,bounce_support,0.111,partial,True,96.6,0.45873047173664533
38940,-1,bounce_resistance,-0.111,conflict,True,80.93,0.3834551787846537
38944,-1,bounce_resistance,-0.111,conflict,True,84.52,0.008674279837130493
38998,-1,bounce_resistance,0.333,partial,True,98.97,0.16577847909387913
39053,-1,bounce_resistance,0.333,partial,True,84.73,0.20117332879283803
39054,-1,bounce_resistance,0.333,partial,True,97.56,0.41591036127152853
39089,1,bounce_support,-0.333,conflict,True,97.51,0.22610868194729353
39138,1,bounce_support,0.111,partial,True,81.61,0.1905731864672426
39147,1,bounce_support,0.111,partial,True,97.42,0.48285037052518365
39197,1,bounce_support,0.111,partial,True,99.0,0.3798107679256462
39247,1,bounce_support,0.111,partial,True,99.87,0.43159438712287795
39283,-1,bounce_resistance,-0.111,conflict,True,86.79,0.11010891908521037
39316,1,bounce_support,0.111,partial,True,98.87,0.30896901576234986
39377,1,bounce_support,0.111,partial,True,93.57,0.2652368089777004
39439,1,bounce_support,0.111,partial,True,97.31,0.2702676159326412
39550,-1,bounce_resistance,0.111,partial,True,81.86,0.49764923023676083
39573,-1,bounce_resistance,0.333,partial,True,95.77,0.4722555073919522
39601,1,bounce_support,-0.333,conflict,True,95.69,0.3490225554753869
39637,1,bounce_support,0.111,partial,True,83.03,0.13789292405878048
39657,1,bounce_support,0.556,partial,True,77.07,0.36940877583357185
39673,1,bounce_support,0.556,partial,True,83.85,0.16728046175178143
39685,1,bounce_support,0.556,partial,True,94.05,0.4451351821928538
39711,-1,bounce_resistance,-0.556,conflict,True,84.98,0.2445239125427024
39748,1,bounce_support,0.556,partial,True,81.73,0.44781553815978625
39787,-1,bounce_resistance,-0.111,conflict,True,87.19,0.2787885227344061
39802,-1,bounce_resistance,-0.111,conflict,True,73.92,0.29904657893778197
39854,-1,bounce_resistance,-0.111,conflict,True,95.29,0.23784162106769846
39894,-1,bounce_resistance,0.556,partial,True,90.58,0.2424801261865366
39976,1,bounce_support,-0.556,conflict,True,89.32,0.12992707819468682
40046,1,bounce_support,-0.333,conflict,True,72.9,0.42932169694674577
40051,1,bounce_support,-0.333,conflict,True,87.12,0.17679392595258062
40086,-1,bounce_resistance,0.556,partial,True,74.27,0.22290938624462267
40106,-1,bounce_resistance,0.556,partial,True,94.75,0.31304565374607524
40109,-1,bounce_resistance,0.556,partial,True,95.12,0.22261632286380573
40155,-1,bounce_resistance,0.556,partial,True,90.59,0.4916021004684528
40189,1,bounce_support,-0.556,conflict,True,95.06,0.27867394678023927
40216,-1,bounce_resistance,0.556,partial,True,97.48,0.01454398133801879
40224,1,bounce_support,-0.556,conflict,True,97.18,0.49516109615072973
40266,1,bounce_support,-0.111,conflict,True,70.19,0.4435172267064591
40377,-1,bounce_resistance,0.333,partial,True,85.81,0.4931203969801957
40441,-1,bounce_resistance,0.556,partial,True,72.3,0.39848752764577294
40498,1,bounce_support,-1.0,conflict,True,74.21,0.47434524915669757
40520,1,bounce_support,-1.0,conflict,True,80.55,0.44175711902483594
40532,-1,bounce_resistance,1.0,full,True,94.13,0.19076059381140073
40586,-1,bounce_resistance,1.0,full,True,91.77,0.2731030405590287
40633,1,bounce_support,-1.0,conflict,True,81.49,0.13328125528286847
40718,1,bounce_support,-0.556,conflict,True,73.25,0.4075900052266254
40788,1,bounce_support,-0.556,conflict,True,86.98,0.012440747310202248
40799,-1,bounce_resistance,0.556,partial,True,71.63,0.3945294228013172
40807,-1,bounce_resistance,0.556,partial,True,84.95,0.2927947114930371
40858,-1,bounce_resistance,1.0,full,True,84.4,0.4072432232608494
40871,-1,bounce_resistance,1.0,full,True,96.26,0.2709453993210743
40875,-1,bounce_resistance,1.0,full,True,95.3,0.0928809596187325
40908,-1,bounce_resistance,1.0,full,True,93.96,0.038072303677094625
40932,-1,bounce_resistance,1.0,full,True,86.56,0.01525810785478942
40936,-1,bounce_resistance,1.0,full,True,92.92,0.4272557307462371
40976,1,bounce_support,-1.0,conflict,True,88.84,0.11780674891628666
40977,1,bounce_support,-1.0,conflict,True,87.84,0.0008809894227122848
40993,-1,bounce_resistance,1.0,full,True,83.29,0.40898041815423286
41071,-1,bounce_resistance,1.0,full,True,84.53,0.4464605949336371
41112,-1,bounce_resistance,1.0,full,True,92.2,0.10690180323553117
41167,-1,bounce_resistance,1.0,full,True,87.88,0.35489566773501185
41171,-1,bounce_resistance,1.0,full,True,87.96,0.36456095541897965
41328,-1,bounce_resistance,1.0,full,True,93.35,0.4778623268916278
41348,-1,bounce_resistance,1.0,full,True,96.11,0.09261888115384355
41366,1,bounce_support,-0.556,conflict,True,85.46,0.15505914927234188
41411,1,bounce_support,-0.556,conflict,True,98.48,0.2768064470561452
41488,1,bounce_support,-0.556,conflict,True,96.74,0.4589109789229927
41507,1,bounce_support,-0.556,conflict,True,94.07,0.35892568540268993
41527,-1,bounce_resistance,0.556,partial,True,98.04,0.08423278165751663
41558,1,bounce_support,-0.556,conflict,True,87.91,0.004070144766978788
41576,1,bounce_support,-0.222,conflict,True,95.24,0.32524934604121297
41623,-1,bounce_resistance,0.222,partial,True,95.55,0.17115129293281578
41636,-1,bounce_resistance,-0.111,conflict,True,96.84,0.1829753527622823
41692,-1,bounce_resistance,0.333,partial,True,97.97,0.47287570684624325
41710,-1,bounce_resistance,0.667,partial,True,88.37,0.2926555791992366
41743,1,bounce_support,0.111,partial,True,80.32,0.03853839956707028
41778,-1,bounce_resistance,-0.111,conflict,True,85.54,0.41729851315803945
41830,-1,bounce_resistance,-0.111,conflict,True,100.0,0.2467183260864031
41831,-1,bounce_resistance,-0.111,conflict,True,100.0,0.3377374232427863
41833,-1,bounce_resistance,0.111,partial,True,79.0,0.22422081956197143
41855,-1,bounce_resistance,0.333,partial,True,86.17,0.2610650068668804
41946,-1,bounce_resistance,0.111,partial,True,98.62,0.014756647756856806
41988,-1,bounce_resistance,0.333,partial,True,99.58,0.38296106382691864
41990,-1,bounce_resistance,0.333,partial,True,95.43,0.30814589816559346
42025,-1,bounce_resistance,0.667,partial,True,82.34,0.055157738030390605
42050,1,bounce_support,-0.667,conflict,True,84.07,0.4158771659034219
42066,1,bounce_support,-0.444,conflict,True,95.96,0.4111953775086289
42083,1,bounce_support,-0.222,conflict,True,96.35,0.3112112541704195
42124,1,bounce_support,-0.222,conflict,True,85.72,0.18596617777608748
42137,1,bounce_support,0.111,partial,True,93.14,0.22037253509871743
42176,1,bounce_support,0.111,partial,True,92.02,0.016743936003090886
42191,1,bounce_support,0.111,partial,True,86.83,0.4681664422697033
42272,1,bounce_support,0.111,partial,True,97.71,0.1058943871782006
42380,-1,bounce_resistance,0.333,partial,True,87.6,0.10627805126076763
42546,1,bounce_support,0.111,partial,True,77.25,0.32967936885083604
42553,1,bounce_support,0.111,partial,True,84.04,0.4039691562925795
42567,-1,bounce_resistance,0.111,partial,True,87.56,0.3374678664937608
42628,1,bounce_support,0.111,partial,True,80.82,0.37441087166359
42640,1,bounce_support,0.111,partial,True,93.19,0.3656861705955257
42705,1,bounce_support,0.111,partial,True,87.37,0.3362440462124511
42723,1,bounce_support,0.111,partial,True,87.93,0.3544311853537121
42817,1,bounce_support,0.111,partial,True,84.63,0.15986191828137236
42832,1,bounce_support,0.111,partial,True,80.18,0.03312149402449051
42846,1,bounce_support,0.111,partial,True,84.11,0.3200352151588644
42903,1,bounce_support,0.111,partial,True,88.77,0.3389129880393716
42939,1,bounce_support,0.111,partial,True,83.34,0.46258033564213147
42991,-1,bounce_resistance,-0.111,conflict,True,84.51,0.25597336927195413
43035,-1,bounce_resistance,0.333,partial,True,76.47,0.4492970972616645
43070,-1,bounce_resistance,0.333,partial,True,85.26,0.4801501604188605
43134,1,bounce_support,0.111,partial,True,84.44,0.4008699166565725
43153,1,bounce_support,0.556,partial,True,84.63,0.261096002548224
43169,1,bounce_support,0.556,partial,True,96.39,0.47797889730006793
43197,1,bounce_support,0.556,partial,True,84.26,0.4339947149183684
43268,-1,bounce_resistance,-0.333,conflict,True,96.99,0.2588312525142816
43297,-1,bounce_resistance,-0.111,conflict,True,84.49,0.4343770931042525
43306,-1,bounce_resistance,-0.111,conflict,True,85.24,0.1379305957284867
43359,-1,bounce_resistance,-0.111,conflict,True,86.19,0.33858285998820237
43405,1,bounce_support,0.333,partial,True,85.44,0.4561739710862445
43416,1,bounce_support,0.333,partial,True,95.16,0.3507808010272387
43493,-1,bounce_resistance,-0.333,conflict,True,75.91,0.3120041827239521
43575,-1,bounce_resistance,0.556,partial,True,96.23,0.2141955859895801
43584,-1,bounce_resistance,0.556,partial,True,83.91,0.20300904199750322
43622,1,bounce_support,-0.556,conflict,True,92.96,0.11932027451357471
43663,1,bounce_support,-0.111,conflict,True,78.33,0.43613612849247785
43740,1,bounce_support,0.222,partial,True,98.44,0.017065258654960766
43777,1,bounce_support,1.0,full,True,84.31,0.3304350668821973
43860,1,bounce_support,1.0,full,True,82.52,0.3312328748507601
43896,1,bounce_support,1.0,full,True,94.14,0.13340281675888696
43965,1,bounce_support,1.0,full,True,92.74,0.38912650496272044
44014,-1,bounce_resistance,-1.0,conflict,True,96.06,0.2495872883490885
44030,1,bounce_support,1.0,full,True,84.91,0.02590710874900295
44057,1,bounce_support,1.0,full,True,95.33,0.45793295009427093
44102,1,bounce_support,1.0,full,True,82.73,0.15902805129720732
44118,1,bounce_support,1.0,full,True,84.61,0.33608570284529593
44169,-1,bounce_resistance,-1.0,conflict,True,81.03,0.17318648776227308
44199,-1,bounce_resistance,-1.0,conflict,True,81.76,0.37458298798172923
44230,1,bounce_support,1.0,full,True,71.19,0.4195947370302558
44250,1,bounce_support,1.0,full,True,83.82,0.4358266957604662
44300,1,bounce_support,1.0,full,True,94.92,0.009555335347519185
44324,1,bounce_support,1.0,full,True,84.31,0.49133189342195577
44359,1,bounce_support,1.0,full,True,96.32,0.052340893685791035
44379,1,bounce_support,1.0,full,True,89.8,0.12615947635788627
44437,-1,bounce_resistance,-0.556,conflict,True,91.19,0.45444365817475874
44513,1,bounce_support,1.0,full,True,94.11,0.23213990248063818
44518,1,bounce_support,1.0,full,True,84.14,0.4401964316394872
44527,1,bounce_support,1.0,full,True,92.29,0.37404959585172937
44572,-1,bounce_resistance,-1.0,conflict,True,94.51,0.32115026264589214
44662,1,bounce_support,0.556,partial,True,98.01,0.15708680811061115
44670,1,bounce_support,0.556,partial,True,97.73,0.20353690595789858
44685,-1,bounce_resistance,-0.556,conflict,True,87.69,0.17877362091613505
44697,-1,bounce_resistance,-0.556,conflict,True,96.43,0.44452972135532287
44775,-1,bounce_resistance,-0.556,conflict,True,71.5,0.20292338151158143
44859,-1,bounce_resistance,0.111,partial,True,97.9,0.037958716727394676
44865,-1,bounce_resistance,0.111,partial,True,93.52,0.32338634040034864
44906,1,bounce_support,-0.111,conflict,True,85.6,0.2886774886852438
44912,1,bounce_support,-0.111,conflict,True,89.03,0.012799334447113666
44916,1,bounce_support,-0.111,conflict,True,94.87,0.2984999025913687
44945,-1,bounce_resistance,0.111,partial,True,95.83,0.2264995762918764
44948,-1,bounce_resistance,0.111,partial,True,92.81,0.47452351382722474
44986,1,bounce_support,-0.111,conflict,True,92.36,0.37879838459576903
44987,1,bounce_support,-0.111,conflict,True,80.24,0.29556360606170984
45015,1,bounce_support,-0.111,conflict,True,93.96,0.09463957889244862
45109,1,bounce_support,0.333,partial,True,94.55,0.061464777935472094
45127,-1,bounce_resistance,-0.111,conflict,True,93.86,0.17089387495479144
45142,-1,bounce_resistance,-0.111,conflict,True,99.58,0.07412925308859107
45173,1,bounce_support,0.111,partial,True,94.22,0.48525746624017946
45209,-1,bounce_resistance,0.111,partial,True,87.1,0.10439894663567527
45237,1,bounce_support,-0.111,conflict,True,83.79,0.3622653532951706
45284,1,bounce_support,0.111,partial,True,96.48,0.4552194632577797
45308,-1,bounce_resistance,0.111,partial,True,85.79,0.3005895108564339
45323,-1,bounce_resistance,0.111,partial,True,86.05,0.16796024460295236
45364,1,bounce_support,-0.111,conflict,True,95.62,0.4567545332919778
45370,1,bounce_support,-0.111,conflict,True,95.51,0.25794930003342703
45376,1,bounce_support,-0.111,conflict,True,96.43,0.47889886280620486
45387,1,bounce_support,-0.111,conflict,True,97.8,0.24542120362607525
45413,-1,bounce_resistance,0.111,partial,True,96.67,0.3977974437715846
45455,-1,bounce_resistance,0.111,partial,True,93.96,0.37507082566657435
45491,-1,bounce_resistance,0.111,partial,True,88.31,0.12097229913878181
45524,1,bounce_support,-0.111,conflict,True,86.12,0.2938792426741493
45580,1,bounce_support,0.111,partial,True,96.92,0.4515559126213468
45607,1,bounce_support,-0.111,conflict,True,84.36,0.12748641214069623
45621,1,bounce_support,-0.111,conflict,True,97.26,0.3117412140719932
45627,1,bounce_support,-0.111,conflict,True,91.17,0.2763548382734887
45655,-1,bounce_resistance,0.111,partial,True,97.1,0.18429806349251565
45704,-1,bounce_resistance,0.111,partial,True,94.78,0.31462911220325146
45706,-1,bounce_resistance,0.111,partial,True,96.65,0.20591511810626062
45822,1,bounce_support,-0.111,conflict,True,93.82,0.3419152145184126
45841,-1,bounce_resistance,0.111,partial,True,84.53,0.3202661981524834
45852,-1,bounce_resistance,0.111,partial,True,98.51,0.06390468615429369
45902,1,bounce_support,-0.111,conflict,True,97.37,0.49486367852122104
45940,-1,bounce_resistance,0.556,partial,True,92.87,0.08606635480155247
46037,1,bounce_support,-1.0,conflict,True,83.85,0.44738799074318025
46067,1,bounce_support,-0.556,conflict,True,83.98,0.3103327647360731
46102,1,bounce_support,-0.556,conflict,True,92.58,0.12817536471949081
46143,-1,bounce_resistance,0.556,partial,True,88.59,0.397286159203415
46165,-1,bounce_resistance,0.556,partial,True,100.0,0.3969623145514353
46226,-1,bounce_resistance,1.0,full,True,98.86,0.006894305992485667
46227,-1,bounce_resistance,1.0,full,True,98.55,0.05921404392645469
46228,-1,bounce_resistance,1.0,full,True,81.31,0.017423171465209674
46231,-1,bounce_resistance,1.0,full,True,83.45,0.4801116077134792
46266,-1,bounce_resistance,1.0,full,True,91.64,0.3199371927962955
46284,-1,bounce_resistance,1.0,full,True,95.25,0.3662270094330632
46343,1,bounce_support,-1.0,conflict,True,84.22,0.4569987833016702
46418,1,bounce_support,-0.222,conflict,True,97.31,0.45388643509657045
46438,1,bounce_support,0.111,partial,True,91.39,0.2940510287318713
46461,1,bounce_support,0.111,partial,True,83.82,0.04882610869516464
46471,1,bounce_support,0.111,partial,True,92.27,0.33345210510163753
46504,-1,bounce_resistance,-0.111,conflict,True,64.76,0.46252007541858214
46520,-1,bounce_resistance,-0.111,conflict,True,97.32,0.4875530318431234
46599,-1,bounce_resistance,0.333,partial,True,78.19,0.3263603054010996
46672,-1,bounce_resistance,0.333,partial,True,72.18,0.30988362179721635
46729,-1,bounce_resistance,0.333,partial,True,95.28,0.20934867699731852
46785,1,bounce_support,0.111,partial,True,86.02,0.22813481395965302
46789,1,bounce_support,0.111,partial,True,98.27,0.40133290360402335
46824,1,bounce_support,0.111,partial,True,86.54,0.38592391493190814
46828,1,bounce_support,0.111,partial,True,92.32,0.04165226769059617
46870,1,bounce_support,0.111,partial,True,95.25,0.29991018127288843
46893,1,bounce_support,0.556,partial,True,86.19,0.45140629733017235
46903,1,bounce_support,0.556,partial,True,92.07,0.4484939097929253
46953,1,bounce_support,0.556,partial,True,88.34,0.35429537725278254
46969,1,bounce_support,0.556,partial,True,95.77,0.3670831992561208
47032,1,bounce_support,0.556,partial,True,84.61,0.4975933966382219
47048,-1,bounce_resistance,-0.556,conflict,True,77.51,0.31332736590242355
47120,-1,bounce_resistance,-0.111,conflict,True,85.31,0.39138859423687633
47133,-1,bounce_resistance,-0.111,conflict,True,94.41,0.1289027161437827
47187,-1,bounce_resistance,-0.111,conflict,True,88.37,0.26618768197009685
47198,-1,bounce_resistance,-0.111,conflict,True,95.88,0.162965351348552
47209,1,bounce_support,0.111,partial,True,97.85,0.1577565584174558
47238,1,bounce_support,0.556,partial,True,82.92,0.44721972494165546
47331,1,bounce_support,1.0,full,True,93.95,0.30887278202324275
47346,1,bounce_support,1.0,full,True,94.27,0.15027700755871276
47425,-1,bounce_resistance,-0.556,conflict,True,94.79,0.3833002090691246
47433,-1,bounce_resistance,-0.556,conflict,True,97.51,0.01627482404584229
47483,-1,bounce_resistance,-0.556,conflict,True,83.08,0.25963882132878713
47523,1,bounce_support,0.556,partial,True,92.83,0.33874715555952434
47540,1,bounce_support,1.0,full,True,85.1,0.3805966138841695
47548,1,bounce_support,1.0,full,True,99.18,0.05000205509679509
47591,1,bounce_support,1.0,full,True,80.11,0.42825509944287876
47600,1,bounce_support,1.0,full,True,99.06,0.054603622836677516
47612,-1,bounce_resistance,-1.0,conflict,True,84.38,0.48247428633755834
47682,-1,bounce_resistance,-0.222,conflict,True,84.16,0.2931909339418833
47786,1,bounce_support,-0.111,conflict,True,84.2,0.3050763142452913
47813,1,bounce_support,-0.111,conflict,True,96.16,0.39214228766900927
47900,1,bounce_support,0.333,partial,True,76.16,0.3840087170845613
47927,1,bounce_support,0.333,partial,True,88.76,0.3545416562824216
47980,1,bounce_support,0.667,partial,True,82.17,0.33012985462086986
47993,1,bounce_support,1.0,full,True,94.97,0.16492093116042578
48025,-1,bounce_resistance,-1.0,conflict,True,85.88,0.3913058582737975
48061,1,bounce_support,1.0,full,True,83.6,0.08231132887908972
48073,1,bounce_support,1.0,full,True,83.45,0.015421084131678298
48096,1,bounce_support,1.0,full,True,92.18,0.274849125476421
48118,-1,bounce_resistance,-1.0,conflict,True,79.0,0.34451689042497025
48123,-1,bounce_resistance,-1.0,conflict,True,82.95,0.004928162936358456
48149,-1,bounce_resistance,-1.0,conflict,True,93.39,0.29435579462328826
48184,1,bounce_support,1.0,full,True,86.16,0.1827140804715043
48267,-1,bounce_resistance,-0.556,conflict,True,83.49,0.43327050670973255
48305,1,bounce_support,0.778,partial,True,84.76,0.373634427333166
48318,1,bounce_support,0.778,partial,True,97.65,0.140114065474097
48339,-1,bounce_resistance,-0.556,conflict,True,87.92,0.24366806652123468
48399,-1,bounce_resistance,-0.556,conflict,True,83.85,0.4904420335828124
48509,1,bounce_support,1.0,full,True,76.88,0.3646762765607313
48548,1,bounce_support,1.0,full,True,93.33,0.23439363142118516
48604,1,bounce_support,1.0,full,True,93.0,0.10441460376506927
48624,-1,bounce_resistance,-1.0,conflict,True,90.13,0.1884016001457444
48630,-1,bounce_resistance,-1.0,conflict,True,92.0,0.1532845080681926
48699,-1,bounce_resistance,-1.0,conflict,True,81.32,0.248141995753467
48717,-1,bounce_resistance,-1.0,conflict,True,88.15,0.31870913130242245
48736,1,bounce_support,1.0,full,True,83.9,0.06953975445287405
48775,-1,bounce_resistance,-1.0,conflict,True,85.04,0.35657230771267145
48802,1,bounce_support,1.0,full,True,100.0,0.0
48831,1,bounce_support,1.0,full,True,93.8,0.012965762336721302
48854,-1,bounce_resistance,-1.0,conflict,True,98.44,0.43741847826706315
48886,1,bounce_support,1.0,full,True,71.25,0.312813893137784
48986,-1,bounce_resistance,-0.556,conflict,True,72.23,0.49030824302229903
49021,-1,bounce_resistance,-0.556,conflict,True,93.12,0.3878591663612967
49064,-1,bounce_resistance,0.111,partial,True,80.3,0.38957591342705944
49079,-1,bounce_resistance,0.111,partial,True,84.93,0.16762843147349607
49085,-1,bounce_resistance,0.111,partial,True,85.77,0.10794156130050189
49148,-1,bounce_resistance,0.111,partial,True,78.18,0.371784315319093
49192,-1,bounce_resistance,0.111,partial,True,96.18,0.2519946951577919
49241,1,bounce_support,-0.111,conflict,True,98.12,0.4706807397911434
49248,1,bounce_support,-0.111,conflict,True,84.26,0.469143883366678
49313,1,bounce_support,0.333,partial,True,90.77,0.23091402369953598
49319,1,bounce_support,0.333,partial,True,94.88,0.2041607994013749
49321,1,bounce_support,0.333,partial,True,95.42,0.0006905354166510587
49329,1,bounce_support,0.333,partial,True,94.16,0.49961150014272965
49352,-1,bounce_resistance,-0.333,conflict,True,82.11,0.42900032533616916
49380,-1,bounce_resistance,-0.333,conflict,True,77.57,0.24535457306033542
49384,-1,bounce_resistance,-0.111,conflict,True,86.19,0.3984462672359733
49391,-1,bounce_resistance,-0.111,conflict,True,96.11,0.13115939795820433
49448,1,bounce_support,0.333,partial,True,81.26,0.2277253672634366
49508,-1,bounce_resistance,-0.111,conflict,True,97.9,0.22968786813243228
49619,-1,bounce_resistance,-0.333,conflict,True,94.98,0.279445320027799
49649,1,bounce_support,0.333,partial,True,96.23,0.31308506578188877
49653,1,bounce_support,0.333,partial,True,95.77,0.3345530753605308
49671,1,bounce_support,0.333,partial,True,94.63,0.35528626033604804
49713,1,bounce_support,0.333,partial,True,82.3,0.3129784008535494
49716,1,bounce_support,0.667,partial,True,81.64,0.17616718174341636
49745,1,bounce_support,1.0,full,True,91.81,0.30694768363034697
49774,-1,bounce_resistance,-1.0,conflict,True,89.04,0.019195754514897256
49799,1,bounce_support,1.0,full,True,80.74,0.32725113256053723
49817,1,bounce_support,1.0,full,True,93.03,0.37063356468260245
49836,1,bounce_support,1.0,full,True,93.3,0.33839590828846516
49854,1,bounce_support,1.0,full,True,92.93,0.19472442184447247
49868,1,bounce_support,1.0,full,True,95.13,0.16792809194959582
49902,1,bounce_support,1.0,full,True,80.66,0.3155657507435681
49935,1,bounce_support,1.0,full,True,96.03,0.45808195214139835
50014,-1,bounce_resistance,-1.0,conflict,True,82.8,0.0785419276437468
50025,-1,bounce_resistance,-0.778,conflict,True,86.8,0.3543727991452044
50032,-1,bounce_resistance,-0.556,conflict,True,97.87,0.49840163355428785
50092,1,bounce_support,1.0,full,True,81.7,0.3437901558826527
50114,1,bounce_support,1.0,full,True,97.81,0.4310206945772615
50140,1,bounce_support,1.0,full,True,96.83,0.23736100858913378
50177,1,bounce_support,1.0,full,True,86.81,0.19983739343171547
50258,-1,bounce_resistance,-1.0,conflict,True,85.65,0.4029701978424796
50322,1,bounce_support,0.778,partial,True,92.17,0.18490619578753603
50356,1,bounce_support,1.0,full,True,83.76,0.20908585123108742
50435,1,bounce_support,1.0,full,True,82.43,0.3610644697204301
50481,-1,bounce_resistance,-1.0,conflict,True,92.91,0.34926655100298637
50488,-1,bounce_resistance,-1.0,conflict,True,90.54,0.37605920677932875
50508,-1,bounce_resistance,-1.0,conflict,True,91.37,0.3681268529035544
50518,1,bounce_support,1.0,full,True,94.58,0.464742027148052
50638,1,bounce_support,1.0,full,True,84.25,0.3156595130520329
50699,-1,bounce_resistance,-1.0,conflict,True,84.16,0.015253724978361628
50722,-1,bounce_resistance,-1.0,conflict,True,96.98,0.31409570801504894
50767,-1,bounce_resistance,-0.778,conflict,True,82.87,0.45470646852329666
50800,1,bounce_support,1.0,full,True,83.68,0.32321633359717344
50844,1,bounce_support,1.0,full,True,85.11,0.4447149306748092
50887,-1,bounce_resistance,-1.0,conflict,True,86.16,0.16400642187865888
50909,-1,bounce_resistance,-1.0,conflict,True,86.09,0.12122178870593109
50929,-1,bounce_resistance,-1.0,conflict,True,86.41,0.21284352347234833
50967,-1,bounce_resistance,-0.556,conflict,True,69.54,0.43127262106660785
51011,1,bounce_support,0.556,partial,True,96.44,0.3190432715745284
51035,-1,bounce_resistance,-0.556,conflict,True,79.97,0.3711671220676838
51064,1,bounce_support,0.556,partial,True,97.67,0.15537490591509273
51108,-1,bounce_resistance,-0.556,conflict,True,89.01,0.029082212018245665
51171,1,bounce_support,1.0,full,True,85.91,0.3619728800092963
51174,1,bounce_support,1.0,full,True,79.33,0.31110732741325536
51176,1,bounce_support,1.0,full,True,93.13,0.38629939070194924
51183,1,bounce_support,1.0,full,True,91.02,0.14987168764851122
51202,1,bounce_support,1.0,full,True,83.67,0.4917455177842261
51216,1,bounce_support,1.0,full,True,97.52,0.07682779049841638
51243,-1,bounce_resistance,-1.0,conflict,True,92.15,0.1413608123491339
51255,-1,bounce_resistance,-1.0,conflict,True,95.3,0.2349581768724781
51289,1,bounce_support,1.0,full,True,90.4,0.217574535256022
51311,1,bounce_support,1.0,full,True,88.69,0.3037855420799335
51329,1,bounce_support,1.0,full,True,93.65,0.25592914931488475
51388,1,bounce_support,1.0,full,True,91.53,0.09158604416575525
51417,1,bounce_support,1.0,full,True,82.64,0.38749473673255924
51479,1,bounce_support,1.0,full,True,84.32,0.04339880037633992
51510,1,bounce_support,1.0,full,True,82.15,0.34959533727171443
51531,-1,bounce_resistance,-1.0,conflict,True,85.63,0.13582890331702877
51555,1,bounce_support,1.0,full,True,76.78,0.45177492297594585
51590,1,bounce_support,1.0,full,True,74.15,0.14214957910605003
51648,1,bounce_support,1.0,full,True,88.05,0.34331545767851585
51664,1,bounce_support,1.0,full,True,97.71,0.46762077932403645
51671,1,bounce_support,1.0,full,True,98.3,0.17762880354219324
51721,-1,bounce_resistance,-0.778,conflict,True,82.08,0.05720019134811418
51730,-1,bounce_resistance,-0.556,conflict,True,91.33,0.20807882685198906
51755,-1,bounce_resistance,-0.556,conflict,True,85.64,0.4646070105284562
51787,1,bounce_support,0.556,partial,True,88.95,0.4978824654655887
51817,1,bounce_support,0.556,partial,True,90.18,0.2030632364606031
51832,-1,bounce_resistance,-0.556,conflict,True,92.63,0.2512058445067539
51855,-1,bounce_resistance,-0.556,conflict,True,83.27,0.21605722916655848
51891,-1,bounce_resistance,-0.556,conflict,True,92.83,0.3069705304148405
51988,-1,bounce_resistance,-0.556,conflict,True,80.19,0.12770572051834495
52047,-1,bounce_resistance,-0.556,conflict,True,84.97,0.20673954299122344
52080,-1,bounce_resistance,0.111,partial,True,94.59,0.29903141930060173
52135,-1,bounce_resistance,0.111,partial,True,93.88,0.4467808953673158
52139,-1,bounce_resistance,0.111,partial,True,91.17,0.43443806666516493
52141,-1,bounce_resistance,0.111,partial,True,97.45,0.08745178684554807
52222,1,bounce_support,-0.111,conflict,True,81.3,0.4335784208906009
52264,1,bounce_support,0.333,partial,True,91.97,0.2181808641027441
52292,1,bounce_support,0.333,partial,True,90.68,0.2745002754075017
52312,-1,bounce_resistance,-0.333,conflict,True,97.84,0.29071016297084684
52376,-1,bounce_resistance,0.111,partial,True,81.23,0.37666829577395283
52401,-1,bounce_resistance,0.111,partial,True,84.76,0.4186421165898391
52437,-1,bounce_resistance,0.111,partial,True,95.75,0.06692761268368776
52471,1,bounce_support,0.111,partial,True,95.18,0.12884446667149602
52500,1,bounce_support,0.333,partial,True,94.07,0.08842129106793448
52504,1,bounce_support,0.333,partial,True,84.28,0.09922763177059042
52547,-1,bounce_resistance,0.111,partial,True,97.98,0.017439812328012217
52572,-1,bounce_resistance,0.111,partial,True,94.19,0.3834219951928747
52628,1,bounce_support,0.111,partial,True,85.86,0.4065007855859724
52665,1,bounce_support,0.333,partial,True,85.8,0.3063368595691222
52724,1,bounce_support,0.333,partial,True,96.57,0.4020361598744357
52809,-1,bounce_resistance,-1.0,conflict,True,86.53,0.3547011992578586
52886,-1,bounce_resistance,-0.556,conflict,True,87.17,0.45874286338174275
52927,-1,bounce_resistance,-0.222,conflict,True,86.69,0.36324816979559466
52991,-1,bounce_resistance,0.111,partial,True,96.44,0.38348519725857655
53014,1,bounce_support,-0.111,conflict,True,68.94,0.4369496218673513
53054,1,bounce_support,-0.111,conflict,True,90.65,0.07205919539497668
53101,1,bounce_support,0.111,partial,True,98.02,0.49754527575480795
53122,1,bounce_support,0.333,partial,True,97.52,0.25561190829014613
53148,-1,bounce_resistance,-0.111,conflict,True,91.25,0.3349620485785069
53161,-1,bounce_resistance,-0.111,conflict,True,90.38,0.4538811215169678
53190,1,bounce_support,0.333,partial,True,70.59,0.27960832703544053
53203,1,bounce_support,0.333,partial,True,85.17,0.19867328638455248
53215,-1,bounce_resistance,-0.333,conflict,True,85.37,0.39173254401165997
53292,-1,bounce_resistance,0.111,partial,True,88.13,0.4610315538679087
53330,-1,bounce_resistance,0.111,partial,True,94.05,0.09272490250762566
53352,1,bounce_support,-0.111,conflict,True,93.61,0.47979453171329706
53353,1,bounce_support,-0.111,conflict,True,93.1,0.4642083875310094
53354,1,bounce_support,-0.111,conflict,True,93.25,0.27138915789421625
53356,1,bounce_support,-0.111,conflict,True,99.41,0.2411817060918288
53368,1,bounce_support,0.111,partial,True,85.58,0.3076484612309243
53420,-1,bounce_resistance,-0.333,conflict,True,92.67,0.2249719462226182
53455,1,bounce_support,0.333,partial,True,97.47,0.25952615756595365
53472,-1,bounce_resistance,0.111,partial,True,97.9,0.4150224130300707
53519,-1,bounce_resistance,0.111,partial,True,96.25,0.09948154897684203
53577,-1,bounce_resistance,0.111,partial,True,96.81,0.25418370196815504
53582,1,bounce_support,-0.111,conflict,True,99.19,0.34604966877983195
53651,1,bounce_support,0.333,partial,True,92.99,0.22757010544579218
53660,1,bounce_support,0.333,partial,True,85.51,0.3884645667770173
53758,1,bounce_support,0.667,partial,True,74.8,0.34239879236433957
53781,1,bounce_support,1.0,full,True,84.85,0.31990761064995377
53827,1,bounce_support,1.0,full,True,84.52,0.2996251591601319
53852,1,bounce_support,1.0,full,True,84.22,0.33197187356868885
53885,1,bounce_support,1.0,full,True,84.37,0.2875750583560967
53922,1,bounce_support,1.0,full,True,91.79,0.4668708450789032
53934,1,bounce_support,1.0,full,True,85.4,0.3959117858042994
53998,1,bounce_support,1.0,full,True,94.85,0.08322037395475061
54121,-1,bounce_resistance,-1.0,conflict,True,82.81,0.152195432911475
54139,1,bounce_support,1.0,full,True,85.94,0.23537037320312942
54188,1,bounce_support,1.0,full,True,94.23,0.48186605226011564
54216,-1,bounce_resistance,-1.0,conflict,True,74.91,0.22477311725943405
54296,-1,bounce_resistance,-0.556,conflict,True,83.96,0.4580933456400809
54306,-1,bounce_resistance,-0.556,conflict,True,81.38,0.09356590023039453
54336,-1,bounce_resistance,-0.556,conflict,True,95.11,0.4850853585884846
54411,1,bounce_support,0.556,partial,True,74.83,0.22863254470103853
54458,-1,bounce_resistance,-0.222,conflict,True,92.41,0.3250498078859163
54475,-1,bounce_resistance,-0.222,conflict,True,90.16,0.29477031945010873
54497,1,bounce_support,-0.111,conflict,True,93.74,0.4123323493009627
54547,-1,bounce_resistance,0.111,partial,True,91.95,0.34293206741343407
54551,-1,bounce_resistance,0.111,partial,True,94.27,0.48486335101789235
54582,-1,bounce_resistance,0.111,partial,True,95.58,0.26723730612065194
54623,-1,bounce_resistance,0.111,partial,True,84.93,0.00021327548096179138
54654,-1,bounce_resistance,0.111,partial,True,80.55,0.21163284799204593
54664,-1,bounce_resistance,0.111,partial,True,81.86,0.3039587074702042
54803,-1,bounce_resistance,0.111,partial,True,92.34,0.14595752444172178
54804,-1,bounce_resistance,0.111,partial,True,92.43,0.1998703739661693
54818,-1,bounce_resistance,0.111,partial,True,96.06,0.39576901783042717
54892,-1,bounce_resistance,0.111,partial,True,80.81,0.36215476448420314
54893,-1,bounce_resistance,0.111,partial,True,82.73,0.011651286793541783
54903,-1,bounce_resistance,0.111,partial,True,83.67,0.2916075061978872
54922,1,bounce_support,-0.111,conflict,True,85.04,0.07393554162316492
54952,1,bounce_support,-0.111,conflict,True,91.55,0.42023165608563995
54994,1,bounce_support,0.333,partial,True,76.05,0.06957730362372566
55047,-1,bounce_resistance,-0.333,conflict,True,84.08,0.230826459222881
55065,-1,bounce_resistance,-0.111,conflict,True,83.8,0.2942920025015095
55093,-1,bounce_resistance,0.111,partial,True,79.93,0.07670934579442078
55111,-1,bounce_resistance,0.111,partial,True,83.87,0.29921969405395654
55128,-1,bounce_resistance,0.111,partial,True,83.48,0.29373008317529103
55153,-1,bounce_resistance,0.111,partial,True,77.7,0.3545437022032044
55168,-1,bounce_resistance,0.111,partial,True,97.15,0.4852678639506601
55179,-1,bounce_resistance,0.111,partial,True,80.97,0.44200230841176624
55182,-1,bounce_resistance,0.111,partial,True,92.79,0.45088743809716686
55214,1,bounce_support,-0.111,conflict,True,83.62,0.10628266477399918
55247,-1,bounce_resistance,0.556,partial,True,66.1,0.34968078471441705
55297,-1,bounce_resistance,0.556,partial,True,94.97,0.1520693138097208
55355,1,bounce_support,-0.111,conflict,True,75.4,0.15163469100975277
55380,1,bounce_support,-0.111,conflict,True,96.88,0.26595510131166433
55416,-1,bounce_resistance,0.556,partial,True,82.65,0.06625962225270285
55428,-1,bounce_resistance,0.778,partial,True,83.27,0.3708252853964578
55436,-1,bounce_resistance,0.778,partial,True,85.5,0.41258488112408287
55466,1,bounce_support,-0.778,conflict,True,86.15,0.47936718766101766
55512,-1,bounce_resistance,0.556,partial,True,94.13,0.19710919548442224
55517,-1,bounce_resistance,0.778,partial,True,80.07,0.45353188591784915
55596,-1,bounce_resistance,1.0,full,True,84.3,0.20672049680357932
55633,1,bounce_support,-1.0,conflict,True,88.78,0.10033186499288964
55708,-1,bounce_resistance,1.0,full,True,72.0,0.366538853162335
55739,1,bounce_support,-1.0,conflict,True,96.87,0.3575354169260434
55741,1,bounce_support,-1.0,conflict,True,93.36,0.29703993122938227
55765,1,bounce_support,-1.0,conflict,True,96.22,0.2664196398790559
55766,1,bounce_support,-1.0,conflict,True,96.98,0.4775143031303984
55773,1,bounce_support,-1.0,conflict,True,96.96,0.2436481249212227
55793,1,bounce_support,-1.0,conflict,True,77.67,0.2686211091229719
55804,1,bounce_support,-1.0,conflict,True,94.2,0.3235724108078581
55868,-1,bounce_resistance,1.0,full,True,73.87,0.4140396587771402
55876,-1,bounce_resistance,1.0,full,True,97.61,0.3790626307128337
55951,-1,bounce_resistance,1.0,full,True,88.74,0.4528340999491297
55969,-1,bounce_resistance,1.0,full,True,82.12,0.46096230070616806
56013,-1,bounce_resistance,1.0,full,True,94.37,0.35561917715422753
56035,1,bounce_support,-1.0,conflict,True,73.26,0.26584915051897856
56055,1,bounce_support,-1.0,conflict,True,77.11,0.375191665451069
56152,-1,bounce_resistance,0.778,partial,True,98.38,0.21503529262888463
56153,-1,bounce_resistance,1.0,full,True,97.7,0.3659065338981565
56183,-1,bounce_resistance,1.0,full,True,84.74,0.0924384088632393
56198,1,bounce_support,-1.0,conflict,True,97.21,0.2775229019116648
56237,1,bounce_support,-1.0,conflict,True,97.51,0.3706342378917845
56280,-1,bounce_resistance,1.0,full,True,97.78,0.06398143566344217
56312,1,bounce_support,-0.556,conflict,True,83.35,0.4787188756124824
56383,1,bounce_support,-0.556,conflict,True,95.85,0.19097620002913884
56413,-1,bounce_resistance,0.556,partial,True,93.72,0.13876655914665625
56457,1,bounce_support,-0.556,conflict,True,72.65,0.14937552116760647
56482,1,bounce_support,0.111,partial,True,96.3,0.017169971204518686
56519,-1,bounce_resistance,-0.111,conflict,True,96.58,0.44049587091459136
56521,-1,bounce_resistance,-0.111,conflict,True,96.88,0.3247877509327957
56535,-1,bounce_resistance,-0.111,conflict,True,96.49,0.32653142301562615
56572,1,bounce_support,0.111,partial,True,89.33,0.14888050493177607
56596,1,bounce_support,0.111,partial,True,85.74,0.3728615730156063
56650,-1,bounce_resistance,-0.111,conflict,True,86.2,0.2427213845586056
56686,-1,bounce_resistance,0.333,partial,True,80.99,0.3347752218676469
56704,-1,bounce_resistance,0.333,partial,True,85.9,0.34148216885805793
56753,-1,bounce_resistance,0.333,partial,True,95.1,0.39073914158889594
56758,-1,bounce_resistance,0.333,partial,True,98.57,0.4707288972757623
56762,-1,bounce_resistance,0.333,partial,True,99.14,0.00730034893871669
56800,1,bounce_support,-0.333,conflict,True,86.63,0.13898903291391382
56817,1,bounce_support,-0.333,conflict,True,96.48,0.10217570382898018
56845,1,bounce_support,0.111,partial,True,84.78,0.4982095938875229
56875,-1,bounce_resistance,-0.111,conflict,True,93.39,0.09077231514064567
56990,-1,bounce_resistance,0.333,partial,True,93.19,0.16663680115781243
57008,1,bounce_support,-0.333,conflict,True,96.06,0.29865758751725385
57039,-1,bounce_resistance,0.333,partial,True,81.59,0.3410113013446697
57053,-1,bounce_resistance,0.333,partial,True,75.03,0.43679777934306985
57096,-1,bounce_resistance,0.667,partial,True,95.37,0.11845424742809924
57143,1,bounce_support,-1.0,conflict,True,73.15,0.37709796505164467
57171,1,bounce_support,-1.0,conflict,True,99.46,0.32774983938332136
57233,1,bounce_support,0.111,partial,True,98.85,0.2665648774414441
57236,1,bounce_support,0.111,partial,True,98.86,0.2762570065004411
57260,1,bounce_support,0.111,partial,True,94.03,0.07295264325407912
57273,1,bounce_support,0.111,partial,True,98.05,0.2668187175165043
57291,-1,bounce_resistance,-0.111,conflict,True,85.46,0.37121934334356455
57329,-1,bounce_resistance,-0.111,conflict,True,93.1,0.2905391646309295
57345,-1,bounce_resistance,0.111,partial,True,85.77,0.2092614510259022
57365,1,bounce_support,-0.333,conflict,True,84.75,0.2593242888507994
57417,-1,bounce_resistance,0.333,partial,True,96.94,0.1354844965770385
57426,-1,bounce_resistance,0.333,partial,True,97.48,0.4973690866885898
57443,-1,bounce_resistance,0.667,partial,True,97.26,0.4652839541529048
57513,1,bounce_support,-0.667,conflict,True,82.02,0.28802238799746704
57535,1,bounce_support,-0.444,conflict,True,90.24,0.2634091780484773
57547,-1,bounce_resistance,0.444,partial,True,97.57,0.2338291047161055
57599,1,bounce_support,-0.222,conflict,True,85.45,0.15348647625063577
57640,1,bounce_support,-0.222,conflict,True,97.8,0.022504910893658567
57705,-1,bounce_resistance,0.667,partial,True,96.91,0.2980373315839401
57706,-1,bounce_resistance,0.667,partial,True,86.82,0.4180361931116056
57737,-1,bounce_resistance,0.667,partial,True,94.43,0.34783027942390143
57790,1,bounce_support,-0.222,conflict,True,87.88,0.14208995010482797
57827,1,bounce_support,0.111,partial,True,92.1,0.21722328733806257
57869,-1,bounce_resistance,0.667,partial,True,73.38,0.2311800966324594
57880,-1,bounce_resistance,0.667,partial,True,78.25,0.4612385814993217
57885,-1,bounce_resistance,1.0,full,True,75.15,0.15032768200657914
57891,-1,bounce_resistance,1.0,full,True,76.98,0.35449624635497434
57899,-1,bounce_resistance,1.0,full,True,85.56,0.2737039919473596
57974,-1,bounce_resistance,1.0,full,True,84.99,0.23047960786642827
58051,1,bounce_support,-1.0,conflict,True,92.75,0.21034368065799577
58057,-1,bounce_resistance,1.0,full,True,97.85,0.1391409447192218
58080,1,bounce_support,-0.778,conflict,True,96.63,0.3671896184504097
58102,1,bounce_support,-0.556,conflict,True,95.13,0.07491737694989296
58151,1,bounce_support,-0.556,conflict,True,70.87,0.47792246250542325
58195,1,bounce_support,-0.556,conflict,True,97.03,0.14066517000798942
58221,1,bounce_support,-0.556,conflict,True,97.68,0.26920395807867
58246,-1,bounce_resistance,0.556,partial,True,71.19,0.4082834521170971
58264,-1,bounce_resistance,0.556,partial,True,81.57,0.2841032774595192
58270,-1,bounce_resistance,0.556,partial,True,95.41,0.02841710183482967
58292,1,bounce_support,-0.222,conflict,True,94.75,0.3784838096394375
58328,-1,bounce_resistance,0.778,partial,True,78.99,0.21188204917638875
58337,-1,bounce_resistance,0.778,partial,True,91.41,0.2949360437073688
58342,-1,bounce_resistance,0.778,partial,True,98.82,0.20349438981143314
58353,1,bounce_support,-0.778,conflict,True,83.96,0.46684266777029015
58392,-1,bounce_resistance,1.0,full,True,83.27,0.31492786895989977
58398,-1,bounce_resistance,1.0,full,True,100.0,0.048693289013247994
58445,-1,bounce_resistance,1.0,full,True,80.82,0.11568263554750852
58463,-1,bounce_resistance,1.0,full,True,96.7,0.34431427741335785
58499,1,bounce_support,-1.0,conflict,True,84.18,0.29494969481332023
58556,-1,bounce_resistance,0.778,partial,True,98.06,0.22767964151430448
58615,-1,bounce_resistance,1.0,full,True,96.72,0.26838694021634973
58623,-1,bounce_resistance,1.0,full,True,96.91,0.09035142495425212
58637,-1,bounce_resistance,1.0,full,True,97.98,0.008270670161705693
58647,-1,bounce_resistance,1.0,full,True,97.13,0.026145701045124804
58674,-1,bounce_resistance,1.0,full,True,97.14,0.4790052192518283
58728,1,bounce_support,-0.778,conflict,True,85.26,0.2666191223570463
58734,1,bounce_support,-0.778,conflict,True,98.25,0.12531573834387746
58741,1,bounce_support,-0.556,conflict,True,98.17,0.1579308686810589
58755,1,bounce_support,-0.556,conflict,True,98.15,0.03695866961897508
58782,-1,bounce_resistance,0.778,partial,True,85.33,0.4836735009598413
58882,-1,bounce_resistance,1.0,full,True,83.95,0.24855893900470505
58912,-1,bounce_resistance,1.0,full,True,97.75,0.43152961360286385
58970,-1,bounce_resistance,1.0,full,True,96.59,0.2952929621652404
58999,1,bounce_support,-1.0,conflict,True,85.13,0.24910167186418944
59057,-1,bounce_resistance,1.0,full,True,80.56,0.3282546346185942
59129,-1,bounce_resistance,1.0,full,True,85.46,0.28433813757527765
59132,-1,bounce_resistance,1.0,full,True,96.89,0.3688544007741155
59156,1,bounce_support,-1.0,conflict,True,62.87,0.4224273650086461
59277,1,bounce_support,-0.556,conflict,True,92.11,0.1261329606947658
59282,1,bounce_support,-0.556,conflict,True,86.83,0.34237200648550214
59319,-1,bounce_resistance,1.0,full,True,98.99,0.3115483526216861
59322,-1,bounce_resistance,1.0,full,True,98.63,0.0826729565449136
59325,-1,bounce_resistance,1.0,full,True,97.88,0.3144836441424513
59336,-1,bounce_resistance,1.0,full,True,98.17,0.09129142726129219
59424,-1,bounce_resistance,1.0,full,True,70.21,0.3407551783328192
59475,-1,bounce_resistance,1.0,full,True,97.5,0.37093912169116117
59489,-1,bounce_resistance,1.0,full,True,97.63,0.22027636671223294
59544,1,bounce_support,-1.0,conflict,True,95.89,0.19130990554568658
59569,-1,bounce_resistance,1.0,full,True,90.74,0.38451488037943266
59607,1,bounce_support,-1.0,conflict,True,94.01,0.13139455819751122
59629,-1,bounce_resistance,1.0,full,True,89.47,0.20816779147103265
59673,-1,bounce_resistance,1.0,full,True,98.21,0.08712904484785801
59679,-1,bounce_resistance,1.0,full,True,94.37,0.35194113442867775
59723,-1,bounce_resistance,1.0,full,True,96.1,0.043815801094938246
59738,-1,bounce_resistance,1.0,full,True,95.81,0.023646337377343563
59742,-1,bounce_resistance,1.0,full,True,94.97,0.1300725234654083
59753,1,bounce_support,-1.0,conflict,True,83.32,0.10932379371730738
59762,1,bounce_support,-1.0,conflict,True,95.89,0.031926657227410726
59798,-1,bounce_resistance,1.0,full,True,96.77,0.3004961303801139
59835,-1,bounce_resistance,1.0,full,True,94.97,0.48584212929148973
59877,1,bounce_support,-1.0,conflict,True,98.75,0.3335046917938778
59906,-1,bounce_resistance,1.0,full,True,77.96,0.11939828374990313
59940,-1,bounce_resistance,1.0,full,True,68.82,0.3750265853210324
59958,-1,bounce_resistance,1.0,full,True,87.04,0.48222705248907427
60059,-1,bounce_resistance,1.0,full,True,95.94,0.1627165788620774
60099,1,bounce_support,-1.0,conflict,True,77.73,0.43856842123323164
60106,1,bounce_support,-1.0,conflict,True,86.81,0.4448950488818985
60125,1,bounce_support,-1.0,conflict,True,97.89,0.47269355277878045
60149,-1,bounce_resistance,0.778,partial,True,85.52,0.2407978419794712
60181,-1,bounce_resistance,1.0,full,True,97.46,0.33088561220903656
60257,-1,bounce_resistance,1.0,full,True,92.19,0.19318581527126674
60302,-1,bounce_resistance,1.0,full,True,95.9,0.40463121848501404
60317,-1,bounce_resistance,1.0,full,True,97.92,0.4301037327285867
60351,-1,bounce_resistance,1.0,full,True,74.19,0.46123366272223376
60366,-1,bounce_resistance,1.0,full,True,82.33,0.2771235851371415
60444,1,bounce_support,-0.556,conflict,True,84.94,0.37302008580713575
60497,1,bounce_support,-0.556,conflict,True,89.05,0.2503858908571895
60514,1,bounce_support,-0.556,conflict,True,85.47,0.2772497830864437
60587,1,bounce_support,-0.556,conflict,True,93.85,0.18088770296428067
60605,-1,bounce_resistance,0.556,partial,True,73.51,0.2919413613536983
60617,-1,bounce_resistance,0.556,partial,True,80.53,0.25749567813560936
60655,1,bounce_support,-0.556,conflict,True,79.92,0.36065770723073587
60671,1,bounce_support,-0.556,conflict,True,96.67,0.36126840946896516
60687,-1,bounce_resistance,0.556,partial,True,96.39,0.4658094676387052
60748,-1,bounce_resistance,1.0,full,True,92.97,0.22786824037022876
60807,1,bounce_support,-0.222,conflict,True,87.0,0.3237084955535716
60864,1,bounce_support,0.111,partial,True,94.98,0.3984563192037824
60905,1,bounce_support,0.111,partial,True,85.91,0.35768890100636413
60944,1,bounce_support,0.111,partial,True,83.59,0.18795749150014135
61013,1,bounce_support,0.111,partial,True,95.95,0.29433763958837234
61087,1,bounce_support,0.111,partial,True,84.48,0.2913602314803663
61108,1,bounce_support,0.111,partial,True,94.07,0.3071614740998995
61156,1,bounce_support,0.111,partial,True,96.36,0.11434724494604886
61187,-1,bounce_resistance,-0.111,conflict,True,71.01,0.43730561253708355
61206,-1,bounce_resistance,-0.111,conflict,True,84.43,0.25719741592443734
61234,-1,bounce_resistance,0.111,partial,True,93.76,0.10382313650949038
61373,1,bounce_support,0.111,partial,True,84.69,0.0407716851185347
61385,1,bounce_support,0.111,partial,True,86.57,0.11791690554806508
61387,1,bounce_support,0.111,partial,True,85.16,0.09141588311982161
61388,1,bounce_support,0.111,partial,True,95.76,0.41372630425294166
61416,-1,bounce_resistance,-0.111,conflict,True,78.66,0.3084915386126424
61427,-1,bounce_resistance,-0.111,conflict,True,84.43,0.3547279589794864
61578,1,bounce_support,0.111,partial,True,95.22,0.35610298124405043
61631,1,bounce_support,0.111,partial,True,81.9,0.2717767639424845
61717,1,bounce_support,0.111,partial,True,92.02,0.2046524815118686
61752,-1,bounce_resistance,-0.111,conflict,True,75.42,0.11546378905921718
61766,-1,bounce_resistance,0.111,partial,True,96.76,0.4062874259457216
61816,-1,bounce_resistance,0.111,partial,True,95.76,0.018823337615326955
61832,-1,bounce_resistance,0.111,partial,True,98.44,0.2919181611609511
61839,-1,bounce_resistance,0.333,partial,True,93.68,0.11153254625406912
61935,1,bounce_support,0.111,partial,True,84.16,0.43838825266342196
61983,-1,bounce_resistance,0.333,partial,True,68.61,0.3974443677836477
62069,-1,bounce_resistance,0.333,partial,True,96.36,0.16580447364647247
62134,1,bounce_support,-0.333,conflict,True,96.74,0.3717648209464294
62178,-1,bounce_resistance,1.0,full,True,80.97,0.07417780243112553
62195,-1,bounce_resistance,1.0,full,True,69.0,0.16145571977788925
62201,-1,bounce_resistance,1.0,full,True,78.37,0.20262065201884008
62217,-1,bounce_resistance,1.0,full,True,84.11,0.30674368221994275
62230,-1,bounce_resistance,1.0,full,True,91.52,0.1371521941633341
62286,-1,bounce_resistance,1.0,full,True,86.15,0.13491636712649058
62292,-1,bounce_resistance,1.0,full,True,84.91,0.252818773211016
62296,-1,bounce_resistance,1.0,full,True,85.27,0.2780849574017005
62311,-1,bounce_resistance,1.0,full,True,94.02,0.20187499329831732
62334,-1,bounce_resistance,1.0,full,True,96.57,0.13162914454224067
62361,-1,bounce_resistance,1.0,full,True,88.47,0.25640148619874575
62440,-1,bounce_resistance,1.0,full,True,93.52,0.3124636892185267
62489,1,bounce_support,-1.0,conflict,True,84.87,0.3013784773987144
62540,1,bounce_support,-1.0,conflict,True,83.68,0.28634207145428253
62568,1,bounce_support,-0.778,conflict,True,96.95,0.25042785693032643
62614,1,bounce_support,-0.556,conflict,True,97.64,0.21698447168018306
62655,1,bounce_support,-0.556,conflict,True,86.7,0.011222938616430977
62677,1,bounce_support,-0.556,conflict,True,86.74,0.48013819448731565
62703,1,bounce_support,-0.556,conflict,True,95.3,0.0740340728716435
62706,1,bounce_support,-0.556,conflict,True,89.95,0.25879108601614303
62727,-1,bounce_resistance,0.556,partial,True,94.14,0.020168409398972714
62826,-1,bounce_resistance,1.0,full,True,76.87,0.14089203584329443
62866,-1,bounce_resistance,1.0,full,True,92.63,0.2212671694151751
62876,-1,bounce_resistance,1.0,full,True,96.51,0.35848359480946446
62910,1,bounce_support,-1.0,conflict,True,98.87,0.15121330154402685
63019,-1,bounce_resistance,1.0,full,True,96.69,0.27287943862602304
63035,-1,bounce_resistance,1.0,full,True,97.45,0.4125600350755424
63125,-1,bounce_resistance,1.0,full,True,76.07,0.2868138990208177
63155,-1,bounce_resistance,1.0,full,True,94.07,0.13792995817042542
63181,-1,bounce_resistance,1.0,full,True,86.6,0.26338735361325083
63257,1,bounce_support,-1.0,conflict,True,80.86,0.4470579750957548
63258,1,bounce_support,-1.0,conflict,True,96.2,0.19259566048170887
63328,1,bounce_support,-0.556,conflict,True,96.11,0.288761314259965
63367,-1,bounce_resistance,0.556,partial,True,85.98,0.3554404566009827
63396,1,bounce_support,-0.556,conflict,True,94.65,0.34984449406169527
63451,-1,bounce_resistance,1.0,full,True,73.32,0.2793799822344148
63505,-1,bounce_resistance,1.0,full,True,94.16,0.3352810341821802
63525,1,bounce_support,-1.0,conflict,True,83.84,0.09227255930978036
63552,1,bounce_support,-0.778,conflict,True,72.54,0.447761150877459
63616,1,bounce_support,-0.556,conflict,True,96.4,0.03072708681807911
63634,-1,bounce_resistance,0.556,partial,True,88.36,0.007385305763154737
63701,1,bounce_support,-0.556,conflict,True,94.44,0.26766165096567646
63737,-1,bounce_resistance,0.556,partial,True,85.06,0.4864932348617078
63794,1,bounce_support,-0.556,conflict,True,98.85,0.4179314476511336
63799,1,bounce_support,-0.556,conflict,True,76.9,0.45325711921051864
63829,1,bounce_support,-0.222,conflict,True,88.72,0.22644549732357092
63871,-1,bounce_resistance,-0.111,conflict,True,86.82,0.3158423548632063
63925,-1,bounce_resistance,1.0,full,True,85.12,0.4933466917700249
63927,-1,bounce_resistance,1.0,full,True,97.84,0.3513768269811993
63934,-1,bounce_resistance,1.0,full,True,97.54,0.4541391464483552
63942,-1,bounce_resistance,1.0,full,True,98.05,0.3681918284655677
63984,-1,bounce_resistance,1.0,full,True,96.59,0.25169331015858515
64107,-1,bounce_resistance,1.0,full,True,78.07,0.3557778534009667
64154,-1,bounce_resistance,1.0,full,True,89.33,0.30596884096154825
64187,1,bounce_support,-1.0,conflict,True,72.49,0.07428728602960334
64190,1,bounce_support,-1.0,conflict,True,85.75,0.24503454613637454
64215,1,bounce_support,-1.0,conflict,True,84.3,0.012933278675685639
64253,-1,bounce_resistance,1.0,full,True,83.43,0.48761813590517683
64266,-1,bounce_resistance,1.0,full,True,95.49,0.2373866018864894
64294,1,bounce_support,-1.0,conflict,True,71.76,0.16905048815541954
64304,1,bounce_support,-1.0,conflict,True,72.65,0.2094736996886893
64362,-1,bounce_resistance,1.0,full,True,83.35,0.33990434674952086
64496,-1,bounce_resistance,1.0,full,True,87.09,0.3310593639546702
64545,1,bounce_support,-0.778,conflict,True,85.8,0.10029964700915572
64643,-1,bounce_resistance,1.0,full,True,87.34,0.47092559543987983
64722,-1,bounce_resistance,1.0,full,True,97.67,0.43194310843708744
64761,-1,bounce_resistance,1.0,full,True,90.46,0.282738055761559
64799,1,bounce_support,-1.0,conflict,True,86.37,0.10466224883645764
64823,1,bounce_support,-1.0,conflict,True,97.98,0.13845978364795455
64854,-1,bounce_resistance,1.0,full,True,87.28,0.14424827576291435
64875,-1,bounce_resistance,1.0,full,True,96.74,0.35893413402556484
64894,-1,bounce_resistance,1.0,full,True,83.91,0.1422130326373745
64902,-1,bounce_resistance,1.0,full,True,88.01,0.47651399465324906
64931,1,bounce_support,-0.556,conflict,True,96.46,0.04765721712547813
64960,1,bounce_support,-0.556,conflict,True,98.27,0.3304318248146231
64978,-1,bounce_resistance,0.556,partial,True,86.34,0.03153284645088153
65026,1,bounce_support,-0.556,conflict,True,88.23,0.37102413286381725
65090,1,bounce_support,-0.556,conflict,True,85.01,0.2851748149259654
65104,1,bounce_support,-0.556,conflict,True,95.82,0.4599365800575839
65125,-1,bounce_resistance,0.556,partial,True,81.67,0.39497794192014285
65142,1,bounce_support,-0.556,conflict,True,81.32,0.4866589244235461
65175,-1,bounce_resistance,0.222,partial,True,82.29,0.37508132956531287
65208,1,bounce_support,0.111,partial,True,74.86,0.0591840584503976
65233,1,bounce_support,0.111,partial,True,84.69,0.4698791793940333
65264,1,bounce_support,0.111,partial,True,68.14,0.2867390189712295
65294,1,bounce_support,0.111,partial,True,70.56,0.3395521288695297
65328,1,bounce_support,0.111,partial,True,98.38,0.014052253981812887
65380,-1,bounce_resistance,-0.111,conflict,True,88.05,0.2343421161631898
65386,-1,bounce_resistance,-0.111,conflict,True,96.16,0.3192303123959098
65409,1,bounce_support,0.111,partial,True,78.36,0.29751449822684495
65438,1,bounce_support,0.111,partial,True,91.66,0.22881908580834273
65480,-1,bounce_resistance,-0.111,conflict,True,97.6,0.48051738071547584
65537,-1,bounce_resistance,-0.111,conflict,True,93.53,0.37183319496620987
65580,-1,bounce_resistance,0.333,partial,True,76.93,0.3153248160611598
65582,-1,bounce_resistance,0.333,partial,True,80.91,0.4149209381574289
65614,-1,bounce_resistance,0.333,partial,True,84.36,0.3156608033056171
65646,-1,bounce_resistance,0.333,partial,True,82.22,0.49275859033979086
65656,-1,bounce_resistance,0.333,partial,True,83.29,0.31608248427795704
65725,-1,bounce_resistance,0.667,partial,True,95.38,0.26841531167066646
65755,1,bounce_support,-1.0,conflict,True,84.39,0.4747262578713584
65786,-1,bounce_resistance,1.0,full,True,85.2,0.4290367286034056
65815,1,bounce_support,-1.0,conflict,True,84.66,0.45235356787078584
65826,1,bounce_support,-1.0,conflict,True,98.1,0.08889571642431299
65836,1,bounce_support,-1.0,conflict,True,98.26,0.45569957484371726
65864,1,bounce_support,-1.0,conflict,True,85.96,0.35596020921703125
65895,-1,bounce_resistance,1.0,full,True,68.77,0.46262844402574416
65915,1,bounce_support,-1.0,conflict,True,99.73,0.019205265894461802
65931,-1,bounce_resistance,1.0,full,True,85.7,0.31439288451031716
66036,-1,bounce_resistance,1.0,full,True,89.29,0.46716019663733865
66046,-1,bounce_resistance,1.0,full,True,84.42,0.25011045054469916
66077,1,bounce_support,-1.0,conflict,True,99.0,0.4626090861741801
66134,-1,bounce_resistance,1.0,full,True,96.78,0.0842120065274034
66178,1,bounce_support,-1.0,conflict,True,95.01,0.20919935073568713
66192,-1,bounce_resistance,1.0,full,True,86.89,0.22068344418313723
66215,-1,bounce_resistance,1.0,full,True,98.18,0.15395719425287108
66291,-1,bounce_resistance,1.0,full,True,86.54,0.05597940682814618
66311,-1,bounce_resistance,1.0,full,True,96.0,0.45876503117506656
66327,-1,bounce_resistance,1.0,full,True,97.83,0.2549888582738938
66414,-1,bounce_resistance,1.0,full,True,69.04,0.49960745019844743
66423,-1,bounce_resistance,1.0,full,True,96.77,0.37246996321312564
66455,-1,bounce_resistance,1.0,full,True,94.71,0.11289624429283555
66463,-1,bounce_resistance,1.0,full,True,88.54,0.36525844757910236
66496,1,bounce_support,-0.556,conflict,True,73.08,0.4681738440312582
66513,1,bounce_support,-0.556,conflict,True,92.36,0.06867750968257366
66520,1,bounce_support,-0.556,conflict,True,95.83,0.38243645160822265
66549,-1,bounce_resistance,0.556,partial,True,84.84,0.2861199861896604
66566,-1,bounce_resistance,0.556,partial,True,97.7,0.2510983588510371
66607,1,bounce_support,-0.556,conflict,True,95.88,0.14972059616404784
66655,-1,bounce_resistance,0.556,partial,True,97.21,0.14595912152975235
66677,1,bounce_support,-0.556,conflict,True,85.28,0.03154793169677375
66761,1,bounce_support,-0.222,conflict,True,85.35,0.45796413562451865
66838,-1,bounce_resistance,-0.111,conflict,True,96.28,0.2892617444777952
66842,-1,bounce_resistance,-0.111,conflict,True,97.5,0.006024779298141477
66898,1,bounce_support,0.111,partial,True,97.76,0.1302668719437851
66900,1,bounce_support,0.111,partial,True,91.75,0.3865321928356209
66984,-1,bounce_resistance,0.667,partial,True,96.83,0.4726438902248818
67053,-1,bounce_resistance,1.0,full,True,67.35,0.05669256007961935
67115,1,bounce_support,-1.0,conflict,True,85.97,0.3729537593692244
67120,1,bounce_support,-0.778,conflict,True,87.15,0.22598952631182784
67210,1,bounce_support,-0.556,conflict,True,95.02,0.38755883163281396
67214,1,bounce_support,-0.556,conflict,True,95.89,0.37398364226136666
67267,-1,bounce_resistance,1.0,full,True,85.23,0.36995686083096074
67293,-1,bounce_resistance,1.0,full,True,81.89,0.4936527798360169
67302,-1,bounce_resistance,1.0,full,True,85.99,0.26710187550709535
67313,-1,bounce_resistance,1.0,full,True,85.19,0.23539015074436387
67343,1,bounce_support,-1.0,conflict,True,85.77,0.3137775766440468
67368,1,bounce_support,-1.0,conflict,True,86.0,0.14354669899689457
67377,1,bounce_support,-0.778,conflict,True,85.08,0.1092386932276194
67430,1,bounce_support,-0.222,conflict,True,85.79,0.42590921849676333
67494,1,bounce_support,0.111,partial,True,97.59,0.46202613596398173
67520,-1,bounce_resistance,-0.111,conflict,True,85.73,0.49551607586833185
67547,-1,bounce_resistance,-0.111,conflict,True,81.67,0.36311741205171666
67555,-1,bounce_resistance,-0.111,conflict,True,82.66,0.10845936310033269
67556,-1,bounce_resistance,-0.111,conflict,True,86.2,0.29697006139064325
67593,1,bounce_support,0.111,partial,True,83.09,0.4574241022721856
67620,1,bounce_support,0.111,partial,True,84.25,0.12322214762811923
67625,1,bounce_support,0.111,partial,True,91.48,0.4386636877153885
67699,-1,bounce_resistance,-0.111,conflict,True,84.45,0.21356446728688513
67714,-1,bounce_resistance,-0.111,conflict,True,91.14,0.1517373890787158
67727,1,bounce_support,0.111,partial,True,93.76,0.015448252501852479
67753,-1,bounce_resistance,-0.111,conflict,True,92.03,0.05165381588119474
67771,1,bounce_support,0.111,partial,True,69.63,0.3853820304695581
67859,1,bounce_support,0.111,partial,True,92.87,0.4713398755294781
67886,1,bounce_support,0.111,partial,True,92.87,0.31181181653224027
67954,1,bounce_support,0.111,partial,True,83.16,0.4296470923015083
68015,1,bounce_support,0.556,partial,True,83.51,0.44296903689081574
68034,1,bounce_support,0.556,partial,True,96.06,0.18460817613182418
68052,-1,bounce_resistance,-0.556,conflict,True,95.38,0.14218847388758188
68136,1,bounce_support,1.0,full,True,84.27,0.24258171285386226
68235,-1,bounce_resistance,-0.556,conflict,True,80.45,0.439398067889401
68267,1,bounce_support,0.556,partial,True,93.83,0.28314831343590696
68274,1,bounce_support,0.556,partial,True,98.83,0.1586961494044948
68300,1,bounce_support,0.556,partial,True,97.39,0.014591074735025134
68327,-1,bounce_resistance,-0.556,conflict,True,78.05,0.14910844914892243
68365,-1,bounce_resistance,-0.556,conflict,True,83.8,0.2590085263641527
68403,-1,bounce_resistance,-0.556,conflict,True,88.76,0.32977896462252043
68437,-1,bounce_resistance,-0.556,conflict,True,94.39,0.08156364554697002
68455,1,bounce_support,0.556,partial,True,79.72,0.34406902220659286
68460,1,bounce_support,0.556,partial,True,86.16,0.39991163203426805
68518,-1,bounce_resistance,-0.556,conflict,True,98.9,0.15602310853582385
68520,-1,bounce_resistance,-0.556,conflict,True,84.14,0.39193776450964063
68561,-1,bounce_resistance,-0.556,conflict,True,84.1,0.33826470769094347
68577,-1,bounce_resistance,-0.556,conflict,True,85.93,0.1517751539820562
68586,-1,bounce_resistance,-0.556,conflict,True,97.98,0.29884688759144185
68625,1,bounce_support,1.0,full,True,79.09,0.28925396147713683
68681,1,bounce_support,1.0,full,True,97.08,0.4066174484756907
68724,1,bounce_support,1.0,full,True,96.26,0.294599250940671
68734,1,bounce_support,1.0,full,True,98.15,0.01771742639467202
68772,-1,bounce_resistance,-1.0,conflict,True,98.7,0.48841613786310617
68801,-1,bounce_resistance,-0.778,conflict,True,86.34,0.056805369093158205
68840,1,bounce_support,1.0,full,True,97.74,0.23997560269071894
68868,-1,bounce_resistance,-0.556,conflict,True,78.74,0.36292137757000104
68887,-1,bounce_resistance,-0.556,conflict,True,85.75,0.32204293654356864
68911,1,bounce_support,0.556,partial,True,81.31,0.12794213664083104
68928,1,bounce_support,1.0,full,True,98.52,0.41188814592114675
68950,-1,bounce_resistance,-1.0,conflict,True,85.94,0.27264412307506275
69022,1,bounce_support,1.0,full,True,87.6,0.28663660623106013
69044,-1,bounce_resistance,-1.0,conflict,True,98.81,0.3763647230284937
69070,1,bounce_support,1.0,full,True,84.87,0.48520335668069725
69083,1,bounce_support,1.0,full,True,72.2,0.14662596365664057
69102,1,bounce_support,1.0,full,True,94.25,0.133508951159453
69131,1,bounce_support,1.0,full,True,83.71,0.4101944586162439
69194,1,bounce_support,1.0,full,True,91.87,0.010379990545031855
69195,1,bounce_support,1.0,full,True,91.02,0.0761845617188334
69234,1,bounce_support,1.0,full,True,95.03,0.4313174430247507
69265,1,bounce_support,1.0,full,True,99.24,0.4699292994552558
69275,1,bounce_support,1.0,full,True,92.49,0.4634940687889423
69287,-1,bounce_resistance,-1.0,conflict,True,82.95,0.3121954455515516
69310,-1,bounce_resistance,-1.0,conflict,True,67.11,0.40843812396751844
69402,1,bounce_support,0.556,partial,True,73.01,0.3119719045992617
69422,-1,bounce_resistance,-0.556,conflict,True,90.37,0.17856761776628222
69465,1,bounce_support,0.556,partial,True,97.21,0.3959482056587874
69517,1,bounce_support,1.0,full,True,79.6,0.4266323384200187
69535,1,bounce_support,1.0,full,True,88.43,0.31311021680062895
69541,1,bounce_support,1.0,full,True,95.14,0.1388728920259569
69589,1,bounce_support,1.0,full,True,92.98,0.42473216548336007
69640,1,bounce_support,1.0,full,True,93.16,0.36192124837771755
69672,1,bounce_support,1.0,full,True,95.61,0.33643849186623537
69689,1,bounce_support,1.0,full,True,83.04,0.40630353721239393
69731,-1,bounce_resistance,-1.0,conflict,True,97.65,0.029840208176179515
69744,-1,bounce_resistance,-1.0,conflict,True,96.21,0.2222698562282821
69774,-1,bounce_resistance,-0.556,conflict,True,82.71,0.41378190980624613
69778,-1,bounce_resistance,-0.556,conflict,True,85.57,0.3008279839680443
69780,-1,bounce_resistance,-0.556,conflict,True,83.33,0.3079343102360409
69818,-1,bounce_resistance,-0.556,conflict,True,97.79,0.0649461742728546
69861,1,bounce_support,1.0,full,True,70.77,0.20998986905141023
69871,1,bounce_support,1.0,full,True,83.87,0.11298925831754417
69929,1,bounce_support,1.0,full,True,93.16,0.41351383684593934
70020,-1,bounce_resistance,-0.556,conflict,True,68.64,0.19207779542487707
70024,-1,bounce_resistance,-0.556,conflict,True,85.41,0.4294248238236191
70075,-1,bounce_resistance,-0.556,conflict,True,97.39,0.44292126554607736
70157,1,bounce_support,0.556,partial,True,78.34,0.299935083976547
70187,1,bounce_support,1.0,full,True,92.39,0.23764488427790845
70237,-1,bounce_resistance,-1.0,conflict,True,69.34,0.471572861567512
70276,1,bounce_support,0.778,partial,True,84.71,0.224682393272431
70304,1,bounce_support,1.0,full,True,96.48,0.09937209690395217
70327,1,bounce_support,1.0,full,True,85.53,0.16966319837255417
70411,1,bounce_support,1.0,full,True,99.7,0.09770202546231668
70440,-1,bounce_resistance,-1.0,conflict,True,97.05,0.1021516459746285
70463,1,bounce_support,1.0,full,True,95.76,0.4760292963865707
70510,-1,bounce_resistance,-0.556,conflict,True,68.36,0.4682676020700567
70527,-1,bounce_resistance,-0.556,conflict,True,79.08,0.19164136148621796
70553,-1,bounce_resistance,-0.556,conflict,True,97.95,0.4102959950445813
70581,1,bounce_support,0.556,partial,True,86.98,0.07560061784969721
70642,1,bounce_support,0.556,partial,True,70.34,0.10500258758679142
70664,1,bounce_support,1.0,full,True,81.11,0.4084137170077982
70679,1,bounce_support,1.0,full,True,92.8,0.022956799101008774
70709,1,bounce_support,1.0,full,True,84.9,0.4975332377337139
70763,-1,bounce_resistance,-1.0,conflict,True,86.42,0.02225571781024317
70782,-1,bounce_resistance,-0.778,conflict,True,83.36,0.49977033933577475
70788,-1,bounce_resistance,-0.778,conflict,True,96.51,0.13929723182815243
70852,1,bounce_support,1.0,full,True,91.49,0.3852382277746065
70887,1,bounce_support,1.0,full,True,94.6,0.3252802455343349
70895,1,bounce_support,1.0,full,True,83.8,0.033907127037123695
70938,1,bounce_support,1.0,full,True,93.7,0.11836515641672123
70959,1,bounce_support,1.0,full,True,94.03,0.12348669116206284
71016,1,bounce_support,1.0,full,True,85.36,0.4390969973367843
71033,1,bounce_support,1.0,full,True,84.72,0.4069217265340147
71080,1,bounce_support,1.0,full,True,94.57,0.1910147403952329
71122,1,bounce_support,1.0,full,True,76.85,0.36799189061415166
71164,-1,bounce_resistance,-1.0,conflict,True,86.89,0.1104251607361119
71183,1,bounce_support,1.0,full,True,97.52,0.13586129404706965
71224,-1,bounce_resistance,-1.0,conflict,True,82.17,0.42245224861018216
71256,-1,bounce_resistance,-0.556,conflict,True,97.04,0.43427914250784844
71264,-1,bounce_resistance,-0.556,conflict,True,97.46,0.3990959551519381
71266,-1,bounce_resistance,-0.556,conflict,True,97.15,0.2268276682212555
71312,-1,bounce_resistance,-0.556,conflict,True,97.33,0.3813142073269604
71350,1,bounce_support,1.0,full,True,81.46,0.4235445549510659
71375,1,bounce_support,1.0,full,True,82.77,0.3885761403997878
71402,1,bounce_support,1.0,full,True,85.63,0.04980950433682049
71421,1,bounce_support,1.0,full,True,94.54,0.47271933510940134
71455,-1,bounce_resistance,-1.0,conflict,True,87.03,0.026214266616414194
71476,1,bounce_support,1.0,full,True,93.77,0.24813821535802072
71524,1,bounce_support,1.0,full,True,89.5,0.11713515333911521
71543,1,bounce_support,1.0,full,True,96.03,0.34300705654813224
71585,1,bounce_support,1.0,full,True,95.88,0.41320311486380873
71599,1,bounce_support,1.0,full,True,96.07,0.42904009270514154
71622,-1,bounce_resistance,-1.0,conflict,True,99.37,0.09185168678337616
71656,1,bounce_support,1.0,full,True,82.34,0.01214196085758916
71660,1,bounce_support,1.0,full,True,87.07,0.28304316193030565
71715,1,bounce_support,1.0,full,True,78.42,0.024466188289287465
71836,1,bounce_support,1.0,full,True,84.48,0.14296306022450478
71857,-1,bounce_resistance,-1.0,conflict,True,80.19,0.38474182479179037
71931,-1,bounce_resistance,-1.0,conflict,True,81.15,0.4801493936770205
72000,-1,bounce_resistance,-1.0,conflict,True,94.79,0.31321246591845264
72051,1,bounce_support,1.0,full,True,81.25,0.39636038856819317
72053,1,bounce_support,1.0,full,True,97.08,0.42588693913496395
72070,-1,bounce_resistance,-1.0,conflict,True,72.31,0.48830327475618185
72126,1,bounce_support,0.778,partial,True,96.22,0.33401677168692756
72176,1,bounce_support,1.0,full,True,84.54,0.08466119269330326
72222,1,bounce_support,1.0,full,True,91.25,0.29724684583646144
72231,1,bounce_support,1.0,full,True,88.76,0.17454053737303787
72253,-1,bounce_resistance,-1.0,conflict,True,98.91,0.2632234496641912
72360,1,bounce_support,1.0,full,True,98.96,0.2691213469409929
72377,1,bounce_support,1.0,full,True,96.71,0.23302687470910735
72437,-1,bounce_resistance,-1.0,conflict,True,97.69,0.37851087950831225
72464,1,bounce_support,1.0,full,True,86.85,0.05396180190169031
72503,-1,bounce_resistance,-1.0,conflict,True,85.33,0.325539843237306
72509,-1,bounce_resistance,-0.778,conflict,True,98.56,0.18588229344472504
72537,1,bounce_support,1.0,full,True,79.95,0.36467361458802533
72596,-1,bounce_resistance,-1.0,conflict,True,95.49,0.4360711374094546
72600,-1,bounce_resistance,-1.0,conflict,True,84.52,0.08838689557783223
72618,-1,bounce_resistance,-0.778,conflict,True,85.1,0.12157227632779324
72666,-1,bounce_resistance,-0.556,conflict,True,83.88,0.43225668390000405
72692,1,bounce_support,0.556,partial,True,84.89,0.3421600467486304
72696,1,bounce_support,0.556,partial,True,87.64,0.3809057381172549
72745,-1,bounce_resistance,-0.556,conflict,True,95.46,0.3335187466931239
72759,1,bounce_support,0.556,partial,True,97.58,0.15851930540019185
72790,-1,bounce_resistance,-0.556,conflict,True,93.46,0.4633781159115293
72806,-1,bounce_resistance,-0.556,conflict,True,97.85,0.2781294166874305
72823,-1,bounce_resistance,-0.556,conflict,True,97.13,0.28534504232874586
72875,-1,bounce_resistance,-0.556,conflict,True,82.23,0.31079360079841223
72898,1,bounce_support,0.556,partial,True,82.97,0.4712938085749639
72978,1,bounce_support,1.0,full,True,95.94,0.0973803004449814
73013,1,bounce_support,1.0,full,True,98.21,0.341585120676728
73088,-1,bounce_resistance,-0.556,conflict,True,98.0,0.48027262534737386
73102,-1,bounce_resistance,-0.556,conflict,True,89.41,0.29617759211977923
73134,-1,bounce_resistance,-0.556,conflict,True,97.77,0.4584490002903524
73145,-1,bounce_resistance,-0.556,conflict,True,97.59,0.4356707102093512
73176,-1,bounce_resistance,0.111,partial,True,90.11,0.047711607972394474
73193,-1,bounce_resistance,0.111,partial,True,90.74,0.2011401476667127
73243,-1,bounce_resistance,0.111,partial,True,93.13,0.281461189626529
73265,-1,bounce_resistance,0.111,partial,True,96.62,0.22318777673436274
73324,1,bounce_support,-0.111,conflict,True,97.13,0.32654701184972706
73373,-1,bounce_resistance,0.111,partial,True,94.62,0.3297975042082429
73425,1,bounce_support,-0.111,conflict,True,92.04,0.07081879329900921
73426,1,bounce_support,-0.111,conflict,True,92.33,0.02652077691159716
73431,1,bounce_support,-0.111,conflict,True,96.2,0.2680794416539583
73445,-1,bounce_resistance,0.111,partial,True,81.98,0.036890039818043036
73471,-1,bounce_resistance,0.111,partial,True,96.37,0.2614659359089229
73474,-1,bounce_resistance,0.111,partial,True,94.61,0.16840265091569415
73502,1,bounce_support,0.111,partial,True,95.38,0.38575888908179445
73515,1,bounce_support,0.333,partial,True,92.81,0.2544288387908024
73525,1,bounce_support,0.333,partial,True,95.62,0.09955151251400983
73540,-1,bounce_resistance,0.111,partial,True,65.75,0.42885997247076424
73604,-1,bounce_resistance,0.111,partial,True,84.65,0.06469659814555001
73619,1,bounce_support,-0.111,conflict,True,97.0,0.3362954370359431
73732,-1,bounce_resistance,0.111,partial,True,85.96,0.42874361396061095
73762,1,bounce_support,-0.111,conflict,True,82.58,0.28441887002309746
73785,1,bounce_support,-0.111,conflict,True,97.38,0.2955444682125502
73824,-1,bounce_resistance,0.111,partial,True,85.69,0.07487877187040917
73842,1,bounce_support,-0.111,conflict,True,81.77,0.276024925367624
73843,1,bounce_support,-0.111,conflict,True,97.75,0.19205085720475612
73881,-1,bounce_resistance,0.111,partial,True,98.75,0.2693136539860352
73953,-1,bounce_resistance,0.111,partial,True,85.9,0.39784688636085763
74011,1,bounce_support,-0.111,conflict,True,86.18,0.2306917241443536
74028,-1,bounce_resistance,0.111,partial,True,81.29,0.4986473562258482
74047,-1,bounce_resistance,0.111,partial,True,85.41,0.3160391854242949
74055,-1,bounce_resistance,0.111,partial,True,93.86,0.3816849185492425
74062,-1,bounce_resistance,0.111,partial,True,96.61,0.3016805723091862
74093,1,bounce_support,-0.111,conflict,True,73.25,0.390927714431513
74111,1,bounce_support,-0.111,conflict,True,91.77,0.029324792863627634
74157,1,bounce_support,0.333,partial,True,96.71,0.3930336717868656
74197,-1,bounce_resistance,-0.333,conflict,True,99.35,0.19976752025480146
74218,-1,bounce_resistance,-0.333,conflict,True,98.25,0.4124021743854113
74236,-1,bounce_resistance,0.111,partial,True,98.45,0.19504512350418343
74244,-1,bounce_resistance,0.111,partial,True,98.23,0.19369002588425738
74247,-1,bounce_resistance,0.111,partial,True,99.31,0.011883058473127485
74284,-1,bounce_resistance,0.111,partial,True,85.92,0.132957200716041
74288,-1,bounce_resistance,0.111,partial,True,84.74,0.08406397151732316
74316,1,bounce_support,-0.111,conflict,True,93.67,0.4642648303127418
74317,1,bounce_support,-0.111,conflict,True,94.81,0.050615136614411485
74379,-1,bounce_resistance,0.111,partial,True,88.75,0.1669304641412763
74394,-1,bounce_resistance,0.111,partial,True,84.03,0.0777388045906362
74425,-1,bounce_resistance,0.111,partial,True,96.03,0.20199033959027018
74431,-1,bounce_resistance,0.111,partial,True,96.52,0.32378501833943896
74432,-1,bounce_resistance,0.111,partial,True,97.13,0.09616469104861793
74460,-1,bounce_resistance,0.111,partial,True,92.61,0.34454203692295754
74494,1,bounce_support,-0.111,conflict,True,97.5,0.3677534444726427
74544,-1,bounce_resistance,0.111,partial,True,95.24,0.3894094607196438
74566,-1,bounce_resistance,0.111,partial,True,85.38,0.1240054073142528
74583,-1,bounce_resistance,0.111,partial,True,93.39,0.021565419699895956
74592,-1,bounce_resistance,0.111,partial,True,94.29,0.18682961523751637
74646,1,bounce_support,-0.111,conflict,True,73.67,0.43266909819472976
74710,-1,bounce_resistance,0.111,partial,True,92.45,0.11095324538314581
74730,1,bounce_support,0.333,partial,True,79.91,0.310546285140481
74781,1,bounce_support,0.333,partial,True,84.22,0.15212545092721122
74812,1,bounce_support,0.333,partial,True,95.14,0.3835550988201589
74869,-1,bounce_resistance,0.111,partial,True,85.02,0.47494582854934925
74894,-1,bounce_resistance,0.111,partial,True,96.65,0.4721051007722849
74945,1,bounce_support,-0.111,conflict,True,90.67,0.24816847069748302
74987,1,bounce_support,0.556,partial,True,98.44,0.37809682060720484
75015,1,bounce_support,0.556,partial,True,76.25,0.2337395640686642
75023,1,bounce_support,0.556,partial,True,85.04,0.33862205267081774
75053,1,bounce_support,0.556,partial,True,95.1,0.17329289134339151
75076,-1,bounce_resistance,-0.556,conflict,True,97.43,0.3219765866996379
75104,-1,bounce_resistance,-0.556,conflict,True,83.69,0.2969485437491255
75118,-1,bounce_resistance,-0.556,conflict,True,95.95,0.007109576771379853
75191,-1,bounce_resistance,-0.111,conflict,True,63.71,0.12470114238178936
75292,-1,bounce_resistance,1.0,full,True,95.83,0.13430861646624184
75372,1,bounce_support,-0.778,conflict,True,77.77,0.15503018456837037
75386,1,bounce_support,-0.556,conflict,True,85.1,0.4800711254731893
75387,1,bounce_support,-0.556,conflict,True,85.34,0.35610494867614617
75391,1,bounce_support,-0.556,conflict,True,88.2,0.26966658611717226
75400,1,bounce_support,-0.556,conflict,True,87.0,0.4106664585202276
75461,1,bounce_support,-0.222,conflict,True,77.59,0.36969605115536347
75486,1,bounce_support,0.556,partial,True,84.95,0.2968673079137709
75545,1,bounce_support,0.556,partial,True,96.25,0.27712692631248415
75555,1,bounce_support,0.556,partial,True,97.34,0.3969132334402178
75577,1,bounce_support,1.0,full,True,95.14,0.23933064304829157
75654,1,bounce_support,1.0,full,True,92.26,0.2652930213195087
75708,-1,bounce_resistance,-1.0,conflict,True,94.43,0.03827909257266536
75801,1,bounce_support,1.0,full,True,94.53,0.4975407229384416
75818,1,bounce_support,1.0,full,True,97.94,0.39534398302433615
75823,1,bounce_support,1.0,full,True,97.26,0.37657653354692955
75874,1,bounce_support,1.0,full,True,90.13,0.2247045982797166
75879,1,bounce_support,1.0,full,True,95.58,0.39974685165850093
75941,1,bounce_support,1.0,full,True,85.97,0.22567913943471155
75961,1,bounce_support,1.0,full,True,84.88,0.14488810121464316
75985,1,bounce_support,1.0,full,True,95.21,0.1278240496560306
76015,-1,bounce_resistance,-1.0,conflict,True,86.27,0.2847004511278964
76078,-1,bounce_resistance,-1.0,conflict,True,78.97,0.32586192678591447
76088,-1,bounce_resistance,-1.0,conflict,True,83.09,0.09233100105643571
76127,-1,bounce_resistance,-0.556,conflict,True,87.58,0.4178031299862937
76165,-1,bounce_resistance,-0.556,conflict,True,86.97,0.13749251482740643
76183,-1,bounce_resistance,-0.556,conflict,True,100.0,0.15247783818522437
76196,1,bounce_support,0.556,partial,True,85.03,0.34108631631022
76215,1,bounce_support,0.778,partial,True,84.79,0.43203134527092074
76252,1,bounce_support,1.0,full,True,88.17,0.194362802365123
76294,1,bounce_support,1.0,full,True,82.44,0.4656382234044636
76374,1,bounce_support,1.0,full,True,91.23,0.007612175146324297
76393,-1,bounce_resistance,-1.0,conflict,True,83.81,0.29025480732058134
76398,-1,bounce_resistance,-1.0,conflict,True,87.72,0.08579749272487946
76408,-1,bounce_resistance,-1.0,conflict,True,82.17,0.4771695990293915
76461,-1,bounce_resistance,-0.556,conflict,True,83.5,0.4281927798513312
76504,1,bounce_support,0.556,partial,True,79.31,0.44849210090631175
76534,-1,bounce_resistance,-0.556,conflict,True,83.11,0.17461110306681296
76536,-1,bounce_resistance,-0.556,conflict,True,96.96,0.17435359490365457
76575,1,bounce_support,0.556,partial,True,76.7,0.25262428182261426
76622,-1,bounce_resistance,-0.778,conflict,True,85.84,0.058893404191330094
76643,-1,bounce_resistance,-0.778,conflict,True,97.65,0.3005954060591256
76664,1,bounce_support,0.778,partial,True,92.92,0.2672986356486335
76692,-1,bounce_resistance,-0.556,conflict,True,80.05,0.05403448090531225
76703,-1,bounce_resistance,-0.556,conflict,True,95.86,0.2044268596201336
76768,1,bounce_support,1.0,full,True,86.17,0.20705298033650077
76786,1,bounce_support,1.0,full,True,88.62,0.03010998532755672
76826,1,bounce_support,1.0,full,True,97.25,0.4163847666963027
76850,-1,bounce_resistance,-1.0,conflict,True,85.11,0.4015344848748957
76934,1,bounce_support,1.0,full,True,96.26,0.42439623399502363
77024,1,bounce_support,1.0,full,True,77.45,0.3843508537225268
77136,-1,bounce_resistance,-1.0,conflict,True,82.67,0.4727095959825312
77156,-1,bounce_resistance,-1.0,conflict,True,78.52,0.21541081948201057
77172,-1,bounce_resistance,-1.0,conflict,True,76.92,0.4212292346565822
77174,-1,bounce_resistance,-1.0,conflict,True,79.65,0.26898130676364046
77203,-1,bounce_resistance,-1.0,conflict,True,84.38,0.10795857826976646
77250,-1,bounce_resistance,-0.556,conflict,True,84.29,0.3843065956883588
77276,-1,bounce_resistance,-0.556,conflict,True,96.47,0.42876547018787614
77297,-1,bounce_resistance,-0.556,conflict,True,84.06,0.3180686838011886
77367,1,bounce_support,0.556,partial,True,87.88,0.060903753433914576
77401,1,bounce_support,0.778,partial,True,95.23,0.3462594266201813
77456,1,bounce_support,1.0,full,True,87.27,0.47821068361979285
77469,1,bounce_support,1.0,full,True,99.54,0.3259585557457331
77470,1,bounce_support,1.0,full,True,100.0,0.10909936237021958
77501,1,bounce_support,1.0,full,True,96.01,0.3048773882493696
77519,1,bounce_support,1.0,full,True,93.87,0.05688259389173169
77586,1,bounce_support,1.0,full,True,81.14,0.2676966494397979
77617,1,bounce_support,1.0,full,True,81.28,0.1524785514341047
77627,1,bounce_support,1.0,full,True,84.08,0.18942093496189
77679,-1,bounce_resistance,-0.556,conflict,True,73.2,0.3322761998407818
77697,-1,bounce_resistance,-0.556,conflict,True,97.15,0.3187628595886039
77757,-1,bounce_resistance,-0.556,conflict,True,96.08,0.3827326759500574
77768,-1,bounce_resistance,-0.556,conflict,True,95.15,0.359516818204021
77862,1,bounce_support,0.556,partial,True,95.02,0.4901735008654773
77926,-1,bounce_resistance,0.111,partial,True,71.07,0.20782500554356828
77940,-1,bounce_resistance,0.111,partial,True,85.51,0.4797866133990023
77976,1,bounce_support,-0.111,conflict,True,97.72,0.16288437438288164
78030,1,bounce_support,0.333,partial,True,86.16,0.2863705455183191
78094,-1,bounce_resistance,0.111,partial,True,91.02,0.35334648967855636
78180,-1,bounce_resistance,0.111,partial,True,90.27,0.4799318221748884
78205,1,bounce_support,-0.111,conflict,True,92.96,0.3852097170674494
78230,1,bounce_support,-0.111,conflict,True,90.02,0.22934953150035559
78259,1,bounce_support,0.333,partial,True,83.2,0.4493966359777185
78278,1,bounce_support,0.333,partial,True,82.15,0.4547617895226348
78304,-1,bounce_resistance,-0.111,conflict,True,78.16,0.4215607976848755
78324,1,bounce_support,0.333,partial,True,79.1,0.3481750578792944
78424,-1,bounce_resistance,-0.111,conflict,True,87.24,0.3098052460406588
78450,1,bounce_support,0.333,partial,True,97.13,0.4160556857460997
78458,1,bounce_support,0.333,partial,True,97.98,0.3522875731646686
78490,-1,bounce_resistance,0.111,partial,True,84.77,0.4686190453680424
78558,-1,bounce_resistance,0.111,partial,True,83.7,0.25944136303171356
78594,1,bounce_support,-0.111,conflict,True,86.09,0.05167236377751769
78624,-1,bounce_resistance,0.111,partial,True,69.29,0.4185793360884927
78680,-1,bounce_resistance,0.111,partial,True,84.06,0.09379385605290491
78778,1,bounce_support,0.333,partial,True,73.4,0.42886683840588796
78866,1,bounce_support,1.0,full,True,86.25,0.10141433577404547
78901,1,bounce_support,1.0,full,True,85.4,0.34733794965529197
78973,1,bounce_support,1.0,full,True,93.74,0.0248133854133479
78980,1,bounce_support,1.0,full,True,93.1,0.10783752889882807
79027,-1,bounce_resistance,-1.0,conflict,True,74.61,0.0015104509034020012
79048,-1,bounce_resistance,-0.556,conflict,True,85.31,0.4740659967242066
79101,1,bounce_support,0.556,partial,True,86.53,0.3887579753859261
79124,1,bounce_support,0.556,partial,True,95.86,0.3664091991106704
79125,1,bounce_support,0.556,partial,True,96.02,0.14955354182716626
79143,1,bounce_support,0.556,partial,True,97.05,0.36924122861836256
79196,1,bounce_support,0.556,partial,True,98.62,0.295075714301849
79245,1,bounce_support,1.0,full,True,86.22,0.3484351623767556
79286,-1,bounce_resistance,-1.0,conflict,True,71.84,0.3018626897736746
79296,-1,bounce_resistance,-1.0,conflict,True,87.24,0.13658369238041215
79341,-1,bounce_resistance,-1.0,conflict,True,86.35,0.4495077562276694
79354,1,bounce_support,1.0,full,True,98.78,0.4300850398433341
79365,1,bounce_support,1.0,full,True,97.13,0.03794191719664248
79392,-1,bounce_resistance,-0.778,conflict,True,94.95,0.20531810494766795
79422,-1,bounce_resistance,-0.556,conflict,True,86.68,0.45693580135052503
79469,-1,bounce_resistance,-0.556,conflict,True,99.6,0.06952730178151678
79490,-1,bounce_resistance,-0.556,conflict,True,97.16,0.4370750940149594
79546,1,bounce_support,0.222,partial,True,76.06,0.46367236372844167
79576,1,bounce_support,0.222,partial,True,98.07,0.42538116107441354
79577,1,bounce_support,0.222,partial,True,98.5,0.4216894657437415
79624,-1,bounce_resistance,-0.222,conflict,True,98.02,0.2782009666055341
79657,-1,bounce_resistance,-0.222,conflict,True,85.63,0.02835030625949686
79708,-1,bounce_resistance,0.111,partial,True,93.21,0.3048043581392505
79727,-1,bounce_resistance,0.111,partial,True,98.4,0.23778992619065004
79732,-1,bounce_resistance,0.111,partial,True,97.63,0.24473707876691134
79805,-1,bounce_resistance,0.111,partial,True,84.54,0.22568920731204004
79812,-1,bounce_resistance,0.111,partial,True,87.26,0.06247237381451204
79849,-1,bounce_resistance,0.111,partial,True,95.13,0.48387543847563536
79885,-1,bounce_resistance,0.111,partial,True,83.8,0.2685370422517475
79918,-1,bounce_resistance,0.111,partial,True,94.27,0.18741099553758667
79940,1,bounce_support,-0.111,conflict,True,89.43,0.06899342138439483
79993,1,bounce_support,-0.111,conflict,True,84.3,0.47010552511361353
80010,1,bounce_support,0.111,partial,True,98.12,0.13341891126776492
80059,-1,bounce_resistance,-0.111,conflict,True,97.81,0.11919742312380045
80084,-1,bounce_resistance,0.111,partial,True,97.35,0.38980742848950695
80097,-1,bounce_resistance,0.111,partial,True,76.27,0.3574071750420402
80135,-1,bounce_resistance,0.111,partial,True,92.53,0.37537640850417164
80166,1,bounce_support,-0.111,conflict,True,84.76,0.2729161819239878
80253,-1,bounce_resistance,0.111,partial,True,68.87,0.22529273563977653
80346,-1,bounce_resistance,0.111,partial,True,80.48,0.2418051370147238
80352,-1,bounce_resistance,0.111,partial,True,94.96,0.30180560735013523
80362,-1,bounce_resistance,0.111,partial,True,92.01,0.4654189173831386
80376,-1,bounce_resistance,0.111,partial,True,98.4,0.2391474377769161
80406,1,bounce_support,-0.111,conflict,True,87.19,0.24238310774636823
80433,-1,bounce_resistance,0.111,partial,True,96.1,0.1717472456891194
80515,1,bounce_support,-0.111,conflict,True,98.63,0.22335072808065484
80527,-1,bounce_resistance,0.111,partial,True,81.89,0.3571175711661882
80605,1,bounce_support,0.333,partial,True,91.76,0.34659960383768157
80694,1,bounce_support,0.333,partial,True,74.88,0.409413969364649
80789,1,bounce_support,0.333,partial,True,82.79,0.4296984273689381
80833,1,bounce_support,0.667,partial,True,87.01,0.026841391168578657
80897,-1,bounce_resistance,-0.222,conflict,True,89.62,0.15680585850763287
80954,-1,bounce_resistance,0.111,partial,True,98.83,0.2261294089625066
80980,1,bounce_support,-0.111,conflict,True,82.19,0.12513202299025603
81074,1,bounce_support,0.333,partial,True,90.4,0.2386072745159939
81093,1,bounce_support,0.333,partial,True,93.06,0.12664653739079743
81169,-1,bounce_resistance,0.556,partial,True,95.31,0.2681398414740833
81188,-1,bounce_resistance,0.556,partial,True,97.22,0.27806594838636944
81244,1,bounce_support,-0.333,conflict,True,85.6,0.28402046958620886
81254,1,bounce_support,-0.111,conflict,True,87.97,0.1419970678210526
81358,-1,bounce_resistance,-0.222,conflict,True,96.4,0.45890277527030193
81381,-1,bounce_resistance,0.0,none,True,94.57,0.3080599881711519
81386,-1,bounce_resistance,0.0,none,True,94.69,0.2735401043140799
81404,1,bounce_support,0.222,partial,True,95.93,0.15744787287520404
81412,1,bounce_support,0.222,partial,True,82.9,0.4190033929472468
81439,-1,bounce_resistance,0.222,partial,True,85.5,0.05247239495989856
81459,1,bounce_support,-0.222,conflict,True,97.25,0.012001020000333413
81507,1,bounce_support,0.222,partial,True,96.35,0.11590062690229967
81537,-1,bounce_resistance,0.556,partial,True,87.44,0.4201505718007309
81587,1,bounce_support,-0.556,conflict,True,92.36,0.20114980603890772
81607,1,bounce_support,-0.556,conflict,True,91.49,0.4297416736637608
81634,-1,bounce_resistance,1.0,full,True,85.43,0.3013662128711962
81658,-1,bounce_resistance,1.0,full,True,84.58,0.11226936503981454
81690,-1,bounce_resistance,1.0,full,True,95.01,0.2486916950288395
81709,1,bounce_support,-1.0,conflict,True,97.18,0.03593722047489094
81739,1,bounce_support,-0.556,conflict,True,96.92,0.35733375036784126
81779,1,bounce_support,-0.556,conflict,True,94.91,0.2457684791812666
81781,1,bounce_support,-0.556,conflict,True,93.47,0.32735354021276636
81816,-1,bounce_resistance,0.556,partial,True,84.52,0.31611302419219883
81879,-1,bounce_resistance,0.778,partial,True,85.31,0.316906524839201
81921,-1,bounce_resistance,1.0,full,True,97.95,0.3484129443706744
81928,-1,bounce_resistance,1.0,full,True,98.05,0.01863649007573792
81949,1,bounce_support,-1.0,conflict,True,92.2,0.46902510272892856
81953,1,bounce_support,-1.0,conflict,True,84.59,0.18514325539046284
81976,-1,bounce_resistance,1.0,full,True,84.86,0.22282085697051374
82037,-1,bounce_resistance,1.0,full,True,95.82,0.4191219897610409
82059,-1,bounce_resistance,1.0,full,True,95.29,0.3062961449971322
82088,-1,bounce_resistance,1.0,full,True,94.97,0.47135330922896224
82094,-1,bounce_resistance,1.0,full,True,100.0,0.06365577950106333
82118,-1,bounce_resistance,1.0,full,True,91.76,0.3585322203147749
82160,-1,bounce_resistance,1.0,full,True,85.23,0.3883630323892791
82278,1,bounce_support,-1.0,conflict,True,85.89,0.25085074993705364
82358,-1,bounce_resistance,0.778,partial,True,83.09,0.2437927077366058
82367,-1,bounce_resistance,0.778,partial,True,95.56,0.25349261896845987
82416,-1,bounce_resistance,0.778,partial,True,96.95,0.378287559379518
82438,-1,bounce_resistance,1.0,full,True,89.47,0.27108031633260965
82515,-1,bounce_resistance,1.0,full,True,94.37,0.4564833766025108
82620,1,bounce_support,-1.0,conflict,True,99.33,0.09124635615571385
82684,-1,bounce_resistance,1.0,full,True,81.4,0.20830423150497013
82688,-1,bounce_resistance,1.0,full,True,87.31,0.4773674990618789
82713,1,bounce_support,-0.556,conflict,True,75.8,0.47597378517350264
82781,-1,bounce_resistance,0.556,partial,True,99.03,0.10063260994212525
82805,1,bounce_support,-0.556,conflict,True,83.8,0.3215106014515135
82869,1,bounce_support,-0.556,conflict,True,71.34,0.2855051506636157
82883,1,bounce_support,-0.556,conflict,True,92.8,0.36318351006705835
82906,-1,bounce_resistance,0.556,partial,True,76.96,0.28150510789041244
82921,-1,bounce_resistance,0.556,partial,True,85.56,0.05979385885905535
82935,-1,bounce_resistance,0.556,partial,True,87.95,0.2870199437907354
82936,-1,bounce_resistance,0.556,partial,True,95.41,0.2948010452857504
82985,-1,bounce_resistance,0.444,partial,True,83.78,0.3380628238083017
82989,-1,bounce_resistance,0.778,partial,True,94.77,0.19609889294018915
83017,-1,bounce_resistance,1.0,full,True,95.59,0.029371977474840064
83068,-1,bounce_resistance,1.0,full,True,94.02,0.33286373382041756
83137,1,bounce_support,-1.0,conflict,True,77.88,0.29058627484202115
83155,1,bounce_support,-0.556,conflict,True,86.52,0.09892840623071811
83194,1,bounce_support,-0.556,conflict,True,90.55,0.08951714150452834
83247,-1,bounce_resistance,0.556,partial,True,96.0,0.3833043625537244
83316,1,bounce_support,0.111,partial,True,84.09,0.049931297207398355
83342,1,bounce_support,0.111,partial,True,95.24,0.42346933086233773
83387,1,bounce_support,0.111,partial,True,82.37,0.4836608538316047
83391,1,bounce_support,0.111,partial,True,86.08,0.09553290178083242
83435,1,bounce_support,0.111,partial,True,96.18,0.08786256056428941
83492,1,bounce_support,0.111,partial,True,91.1,0.41766131073227475
83502,1,bounce_support,0.111,partial,True,93.46,0.20972014813053852
83535,1,bounce_support,0.111,partial,True,88.91,0.1881177668314583
83595,-1,bounce_resistance,-0.111,conflict,True,86.59,0.2161067821927589
83608,-1,bounce_resistance,-0.111,conflict,True,85.37,0.388677212387685
83643,-1,bounce_resistance,-0.111,conflict,True,91.59,0.3513292931906673
83656,-1,bounce_resistance,-0.111,conflict,True,94.26,0.30756486957946916
83712,-1,bounce_resistance,0.111,partial,True,85.44,0.19457084320276555
83783,1,bounce_support,0.111,partial,True,97.97,0.23159957011508697
83810,1,bounce_support,0.111,partial,True,90.66,0.37101296410483325
83907,1,bounce_support,0.111,partial,True,93.44,0.0805501369134478
83940,1,bounce_support,0.111,partial,True,87.42,0.1986814980026552
83947,1,bounce_support,0.111,partial,True,96.94,0.12473000533266775
83995,-1,bounce_resistance,-0.111,conflict,True,85.49,0.2520275170224755
84052,-1,bounce_resistance,0.333,partial,True,84.38,0.2481708719240806
84074,-1,bounce_resistance,0.333,partial,True,93.88,0.49609510475916113
84156,1,bounce_support,0.111,partial,True,94.68,0.49827228224412917
84185,-1,bounce_resistance,-0.111,conflict,True,72.67,0.013540886103258388
84211,1,bounce_support,0.111,partial,True,84.39,0.270714772371171
84252,-1,bounce_resistance,-0.111,conflict,True,97.94,0.31842907732250564
84280,1,bounce_support,0.111,partial,True,85.95,0.33348238459549845
84336,1,bounce_support,0.556,partial,True,95.76,0.4570757647499093
84337,1,bounce_support,0.556,partial,True,85.33,0.0019313246928335265
84375,1,bounce_support,0.556,partial,True,84.56,0.06206849466453211
84396,1,bounce_support,0.556,partial,True,85.44,0.005613154996910727
84414,1,bounce_support,0.556,partial,True,96.71,0.4405162673442478
84448,-1,bounce_resistance,-0.111,conflict,True,85.03,0.30200583603212283
84543,1,bounce_support,-0.556,conflict,True,85.58,0.23952871869971168
84565,1,bounce_support,-0.556,conflict,True,85.2,0.059754159147932084
84599,-1,bounce_resistance,0.556,partial,True,95.06,0.3867093419391255
84628,1,bounce_support,0.222,partial,True,97.79,0.24507766514904228
84639,1,bounce_support,0.222,partial,True,83.24,0.004549505915680892
84698,-1,bounce_resistance,-0.444,conflict,True,86.21,0.2688490327970873
84724,-1,bounce_resistance,0.111,partial,True,97.17,0.2901813744817867
84759,-1,bounce_resistance,0.556,partial,True,95.09,0.4292427105689583
84767,-1,bounce_resistance,0.556,partial,True,95.18,0.20383913812842197
84828,-1,bounce_resistance,0.556,partial,True,98.7,0.16574755497860932
84833,-1,bounce_resistance,0.556,partial,True,97.29,0.05511173601499071
84878,-1,bounce_resistance,0.556,partial,True,94.6,0.3654243419861677
84891,-1,bounce_resistance,0.556,partial,True,94.11,0.017506651792096522
84898,-1,bounce_resistance,0.556,partial,True,92.05,0.012371800198416381
85001,1,bounce_support,-0.556,conflict,True,83.22,0.1621430231409886
85025,1,bounce_support,-0.111,conflict,True,95.68,0.16099625663139627
85055,-1,bounce_resistance,0.333,partial,True,70.34,0.2733864222599951
85072,-1,bounce_resistance,0.556,partial,True,84.75,0.005897225006641899
85096,-1,bounce_resistance,0.556,partial,True,85.46,0.10245205409930366
85149,-1,bounce_resistance,0.556,partial,True,90.38,0.28254997448269187
85197,-1,bounce_resistance,1.0,full,True,97.58,0.4713524285201409
85214,-1,bounce_resistance,1.0,full,True,85.08,0.21465692335054848
85229,1,bounce_support,-1.0,conflict,True,80.9,0.013733260254098458
85261,-1,bounce_resistance,1.0,full,True,97.54,0.29306001515759356
85274,-1,bounce_resistance,1.0,full,True,84.32,0.3541609725074838
85356,1,bounce_support,-1.0,conflict,True,95.93,0.37528272659285006
85390,-1,bounce_resistance,1.0,full,True,88.46,0.11721939985756223
85408,-1,bounce_resistance,1.0,full,True,85.66,0.035425723016352106
85411,-1,bounce_resistance,1.0,full,True,94.36,0.05695392112380164
85496,-1,bounce_resistance,1.0,full,True,96.99,0.04426160986039396
85543,-1,bounce_resistance,1.0,full,True,82.87,0.18124430611960793
85630,-1,bounce_resistance,1.0,full,True,96.34,0.09270771302908533
85686,1,bounce_support,-1.0,conflict,True,91.43,0.40164717116502485
85695,1,bounce_support,-1.0,conflict,True,91.41,0.3631816592025513
85718,-1,bounce_resistance,1.0,full,True,95.02,0.42779906036907156
85757,-1,bounce_resistance,1.0,full,True,84.38,0.4808517229013924
85840,-1,bounce_resistance,1.0,full,True,92.37,0.37411052536966954
