symbol,tf,side,lots,entry_time,entry_price,exit_time,exit_price,stop_price,target_price,exit_reason,bars_held,gross_ccy,spread_ccy,slippage_ccy,swap_ccy,net_ccy,net_acct,r_multiple,mae_r,mfe_r,tag
XAUUSD.a,15m,1,0.26,2020-01-06 08:45:00,1574.8855597767024,2020-01-06 09:15:00,1571.4947632897636,1571.5655036132027,1580.6689927735943,stop,2,-88.16070866040945,-6.24,-1.83924840941948,0.0,-88.16070866040945,-126.93029926919122,-1.0213069658931915,1.113101584645142,0.1248292808579181,bounce_support
XAUUSD.a,15m,1,0.38,2020-01-06 14:30:00,1576.8777771684984,2020-01-06 15:15:00,1574.5732277240622,1574.6307208212877,1579.536762589928,stop,3,-87.57287888857309,-9.12,-2.1847376945632884,0.0,-87.57287888857309,-126.1075686369729,-1.025585961516643,1.1560801186508214,0.3703613541043268,bounce_support
XAUUSD.a,15m,-1,0.27,2020-01-06 22:30:00,1566.168958054785,2020-01-07 03:45:00,1560.346057311801,1569.2769713440996,1560.106057311801,target,17,157.21832006057002,-6.4799999999999995,-0.0,8.1621,165.38042006057003,238.56844877610288,1.9707768831113397,0.22234201751669802,3.1077595736133445,bounce_resistance
XAUUSD.a,15m,-1,0.35,2020-01-07 06:00:00,1558.9853676882358,2020-01-07 07:30:00,1561.7391469140707,1561.4529957512007,1554.1540084975986,stop,6,-96.38227290422265,-8.4,-1.6152907004519075,0.0,-96.38227290422265,-139.4298424677005,-1.1159620313793328,1.6066571665588538,0.41958012383427595,bounce_resistance
XAUUSD.a,15m,1,0.27,2020-01-07 15:00:00,1565.4404540364267,2020-01-07 16:30:00,1570.0844712990936,1562.3921969264313,1570.0844712990936,target,6,125.38846609200688,-6.4799999999999995,-0.0,0.0,125.38846609200688,182.62761235690945,1.523499198095534,0.2625940029146012,1.6893410817242729,bounce_support
XAUUSD.a,15m,1,0.36,2020-01-07 22:15:00,1570.5427609477001,2020-01-07 23:30:00,1573.6571140939598,1568.1757771541093,1573.6571140939598,target,5,112.11671326534724,-8.64,-0.0,0.0,112.11671326534724,163.23556179801298,1.315747558007137,0.35604846555436304,2.8590136825708914,bounce_support
XAUUSD.a,15m,1,0.15,2020-01-08 08:30:00,1593.5112048895064,2020-01-08 09:00:00,1587.8096727696998,1587.9184535834236,1595.1627331887203,stop,2,-85.52298179709965,-3.5999999999999996,-1.6317122058552571,0.0,-85.52298179709965,-124.27234019253353,-1.019450321991876,1.0730326740935776,0.2930212735744698,bounce_support
XAUUSD.a,15m,-1,0.22,2020-01-08 14:15:00,1578.8412870362283,2020-01-08 14:45:00,1576.2512909836064,1582.6876008832614,1576.0112909836064,target,2,56.979913157682404,-5.279999999999999,-0.0,0.0,56.979913157682404,83.02962894192056,0.6733709612957718,0.3116524057692997,1.3860769683006138,bounce_resistance
XAUUSD.a,15m,-1,0.22,2020-01-08 22:00:00,1554.0114471276047,2020-01-08 22:45:00,1558.1509860529156,1557.8043854366697,1546.6612291266604,stop,3,-91.06985635684077,-5.279999999999999,-2.3452135574093966,0.0,-91.06985635684077,-132.64467768303416,-1.0913805045069114,2.135165988078408,0.20866332724503797,bounce_resistance
XAUUSD.a,15m,-1,0.22,2020-01-09 03:15:00,1558.6956990089463,2020-01-09 08:15:00,1553.2564926931109,1562.5483197249348,1553.0164926931109,target,20,119.66253894838019,-5.279999999999999,-0.0,0.0,119.66253894838019,174.03181975942084,1.411819827802579,0.7019380287892968,2.0779878423335285,bounce_resistance
XAUUSD.a,15m,-1,0.42,2020-01-09 13:45:00,1547.8028564767428,2020-01-09 14:15:00,1550.130429975632,1549.8266596534602,1543.8666806930794,stop,2,-97.75808695334854,-10.08,-2.6783535312158953,0.0,-97.75808695334854,-142.4858064588444,-1.1500987475791025,2.197418985412656,0.6684723555662775,bounce_resistance
XAUUSD.a,15m,-1,0.27,2020-01-09 19:15:00,1551.4694233745645,2020-01-09 20:15:00,1554.8800488844383,1554.5627285934504,1545.4645428130991,stop,4,-92.08688876659403,-6.4799999999999995,-2.0876478566747076,0.0,-92.08688876659403,-134.38436886770378,-1.102582922968792,1.1801540317286232,0.7368892538142054,bounce_resistance
XAUUSD.a,15m,-1,0.36,2020-01-09 23:15:00,1550.924859686704,2020-01-10 01:00:00,1553.5880752909252,1553.2971386646616,1546.3457226706769,stop,3,-95.875761751965,-8.64,-1.8337185454892662,10.8828,-84.992961751965,-124.01757073521514,-0.995209933636818,1.2456967923057347,0.01890995414984928,bounce_resistance
XAUUSD.a,15m,1,0.36,2020-01-10 01:30:00,1552.912322754553,2020-01-10 02:15:00,1550.5422217948435,1550.5883901394604,1556.7132197210794,stop,3,-85.3236345495452,-8.64,-1.6620604062116036,0.0,-85.3236345495452,-124.40205075239507,-1.0198664730281364,1.0466408271722218,0.011909659198901995,bounce_support
XAUUSD.a,15m,-1,0.58,2020-01-10 06:45:00,1546.886337498734,2020-01-10 07:30:00,1548.6175434188888,1548.3437726926052,1546.1148858447489,stop,3,-100.40994336897302,-13.919999999999998,-1.958702124448509,0.0,-100.40994336897302,-145.96802303998172,-1.1878441850690025,1.1346387875220658,0.23763492208129766,bounce_resistance
XAUUSD.a,15m,-1,0.68,2020-01-10 08:00:00,1548.3373130859118,2020-01-10 09:00:00,1549.8395922458533,1549.563581088265,1546.1948,stop,4,-102.1549828760226,-16.32,-2.4487587159991073,0.0,-102.1549828760226,-148.5285743639283,-1.2250822471585616,1.0704731034074697,1.7266316024299928,bounce_resistance
XAUUSD.a,15m,1,0.29,2020-01-10 21:15:00,1558.5133520585143,2020-01-13 03:00:00,1555.6504797216653,1555.6951821972132,1563.2996356055737,stop,19,-83.02329776862166,-6.959999999999999,-1.296371790886049,-24.046799999999998,-107.07009776862165,-154.9001732713487,-1.3100957424703925,1.4915183489236816,1.638172348970569,bounce_support
XAUUSD.a,15m,1,0.5,2020-01-13 07:30:00,1556.1601099672466,2020-01-13 08:15:00,1554.4857433309585,1554.5166802832402,1556.772735042735,stop,3,-83.71833181440707,-12.0,-1.5468476140861387,0.0,-83.71833181440707,-121.0432187473354,-1.0188246279003217,1.3691549989295506,0.17639332888689277,bounce_support
XAUUSD.a,15m,-1,0.46,2020-01-13 13:30:00,1550.8929181849028,2020-01-13 13:45:00,1552.9462528541735,1552.6647817545738,1547.4304364908526,stop,1,-94.45339478645337,-11.04,-1.907670581588654,0.0,-94.45339478645337,-136.89096187836546,-1.1588559663495661,1.7253483097825821,0.24997307495010365,bounce_resistance
XAUUSD.a,15m,-1,0.52,2020-01-13 15:00:00,1554.9225599664776,2020-01-13 16:30:00,1552.1329782395112,1556.4935108802445,1551.8929782395112,target,6,145.05824980225225,-12.48,-0.0,0.0,145.05824980225225,210.25067731835438,1.7757281290714946,0.7813357010495715,3.2226086264774256,bounce_resistance
XAUUSD.a,15m,-1,0.48,2020-01-14 06:45:00,1539.0356479603877,2020-01-14 09:00:00,1541.0251513839976,1540.7410072611715,1535.6979854776569,stop,9,-95.49616433327537,-11.52,-2.1189178956476553,0.0,-95.49616433327537,-138.29000699916787,-1.1666183323921795,1.515429644899114,1.692105563362099,bounce_resistance
XAUUSD.a,15m,1,0.38,2020-01-14 14:00:00,1543.419249781975,2020-01-14 16:45:00,1546.9262923098347,1541.2468538450828,1546.9262923098347,target,11,133.26761605867114,-9.12,-0.0,0.0,133.26761605867114,192.9652868521077,1.6143661789742547,0.6302947629030513,1.666708244356649,bounce_support
XAUUSD.a,15m,1,0.28,2020-01-14 17:30:00,1543.3266616856663,2020-01-14 20:30:00,1545.8079784946235,1540.429638367756,1545.8079784946235,target,12,69.47687065080208,-6.720000000000001,-0.0,0.0,69.47687065080208,100.67360843158015,0.8565056392943088,0.806573309652144,1.9031045695243776,bounce_support
XAUUSD.a,15m,1,0.53,2020-01-15 07:30:00,1552.6309482015654,2020-01-15 08:15:00,1551.0364460675746,1551.071045556736,1554.9679088865278,stop,3,-84.50861310151095,-12.719999999999999,-1.8337729255507376,0.0,-84.50861310151095,-122.50643361626913,-1.0221805439435745,1.4878801630721146,0.8199561701330079,bounce_support
XAUUSD.a,15m,1,0.41,2020-01-15 11:15:00,1552.385436099372,2020-01-15 14:45:00,1550.3539679917676,1550.3876516783705,1555.5846966432587,stop,14,-83.29019241178435,-9.84,-1.3810311507147883,0.0,-83.29019241178435,-120.87158589972768,-1.0168605212097968,1.1089465290060223,0.6429942525950578,bounce_support
XAUUSD.a,15m,1,0.44,2020-01-16 01:45:00,1556.2642736484588,2020-01-16 02:00:00,1556.5257333333334,1554.4032138009352,1556.5257333333334,target,1,11.504226134481542,-10.559999999999999,-0.0,0.0,11.504226134481542,16.638549845942467,0.1404896705619039,0.19036123364336519,0.9756410326928356,bounce_support
XAUUSD.a,15m,1,0.44,2020-01-16 03:15:00,1556.9940645060258,2020-01-16 07:15:00,1555.0845220517472,1555.1106291627107,1557.7781420765027,stop,16,-84.01986798825874,-10.559999999999999,-1.1487128823935622,0.0,-84.01986798825874,-121.64627834232252,-1.0138614320136639,1.409161464154289,0.3110993409217957,bounce_support
XAUUSD.a,15m,1,0.44,2020-01-16 16:30:00,1553.5588943507066,2020-01-16 16:30:00,1551.6402327918886,1551.6835743179483,1556.5328513641032,stop,0,-84.42110858799333,-10.559999999999999,-1.9070271466318522,0.0,-84.42110858799333,-122.19889786204435,-1.0231115357926404,1.5244834485672416,0.15522985101647854,bounce_support
XAUUSD.a,15m,-1,0.4,2020-01-16 21:45:00,1551.874016182764,2020-01-16 22:45:00,1554.167929169393,1553.8919672861641,1547.916065427672,stop,4,-91.75651946515245,-9.6,-1.4384753291547892,0.0,-91.75651946515245,-132.98431761087633,-1.1367535034737994,1.0485803217286667,0.2943659941825411,bounce_resistance
XAUUSD.a,15m,1,0.51,2020-01-17 09:45:00,1555.0302018896111,2020-01-17 14:15:00,1557.492019158407,1553.4389904207965,1557.492019158407,target,18,125.55268070858642,-12.24,-0.0,0.0,125.55268070858642,182.16633398419432,1.5471339397960016,0.5971562600155459,2.607948843832949,bounce_support
XAUUSD.a,15m,1,0.33,2020-01-17 16:00:00,1555.6302671752703,2020-01-17 19:15:00,1559.7248023868392,1553.1925988065802,1559.7248023868392,target,13,135.1196619817731,-7.92,-0.0,0.0,135.1196619817731,196.4433973245905,1.679693293870462,0.6482699597564799,1.6859277814472011,bounce_support
XAUUSD.a,15m,1,0.4,2020-01-20 01:15:00,1557.5449588111105,2020-01-20 07:30:00,1560.8072712331411,1555.5163643834294,1560.8072712331411,target,25,130.49249688122472,-9.6,-0.0,0.0,130.49249688122472,189.5178227887949,1.608163947171907,0.5890575241678834,1.855985177477402,bounce_support
XAUUSD.a,15m,1,0.62,2020-01-20 12:30:00,1559.8366722448388,2020-01-20 15:00:00,1558.4838038287317,1558.5074374367093,1561.6951251265812,stop,10,-83.87784179864548,-14.879999999999999,-1.4652836946146985,0.0,-83.87784179864548,-122.24773993069167,-1.0177798593846101,1.1936734090431982,0.6043535350174121,bounce_support
XAUUSD.a,15m,1,0.58,2020-01-20 16:45:00,1560.1668141037571,2020-01-21 03:15:00,1562.2439541727606,1558.7430229136198,1562.2439541727606,target,23,120.47412400220081,-13.919999999999998,-0.0,-48.093599999999995,72.38052400220081,105.51096793323732,0.8764909332548357,0.5807130353696587,5.45247501882229,bounce_support
XAUUSD.a,15m,1,0.43,2020-01-21 07:00:00,1566.8329292978372,2020-01-21 09:00:00,1564.8610603138554,1564.897485361211,1569.8850292775778,stop,8,-84.79036631121403,-10.32,-1.5662770362916696,0.0,-84.79036631121403,-123.65339037087693,-1.0188199961085282,1.427542924675743,0.2051574290780212,bounce_support
XAUUSD.a,15m,-1,0.4,2020-01-21 13:30:00,1555.3637809967815,2020-01-21 14:15:00,1557.6850077232195,1557.3931677723788,1551.3236644552421,stop,3,-92.84906905751996,-9.6,-2.0735980336299478,0.0,-92.84906905751996,-135.24794840209168,-1.143806963931201,1.2251085072172567,0.12505304549792254,bounce_resistance
XAUUSD.a,15m,-1,0.35,2020-01-21 14:30:00,1557.215737173289,2020-01-21 15:15:00,1552.850500973136,1559.569749513432,1552.610500973136,target,3,152.78326700535672,-8.4,-0.0,0.0,152.78326700535672,222.47290426699195,1.8543811881154961,0.26943904069440366,2.024516648455324,bounce_resistance
XAUUSD.a,15m,-1,0.24,2020-01-21 17:45:00,1557.0403547308354,2020-01-22 04:45:00,1550.5293715802159,1560.490314209892,1550.2893715802159,target,40,156.26359561486788,-5.76,-0.0,21.7656,178.0291956148679,260.16629735180686,2.1501363119337156,0.8607768546825649,1.9856333885720236,bounce_resistance
XAUUSD.a,15m,1,0.36,2020-01-22 17:30:00,1555.9286089038953,2020-01-23 01:15:00,1559.7049639668421,1553.622518016579,1559.7049639668421,target,27,135.94878226608398,-8.64,-0.0,-29.8512,106.09758226608398,155.08168250078052,1.2779873851271164,0.4590490815942713,2.4506367581554707,bounce_support
XAUUSD.a,15m,1,0.41,2020-01-23 08:15:00,1557.7590029760518,2020-01-23 08:15:00,1555.6785238026916,1555.7220282667693,1561.0259434664615,stop,0,-85.29964610776483,-9.84,-1.7836830271826951,0.0,-85.29964610776483,-124.27285669628759,-1.0213573903884834,1.1433637174965499,0.010307945333110052,bounce_support
XAUUSD.a,15m,1,0.37,2020-01-23 08:30:00,1555.9295884777625,2020-01-23 09:45:00,1553.653675615924,1553.7008086442208,1559.5483827115586,stop,5,-84.20877588802841,-8.879999999999999,-1.7439220469830454,0.0,-84.20877588802841,-122.53718061149927,-1.0211474581686313,1.1170185768445078,0.6731986262874894,bounce_support
XAUUSD.a,15m,-1,0.53,2020-01-23 15:30:00,1556.5111528325945,2020-01-23 16:30:00,1558.3708960343727,1558.070935551178,1553.5081288976437,stop,4,-98.56638969424466,-12.719999999999999,-3.1779056093169,0.0,-98.56638969424466,-143.6241617040343,-1.1923091464091644,4.910201322374134,1.2380909274005436,bounce_resistance
XAUUSD.a,15m,1,0.35,2020-01-24 01:30:00,1562.3987244461753,2020-01-24 03:15:00,1560.0086714879135,1560.0480273793305,1566.3239452413393,stop,7,-83.65185353916218,-8.4,-1.3774561995966972,0.0,-83.65185353916218,-122.24620195993246,-1.0167422216890936,1.2118637004975858,0.0,bounce_support
XAUUSD.a,15m,1,0.37,2020-01-24 03:30:00,1560.666291742306,2020-01-24 10:30:00,1558.4271138345362,1558.457394765265,1564.2852104694703,stop,28,-82.84958258748156,-8.879999999999999,-1.1203944369707803,0.0,-82.84958258748156,-120.89534888002562,-1.0137086206570913,1.37910086978656,0.9478523803762139,bounce_support
XAUUSD.a,15m,-1,0.72,2020-01-24 11:45:00,1560.168601694962,2020-01-24 11:45:00,1561.5692589376254,1561.2971614800683,1557.9456770398635,stop,0,-100.84732147175964,-17.28,-2.3110169441046167,0.0,-100.84732147175964,-147.47425744959952,-1.2411015004680601,1.1531496356796227,0.12281289550735562,bounce_resistance
XAUUSD.a,15m,-1,0.6,2020-01-24 12:00:00,1561.2677301453218,2020-01-24 12:00:00,1562.8818617005843,1562.608456918567,1558.6530861628657,stop,0,-96.84789331574848,-14.399999999999999,-2.004286921033343,0.0,-96.84789331574848,-141.48086032131314,-1.203922818185724,1.2696620136538594,0.0,bounce_resistance
XAUUSD.a,15m,-1,0.61,2020-01-24 12:15:00,1562.4274208492275,2020-01-24 13:00:00,1560.0790145321853,1563.7554927339074,1559.8390145321853,target,3,143.25278533957362,-14.639999999999999,-0.0,0.0,143.25278533957362,209.18312160797527,1.7682825335980337,0.08476886836560016,2.8668785877845058,bounce_resistance
XAUUSD.a,15m,1,0.24,2020-01-24 21:45:00,1574.2458477612877,2020-01-24 22:00:00,1570.7812425439824,1570.8516376400619,1580.1767247198763,stop,1,-83.15052521532562,-5.76,-1.6894823059044035,0.0,-83.15052521532562,-121.8804878344922,-1.0207397578715647,1.3923262239230454,0.010061910574929623,bounce_support
XAUUSD.a,15m,1,0.25,2020-01-24 22:45:00,1572.2949956088646,2020-01-27 01:00:00,1580.67,1569.1431454811661,1577.7437090376677,target_gap,5,209.37510977838656,-6.0,-0.0,-20.73,188.64510977838657,277.3703313803249,2.3940873091721215,0.6583420926742384,5.1128714051206625,bounce_support
XAUUSD.a,15m,1,0.19,2020-01-27 01:45:00,1584.4430780510934,2020-01-27 02:00:00,1580.0544407087132,1580.151449422736,1592.1471011545282,stop,1,-83.38410950522393,-4.56,-1.8431655664330742,0.0,-83.38410950522393,-122.37174861347803,-1.0226041725469635,1.3288843338889482,0.09714772293009462,bounce_support
XAUUSD.a,15m,1,0.32,2020-01-27 07:30:00,1579.1822458691497,2020-01-27 10:15:00,1576.649872255662,1576.699240906158,1583.3615181876844,stop,11,-81.03595563160343,-7.68,-1.579796815862634,0.0,-81.03595563160343,-119.41462052077544,-1.0198826225608195,1.3218845383195714,0.7079140626172601,bounce_support
XAUUSD.a,15m,1,0.23,2020-01-27 20:15:00,1579.8750674617716,2020-01-28 14:00:00,1576.3894566527501,1576.4337086924206,1585.8757534246577,stop,67,-80.16904860749241,-5.52,-1.0177969124230088,-19.0716,-99.24064860749242,-146.92523296689973,-1.253810223871318,1.4514811725699726,1.0155676209509297,bounce_support
XAUUSD.a,15m,-1,0.42,2020-01-29 01:30:00,1569.0386707540904,2020-01-29 03:15:00,1565.722923314996,1570.9235383425018,1565.482923314996,target,7,139.26139244196338,-10.08,-0.0,0.0,139.26139244196338,205.9013712456027,1.7591407796920338,0.13864594389349666,2.6148631258731143,bounce_resistance
XAUUSD.a,15m,-1,0.59,2020-01-29 08:00:00,1567.0369168949799,2020-01-29 09:00:00,1568.666629227411,1568.393710288851,1564.4225794222978,stop,4,-96.1530276134381,-14.16,-1.9422173750392246,0.0,-96.1530276134381,-142.2571460896245,-1.2011499612194554,1.1078201823577203,0.6979079491817379,bounce_resistance
XAUUSD.a,15m,-1,0.49,2020-01-29 11:15:00,1569.6749799654715,2020-01-29 11:30:00,1571.5759219976612,1571.2980083781392,1566.5039832437217,stop,1,-93.14615957729688,-11.76,-1.8577673565794985,0.0,-93.14615957729688,-137.93504950065437,-1.1712315184089697,1.2353573226934227,0.009229638467504903,bounce_resistance
XAUUSD.a,15m,1,0.4,2020-01-29 15:30:00,1570.2693173379885,2020-01-29 15:30:00,1572.0412765957446,1568.3163500698545,1572.0412765957446,target,0,70.87837031024719,-9.6,-0.0,0.0,70.87837031024719,105.09062244828704,0.907316413679192,0.40928353026221925,1.06539556292691,bounce_support
XAUUSD.a,15m,1,0.42,2020-01-29 16:00:00,1570.0701246434696,2020-01-29 16:30:00,1568.1403311761183,1568.1896265695852,1572.0894468085107,stop,2,-81.0513256287577,-10.08,-2.070406525616844,0.0,-81.0513256287577,-120.2524081671751,-1.0262140090179226,1.1965578028068922,0.3455868238078064,bounce_support
XAUUSD.a,15m,1,0.34,2020-01-30 03:00:00,1578.5615267320006,2020-01-30 09:15:00,1582.4258596000755,1576.2220701999622,1582.4258596000755,target,25,131.38731751454407,-8.16,-0.0,0.0,131.38731751454407,195.33952441168591,1.6518079370800538,0.6845721260762873,1.7091462111994755,bounce_support
XAUUSD.a,15m,1,0.4,2020-01-30 14:00:00,1580.3565877707965,2020-01-30 14:00:00,1580.716268115942,1578.3994405468536,1580.716268115942,target,0,14.387213805821375,-9.6,-0.0,0.0,14.387213805821375,21.40444805674449,0.18377786849418234,0.4274526517791202,0.6148807889776438,bounce_support
XAUUSD.a,15m,1,0.34,2020-01-30 15:15:00,1580.3597531664304,2020-01-30 15:15:00,1577.983866263374,1578.0284960130198,1580.6421739130435,stop,0,-80.78015470391847,-8.16,-1.5174114879592215,0.0,-80.78015470391847,-120.23003319628276,-1.019144069791044,1.0765664194354212,0.15452899867461822,bounce_support
XAUUSD.a,15m,-1,0.27,2020-01-31 04:00:00,1573.911759468274,2020-01-31 04:15:00,1572.586113360324,1576.7985927339596,1572.346113360324,target,1,35.79244491465556,-6.4799999999999995,-0.0,0.0,35.79244491465556,53.31254735042609,0.45920425114521807,0.04442256269185673,0.7557622028981412,bounce_resistance
XAUUSD.a,15m,-1,0.37,2020-01-31 05:15:00,1571.9771571470478,2020-01-31 08:15:00,1574.3828113609607,1574.1085291861086,1567.7529416277828,stop,12,-89.00920591477507,-8.879999999999999,-1.2684404695219105,0.0,-89.00920591477507,-132.54490561213785,-1.1286880797089258,1.2165134971436795,0.17226328408141633,bounce_resistance
XAUUSD.a,15m,1,0.37,2020-01-31 15:00:00,1579.1369001428748,2020-01-31 16:30:00,1582.5297076942243,1577.0401461528877,1582.5297076942243,target,6,125.53387939993172,-8.879999999999999,-0.0,0.0,125.53387939993172,187.3639991043757,1.6181238083016298,0.3705251768137368,2.052267398881562,bounce_support
XAUUSD.a,15m,1,0.22,2020-02-03 01:30:00,1589.609273085315,2020-02-03 02:30:00,1586.0338501339832,1586.1079556625266,1595.7440886749466,stop,4,-78.65930492929965,-5.279999999999999,-1.6303216279539563,0.0,-78.65930492929965,-117.3984432245301,-1.021165041495845,1.442106634620375,0.4200495805129613,bounce_support
XAUUSD.a,15m,1,0.2,2020-02-03 02:45:00,1585.4795462795746,2020-02-03 05:15:00,1581.5160560035854,1581.5900170575032,1592.4499658849936,stop,10,-79.26980551978431,-4.8,-1.4792210783578021,0.0,-79.26980551978431,-118.43157414098324,-1.0190154256968065,1.491066385788974,0.6711490186555588,bounce_support
XAUUSD.a,15m,-1,0.3,2020-02-03 08:15:00,1580.6656203994057,2020-02-03 08:15:00,1580.0629864253392,1583.2997748435369,1579.8229864253392,target,0,18.079019221995623,-7.199999999999999,-0.0,0.0,18.079019221995623,26.97797359058648,0.22877700865611122,0.05860689032040915,0.43870639475238293,bounce_resistance
XAUUSD.a,15m,-1,0.3,2020-02-03 12:45:00,1579.210067213847,2020-02-03 17:00:00,1574.439018203129,1581.8054908984354,1574.199018203129,target,17,143.13147032153665,-7.199999999999999,-0.0,0.0,143.13147032153665,213.82373552269476,1.8382544010244666,0.7782670698997382,4.053314022028347,bounce_resistance
XAUUSD.a,15m,-1,0.34,2020-02-03 22:45:00,1576.2067513413128,2020-02-04 01:00:00,1578.7826084938804,1578.4976150881475,1575.7185141509433,stop,5,-87.57914318729672,-8.16,-1.5297757949175281,10.2782,-77.30094318729672,-115.55218199216218,-0.9924453847196001,1.3371588174633473,0.09025038769700182,bounce_resistance
XAUUSD.a,15m,-1,0.33,2020-02-04 21:30:00,1552.3270730852898,2020-02-04 22:30:00,1555.0070102145612,1554.7100659877663,1548.2163636363637,stop,4,-88.43792526595507,-7.92,-1.879159484233256,0.0,-88.43792526595507,-131.25248629557,-1.1246097822978671,1.025150730483268,0.44359053029127476,bounce_resistance
XAUUSD.a,15m,-1,0.42,2020-02-05 05:00:00,1555.078749827005,2020-02-05 05:15:00,1557.218708869264,1556.9326746997351,1551.4646506005295,stop,1,-89.87827977488132,-10.08,-1.933435120212069,0.0,-89.87827977488132,-133.3842063649308,-1.1542857392638806,1.2466795213721353,0.004719623288774837,bounce_resistance
XAUUSD.a,15m,-1,0.26,2020-02-05 16:00:00,1554.457152221535,2020-02-05 17:15:00,1557.71358498339,1557.401588003868,1548.636823992264,stop,5,-84.66725180823505,-6.24,-1.8719214675727307,0.0,-84.66725180823505,-125.52966998018482,-1.1059615500511415,1.5496509741671278,0.569600543369967,bounce_resistance
XAUUSD.a,15m,-1,0.24,2020-02-05 18:15:00,1558.013208244271,2020-02-06 11:15:00,1561.473797580752,1561.1853680435281,1551.8092639129436,stop,64,-83.05414407554417,-5.76,-1.1623088933730066,7.255199999999999,-75.79894407554417,-112.42964754081812,-0.9956274388259604,1.890444408611886,1.7348458440081973,bounce_resistance
XAUUSD.a,15m,1,0.26,2020-02-06 16:00:00,1564.1284363051025,2020-02-07 12:00:00,1569.2440551467298,1561.122972426635,1569.2440551467298,target,76,133.0060898823108,-6.24,-0.0,-21.5592,111.44688988231078,166.8716345975366,1.4262087368067222,0.8512617048677048,1.9103752123033697,bounce_support
XAUUSD.a,15m,1,0.24,2020-02-07 18:00:00,1566.6096142134381,2020-02-07 20:45:00,1572.2135086999458,1563.403245650027,1572.2135086999458,target,11,134.49346767618408,-5.76,-0.0,0.0,134.49346767618408,201.50343497817676,1.7477387192649658,0.4458670876928594,1.8277330477339764,bounce_support
XAUUSD.a,15m,1,0.21,2020-02-10 01:00:00,1572.30792309644,2020-02-10 01:30:00,1572.8752998089292,1568.7273500955353,1572.8752998089292,target,2,11.914910962274234,-5.04,-0.0,0.0,11.914910962274234,17.86316691245144,0.1584597527674744,0.9294386947561395,1.2015051508440098,bounce_support
XAUUSD.a,15m,1,0.45,2020-02-10 13:30:00,1572.7368105238775,2020-02-10 16:00:00,1575.4114958139899,1571.014252093005,1575.4114958139899,target,10,120.36083805505768,-10.799999999999999,-0.0,0.0,120.36083805505768,180.00843212350097,1.5527399490058702,0.7934770161528693,1.6447566743426154,bounce_support
XAUUSD.a,15m,1,0.44,2020-02-10 17:00:00,1572.070549280047,2020-02-10 18:00:00,1574.7656334720168,1570.2721832639916,1574.7656334720168,target,4,118.58370444666798,-10.559999999999999,-0.0,0.0,118.58370444666798,177.66413634774813,1.498629404642017,0.24497197795878398,1.5066180609305002,bounce_support
XAUUSD.a,15m,1,0.49,2020-02-10 22:30:00,1573.103180949791,2020-02-11 02:00:00,1571.4548020038856,1571.4848112487439,1575.550377502512,stop,10,-80.7705683493698,-11.76,-1.4704529980523027,-40.6308,-121.40136834936979,-181.361192054512,-1.5309103626336789,1.2007027495223286,0.4738219269136366,bounce_support
XAUUSD.a,15m,-1,0.71,2020-02-11 09:30:00,1568.6393639755634,2020-02-11 09:30:00,1570.021244629864,1569.750290593209,1566.4794188135822,stop,0,-98.11352645534475,-17.04,-2.197736602503374,0.0,-98.11352645534475,-146.23075706884975,-1.243899131005799,1.170766820938271,0.15245289191310998,bounce_resistance
XAUUSD.a,15m,-1,0.4,2020-02-11 11:30:00,1568.7724186437165,2020-02-11 15:15:00,1571.0086519865497,1570.7307638869584,1564.9384722260831,stop,15,-89.44933371332809,-9.6,-1.515523983653221,0.0,-89.44933371332809,-133.29161011105694,-1.1418994431907818,1.6634356825106316,0.7620814812233789,bounce_resistance
XAUUSD.a,15m,-1,0.79,2020-02-12 05:45:00,1568.0916681811375,2020-02-12 07:30:00,1566.4002476992487,1569.0848761503755,1566.1602476992487,target,7,133.6222180692173,-18.96,-0.0,0.0,133.6222180692173,198.62091128832003,1.7029872234980699,0.36078226309184613,3.475272337761699,bounce_resistance
XAUUSD.a,15m,-1,0.47,2020-02-12 12:30:00,1566.6248568577091,2020-02-12 18:30:00,1568.5824821319493,1568.295696728587,1563.4786065428261,stop,24,-92.00838788928809,-11.28,-2.198913958023797,0.0,-92.00838788928809,-136.3976338491581,-1.1716414650864118,2.2474584235998325,1.8462911446375163,bounce_resistance
XAUUSD.a,15m,1,0.44,2020-02-12 23:30:00,1566.0508637754804,2020-02-13 01:45:00,1568.9050621085992,1564.2774689457003,1568.9050621085992,target,5,125.58472665722729,-10.559999999999999,-0.0,-36.4848,89.09992665722729,132.72348009477938,1.1418767547495123,0.3162655975206158,3.0557979156800625,bounce_support
XAUUSD.a,15m,1,0.42,2020-02-13 07:15:00,1573.4518537030465,2020-02-13 07:30:00,1574.2609349593495,1571.5981404299234,1574.2609349593495,target,1,33.98141276472552,-10.08,-0.0,0.0,33.98141276472552,50.572093884462184,0.43646515781800854,0.33546380233814926,0.7488462844174134,bounce_support
XAUUSD.a,15m,1,0.4,2020-02-13 08:45:00,1574.6433436394154,2020-02-13 09:30:00,1572.6189596240122,1572.6587532332296,1577.822493533541,stop,3,-80.97536061613027,-9.6,-1.591744368700666,0.0,-80.97536061613027,-120.44527832237137,-1.020051295770355,1.1908470544093634,0.43165398659311943,bounce_support
XAUUSD.a,15m,1,0.38,2020-02-13 10:15:00,1574.9886039260084,2020-02-13 11:45:00,1575.6460701754386,1572.9080261847432,1575.6460701754386,target,6,24.983717478346534,-9.12,-0.0,0.0,24.983717478346534,37.1422247503851,0.31600177027289084,0.8452478804944791,0.4140177302231879,bounce_support
XAUUSD.a,15m,1,0.38,2020-02-13 12:45:00,1574.9683748841512,2020-02-13 14:00:00,1572.8388241791256,1572.8806600841647,1575.7404561403507,stop,5,-80.92292679097363,-9.12,-1.589764391485372,0.0,-80.92292679097363,-120.22779876236648,-1.0200390901282823,1.2733419738023637,0.22590495399653135,bounce_support
XAUUSD.a,15m,1,0.35,2020-02-13 22:00:00,1576.2363394011954,2020-02-14 05:00:00,1573.962405059892,1573.9972533971652,1579.9154932056697,stop,24,-79.58770194561907,-8.4,-1.2196918045634835,-29.022,-108.60970194561907,-161.5710893108092,-1.3858933224172352,1.4230536010944792,0.8725259303519952,bounce_support
XAUUSD.a,15m,1,0.49,2020-02-17 05:30:00,1582.2803431595553,2020-02-17 09:45:00,1580.6732607541942,1580.6984542832452,1584.6330914335097,stop,17,-78.74703786269379,-11.76,-1.2344829235014119,0.0,-78.74703786269379,-117.02462121634957,-1.0159262318790256,1.6691078615547101,0.5876878296364538,bounce_support
XAUUSD.a,15m,-1,0.78,2020-02-17 13:30:00,1581.0450641857224,2020-02-17 16:00:00,1582.3022879710281,1582.0414745936373,1579.0970508127252,stop,10,-98.06345525384995,-18.72,-1.6234434364909947,0.0,-98.06345525384995,-145.91256156925613,-1.261752963757779,1.1992405988393222,0.7076041961442864,bounce_resistance
XAUUSD.a,15m,1,0.62,2020-02-17 19:00:00,1581.9528134876912,2020-02-17 20:00:00,1580.4992010716128,1580.7034857689741,1583.663028462052,stop_gap,4,-90.12396979685991,-14.879999999999999,-1.289533560007065,0.0,-90.12396979685991,-134.14698628650092,-1.16351570072513,2.123392803943745,0.021760913410904692,bounce_support
XAUUSD.a,15m,1,0.55,2020-02-18 07:30:00,1586.5154983678538,2020-02-18 08:45:00,1585.1167641699665,1585.1391389272164,1587.536037735849,stop,5,-76.93038088380035,-13.200000000000001,-1.23061164875292,0.0,-76.93038088380035,-115.02576349606069,-1.016256478205724,1.0865609111245589,0.0,bounce_support
XAUUSD.a,15m,1,0.45,2020-02-18 12:45:00,1587.582350532391,2020-02-18 15:30:00,1590.154548649561,1585.9177256752193,1590.154548649561,target,11,115.74891527265208,-10.799999999999999,-0.0,0.0,115.74891527265208,173.23273309584698,1.5452118872839407,0.7222951929444351,2.3654876055973584,bounce_support
XAUUSD.a,15m,1,0.33,2020-02-19 01:00:00,1601.6873664999748,2020-02-19 08:15:00,1605.167949997286,1599.3810250013569,1605.167949997286,target,29,114.85925541127199,-7.92,-0.0,0.0,114.85925541127199,171.52900960436065,1.50913622262661,0.9440781000036622,1.7138110303239464,bounce_support
XAUUSD.a,15m,1,0.39,2020-02-19 16:00:00,1603.6242296707953,2020-02-19 17:15:00,1606.7163081848648,1601.6668459075674,1606.7163081848648,target,5,120.59106204871046,-9.36,-0.0,0.0,120.59106204871046,180.72303872302135,1.579699684935782,0.6356595442190588,2.09758066166542,bounce_support
XAUUSD.a,15m,1,0.25,2020-02-19 18:30:00,1605.4192782056684,2020-02-19 22:45:00,1610.7936196541061,1602.313190172947,1610.7936196541061,target,17,134.35853621094225,-6.0,-0.0,0.0,134.35853621094225,201.22289049279215,1.7302605051180902,0.5857136650678234,2.434162108311975,bounce_support
XAUUSD.a,15m,1,0.29,2020-02-20 02:30:00,1608.8534975152163,2020-02-20 03:00:00,1606.164576978127,1606.2169750398991,1613.1860499202016,stop,2,-77.97869557559306,-6.959999999999999,-1.5195437913971281,0.0,-77.97869557559306,-117.30353146337485,-1.0198739294896146,1.0936745437261584,0.4348540532148391,bounce_support
XAUUSD.a,15m,1,0.31,2020-02-20 03:15:00,1606.9849797525258,2020-02-20 04:30:00,1611.1481045165604,1604.47594774172,1611.1481045165604,target,5,129.05686768507235,-7.4399999999999995,-0.0,0.0,129.05686768507235,194.49163253522264,1.6592553407469088,0.2929335892728185,2.0227004779600866,bounce_support
XAUUSD.a,15m,1,0.36,2020-02-20 07:00:00,1609.8290107313917,2020-02-20 08:30:00,1607.6036590418505,1607.6438600256517,1613.3922799486963,stop,6,-80.11266082348266,-8.64,-1.4472354168470594,0.0,-80.11266082348266,-120.52453862416527,-1.018397350670433,1.2992288009857544,0.20638817607573964,bounce_support
XAUUSD.a,15m,1,0.24,2020-02-20 20:00:00,1617.038487919763,2020-02-21 01:45:00,1622.4258075454923,1613.882096227254,1622.4258075454923,target,19,129.295671017504,-5.76,-0.0,-19.9008,109.39487101750399,165.45649533025392,1.4440918839531158,0.2941611847371734,1.8158431014247929,bounce_support
XAUUSD.a,15m,1,0.38,2020-02-21 02:30:00,1619.850412906785,2020-02-21 04:00:00,1623.0645724907063,1617.8064110077376,1623.0645724907063,target,6,122.13806418900458,-9.12,-0.0,0.0,122.13806418900458,185.11657374165202,1.5724836583659219,0.4405147114611884,1.7757258909134204,bounce_support
XAUUSD.a,15m,1,0.28,2020-02-21 13:45:00,1634.0646520170264,2020-02-21 13:45:00,1634.405,1631.3235233285684,1634.405,target,0,9.529743523258732,-6.720000000000001,-0.0,0.0,9.529743523258732,14.437255367923179,0.12416344566623766,0.1549186723025484,0.7826513187822643,bounce_support
XAUUSD.a,15m,1,0.37,2020-02-21 14:30:00,1633.9642757585302,2020-02-21 14:45:00,1636.7229770992367,1631.8717119403161,1636.7229770992367,target,1,102.07194960613924,-8.879999999999999,-0.0,0.0,102.07194960613924,154.61230210872677,1.3183355827402568,0.2027540354264344,1.9716121465728076,bounce_support
XAUUSD.a,15m,1,0.23,2020-02-21 23:00:00,1643.7746270881678,2020-02-24 01:00:00,1653.33,1640.4036231122066,1649.662753775587,target_gap,4,219.77357697213915,-5.52,-0.0,-19.0716,200.70197697213916,303.83150456747836,2.5885976326515308,0.26538891515622764,10.995351288858409,bounce_support
XAUUSD.a,15m,1,0.17,2020-02-24 05:15:00,1661.6826597122197,2020-02-24 09:00:00,1670.0761216430515,1657.0319391784744,1670.0761216430515,target,15,142.68885282414044,-4.08,-0.0,0.0,142.68885282414044,216.38866990816098,1.8047659217382608,0.5897279125501323,1.9195606837702208,bounce_support
XAUUSD.a,15m,1,0.19,2020-02-24 14:15:00,1680.8891480561576,2020-02-24 15:00:00,1676.6959709717025,1676.8090583328787,1688.1818833342422,stop,3,-79.67036460464692,-4.56,-2.1486598623486763,0.0,-79.67036460464692,-120.79320244503444,-1.0277168809624442,2.0855296410784097,0.5884311636933627,bounce_support
XAUUSD.a,15m,1,0.18,2020-02-24 19:45:00,1671.6760878926145,2020-02-24 21:15:00,1667.099337040806,1667.231804159443,1679.6463916811135,stop,6,-82.3815153325545,-4.32,-2.384408135468279,0.0,-82.3815153325545,-124.86399098557756,-1.0298061794858886,3.680252853915522,1.1664224020382483,bounce_support
XAUUSD.a,15m,-1,0.14,2020-02-25 03:45:00,1651.5064671001992,2020-02-25 04:00:00,1657.596292726551,1657.215257616114,1640.579484767772,stop,1,-85.25755876892437,-3.3600000000000003,-1.974491546115191,0.0,-85.25755876892437,-128.7839623711132,-1.0667453306220689,1.2793485554322042,0.19556981414655522,bounce_resistance
XAUUSD.a,15m,-1,0.16,2020-02-25 05:00:00,1657.528039027329,2020-02-25 07:45:00,1648.4245001459353,1662.3227499270322,1648.1845001459353,target,11,145.65662210229857,-3.84,-0.0,0.0,145.65662210229857,220.34130867906902,1.8986627289576885,0.1985439774335421,2.4168379011227223,bounce_resistance
XAUUSD.a,15m,-1,0.14,2020-02-25 22:30:00,1649.4252076519842,2020-02-25 22:45:00,1638.8729990087843,1654.9335004956079,1638.6329990087843,target,1,147.73092100479926,-3.3600000000000003,-0.0,0.0,147.73092100479926,223.93991269353674,1.9156949245019064,0.2768175896422975,4.419737356587028,bounce_resistance
XAUUSD.a,15m,-1,0.2,2020-02-26 06:15:00,1642.4850520218379,2020-02-26 09:00:00,1646.6951108310236,1646.3781567341302,1634.8336865317394,stop,11,-84.20117618371478,-4.8,-1.5390819378677079,0.0,-84.20117618371478,-128.06457312463274,-1.0814142234326745,1.2213768520401005,0.4174180100285812,bounce_resistance
XAUUSD.a,15m,-1,0.2,2020-02-26 09:15:00,1645.5679188923991,2020-02-26 10:30:00,1649.7467886994152,1649.4232938664836,1638.0134122670324,stop,5,-83.57739614032198,-4.8,-1.6698966586304032,0.0,-83.57739614032198,-127.11004401435999,-1.0839074889228948,1.3311496656222384,0.46634086294707944,bounce_resistance
XAUUSD.a,15m,1,0.2,2020-02-26 12:15:00,1648.429059090115,2020-02-26 14:00:00,1644.3870628411337,1644.4745105322675,1655.4409789354654,stop,7,-80.83992497962754,-4.8,-1.7489538226774552,0.0,-80.83992497962754,-123.08711570203808,-1.022113191899045,1.7648181551002642,0.2455250948830169,bounce_support
XAUUSD.a,15m,1,0.24,2020-02-26 14:30:00,1645.4766828564682,2020-02-26 15:00:00,1642.1069958604937,1642.1907264937317,1651.1285470125367,stop,2,-80.87248790338708,-5.76,-2.009535197714197,0.0,-80.87248790338708,-123.2136143326636,-1.0254813588480802,1.0671726795385388,0.30229164172607464,bounce_support
XAUUSD.a,15m,1,0.19,2020-02-27 07:15:00,1650.8120804249802,2020-02-27 09:00:00,1646.6786685964141,1646.757132470898,1657.9857350582042,stop,7,-78.53482474275529,-4.56,-1.4908136151933784,0.0,-78.53482474275529,-119.66664341859465,-1.0193501557534828,1.2779647195626862,0.4557196777728056,bounce_support
XAUUSD.a,15m,1,0.22,2020-02-27 09:15:00,1646.6320728746805,2020-02-27 09:30:00,1643.1015008941376,1643.1840166838713,1652.6819666322572,stop,1,-77.6725835719426,-5.279999999999999,-1.8153473741377557,0.0,-77.6725835719426,-118.35281217154659,-1.0239311035456962,1.5376990922634117,0.15600880483137944,bounce_support
XAUUSD.a,15m,1,0.17,2020-02-27 11:30:00,1645.0190158678827,2020-02-27 14:45:00,1653.0766319258187,1640.5266840370907,1653.0766319258187,target,13,136.97947298491204,-4.08,-0.0,0.0,136.97947298491204,208.2577811671968,1.7936377724161847,0.1845402118784422,1.9925028847522566,bounce_support
XAUUSD.a,15m,1,0.11,2020-02-27 19:15:00,1642.7537143341488,2020-02-27 22:45:00,1635.9138035637045,1636.0424873518318,1655.2050252963365,stop,14,-75.23901847488673,-2.6399999999999997,-1.4155216694007826,0.0,-75.23901847488673,-114.34675067233049,-1.0191744055843113,1.0614622859454101,0.6908253405923029,bounce_support
XAUUSD.a,15m,-1,0.17,2020-02-28 02:00:00,1645.6531245208007,2020-02-28 06:00:00,1636.9654685931375,1650.2322657034313,1636.7254685931375,target,16,147.69015077027393,-4.08,-0.0,0.0,147.69015077027393,226.37628296665275,1.897223863858332,0.5540068274859351,2.3701222757595755,bounce_resistance
XAUUSD.a,15m,-1,0.08,2020-03-02 02:30:00,1590.2168018223454,2020-03-02 03:00:00,1600.2643691443382,1599.8092822155859,1571.461435568828,stop,2,-80.38053857594241,-1.92,-1.7206954300172848,0.0,-80.38053857594241,-123.34924971371505,-1.0474420494070504,1.4837870492478997,0.1695913627816004,bounce_resistance
XAUUSD.a,15m,-1,0.1,2020-03-02 06:15:00,1598.5032194171624,2020-03-02 10:45:00,1606.1162282714781,1605.7555577259186,1584.3188845481625,stop,18,-76.13008854315694,-2.4,-1.2067054555940862,0.0,-76.13008854315694,-116.10683180032781,-1.0497316217479893,1.1467722862288656,0.34653918642047604,bounce_resistance
XAUUSD.a,15m,1,0.14,2020-03-02 15:30:00,1597.4403757204964,2020-03-02 16:00:00,1591.9345047181598,1592.0568090301283,1607.216381939743,stop,2,-77.08219403271188,-3.3600000000000003,-1.7122603675592998,0.0,-77.08219403271188,-117.8302516627104,-1.022718082454019,1.045844891374697,0.011075237464838909,bounce_support
XAUUSD.a,15m,1,0.17,2020-03-04 07:45:00,1643.0768378432554,2020-03-04 09:00:00,1638.5846302238683,1638.6770020384465,1645.9836363636364,stop,5,-76.36752952957977,-4.08,-1.5703208478289252,0.0,-76.36752952957977,-115.63829426041758,-1.0209943776713761,2.2039090260270613,0.3280036394011116,bounce_support
XAUUSD.a,15m,1,0.13,2020-03-04 18:30:00,1641.1673649437691,2020-03-04 20:45:00,1635.2938090675539,1635.4008476117936,1649.6364814814815,stop,9,-76.35622639079861,-3.12,-1.3915010751172716,0.0,-76.35622639079861,-115.41844487393223,-1.0185620779540803,1.3122938002471376,0.5276382400447056,bounce_support
XAUUSD.a,15m,-1,0.22,2020-03-05 03:00:00,1638.0288297197676,2020-03-05 08:45:00,1641.829544999248,1641.5433279968663,1631.1533440062672,stop,23,-83.61573614856661,-5.279999999999999,-1.0167740523924476,0.0,-83.61573614856661,-126.1838619913478,-1.0814389366034542,1.0986405386489404,0.3581819140360507,bounce_resistance
XAUUSD.a,15m,1,0.39,2020-03-05 09:45:00,1638.483761556036,2020-03-05 11:00:00,1641.6316291115668,1636.4991854442167,1641.6316291115668,target,5,122.76683466570375,-9.36,-0.0,0.0,122.76683466570375,185.04029582145682,1.5861662028397745,0.6720636956640437,2.331096507920341,bounce_support
XAUUSD.a,15m,1,0.24,2020-03-06 01:15:00,1671.0032117185808,2020-03-06 02:30:00,1676.5175749983603,1667.8512125008199,1676.5175749983603,target,5,132.3447187147067,-5.76,-0.0,0.0,132.3447187147067,200.19470973967853,1.7494811701433906,0.3436586254454141,1.7534231132662506,bounce_support
XAUUSD.a,15m,1,0.24,2020-03-06 03:15:00,1673.0654190525358,2020-03-06 03:45:00,1669.777916022326,1669.864853419356,1677.0630188679245,stop,2,-78.90007272503499,-5.76,-2.086497528716839,0.0,-78.90007272503499,-119.43879369205557,-1.0271631352060628,1.726388296885581,0.2701337971329882,bounce_support
XAUUSD.a,15m,1,0.23,2020-03-06 04:15:00,1671.8358619731225,2020-03-06 04:45:00,1668.3678536754699,1668.4492384213197,1677.6449056603772,stop,2,-79.76419084601116,-5.52,-1.8718491545478764,0.0,-79.76419084601116,-121.07313314310827,-1.0240312348287195,1.0588309914792993,0.0,bounce_support
XAUUSD.a,15m,1,0.08,2020-03-09 02:15:00,1694.7796788500984,2020-03-09 06:15:00,1684.8674674160793,1685.0649054191006,1712.9801891617985,stop,16,-79.29769147215302,-1.92,-1.5795040241692822,0.0,-79.29769147215302,-121.61290004164253,-1.0203234799476926,1.524449227281383,0.8791065700668915,bounce_support
XAUUSD.a,15m,-1,0.08,2020-03-09 15:15:00,1677.6754062767077,2020-03-10 08:00:00,1660.1566840502958,1686.726657974852,1659.9166840502958,target,63,140.14977781129528,-1.92,-0.0,2.4184,142.56817781129527,217.68792800845185,1.9689014095216755,0.8976210135619052,2.664317276874726,bounce_resistance
XAUUSD.a,15m,-1,0.13,2020-03-10 14:15:00,1662.6276578665354,2020-03-10 16:45:00,1651.6071548576474,1668.3964225711763,1651.3671548576474,target,10,143.266539115544,-3.12,-0.0,0.0,143.266539115544,218.99501546246407,1.910374850272894,0.8584753213249261,1.9653528002995764,bounce_resistance
XAUUSD.a,15m,-1,0.13,2020-03-11 02:45:00,1652.2432817738522,2020-03-11 03:45:00,1658.177859603969,1657.8260210136548,1641.3079579726902,stop,4,-77.1495117915174,-3.12,-1.4539016740829833,0.0,-77.1495117915174,-118.87444035672942,-1.0630225728269225,1.2407382699810328,0.3086803269559835,bounce_resistance
XAUUSD.a,15m,1,0.21,2020-03-11 12:00:00,1657.2884262332984,2020-03-11 13:45:00,1663.879961876568,1653.650019061716,1663.879961876568,target,7,138.4222485086591,-5.04,-0.0,0.0,138.4222485086591,212.07962203903705,1.8116542026280733,0.22768925912656404,2.1497247003555207,bounce_support
XAUUSD.a,15m,1,0.19,2020-03-11 17:15:00,1657.9158530047996,2020-03-11 17:30:00,1653.7454714567848,1653.853609570613,1665.002780858774,stop,1,-79.23724941228124,-4.56,-2.054624162735671,0.0,-79.23724941228124,-121.36385824914036,-1.0266202938302589,1.3012152251426445,0.5869040183894532,bounce_support
XAUUSD.a,15m,1,0.18,2020-03-11 18:00:00,1653.3792742899216,2020-03-11 18:00:00,1649.1176866291655,1649.236598064048,1660.706803871904,stop,0,-76.70857789360889,-4.32,-2.140405827884508,0.0,-76.70857789360889,-117.79572772360088,-1.028704013637306,1.5423059736159217,0.40571012998341116,bounce_support
XAUUSD.a,15m,-1,0.14,2020-03-12 01:30:00,1641.2075801173498,2020-03-12 03:45:00,1647.06384565707,1646.70980686797,1630.5403862640599,stop,9,-81.98771755608279,-3.3600000000000003,-1.5965430473992561,0.0,-81.98771755608279,-126.71001863238202,-1.0643446381158603,1.2562949867289601,0.86829938748186,bounce_resistance
XAUUSD.a,15m,-1,0.07,2020-03-13 02:30:00,1578.6280501739618,2020-03-13 04:30:00,1559.3102664123644,1588.6348667938178,1559.0702664123644,target,8,135.22448633118188,-1.6800000000000002,-0.0,0.0,135.22448633118188,214.4718260605581,1.9304624532907133,0.577801117546761,2.603030630368126,bounce_resistance
XAUUSD.a,15m,-1,0.11,2020-03-13 07:30:00,1563.9575884126511,2020-03-13 07:30:00,1570.9332471207042,1570.479629739681,1551.2807405206377,stop,0,-76.73224578858367,-2.6399999999999997,-2.349791191255161,0.0,-76.73224578858367,-121.71221018428982,-1.0695514422981622,3.0392956121263652,0.0,bounce_resistance
XAUUSD.a,15m,-1,0.1,2020-03-13 10:30:00,1588.1785515424835,2020-03-13 15:45:00,1595.935905071646,1595.5173238130496,1573.8953523739006,stop,21,-77.57353529162401,-2.4,-1.785812585963284,0.0,-77.57353529162401,-123.43628815597744,-1.0570369597480391,1.3301200933386548,1.5177677044370774,bounce_resistance
XAUUSD.a,15m,1,0.08,2020-03-13 17:30:00,1574.1958089860955,2020-03-13 17:45:00,1564.8543794598625,1565.098056261924,1591.5038874761522,stop,1,-74.73143620986411,-1.92,-1.9494144164921665,0.0,-74.73143620986411,-118.99341784606486,-1.0267842850261457,1.210827477958155,0.15654316588760978,bounce_support
XAUUSD.a,15m,-1,0.05,2020-03-13 23:15:00,1520.7474508947562,2020-03-16 01:00:00,1564.4182363980797,1535.2250479746667,1492.3399040506667,stop_gap,3,-218.35392751661743,-1.2,-1.79118199039899,1.5115,-216.84242751661742,-351.668684446599,-2.995558259008509,3.5725921104003713,0.05715388335432421,bounce_resistance
XAUUSD.a,15m,-1,0.06,2020-03-16 07:45:00,1544.8697775448281,2020-03-16 12:30:00,1523.23453559689,1555.987732201555,1522.99453559689,target,19,129.8114516876285,-1.44,-0.0,0.0,129.8114516876285,210.4561399582181,1.945973213233768,0.5073075605466036,2.9159839687970575,bounce_resistance
XAUUSD.a,15m,-1,0.04,2020-03-16 22:00:00,1506.1793993209471,2020-03-17 12:30:00,1473.2120021576416,1523.0989989211794,1472.9720021576416,target,54,131.8695886532223,-0.96,-0.0,1.2092,133.07878865322232,220.32547251406817,1.9663406906419305,0.7754675635984155,2.107579385061672,bounce_resistance
XAUUSD.a,15m,-1,0.07,2020-03-17 15:30:00,1482.9179920529507,2020-03-17 16:30:00,1492.5376675629536,1492.0923772187348,1466.4052455625304,stop,4,-67.33772857002054,-1.6800000000000002,-1.4370324095316225,0.0,-67.33772857002054,-112.25948347896195,-1.04853626005147,2.2728507219009018,0.3104286555978005,bounce_resistance
XAUUSD.a,15m,1,0.07,2020-03-18 02:00:00,1533.7429544650804,2020-03-18 08:30:00,1524.2926616092013,1524.4216198551678,1550.5467602896647,stop,26,-66.15204999115349,-1.6800000000000002,-0.9027077217660034,0.0,-66.15204999115349,-110.03334995201845,-1.0138347405562875,1.2093712903614018,1.0327969049283785,bounce_support
XAUUSD.a,15m,-1,0.07,2020-03-18 15:15:00,1515.9648232154198,2020-03-18 15:45:00,1497.1915724722655,1525.8092137638673,1496.9515724722655,target,2,131.41275520207955,-1.6800000000000002,-0.0,0.0,131.41275520207955,222.89215238318727,1.9069997935133438,0.04623717256444049,2.1153999440527764,bounce_resistance
XAUUSD.a,15m,-1,0.04,2020-03-18 17:15:00,1509.5097409748544,2020-03-18 20:15:00,1478.9995009068878,1525.395249546556,1478.7595009068878,target,12,122.04096027186642,-0.96,-0.0,0.0,122.04096027186642,210.91364131114258,1.9206335088520503,0.27196227339184165,2.2334658544113504,bounce_resistance
XAUUSD.a,15m,-1,0.05,2020-03-19 03:00:00,1497.686961456791,2020-03-19 05:45:00,1475.0123088002229,1509.3738455998885,1474.7723088002228,target,11,113.37326328284121,-1.2,-0.0,0.0,113.37326328284121,204.20624161609757,1.9401794677634931,0.06956846095621734,2.3305580104409658,bounce_resistance
XAUUSD.a,15m,-1,0.08,2020-03-19 17:30:00,1487.7876134107519,2020-03-19 18:00:00,1471.3466685937794,1496.4466657031103,1471.1066685937794,target,2,131.52755853577946,-1.92,-0.0,0.0,131.52755853577946,224.7681161641565,1.8987002574729248,0.42757411137422985,1.944509958163779,bounce_resistance
XAUUSD.a,15m,-1,0.06,2020-03-19 18:45:00,1483.921270320622,2020-03-20 01:00:00,1461.1404095285322,1495.6997952357337,1460.9004095285322,target,21,136.68516475253818,-1.44,-0.0,1.8137999999999999,138.49896475253817,244.3696886734035,1.959766690519463,0.04319128949036924,2.521646007006811,bounce_resistance
XAUUSD.a,15m,-1,0.1,2020-03-20 02:45:00,1470.3442393227517,2020-03-20 03:15:00,1477.382747447194,1476.9606661631,1457.4886676738,stop,2,-70.38508124442387,-2.4,-1.8208128409406277,0.0,-70.38508124442387,-121.59468125494321,-1.0637929345065948,1.0119904351418325,0.5054449181479407,bounce_resistance
XAUUSD.a,15m,1,0.08,2020-03-20 12:45:00,1505.3391937939757,2020-03-20 15:30:00,1497.0263001951942,1497.1998778472039,1520.4502443055924,stop,11,-66.50314879025245,-1.92,-1.38862121607852,0.0,-66.50314879025245,-113.44207698386717,-1.0213258280112065,1.1511033427436417,1.0530130863667575,bounce_support
XAUUSD.a,15m,-1,0.09,2020-03-20 22:30:00,1483.2774359757611,2020-03-20 22:45:00,1490.8699539433262,1490.4661397667078,1479.6528318584071,stop,1,-68.33266170808565,-2.16,-1.4743275895657322,0.0,-68.33266170808565,-117.81290272251452,-1.0561734338152844,1.4442887516543108,0.0010343972957293618,bounce_resistance
XAUUSD.a,15m,-1,0.12,2020-03-20 23:45:00,1496.902732613175,2020-03-23 01:00:00,1503.0346152887917,1502.4664905122916,1486.037018975417,stop_gap,1,-73.58259210740016,-2.88,-2.2153834655020415,3.6275999999999997,-69.95499210740016,-122.42093013562494,-1.0477779194062895,2.043091664471941,0.909948402675631,bounce_resistance
XAUUSD.a,15m,1,0.12,2020-03-23 09:15:00,1493.2780344350429,2020-03-23 09:30:00,1487.7702797104225,1487.890134816375,1494.7731578947369,stop,1,-66.09305669544392,-2.88,-1.4382612714302367,0.0,-66.09305669544392,-114.39534875284532,-1.0222452373717466,1.157785941933558,0.17854184989344454,bounce_support
XAUUSD.a,15m,1,0.11,2020-03-23 09:45:00,1488.0398388751134,2020-03-23 13:00:00,1494.571052631579,1481.8789300293731,1494.571052631579,target,13,71.84335132112165,-2.6399999999999997,-0.0,0.0,71.84335132112165,125.3460662312821,1.0601055655905884,0.5063926367406721,1.168684897823928,bounce_support
XAUUSD.a,15m,-1,0.18,2020-03-23 13:15:00,1493.0285455568303,2020-03-23 15:00:00,1497.1528163397004,1496.7561704216837,1485.7276591566324,stop,7,-74.23687409166178,-4.32,-2.8196265242995437,0.0,-74.23687409166178,-127.5372355890286,-1.1064071446020634,8.238880133228632,0.5361444966402013,bounce_resistance
XAUUSD.a,15m,1,0.07,2020-03-23 23:15:00,1552.4879029471217,2020-03-24 03:45:00,1569.7118368505107,1543.3390815747448,1569.7118368505107,target,14,120.56753732372319,-1.6800000000000002,-0.0,-5.804400000000001,114.76313732372319,194.52368310884145,1.7920050284170734,0.12437699904792963,2.0616969427153347,bounce_support
XAUUSD.a,15m,1,0.09,2020-03-24 06:15:00,1575.2810281022323,2020-03-24 08:45:00,1558.295004637749,1567.5050754316435,1589.6598491367133,stop_gap,9,-152.8742111803508,-2.61,-1.4849582602608606,0.0,-152.8742111803508,-258.91574280257237,-2.184429893552475,2.163211225018751,0.2866493653180753,bounce_support
XAUUSD.a,15m,1,0.06,2020-03-24 23:45:00,1623.080039544564,2020-03-25 05:30:00,1611.6976061932367,1611.900673806389,1646.9086523872218,stop,19,-68.29460010796402,-1.44,-1.218405678914897,-14.9256,-83.22020010796402,-139.1060595202073,-1.2406815982381147,1.653943522164664,1.3811123830318992,bounce_support
XAUUSD.a,15m,-1,0.05,2020-03-25 09:15:00,1611.5215040179428,2020-03-25 12:45:00,1624.9350060785405,1623.6707024526504,1587.6685950946994,stop,14,-67.06751030298847,-4.65,-1.6715181294498782,0.0,-67.06751030298847,-110.82058577139158,-1.104064777004402,1.173616190293161,1.4751182239928724,bounce_resistance
XAUUSD.a,15m,-1,0.04,2020-03-25 13:00:00,1621.0380501363538,2020-03-25 14:30:00,1593.194252321621,1636.4328738391896,1592.114252321621,target,6,111.37519125893141,-4.32,-0.0,0.0,111.37519125893141,185.40900825525455,1.8086467472572585,0.33725296007708205,2.0544600410414433,bounce_resistance
XAUUSD.a,15m,1,0.03,2020-03-25 20:00:00,1615.4296040789513,2020-03-26 05:15:00,1596.6419176301674,1596.8590658612786,1631.8687946428572,stop,33,-56.36305934635175,-1.59,-0.651444693333715,-2.4876,-58.85065934635175,-99.7485709017979,-1.0563445291055396,1.1248787640991316,0.10556484136701755,bounce_support
XAUUSD.a,15m,-1,0.09,2020-03-26 10:15:00,1601.8898232398178,2020-03-26 12:30:00,1610.8229510810643,1609.0187967021125,1588.2324065957748,stop,9,-80.39815057121814,-14.940000000000001,-1.2973894105652097,0.0,-80.39815057121814,-134.6996005348202,-1.2530735159127793,1.0184042342956614,0.991702841539582,bounce_resistance
XAUUSD.a,15m,1,0.06,2020-03-26 21:30:00,1627.4781536919988,2020-03-26 22:15:00,1616.0120671646325,1616.2990709882413,1645.108145695364,stop,3,-68.79651916419789,-1.44,-1.7220229416525452,0.0,-68.79651916419789,-113.40023268695977,-1.025673289232603,1.4158723136271751,0.4858937402954776,bounce_support
XAUUSD.a,15m,1,0.05,2020-03-26 22:30:00,1620.3819118908054,2020-03-27 23:45:00,1614.710761428686,1607.4913838458097,1643.277232308381,signal,97,-28.355752310596927,-50.25,-1.29238571313955,-4.146,-32.50175231059693,-52.71551749346675,-0.5042734044275925,0.9349432272081488,1.2015092054515994,bounce_support
XAUUSD.a,15m,-1,0.08,2020-03-30 06:45:00,1618.2224935272407,2020-03-30 13:45:00,1627.2615667248467,1626.4568886175769,1606.8819026548672,stop,28,-72.31258558084846,-5.5200000000000005,-0.9174248581577991,0.0,-72.31258558084846,-117.84011338849255,-1.0977215810562972,1.0926736419677938,0.9827672146479615,bounce_resistance
XAUUSD.a,15m,1,0.12,2020-03-30 15:00:00,1620.2286230305608,2020-03-30 20:45:00,1614.5543680595276,1614.6556975179028,1630.298604964194,stop,23,-68.09105965239814,-2.88,-1.2159535005014064,0.0,-68.09105965239814,-110.75498894321338,-1.018182453389162,1.2540313009185697,0.6659656514355786,bounce_support
XAUUSD.a,15m,-1,0.22,2020-03-31 08:30:00,1614.5202828985077,2020-03-31 09:45:00,1618.07852293719,1617.762581811568,1608.1848363768638,stop,5,-78.28128085100934,-5.279999999999999,-1.6707047636831367,0.0,-78.28128085100934,-126.64005055652335,-1.0974435528906161,1.4279118692121353,0.3424369338790235,bounce_resistance
XAUUSD.a,15m,-1,0.11,2020-04-01 02:45:00,1576.6854795338534,2020-04-01 05:30:00,1583.0348444372614,1582.5970405542746,1564.935918891451,stop,11,-69.84301393748865,-3.8500000000000005,-0.9658427128571898,0.0,-69.84301393748865,-113.94569530547133,-1.0740589298620877,1.0969218525777218,0.0,bounce_resistance
XAUUSD.a,15m,1,0.15,2020-04-01 12:45:00,1592.9427455425352,2020-04-01 14:45:00,1588.294415873488,1588.3931001572041,1601.0137996855915,stop,8,-69.72494503570715,-3.5999999999999996,-1.480264255738954,0.0,-69.72494503570715,-114.99314746793408,-1.0216905440661785,1.2204787565286277,0.5269101774819296,bounce_support
XAUUSD.a,15m,-1,0.1,2020-04-01 19:00:00,1592.4912013921132,2020-04-01 19:45:00,1579.7237966435462,1598.948101678227,1579.4837966435462,target,3,127.6740474856706,-2.4,-0.0,0.0,127.6740474856706,209.7314948429907,1.9773272286742167,0.2615494328631307,2.265979145377121,bounce_resistance
XAUUSD.a,15m,-1,0.12,2020-04-01 22:00:00,1590.3636948859598,2020-04-02 10:00:00,1596.1402274992356,1595.7988513408868,1579.8722973182264,stop,44,-69.31839135930932,-2.88,-1.2165139001846437,3.6275999999999997,-65.69079135930932,-107.60691165709915,-1.0071895185856832,1.565052484612301,1.3897842589448262,bounce_resistance
XAUUSD.a,15m,1,0.1,2020-04-02 21:30:00,1612.1209287285287,2020-04-03 22:15:00,1624.0708788276618,1605.4545605861692,1624.0708788276618,target,95,119.49950099133048,-5.8,-0.0,-8.292,111.20750099133048,185.5530358756119,1.6681872140348042,0.9421814988912,1.9724490143170053,bounce_support
XAUUSD.a,15m,1,0.16,2020-04-06 07:00:00,1617.8535934021247,2020-04-06 09:00:00,1620.2479822616408,1613.7485392895794,1620.2479822616408,target,8,38.31022175225735,-3.84,-0.0,0.0,38.31022175225735,63.5590572414058,0.583278269633202,0.5465441722846608,1.4753536571824002,bounce_support
XAUUSD.a,15m,1,0.11,2020-04-06 19:00:00,1646.315950720563,2020-04-06 21:00:00,1657.081007564648,1640.189496217676,1657.081007564648,target,8,118.41562528493432,-2.6399999999999997,-0.0,0.0,118.41562528493432,194.44912030761984,1.7571430325666977,0.24254660176825601,1.9299987086927648,bounce_support
XAUUSD.a,15m,1,0.08,2020-04-06 23:45:00,1658.084349276976,2020-04-07 01:00:00,1649.5549849356407,1649.7866922041685,1670.0766155916629,stop_gap,1,-68.23491473068134,-1.92,-1.3201205148741937,-6.6336,-74.86851473068134,-123.08029842785734,-1.1278562441444484,1.0080374741427958,0.881652574797122,bounce_support
XAUUSD.a,15m,1,0.07,2020-04-07 01:30:00,1661.748861720669,2020-04-07 10:15:00,1652.6414549199712,1652.7987661315944,1675.362467736811,stop,35,-63.75184760488492,-1.6800000000000002,-1.1011784813631234,0.0,-63.75184760488492,-103.00332445492208,-1.0175764839668573,1.1372908388927672,1.3677103397949917,bounce_support
XAUUSD.a,15m,-1,0.08,2020-04-07 19:30:00,1655.0019817946745,2020-04-08 20:45:00,1649.5660612500758,1663.3128970585085,1638.7042058829827,signal,97,43.48736435678984,-1.92,-1.2169800012129357,7.2552,50.74256435678984,81.46704613683627,0.7631915791754411,0.35230995773319856,1.7545578713971286,bounce_resistance
XAUUSD.a,15m,1,0.13,2020-04-08 22:15:00,1648.741070334562,2020-04-09 01:00:00,1641.1104331109723,1643.3417640364014,1653.0488546255506,stop_gap,7,-99.19828390666612,-3.9,-1.2943695573609226,-10.7796,-109.97788390666612,-176.47285607616516,-1.5668378040474888,1.394821837969742,0.15537730573346967,bounce_support
XAUUSD.a,15m,-1,0.21,2020-04-09 03:45:00,1646.873275533635,2020-04-09 09:00:00,1650.4974267928992,1650.2060344647232,1640.4079310705538,stop,21,-76.1071764445478,-5.04,-1.0792388916957758,0.0,-76.1071764445478,-122.2546326193883,-1.0874327649257474,1.5832901735386502,0.2920329834108802,bounce_resistance
XAUUSD.a,15m,1,0.13,2020-04-13 08:45:00,1683.3837365281977,2020-04-13 10:15:00,1692.486196249348,1678.0169018753259,1692.486196249348,target,6,118.33197637495459,-3.12,-0.0,0.0,118.33197637495459,186.46115214609466,1.6960574174349798,0.1590763612851151,1.771297997175215,bounce_support
XAUUSD.a,15m,1,0.16,2020-04-13 12:45:00,1689.6826603989396,2020-04-13 14:45:00,1693.3528244274808,1685.1446383124571,1693.3528244274808,target,8,58.722624456659105,-3.84,-0.0,0.0,58.722624456659105,92.28763862432675,0.8087585204738501,0.8225302406654466,0.8720406215845442,bounce_support
XAUUSD.a,15m,1,0.16,2020-04-13 15:30:00,1690.0318364921222,2020-04-13 17:00:00,1693.959923664122,1685.6051405114163,1693.959923664122,target,6,62.84939475199644,-3.84,-0.0,0.0,62.84939475199644,98.62286746904208,0.8873632138101619,0.8611019389486732,0.995813475127063,bounce_support
XAUUSD.a,15m,1,0.15,2020-04-14 06:30:00,1720.602827460785,2020-04-14 07:00:00,1715.789382018555,1715.8966751884989,1727.3735593220338,stop,2,-72.20168163344965,-3.5999999999999996,-1.6093975491583123,0.0,-72.20168163344965,-112.41640063127602,-1.0227984909404062,1.0417910805090231,0.16301481440213983,bounce_support
XAUUSD.a,15m,1,0.17,2020-04-14 07:15:00,1716.740276724251,2020-04-14 08:00:00,1712.3517264594605,1712.4573233781082,1724.4653532437837,stop,3,-74.60535450144084,-4.08,-1.7951476170097083,0.0,-74.60535450144084,-116.21857884138836,-1.0246551643488788,1.1231214387574435,0.25676751224460714,bounce_support
XAUUSD.a,15m,1,0.14,2020-04-14 10:30:00,1712.5891527369954,2020-04-14 10:45:00,1722.029517956374,1707.390241021813,1722.029517956374,target,1,132.16511307130168,-3.3600000000000003,-0.0,0.0,132.16511307130168,206.05081393050057,1.8158348778668083,0.09216404571676484,2.4275940724570773,bounce_support
XAUUSD.a,15m,1,0.12,2020-04-14 14:45:00,1718.642924774399,2020-04-14 15:15:00,1728.875856778207,1712.8470716108966,1728.875856778207,target,2,122.79518404569535,-2.88,-0.0,0.0,122.79518404569535,191.6877677890967,1.7655609476524712,0.10575229515108531,1.9405383311685627,bounce_support
XAUUSD.a,15m,1,0.11,2020-04-15 01:00:00,1728.1273058864217,2020-04-15 02:15:00,1721.6015598617125,1721.731008462985,1736.72798307403,stop,5,-71.78320627180096,-17.82,-1.4239346139986313,0.0,-71.78320627180096,-111.55641486285447,-1.0202380522203722,1.039242775369597,0.37720167682289385,bounce_support
XAUUSD.a,15m,1,0.1,2020-04-15 02:30:00,1725.3836062769785,2020-04-15 09:30:00,1718.21656726701,1718.3109755418557,1733.4580489162884,stop,28,-71.67039009968448,-2.4,-0.9440827484568705,0.0,-71.67039009968448,-112.77972918485654,-1.0133483958630496,1.4186526418170657,0.8181388142160702,bounce_support
XAUUSD.a,15m,-1,0.14,2020-04-15 13:00:00,1715.4321143670038,2020-04-15 13:15:00,1720.8857045471036,1720.5315424154303,1705.5569151691393,stop,1,-76.35026252139734,-3.3600000000000003,-1.5982698434260194,0.0,-76.35026252139734,-120.80546592838301,-1.0694513440154534,1.0840207137939615,0.027868687557557267,bounce_resistance
XAUUSD.a,15m,-1,0.09,2020-04-15 17:00:00,1723.7248964232874,2020-04-15 19:00:00,1710.6214338857878,1731.274283057106,1710.3814338857878,target,8,117.93116283749623,-2.16,-0.0,0.0,117.93116283749623,185.97903019585914,1.7356989611315836,0.18347233277306352,1.9160359807894594,bounce_resistance
XAUUSD.a,15m,-1,0.17,2020-04-16 09:15:00,1717.8246552148703,2020-04-16 09:15:00,1722.4310818051458,1722.108064627451,1715.012328767123,stop,0,-78.30925203468405,-4.08,-1.4112920208087023,0.0,-78.30925203468405,-124.42482487993398,-1.0754112312369684,1.0541473742546337,0.0,bounce_resistance
XAUUSD.a,15m,-1,0.26,2020-04-16 09:45:00,1722.8627118944546,2020-04-16 10:15:00,1725.9772662288008,1725.6424716637202,1716.1550566725596,stop,2,-80.97841269300034,-6.24,-2.464658692095599,0.0,-80.97841269300034,-128.7108204609399,-1.1204401073726509,1.0926440979278873,1.1233747351050987,bounce_resistance
XAUUSD.a,15m,1,0.12,2020-04-16 16:15:00,1723.1206052889224,2020-04-16 16:15:00,1717.3196814043624,1717.455589337746,1733.4588213245079,stop,0,-69.61108661472008,-2.88,-1.630895200602843,0.0,-69.61108661472008,-110.20166639973417,-1.023990741518628,1.0151084018974987,0.2752674881266305,bounce_support
XAUUSD.a,15m,1,0.11,2020-04-16 16:30:00,1720.0261620539993,2020-04-16 17:00:00,1731.3762823168959,1713.8468588415521,1731.3762823168959,target,2,124.85132289186208,-2.6399999999999997,-0.0,0.0,124.85132289186208,197.8563641277013,1.8367961358545484,0.19843047214926482,2.094708335387642,bounce_support
XAUUSD.a,15m,1,0.12,2020-04-16 18:45:00,1720.7437437633423,2020-04-16 19:15:00,1714.8004635925113,1714.9601959598951,1731.33960808021,stop,2,-71.31936204997237,-2.88,-1.9167884086070814,0.0,-71.31936204997237,-113.47010015428438,-1.0276184053131994,1.0553632425592123,0.7981703261631499,bounce_support
XAUUSD.a,15m,-1,0.14,2020-04-16 23:30:00,1717.8195031882515,2020-04-17 01:00:00,1708.2448249555116,1722.8175875222444,1708.0048249555116,target,2,134.0454952583582,-3.3600000000000003,-0.0,4.232200000000001,138.2776952583582,217.58197264973282,1.976152776287651,0.310218217248397,2.953032042270561,bounce_resistance
XAUUSD.a,15m,-1,0.1,2020-04-17 03:45:00,1716.9209501613752,2020-04-17 06:30:00,1703.8185432432474,1723.6957283783763,1703.5785432432474,target,11,131.02406918127826,-2.4,-0.0,0.0,131.02406918127826,206.10990904715786,1.9339979108464043,0.23160165371720934,2.0075860383509165,bounce_resistance
XAUUSD.a,15m,-1,0.13,2020-04-17 22:45:00,1681.0932107321835,2020-04-17 22:45:00,1680.9099159663867,1686.5050471132013,1680.6699159663867,target,0,2.3828319553576875,-3.12,-0.0,0.0,2.3828319553576875,3.7432951416326623,0.03386923640922665,0.5241823787885981,0.10961357484202346,bounce_resistance
XAUUSD.a,15m,-1,0.13,2020-04-17 23:00:00,1683.557252822742,2020-04-17 23:45:00,1680.979411764706,1689.028276950152,1680.5194117647059,target,3,33.51193375446837,-5.98,-0.0,0.0,33.51193375446837,52.67349934687431,0.47118071461628114,0.28015726883360587,0.5716028205896861,bounce_resistance
XAUUSD.a,15m,-1,0.17,2020-04-20 07:15:00,1681.8201067021207,2020-04-20 09:15:00,1673.5504879206892,1686.1797560396556,1673.3104879206892,target,8,140.5835192843358,-4.08,-0.0,0.0,140.5835192843358,221.33559935187327,1.8968541139842117,0.4724905923383645,2.167630001972672,bounce_resistance
XAUUSD.a,15m,-1,0.15,2020-04-20 09:45:00,1680.7381458772209,2020-04-20 14:30:00,1686.0760109422981,1685.710600457338,1671.008799085324,stop,19,-80.067975976159,-3.5999999999999996,-1.8811572744027114,0.0,-80.067975976159,-126.00795690434516,-1.0734869427307248,1.8043109249613176,1.5179919204094747,bounce_resistance
XAUUSD.a,15m,1,0.14,2020-04-20 21:00:00,1692.8845743649806,2020-04-20 21:15:00,1687.645620964636,1687.7769852587162,1702.1260294825674,stop,1,-73.34534760482438,-3.3600000000000003,-1.8391001171225614,0.0,-73.34534760482438,-115.59732636420493,-1.0257194326613053,1.4692987648078826,0.22621742097504202,bounce_support
XAUUSD.a,15m,-1,0.18,2020-04-21 08:30:00,1689.4266630972515,2020-04-21 09:15:00,1693.7752214087416,1693.451283958666,1681.5374320826681,stop,3,-78.27404960682043,-4.32,-1.5108741013600318,0.0,-78.27404960682043,-123.93566763275714,-1.0804889357855623,1.0568292142812503,0.4041779718549495,bounce_resistance
XAUUSD.a,15m,1,0.13,2020-04-22 03:00:00,1688.10122211641,2020-04-22 06:15:00,1682.3464089214656,1682.4588714864371,1698.782257027126,stop,13,-74.81257153427873,-3.12,-1.462013344630457,0.0,-74.81257153427873,-118.65970615131127,-1.0199318639246113,1.1274063831868923,0.660855400191197,bounce_support
XAUUSD.a,15m,1,0.15,2020-04-22 06:30:00,1684.374091111649,2020-04-22 10:15:00,1691.783260539114,1679.613369730443,1691.783260539114,target,15,111.13754141197546,-3.5999999999999996,-0.0,0.0,111.13754141197546,175.31239772214323,1.556312338864118,0.8662744112541086,1.7278702594998698,bounce_support
XAUUSD.a,15m,1,0.15,2020-04-22 23:30:00,1714.4939466862222,2020-04-23 02:15:00,1709.616289551055,1709.7050087509297,1723.1299824981409,stop,7,-73.16485702750924,-3.5999999999999996,-1.330787998119884,-12.438,-85.60285702750924,-135.95092117572855,-1.191674900004453,1.005222191489536,0.19337342147477318,bounce_support
XAUUSD.a,15m,1,0.17,2020-04-23 05:00:00,1710.3140726457286,2020-04-23 09:00:00,1717.8201657285085,1706.0899171357457,1717.8201657285085,target,16,127.60358240725829,-4.08,-0.0,0.0,127.60358240725829,201.0645128060921,1.7769452533271668,0.8082260791914748,1.9923336947188937,bounce_support
XAUUSD.a,15m,1,0.1,2020-04-23 19:15:00,1728.684551768471,2020-04-23 20:15:00,1721.5774585843717,1721.7227732420392,1741.6044535159213,stop,4,-71.07093184099313,-2.4,-1.4531465766759035,0.0,-71.07093184099313,-111.53280160853885,-1.0208732089243897,1.1110022732129736,0.5796576573367909,bounce_support
XAUUSD.a,15m,1,0.1,2020-04-23 21:00:00,1724.0356385332595,2020-04-24 17:00:00,1716.7361342108557,1716.8693877936123,1737.0012244127752,stop,76,-72.99504322403891,-2.4,-1.3325358275656445,-8.292,-81.28704322403891,-127.47109602477522,-1.1343036432470723,1.192483886445787,1.7058238555775393,bounce_support
XAUUSD.a,15m,-1,0.26,2020-04-27 07:15:00,1722.817558207635,2020-04-27 07:15:00,1722.6472104018912,1725.6533920118418,1722.4072104018912,target,0,4.429042949340328,-6.24,-0.0,0.0,4.429042949340328,6.866839717422485,0.06006974227162545,0.04317664603028639,0.8489771876136181,bounce_resistance
XAUUSD.a,15m,-1,0.18,2020-04-27 12:00:00,1722.2178596604363,2020-04-27 15:00:00,1714.4947946331786,1726.2926026834107,1714.2547946331786,target,12,139.0151704906384,-4.32,-0.0,0.0,139.0151704906384,215.2237471019777,1.8953502058198821,0.1428655344107447,2.426621655570944,bounce_resistance
XAUUSD.a,15m,-1,0.19,2020-04-28 05:45:00,1703.2822084260174,2020-04-28 06:30:00,1695.8285997249627,1707.2157001375185,1695.5885997249627,target,3,141.61856532003912,-4.56,-0.0,0.0,141.61856532003912,219.80221219934677,1.8949089632656697,0.31468010225200255,1.9631942793824957,bounce_resistance
XAUUSD.a,15m,-1,0.2,2020-04-28 08:00:00,1697.1435918333711,2020-04-28 09:45:00,1701.134707766737,1700.8042858954045,1691.4314282091912,stop,7,-79.82231866731581,-4.8,-1.808437426647365,0.0,-79.82231866731581,-123.68458197207154,-1.0902620830184544,1.6407839783509852,1.3914278951084764,bounce_resistance
XAUUSD.a,15m,-1,0.17,2020-04-28 11:15:00,1701.9668189307508,2020-04-28 12:15:00,1706.6583219167876,1706.3078765794742,1693.2342468410518,stop,4,-79.75555076262503,-4.08,-1.8775707343286758,0.0,-79.75555076262503,-122.80475904630848,-1.0807281003090328,2.937805046887545,0.6074139401319328,bounce_resistance
XAUUSD.a,15m,1,0.14,2020-04-28 16:45:00,1707.1976468957118,2020-04-28 16:45:00,1701.9625298224985,1702.0940001660663,1716.421999667867,stop,0,-73.29163902498703,-3.3600000000000003,-1.840584809949363,0.0,-73.29163902498703,-112.99452542279424,-1.0257600791222725,2.2214795608510545,0.18660247363053453,bounce_support
XAUUSD.a,15m,1,0.15,2020-04-29 02:00:00,1704.9191704201387,2020-04-29 03:15:00,1707.3890024330901,1700.0959732927274,1707.3890024330901,target,5,37.04748019427143,-3.5999999999999996,-0.0,0.0,37.04748019427143,56.82913315376575,0.5120736199884589,0.21752592573422805,0.5122804468884634,bounce_support
XAUUSD.a,15m,1,0.25,2020-04-29 09:45:00,1708.7074134754541,2020-04-29 10:30:00,1705.6112617525757,1705.6726773532896,1713.944645293421,stop,3,-77.40379307196008,-6.0,-1.5353900178462743,0.0,-77.40379307196008,-118.4177970962443,-1.0202375423238008,1.1359845919635565,0.40945455371573997,bounce_support
XAUUSD.a,15m,-1,0.14,2020-04-29 20:15:00,1699.272752296803,2020-04-29 20:45:00,1704.743698698789,1704.4050686336848,1689.2098627326302,stop,2,-76.59324962780558,-3.3600000000000003,-1.3808209114599936,0.0,-76.59324962780558,-117.40048378750413,-1.065979967499444,1.09643430642781,0.0,bounce_resistance
XAUUSD.a,15m,-1,0.18,2020-04-29 21:45:00,1705.552494788813,2020-04-29 22:30:00,1709.9670686213465,1709.6003464189168,1698.0793071621663,stop,3,-79.46232898560311,-4.32,-2.280999643733804,0.0,-79.46232898560311,-121.38695576915326,-1.090596750064235,2.907098946925826,0.561407629645426,bounce_resistance
XAUUSD.a,15m,1,0.14,2020-04-30 02:00:00,1713.0051096781206,2020-04-30 15:30:00,1707.5926262242342,1707.7120283209842,1722.7359433580316,stop,54,-75.77476835440895,-3.3600000000000003,-1.6716293545009386,0.0,-75.77476835440895,-116.21540497900209,-1.0225581449998034,3.628342053013716,1.6483574940929742,bounce_support
XAUUSD.a,15m,-1,0.09,2020-05-01 01:00:00,1684.443417942557,2020-05-01 08:45:00,1676.270315320904,1692.094842339548,1676.030315320904,target,31,73.55792359487714,-2.16,-0.0,0.0,73.55792359487714,113.93024533002469,1.0681805370601638,0.7771862791693588,1.6249808267656343,bounce_resistance
XAUUSD.a,15m,-1,0.13,2020-05-01 17:00:00,1685.4088067851658,2020-05-01 18:00:00,1691.3191383927024,1690.9260961833802,1674.4378076332398,stop,4,-76.83431089797568,-3.12,-1.9895487211878589,0.0,-76.83431089797568,-119.60881549546326,-1.0712382804225165,1.5788900284355851,1.3881466481791642,bounce_resistance
XAUUSD.a,15m,1,0.1,2020-05-01 23:30:00,1700.4808548210922,2020-05-04 01:45:00,1693.5525494036367,1693.6674070694003,1711.0151858611996,stop,5,-69.28305417455476,-2.4,-1.1485766576355372,-8.292,-77.57505417455477,-121.52623080890241,-1.1385579959175791,1.3078334414290484,0.1260955114383017,bounce_support
XAUUSD.a,15m,-1,0.26,2020-05-05 06:15:00,1698.2044635705995,2020-05-05 08:00:00,1701.2508536019213,1700.9647308138794,1695.898516320475,stop,7,-79.2061408143677,-6.24,-1.1991924890894254,0.0,-79.2061408143677,-122.61771752797031,-1.1036576399399294,1.1214625819064254,0.2986897636837898,bounce_resistance
XAUUSD.a,15m,1,0.21,2020-05-05 23:45:00,1707.3246921123095,2020-05-06 01:30:00,1703.8227644806152,1703.8960875695789,1713.2978248608422,stop,3,-73.54048026558121,-5.04,-1.5397848682380442,-52.239599999999996,-125.7800802655812,-195.29248868984445,-1.7469286868890506,1.1709405567992794,0.0,bounce_support
XAUUSD.a,15m,1,0.22,2020-05-06 12:15:00,1702.4892442311814,2020-05-06 13:15:00,1699.2362630839098,1699.3077655836535,1707.9844688326932,stop,4,-71.56558523997546,-5.279999999999999,-1.5730549943615806,0.0,-71.56558523997546,-111.16984114947644,-1.0224746124885233,1.0118704501389082,0.22340422412419672,bounce_support
XAUUSD.a,15m,-1,0.15,2020-05-07 01:30:00,1687.1393047009133,2020-05-07 03:15:00,1692.1409064149736,1691.8236629578219,1683.6914537444934,stop,7,-75.02402571090556,-3.5999999999999996,-1.1586518572782925,0.0,-75.02402571090556,-117.25252123295391,-1.0677239954232607,1.12943865710612,0.17490222907374964,bounce_resistance
XAUUSD.a,15m,-1,0.27,2020-05-07 07:15:00,1692.4120661926268,2020-05-07 08:45:00,1687.653771793368,1694.968114103316,1687.413771793368,target,6,128.4739487799884,-6.4799999999999995,-0.0,0.0,128.4739487799884,199.97501561209185,1.8615826328449112,0.13612178626158897,2.0078129878413264,bounce_resistance
XAUUSD.a,15m,-1,0.27,2020-05-07 11:15:00,1691.666915020237,2020-05-07 12:00:00,1694.5845313858297,1694.2721550189167,1686.5856899621667,stop,3,-78.77564187100347,-6.4799999999999995,-1.954161906650412,0.0,-78.77564187100347,-121.91729636147501,-1.1199031056913336,1.5442281639318787,0.4517491750600236,bounce_resistance
XAUUSD.a,15m,1,0.17,2020-05-07 22:45:00,1718.3014916149198,2020-05-07 22:45:00,1713.9909430196765,1714.098180442056,1725.773639115888,stop,0,-73.27932611913593,-4.08,-1.8230361804508657,0.0,-73.27932611913593,-112.9842519336642,-1.0255126061262911,1.1375535662904743,0.0,bounce_support
XAUUSD.a,15m,1,0.13,2020-05-07 23:00:00,1716.141342213854,2020-05-08 15:45:00,1710.6112579978108,1710.7194108506565,1726.0511782986869,stop,63,-71.89109480856132,-3.12,-1.4059870869950846,-10.7796,-82.67069480856132,-126.90064594689055,-1.172881726096385,1.8482975055486797,1.3369143392976153,bounce_support
XAUUSD.a,15m,-1,0.17,2020-05-11 02:15:00,1706.7671786312956,2020-05-11 04:30:00,1711.2986070719696,1710.9704653078538,1698.5490693842921,stop,9,-77.03428349145906,-4.08,-1.4984099899683645,0.0,-77.03428349145906,-117.50912729797282,-1.0780679000425657,1.273484722932894,0.9842722968120416,bounce_resistance
XAUUSD.a,15m,-1,0.2,2020-05-11 23:15:00,1697.4327898003125,2020-05-12 06:15:00,1701.268014313279,1700.9714643068269,1690.7070713863461,stop,24,-76.70449025933067,-4.8,-1.1310001290427283,6.046,-70.65849025933066,-109.43267603043405,-0.9983750996207174,1.143707959643359,1.0492035346787807,bounce_resistance
XAUUSD.a,15m,1,0.24,2020-05-12 15:45:00,1701.7795437696652,2020-05-12 16:45:00,1706.700187358495,1698.8699063207525,1706.700187358495,target,4,118.09544613191429,-5.76,-0.0,0.0,118.09544613191429,181.26142886160716,1.691153511468781,0.5394293265821537,2.7874456432246197,bounce_support
XAUUSD.a,15m,1,0.15,2020-05-12 19:45:00,1702.4694645564546,2020-05-13 15:15:00,1710.683508683788,1697.8982456581061,1710.683508683788,target,74,123.21066191000114,-3.5999999999999996,-0.0,-37.314,85.89666191000114,131.8363598704625,1.2527171099599617,0.9449262116970782,1.9339558310671654,bounce_support
XAUUSD.a,15m,1,0.22,2020-05-14 04:15:00,1715.718761242576,2020-05-14 04:30:00,1712.5456946989568,1712.6060264296877,1721.1079471406247,stop,1,-69.80746395962115,-5.279999999999999,-1.3272980760779096,0.0,-69.80746395962115,-108.66666245271038,-1.0193822263564247,1.1722043353864908,0.0,bounce_support
XAUUSD.a,15m,1,0.26,2020-05-14 06:45:00,1713.0956016722346,2020-05-14 10:00:00,1717.9243351443474,1710.3878324278264,1717.9243351443474,target,13,125.54707027493396,-6.24,-0.0,0.0,125.54707027493396,195.19741017278827,1.7832883958205512,0.8330110392134521,2.295025080367831,bounce_support
XAUUSD.a,15m,1,0.2,2020-05-14 15:15:00,1714.2282420378992,2020-05-14 16:30:00,1720.2946370484906,1710.7626814757548,1720.2946370484906,target,5,121.327900211827,-4.8,-0.0,0.0,121.327900211827,189.1168267661554,1.7504801609461815,0.26496205200670137,3.9075231031949627,bounce_support
XAUUSD.a,15m,1,0.18,2020-05-14 23:45:00,1731.3716281373397,2020-05-15 09:15:00,1738.2066181802734,1727.3966909098633,1738.2066181802734,target,34,123.02982077280603,-4.32,-0.0,-14.9256,108.10422077280603,167.67623274104423,1.5109144369423433,0.7274651074617153,1.7832663654818444,bounce_support
XAUUSD.a,15m,1,0.28,2020-05-15 12:45:00,1735.500999118142,2020-05-15 13:15:00,1732.883353327395,1732.9531389215226,1738.6420661157024,stop,2,-73.29408214091654,-6.720000000000001,-1.9539966355736202,0.0,-73.29408214091654,-113.81245382834601,-1.0273898835658817,2.1512165877132374,0.3096719682283705,bounce_support
XAUUSD.a,15m,1,0.12,2020-05-18 01:00:00,1744.1585794802297,2020-05-18 01:00:00,1750.359682891151,1738.6001585544245,1750.359682891151,target,0,74.41324093105413,-2.88,-0.0,0.0,74.41324093105413,115.83449966696367,1.1156232127243737,0.6186252401767464,1.3747466450938668,bounce_support
XAUUSD.a,15m,1,0.22,2020-05-18 08:00:00,1760.2613449861383,2020-05-18 08:30:00,1761.8944028103044,1757.0029622848592,1761.8944028103044,target,2,35.92727213165517,-5.279999999999999,-0.0,0.0,35.92727213165517,55.89444456283768,0.5011866235126696,0.3993837143891695,1.092153789198771,bounce_support
XAUUSD.a,15m,1,0.21,2020-05-18 10:15:00,1760.593916667043,2020-05-18 15:00:00,1757.1480468345278,1757.2444299437097,1766.4711401125803,stop,19,-72.3632664828192,-5.04,-2.0240452928195674,0.0,-72.3632664828192,-111.79074397555915,-1.0287754862589893,2.1746366738227985,1.399045203049377,bounce_support
XAUUSD.a,15m,-1,0.14,2020-05-18 22:15:00,1733.9356394097483,2020-05-19 04:30:00,1739.4791614071717,1739.1667204099506,1727.8066225165562,stop,21,-77.60930796392678,-3.3600000000000003,-1.014173961094484,4.232200000000001,-73.37710796392678,-112.44844448451708,-1.0019386045103644,1.0216551015067454,0.8326461413195428,bounce_resistance
XAUUSD.a,15m,-1,0.2,2020-05-19 16:00:00,1735.3437311442342,2020-05-19 16:15:00,1739.2957846539332,1738.9623673191165,1728.2752653617672,stop,1,-79.04107019397998,-4.8,-1.8683466963346107,0.0,-79.04107019397998,-120.65312725188133,-1.09213894923479,1.3447798066972194,0.5951775862916564,bounce_resistance
XAUUSD.a,15m,1,0.19,2020-05-20 01:00:00,1744.8957487638029,2020-05-20 04:45:00,1751.0277223489434,1741.2361388255283,1751.0277223489434,target,15,116.50749811766923,-4.56,-0.0,0.0,116.50749811766923,177.71938636250778,1.67558119268623,0.42511327437712393,1.6789360997019163,bounce_support
XAUUSD.a,15m,1,0.33,2020-05-20 09:15:00,1747.6523828361578,2020-05-20 10:00:00,1751.2077148046087,1745.4661425976958,1751.2077148046087,target,3,117.32595495887972,-7.92,-0.0,0.0,117.32595495887972,179.67221280073463,1.6262311460116732,0.568273703091172,1.7507761025087023,bounce_support
XAUUSD.a,15m,1,0.23,2020-05-20 11:15:00,1748.2923246796572,2020-05-20 15:30:00,1745.0875079430718,1745.175562342067,1753.678875315866,stop,17,-73.71078494146354,-5.52,-2.0252511768902384,0.0,-73.71078494146354,-112.0411998076632,-1.0282518811053254,1.807107526848476,1.6323590858956951,bounce_support
XAUUSD.a,15m,1,0.17,2020-05-20 17:45:00,1745.9400533807336,2020-05-20 21:00:00,1752.2627050997783,1741.7383843940736,1752.2627050997783,target,13,107.48507922375894,-4.08,-0.0,0.0,107.48507922375894,162.84631116865486,1.5047952942315486,0.740194763225725,1.880192524529663,bounce_support
XAUUSD.a,15m,-1,0.22,2020-05-21 14:30:00,1736.674091965386,2020-05-21 15:15:00,1740.2557057717756,1739.9402319641697,1730.009536071661,stop,3,-78.79550374057271,-5.279999999999999,-1.6604237673308555,0.0,-78.79550374057271,-119.62819581971657,-1.0965891871516282,1.223434401495996,0.2798691929085634,bounce_resistance
XAUUSD.a,15m,-1,0.26,2020-05-21 15:45:00,1738.2662286616142,2020-05-21 16:45:00,1733.1409198708493,1741.0295400645753,1732.9009198708493,target,4,133.25802855988604,-6.24,-0.0,0.0,133.25802855988604,202.0959515907156,1.8547706151658014,0.544191775409178,2.216988159586107,bounce_resistance
XAUUSD.a,15m,-1,0.1,2020-05-22 01:00:00,1722.8101644574845,2020-05-22 01:00:00,1723.1799999999998,1729.6971946369163,1725.5714285714287,target_gap,0,-3.69835542515375,-3.2,-0.0,0.0,-3.69835542515375,-5.630698555393791,-0.053700293577904325,0.5691619523059724,0.0,bounce_resistance
XAUUSD.a,15m,-1,0.23,2020-05-22 01:15:00,1726.5112241390927,2020-05-22 04:00:00,1729.9905075737513,1729.6915695133205,1723.5872277227722,stop,11,-80.02351899714677,-5.52,-1.355575389907627,0.0,-80.02351899714677,-122.02427416460317,-1.0939954706973982,1.2479071905424726,0.5066192345489848,bounce_resistance
XAUUSD.a,15m,1,0.3,2020-05-22 14:30:00,1734.303775149956,2020-05-22 14:45:00,1731.7900968676765,1731.8628765408296,1738.3342469183408,stop,1,-75.41034846838329,-7.199999999999999,-2.183390194590854,0.0,-75.41034846838329,-115.45993671762633,-1.0298167539122338,1.7509023660288723,0.6539496741388185,bounce_support
XAUUSD.a,15m,-1,0.4,2020-05-25 07:00:00,1728.6126410951392,2020-05-25 08:30:00,1725.2533937354315,1730.4533031322844,1725.0133937354315,target,6,134.36989438831006,-9.6,-0.0,0.0,134.36989438831006,205.83308219590702,1.8250212651301452,0.1126545235769184,2.08764076054888,bounce_resistance
XAUUSD.a,15m,-1,0.43,2020-05-25 09:15:00,1727.2803100246408,2020-05-25 10:30:00,1729.2807097164089,1728.9951079849288,1723.9397840301422,stop,5,-86.01718674602625,-10.32,-1.9608744536454088,0.0,-86.01718674602625,-131.81700520423917,-1.166551242825165,1.0786635033369272,1.5397207634870498,bounce_resistance
XAUUSD.a,15m,1,0.27,2020-05-26 07:30:00,1734.644821218477,2020-05-26 07:45:00,1731.889791831723,1731.9414856717447,1739.2270286565104,stop,1,-74.38579344236155,-6.4799999999999995,-1.3957336805862497,0.0,-74.38579344236155,-113.20660108717591,-1.0191222432909528,1.0856296481672143,0.0,bounce_support
XAUUSD.a,15m,1,0.33,2020-05-26 10:00:00,1730.6611456509468,2020-05-26 10:00:00,1728.4037612717648,1728.4654797481846,1734.209040503631,stop,0,-74.49368451300552,-7.92,-2.0367097218558263,0.0,-74.49368451300552,-112.93081758687393,-1.0281092293423213,1.94526209364257,0.2454172779089053,bounce_support
XAUUSD.a,15m,-1,0.26,2020-05-26 15:00:00,1726.154725836954,2020-05-26 15:15:00,1729.3071269130987,1728.9998450431417,1720.0603099137165,stop,1,-81.96242797976402,-6.24,-1.7493286188837447,0.0,-81.96242797976402,-123.41694595739263,-1.1080031617967807,1.0598059148060668,0.38125848456363115,bounce_resistance
XAUUSD.a,15m,-1,0.2,2020-05-26 16:30:00,1728.1843135003992,2020-05-26 16:45:00,1721.4781536410032,1731.7409231794984,1721.2381536410032,target,1,134.12319718791878,-4.8,-0.0,0.0,134.12319718791878,201.84077831139018,1.8855484476706539,0.01565718609159502,2.801632565686218,bounce_resistance
XAUUSD.a,15m,-1,0.25,2020-05-26 23:15:00,1712.2472719383654,2020-05-26 23:30:00,1709.9433839479393,1715.1368726643573,1709.7033839479393,target,1,57.597199760652984,-6.0,-0.0,0.0,57.597199760652984,86.53685471416357,0.7973032293710134,0.11860741124255121,1.0891719087886218,bounce_resistance
XAUUSD.a,15m,-1,0.13,2020-05-27 01:00:00,1708.6758892305354,2020-05-27 01:00:00,1708.97,1714.1472503879331,1709.6197613882864,target_gap,0,-3.823440003040105,-3.12,-0.0,0.0,-3.823440003040105,-5.750744522215361,-0.05375458884978958,0.6861383596271649,0.0376303491238186,bounce_resistance
XAUUSD.a,15m,-1,0.25,2020-05-27 11:15:00,1709.545631514006,2020-05-27 14:30:00,1704.003304747202,1712.5033476263989,1703.763304747202,target,13,138.55816917009633,-6.0,-0.0,0.0,138.55816917009633,208.3268217863424,1.873853526233041,0.2651939727100566,3.1056501587551804,bounce_resistance
XAUUSD.a,15m,-1,0.15,2020-05-27 19:15:00,1707.267783112256,2020-05-27 20:15:00,1712.3319661771675,1711.9815571133327,1697.9968857733345,stop,4,-75.96274597367255,-3.5999999999999996,-1.6561359575221026,0.0,-75.96274597367255,-115.04800456430331,-1.0743372643140707,1.2521213122215797,0.4068466396178591,bounce_resistance
XAUUSD.a,15m,1,0.19,2020-05-27 23:15:00,1713.3425140718318,2020-05-27 23:45:00,1709.5077739878166,1709.5884730552114,1719.9730538895772,stop,2,-72.86006159629005,-4.56,-1.533282280499015,0.0,-72.86006159629005,-109.99903618263214,-1.0214965864884016,1.4204730444400844,0.1405114983647472,bounce_support
XAUUSD.a,15m,1,0.22,2020-05-28 12:00:00,1720.4820482388116,2020-05-28 16:15:00,1726.3835166272559,1717.1082416863721,1726.3835166272559,target,17,129.8323045457746,-5.279999999999999,-0.0,0.0,129.8323045457746,195.4040373640182,1.7492017686008894,0.29404419707889057,1.8015116358090377,bounce_support
XAUUSD.a,15m,1,0.18,2020-05-28 20:00:00,1720.4954645085695,2020-05-28 20:15:00,1716.3261873796496,1716.4108772308714,1727.2082455382572,stop,1,-75.04698832055874,-4.32,-1.5244173219931674,0.0,-75.04698832055874,-112.7119359604685,-1.020734004555177,1.2132105820400572,0.07210899692084384,bounce_support
XAUUSD.a,15m,-1,0.3,2020-05-29 02:00:00,1719.2670799479242,2020-05-29 02:45:00,1722.0197348435152,1721.7199499194571,1714.4901001610856,stop,3,-82.57964686772766,-7.199999999999999,-1.7935477217410782,0.0,-82.57964686772766,-124.509448868777,-1.122218025226459,1.14271041050091,0.023270678261238083,bounce_resistance
XAUUSD.a,15m,1,0.21,2020-05-29 06:30:00,1720.210813368117,2020-05-29 07:45:00,1721.6093725490196,1716.7930873837636,1721.6093725490196,target,5,29.369742798953894,-5.04,-0.0,0.0,29.369742798953894,44.16967620494472,0.409207521991309,0.29868203969255824,0.4532799408072176,bounce_support
XAUUSD.a,15m,1,0.21,2020-05-29 20:45:00,1735.1157403791533,2020-05-29 21:45:00,1731.5251761314603,1731.6017339264806,1741.2865321470385,stop,4,-75.4018492015532,-5.04,-1.607713695426016,0.0,-75.4018492015532,-113.19219563688296,-1.0217864696754062,1.296451910521779,0.7325711137749437,bounce_support
XAUUSD.a,15m,1,0.29,2020-06-01 08:30:00,1742.7516564659118,2020-06-01 08:30:00,1742.8553935185184,1740.1631133739845,1742.8553935185184,target,0,3.008374525593581,-6.959999999999999,-0.0,0.0,3.008374525593581,4.462867755928112,0.04007545902179276,0.5723901103027976,0.4127200112758243,bounce_support
XAUUSD.a,15m,1,0.24,2020-06-01 09:15:00,1742.6401701368834,2020-06-01 09:15:00,1743.0762962962963,1739.5531098454726,1743.0762962962963,target,0,10.4670278259091,-5.76,-0.0,0.0,10.4670278259091,15.508775726999302,0.14127555610958492,0.21385074296092801,0.30120236579234394,bounce_support
XAUUSD.a,15m,1,0.25,2020-06-01 09:30:00,1742.9197722699632,2020-06-01 09:30:00,1743.1499305555556,1739.9929217272588,1743.1499305555556,target,0,5.753957139808108,-6.0,-0.0,0.0,5.753957139808108,8.525517683555004,0.07863684265191678,0.4953352584322987,0.0957437784909517,bounce_support
XAUUSD.a,15m,1,0.26,2020-06-01 11:30:00,1738.8883369817424,2020-06-01 11:45:00,1735.9099501719982,1735.9859981108539,1743.7390046296296,stop,1,-77.43805705335126,-6.24,-1.9772464102510434,0.0,-77.43805705335126,-114.95295339323278,-1.0262022948520915,1.46720874824607,0.11771989194114155,bounce_support
XAUUSD.a,15m,1,0.3,2020-06-02 03:15:00,1741.0186343324958,2020-06-02 04:00:00,1738.4631387449037,1738.5223988187886,1742.5,stop,3,-76.6648676277623,-7.199999999999999,-1.7778022165437637,0.0,-76.6648676277623,-112.98170777493854,-1.0237397767796494,1.685992491247554,0.3971442846880512,bounce_support
XAUUSD.a,15m,1,0.28,2020-06-02 04:15:00,1737.5893133790714,2020-06-02 05:00:00,1742.0166672159514,1734.9416663920242,1742.0166672159514,target,3,123.96590743264007,-6.720000000000001,-0.0,0.0,123.96590743264007,182.945805747613,1.672184342753945,0.44919635619464465,1.7489818860228705,bounce_support
XAUUSD.a,15m,1,0.33,2020-06-02 07:15:00,1738.3012402664053,2020-06-02 07:30:00,1735.9720736448119,1736.0211797301624,1742.047640539675,stop,1,-76.86249851258412,-7.92,-1.6205008165648997,0.0,-76.86249851258412,-113.20122315878604,-1.0215371848992554,1.2329673803475862,0.0,bounce_support
XAUUSD.a,15m,1,0.36,2020-06-02 08:00:00,1736.791692953824,2020-06-02 08:45:00,1740.0334108255715,1734.7332945872142,1740.0334108255715,target,3,116.70184338291347,-8.64,-0.0,0.0,116.70184338291347,171.56485164051844,1.5748739040669169,0.5935162860803261,1.587791313475963,bounce_support
XAUUSD.a,15m,-1,0.29,2020-06-02 12:15:00,1740.0207052142894,2020-06-02 16:00:00,1742.9338541932946,1742.62767031175,1734.9246593764997,stop,15,-84.4813203911508,-6.959999999999999,-1.9193325647889468,0.0,-84.4813203911508,-123.01791127814137,-1.1174484007640608,1.023908907837196,1.2392590976519908,bounce_resistance
XAUUSD.a,15m,-1,0.24,2020-06-03 01:15:00,1728.9685178876953,2020-06-03 03:00:00,1723.0119316238972,1732.1440341880514,1722.7719316238972,target,7,142.95807033115307,-5.76,-0.0,0.0,142.95807033115307,205.6151859438104,1.875785132367322,0.8822131103501376,2.666816066019133,bounce_resistance
XAUUSD.a,15m,-1,0.22,2020-06-03 13:30:00,1719.3307140890718,2020-06-03 15:00:00,1723.1069972933583,1722.7879593064008,1712.5640813871987,stop,6,-83.07823049430363,-5.279999999999999,-1.738835713063664,0.0,-83.07823049430363,-120.68483053836289,-1.0922809829509175,1.981139745771298,0.6828309653127657,bounce_resistance
XAUUSD.a,15m,-1,0.13,2020-06-03 20:00:00,1698.751232599476,2020-06-04 05:15:00,1704.7209339225801,1704.4176146701266,1687.6847706597466,stop,33,-77.60611720035354,-3.12,-0.8231502818962272,3.9299000000000004,-73.67621720035353,-106.82202258971674,-1.000179877113975,1.0639535642593543,0.8437893068031372,bounce_resistance
XAUUSD.a,15m,-1,0.36,2020-06-04 08:00:00,1703.9423914821707,2020-06-04 09:00:00,1700.0750572470777,1706.0524713764612,1699.8350572470777,target,4,139.22403246334943,-8.64,-0.0,0.0,139.22403246334943,202.03748724909218,1.832790429195297,0.39695583095961867,2.1953630735524285,bounce_resistance
XAUUSD.a,15m,-1,0.32,2020-06-04 11:00:00,1702.2551712358188,2020-06-04 11:00:00,1704.9504114199922,1704.6431682737204,1699.3238461538463,stop,0,-86.2476858935479,-7.68,-2.1517806806939466,0.0,-86.2476858935479,-125.01838855097682,-1.1286614436262903,1.074050228485573,0.19898317639303786,bounce_resistance
XAUUSD.a,15m,1,0.2,2020-06-04 23:30:00,1715.3302506867315,2020-06-05 05:00:00,1711.5335241323971,1711.5956725712222,1721.9286548575556,stop,18,-75.93453108668655,-4.8,-1.2429687765002269,-16.584,-92.51853108668655,-133.19109610394966,-1.2386744663669937,1.2826751880856664,0.23556859330778848,bounce_support
XAUUSD.a,15m,1,0.28,2020-06-05 05:15:00,1711.5710014145106,2020-06-05 06:15:00,1708.813898525819,1708.8748970004067,1715.1748837209302,stop,4,-77.19888088336576,-6.720000000000001,-1.7079572884555783,0.0,-77.19888088336576,-111.05675324524299,-1.0226246707169722,1.7028277504736167,0.5411506237877736,bounce_support
XAUUSD.a,15m,-1,0.12,2020-06-05 19:15:00,1680.403860354692,2020-06-08 04:00:00,1686.7557179982507,1686.4339030205745,1668.632193958851,stop,31,-76.22229172270545,-2.88,-0.981779732114219,3.6275999999999997,-72.59469172270545,-104.1097559447367,-1.00323629180713,1.0026694636037419,0.5080992829498621,bounce_resistance
XAUUSD.a,15m,-1,0.25,2020-06-08 06:15:00,1687.8458773267682,2020-06-08 08:00:00,1691.1945452047203,1690.895661425776,1681.8186771484475,stop,7,-83.71669694880097,-6.0,-1.4720944736051529,0.0,-83.71669694880097,-120.04803394057728,-1.098001618882269,1.1424161711529435,0.11013150959686167,bounce_resistance
XAUUSD.a,15m,1,0.28,2020-06-08 15:00:00,1692.1961860136719,2020-06-08 16:00:00,1689.4442605263241,1689.520744600791,1696.6885107984183,stop,4,-77.05391364573735,-6.720000000000001,-2.141554085072739,0.0,-77.05391364573735,-110.31498467513829,-1.0285874600350542,1.6356874766918137,0.8610967802308888,bounce_support
XAUUSD.a,15m,1,0.3,2020-06-09 02:15:00,1698.0801941565333,2020-06-09 03:45:00,1699.5777625570774,1695.6062155258544,1699.5777625570774,target,6,44.92705201632589,-7.199999999999999,-0.0,0.0,44.92705201632589,64.02144925732225,0.6053279450248383,0.48916920361647814,1.1963748622414507,bounce_support
XAUUSD.a,15m,1,0.2,2020-06-09 05:00:00,1698.2778590242883,2020-06-09 06:30:00,1694.5001301618108,1694.5629415354001,1704.8441169291998,stop,6,-75.55457724954977,-4.8,-1.2562274717834712,0.0,-75.55457724954977,-107.98910490895415,-1.0169078785133616,1.0653962130052275,0.06787256418637573,bounce_support
XAUUSD.a,15m,1,0.2,2020-06-09 17:45:00,1718.9621257389947,2020-06-09 19:30:00,1715.0939917607034,1715.1722037977224,1725.5755924045554,stop,7,-77.36267956582651,-4.8,-1.5642407403832244,0.0,-77.36267956582651,-111.10378935506672,-1.0206368464129372,1.124594597207949,0.1419222531070749,bounce_support
XAUUSD.a,15m,1,0.19,2020-06-09 19:45:00,1715.4210169752978,2020-06-10 14:30:00,1722.1001694915255,1711.546863497778,1722.1001694915255,target,71,126.90389780832743,-4.56,-0.0,-47.2644,79.63949780832743,113.60517218956298,1.0819273269760212,0.9424038042073748,1.845301964980238,bounce_support
XAUUSD.a,15m,1,0.23,2020-06-10 18:00:00,1719.0319300998801,2020-06-10 18:00:00,1715.6676401004004,1715.7605352502208,1724.6689294995585,stop,0,-77.37866998803429,-5.52,-2.1365884458671394,0.0,-77.37866998803429,-110.50938301633002,-1.028396190031922,1.7551932321706842,0.020807607533792048,bounce_support
XAUUSD.a,15m,1,0.2,2020-06-11 06:00:00,1732.5571200184006,2020-06-11 08:15:00,1728.878777814416,1728.934660994509,1738.8806780109821,stop,9,-73.56684407969169,-4.8,-1.1176636018590804,0.0,-73.56684407969169,-106.18617525684053,-1.0154268632783234,1.108948366815472,0.3541461678760647,bounce_support
XAUUSD.a,15m,1,0.26,2020-06-11 14:15:00,1732.5286817204712,2020-06-11 14:15:00,1729.6928072249366,1729.7658298056435,1737.218340388713,stop,0,-73.732736883901,-6.24,-1.8985870983808546,0.0,-73.732736883901,-106.65808893953565,-1.0264301464421777,2.265297566938746,0.0,bounce_support
XAUUSD.a,15m,-1,0.33,2020-06-12 08:45:00,1728.5874958782495,2020-06-12 09:00:00,1731.0965965766666,1730.7866372642281,1724.316725471544,stop,1,-82.80032304776478,-7.92,-2.3086573104689823,0.0,-82.80032304776478,-120.7529867985486,-1.1409456046867494,1.6790662689053204,0.6945873912375686,bounce_resistance
XAUUSD.a,15m,-1,0.21,2020-06-12 10:00:00,1731.7524736269165,2020-06-12 11:15:00,1735.5508266133284,1735.2463431660262,1724.9073136679474,stop,5,-79.76541271464839,-5.04,-1.354152393345941,0.0,-79.76541271464839,-115.63556496759698,-1.0871479154827588,1.149878759957128,0.20392107345201885,bounce_resistance
XAUUSD.a,15m,1,0.2,2020-06-12 20:15:00,1731.391490062883,2020-06-15 01:00:00,1727.8129768152019,1727.8903731322139,1737.459253735572,stop,15,-71.57026495362061,-7.000000000000001,-1.5479263402410597,-16.584,-88.15426495362061,-128.98044530648104,-1.2589448838656123,1.1571993004269052,0.8764374335051967,bounce_support
XAUUSD.a,15m,-1,0.19,2020-06-15 01:30:00,1732.5985551783162,2020-06-15 05:45:00,1728.1951162790695,1736.2441256340906,1727.9551162790694,target,17,83.66533908568908,-4.56,-0.0,0.0,83.66533908568908,122.65846516007781,1.2078874767794114,0.41459761648266613,1.6289783040429098,bounce_resistance
XAUUSD.a,15m,-1,0.13,2020-06-15 17:15:00,1713.315395923097,2020-06-15 17:30:00,1719.0232301491474,1718.6737887563181,1702.972422487364,stop,1,-74.20184493865531,-3.12,-1.4227381067801776,0.0,-74.20184493865531,-108.23064067249422,-1.0652138437224627,1.0235539363406407,0.004739466457095762,bounce_resistance
XAUUSD.a,15m,-1,0.15,2020-06-15 18:00:00,1716.54640919936,2020-06-15 18:15:00,1721.5563114826562,1721.206652867479,1707.4466942650415,stop,1,-75.14853424944363,-3.5999999999999996,-1.6448792276558908,0.0,-75.14853424944363,-109.69307854475919,-1.075030114319794,1.3504853498744294,0.0,bounce_resistance
XAUUSD.a,15m,-1,0.15,2020-06-15 19:15:00,1721.6411635792713,2020-06-15 21:00:00,1726.591902601147,1726.2538612689893,1712.6222774620214,stop,7,-74.261085328136,-3.5999999999999996,-1.470619982365817,0.0,-74.261085328136,-107.39130199296602,-1.0732849527319304,1.4739393036495172,0.8175613996290075,bounce_resistance
XAUUSD.a,15m,1,0.23,2020-06-16 03:00:00,1724.3449825267799,2020-06-16 05:00:00,1729.597686613935,1721.2911566930325,1729.597686613935,target,8,120.81219400456621,-5.52,-0.0,0.0,120.81219400456621,173.24221923334608,1.7200404912120935,0.09331983626263549,2.3822633867409353,bounce_support
XAUUSD.a,15m,1,0.26,2020-06-16 09:15:00,1724.0941425866,2020-06-16 10:45:00,1728.7254993648958,1721.352250317552,1728.7254993648958,target,6,120.41527623569255,-6.24,-0.0,0.0,120.41527623569255,174.37337267680223,1.6891096818709528,0.7236398778311602,2.1502877702220844,bounce_support
XAUUSD.a,15m,-1,0.11,2020-06-16 19:45:00,1728.4371121991787,2020-06-17 12:30:00,1716.6385665049581,1734.580716747521,1716.3985665049581,target,63,129.78400263642652,-2.6399999999999997,-0.0,9.9759,139.75990263642652,203.27826078342258,2.068076744563432,0.3292672542485134,2.5794486078136436,bounce_resistance
XAUUSD.a,15m,1,0.24,2020-06-17 21:45:00,1727.1889918506104,2020-06-17 22:15:00,1727.5448988764044,1724.1209933750044,1727.5448988764044,target,2,8.54176861905762,-5.76,-0.0,0.0,8.54176861905762,12.407606610777597,0.11600625900694986,0.30931953133481677,0.20893365967627034,bounce_support
XAUUSD.a,15m,1,0.28,2020-06-17 23:45:00,1728.0344348670476,2020-06-18 01:00:00,1723.1832728637553,1725.4256623911353,1728.7002316602318,stop_gap,1,-135.83253609218445,-12.880000000000003,-1.5883598148529652,-23.217600000000004,-159.05013609218446,-230.97609075251881,-2.1774079785574125,1.8378125771091043,0.09413052890574854,bounce_support
XAUUSD.a,15m,1,0.24,2020-06-18 01:30:00,1727.0167645783176,2020-06-18 02:30:00,1728.5572586872588,1724.0160039224356,1728.5572586872588,target,4,36.9718586145882,-5.76,-0.0,0.0,36.9718586145882,53.767082027526726,0.5133678708835184,0.25219091593801557,0.7042332475068187,bounce_support
XAUUSD.a,15m,1,0.25,2020-06-18 03:30:00,1727.2266588459509,2020-06-18 03:30:00,1728.393861003861,1724.3957874158339,1728.393861003861,target,0,29.180053947754914,-6.0,-0.0,0.0,29.180053947754914,42.45359494246649,0.4123119635503764,0.38032770916278147,0.5663772423542449,bounce_support
XAUUSD.a,15m,1,0.24,2020-06-18 03:45:00,1726.928168928383,2020-06-18 04:00:00,1729.0811587982832,1723.9458949117602,1729.0811587982832,target,1,51.67175687760573,-5.76,-0.0,0.0,51.67175687760573,75.38369958072175,0.7219289233315791,0.5191236351031483,0.8020158638291413,bounce_support
XAUUSD.a,15m,1,0.16,2020-06-18 13:30:00,1725.6967619569796,2020-06-18 14:30:00,1721.1218783097822,1721.2197407780232,1733.790518443954,stop,4,-73.19813835515743,-3.84,-1.5657994918535099,0.0,-73.19813835515743,-106.59250390289557,-1.0218588352230513,1.004409355514308,0.4318134683184969,bounce_support
XAUUSD.a,15m,-1,0.17,2020-06-18 20:00:00,1723.1738407008188,2020-06-19 08:15:00,1727.714916023781,1727.434613372797,1714.820773254406,stop,45,-77.19828049035596,-4.08,-0.6851450667246438,5.1391,-72.05918049035596,-105.05478844523553,-0.994837239461106,1.041163103668112,0.5242806581796847,bounce_resistance
XAUUSD.a,15m,1,0.27,2020-06-19 11:45:00,1729.2336435337102,2020-06-19 14:45:00,1733.6522096132348,1726.6138951933826,1733.6522096132348,target,12,119.30128414716638,-6.4799999999999995,-0.0,0.0,119.30128414716638,173.24187405199578,1.6866376099973983,0.6655767299740545,1.8384805869130265,bounce_support
XAUUSD.a,15m,1,0.17,2020-06-19 21:00:00,1741.3414816722138,2020-06-22 01:00:00,1752.99,1737.1359710746835,1748.8480578506328,target_gap,12,198.02481157236505,-4.08,-0.0,-14.096400000000001,183.92841157236506,269.5000755661193,2.572652731903679,0.3641606974223906,2.769822607182783,bounce_support
XAUUSD.a,15m,1,0.27,2020-06-22 10:00:00,1751.6572634195873,2020-06-22 10:00:00,1748.8852972477234,1748.9561923771046,1756.1976152457905,stop,0,-74.84308664032324,-6.4799999999999995,-1.9141684932922134,0.0,-74.84308664032324,-108.74720172082478,-1.0262470435860804,1.5761390028727682,0.0,bounce_support
XAUUSD.a,15m,1,0.17,2020-06-22 22:00:00,1756.0540545572787,2020-06-22 22:15:00,1751.7241808153728,1751.813485377297,1763.653029245406,stop,1,-73.60785361240005,-4.08,-1.5181775527080918,0.0,-73.60785361240005,-106.59617049570628,-1.021059569631757,1.0220454786442916,0.5885873657016836,bounce_support
XAUUSD.a,15m,1,0.16,2020-06-22 23:00:00,1755.3270424981893,2020-06-23 05:15:00,1750.6963787121883,1750.782995916899,1763.494008166202,stop,21,-74.09062057601477,-3.84,-1.3858752753678638,-13.2672,-87.35782057601477,-126.15940814513137,-1.2015422131633466,1.3615710991308279,1.105393048234186,bounce_support
XAUUSD.a,15m,-1,0.24,2020-06-23 11:00:00,1755.3960290267778,2020-06-23 13:15:00,1758.7233405632899,1758.4108927647542,1749.5282144704918,stop,9,-79.85547687628969,-5.76,-1.7387471648540787,0.0,-79.85547687628969,-115.1717388893067,-1.1036357944141797,1.1754995519635052,0.5260698872720577,bounce_resistance
XAUUSD.a,15m,1,0.23,2020-06-23 14:00:00,1756.5462211645731,2020-06-23 15:45:00,1761.863341272988,1753.458329363506,1761.863341272988,target,7,122.29376249354232,-5.52,-0.0,0.0,122.29376249354232,175.5202906258232,1.721925653799573,0.25461422071246953,1.7435127855083388,bounce_support
XAUUSD.a,15m,1,0.2,2020-06-23 20:45:00,1766.0391046346683,2020-06-24 03:15:00,1772.3351809111482,1762.457409544426,1772.3351809111482,target,22,125.9215255295976,-4.8,-0.0,-49.751999999999995,76.1695255295976,109.63745506174627,1.0633167203024285,0.13376477410754334,2.138902160097948,bounce_support
XAUUSD.a,15m,1,0.2,2020-06-24 05:30:00,1769.3466266631344,2020-06-24 09:30:00,1765.6337342497297,1765.6955796035813,1773.2672222222222,stop,16,-74.25784826809377,-4.8,-1.2369070770310109,0.0,-74.25784826809377,-107.02754067062605,-1.0169390733241235,1.1165637135428892,0.4857163733963295,bounce_support
XAUUSD.a,15m,-1,0.18,2020-06-24 22:30:00,1767.1960245375406,2020-06-24 23:45:00,1763.0078270509978,1771.24283917882,1762.7278270509978,target,5,75.38755475776998,-5.040000000000001,-0.0,0.0,75.38755475776998,109.75679870391342,1.034936822611314,0.06770151013708141,1.6175745908319472,bounce_resistance
XAUUSD.a,15m,-1,0.17,2020-06-25 01:15:00,1762.314920507677,2020-06-25 09:30:00,1766.940058316012,1766.6338029022754,1754.1423941954492,stop,33,-78.6273427416952,-4.08,-1.1263420335216712,0.0,-78.6273427416952,-114.5536623178053,-1.0709108018592124,1.51082592581909,0.9273048306862897,bounce_resistance
XAUUSD.a,15m,-1,0.2,2020-06-25 21:00:00,1762.4807365951137,2020-06-26 02:30:00,1766.424845282161,1766.0179782118253,1755.5540435763494,stop,18,-78.88217374094438,-7.199999999999999,-0.9373414067180916,6.046,-72.83617374094437,-105.74050367431894,-1.0295617550810412,1.003398633590058,0.3394556338591476,bounce_resistance
XAUUSD.a,15m,1,0.3,2020-06-26 04:30:00,1761.5021084653151,2020-06-26 08:15:00,1759.0745677388825,1759.117854141232,1765.4242917175359,stop,15,-72.8262217929796,-7.199999999999999,-1.2985920704881186,0.0,-72.8262217929796,-105.72298616947273,-1.0181551111860812,1.4185183313512406,0.4311165651676699,bounce_support
XAUUSD.a,15m,-1,0.16,2020-06-26 19:00:00,1766.590179194379,2020-06-26 22:45:00,1771.3198211150177,1771.0051862367418,1757.9396275265167,stop,15,-75.67427073021827,-3.84,-1.1941580524150281,0.0,-75.67427073021827,-110.3107399749541,-1.0712648644174145,1.1822904823335116,0.3782959298486593,bounce_resistance
XAUUSD.a,15m,1,0.22,2020-06-29 03:00:00,1771.7453382634171,2020-06-29 04:45:00,1768.4407497800998,1768.512656993019,1776.9514009661837,stop,7,-72.70094663298005,-5.279999999999999,-1.5819586842179698,0.0,-72.70094663298005,-105.75452270416764,-1.022243830091616,1.2792285776159587,1.0222664903106191,bounce_support
XAUUSD.a,15m,1,0.24,2020-06-29 05:00:00,1769.2664568460928,2020-06-29 08:00:00,1774.4000641946,1766.2699679027,1774.4000641946,target,12,123.20657636417309,-5.76,-0.0,0.0,123.20657636417309,179.12619052102744,1.7132075056798985,0.5594737300097304,1.9034087098781585,bounce_support
XAUUSD.a,15m,1,0.24,2020-06-29 10:15:00,1769.6108686261855,2020-06-29 15:30:00,1766.6059194404606,1766.6743469884939,1773.8096412556054,stop,21,-72.1187804573965,-5.76,-1.6422611528002213,0.0,-72.1187804573965,-105.0008451129761,-1.023302245471289,1.3862893342701954,1.2665090990911372,bounce_support
XAUUSD.a,15m,1,0.21,2020-06-29 20:15:00,1770.4241772297926,2020-06-29 23:30:00,1773.0438949671773,1767.0438703188715,1773.0438949671773,target,13,55.014072485078486,-5.04,-0.0,0.0,55.014072485078486,80.12069277216371,0.7749940482980857,0.4982320464308603,0.8063832196422682,bounce_support
XAUUSD.a,15m,1,0.33,2020-06-30 03:45:00,1771.1294692179058,2020-06-30 03:45:00,1768.9432469397452,1768.987450766604,1773.3950984682715,stop,0,-72.14533517929931,-7.92,-1.4587262863433181,0.0,-72.14533517929931,-105.12062359473025,-1.0206365294528552,1.20422362204129,0.05626972168281003,bounce_support
XAUUSD.a,15m,1,0.3,2020-06-30 04:30:00,1770.068913728768,2020-06-30 09:30:00,1773.4302188183808,1767.720133400157,1773.4302188183808,target,20,100.8391526883861,-7.199999999999999,-0.0,0.0,100.8391526883861,147.05587220496133,1.4310853376402168,0.40826028602476483,1.558718040438141,bounce_support
XAUUSD.a,15m,-1,0.22,2020-06-30 17:15:00,1773.298607878363,2020-06-30 17:30:00,1776.8603345223025,1776.5376097814512,1766.9747804370973,stop,1,-78.35798616666762,-5.279999999999999,-1.8199442987265666,0.0,-78.35798616666762,-113.77500859094192,-1.099637095163052,1.5008920238676058,0.41945263356212237,bounce_resistance
XAUUSD.a,15m,1,0.24,2020-06-30 23:45:00,1781.0406936902289,2020-07-01 10:00:00,1786.1383928843663,1778.0708035578168,1786.1383928843663,target,37,122.34478065929943,-5.76,-0.0,-59.7024,62.642380659299434,90.67698371422699,0.8788537884455813,0.4312259488160713,2.1412597861343805,bounce_support
XAUUSD.a,15m,1,0.24,2020-07-01 14:00:00,1781.8170332001928,2020-07-01 14:30:00,1778.793009266405,1778.8725369003278,1786.8449261993444,stop,2,-72.57657441090487,-5.76,-1.9086632141444073,0.0,-72.57657441090487,-105.41259899913561,-1.0270089094444865,1.7072642273054512,0.30326640242278063,bounce_support
XAUUSD.a,15m,-1,0.16,2020-07-01 22:00:00,1770.4276744431384,2020-07-02 15:45:00,1762.1460906978054,1774.7819546510973,1761.9060906978054,target,67,132.50533992532655,-3.84,-0.0,4.8368,137.34213992532656,198.42828855786541,1.971366870152942,0.9260601900381203,2.344285152912372,bounce_resistance
XAUUSD.a,15m,1,0.31,2020-07-02 23:15:00,1775.9962009577291,2020-07-03 03:15:00,1773.6533367202728,1773.6952925595317,1777.7344,stop,12,-72.6287913611452,-7.4399999999999995,-1.3006310170269384,-25.7052,-98.33399136114521,-142.0847176065559,-1.3786138726519388,1.0979146148139496,0.46668482896236263,bounce_support
XAUUSD.a,15m,1,0.32,2020-07-03 16:00:00,1775.7686687832563,2020-07-03 16:45:00,1773.4518536821456,1773.4962600871095,1777.2064503816796,stop,3,-74.13808323554258,-7.68,-1.421004958843349,0.0,-74.13808323554258,-106.81643528108488,-1.0195415573964148,1.0599628435415789,0.15900802410960488,bounce_support
XAUUSD.a,15m,1,0.34,2020-07-03 17:00:00,1774.150118250692,2020-07-03 19:30:00,1776.0990476190475,1772.0274852459747,1776.0990476190475,target,10,66.26359852408677,-8.16,-0.0,0.0,66.26359852408677,95.46968436503973,0.9181659589878488,0.47587983812889384,1.0128372377750285,bounce_support
XAUUSD.a,15m,1,0.34,2020-07-06 13:45:00,1775.820141242922,2020-07-06 14:45:00,1777.5828025477706,1773.721153013682,1777.5828025477706,target,4,59.93048436484924,-8.16,-0.0,0.0,59.93048436484924,85.91568255300587,0.8397671222227888,0.3335613002344739,1.8198571596853734,bounce_support
XAUUSD.a,15m,1,0.25,2020-07-06 21:45:00,1785.0746088168055,2020-07-06 21:45:00,1785.4246614583333,1782.2045406335433,1785.4246614583333,target,0,8.751316038194545,-6.0,-0.0,0.0,8.751316038194545,12.544171833889319,0.12196666391733586,0.15491228375627888,0.33288100567302475,bounce_support
XAUUSD.a,15m,1,0.35,2020-07-07 05:30:00,1784.198194750106,2020-07-07 09:15:00,1782.086452951745,1782.1261875012103,1786.8607531380753,stop,15,-73.91096294263434,-8.4,-1.3907092312871399,0.0,-73.91096294263434,-106.44626332920622,-1.019176839022374,1.0271174250188235,0.36283910217721616,bounce_support
XAUUSD.a,15m,1,0.35,2020-07-07 10:00:00,1783.0489349380891,2020-07-07 10:45:00,1780.9583551989485,1781.002380012532,1785.2800829875519,stop,3,-73.17029086992079,-8.4,-1.5408684754226527,0.0,-73.17029086992079,-105.35982442967514,-1.0215116697009905,1.3627461952089999,0.5282365249086629,bounce_support
XAUUSD.a,15m,1,0.29,2020-07-07 22:00:00,1795.9062164533443,2020-07-07 22:30:00,1796.97966873706,1793.4275292292714,1796.97966873706,target,2,31.130116227752293,-6.959999999999999,-0.0,0.0,31.130116227752293,44.85672160658265,0.43307290782405444,0.458394444571076,0.4614473078923605,bounce_support
XAUUSD.a,15m,1,0.27,2020-07-07 23:15:00,1796.4824208730208,2020-07-08 01:15:00,1793.8231324128067,1793.8687524417403,1797.1567908902691,stop,4,-71.80078842578223,-6.75,-1.2317407812106582,-67.1652,-138.96598842578223,-200.06620850242186,-1.969220119360171,1.1410861597159947,0.0,bounce_support
XAUUSD.a,15m,1,0.34,2020-07-08 05:45:00,1793.4979460510954,2020-07-08 11:00:00,1796.8228978102652,1791.4335510948674,1796.8228978102652,target,21,113.0483598117744,-8.16,-0.0,0.0,113.0483598117744,162.9079744816186,1.6106180404767014,0.5609130402116688,2.888039389419221,bounce_support
XAUUSD.a,15m,1,0.18,2020-07-08 20:30:00,1811.0841214680502,2020-07-08 21:30:00,1806.9993389284812,1807.0745632275616,1818.2208735448767,stop,4,-73.5260857122421,-4.32,-1.3540373834487522,0.0,-73.5260857122421,-105.32163371423141,-1.0187612436504427,1.0709712169006864,0.19101319547273046,bounce_support
XAUUSD.a,15m,1,0.24,2020-07-09 02:15:00,1809.9711613771558,2020-07-09 03:30:00,1807.0024950565376,1807.049719312265,1811.1817910447762,stop,5,-71.24799169483776,-5.76,-1.1333821374629631,0.0,-71.24799169483776,-102.10081639224695,-1.0161647072502562,1.23608864969602,0.04067806932483851,bounce_support
XAUUSD.a,15m,1,0.36,2020-07-09 06:15:00,1808.2975635406397,2020-07-09 07:15:00,1810.5127272727275,1806.3227658719109,1810.5127272727275,target,4,79.74589435516191,-8.64,-0.0,0.0,79.74589435516191,114.07752572085246,1.121716805303786,0.21144623940554863,1.915353921698253,bounce_support
XAUUSD.a,15m,1,0.42,2020-07-09 09:30:00,1810.7893406500614,2020-07-09 09:45:00,1813.0679553903344,1809.0684627918968,1813.0679553903344,target,1,95.70181909146777,-10.08,-0.0,0.0,95.70181909146777,136.94186032978146,1.3241002140054718,0.31341018626191486,1.9935519151821677,bounce_support
XAUUSD.a,15m,1,0.37,2020-07-09 10:45:00,1810.585416066191,2020-07-09 11:00:00,1813.6969499854258,1808.646525007287,1813.6969499854258,target,1,115.12675501168451,-8.879999999999999,-0.0,0.0,115.12675501168451,164.8341375231724,1.6048007983457242,0.26067275098830983,1.7714166652303522,bounce_support
XAUUSD.a,15m,1,0.26,2020-07-09 13:30:00,1813.7248998963673,2020-07-09 13:45:00,1810.8757338333562,1810.9369658318678,1818.4760683362645,stop,1,-74.07831763828926,-6.24,-1.592031961300609,0.0,-74.07831763828926,-106.18111635795269,-1.0219632161647347,2.885613400549174,0.0,bounce_support
XAUUSD.a,15m,-1,0.12,2020-07-10 01:00:00,1799.7875111001995,2020-07-10 08:30:00,1799.1064516129034,1805.7298418573869,1798.8664516129033,target,30,8.172713847553496,-2.88,-0.0,0.0,8.172713847553496,11.793408054305972,0.114611507693739,0.7459175668468714,0.47750810517697917,bounce_resistance
XAUUSD.a,15m,-1,0.28,2020-07-10 11:45:00,1804.944777793621,2020-07-10 13:30:00,1807.7625874972853,1807.47035373226,1799.99929253548,stop,7,-78.89867170260187,-6.720000000000001,-1.462545420708181,0.0,-78.89867170260187,-113.47591897280542,-1.1157097518052446,1.6808927189362715,0.24342083095400957,bounce_resistance
XAUUSD.a,15m,-1,0.21,2020-07-10 22:30:00,1799.4717261120568,2020-07-13 04:00:00,1803.1312511855067,1802.840023795884,1792.879952408232,stop,18,-76.85002654244818,-5.04,-1.075775182076633,6.3483,-70.50172654244818,-101.25775793877027,-0.996712698396441,1.3117231024910656,0.6566302386740724,bounce_resistance
XAUUSD.a,15m,-1,0.29,2020-07-13 04:30:00,1802.626883575353,2020-07-13 08:00:00,1805.3730530942375,1805.0947863418294,1799.7652087912088,stop,14,-79.63891604764967,-6.959999999999999,-1.1097358198398661,0.0,-79.63891604764967,-114.15474463569988,-1.1127543419409043,1.3748987483374948,0.3269511207304241,bounce_resistance
XAUUSD.a,15m,1,0.43,2020-07-13 11:15:00,1805.527718358303,2020-07-13 11:30:00,1808.0776331566187,1803.8511834216906,1808.0776331566187,target,1,109.64633632757682,-10.32,-0.0,0.0,109.64633632757682,157.46996456638922,1.5209434307811882,0.1596855230729373,1.5760373279402773,bounce_support
XAUUSD.a,15m,1,0.33,2020-07-13 14:30:00,1808.699546082594,2020-07-13 15:00:00,1806.4495561039707,1806.4971955526319,1812.3256088947364,stop,2,-74.24966929456764,-7.92,-1.5721018058160516,0.0,-74.24966929456764,-106.59632373062614,-1.0216311835981664,1.212134965018455,0.5904845299210219,bounce_support
XAUUSD.a,15m,1,0.2,2020-07-13 17:30:00,1807.026603718139,2020-07-13 17:30:00,1803.3147368726516,1803.39964244986,1813.39071510028,stop,0,-74.23733690975041,-4.8,-1.6981115441688963,0.0,-74.23733690975041,-106.20202127228178,-1.0234095626967532,1.4217421518223012,0.19944968483331996,bounce_support
XAUUSD.a,15m,1,0.16,2020-07-13 22:30:00,1803.376261543663,2020-07-14 03:30:00,1798.8619625869603,1798.9157276383992,1811.4085447232014,stop,16,-72.22878330724416,-3.84,-0.8602408230232605,-13.2672,-85.49598330724416,-123.29076834269833,-1.197950530181346,1.0932013178755515,0.3079762390586846,bounce_support
XAUUSD.a,15m,-1,0.37,2020-07-14 07:30:00,1798.5312651003426,2020-07-14 09:15:00,1800.7099895381555,1800.4194745581528,1794.8410508836942,stop,7,-80.61280419907689,-8.879999999999999,-1.8690542600981512,0.0,-80.61280419907689,-116.04307623521174,-1.1538573905564131,2.0118185956248213,1.2717154288206955,bounce_resistance
XAUUSD.a,15m,1,0.25,2020-07-14 23:30:00,1808.8279284985153,2020-07-15 03:00:00,1809.850975609756,1806.0565423876315,1809.850975609756,target,10,25.57617778101644,-6.0,-0.0,-62.19,-36.61382221898356,-52.35856685921944,-0.5284550149860725,0.7353462913420661,0.8739567150071939,bounce_support
XAUUSD.a,15m,1,0.29,2020-07-15 03:45:00,1808.0920437198595,2020-07-15 04:15:00,1810.0541463414634,1805.6528212640828,1810.0541463414634,target,2,56.9009760265128,-6.959999999999999,-0.0,0.0,56.9009760265128,81.19431510632535,0.8043967523163689,0.3411102246492575,0.8149958915934504,bounce_support
XAUUSD.a,15m,1,0.42,2020-07-15 07:30:00,1807.4490083251328,2020-07-15 08:00:00,1805.719719729919,1805.7609146810476,1810.018170637905,stop,2,-72.63012099897969,-10.08,-1.7301879473942785,0.0,-72.63012099897969,-103.77065765452656,-1.024403238098126,1.0479325784626923,0.3678656554646471,bounce_support
XAUUSD.a,15m,1,0.27,2020-07-15 21:30:00,1811.5878879747365,2020-07-16 02:45:00,1812.7523943661972,1808.9789657177173,1812.7523943661972,target,17,31.441672569438655,-6.4799999999999995,-0.0,-22.3884,9.053272569438654,12.918298211267896,0.12852295255581445,0.796454539473548,0.5795925965961934,bounce_support
XAUUSD.a,15m,-1,0.35,2020-07-16 15:45:00,1806.9788529506093,2020-07-16 15:45:00,1805.311810865191,1808.9865494543737,1805.071810865191,target,0,58.34647298963659,-8.4,-0.0,0.0,58.34647298963659,83.56100678787911,0.8303257401168238,0.23467045368030326,1.5185825870058383,bounce_resistance
XAUUSD.a,15m,-1,0.24,2020-07-16 16:30:00,1806.3571652815192,2020-07-16 19:45:00,1803.2462081784388,1809.267606636149,1803.0062081784388,target,13,74.66297047392982,-5.76,-0.0,0.0,74.66297047392982,106.84607746809459,1.0688953062502815,0.8221552771281434,1.9025173871691863,bounce_resistance
XAUUSD.a,15m,-1,0.42,2020-07-17 06:30:00,1798.1930696456843,2020-07-17 08:45:00,1800.1395065095921,1799.8674484166468,1796.481121076233,stop,9,-81.75034828412845,-10.08,-1.346439903707692,0.0,-81.75034828412845,-117.08561648233118,-1.1624830042422183,1.097081727367918,0.031695125741299846,bounce_resistance
XAUUSD.a,15m,1,0.29,2020-07-17 21:30:00,1810.4800582076239,2020-07-20 01:00:00,1808.0148331205892,1808.057634974099,1813.0820547945204,stop,10,-71.49152752400619,-6.959999999999999,-1.2412537517860058,-24.046799999999998,-95.53832752400618,-136.51647903634623,-1.3599708925517018,1.4035772777313644,0.3797609681267964,bounce_support
XAUUSD.a,15m,1,0.41,2020-07-20 03:45:00,1808.4058896833312,2020-07-20 04:00:00,1806.641463916532,1806.6837816897435,1811.0524366205134,stop,1,-72.34145643876514,-9.84,-1.735028701664321,0.0,-72.34145643876514,-103.68264696262847,-1.0245732401039593,1.582879641393542,0.11271669221178333,bounce_support
XAUUSD.a,15m,1,0.24,2020-07-20 20:15:00,1815.914295623148,2020-07-20 21:45:00,1817.8626976744188,1813.0644400345168,1817.8626976744188,target,6,46.761649230496914,-5.76,-0.0,0.0,46.761649230496914,66.68898476945894,0.6836844852922822,0.22958904505835612,0.7108094827446663,bounce_support
XAUUSD.a,15m,1,0.42,2020-07-21 04:45:00,1816.1333729956723,2020-07-21 06:00:00,1818.403534883721,1814.4466632880226,1818.403534883721,target,5,95.34679929804679,-10.08,-0.0,0.0,95.34679929804679,135.76556593151946,1.345911437962868,0.15614601284259436,1.5335341894320436,bounce_support
XAUUSD.a,15m,1,0.19,2020-07-21 19:15:00,1839.0315068055063,2020-07-22 02:00:00,1845.7495149519539,1835.235242524023,1845.7495149519539,target,23,127.6421547825039,-4.56,-0.0,-47.2644,80.3777547825039,112.60542838680848,1.114360811780663,0.09786115453507502,2.2676222086230586,bounce_support
XAUUSD.a,15m,1,0.19,2020-07-22 09:30:00,1859.5804783592675,2020-07-22 10:00:00,1860.6653146853146,1855.775396039438,1860.6653146853146,target,2,20.611890194893476,-4.56,-0.0,0.0,20.611890194893476,28.93018680771608,0.2851019333783065,0.373310809036868,0.41248033782429205,bounce_support
XAUUSD.a,15m,1,0.18,2020-07-23 01:45:00,1869.6350050292338,2020-07-23 03:00:00,1876.2122935779817,1865.6450373651915,1876.2122935779817,target,5,118.39119387746223,-4.32,-0.0,0.0,118.39119387746223,165.86975156559942,1.6484566048047493,0.5225618864092367,1.7180577758921878,bounce_support
XAUUSD.a,15m,1,0.19,2020-07-23 04:45:00,1867.258523532805,2020-07-23 09:15:00,1873.936091994369,1863.4569540028156,1873.936091994369,target,18,126.87380076971749,-4.56,-0.0,0.0,126.87380076971749,177.2401279210392,1.756529351597249,0.9439584109921292,2.0127151185411982,bounce_support
XAUUSD.a,15m,1,0.14,2020-07-23 15:15:00,1875.5200176510928,2020-07-23 16:30:00,1870.1884218446492,1870.305145012248,1885.0197099755042,stop,5,-74.64234129021042,-3.3600000000000003,-1.6341243463850268,0.0,-74.64234129021042,-104.91136966634399,-1.022382745597537,1.098783814663234,0.864830775599974,bounce_support
XAUUSD.a,15m,1,0.15,2020-07-24 02:15:00,1887.082781231303,2020-07-24 03:00:00,1882.2197744417385,1882.3130019372777,1895.7139961254445,stop,3,-72.94510184346677,-3.5999999999999996,-1.3984124330867802,0.0,-72.94510184346677,-102.4365985724853,-1.0195454526912695,1.2102826725199085,0.1063400919477096,bounce_support
XAUUSD.a,15m,1,0.22,2020-07-24 04:30:00,1885.9348063120328,2020-07-24 05:45:00,1887.68125,1882.6917114033697,1887.68125,target,5,38.42176113527967,-5.279999999999999,-0.0,0.0,38.42176113527967,54.01397541967816,0.5385114334156753,0.7631001810714713,1.1794886661346544,bounce_support
XAUUSD.a,15m,1,0.18,2020-07-24 08:00:00,1886.7312402366483,2020-07-24 08:30:00,1882.6319899595162,1882.709353224773,1891.9288636363635,stop,2,-73.78650498837806,-4.32,-1.3925387746200462,0.0,-73.78650498837806,-104.13879948680112,-1.0192355640594344,1.1092405687866629,0.1215249861342583,bounce_support
XAUUSD.a,15m,1,0.16,2020-07-24 20:15:00,1900.2647321957888,2020-07-27 01:15:00,1908.1083265258378,1895.9008367370811,1908.1083265258378,target,16,125.49750928078356,-3.84,-0.0,-13.2672,112.23030928078356,158.18225409553708,1.6073699281802165,0.1958644985601629,2.2950292689130998,bounce_support
XAUUSD.a,15m,1,0.14,2020-07-27 13:30:00,1941.919232529327,2020-07-27 13:45:00,1944.1034934497816,1936.7187612413643,1944.1034934497816,target,1,30.579652886363878,-3.3600000000000003,-0.0,0.0,30.579652886363878,42.81725155261748,0.42001211034668384,0.5074987214016442,0.6539344767741541,bounce_support
XAUUSD.a,15m,1,0.13,2020-07-27 14:15:00,1942.699728450048,2020-07-27 15:00:00,1936.971154297252,1937.0802163260905,1944.6502401746725,stop,3,-74.471463986348,-3.12,-1.4178063749010235,0.0,-74.471463986348,-104.44952101200298,-1.0194077397526236,1.6282069062615396,0.07834693479440323,bounce_support
XAUUSD.a,15m,1,0.14,2020-07-27 15:15:00,1936.0027288749955,2020-07-27 17:45:00,1945.1744084799466,1930.9477957600268,1945.1744084799466,target,10,128.40351446931572,-3.3600000000000003,-0.0,0.0,128.40351446931572,179.6179927389815,1.8144017727538182,0.9876943495475738,1.9005733422180018,bounce_support
XAUUSD.a,15m,1,0.17,2020-07-27 21:30:00,1937.5798269672794,2020-07-28 01:15:00,1945.4110815325853,1933.1994592337073,1945.4110815325853,target,11,133.13132761020074,-4.08,-0.0,-14.096400000000001,119.03492761020074,166.26615396784706,1.5985083881521533,0.9519353672799832,1.924535460370158,bounce_support
XAUUSD.a,15m,1,0.08,2020-07-28 08:30:00,1936.2063424840076,2020-07-28 10:30:00,1927.119784567635,1927.3459885420534,1952.798022915893,stop,8,-72.6924633309809,-1.92,-1.8096317953477024,0.0,-72.6924633309809,-102.00303561493145,-1.0255299027443343,3.31209595872367,0.8965395251739299,bounce_support
XAUUSD.a,15m,-1,0.06,2020-07-28 12:15:00,1929.7190494599984,2020-07-28 16:00:00,1941.445857244739,1941.003336769308,1907.6033264613839,stop,15,-70.36084670844411,-1.44,-1.2151228525872069,0.0,-70.36084670844411,-98.47150813603923,-1.039215633500049,1.0599650834956948,0.6229059281572291,bounce_resistance
XAUUSD.a,15m,-1,0.09,2020-07-28 16:30:00,1936.2752127199053,2020-07-28 17:15:00,1944.4774901501703,1944.035649923657,1921.1587001526862,stop,3,-73.82049687238487,-2.16,-1.8165620386194918,0.0,-73.82049687238487,-103.08253651206465,-1.056934965764512,1.5082638996725726,0.663005522088083,bounce_resistance
XAUUSD.a,15m,1,0.13,2020-07-29 02:00:00,1950.437586230436,2020-07-29 03:15:00,1960.7090037800826,1944.7954981099585,1960.7090037800826,target,5,133.5284281454069,-3.12,-0.0,0.0,133.5284281454069,186.17758835683676,1.8204993134310634,0.059833562189645514,2.4020209327069684,bounce_support
XAUUSD.a,15m,1,0.13,2020-07-29 05:15:00,1952.386545653453,2020-07-29 17:00:00,1946.8513334164438,1946.9796767449939,1962.220646510012,stop,47,-71.95775908111818,-3.12,-1.6684632711502785,0.0,-71.95775908111818,-100.42112186155826,-1.0237370890108417,2.030111297183482,1.759512669460763,bounce_support
XAUUSD.a,15m,1,0.13,2020-07-30 04:00:00,1966.874126654349,2020-07-30 04:45:00,1961.1868472849894,1961.297078403578,1977.0858431928436,stop,3,-73.93463180167555,-3.12,-1.4330045416523836,0.0,-73.93463180167555,-103.04621918309043,-1.0197651362570574,1.1106460578842452,0.6806240819462585,bounce_support
XAUUSD.a,15m,1,0.15,2020-07-30 07:15:00,1963.1327543566742,2020-07-30 08:15:00,1958.2861581960337,1958.3775686935207,1971.6448626129584,stop,4,-72.69894240960753,-3.5999999999999996,-1.3711574623047893,0.0,-72.69894240960753,-101.5674621870259,-1.0192233287956172,1.5441572373442893,0.03937714667517734,bounce_support
XAUUSD.a,15m,-1,0.13,2020-07-30 13:00:00,1954.7053495300383,2020-07-30 16:30:00,1960.6850638395638,1960.3042560748543,1944.0014878502911,stop,14,-77.73628602383064,-3.12,-1.8305009412233184,0.0,-77.73628602383064,-108.8164366637233,-1.068014667089257,1.0063840903325576,1.7548693573275704,bounce_resistance
XAUUSD.a,15m,-1,0.11,2020-07-30 16:45:00,1959.222876145656,2020-07-30 17:15:00,1946.8298427130605,1965.7000786434696,1946.5898427130605,target,2,136.32336775855083,-2.6399999999999997,-0.0,0.0,136.32336775855083,191.14057256425292,1.9133311698652207,0.40868320161943106,2.120186322766927,bounce_resistance
XAUUSD.a,15m,-1,0.15,2020-07-30 22:00:00,1953.8522846314513,2020-07-31 01:15:00,1958.8500241246952,1958.5157265916775,1944.7285468166451,stop,9,-74.96609239865847,-3.5999999999999996,-1.4144629952647212,4.5344999999999995,-70.43159239865848,-97.86923143008195,-1.0068613554731813,1.363309637553695,0.29855300941361596,bounce_resistance
XAUUSD.a,15m,1,0.18,2020-07-31 02:45:00,1956.182303032329,2020-07-31 04:30:00,1963.2014096906394,1952.1292951546802,1963.2014096906394,target,7,126.34391984958756,-4.32,-0.0,0.0,126.34391984958756,175.02794188486192,1.7318265520822085,0.1658775538129422,2.323631547722148,bounce_support
XAUUSD.a,15m,1,0.21,2020-07-31 07:45:00,1966.9400078971742,2020-07-31 08:45:00,1972.8980681408354,1963.5109659295824,1972.8980681408354,target,4,125.11926511688716,-5.04,-0.0,0.0,125.11926511688716,173.47317904346167,1.7375291116211489,0.14581562485957672,2.0938769984983177,bounce_support
XAUUSD.a,15m,1,0.14,2020-07-31 16:15:00,1971.3581269937906,2020-07-31 16:15:00,1965.8788355392444,1965.9960260299304,1979.4962331838565,stop,0,-76.71008036364721,-3.3600000000000003,-1.6406668696037008,0.0,-76.71008036364721,-106.80136493372392,-1.0218553308629987,1.7284506681721334,0.0,bounce_support
XAUUSD.a,15m,1,0.14,2020-08-03 02:45:00,1978.5554151726396,2020-08-03 03:30:00,1973.3107998806524,1973.4262365429825,1986.0885920577616,stop,3,-73.42461408782083,-3.3600000000000003,-1.6161132726201026,0.0,-73.42461408782083,-103.01594400255465,-1.0225058768011217,1.1727833259419393,0.7437028621510884,bounce_support
XAUUSD.a,15m,1,0.19,2020-08-03 07:30:00,1973.4326004141135,2020-08-03 13:00:00,1969.5502131302942,1969.6199396721966,1980.1801206556072,stop,22,-73.76535839256667,-4.56,-1.324804296145844,0.0,-73.76535839256667,-103.8144513300495,-1.018288157961649,1.3960330526123546,1.0799281301425994,bounce_support
XAUUSD.a,15m,-1,0.17,2020-08-03 18:00:00,1973.8488143902296,2020-08-04 04:15:00,1978.3751619019188,1978.0692849901047,1965.6214300197908,stop,37,-76.94790769871656,-4.08,-1.1199075008381658,5.1391,-71.80880769871656,-100.87773614676972,-1.0008475149226592,1.1233784237024624,1.7459698429003376,bounce_resistance
XAUUSD.a,15m,1,0.22,2020-08-04 06:00:00,1976.3691146013055,2020-08-04 07:00:00,1973.1024625538303,1973.1574540753793,1982.045091849241,stop,4,-71.86634504445419,-5.279999999999999,-1.2098134740806434,0.0,-71.86634504445419,-100.7490958398113,-1.0171224577146643,1.2482996160216608,0.09991261408366447,bounce_support
XAUUSD.a,15m,1,0.27,2020-08-04 07:15:00,1973.136313799054,2020-08-04 10:30:00,1977.6472961268735,1970.4663519365631,1977.6472961268735,target,13,121.79652285112435,-6.4799999999999995,-0.0,0.0,121.79652285112435,170.6311611811773,1.6895306225875852,0.6615501981014368,2.00515455900604,bounce_support
XAUUSD.a,15m,1,0.11,2020-08-04 21:00:00,2006.1595495401893,2020-08-04 23:00:00,2017.6559644679628,1999.9920177660188,2017.6559644679628,target,8,126.46056420550804,-2.6399999999999997,-0.0,0.0,126.46056420550804,176.5962354496691,1.8640220024354082,0.9225002397258756,2.232732795553791,bounce_support
XAUUSD.a,15m,1,0.15,2020-08-05 15:30:00,2040.6153309638494,2020-08-05 15:30:00,2035.6600615447571,2035.773057990531,2042.1326970954358,stop,0,-74.3290412863837,-3.5999999999999996,-1.6949466866097473,0.0,-74.3290412863837,-102.83344348637084,-1.02333541425618,1.0150875406928792,0.0,bounce_support
XAUUSD.a,15m,1,0.09,2020-08-05 18:45:00,2044.6314204261603,2020-08-05 19:15:00,2036.4311981940177,2036.6038118574445,2059.6323762851107,stop,2,-73.80200008928296,-2.16,-1.5535229708408669,0.0,-73.80200008928296,-102.46293120631276,-1.0215025012678698,1.4800697274233208,0.1679926920073387,bounce_support
XAUUSD.a,15m,1,0.13,2020-08-06 01:00:00,2038.9257853581285,2020-08-06 08:15:00,2046.4650797548409,2033.3174601225796,2046.4650797548409,target,29,98.01082715726147,-3.12,-0.0,0.0,98.01082715726147,136.04489979215396,1.3443040622758466,0.794494821713454,1.4325514845227008,bounce_support
XAUUSD.a,15m,1,0.13,2020-08-06 12:00:00,2046.8295844578831,2020-08-06 14:30:00,2053.1819512195125,2041.2302787436843,2053.1819512195125,target,10,82.58076790118162,-3.12,-0.0,0.0,82.58076790118162,114.99898050575355,1.1344918612893131,0.0767210221784617,2.139625188125837,bounce_support
XAUUSD.a,15m,1,0.1,2020-08-06 17:45:00,2054.5775670854887,2020-08-06 23:45:00,2066.585,2047.05047677328,2066.585,target,24,120.07432914511355,-2.4,-0.0,0.0,120.07432914511355,165.9562549515757,1.5952290216361231,0.7064571919462119,1.6038644966077236,bounce_support
XAUUSD.a,15m,1,0.16,2020-08-07 05:00:00,2068.2719141727075,2020-08-07 06:30:00,2063.4190195876354,2063.5390953864603,2076.711809227079,stop,6,-77.64631336115417,-3.84,-1.9212127811994144,0.0,-77.64631336115417,-107.85258755872678,-1.0253708845083713,1.6928419478025647,0.43907994815499235,bounce_support
XAUUSD.a,15m,-1,0.12,2020-08-07 10:45:00,2061.5212898731447,2020-08-07 15:15:00,2049.748562507568,2067.675718746216,2049.508562507568,target,18,141.2727283869226,-2.88,-0.0,0.0,141.2727283869226,195.99707041846113,1.9128870620454905,0.49049394982265704,2.1303828744392144,bounce_resistance
XAUUSD.a,15m,-1,0.12,2020-08-10 03:30:00,2033.245335976918,2020-08-10 16:30:00,2039.6811751579805,2039.3393083558321,2024.079375,stop,52,-77.23007017274904,-2.88,-1.2224016257801256,0.0,-77.23007017274904,-107.55827774988377,-1.056099171589831,1.1067762706669537,1.02319728236597,bounce_resistance
XAUUSD.a,15m,1,0.11,2020-08-10 19:30:00,2029.1302873279353,2020-08-10 21:30:00,2022.641730960376,2022.769318705582,2040.8613625888358,stop,8,-71.37412004315274,-2.6399999999999997,-1.4034651972667538,0.0,-71.37412004315274,-99.80579760764161,-1.0200579114252613,1.1791108828265837,0.7718498492212715,bounce_support
XAUUSD.a,15m,-1,0.05,2020-08-11 19:15:00,1945.8113924305303,2020-08-11 21:00:00,1920.3545694417146,1958.9127152791427,1920.1145694417146,target,7,127.28411494407851,-1.2,-0.0,0.0,127.28411494407851,177.96747101421752,1.9430727173868445,0.3273415684068739,1.981585579602749,bounce_resistance
XAUUSD.a,15m,-1,0.07,2020-08-12 01:30:00,1920.1160977093239,2020-08-12 04:30:00,1900.9489840810415,1930.0655079594792,1900.7089840810415,target,12,134.16979539797626,-1.6800000000000002,-0.0,0.0,134.16979539797626,188.10519915035857,1.926457261924956,0.9481870838051744,2.0148026069194387,bounce_resistance
XAUUSD.a,15m,-1,0.06,2020-08-12 10:30:00,1919.2079806778231,2020-08-12 10:30:00,1930.7852869323779,1930.2422579491124,1897.7454841017754,stop,0,-69.46383752732845,-1.44,-1.8181738995929164,0.0,-69.46383752732845,-97.43976984854389,-1.049212918065635,1.6659015239725785,0.0,bounce_resistance
XAUUSD.a,15m,1,0.05,2020-08-12 12:45:00,1928.8140708994554,2020-08-12 22:45:00,1915.558248384059,1915.7682336190655,1953.5735327618686,stop,40,-66.27911257698202,-1.2,-1.0499261750333195,0.0,-66.27911257698202,-92.58669652862572,-1.0160959569319643,1.6905063604163217,1.5664712552611237,bounce_support
XAUUSD.a,15m,-1,0.11,2020-08-13 04:15:00,1939.8035624537456,2020-08-13 07:45:00,1927.3326232238717,1946.3336883880643,1927.0926232238717,target,14,137.18033152861312,-2.6399999999999997,-0.0,0.0,137.18033152861312,191.49368556557803,1.909754781961197,0.16484177442847756,2.7876280850998576,bounce_resistance
XAUUSD.a,15m,1,0.13,2020-08-13 13:00:00,1930.389015388869,2020-08-13 15:00:00,1924.6193399437186,1924.7563291260842,1940.6973417478314,stop,8,-75.0057807869548,-3.12,-1.7808593707517133,0.0,-75.0057807869548,-104.60619609633461,-1.0243203998899575,1.2993827540557108,1.624621749588939,bounce_support
XAUUSD.a,15m,1,0.11,2020-08-14 04:00:00,1956.8840549063611,2020-08-14 05:30:00,1950.1978695937842,1950.3242972778908,1969.0014054442183,stop,6,-73.5480384383468,-2.6399999999999997,-1.3907045251730963,0.0,-73.5480384383468,-103.01422830179112,-1.019273224906647,1.1546242003650575,0.3942135121601865,bounce_support
XAUUSD.a,15m,-1,0.12,2020-08-14 15:45:00,1948.8679497220508,2020-08-14 15:45:00,1947.8193548387096,1954.9764006007333,1947.5793548387096,target,0,12.583138600093662,-2.88,-0.0,0.0,12.583138600093662,17.589201135176143,0.1716629803802718,0.21315556166511065,0.7347116005651799,bounce_resistance
XAUUSD.a,15m,-1,0.21,2020-08-17 07:45:00,1942.7176229733209,2020-08-17 09:00:00,1946.5742542140235,1946.2359950878965,1935.8680098242069,stop,5,-80.98925605475574,-5.04,-2.0634416486687184,0.0,-80.98925605475574,-112.76542523044199,-1.0961408046424936,1.9504409434835261,0.12154000753626898,bounce_resistance
XAUUSD.a,15m,1,0.15,2020-08-17 12:45:00,1950.4088111475974,2020-08-17 15:15:00,1959.1318489382666,1945.5840755308666,1959.1318489382666,target,10,130.84556686003793,-3.5999999999999996,-0.0,0.0,130.84556686003793,181.85877060145094,1.8079825473587077,0.19043761577550147,1.8386891131692094,bounce_support
XAUUSD.a,15m,1,0.15,2020-08-17 23:45:00,1984.7091014938483,2020-08-18 04:45:00,1991.0825260960332,1979.887591079696,1991.0825260960332,target,16,95.60136903277453,-3.5999999999999996,-0.0,-12.438,83.16336903277453,115.14166313535732,1.1498937316222235,0.8439474654880744,2.2069637089070873,bounce_support
XAUUSD.a,15m,1,0.11,2020-08-19 01:00:00,2002.2364783564549,2020-08-19 03:30:00,1995.4000315280311,1995.5094751836523,2014.2610496326954,stop,10,-75.20091511266105,-2.6399999999999997,-1.2038802118334737,0.0,-75.20091511266105,-103.67106221933476,-1.0162693034044665,1.2987177398364596,0.6248728498508952,bounce_support
XAUUSD.a,15m,-1,0.17,2020-08-19 11:45:00,1990.2061561133994,2020-08-19 11:45:00,1995.0116204630333,1994.6458546331326,1981.5782907337348,stop,0,-81.6928939437762,-4.08,-2.1380191083121307,0.0,-81.6928939437762,-112.39305763744403,-1.0823852854591403,1.773508685691968,0.03066787368428095,bounce_resistance
XAUUSD.a,15m,-1,0.06,2020-08-20 01:15:00,1935.112842190286,2020-08-20 04:00:00,1946.7900047060896,1946.3625032516475,1913.054993496705,stop,11,-70.06297509482101,-1.44,-1.1250087266527946,0.0,-70.06297509482101,-97.63241701014606,-1.0380012741815328,1.001555313378528,0.907835545851553,bounce_resistance
XAUUSD.a,15m,-1,0.08,2020-08-20 06:30:00,1951.311047399103,2020-08-20 10:45:00,1935.117343324748,1959.6913283376261,1934.877343324748,target,17,129.54963259484066,-1.92,-0.0,0.0,129.54963259484066,180.64257989129436,1.932358138486098,0.4664464866479633,2.206494929555642,bounce_resistance
XAUUSD.a,15m,-1,0.11,2020-08-20 15:45:00,1942.0424656088906,2020-08-20 16:00:00,1929.88858107224,1948.4157094638801,1929.64858107224,target,1,133.69272990315653,-2.6399999999999997,-0.0,0.0,133.69272990315653,186.94884832569815,1.9070170251112155,0.11101636893361941,2.324164263272916,bounce_resistance
XAUUSD.a,15m,-1,0.08,2020-08-20 17:30:00,1938.4091886425042,2020-08-20 18:15:00,1948.022311773752,1947.5736540373719,1921.6623605150216,stop,3,-76.90498504998322,-1.92,-1.6692618910415922,0.0,-76.90498504998322,-107.1532862158577,-1.0489562366214527,1.102171367590358,0.39382424254943393,bounce_resistance
XAUUSD.a,15m,-1,0.08,2020-08-20 18:30:00,1947.4140452108122,2020-08-21 11:30:00,1929.043855102247,1956.9230724488764,1928.803855102247,target,64,146.9615208685209,-1.92,-0.0,2.4184,149.37992086852088,208.0181599873569,1.9636593356069125,0.8892555019023297,2.0174561214862674,bounce_resistance
XAUUSD.a,15m,-1,0.11,2020-08-21 15:45:00,1931.668971234299,2020-08-21 15:45:00,1938.990976686295,1938.5694335377436,1918.2311329245126,stop,0,-80.54205997195481,-2.6399999999999997,-1.9969746340657626,0.0,-80.54205997195481,-112.41668756379255,-1.0610891169336454,1.3623766571419533,0.10709010524267878,bounce_resistance
XAUUSD.a,15m,1,0.16,2020-08-24 14:00:00,1950.311561728634,2020-08-24 14:00:00,1950.198625277162,1945.701406919711,1950.198625277162,target,0,-1.806983223552379,-3.84,-0.0,0.0,-1.806983223552379,-2.510466008436438,-0.02449732300820675,0.4970682815680344,0.06907322737836001,bounce_support
XAUUSD.a,15m,1,0.21,2020-08-24 14:15:00,1949.9691073194458,2020-08-24 14:15:00,1950.1609534368072,1946.413913568303,1950.1609534368072,target,0,4.028768464588666,-5.04,-0.0,0.0,4.028768464588666,5.597222018656625,0.05396221156714767,0.1516393640353541,0.2308995621659995,bounce_support
XAUUSD.a,15m,1,0.23,2020-08-24 14:30:00,1950.488242510914,2020-08-24 15:00:00,1956.08373194458,1947.21313402771,1956.08373194458,target,2,128.69625697431775,-5.52,-0.0,0.0,128.69625697431775,178.8541010816579,1.708489798845432,0.7383702015721963,2.537857152430848,bounce_support
XAUUSD.a,15m,1,0.12,2020-08-24 18:00:00,1930.9505069788263,2020-08-24 22:00:00,1924.4618786947533,1924.5905629702308,1942.618874059538,stop,16,-77.86353940887602,-2.88,-1.5442113057296538,0.0,-77.86353940887602,-108.69179252184769,-1.0202335547771548,1.1038630166143029,0.5974098224825088,bounce_support
XAUUSD.a,15m,-1,0.19,2020-08-25 02:15:00,1928.1789840489234,2020-08-25 04:15:00,1932.3418759919343,1932.017570442581,1921.1282300884955,stop,8,-79.09494691720693,-4.56,-1.6018054377144966,0.0,-79.09494691720693,-110.15702475865147,-1.0844856715714815,1.0631559466316909,0.4556323264765352,bounce_resistance
XAUUSD.a,15m,-1,0.27,2020-08-25 10:15:00,1935.617345938969,2020-08-25 11:00:00,1930.475603895314,1938.3871980523431,1930.235603895314,target,3,138.8270351786873,-6.4799999999999995,-0.0,0.0,138.8270351786873,193.85460270154903,1.856323671155015,0.06233331382468897,2.024420694481934,bounce_resistance
XAUUSD.a,15m,-1,0.15,2020-08-25 22:00:00,1928.5638218825602,2020-08-26 08:30:00,1918.7826232500588,1933.6886883749708,1918.5426232500588,target,38,146.717979487521,-3.5999999999999996,-0.0,13.603499999999999,160.321479487521,222.88231706429912,2.0855369887839,0.6607348937683463,2.0749461275348047,bounce_resistance
XAUUSD.a,15m,-1,0.15,2020-08-26 16:30:00,1918.6200659973033,2020-08-26 16:30:00,1924.2214653533706,1923.8315643493254,1908.3468713013494,stop,0,-84.02099034100956,-3.5999999999999996,-2.2485150606781272,0.0,-84.02099034100956,-116.45643724151684,-1.0748155286078005,2.8955077759626957,0.06525301829393837,bounce_resistance
XAUUSD.a,15m,1,0.15,2020-08-27 02:45:00,1951.302915714288,2020-08-27 04:00:00,1946.1827242238837,1946.2791167107525,1960.1717665784952,stop,5,-76.80287235606443,-3.5999999999999996,-1.4458873030312336,0.0,-76.80287235606443,-106.19278850183125,-1.0191871702671569,1.268545120894174,0.5408425543696753,bounce_support
XAUUSD.a,15m,-1,0.14,2020-08-28 01:45:00,1929.8570873006347,2020-08-28 04:45:00,1935.764122773715,1935.4191265887152,1918.9817468225697,stop,12,-82.698496623123,-3.3600000000000003,-1.4699465899952229,0.0,-82.698496623123,-113.74526734491852,-1.0620269234233926,1.20691572850825,1.2112620842273445,bounce_resistance
XAUUSD.a,15m,-1,0.19,2020-08-28 05:15:00,1935.1023328052213,2020-08-28 06:00:00,1939.330788838755,1938.993178619953,1927.5236427600944,stop,3,-80.34066463714225,-4.56,-1.8545941572419375,0.0,-80.34066463714225,-110.22632930034472,-1.0867703925773453,1.0942780561126626,0.537757830777889,bounce_resistance
XAUUSD.a,15m,1,0.09,2020-08-28 17:15:00,1955.0913037958555,2020-08-28 17:45:00,1962.0023741007194,1946.6907846187707,1962.0023741007194,target,2,62.19963274377483,-2.16,-0.0,0.0,62.19963274377483,84.66797264442621,0.8226956166847537,0.2310933116075729,1.0985864099112752,bounce_support
XAUUSD.a,15m,1,0.14,2020-08-28 23:00:00,1963.682758698121,2020-08-31 01:00:00,1973.639341014119,1958.2353294929403,1973.639341014119,target,4,139.39215242397268,-3.3600000000000003,-0.0,-11.608800000000002,127.78335242397267,173.5267350506833,1.675539409914237,0.23180818888293314,2.0096160756835335,bounce_support
XAUUSD.a,15m,1,0.22,2020-08-31 07:30:00,1971.0546831622053,2020-08-31 08:00:00,1967.5281037423294,1967.5962225261,1977.1175549477998,stop,2,-77.58474723726795,-5.279999999999999,-1.4986132429525698,0.0,-77.58474723726795,-105.51728217450216,-1.0196962726883392,1.337208558606976,0.1605676328934637,bounce_support
XAUUSD.a,15m,1,0.12,2020-08-31 18:00:00,1963.329773659715,2020-08-31 19:30:00,1974.8907236558516,1957.0546381720742,1974.8907236558516,target,6,138.73139995363817,-2.88,-0.0,0.0,138.73139995363817,187.72855203469305,1.8423426902743685,0.2039435901002782,1.8740991909173879,bounce_support
XAUUSD.a,15m,1,0.15,2020-08-31 23:00:00,1968.1264709568625,2020-09-01 04:45:00,1977.3354380343326,1963.0472809828336,1977.3354380343326,target,19,138.1345061620516,-3.5999999999999996,-0.0,-12.438,125.69650616205159,169.88080464117473,1.6498235191670167,0.6116075541073767,1.9576997698414853,bounce_support
XAUUSD.a,15m,1,0.19,2020-09-01 12:15:00,1988.4921480918727,2020-09-01 13:00:00,1984.3650042546044,1984.4540965784986,1995.661806843003,stop,3,-78.41573290809674,-4.56,-1.692754153990475,0.0,-78.41573290809674,-106.15081885978007,-1.0220631964696631,1.1124543797905058,0.294164624743701,bounce_support
XAUUSD.a,15m,1,0.18,2020-09-01 13:45:00,1989.5457609901837,2020-09-01 16:30:00,1985.1066681310544,1985.2165081884268,1997.3169836231464,stop,11,-79.90367146432618,-4.32,-1.9771210327009896,0.0,-79.90367146432618,-108.24855580075348,-1.0253715969942416,2.4290013708407785,0.5068401200608749,bounce_support
XAUUSD.a,15m,-1,0.18,2020-09-02 01:45:00,1970.25800475268,2020-09-02 04:00:00,1961.8690832556713,1974.6654583721643,1961.6290832556713,target,9,151.00058694615882,-4.32,-0.0,0.0,151.00058694615882,205.53805426477393,1.9033487862296892,0.6765800629500235,2.590612570987539,bounce_resistance
XAUUSD.a,15m,-1,0.2,2020-09-02 11:45:00,1966.3463694960233,2020-09-02 12:00:00,1970.6738806830317,1970.3295667667783,1958.5708664664437,stop,1,-86.5502237401688,-4.8,-2.0862783250671364,0.0,-86.5502237401688,-117.79226661427222,-1.0864415927329096,1.3892433961544566,0.44847628038385523,bounce_resistance
XAUUSD.a,15m,-1,0.19,2020-09-03 01:45:00,1940.8329091902092,2020-09-03 02:45:00,1945.302553081473,1944.9826014173836,1932.704797165233,stop,4,-84.92323393401193,-4.56,-1.5190816176987822,0.0,-84.92323393401193,-115.88711116662155,-1.0771025046132607,1.1054050658870793,0.11637229070795432,bounce_resistance
XAUUSD.a,15m,-1,0.2,2020-09-03 12:45:00,1934.1746819109949,2020-09-03 16:15:00,1938.3828649858008,1938.025388739068,1926.6692225218642,stop,14,-84.16366149611804,-4.8,-2.3495249346557623,0.0,-84.16366149611804,-115.29900473466769,-1.0928339296377296,1.7439182957394026,1.7904977498495038,bounce_resistance
XAUUSD.a,15m,-1,0.2,2020-09-04 02:45:00,1931.1740961015362,2020-09-04 03:30:00,1935.218440811266,1934.8740502874368,1924.1818994251262,stop,3,-80.8868941945957,-4.8,-2.0878104765845764,0.0,-80.8868941945957,-111.27191640817644,-1.0930796724839178,1.058365509871988,1.5119365863646563,bounce_resistance
XAUUSD.a,15m,1,0.21,2020-09-04 09:00:00,1934.8708230826564,2020-09-04 09:00:00,1931.192755399822,1931.2839900238068,1941.1420199523861,stop,0,-77.23942133952141,-5.04,-1.9159271036786996,0.0,-77.23942133952141,-106.28205594782372,-1.0254359827981534,1.160026969303917,0.11128951662767528,bounce_support
XAUUSD.a,15m,1,0.16,2020-09-04 09:30:00,1935.6905158212703,2020-09-04 15:30:00,1931.0034318823552,1931.1240993313925,1943.9218013372154,stop,24,-74.99334302264106,-3.84,-1.930679184597321,0.0,-74.99334302264106,-103.19569432461513,-1.0264249766320497,2.310458506064229,2.6365278343351006,bounce_support
XAUUSD.a,15m,1,0.14,2020-09-04 16:00:00,1927.5745806084603,2020-09-04 16:00:00,1922.1676866438588,1922.3095575565492,1937.1908848869016,stop,0,-75.69651550442133,-3.3600000000000003,-1.9861927776649455,0.0,-75.69651550442133,-104.54164664736125,-1.0269459243181978,2.131914807929664,0.0,bounce_support
XAUUSD.a,15m,-1,0.15,2020-09-04 22:00:00,1935.8111115652891,2020-09-07 04:45:00,1940.9625741997986,1940.633498341703,1926.4030033165943,stop,23,-77.27193951764207,-3.5999999999999996,-1.3361378714334098,4.5344999999999995,-72.73743951764207,-99.82904602898914,-1.0055524078297868,1.0718527306834364,1.4206889415833843,bounce_resistance
XAUUSD.a,15m,1,0.2,2020-09-07 07:30:00,1935.1161940853501,2020-09-07 08:45:00,1931.3272517652676,1931.3995382087842,1941.6909235824314,stop,5,-75.77884640164939,-4.8,-1.445728870332898,0.0,-75.77884640164939,-104.1104131254886,-1.019449323778483,1.9711790191669036,0.4449714930772459,bounce_support
XAUUSD.a,15m,-1,0.27,2020-09-07 15:45:00,1930.2585778680757,2020-09-07 17:00:00,1925.1779552170528,1932.9810223914735,1924.9379552170528,target,5,137.17681157761695,-6.4799999999999995,-0.0,0.0,137.17681157761695,188.42192159336423,1.8661987810432337,0.8894293753696944,2.089511032891851,bounce_resistance
XAUUSD.a,15m,-1,0.22,2020-09-07 17:45:00,1929.3599095237662,2020-09-08 03:30:00,1927.3344155844156,1932.699635544991,1927.0944155844156,target,19,44.56086666571218,-5.279999999999999,-0.0,6.6506,51.21146666571218,70.36378541887606,0.697001467951812,0.8204536715945404,1.1916874313859125,bounce_resistance
XAUUSD.a,15m,-1,0.09,2020-09-08 17:15:00,1917.8373517512,2020-09-08 17:30:00,1926.335004213587,1925.9178512956153,1910.451105882353,stop,1,-76.47887216148206,-2.16,-1.5943762617441335,0.0,-76.47887216148206,-105.70972544020852,-1.0516246446990947,1.0881317671599942,0.08135038528085314,bounce_resistance
XAUUSD.a,15m,1,0.14,2020-09-08 23:15:00,1928.9847024180096,2020-09-09 04:00:00,1923.6665595256495,1923.7467820421682,1938.4864359156638,stop,15,-74.4540004930418,-3.3600000000000003,-1.1231152312630952,-34.82640000000001,-109.28040049304181,-151.37466823615057,-1.4902370277261388,1.1139349206071592,0.749400009991534,bounce_support
XAUUSD.a,15m,-1,0.21,2020-09-09 06:30:00,1927.423378448444,2020-09-09 08:15:00,1931.2484828111778,1930.9510505782946,1920.5078988434109,stop,7,-80.32719161740943,-5.04,-1.2060768905496588,0.0,-80.32719161740943,-111.1733490428342,-1.084314024074522,1.5297968044962613,0.0774954242858012,bounce_resistance
XAUUSD.a,15m,1,0.16,2020-09-09 21:45:00,1947.3663022780636,2020-09-09 21:45:00,1949.2128,1942.8615192225639,1949.2128,target,0,29.54396355098288,-3.84,-0.0,0.0,29.54396355098288,40.63595338768552,0.409897146918564,0.06577503831220116,0.5646659762740375,bounce_support
XAUUSD.a,15m,1,0.22,2020-09-09 23:15:00,1948.1080450375796,2020-09-10 01:15:00,1944.7035579168332,1944.77262984461,1953.9147403107797,stop,4,-74.89871665641977,-5.279999999999999,-1.5195824110877585,-18.2424,-93.14111665641977,-127.90419886628825,-1.2693133765386087,1.1806761106923658,0.13849998746604844,bounce_support
XAUUSD.a,15m,1,0.26,2020-09-10 01:30:00,1945.5552302410047,2020-09-10 04:15:00,1950.4516176150205,1942.6791911924897,1950.4516176150205,target,11,127.3060717244116,-6.24,-0.0,0.0,127.3060717244116,175.10669819869,1.7024759717863043,0.2799788971642963,1.854901713434689,bounce_support
XAUUSD.a,15m,1,0.19,2020-09-10 04:45:00,1946.6773279495844,2020-09-10 09:30:00,1942.7875105822623,1942.8507129711056,1953.3485740577885,stop,19,-73.90652997912116,-4.56,-1.2008453880229724,0.0,-73.90652997912116,-101.50880394890831,-1.0165165267994873,1.0393854547565404,0.6618570367438505,bounce_support
XAUUSD.a,15m,1,0.12,2020-09-10 19:30:00,1956.7694607483002,2020-09-10 21:15:00,1950.6769519746679,1950.78874251235,1967.7725149753003,stop,7,-73.11010528358747,-2.88,-1.3414864521844965,0.0,-73.11010528358747,-100.60839060327444,-1.0186918248397123,1.588347816019605,0.20909516254800298,bounce_support
XAUUSD.a,15m,1,0.16,2020-09-10 21:30:00,1947.784346523327,2020-09-10 22:15:00,1943.2565036553958,1943.378967892868,1955.6520642142639,stop,3,-72.4454858868994,-3.84,-1.9594277995571847,0.0,-72.4454858868994,-99.88898586286216,-1.0277987995459834,1.3425285360116748,1.0000623887836102,bounce_support
XAUUSD.a,15m,-1,0.25,2020-09-11 03:45:00,1947.4371476829867,2020-09-11 05:45:00,1941.965464761207,1950.3722676193966,1941.725464761207,target,8,136.79207304449506,-6.0,-0.0,0.0,136.79207304449506,188.1467203692938,1.8642110170368904,0.6653398700299985,3.0380863052206415,bounce_resistance
XAUUSD.a,15m,-1,0.21,2020-09-11 15:45:00,1945.6493917703397,2020-09-11 16:00:00,1949.4733188840094,1949.1461574212683,1941.3469491525425,stop,1,-80.30246938706364,-5.04,-1.8303907175634297,0.0,-80.30246938706364,-110.17392592240542,-1.0935611634866567,1.4615243741893607,0.7633888103512835,bounce_resistance
XAUUSD.a,15m,1,0.2,2020-09-11 19:45:00,1943.760001042364,2020-09-11 20:00:00,1940.0327802797603,1940.1277531601959,1950.1244936796083,stop,1,-74.5444152520713,-4.8,-1.8994576087106174,0.0,-74.5444152520713,-102.61889162202488,-1.026147136295898,1.4068425966880163,0.31660806061224966,bounce_support
XAUUSD.a,15m,1,0.16,2020-09-11 20:30:00,1940.832749376849,2020-09-14 05:00:00,1949.139094979342,1936.315452510329,1949.139094979342,target,30,132.90152963988658,-3.84,-0.0,-13.2672,119.63432963988657,164.2651786899445,1.6552256412257536,0.9591464773903009,2.033793858278838,bounce_support
XAUUSD.a,15m,1,0.27,2020-09-14 11:00:00,1945.768943555801,2020-09-14 12:30:00,1942.9961741331165,1943.054349454072,1950.361301091856,stop,6,-74.86477441247894,-6.4799999999999995,-1.5707336658010176,0.0,-74.86477441247894,-103.02444632705208,-1.0214305781179294,1.6315306781888026,0.5161200502524109,bounce_support
XAUUSD.a,15m,1,0.3,2020-09-14 23:00:00,1957.8759004264302,2020-09-15 03:15:00,1955.3870711271386,1955.4284385768321,1962.123122846336,stop,13,-74.66487897874913,-7.199999999999999,-1.2410234908063014,-24.876,-99.54087897874913,-136.87863229662156,-1.3557021531659483,1.0688217374500932,0.3489736004301931,bounce_support
XAUUSD.a,15m,1,0.18,2020-09-15 16:30:00,1964.4492023075923,2020-09-15 16:45:00,1960.3888288874878,1960.4987178159197,1970.7039614561027,stop,1,-73.08672156188095,-4.32,-1.9780007117739349,0.0,-73.08672156188095,-99.79753063682796,-1.0278165700089619,2.7969233472206647,0.5975970029458753,bounce_support
XAUUSD.a,15m,-1,0.29,2020-09-16 03:30:00,1952.6749520545284,2020-09-16 04:30:00,1955.4666515577974,1955.1667455588406,1947.8865088823188,stop,4,-80.95928559480103,-6.959999999999999,-1.7372739697463189,0.0,-80.95928559480103,-110.75293177034027,-1.120357484854891,1.4387419901638852,1.1698208737938565,bounce_resistance
XAUUSD.a,15m,-1,0.3,2020-09-16 05:00:00,1956.081503014205,2020-09-16 05:30:00,1958.8214796576706,1958.5233761581858,1951.3760975609757,stop,2,-82.19929930396574,-7.199999999999999,-1.7431049845410613,0.0,-82.19929930396574,-112.33863047377478,-1.1220798468665858,1.535090794964104,0.0,bounce_resistance
XAUUSD.a,15m,1,0.24,2020-09-16 13:45:00,1964.7008642641754,2020-09-16 14:30:00,1961.6484667946445,1961.7135898568126,1969.832820286375,stop,3,-73.25753926874131,-5.76,-1.5629534920361177,0.0,-73.25753926874131,-99.85080386105648,-1.0218001607109248,1.038024580712357,0.4951455856144492,bounce_support
XAUUSD.a,15m,1,0.15,2020-09-16 16:45:00,1965.164938454147,2020-09-16 17:15:00,1960.29296281886,1960.4075674011367,1973.7648651977263,stop,2,-73.07963452930608,-3.5999999999999996,-1.7190687341520958,0.0,-73.07963452930608,-99.6830457896471,-1.0240898977607138,1.8087591567410262,0.2575080926424591,bounce_support
XAUUSD.a,15m,-1,0.17,2020-09-17 02:00:00,1959.2179997269616,2020-09-17 04:45:00,1953.338893528184,1963.4683952688679,1953.098893528184,target,11,99.94480537922028,-4.08,-0.0,0.0,99.94480537922028,137.504031614804,1.383190373887153,0.4027861068832791,2.952195767016482,bounce_resistance
XAUUSD.a,15m,-1,0.18,2020-09-17 10:45:00,1943.866657483338,2020-09-17 14:45:00,1948.1497548243283,1947.8305451726826,1936.098909654635,stop,16,-77.09575213782455,-4.32,-1.4257737296240571,0.0,-77.09575213782455,-105.46903080498038,-1.0805294389404003,1.2420489434896183,1.7928503631527262,bounce_resistance
XAUUSD.a,15m,-1,0.23,2020-09-17 22:45:00,1946.1450917704317,2020-09-18 03:00:00,1949.5100059508977,1949.2049278911288,1940.1901442177425,stop,13,-77.3930261507187,-5.52,-1.4967953746821512,6.9529000000000005,-70.4401261507187,-96.28229380907422,-1.000907911293063,1.857912648038495,0.8252375848993194,bounce_resistance
XAUUSD.a,15m,1,0.23,2020-09-18 06:30:00,1952.461621726271,2020-09-18 14:45:00,1949.345577154823,1949.4042147392547,1957.7315705214908,stop,33,-71.66902514330172,-5.52,-1.3486644419250646,0.0,-71.66902514330172,-98.23191812292072,-1.0191788612640125,1.240142951976163,1.1900209194195561,bounce_support
XAUUSD.a,15m,1,0.17,2020-09-18 20:45:00,1953.7682875437745,2020-09-18 22:45:00,1949.5987330985445,1949.668363027533,1961.0732739449343,stop,8,-70.8824255689101,-4.08,-1.1837087928046555,0.0,-70.8824255689101,-97.16443307001973,-1.0169832221819206,1.0069179389572775,0.28091064888223316,bounce_support
XAUUSD.a,15m,-1,0.24,2020-09-21 02:30:00,1950.8351953115205,2020-09-21 04:00:00,1954.0447640372709,1953.7392951916352,1945.16140961673,stop,6,-77.02964941800929,-5.76,-1.5712522952589014,0.0,-77.02964941800929,-105.47960976339114,-1.1051853786873276,1.1069883341452147,1.3240575290986847,bounce_resistance
XAUUSD.a,15m,-1,0.19,2020-09-21 15:00:00,1932.8993169371888,2020-09-21 15:15:00,1926.2403576587833,1936.5298211706083,1926.0003576587833,target,1,126.52022628970485,-4.56,-0.0,0.0,126.52022628970485,174.58289815055176,1.8341692641778162,0.449161592431265,2.655090399966206,bounce_resistance
XAUUSD.a,15m,-1,0.09,2020-09-21 20:15:00,1904.8848447956045,2020-09-21 23:00:00,1912.5526364784687,1912.1883981854019,1890.6232036291963,stop,11,-69.01012514577747,-2.16,-1.118144637601577,0.0,-69.01012514577747,-95.5329334631525,-1.0498713809055795,1.1357697769394566,0.08418433641676996,bounce_resistance
XAUUSD.a,15m,-1,0.15,2020-09-22 02:00:00,1913.1264041192926,2020-09-22 02:00:00,1913.159,1917.7747006085815,1912.919,target,0,-0.4889382106125595,-3.5999999999999996,-0.0,0.0,-0.4889382106125595,-0.6764034178772352,-0.007012435799354644,0.3729529483977703,0.0508582272747122,bounce_resistance
XAUUSD.a,15m,-1,0.21,2020-09-22 02:15:00,1914.3371752536289,2020-09-22 02:30:00,1917.9195224949513,1917.5855880267914,1913.8486666666668,stop,1,-75.2292920677703,-5.04,-1.972623831359173,0.0,-75.2292920677703,-104.07317156778073,-1.1027992719763853,1.0567698707295412,0.017600981655179555,bounce_resistance
XAUUSD.a,15m,-1,0.12,2020-09-22 12:45:00,1904.4172523950788,2020-09-22 15:30:00,1910.4198615021248,1910.0702908144413,1893.3294183711175,stop,11,-72.03130928455266,-2.88,-1.3148482522037055,0.0,-72.03130928455266,-99.84518149307993,-1.0618376635273257,1.305978671511271,0.31085095566657583,bounce_resistance
XAUUSD.a,15m,-1,0.19,2020-09-23 02:30:00,1901.0687928957082,2020-09-23 02:45:00,1904.8961174728486,1904.5813647204423,1899.166887755102,stop,1,-72.71916696566791,-4.56,-1.4203022957188336,0.0,-72.71916696566791,-101.3889086703957,-1.0896074922055574,1.122028901029002,0.090757687419613,bounce_resistance
XAUUSD.a,15m,-1,0.2,2020-09-23 03:00:00,1904.1695244866057,2020-09-23 06:00:00,1899.1478061224489,1907.4384542559926,1898.9078061224488,target,12,100.43436728313736,-4.8,-0.0,0.0,100.43436728313736,140.88932929767046,1.536196467475265,0.34582435021424773,3.4719389180191778,bounce_resistance
XAUUSD.a,15m,-1,0.1,2020-09-23 20:30:00,1864.8834224272944,2020-09-23 21:15:00,1861.5679282868525,1871.339386782049,1861.3279282868525,target,3,33.15494140441842,-2.4,-0.0,0.0,33.15494140441842,46.8528367593952,0.5135552116238254,0.26434123222020794,0.6216611813134869,bounce_resistance
XAUUSD.a,15m,-1,0.13,2020-09-23 21:30:00,1863.933885077727,2020-09-23 22:00:00,1860.2550996015934,1868.9788571200677,1860.0150996015934,target,2,47.82421118973548,-3.12,-0.0,0.0,47.82421118973548,67.6056137824929,0.7291983870789936,0.7960628698369806,1.620204236837441,bounce_resistance
XAUUSD.a,15m,-1,0.11,2020-09-23 23:00:00,1861.9774874753155,2020-09-24 01:30:00,1858.2858565737051,1868.021924406084,1858.0458565737051,target,6,40.607939917713566,-2.6399999999999997,-0.0,3.3253,43.933239917713564,62.099085357278135,0.6607614484782893,0.4653059593305864,1.1477475163982458,bounce_resistance
XAUUSD.a,15m,-1,0.13,2020-09-24 03:15:00,1859.2801354562491,2020-09-24 04:00:00,1864.9503015183225,1864.592349585403,1852.4663346613545,stop,3,-73.71215880695354,-3.12,-1.5333751279519563,0.0,-73.71215880695354,-104.44810169179934,-1.067382813308466,1.09556286743239,0.32380762793594914,bounce_resistance
XAUUSD.a,15m,-1,0.13,2020-09-24 14:00:00,1857.0555766276307,2020-09-24 17:00:00,1862.4154527864569,1862.0282580344162,1848.0311842105264,stop,12,-69.67839006474037,-3.12,-1.9135317765292292,0.0,-69.67839006474037,-99.20467853800756,-1.077864379469849,1.4065697759814066,1.2479336840608415,bounce_resistance
XAUUSD.a,15m,-1,0.11,2020-09-24 17:30:00,1858.141659479269,2020-09-24 18:15:00,1864.5892867002833,1864.2000039429697,1846.3199921140606,stop,3,-70.923899431157,-2.6399999999999997,-1.6421103304500466,0.0,-70.923899431157,-100.66695919487466,-1.0642556328128965,1.5364495327895409,0.6770264556339897,bounce_resistance
XAUUSD.a,15m,-1,0.09,2020-09-25 17:30:00,1861.6096245673568,2020-09-28 11:15:00,1854.0588620689655,1868.9743511013892,1853.8188620689655,target,67,67.95686248552215,-2.16,-0.0,2.7207,70.67756248552215,100.35435123178586,1.066307413059047,0.6966145190776267,1.0943548996847903,bounce_resistance
XAUUSD.a,15m,1,0.16,2020-09-29 01:45:00,1879.6007614745977,2020-09-29 02:30:00,1883.4111042944785,1875.4834955065953,1883.4111042944785,target,3,60.965485118093056,-3.84,-0.0,0.0,60.965485118093056,85.94435141267206,0.9254546219489298,0.07790642554805167,0.9883351129188135,bounce_support
XAUUSD.a,15m,1,0.2,2020-09-29 03:45:00,1884.4466597212872,2020-09-29 07:30:00,1880.975562308759,1881.0364066160073,1890.4071867679856,stop,15,-69.42194825056504,-4.8,-1.2168861449677584,0.0,-69.42194825056504,-97.99823299063387,-1.0178415810703654,1.1719539863769486,0.8132359074518433,bounce_support
XAUUSD.a,15m,1,0.25,2020-09-29 07:45:00,1880.7999369521062,2020-09-29 08:15:00,1878.015331425219,1878.0765769219481,1885.4068461561037,stop,2,-69.61513817217906,-6.0,-1.5311374182280308,0.0,-69.61513817217906,-98.27233327994334,-1.022488946026533,1.18233979953042,0.470030783193719,bounce_support
XAUUSD.a,15m,1,0.26,2020-09-30 02:15:00,1898.7744030294966,2020-09-30 03:00:00,1896.1016623520295,1896.1524009758289,1903.1951980483423,stop,3,-69.49125761414507,-6.24,-1.3192042187861792,0.0,-69.49125761414507,-97.4058165094125,-1.0193510999460837,1.347978741874957,0.204270233028272,bounce_support
XAUUSD.a,15m,-1,0.19,2020-09-30 15:30:00,1887.733410870042,2020-09-30 15:30:00,1891.6301060772898,1891.2902223823528,1880.6095552352945,stop,0,-74.03720893770878,-4.56,-1.8977902038022945,0.0,-74.03720893770878,-103.75751014309769,-1.0955585343110374,2.6277999544276196,0.23712554548440512,bounce_resistance
XAUUSD.a,15m,-1,0.2,2020-10-01 04:15:00,1887.7450275384772,2020-10-01 04:30:00,1891.3625493248917,1891.0540805391993,1881.2618389216013,stop,1,-72.35043572829,-4.8,-1.3693757138481897,0.0,-72.35043572829,-100.83824963175793,-1.093219656991018,1.050141070803201,0.32789669377925845,bounce_resistance
XAUUSD.a,15m,1,0.23,2020-10-01 11:45:00,1894.6216765386869,2020-10-01 14:15:00,1899.5759475458644,1891.7370262270676,1899.5759475458644,target,10,113.94823316508405,-5.52,-0.0,0.0,113.94823316508405,158.1999127632088,1.7174598207699612,0.4928418994012493,1.8055302718441102,bounce_support
XAUUSD.a,15m,1,0.11,2020-10-01 17:30:00,1898.3433954798124,2020-10-01 18:00:00,1907.6749770642202,1892.415728892827,1907.6749770642202,target,2,102.64739742848565,-2.6399999999999997,-0.0,0.0,102.64739742848565,142.78595811387785,1.57424197995479,0.15915123868195255,1.7252327488595032,bounce_support
XAUUSD.a,15m,1,0.18,2020-10-02 01:15:00,1905.4137029848039,2020-10-02 03:00:00,1901.6614762305744,1901.724767059425,1911.9104658811498,stop,7,-67.54008157613043,-4.32,-1.1392349193086186,0.0,-67.54008157613043,-94.23233191412567,-1.0171569336336572,1.1856272576365352,0.5682660413736469,bounce_support
XAUUSD.a,15m,-1,0.25,2020-10-02 07:45:00,1895.4835005916416,2020-10-02 08:00:00,1890.437448330637,1898.1962758346815,1890.197448330637,target,1,126.15130652511652,-6.0,-0.0,0.0,126.15130652511652,176.62807891842363,1.8601070154820845,0.8797261824330173,2.1172047357692105,bounce_resistance
XAUUSD.a,15m,1,0.13,2020-10-02 14:00:00,1908.2045424842868,2020-10-02 16:00:00,1902.7919085023757,1902.909036177053,1917.678712446352,stop,8,-70.36424176484411,-3.12,-1.5226597708049077,0.0,-70.36424176484411,-98.2342930444989,-1.0221183146391968,1.0980144573416557,0.7054013911022107,bounce_support
XAUUSD.a,15m,-1,0.19,2020-10-02 22:15:00,1903.1773315934342,2020-10-05 01:15:00,1898.8812500000001,1906.6620212886826,1898.6412500000001,target,8,81.62555027524809,-4.56,-0.0,5.7437000000000005,87.36925027524809,121.9202219830146,1.319595715998583,0.46565649985373214,1.5029549404573184,bounce_resistance
XAUUSD.a,15m,-1,0.24,2020-10-05 11:30:00,1893.4433930659386,2020-10-05 11:45:00,1896.5598016036763,1896.2475348026621,1887.9749303946758,stop,1,-74.79380490570475,-5.76,-1.7344032243418677,0.0,-74.79380490570475,-104.15803936289096,-1.1113591359968276,1.756903679133473,0.2044807715777925,bounce_resistance
XAUUSD.a,15m,1,0.15,2020-10-05 20:15:00,1915.291862566589,2020-10-06 04:30:00,1910.644879116108,1910.6951566708499,1923.5796866583003,stop,29,-69.70475175721504,-3.5999999999999996,-0.7541633211261982,-12.438,-82.14275175721504,-114.29351851567418,-1.1913277844373305,1.2469500326096872,0.24324754699825826,bounce_support
XAUUSD.a,15m,1,0.33,2020-10-06 09:45:00,1910.5428407209267,2020-10-06 10:00:00,1912.7756842105262,1908.484785497217,1912.7756842105262,target,1,73.68383515678079,-7.92,-0.0,0.0,73.68383515678079,102.98517800187396,1.0849288512164459,0.28805870420622826,1.956779017724342,bounce_support
XAUUSD.a,15m,-1,0.24,2020-10-06 12:15:00,1912.256849201,2020-10-06 14:15:00,1915.3644882503074,1915.0639799659543,1906.922040068091,stop,8,-74.58333718337781,-5.76,-1.4521988244723267,0.0,-74.58333718337781,-104.21033559225626,-1.1070517583665154,1.3975661012941438,0.34798849173524343,bounce_resistance
XAUUSD.a,15m,1,0.18,2020-10-06 17:45:00,1912.0410166069719,2020-10-06 18:15:00,1908.2390193557594,1908.3466428754907,1918.4367142490187,stop,2,-68.43595052182445,-4.32,-1.9372233551649676,0.0,-68.43595052182445,-95.72666562479816,-1.0291317358647838,1.0017981059777983,1.4505796604610612,bounce_support
XAUUSD.a,15m,-1,0.14,2020-10-07 04:15:00,1878.5194221865117,2020-10-07 04:15:00,1873.5958333333333,1883.3279614840299,1873.3558333333333,target,0,68.93024394449822,-3.3600000000000003,-0.0,0.0,68.93024394449822,96.89243044727824,1.0239260924247235,0.0916240434419846,1.1582357639015899,bounce_resistance
XAUUSD.a,15m,-1,0.13,2020-10-07 05:00:00,1879.4092130990405,2020-10-07 08:00:00,1884.5978996917988,1884.284774818598,1873.1433333333332,stop,12,-67.45292570585866,-3.12,-0.950623351611885,0.0,-67.45292570585866,-94.66412982367365,-1.0642233431165131,1.0933687660184874,0.18238167214119416,bounce_resistance
XAUUSD.a,15m,-1,0.2,2020-10-07 15:00:00,1888.482680010825,2020-10-07 17:00:00,1882.1443589475332,1891.8278205262334,1881.9043589475332,target,8,126.76642126583829,-4.8,-0.0,0.0,126.76642126583829,177.62112579108336,1.8947846986087882,0.9976621232509001,2.6284934729421683,bounce_resistance
XAUUSD.a,15m,-1,0.12,2020-10-07 18:45:00,1887.9462106197313,2020-10-08 09:45:00,1893.7449813981243,1893.447256222612,1877.165487554776,stop,56,-69.58524934071556,-2.88,-0.6927021061473841,3.6275999999999997,-65.95764934071556,-92.08746853852085,-0.9991683718300325,1.1841002330280224,1.3026997296620888,bounce_resistance
XAUUSD.a,15m,1,0.22,2020-10-08 13:15:00,1892.1562190348998,2020-10-08 15:15:00,1897.3345883738039,1889.1527058130982,1897.3345883738039,target,8,113.92412545588968,-5.279999999999999,-0.0,0.0,113.92412545588968,159.07635927151708,1.7241040596445363,0.6712868850599988,2.4550519410323486,bounce_support
XAUUSD.a,15m,1,0.15,2020-10-08 17:30:00,1885.3790541335245,2020-10-08 22:30:00,1893.4001032684575,1880.9049483657711,1893.4001032684575,target,20,120.31573702399555,-3.5999999999999996,-0.0,0.0,120.31573702399555,167.91444464850815,1.7927714612255865,0.7753625670915631,1.8262746324341834,bounce_support
XAUUSD.a,15m,1,0.27,2020-10-09 02:45:00,1895.543940111286,2020-10-09 04:00:00,1899.8525097222096,1892.9787451388952,1899.8525097222096,target,5,116.33137949493563,-6.4799999999999995,-0.0,0.0,116.33137949493563,161.9853229014922,1.6796265614491848,0.23153799913010384,3.082050282261927,bounce_support
XAUUSD.a,15m,1,0.24,2020-10-09 12:45:00,1912.842812265999,2020-10-09 13:45:00,1917.7443978768356,1909.9678010615821,1917.7443978768356,target,4,117.6380546600758,-5.76,-0.0,0.0,117.6380546600758,163.6361867576517,1.7048926986114064,0.15402105748968972,1.845971148163658,bounce_support
XAUUSD.a,15m,1,0.19,2020-10-09 23:15:00,1928.2475717954003,2020-10-12 03:45:00,1924.439673634962,1924.516333741516,1934.907332516968,stop,14,-72.35006504832768,-4.56,-1.4565420245255434,-15.754800000000001,-88.10486504832768,-122.04411221388771,-1.2427773552564063,1.6047144966178786,1.3192479636820613,bounce_support
XAUUSD.a,15m,-1,0.19,2020-10-12 19:30:00,1924.6093125830564,2020-10-12 21:30:00,1921.63863340564,1928.3238649609382,1921.3986334056399,target,8,56.442904370913766,-4.56,-0.0,0.0,56.442904370913766,78.25705978636225,0.7997408234449359,0.317854561420088,1.1816531674697746,bounce_resistance
XAUUSD.a,15m,-1,0.22,2020-10-13 11:45:00,1924.1706729382374,2020-10-13 15:30:00,1918.2313609599785,1927.3193195200108,1917.9913609599785,target,15,130.66486352169704,-5.279999999999999,-0.0,0.0,130.66486352169704,181.98195501691765,1.8863063300403176,0.2887993422400371,3.214293086058987,bounce_resistance
XAUUSD.a,15m,-1,0.15,2020-10-13 21:15:00,1892.1150043734642,2020-10-14 04:15:00,1883.2479223322848,1896.7660388338577,1883.0079223322848,target,24,133.00623061769102,-3.5999999999999996,-0.0,13.603499999999999,146.609730617691,204.5964590383363,2.101464120382485,0.6654424199372594,2.084483453309858,bounce_resistance
XAUUSD.a,15m,-1,0.23,2020-10-14 06:00:00,1895.5880297890428,2020-10-14 11:30:00,1898.9700405413869,1898.6674304129833,1889.5851391740337,stop,22,-77.78624730391334,-5.52,-1.4400329532792402,0.0,-77.78624730391334,-108.39626998496864,-1.0982691651261431,1.3710363562746035,1.0028022223010653,bounce_resistance
XAUUSD.a,15m,1,0.15,2020-10-14 18:00:00,1907.453847445218,2020-10-14 18:45:00,1902.5961345454007,1902.6979994345097,1916.0540011309809,stop,3,-72.86569349725823,-3.5999999999999996,-1.5279733366355663,0.0,-72.86569349725823,-101.64280423119384,-1.02141886975355,1.0100927183546542,0.9916533379879642,bounce_support
XAUUSD.a,15m,1,0.2,2020-10-14 21:30:00,1901.3427486221935,2020-10-15 02:45:00,1897.7702008655701,1897.8261191823258,1907.5577616353482,stop,17,-71.45095513246815,-4.8,-1.1183663351149586,-16.584,-88.03495513246816,-123.28099024291859,-1.251695076746254,1.263354214073951,0.9091806323291934,bounce_support
XAUUSD.a,15m,-1,0.22,2020-10-15 06:45:00,1897.1656859835462,2020-10-15 07:30:00,1900.5792672169105,1900.2745900517414,1891.0808198965174,stop,3,-75.09878713401486,-5.279999999999999,-1.422897633717919,0.0,-75.09878713401486,-105.25555667775983,-1.0980014688410658,1.374861984382564,0.0661602864013502,bounce_resistance
XAUUSD.a,15m,-1,0.14,2020-10-15 15:30:00,1895.4322189120521,2020-10-15 16:30:00,1900.427859259875,1900.069077812579,1886.361844374842,stop,4,-69.93896486952099,-3.3600000000000003,-1.6629402621428186,0.0,-69.93896486952099,-98.84807200938603,-1.077375968299407,1.0152953085143452,0.8307820002058784,bounce_resistance
XAUUSD.a,15m,1,0.17,2020-10-15 21:30:00,1905.6269903702337,2020-10-16 11:30:00,1912.608193717476,1901.6759031412619,1912.608193717476,target,52,118.6804569031208,-4.08,-0.0,-14.096400000000001,104.5840569031208,147.6508596441168,1.5570406297618864,0.7028420810027075,1.7724259738980366,bounce_support
XAUUSD.a,15m,1,0.22,2020-10-16 16:00:00,1907.1523289765248,2020-10-16 16:30:00,1903.9668299147713,1904.0546472390013,1912.5607055219978,stop,2,-70.08097935857677,-5.279999999999999,-1.9319811330567667,0.0,-70.08097935857677,-98.96765994263228,-1.028349369519204,1.0402388784784766,1.1000713798956667,bounce_support
XAUUSD.a,15m,-1,0.26,2020-10-19 05:15:00,1902.1002805767257,2020-10-19 08:30:00,1905.0261157739174,1904.7356428945056,1898.5915328467152,stop,13,-76.07171512698278,-6.24,-1.31229486470628,0.0,-76.07171512698278,-107.22934627374481,-1.1102212312333612,1.597396834155449,0.9411535408213769,bounce_resistance
XAUUSD.a,15m,1,0.23,2020-10-19 12:15:00,1910.4885673912074,2020-10-19 15:00:00,1915.3350824483246,1907.5874587758378,1915.3350824483246,target,11,111.469846313694,-5.52,-0.0,0.0,111.469846313694,156.92684571071757,1.670573459897742,0.2476871728967996,2.1686304936883705,bounce_support
XAUUSD.a,15m,1,0.21,2020-10-19 15:45:00,1914.6479371650764,2020-10-19 15:45:00,1911.2542981841618,1911.3262039317767,1920.2175921364465,stop,0,-71.26641859920665,-5.04,-1.5100206999106311,0.0,-71.26641859920665,-100.32860585813164,-1.0216470566913836,1.6220258481516354,0.02470482400601194,bounce_support
XAUUSD.a,15m,-1,0.38,2020-10-20 03:00:00,1902.9698190884578,2020-10-20 04:45:00,1900.5690476190475,1904.7493482283428,1900.3290476190475,target,7,91.22931583759146,-9.12,-0.0,0.0,91.22931583759146,129.56317134277967,1.3491048927501617,0.6744373467353433,3.686266744067911,bounce_resistance
XAUUSD.a,15m,-1,0.23,2020-10-20 06:15:00,1903.7979677425492,2020-10-20 12:15:00,1907.0439925116584,1906.7374431649653,1898.0751136700692,stop,24,-74.6585696895122,-5.52,-1.5306349739441316,0.0,-74.6585696895122,-106.0280195550774,-1.1042870929810937,1.1199386912188793,1.707096342525203,bounce_resistance
XAUUSD.a,15m,1,0.3,2020-10-21 02:45:00,1911.0671410945686,2020-10-21 03:15:00,1914.7467332612282,1908.8116333693858,1914.7467332612282,target,2,110.38776499978894,-7.199999999999999,-0.0,0.0,110.38776499978894,156.29683407165666,1.6313808751692653,0.44209163348702435,2.049586819773351,bounce_support
XAUUSD.a,15m,1,0.21,2020-10-21 03:30:00,1912.9608319915333,2020-10-21 05:00:00,1918.6703683189605,1909.6848158405198,1918.6703683189605,target,6,119.90026287597243,-5.04,-0.0,0.0,119.90026287597243,169.5206533048289,1.7428291144599553,0.19561319663674145,2.139540125984565,bounce_support
XAUUSD.a,15m,1,0.26,2020-10-21 08:15:00,1918.4248302249055,2020-10-21 08:30:00,1915.6858545173077,1915.7396394734258,1922.9707210531487,stop,1,-71.21336839754213,-6.24,-1.3984088590698118,0.0,-71.21336839754213,-100.62649201291808,-1.0200302179978986,1.033382907108659,0.07268376557117139,bounce_support
XAUUSD.a,15m,1,0.27,2020-10-21 08:45:00,1918.3058811633111,2020-10-21 09:00:00,1915.66452696156,1915.7190685818862,1922.5918628362276,stop,1,-71.3165634472839,-6.4799999999999995,-1.4726237488099492,0.0,-71.3165634472839,-100.70116273267988,-1.0210844885779262,1.3089008409901621,0.0,bounce_support
XAUUSD.a,15m,1,0.22,2020-10-21 12:00:00,1915.8772239981695,2020-10-21 15:15:00,1921.2001132018497,1912.814943399075,1921.2001132018497,target,13,117.10356248096514,-5.279999999999999,-0.0,0.0,117.10356248096514,164.81156669101253,1.7382107979439234,0.44320693491342017,2.368423064814913,bounce_support
XAUUSD.a,15m,-1,0.24,2020-10-22 07:15:00,1913.6706640849445,2020-10-22 09:30:00,1916.872466057059,1916.5800569645264,1907.9998860709472,stop,9,-76.84324733074754,-5.76,-1.2578182207842143,0.0,-76.84324733074754,-108.18421417816069,-1.100505192882235,1.50180333007598,0.12396541129790753,bounce_resistance
XAUUSD.a,15m,-1,0.14,2020-10-22 19:45:00,1901.0173044206358,2020-10-23 01:30:00,1906.2668789106249,1905.9727897889993,1891.2944204220012,stop,19,-73.49404285984701,-3.3600000000000003,-0.7572477027575683,4.232200000000001,-69.26184285984701,-97.09649511424867,-0.9983430728245419,1.1427126019815705,0.23555804000313138,bounce_resistance
XAUUSD.a,15m,-1,0.31,2020-10-23 09:45:00,1904.4180374480304,2020-10-23 09:45:00,1906.9055684211937,1906.6176245932393,1900.1147508135216,stop,0,-77.11346016806237,-7.4399999999999995,-1.4862586665902384,0.0,-77.11346016806237,-108.43029917610502,-1.1309081245458497,1.0419967024093493,0.08548760999989642,bounce_resistance
XAUUSD.a,15m,-1,0.38,2020-10-23 10:00:00,1906.4679204874567,2020-10-23 10:30:00,1908.5908039955302,1908.2985623810928,1902.9028752378144,stop,2,-80.66957330679406,-9.12,-1.9851813486193024,0.0,-80.66957330679406,-113.07761887691906,-1.1596388760977077,1.557966919941039,0.38124358995766194,bounce_resistance
XAUUSD.a,15m,1,0.25,2020-10-23 15:00:00,1910.7854901907615,2020-10-23 15:00:00,1911.5073575129534,1908.1065654858023,1911.5073575129534,target,0,18.046683054797086,-6.0,-0.0,0.0,18.046683054797086,25.265912126782712,0.2694615943686573,0.10283610817859874,0.9162294874114141,bounce_support
XAUUSD.a,15m,1,0.2,2020-10-23 16:15:00,1910.0038966472275,2020-10-23 16:30:00,1906.5061028955608,1906.5779803684848,1916.0040392630306,stop,1,-69.95587503333354,-4.8,-1.4375494584767623,0.0,-69.95587503333354,-98.34655996363598,-1.0209805106359147,1.6999529974984398,0.0,bounce_support
XAUUSD.a,15m,1,0.19,2020-10-23 17:00:00,1903.5539275269527,2020-10-23 17:15:00,1899.866823895135,1899.959101521962,1909.8617969560758,stop,1,-70.0549690045375,-4.56,-1.7532749097156612,0.0,-70.0549690045375,-98.62174311532154,-1.0256695669551235,1.289054747161468,0.9391476717817138,bounce_support
XAUUSD.a,15m,1,0.15,2020-10-23 17:30:00,1899.6616671023214,2020-10-23 17:45:00,1895.1672073100788,1895.2651864883123,1907.549627023375,stop,1,-67.41689688363977,-3.5999999999999996,-1.4696876735040871,0.0,-67.41689688363977,-94.90792702598723,-1.0222858205996335,1.2263598035986476,0.5182174329209798,bounce_support
XAUUSD.a,15m,-1,0.22,2020-10-23 23:00:00,1903.6777966906498,2020-10-26 01:15:00,1898.0861271249248,1906.7319364375376,1897.8461271249248,target,5,123.01673044594872,-5.279999999999999,-0.0,6.6506,129.66733044594872,182.2066049967663,1.9298296915623891,0.06948054998681043,2.6677877785233757,bounce_resistance
XAUUSD.a,15m,-1,0.21,2020-10-26 03:15:00,1898.9635471368945,2020-10-26 04:00:00,1902.4167211189604,1902.1098537318014,1892.8102925363971,stop,3,-72.51665362338372,-5.04,-1.4042151303362047,0.0,-72.51665362338372,-101.85066310395331,-1.0975325760228467,1.0985747125536642,0.07740731220812641,bounce_resistance
XAUUSD.a,15m,-1,0.3,2020-10-26 09:30:00,1898.254018715134,2020-10-26 10:30:00,1900.8268333605135,1900.531613092511,1893.806773814978,stop,4,-77.18443936138783,-7.199999999999999,-1.6566080400762655,0.0,-77.18443936138783,-108.56216065570676,-1.129619334739747,1.1266190812347834,0.6559634717989399,bounce_resistance
XAUUSD.a,15m,1,0.35,2020-10-27 08:30:00,1908.1060081103458,2020-10-27 10:00:00,1906.145755020947,1906.1926271743355,1911.1347456513288,stop,6,-68.60885812895617,-8.4,-1.6405253685951902,0.0,-68.60885812895617,-96.2674628926408,-1.0244970316711657,1.837589182673314,1.193694285685108,bounce_support
XAUUSD.a,15m,1,0.24,2020-10-27 11:15:00,1902.0771163827424,2020-10-27 12:00:00,1899.1991794719736,1899.258243990679,1906.793512018642,stop,3,-69.07048585845041,-5.76,-1.4175484489285182,0.0,-69.07048585845041,-96.9478361407122,-1.0209532431732715,1.166110389387367,0.2280641078566419,bounce_support
XAUUSD.a,15m,-1,0.2,2020-10-27 17:00:00,1906.6153640176901,2020-10-27 18:30:00,1910.1672867623233,1909.8559705475386,1900.178058904923,stop,6,-71.03845489266405,-4.8,-1.426324295695717,0.0,-71.03845489266405,-99.45602488227708,-1.0960672676294538,1.4641197376503465,0.6033944570806823,bounce_resistance
XAUUSD.a,15m,1,0.22,2020-10-27 21:45:00,1908.9152713894766,2020-10-28 01:30:00,1905.8220715088728,1905.8743743919651,1914.1112512160694,stop,11,-68.05039737328434,-5.279999999999999,-1.1506634280302437,-54.727199999999996,-122.77759737328434,-172.5010149255839,-1.8352479170359541,1.3927704203537643,0.0,bounce_support
XAUUSD.a,15m,-1,0.12,2020-10-28 21:00:00,1880.9798993883685,2020-10-29 15:15:00,1871.1468045218896,1886.1065977390551,1870.9068045218896,target,69,117.99713839774631,-2.88,-0.0,3.6275999999999997,121.62473839774631,173.14855344695744,1.9769828792679771,0.7743971538914164,3.3627684347879527,bounce_resistance
XAUUSD.a,15m,-1,0.1,2020-10-29 17:30:00,1874.101837783276,2020-10-30 15:15:00,1881.0160233560634,1880.6913558292965,1861.1572883414071,stop,83,-69.14185572787346,-2.4,-0.8466752676697542,3.023,-66.11885572787347,-93.55735755019451,-1.0033944101238823,1.0893303829798209,1.4647259049703991,bounce_resistance
XAUUSD.a,15m,1,0.22,2020-10-30 23:00:00,1877.9706032662239,2020-11-02 02:30:00,1874.990952489912,1875.0572823203875,1882.9254353592253,stop,10,-65.55231707886242,-5.279999999999999,-1.4592562704616965,-18.2424,-83.79471707886242,-119.67596486455257,-1.3073914090225378,1.3697781124757458,0.6897272120491574,bounce_support
XAUUSD.a,15m,1,0.32,2020-11-03 01:30:00,1895.9388996439263,2020-11-03 02:30:00,1893.8977766619353,1893.9388795720579,1899.1322408558844,stop,4,-65.31593542371411,-7.68,-1.3152931239233259,0.0,-65.31593542371411,-92.59549387390537,-1.0205512488103277,1.1844379350219902,0.0,bounce_support
XAUUSD.a,15m,1,0.32,2020-11-03 03:15:00,1892.7887530839503,2020-11-03 03:45:00,1896.0073847665665,1890.7613076167167,1896.0073847665665,target,2,102.99621384371858,-7.68,-0.0,0.0,102.99621384371858,145.88905486440117,1.5875305820225478,0.1374898059924841,2.6147420494043088,bounce_support
XAUUSD.a,15m,1,0.24,2020-11-03 05:15:00,1891.9281153660434,2020-11-03 09:15:00,1889.150644989797,1889.2055639108405,1896.5088721783193,stop,16,-66.65928902991254,-5.76,-1.3180541050436363,0.0,-66.65928902991254,-94.28470867031477,-1.0201718578866739,1.2885396010933825,0.8307959174230456,bounce_support
XAUUSD.a,15m,1,0.16,2020-11-03 17:00:00,1900.8718883404786,2020-11-03 17:00:00,1907.6272115957095,1896.9063942021453,1907.6272115957095,target,0,108.08517208369449,-3.84,-0.0,0.0,108.08517208369449,150.83475966911507,1.7035262238643036,0.10638985351163338,1.863099881576603,bounce_support
XAUUSD.a,15m,1,0.19,2020-11-04 02:45:00,1908.9896238372046,2020-11-04 02:45:00,1905.372723925858,1905.4771596816647,1915.0856806366708,stop,0,-68.72109831558419,-4.56,-1.9842793603270528,0.0,-68.72109831558419,-96.40330829148374,-1.0297329029370863,2.624830725365091,0.22217341679190636,bounce_support
XAUUSD.a,15m,-1,0.13,2020-11-04 13:30:00,1891.6920275504917,2020-11-04 13:45:00,1897.0063507908712,1896.6403248790562,1882.9527983539097,stop,1,-69.0862021249336,-3.12,-1.6383368535965086,0.0,-69.0862021249336,-96.87878915881424,-1.0739700724332335,2.1963054618347244,0.0,bounce_resistance
XAUUSD.a,15m,-1,0.13,2020-11-04 14:15:00,1903.6839259214396,2020-11-04 14:30:00,1909.006545472965,1908.6348280063987,1894.2203439872023,stop,1,-69.19405416982954,-3.12,-1.7123270653613474,0.0,-69.19405416982954,-96.54535254615536,-1.075080755019475,1.4635866260765067,0.21287553325712505,bounce_resistance
XAUUSD.a,15m,1,0.09,2020-11-04 18:15:00,1899.6339116306076,2020-11-05 09:15:00,1912.3325811982952,1892.7837094008523,1912.3325811982952,target,56,114.28802610918842,-2.16,-0.0,-7.4628,106.82522610918842,148.5189513106183,1.7327181256241033,0.9450686875325731,2.024186718044933,bounce_support
XAUUSD.a,15m,1,0.12,2020-11-05 20:15:00,1947.0488154898144,2020-11-06 03:00:00,1941.6994618532904,1941.7989505484577,1956.5920989030847,stop,23,-64.19224363828835,-2.88,-1.1938643420087367,-9.9504,-74.14264363828835,-102.0068290659407,-1.1768976355660956,1.5864818586479665,1.0288235165131434,bounce_support
XAUUSD.a,15m,1,0.2,2020-11-06 08:30:00,1937.686860759569,2020-11-06 09:30:00,1943.2751733213609,1934.4324133393197,1943.2751733213609,target,4,111.76625123583563,-4.8,-0.0,0.0,111.76625123583563,153.59680515053134,1.7171310026461084,0.10350782055140861,2.6773022007414933,bounce_support
XAUUSD.a,15m,1,0.13,2020-11-06 15:00:00,1949.9088536505874,2020-11-06 15:30:00,1957.085748031496,1944.8459091991328,1957.085748031496,target,2,93.29962695181189,-3.12,-0.0,0.0,93.29962695181189,128.3051101555508,1.4175336999493933,0.17161034629519015,1.8884557081533457,bounce_support
XAUUSD.a,15m,1,0.12,2020-11-06 17:00:00,1942.2228330531452,2020-11-06 18:00:00,1951.975519276421,1936.8322403617897,1951.975519276421,target,4,117.03223467930911,-2.88,-0.0,0.0,117.03223467930911,161.04836268465112,1.8092048095036635,0.19530933116751556,2.038211301787655,bounce_support
XAUUSD.a,15m,1,0.17,2020-11-09 09:00:00,1957.168646328674,2020-11-09 13:30:00,1953.1480251054058,1953.2198784308898,1963.9902431382202,stop,18,-68.35056079555784,-4.08,-1.2215065332263872,0.0,-68.35056079555784,-93.380185796434,-1.01819639121466,1.2734722472535542,1.5400635916683307,bounce_support
XAUUSD.a,15m,-1,0.06,2020-11-09 20:15:00,1860.6421757864093,2020-11-10 02:00:00,1872.1117352620197,1871.7312928197143,1838.9674143605712,stop,19,-68.8173568536622,-1.44,-0.8426546538316991,1.8137999999999999,-67.0035568536622,-92.06187995996511,-1.0070467686535072,1.3046867636204018,0.4817494278728149,bounce_resistance
XAUUSD.a,15m,-1,0.14,2020-11-10 04:00:00,1874.2538093516464,2020-11-10 05:00:00,1879.2907924468475,1878.9370395037656,1865.1459209924685,stop,4,-70.51776333281532,-3.3600000000000003,-1.5925412031476207,0.0,-70.51776333281532,-96.9103198373077,-1.075536100424574,1.1906719224188103,0.0392484130986566,bounce_resistance
XAUUSD.a,15m,1,0.14,2020-11-10 11:00:00,1887.7834642239286,2020-11-10 11:30:00,1883.0863067736454,1883.1839342265325,1896.102131546935,stop,2,-65.7602043039642,-3.3600000000000003,-1.3667843404207134,0.0,-65.7602043039642,-90.21099141786134,-1.021225528030549,1.6900562075536831,0.0,bounce_support
XAUUSD.a,15m,-1,0.15,2020-11-10 14:45:00,1879.7275683677124,2020-11-10 16:30:00,1884.5437932453885,1884.175339640655,1871.0493207186898,stop,7,-72.24337316514266,-3.5999999999999996,-1.926804071003167,0.0,-72.24337316514266,-99.504666701297,-1.082840052269541,1.0819872104402737,1.3866649135561226,bounce_resistance
XAUUSD.a,15m,1,0.12,2020-11-10 19:45:00,1883.8779756121526,2020-11-10 19:45:00,1883.9779147982063,1878.603885307164,1883.9779147982063,target,0,1.1992702326442668,-2.88,-0.0,0.0,1.1992702326442668,1.647258711944765,0.01894908510746618,0.4053733418501317,0.03072082169206424,bounce_support
XAUUSD.a,15m,1,0.13,2020-11-10 20:00:00,1882.197034496999,2020-11-10 20:15:00,1877.2554009348123,1877.3573418413464,1883.8343497757846,stop,1,-64.24123630842814,-3.12,-1.3252317849444974,0.0,-64.24123630842814,-88.25679197190254,-1.0210635083232025,1.1068955981620507,0.06879889420498193,bounce_support
XAUUSD.a,15m,-1,0.17,2020-11-11 02:15:00,1878.607353487083,2020-11-11 04:30:00,1882.7690450315304,1882.4528174491234,1871.6049896907218,stop,9,-70.74875625560617,-4.08,-1.2958689009203623,0.0,-70.74875625560617,-96.91344929674004,-1.082233921713628,1.121489254739713,0.3789798842139142,bounce_resistance
XAUUSD.a,15m,1,0.21,2020-11-11 08:30:00,1881.5892022887163,2020-11-11 09:00:00,1878.4336804328066,1878.501393086835,1886.92721382633,stop,2,-66.26595897410334,-5.04,-1.4219657345961896,0.0,-66.26595897410334,-90.86864446226033,-1.021929027864513,1.3437366163000575,0.9426740841080045,bounce_support
XAUUSD.a,15m,-1,0.11,2020-11-11 17:30:00,1865.5030370995448,2020-11-12 03:45:00,1871.5755886453192,1871.265003902054,1854.2399921958915,stop,37,-66.79806700351764,-2.6399999999999997,-0.7764321759156534,3.3253,-63.472767003517646,-87.12443825719963,-1.001437832522993,1.037312970607933,0.8353114942364374,bounce_resistance
XAUUSD.a,15m,1,0.21,2020-11-12 11:15:00,1866.3038806913373,2020-11-12 11:30:00,1871.4152358393515,1863.3073820803243,1871.4152358393515,target,1,107.33845810829666,-5.04,-0.0,0.0,107.33845810829666,147.5706423254969,1.7057759110010273,0.10474915295595597,2.25133403495284,bounce_support
XAUUSD.a,15m,1,0.19,2020-11-12 15:15:00,1867.8800118626195,2020-11-12 15:30:00,1872.9175431034482,1864.4741349992137,1872.9175431034482,target,1,95.713093575745,-4.56,-0.0,0.0,95.713093575745,131.65306333577942,1.4790702784806995,0.08808652651041583,1.9466317789159546,bounce_support
XAUUSD.a,15m,1,0.18,2020-11-12 22:15:00,1875.8860511379917,2020-11-13 01:00:00,1882.1810466982572,1872.3244766508712,1882.1810466982572,target,7,113.3099200847796,-4.32,-0.0,-14.9256,98.3843200847796,135.8955759006307,1.5346570961891337,0.5014779683678064,1.77560483007653,bounce_support
XAUUSD.a,15m,1,0.19,2020-11-13 01:15:00,1876.6152102811757,2020-11-13 14:15:00,1882.497351861664,1873.246324069168,1882.497351861664,target,52,111.76069002927625,-4.56,-0.0,0.0,111.76069002927625,154.24841629877338,1.7460196665362213,0.7703466718245262,3.0944321246788205,bounce_support
XAUUSD.a,15m,1,0.21,2020-11-16 05:45:00,1895.833275661778,2020-11-16 07:30:00,1892.6670582129184,1892.7236273876597,1901.2327452246805,stop,7,-66.49056642605365,-5.04,-1.1879526695655855,0.0,-66.49056642605365,-91.27301562987816,-1.0181915026249508,1.3549042497330932,0.32052639088400275,bounce_support
XAUUSD.a,15m,-1,0.11,2020-11-16 18:00:00,1889.9805813470302,2020-11-16 18:45:00,1896.0983350722418,1895.747271671782,1878.6554566564357,stop,3,-67.29529097732666,-2.6399999999999997,-1.221697405057622,0.0,-67.29529097732666,-91.90081525322516,-1.0608777965677891,1.0438255418594553,0.11628530565479095,bounce_resistance
XAUUSD.a,15m,-1,0.24,2020-11-17 01:30:00,1889.3604096847312,2020-11-17 05:15:00,1892.4474142632334,1892.1563602904287,1883.857279419143,stop,15,-74.08810988405457,-5.76,-1.2252953473124504,0.0,-74.08810988405457,-101.19805751055793,-1.1040983958055892,1.1085998117966118,0.8728371952487662,bounce_resistance
XAUUSD.a,15m,1,0.31,2020-11-17 07:30:00,1887.7541401985175,2020-11-17 07:30:00,1885.575961038722,1885.6271713364981,1891.095657327004,stop,0,-67.52355395366021,-7.4399999999999995,-1.5875192310577027,0.0,-67.52355395366021,-92.27176369403819,-1.024076656076447,1.3747921987637197,0.0,bounce_support
XAUUSD.a,15m,-1,0.3,2020-11-17 15:45:00,1889.6641842046895,2020-11-17 15:45:00,1892.199365018455,1891.890641325489,1885.348717349022,stop,0,-76.05542441296393,-7.199999999999999,-2.0617107889781323,0.0,-76.05542441296393,-104.02733434498765,-1.1386614141731497,1.7183424551812898,0.024336513909656268,bounce_resistance
XAUUSD.a,15m,-1,0.29,2020-11-18 07:30:00,1880.9146547494954,2020-11-18 10:00:00,1883.462091170691,1883.1665460974027,1876.5169078051947,stop,10,-73.87565621467525,-6.959999999999999,-1.610807125363688,0.0,-73.87565621467525,-100.95336879208949,-1.1312430431259692,1.1214329913614445,1.9293358685058186,bounce_resistance
XAUUSD.a,15m,-1,0.16,2020-11-18 17:30:00,1883.4100746988856,2020-11-18 19:45:00,1876.051204488723,1887.3143977556385,1875.811204488723,target,9,117.74192336260239,-3.84,-0.0,0.0,117.74192336260239,160.7837271099309,1.8848005411424085,0.3764865969715532,2.2564922448330345,bounce_resistance
XAUUSD.a,15m,-1,0.2,2020-11-19 01:15:00,1873.2780310830694,2020-11-19 05:15:00,1867.2552044393324,1876.4723977803337,1867.0152044393324,target,16,120.45653287474124,-4.8,-0.0,0.0,120.45653287474124,165.23076578796363,1.8854524901274237,0.013138415500776147,2.150044667367482,bounce_resistance
XAUUSD.a,15m,-1,0.19,2020-11-19 11:30:00,1863.5041379845766,2020-11-19 12:30:00,1856.9173015648187,1867.0013492175906,1856.6773015648187,target,4,125.14989197540012,-4.56,-0.0,0.0,125.14989197540012,172.28310340491745,1.883453981154334,0.605014073913916,1.9541679152982165,bounce_resistance
XAUUSD.a,15m,-1,0.16,2020-11-19 13:45:00,1861.8645389540825,2020-11-19 15:30:00,1854.057028801927,1865.9714855990367,1853.8170288019269,target,7,124.92016243448961,-3.84,-0.0,0.0,124.92016243448961,171.80130162076358,1.901049813186144,0.7610181763031864,2.229037712318416,bounce_resistance
XAUUSD.a,15m,-1,0.13,2020-11-19 16:00:00,1860.569353865309,2020-11-19 21:00:00,1866.042730052875,1865.7277943493705,1853.6426605504587,stop,20,-71.15389043835694,-3.12,-0.9741641455571566,0.0,-71.15389043835694,-97.58872399379655,-1.0610525030728915,1.3648788149141349,0.9245728200306768,bounce_resistance
XAUUSD.a,15m,1,0.28,2020-11-20 02:45:00,1863.7307186415137,2020-11-20 06:30:00,1867.7344690860912,1861.3077654569545,1867.7344690860912,target,15,112.10501244816898,-6.720000000000001,-0.0,0.0,112.10501244816898,153.6906205590318,1.6524258372354068,0.8050996007455272,1.7248708663129486,bounce_support
XAUUSD.a,15m,1,0.26,2020-11-20 13:30:00,1866.5341555638884,2020-11-20 15:00:00,1868.0568478260868,1863.9245874913995,1868.0568478260868,target,6,39.589998817159994,-6.24,-0.0,0.0,39.589998817159994,54.17795497325998,0.5835035607046669,0.959605380786281,0.745657665199675,bounce_support
XAUUSD.a,15m,1,0.18,2020-11-20 20:00:00,1872.605193344254,2020-11-23 01:00:00,1868.878704312686,1868.9279184824702,1879.0741630350594,stop,16,-67.07680256822414,-4.32,-0.8858550561163067,-14.9256,-82.00240256822414,-112.13390387975241,-1.2388763970061274,1.0728578886649103,0.6213314863925208,bounce_support
XAUUSD.a,15m,1,0.31,2020-11-23 09:15:00,1873.769265094726,2020-11-23 10:30:00,1871.5670042239587,1871.6196817125501,1877.2606365748998,stop,5,-68.27008699378644,-7.4399999999999995,-1.6330021463352213,0.0,-68.27008699378644,-93.16205700493504,-1.0245059061342612,1.6464888610849715,0.8609737685078387,bounce_support
XAUUSD.a,15m,-1,0.13,2020-11-23 19:45:00,1837.85263232425,2020-11-24 03:30:00,1828.0800305236207,1842.9749847381897,1827.8400305236207,target,27,127.04382340817983,-3.12,-0.0,3.9299000000000004,130.97372340817984,179.30798341845988,1.9668505769364393,0.6320079944011492,2.2690028691935633,bounce_resistance
XAUUSD.a,15m,-1,0.23,2020-11-24 06:45:00,1824.9681788776047,2020-11-24 07:45:00,1828.2596147324762,1827.941430400034,1819.117139199932,stop,4,-75.70302466204339,-5.52,-1.7982396461670327,0.0,-75.70302466204339,-103.43780269999233,-1.1070156123832195,1.3863008532246248,0.7931313108949597,bounce_resistance
XAUUSD.a,15m,-1,0.22,2020-11-24 08:00:00,1826.4282001751549,2020-11-24 08:30:00,1829.779922524145,1829.4642982608887,1820.5114034782227,stop,2,-73.73789167778114,-5.279999999999999,-1.6637337916376898,0.0,-73.73789167778114,-100.73482469642232,-1.1039572024169257,1.0776331108072306,0.21020407020238366,bounce_resistance
XAUUSD.a,15m,-1,0.17,2020-11-24 20:15:00,1806.122267423053,2020-11-25 01:45:00,1810.3429599772003,1810.0339382974782,1798.4721234050437,stop,18,-71.75177342050347,-4.08,-1.1733685552733983,15.417300000000001,-56.33447342050347,-76.47490418726036,-0.8471552593581089,1.2571948752384614,0.6805959674314802,bounce_resistance
XAUUSD.a,15m,1,0.14,2020-11-25 18:00:00,1810.8204769464633,2020-11-25 20:45:00,1806.1618194124806,1806.2270974236876,1819.1058051526247,stop,11,-65.22120547575787,-3.3600000000000003,-0.9138921568994544,0.0,-65.22120547575787,-88.60011883194255,-1.0142113254268197,1.0559713000880506,0.5006168208254421,bounce_support
XAUUSD.a,15m,-1,0.24,2020-11-26 02:00:00,1808.249614070429,2020-11-26 02:15:00,1811.3797180550744,1811.0757519388865,1802.718496122227,stop,1,-75.12249563148725,-5.76,-1.5351867885114427,0.0,-75.12249563148725,-102.00070012014726,-1.1075553035046404,1.3694965036095015,0.0,bounce_resistance
XAUUSD.a,15m,-1,0.2,2020-11-26 03:00:00,1809.074544592501,2020-11-26 03:30:00,1812.7498276660651,1812.4458146772847,1802.4683706454302,stop,2,-73.5056614712812,-4.8,-1.2802597756062373,0.0,-73.5056614712812,-99.76744638256335,-1.0901775832653064,1.0664987725923312,0.27127597893411726,bounce_resistance
XAUUSD.a,15m,-1,0.3,2020-11-26 03:45:00,1811.4476157688503,2020-11-26 07:30:00,1807.3649899371685,1813.6425050314158,1807.1249899371685,target,15,122.47877495045259,-7.199999999999999,-0.0,0.0,122.47877495045259,166.41590117999482,1.8600600500955098,0.479470308182949,2.0126827554328033,bounce_resistance
XAUUSD.a,15m,-1,0.26,2020-11-26 19:30:00,1809.2220141002033,2020-11-27 02:15:00,1812.0581806331722,1811.7635963138403,1804.2528073723195,stop,7,-73.74032985719259,-6.24,-1.4191923026297384,7.859800000000001,-65.88052985719258,-89.49456605698995,-0.9969642214890344,1.0969489339505327,0.3116224594088085,bounce_resistance
XAUUSD.a,15m,-1,0.31,2020-11-27 02:30:00,1811.853395421366,2020-11-27 04:45:00,1809.1452763819095,1813.9901521576896,1808.9052763819095,target,9,83.95169022315167,-7.4399999999999995,-0.0,0.0,83.95169022315167,114.03226012028045,1.2673969822676014,0.9203689616149499,1.9203849233797783,bounce_resistance
XAUUSD.a,15m,-1,0.13,2020-11-27 19:30:00,1785.2226592334398,2020-11-30 04:45:00,1775.7359264971335,1790.1870367514332,1775.4959264971335,target,20,123.32752557198182,-3.12,-0.0,3.9299000000000004,127.25742557198183,172.18588979661172,1.971855021264181,0.9623242288171513,4.212544101982951,bounce_resistance
XAUUSD.a,15m,-1,0.12,2020-11-30 16:15:00,1771.4044781402247,2020-11-30 16:30:00,1777.1570083365402,1776.7956386032818,1760.8487227934365,stop,1,-69.03036235578656,-2.88,-1.4564367991003269,0.0,-69.03036235578656,-93.57765203853509,-1.0670300458935986,1.0453263074606463,0.35511429373019665,bounce_resistance
XAUUSD.a,15m,1,0.18,2020-11-30 22:15:00,1779.8759444263053,2020-11-30 22:45:00,1776.0120982889443,1776.091480493375,1781.2253744493391,stop,2,-69.54923047249713,-4.32,-1.4288796797504568,0.0,-69.54923047249713,-94.76404849642621,-1.020975812119629,1.0373845532372161,0.1675417139472509,bounce_support
XAUUSD.a,15m,1,0.18,2020-11-30 23:00:00,1776.7911699360761,2020-12-01 04:45:00,1783.1261403613785,1773.1869298193108,1783.1261403613785,target,19,114.0294676554422,-4.32,-0.0,-14.9256,99.1038676554422,134.64650578840835,1.527581472636043,0.38043246056165,1.8585970542761052,bounce_support
XAUUSD.a,15m,1,0.26,2020-12-01 08:15:00,1786.0394838213854,2020-12-01 09:45:00,1790.4064710871528,1783.4367644564236,1790.4064710871528,target,6,113.54166890995293,-6.24,-0.0,0.0,113.54166890995293,154.1910573624033,1.6778556015513946,0.5377006219822791,2.2401632143310706,bounce_support
XAUUSD.a,15m,1,0.11,2020-12-01 17:15:00,1808.2268033662665,2020-12-02 10:30:00,1818.8177563212232,1802.4561218393885,1818.8177563212232,target,65,116.50048250452392,-2.6399999999999997,-0.0,-27.363599999999998,89.13688250452392,120.86193069181967,1.4042280651278203,0.567836459351318,2.9031573750349104,bounce_support
XAUUSD.a,15m,1,0.32,2020-12-03 01:15:00,1829.5452407002979,2020-12-03 03:00:00,1827.3443718775688,1827.4024349381366,1832.2878867924528,stop,7,-70.42780232732912,-7.68,-1.8580179381664004,0.0,-70.42780232732912,-95.15856065629313,-1.0270967446480932,1.0244702245357962,1.0755801297535195,bounce_support
XAUUSD.a,15m,1,0.2,2020-12-03 08:45:00,1831.9362807303924,2020-12-03 09:30:00,1838.044853993394,1828.452573003303,1838.044853993394,target,3,122.17146526003489,-4.8,-0.0,0.0,122.17146526003489,164.37023593046254,1.7534689306745095,0.1338461107878064,2.4036801952395876,bounce_support
XAUUSD.a,15m,1,0.19,2020-12-03 12:30:00,1835.4430112245648,2020-12-03 13:30:00,1841.755592193655,1831.8472039031726,1841.755592193655,target,4,119.93903841271526,-4.56,-0.0,0.0,119.93903841271526,161.59717386280872,1.7555392725120458,0.18716554153525244,1.895815922860946,bounce_support
XAUUSD.a,15m,1,0.2,2020-12-03 15:15:00,1838.154589457898,2020-12-03 16:30:00,1834.5340359323197,1834.6410011408025,1844.2979977183948,stop,5,-72.41107051156632,-4.8,-2.1393041696558064,0.0,-72.41107051156632,-97.3214753394526,-1.030443295807391,1.1909731819000102,1.4729701020807107,bounce_support
XAUUSD.a,15m,1,0.34,2020-12-04 07:00:00,1841.0034697967262,2020-12-04 07:30:00,1838.909464953375,1838.9603363486306,1844.269327302739,stop,2,-71.19616467394371,-8.16,-1.7296274386902168,0.0,-71.19616467394371,-95.87934264428964,-1.0248987139352264,1.0099535097178614,0.243023872834434,bounce_support
XAUUSD.a,15m,1,0.32,2020-12-04 07:45:00,1840.6942203875392,2020-12-04 07:45:00,1838.4714868557496,1838.5228174370584,1844.2143651258834,stop,0,-71.12747301726631,-7.68,-1.6425786018805313,0.0,-71.12747301726631,-95.7868361038385,-1.0236393624211526,1.005902836714652,0.0,bounce_support
XAUUSD.a,15m,1,0.22,2020-12-04 11:00:00,1840.9005310163927,2020-12-04 15:30:00,1837.7557389302942,1837.8501838630748,1845.041497797357,stop,18,-69.18542589416711,-5.279999999999999,-2.077788521170717,0.0,-69.18542589416711,-93.23050559119125,-1.0309620276098186,2.540868506708223,2.278255108126973,bounce_support
XAUUSD.a,15m,-1,0.27,2020-12-04 22:15:00,1836.7759080690653,2020-12-07 02:45:00,1839.6053798486982,1839.3020800256515,1831.8558399486967,stop,14,-76.39573805009013,-6.4799999999999995,-1.7090952222628668,8.1621,-68.23363805009014,-91.8081295579911,-1.00039578582293,1.0545964315647316,1.4947153772413178,bounce_resistance
XAUUSD.a,15m,-1,0.22,2020-12-07 04:15:00,1838.4088738543535,2020-12-07 07:45:00,1841.77195332079,1841.47896029006,1834.6430978260873,stop,14,-73.98774826160525,-5.279999999999999,-1.1658466760622221,0.0,-73.98774826160525,-99.58778402240456,-1.0954347823313317,1.2544031662614015,0.7455405254174282,bounce_resistance
XAUUSD.a,15m,1,0.22,2020-12-07 10:00:00,1838.2915770382392,2020-12-07 10:00:00,1835.2122270430855,1835.2745926004443,1843.4808147991114,stop,0,-67.74569989338215,-5.279999999999999,-1.372042261895012,0.0,-67.74569989338215,-91.60023242026847,-1.020671487919374,1.0843864480223806,0.19503679050826336,bounce_support
XAUUSD.a,15m,1,0.13,2020-12-07 19:45:00,1865.4718826044616,2020-12-07 21:00:00,1860.3763963246977,1860.4575421418936,1874.594915716213,stop,5,-66.24132163693093,-3.12,-1.054895623546184,0.0,-66.24132163693093,-89.17066693176498,-1.0161827498155793,1.0034983946591685,0.19905257789919867,bounce_support
XAUUSD.a,15m,1,0.21,2020-12-08 03:15:00,1863.230686439877,2020-12-08 04:00:00,1866.3558660508083,1860.066025156744,1866.3558660508083,target,3,65.62877182955845,-5.04,-0.0,0.0,65.62877182955845,88.37344549716339,0.9875242028547968,0.6953939910113691,1.0109497585649252,bounce_support
XAUUSD.a,15m,1,0.2,2020-12-08 10:00:00,1865.4961822086996,2020-12-08 10:00:00,1862.058110019423,1862.1273833324724,1871.3752333350553,stop,0,-68.76144378552908,-4.8,-1.3854662609838575,0.0,-68.76144378552908,-92.59428742614439,-1.0205632083108687,1.1268651968178598,0.20595405567147362,bounce_support
XAUUSD.a,15m,1,0.24,2020-12-08 15:15:00,1862.1353283870935,2020-12-08 15:15:00,1866.7842271691209,1859.3678864154394,1866.7842271691209,target,0,111.57357076865628,-5.76,-0.0,0.0,111.57357076865628,150.50459413305313,1.6798541142485934,0.25847999503523594,2.281772003744053,bounce_support
XAUUSD.a,15m,1,0.24,2020-12-08 22:00:00,1870.5845639179574,2020-12-09 02:30:00,1867.7572243847992,1867.8037744656426,1875.2924510687146,stop,14,-67.85614879579771,-5.76,-1.1172019402402733,-59.7024,-127.5585487957977,-172.04627444066483,-1.9113059885687882,1.1164325711078484,0.40112209182686615,bounce_support
XAUUSD.a,15m,-1,0.15,2020-12-09 15:15:00,1860.613161598942,2020-12-09 16:30:00,1852.0781172487027,1865.1009413756487,1851.8381172487027,target,5,128.02566525358998,-3.5999999999999996,-0.0,0.0,128.02566525358998,171.38643273572956,1.9018411720065866,0.8037021824865068,2.4919140767528023,bounce_resistance
XAUUSD.a,15m,-1,0.15,2020-12-10 01:00:00,1839.2152428572392,2020-12-10 10:45:00,1832.6564615488417,1843.566769225579,1832.4164615488417,target,39,98.38171962596334,-3.5999999999999996,-0.0,0.0,98.38171962596334,131.5439492257833,1.50723694474586,0.7502556267414645,1.7040555955698609,bounce_resistance
XAUUSD.a,15m,-1,0.26,2020-12-10 23:45:00,1835.9783748280595,2020-12-11 02:00:00,1838.970239970507,1838.6716898603445,1830.716620279311,stop,5,-77.7884937036356,-6.24,-1.522302864222667,7.859800000000001,-69.92869370363559,-92.82734256841128,-0.9986077047086854,1.326107465753946,0.2704380361481648,bounce_resistance
XAUUSD.a,15m,-1,0.28,2020-12-11 03:30:00,1838.458895789525,2020-12-11 08:15:00,1833.8487714614873,1840.9456142692563,1833.6087714614873,target,19,129.08348118505637,-6.720000000000001,-0.0,0.0,129.08348118505637,170.66182051781055,1.853898768844918,0.9012295636766913,2.0343661056766034,bounce_resistance
XAUUSD.a,15m,1,0.24,2020-12-11 22:30:00,1838.8114219498968,2020-12-14 01:00:00,1835.8823711932941,1835.944938337769,1843.670123324462,stop,6,-70.2972181584646,-5.76,-1.501611467392574,-19.9008,-90.1980181584646,-119.4723209643623,-1.3111014277917918,1.3959340053322178,0.840255300924323,bounce_support
XAUUSD.a,15m,-1,0.29,2020-12-14 04:45:00,1837.1352072877673,2020-12-14 07:15:00,1834.5050116550117,1839.5337244226096,1834.2650116550117,target,10,76.27567334991409,-6.959999999999999,-0.0,0.0,76.27567334991409,101.0983516242052,1.0965923880834298,0.2021218465318312,1.4530674962205403,bounce_resistance
XAUUSD.a,15m,-1,0.34,2020-12-14 07:45:00,1834.371974317637,2020-12-14 08:00:00,1834.0378787878788,1836.412152127245,1833.7978787878787,target,1,11.35924801178271,-8.16,-0.0,0.0,11.35924801178271,15.034608375178959,0.1637580451002543,0.40095803341777636,0.6038563461651004,bounce_resistance
XAUUSD.a,15m,-1,0.18,2020-12-14 16:45:00,1837.6269608995037,2020-12-14 17:00:00,1830.2974977001586,1841.5212511499208,1830.0574977001586,target,1,131.9303375882123,-4.32,-0.0,0.0,131.9303375882123,175.04124608697285,1.8821050122189038,0.11119846561253159,2.6441174738839996,bounce_resistance
XAUUSD.a,15m,-1,0.24,2020-12-14 23:30:00,1828.9575908444704,2020-12-15 04:00:00,1832.177338768443,1831.876751204211,1823.2464975915782,stop,14,-77.27395017534218,-5.76,-1.4541015415705347,7.255199999999999,-70.01875017534218,-92.9715718283171,-0.9994133807133136,1.1244360538731726,1.1912983241453137,bounce_resistance
XAUUSD.a,15m,1,0.32,2020-12-16 02:15:00,1851.932279482092,2020-12-16 04:15:00,1854.4346681922198,1849.7158393469706,1854.4346681922198,target,8,80.07643872408516,-7.68,-0.0,0.0,80.07643872408516,106.03061190657711,1.1290125415412964,0.4567141092834139,1.5419863878797953,bounce_support
XAUUSD.a,15m,1,0.26,2020-12-16 10:00:00,1854.53831151945,2020-12-16 10:30:00,1859.0505594472872,1851.8647202763564,1859.0505594472872,target,2,117.31844612376926,-6.24,-0.0,0.0,117.31844612376926,154.85743756354924,1.687710467893433,0.545450439822144,2.2896875116432343,bounce_support
XAUUSD.a,15m,1,0.19,2020-12-16 15:30:00,1853.9260728669858,2020-12-16 17:00:00,1850.0886783478024,1850.199090235711,1860.4618195285775,stop,6,-72.91049586448389,-4.56,-2.0978258702632435,0.0,-72.91049586448389,-96.3978262239491,-1.0296250073671194,1.2063573436745452,1.2862756839235865,bounce_support
XAUUSD.a,15m,1,0.14,2020-12-16 17:15:00,1853.7043502163244,2020-12-16 21:00:00,1848.6906497770028,1848.7812410159772,1862.6075179680458,stop,15,-70.19180615050254,-3.3600000000000003,-1.2682773456419176,0.0,-70.19180615050254,-92.82543098840544,-1.0184012247723495,1.075407836972409,0.8908292717468455,bounce_support
XAUUSD.a,15m,1,0.22,2020-12-17 02:15:00,1863.6295710331992,2020-12-17 07:45:00,1869.0451046199362,1860.4874476900318,1869.0451046199362,target,22,119.14173890821303,-5.279999999999999,-0.0,0.0,119.14173890821303,156.8665835975998,1.7235267350382837,0.5281686464689374,2.1547304887070036,bounce_support
XAUUSD.a,15m,1,0.15,2020-12-17 20:30:00,1885.6675563914723,2020-12-18 03:00:00,1880.8060303330365,1880.8659967596834,1894.3480064806329,stop,22,-72.92289087653785,-3.5999999999999996,-0.8994963997045405,-12.438,-85.36089087653785,-112.15610621153589,-1.185182835335459,1.0658112746515507,0.2754195948692181,bounce_support
XAUUSD.a,15m,-1,0.33,2020-12-18 06:45:00,1882.1245590086196,2020-12-18 06:45:00,1884.5697917921798,1884.276630305109,1877.9267393897824,stop,0,-80.69268185748615,-7.92,-1.7543290733393697,0.0,-80.69268185748615,-106.2752632197426,-1.1362229437050155,1.494114528931104,0.0,bounce_resistance
XAUUSD.a,15m,1,0.27,2020-12-18 08:15:00,1881.8313815151378,2020-12-18 10:00:00,1879.127231911919,1879.189956256847,1886.270087486306,stop,7,-73.01203928690938,-6.4799999999999995,-1.6935573130564612,0.0,-73.01203928690938,-96.0141489511321,-1.023746401580416,1.3520660877789417,0.5711380551567535,bounce_support
XAUUSD.a,15m,1,0.14,2020-12-21 09:45:00,1897.2046324042817,2020-12-21 10:00:00,1892.1512651019448,1892.2555388079086,1906.1889223841831,stop,1,-70.74714223271712,-3.3600000000000003,-1.4598318834931499,0.0,-70.74714223271712,-93.81292646190595,-1.0210692531739993,1.1688266329254346,0.17485375430208017,bounce_support
XAUUSD.a,15m,1,0.18,2020-12-21 11:45:00,1895.5959655266004,2020-12-21 11:45:00,1891.642241303414,1891.7711895933146,1902.2676208133707,stop,0,-71.1670360173539,-4.32,-2.321069218209471,0.0,-71.1670360173539,-94.91975567828891,-1.0337139461630598,4.054084682884857,0.0,bounce_support
XAUUSD.a,15m,-1,0.1,2020-12-21 16:15:00,1881.0267180649714,2020-12-22 08:45:00,1868.5567073632171,1887.5666463183916,1868.3167073632171,target,62,124.7001070175429,-2.4,-0.0,3.023,127.7231070175429,169.21001963056477,1.952974131646599,0.7252804237642805,1.9979910418952898,bounce_resistance
XAUUSD.a,15m,-1,0.22,2020-12-22 12:30:00,1873.245154369345,2020-12-22 15:15:00,1876.762955947304,1876.4410090714566,1867.0179818570866,stop,11,-77.39163471509437,-5.279999999999999,-1.8028312686422223,0.0,-77.39163471509437,-102.46747526095537,-1.1007388964318603,1.659914522130776,0.9716193815987171,bounce_resistance
XAUUSD.a,15m,-1,0.21,2020-12-23 01:15:00,1861.491470931047,2020-12-23 01:45:00,1865.1135275099364,1864.8035019028978,1859.3173752711498,stop,2,-76.06318815667828,-5.04,-1.4705377478121038,0.0,-76.06318815667828,-100.69393049507973,-1.0936058900636871,1.101598716908821,0.1725439574399597,bounce_resistance
XAUUSD.a,15m,-1,0.27,2020-12-23 02:30:00,1863.6646780712672,2020-12-23 03:00:00,1866.4863702537943,1866.174625820459,1859.075835140998,stop,2,-76.18568892823328,-6.4799999999999995,-1.9370997000573598,0.0,-76.18568892823328,-101.05811127531341,-1.1242035550085954,1.3049362998841763,0.8783760825208906,bounce_resistance
XAUUSD.a,15m,1,0.21,2020-12-23 14:00:00,1865.1942696605709,2020-12-23 14:00:00,1861.8165918808547,1861.8979963717109,1870.9040072565786,stop,0,-70.93123337403858,-5.04,-1.7094943079796874,0.0,-70.93123337403858,-93.81941877948069,-1.0246959167891942,2.491986841118904,0.0,bounce_support
XAUUSD.a,15m,1,0.28,2020-12-24 05:15:00,1875.9447481733844,2020-12-24 10:15:00,1879.9567263644708,1873.5266368177647,1879.9567263644708,target,20,112.33538935041999,-6.720000000000001,-0.0,0.0,112.33538935041999,147.89339935808417,1.6591370706574966,0.8704099455523603,1.9251602354030548,bounce_support
XAUUSD.a,15m,1,0.25,2020-12-24 10:45:00,1876.6078521852535,2020-12-24 12:15:00,1873.8317001540981,1873.8998119099722,1881.1903761800554,stop,6,-69.40380077888335,-6.0,-1.7027938968497314,0.0,-69.40380077888335,-91.35925755434307,-1.0251516775787124,1.4725970738523664,1.3818656424368445,bounce_support
XAUUSD.a,15m,1,0.23,2020-12-28 02:15:00,1889.028729554974,2020-12-28 02:30:00,1886.0397291234285,1886.1109667178566,1893.9980665642868,stop,1,-68.74700992554631,-5.52,-1.6384646718464935,0.0,-68.74700992554631,-90.51018356335503,-1.024415142149967,1.0003313216017522,0.0,bounce_support
XAUUSD.a,15m,1,0.21,2020-12-28 06:30:00,1894.824015421162,2020-12-28 07:30:00,1891.4676238334298,1891.5386213934494,1900.5427572131011,stop,4,-70.48422334237421,-5.04,-1.4909487604087865,0.0,-70.48422334237421,-92.56944044334823,-1.0216100593781776,2.256659432209374,0.24227979113731948,bounce_support
XAUUSD.a,15m,-1,0.14,2020-12-28 22:00:00,1876.0572988244146,2020-12-28 22:45:00,1872.82,1880.6531169138038,1872.58,target,3,45.32218354180532,-3.3600000000000003,-0.0,0.0,45.32218354180532,59.804422492617604,0.7044009926957063,0.028874331621573837,0.7718536189682016,bounce_resistance
XAUUSD.a,15m,-1,0.22,2020-12-29 01:45:00,1875.9224842050296,2020-12-29 02:00:00,1879.2549403556823,1878.9408504984021,1872.88,stop,1,-73.31403531435853,-5.279999999999999,-1.6299768601621507,0.0,-73.31403531435853,-96.58402428545264,-1.104059556313551,1.3575276811059485,0.014075231731410016,bounce_resistance
XAUUSD.a,15m,-1,0.26,2020-12-29 02:15:00,1879.382620564541,2020-12-29 03:00:00,1882.310831568063,1882.0002836709946,1874.289432658011,stop,3,-76.13348609157038,-6.24,-1.8342453237765204,0.0,-76.13348609157038,-100.28648254856734,-1.1186355479827368,1.2711259242091604,0.4823464720987914,bounce_resistance
XAUUSD.a,15m,-1,0.25,2020-12-29 03:15:00,1878.7038989208625,2020-12-29 05:15:00,1881.6745283273644,1881.357421484769,1873.535157030462,stop,8,-74.26573516254962,-6.0,-1.9276710648833895,0.0,-74.26573516254962,-97.74250820935447,-1.1195041063184221,1.2610034392212999,1.373230802868282,bounce_resistance
XAUUSD.a,15m,-1,0.23,2020-12-29 05:30:00,1879.4503529069648,2020-12-29 10:00:00,1882.6576391495314,1882.3493990709671,1873.8012018580657,stop,18,-73.76758357903236,-5.52,-1.5695218069763521,0.0,-73.76758357903236,-97.03579744943154,-1.1063246533952114,1.4072377127665066,1.3695376625128952,bounce_resistance
XAUUSD.a,15m,1,0.16,2020-12-29 12:45:00,1877.331598050863,2020-12-29 17:00:00,1873.0349516948222,1873.1327269551816,1884.8545460896366,stop,17,-68.74634169665296,-3.84,-1.5644041657521282,0.0,-68.74634169665296,-90.29650576175291,-1.023286082885463,1.3435987726952219,0.9594011955451909,bounce_support
XAUUSD.a,15m,-1,0.14,2020-12-29 18:15:00,1880.036284631348,2020-12-29 18:30:00,1884.9585704017948,1884.6215954240297,1871.0568091519403,stop,1,-68.91200078625388,-3.3600000000000003,-1.357649688709715,0.0,-68.91200078625388,-90.40010597698267,-1.0734901063419502,1.3965717174226482,0.016636741716563784,bounce_resistance
XAUUSD.a,15m,1,0.26,2020-12-30 09:00:00,1882.35112869001,2020-12-30 09:30:00,1879.7538403982783,1879.8028945968372,1886.6642108063254,stop,2,-67.52949558502496,-6.24,-1.2754091625336779,0.0,-67.52949558502496,-88.23924681174044,-1.019250271664731,1.240517383579153,0.03487564593384745,bounce_support
XAUUSD.a,15m,1,0.28,2020-12-30 23:30:00,1892.834027617347,2020-12-31 03:00:00,1896.6721553172752,1890.5039223413623,1896.6721553172752,target,10,107.46757559799063,-6.720000000000001,-0.0,-23.217600000000004,84.24997559799063,109.33319784836178,1.2913269331390287,0.1519363184984454,3.002427596193859,bounce_support
XAUUSD.a,15m,1,0.23,2020-12-31 05:45:00,1889.6224873978456,2020-12-31 07:00:00,1886.695913177487,1886.757120885236,1894.5057582295278,stop,5,-67.31120706824754,-5.52,-1.407777278228735,0.0,-67.31120706824754,-87.37970359228842,-1.0213612141691495,1.4736290730221027,0.22597898010773929,bounce_support
XAUUSD.a,15m,1,0.22,2020-12-31 08:30:00,1888.6624225042494,2020-12-31 09:30:00,1893.8030413419274,1885.6684793290365,1893.8030413419274,target,4,113.09361442891486,-5.279999999999999,-0.0,0.0,113.09361442891486,146.7338070282,1.7170061476909264,0.909310011889498,1.7794517744551444,bounce_support
XAUUSD.a,15m,1,0.16,2020-12-31 20:15:00,1892.5716782951426,2020-12-31 22:30:00,1898.6609600000002,1888.5083037927423,1898.6609600000002,target,9,97.4285072777202,-3.84,-0.0,0.0,97.4285072777202,126.37953001312742,1.4985775249759374,0.5787500742925349,1.609086659621163,bounce_support
XAUUSD.a,15m,1,0.15,2021-01-04 02:15:00,1910.7076798032829,2021-01-04 03:45:00,1918.451917120409,1906.3890414397956,1918.451917120409,target,6,116.16355975689203,-3.5999999999999996,-0.0,0.0,116.16355975689203,150.53723110812018,1.793212736357195,0.18007523154933502,1.8460263457391304,bounce_support
XAUUSD.a,15m,1,0.16,2021-01-04 23:15:00,1942.2778327530007,2021-01-05 01:15:00,1945.3023076923077,1938.0197748384317,1945.3023076923077,target,4,48.39159902891333,-3.84,-0.0,-13.2672,35.12439902891333,45.79750834984462,0.5155577926255811,0.30244603968262584,0.8060405273625234,bounce_support
XAUUSD.a,15m,1,0.21,2021-01-05 02:00:00,1941.9723531256168,2021-01-05 02:30:00,1938.6754486276998,1938.753511981495,1946.4654871794874,stop,2,-69.23499445625725,-5.04,-1.6393304296973708,0.0,-69.23499445625725,-90.25314742968148,-1.0242520057063844,1.2806948032042622,0.0,bounce_support
XAUUSD.a,15m,1,0.12,2021-01-05 18:00:00,1943.801670789327,2021-01-05 21:30:00,1952.6142361111113,1938.2699154077898,1952.6142361111113,target,14,105.75078386141013,-2.88,-0.0,0.0,105.75078386141013,136.0663714120048,1.5930865907767398,0.17384550165338578,1.668246076367218,bounce_support
XAUUSD.a,15m,1,0.14,2021-01-06 04:15:00,1948.0100239356314,2021-01-06 04:45:00,1943.0313503245584,1943.1295761800816,1955.8885542168673,stop,2,-69.70143055502149,-3.3600000000000003,-1.3751619773250985,0.0,-69.70143055502149,-90.12106042644551,-1.0201264024210686,1.1904694459692717,0.4056955762137072,bounce_support
XAUUSD.a,15m,1,0.15,2021-01-06 14:00:00,1945.5469744948537,2021-01-06 14:30:00,1940.9220790305371,1941.0604761450543,1953.5990477098915,stop,2,-69.37343196474785,-3.5999999999999996,-2.075956717758209,0.0,-69.37343196474785,-89.0350398048537,-1.0308474680534176,4.486121006988358,0.6671183786973077,bounce_support
XAUUSD.a,15m,-1,0.11,2021-01-07 01:30:00,1922.527721342794,2021-01-07 12:30:00,1911.0971123505121,1928.4114438247439,1910.8571123505121,target,44,125.73669891509985,-2.6399999999999997,-0.0,0.0,125.73669891509985,162.52610893322458,1.9427512135979603,0.8688850762233619,2.304276142252849,bounce_resistance
XAUUSD.a,15m,-1,0.11,2021-01-07 18:15:00,1916.8654102340934,2021-01-08 09:45:00,1904.6438993359282,1923.238050332036,1904.4038993359281,target,58,134.43661987981727,-2.6399999999999997,-0.0,3.3253,137.76191987981727,177.3910892091389,1.9652468530599214,0.19373285591714653,1.9607901971629556,bounce_resistance
XAUUSD.a,15m,-1,0.11,2021-01-08 23:45:00,1847.1743675579605,2021-01-11 01:00:00,1853.6129570738592,1853.2169976010186,1835.3760047979627,stop,1,-70.82448467488553,-2.6399999999999997,-1.7155542012464653,3.3253,-67.49918467488553,-87.42851457144683,-1.0154997860489832,1.5615108611322632,0.1960019973953452,bounce_resistance
XAUUSD.a,15m,1,0.15,2021-01-11 14:30:00,1845.7232513299311,2021-01-11 15:00:00,1841.060266637792,1841.176134556861,1852.133891213389,stop,2,-69.94477038208743,-3.5999999999999996,-1.7380187860348744,0.0,-69.94477038208743,-91.09527022230137,-1.0254816238182285,1.9953855998742611,0.22580213381579614,bounce_support
XAUUSD.a,15m,-1,0.09,2021-01-11 17:15:00,1847.413952771504,2021-01-12 07:30:00,1854.9899944697518,1854.6715614185302,1833.1868771629395,stop,53,-68.18437528422987,-2.16,-0.7058974609937206,2.7207,-65.46367528422988,-84.94384793002178,-1.0022229155643614,1.4241670681335405,0.8479311948055437,bounce_resistance
XAUUSD.a,15m,1,0.22,2021-01-12 14:00:00,1860.4397601543064,2021-01-12 14:15:00,1857.2097054323203,1857.288035647247,1865.8739287055064,stop,1,-71.06120388369436,-5.279999999999999,-1.72326472838382,0.0,-71.06120388369436,-91.94814435548673,-1.0248531287398879,1.0374511309546517,0.29832551785146183,bounce_support
XAUUSD.a,15m,-1,0.1,2021-01-12 18:15:00,1845.373065641016,2021-01-12 21:15:00,1852.076069169368,1851.7188016660975,1832.942396667805,stop,12,-67.03003528352156,-2.4,-1.1726750327056985,0.0,-67.03003528352156,-86.26885195886892,-1.056300404217647,1.3216645517296344,1.2265032157425713,bounce_resistance
XAUUSD.a,15m,1,0.18,2021-01-13 03:15:00,1856.4850222581845,2021-01-13 03:45:00,1862.958990441848,1852.805504779076,1862.958990441848,target,2,116.53142730594482,-4.32,-0.0,0.0,116.53142730594482,149.9471495926717,1.7594611849030515,0.5367612110550547,1.8168082580858997,bounce_support
XAUUSD.a,15m,1,0.25,2021-01-13 07:30:00,1859.5210415786596,2021-01-13 10:00:00,1856.7194505112889,1856.7918820282182,1864.1362359435636,stop,10,-70.03977668426842,-6.0,-1.810787923234191,0.0,-70.03977668426842,-90.33077973647215,-1.0265398616645967,1.6455767776322423,1.164812229767322,bounce_support
XAUUSD.a,15m,1,0.2,2021-01-13 10:15:00,1857.3572671295276,2021-01-13 11:00:00,1853.8459569937588,1853.9277729650994,1863.354454069801,stop,3,-70.22620271537562,-4.8,-1.6363194268115606,0.0,-70.22620271537562,-90.5875710632659,-1.023856571091211,2.2473480810872086,0.21657213421622606,bounce_support
XAUUSD.a,15m,-1,0.18,2021-01-13 16:00:00,1857.834551900857,2021-01-13 22:45:00,1850.6298646975708,1861.6550676512147,1850.3898646975708,target,27,129.68436965914952,-4.32,-0.0,0.0,129.68436965914952,167.6158325696646,1.8857891640968503,0.8704186336181768,3.168303101413281,bounce_resistance
XAUUSD.a,15m,-1,0.2,2021-01-14 02:45:00,1847.8418943776414,2021-01-14 03:15:00,1851.5315844758115,1851.2192993979138,1841.2314012041727,stop,2,-73.79380196340207,-4.8,-1.4457015579539494,0.0,-73.79380196340207,-95.22149497838893,-1.092463022949068,1.299253597368287,0.033130281079642734,bounce_resistance
XAUUSD.a,15m,-1,0.15,2021-01-14 07:15:00,1839.989537609185,2021-01-14 07:30:00,1844.7623741131129,1844.4292657830492,1831.2914684339014,stop,1,-71.5925475589188,-3.5999999999999996,-1.3966249509546196,0.0,-71.5925475589188,-92.26319341063817,-1.075028992095633,1.1893661467609589,0.0,bounce_resistance
XAUUSD.a,15m,-1,0.15,2021-01-14 16:00:00,1843.7286580045134,2021-01-14 16:15:00,1848.544157144975,1848.1888665084043,1838.6740154440154,stop,1,-72.23248710692587,-3.5999999999999996,-1.7293595485605116,0.0,-72.23248710692587,-93.28746881948324,-1.0796578537215975,1.5248932845971932,0.17009473970813366,bounce_resistance
XAUUSD.a,15m,1,0.16,2021-01-14 22:30:00,1845.8266638534917,2021-01-15 03:00:00,1853.009297715248,1841.775351142376,1853.009297715248,target,14,114.92214178810173,-3.84,-0.0,-13.2672,101.65494178810172,130.83509245929923,1.5682407937368432,0.12012497878934633,2.422260843894646,bounce_support
XAUUSD.a,15m,1,0.25,2021-01-15 06:00:00,1852.222769252536,2021-01-15 07:30:00,1849.4447203841892,1849.509126991116,1856.801746017768,stop,6,-69.45122170866966,-6.0,-1.6101651731749778,0.0,-69.45122170866966,-89.56478561400728,-1.023734376429273,1.2613192612739965,0.6659797325379277,bounce_support
XAUUSD.a,15m,-1,0.15,2021-01-15 22:30:00,1826.519720080232,2021-01-18 01:30:00,1818.1180366123979,1830.930981693801,1817.8780366123979,target,8,126.02525201751178,-3.5999999999999996,-0.0,4.5344999999999995,130.55975201751178,169.92887340888143,1.9731279235538446,0.8410926951952401,5.508564716607699,bounce_resistance
XAUUSD.a,15m,-1,0.12,2021-01-18 05:30:00,1827.2669854137766,2021-01-18 07:30:00,1833.156567625393,1832.8185242874936,1816.3829514250126,stop,8,-70.67498653939765,-2.88,-1.1765200547929835,0.0,-70.67498653939765,-91.90624915720316,-1.0608918257782465,2.23956183484294,0.10393251797411494,bounce_resistance
XAUUSD.a,15m,1,0.22,2021-01-19 01:30:00,1837.8405618960012,2021-01-19 03:15:00,1843.125998881529,1834.7770005592354,1843.125998881529,target,7,116.27961368161368,-5.279999999999999,-0.0,0.0,116.27961368161368,150.92428279786319,1.7252590709046163,0.6105841177562011,1.876717151048909,bounce_support
XAUUSD.a,15m,1,0.26,2021-01-19 04:30:00,1840.4776322133746,2021-01-19 05:00:00,1837.8322591506371,1837.890837549058,1844.6683249018843,stop,2,-68.77969963117403,-6.24,-1.523038358940057,0.0,-68.77969963117403,-89.17951329811868,-1.0226451674842747,1.4371578326866445,0.3758967806910751,bounce_support
XAUUSD.a,15m,1,0.22,2021-01-19 15:15:00,1835.8199073343126,2021-01-19 16:15:00,1840.9412719984882,1832.7943640007559,1840.9412719984882,target,4,112.67002261186417,-5.279999999999999,-0.0,0.0,112.67002261186417,146.26012229906817,1.6927090772007518,0.2412483490873056,2.4822294172395187,bounce_support
XAUUSD.a,15m,1,0.17,2021-01-19 16:45:00,1836.8847201242183,2021-01-20 03:00:00,1843.7454227180192,1832.9972886409903,1843.7454227180192,target,37,116.6319440946145,-4.08,-0.0,-42.2892,74.34274409461449,96.42879539095996,1.1249336773312086,0.9041240056274621,2.7023704266186446,bounce_support
XAUUSD.a,15m,1,0.24,2021-01-20 13:45:00,1850.389430817151,2021-01-20 14:00:00,1847.5328114581303,1847.592704382019,1855.1445912359616,stop,1,-68.55886461649607,-5.76,-1.437430173334105,0.0,-68.55886461649607,-88.74589286693858,-1.0214153673153186,1.1189620757467427,0.1503790923437933,bounce_support
XAUUSD.a,15m,1,0.26,2021-01-20 14:30:00,1849.2214200820995,2021-01-20 14:45:00,1846.512992355622,1846.592648898546,1853.634702202908,stop,1,-70.41912088841673,-6.24,-2.0710701160287694,0.0,-70.41912088841673,-91.15389808605067,-1.0303018168422087,3.195949550368583,0.8515689505065788,bounce_support
XAUUSD.a,15m,1,0.24,2021-01-21 01:30:00,1871.1626009401527,2021-01-21 02:15:00,1868.2862448648339,1868.3474267519596,1873.1621285140561,stop,3,-69.03254580765315,-5.76,-1.4683652910190241,0.0,-69.03254580765315,-88.98928224360372,-1.0217328957413396,1.1269643468097328,0.1873415371806199,bounce_support
XAUUSD.a,15m,-1,0.22,2021-01-21 23:15:00,1869.6784288434685,2021-01-22 02:45:00,1867.0865137614678,1872.7040833775593,1866.8465137614678,target,10,57.02213180401532,-5.279999999999999,-0.0,6.6506,63.672731804015314,82.04508846368924,0.9565583411426738,0.3640769771035626,1.067018328461814,bounce_resistance
XAUUSD.a,15m,1,0.32,2021-01-22 03:00:00,1867.1150659785255,2021-01-22 03:00:00,1864.9444831444678,1864.997082112256,1870.5258357754876,stop,0,-69.45865068984858,-7.68,-1.6831669692245228,0.0,-69.45865068984858,-89.60787817665012,-1.0248344515867085,1.8437656871313775,0.0,bounce_support
XAUUSD.a,15m,1,0.3,2021-01-22 03:15:00,1866.1850041229166,2021-01-22 03:45:00,1863.8755378893243,1863.9322095483005,1869.8655809033992,stop,2,-69.28398700776825,-7.199999999999999,-1.7001497692874084,0.0,-69.28398700776825,-89.38254638874041,-1.0251561592054685,1.4981410914893851,0.26855350412344214,bounce_support
XAUUSD.a,15m,-1,0.26,2021-01-22 09:00:00,1861.3814572021652,2021-01-22 09:30:00,1858.8103571428571,1863.924413679941,1858.5703571428571,target,2,66.84860154200896,-6.24,-0.0,0.0,66.84860154200896,86.47272080046693,1.011067268267561,0.5185078114227757,1.1213157704764447,bounce_resistance
XAUUSD.a,15m,-1,0.26,2021-01-22 10:15:00,1861.4891316597316,2021-01-22 11:45:00,1858.5121428571429,1864.0969187270011,1858.2721428571429,target,6,77.40170886730675,-6.24,-0.0,0.0,77.40170886730675,100.20676428278236,1.1415766417254816,0.9244881879074472,1.6754173354752953,bounce_resistance
XAUUSD.a,15m,-1,0.15,2021-01-22 20:15:00,1855.3146894618103,2021-01-25 02:30:00,1860.205131118935,1859.8979420229305,1846.3141159541387,stop,21,-73.35662485687067,-3.5999999999999996,-1.00783644006911,4.5344999999999995,-68.82212485687067,-89.13628397470622,-1.0010667306545626,1.0222675874193132,0.6163067437679959,bounce_resistance
XAUUSD.a,15m,1,0.22,2021-01-25 03:45:00,1853.6606600950283,2021-01-25 08:15:00,1850.479448272057,1850.5387430220435,1858.9725139559127,stop,18,-69.98666010536999,-5.279999999999999,-1.3044844997045049,0.0,-69.98666010536999,-90.4547641334979,-1.0189930573427528,1.0252226501225314,0.9447207712508914,bounce_support
XAUUSD.a,15m,-1,0.24,2021-01-25 11:30:00,1854.4785149842849,2021-01-25 12:30:00,1857.5682553565525,1857.2637103388317,1849.0325793223365,stop,4,-74.15376893442408,-5.76,-1.5490804252964185,0.0,-74.15376893442408,-95.88022877479193,-1.1093442214829234,1.9501271272940404,0.10717919078726798,bounce_resistance
XAUUSD.a,15m,-1,0.27,2021-01-25 23:45:00,1855.5103902987485,2021-01-26 03:45:00,1858.328941265175,1858.0301395079437,1850.5897209841125,stop,12,-76.10087609351626,-6.4799999999999995,-1.587647445245251,8.1621,-67.93877609351627,-88.0697623778438,-0.9986116702583325,1.2936246549285089,0.9208814473602057,bounce_resistance
XAUUSD.a,15m,-1,0.28,2021-01-26 13:45:00,1853.9453307917108,2021-01-26 14:00:00,1856.6427670460967,1856.3326635059796,1849.304672988041,stop,1,-75.52821512280299,-6.720000000000001,-1.9628991232795616,0.0,-75.52821512280299,-97.70917492180105,-1.1298954009483706,1.0114506427432424,0.5467737211109988,bounce_resistance
XAUUSD.a,15m,-1,0.21,2021-01-26 15:00:00,1855.3723256731696,2021-01-26 15:30:00,1858.7942444996959,1858.4758483678002,1849.3083032644,stop,2,-71.86029535705188,-5.04,-1.6463187698091006,0.0,-71.86029535705188,-92.88476101215264,-1.102591849077368,1.500770184438695,1.0350578968625563,bounce_resistance
XAUUSD.a,15m,-1,0.28,2021-01-26 22:15:00,1852.101998376236,2021-01-27 03:00:00,1847.73784711111,1854.461076444445,1847.49784711111,target,15,122.19623542352475,-6.720000000000001,-0.0,25.393200000000004,147.58943542352475,190.58553128037804,2.2343691530002703,0.38489681032612255,2.985063729400867,bounce_resistance
XAUUSD.a,15m,-1,0.26,2021-01-27 05:00:00,1847.812796977408,2021-01-27 07:45:00,1850.621292997455,1850.3321060747933,1842.8857878504132,stop,11,-73.02089652122095,-6.24,-1.2788599892000658,0.0,-73.02089652122095,-94.29107786630117,-1.1147881865555094,1.3564048278707188,1.064893934687187,bounce_resistance
XAUUSD.a,15m,-1,0.31,2021-01-27 08:00:00,1851.0366795240666,2021-01-27 10:00:00,1853.4603193291268,1853.1662307553847,1846.8775384892303,stop,8,-75.13283395686767,-7.4399999999999995,-1.6767457860051806,0.0,-75.13283395686767,-97.24800211867571,-1.1380988489110293,1.0064657963672512,1.5621505015436543,bounce_resistance
XAUUSD.a,15m,-1,0.26,2021-01-27 10:15:00,1850.7687165972072,2021-01-27 10:15:00,1846.0338386736032,1853.3180806631983,1845.7938386736032,target,0,123.10682601370445,-6.24,-0.0,0.0,123.10682601370445,159.34302283708624,1.8572780509335753,0.01619360817995426,2.1255169747992637,bounce_resistance
XAUUSD.a,15m,-1,0.12,2021-01-27 18:00:00,1848.822587632206,2021-01-28 02:00:00,1838.3253300456122,1854.322334977194,1838.0853300456122,target,28,125.96709103912599,-2.88,-0.0,3.6275999999999997,129.594691039126,169.98254333568468,1.9636461293873089,0.3249989964398581,2.222390750975991,bounce_resistance
XAUUSD.a,15m,-1,0.18,2021-01-28 05:45:00,1837.3023965441942,2021-01-28 08:00:00,1836.0927777777777,1840.9685442454222,1835.8527777777776,target,9,21.77313779549695,-4.32,-0.0,0.0,21.77313779549695,28.527996901937776,0.32994272598763796,0.5394227447910456,0.6007386291219263,bounce_resistance
XAUUSD.a,15m,-1,0.27,2021-01-28 08:30:00,1836.791583236347,2021-01-28 09:00:00,1835.5056746031746,1839.2756487816825,1835.2656746031746,target,2,34.71953309565242,-6.4799999999999995,-0.0,0.0,34.71953309565242,45.58702366782529,0.5176629238253742,0.4703647075042244,0.8983592403740162,bounce_resistance
XAUUSD.a,15m,-1,0.23,2021-01-28 09:15:00,1836.7998803827456,2021-01-28 09:15:00,1835.3455555555554,1839.7082671181545,1835.1055555555554,target,0,33.449471025375715,-5.52,-0.0,0.0,33.449471025375715,43.91942204721014,0.5000452001393859,0.199464400724864,0.7151319862051426,bounce_resistance
XAUUSD.a,15m,1,0.1,2021-01-28 20:00:00,1839.5929084412064,2021-01-29 11:00:00,1852.2553878174876,1832.7473060912562,1852.2553878174876,target,56,126.62479376281226,-2.4,-0.0,-8.292,118.33279376281226,154.77443432452066,1.72859578622285,0.686997023898197,2.1440175471045655,bounce_support
XAUUSD.a,15m,-1,0.14,2021-01-29 22:45:00,1847.4714414628975,2021-01-29 22:45:00,1846.7324137931034,1852.0523827670627,1846.4924137931034,target,0,10.346387377116573,-3.3600000000000003,-0.0,0.0,10.346387377116573,13.540442314740774,0.16132659659316786,0.017148994472173593,1.253332248041918,bounce_resistance
XAUUSD.a,15m,-1,0.11,2021-01-29 23:15:00,1844.5656408532127,2021-02-01 01:00:00,1865.2474506444014,1850.3816463654775,1840.8913705583757,stop_gap,3,-227.49990770307568,-2.6399999999999997,-1.5119570884176774,3.3253,-224.17460770307568,-294.1537957001387,-3.5040389401647283,3.8453125774425816,0.05942925131067731,bounce_resistance
XAUUSD.a,15m,-1,0.1,2021-02-01 02:00:00,1855.837411653916,2021-02-01 05:00:00,1862.8806903736245,1862.5204529962714,1842.7490940074574,stop,12,-70.43278719708496,-2.4,-1.202373773529914,0.0,-70.43278719708496,-92.06779937136112,-1.0539032094669225,1.1076675972611925,1.029084110302994,bounce_resistance
XAUUSD.a,15m,1,0.1,2021-02-01 11:45:00,1862.3171793168767,2021-02-01 14:15:00,1869.4483269961977,1855.6175604398247,1869.4483269961977,target,10,71.31147679320975,-2.4,-0.0,0.0,71.31147679320975,93.50485385590997,1.0644109478745258,0.9026154215413603,1.0706311530185912,bounce_support
XAUUSD.a,15m,1,0.13,2021-02-01 15:00:00,1861.5820643022403,2021-02-02 02:15:00,1856.4020107714484,1856.4779746492452,1869.8946768060835,stop,41,-67.3406959002939,-3.12,-0.9875304113574004,-10.7796,-78.1202959002939,-102.36424327833468,-1.1773409049085997,1.471773580198041,1.5081897500061676,bounce_support
XAUUSD.a,15m,-1,0.2,2021-02-02 03:45:00,1862.2488873246086,2021-02-02 05:00:00,1856.181298315993,1865.4793508420034,1855.941298315993,target,5,121.35178017231283,-4.8,-0.0,0.0,121.35178017231283,158.97057767280552,1.8782409941929374,0.5637310762326552,2.5565641834794524,bounce_resistance
XAUUSD.a,15m,-1,0.09,2021-02-02 18:30:00,1838.3080242966048,2021-02-03 19:45:00,1835.7654712346662,1845.3629927246354,1824.4740145507294,signal,97,22.882977557447703,-2.16,-0.998482223990751,8.162099999999999,31.0450775574477,40.72126440547719,0.488939546239973,0.9414607267419519,1.2357283218967547,bounce_resistance
XAUUSD.a,15m,-1,0.41,2021-02-04 02:30:00,1834.000767583266,2021-02-04 03:30:00,1831.438532731377,1835.6390734516656,1831.198532731377,target,4,105.05162892744443,-9.84,-0.0,0.0,105.05162892744443,137.48773548246837,1.563953899763458,0.09719333843907585,2.234483593007075,bounce_resistance
XAUUSD.a,15m,-1,0.11,2021-02-04 20:00:00,1789.2978425289637,2021-02-04 21:45:00,1795.7809952829643,1795.4412869019602,1777.2874261960799,stop,7,-71.31468029400753,-2.6399999999999997,-1.0967921910448961,0.0,-71.31468029400753,-93.82522931008253,-1.0552960782875018,1.0681560819334732,0.1314966783966516,bounce_resistance
XAUUSD.a,15m,-1,0.19,2021-02-04 22:45:00,1794.6732757849186,2021-02-05 07:30:00,1798.378048165844,1798.087060974025,1788.01587805195,stop,31,-70.39067523758081,-4.56,-0.9687566445582753,5.7437000000000005,-64.6469752375808,-85.00700237686334,-0.9966861394157973,1.302578799999206,0.7860119006553375,bounce_resistance
XAUUSD.a,15m,1,0.17,2021-02-05 12:15:00,1806.3213320122177,2021-02-05 14:00:00,1802.3174846968632,1802.3955489924683,1813.2989020150633,stop,7,-68.0654043610266,-4.08,-1.3270930252888478,0.0,-68.0654043610266,-89.46556829787933,-1.0198850255381993,1.4319008421857524,0.6950633731042232,bounce_support
XAUUSD.a,15m,1,0.22,2021-02-05 14:45:00,1802.171516899282,2021-02-05 15:00:00,1799.037376409653,1799.120639233653,1807.3987215326943,stop,1,-68.95109077183997,-5.279999999999999,-1.8317821279981925,0.0,-68.95109077183997,-90.43240402360776,-1.0272914331957859,1.7213134956033105,0.22238948102100203,bounce_support
XAUUSD.a,15m,1,0.18,2021-02-05 23:15:00,1810.3249606065922,2021-02-08 01:00:00,1816.8790543363002,1806.6204728318498,1816.8790543363002,target,3,117.97368713474452,-4.32,-0.0,-14.9256,103.04808713474452,134.20340839323373,1.545394148346516,0.08502136482663933,2.2067934598532726,bounce_support
XAUUSD.a,15m,1,0.17,2021-02-08 19:30:00,1834.9274254376585,2021-02-08 20:00:00,1830.9295452527863,1831.0163424387374,1841.8573151225255,stop,2,-67.96396314282742,-4.08,-1.4755521611693634,0.0,-67.96396314282742,-88.27864490937215,-1.0221926218326411,1.0374173697612377,0.16429581333832965,bounce_support
XAUUSD.a,15m,1,0.2,2021-02-08 21:00:00,1831.4911723679015,2021-02-09 03:15:00,1837.224676409449,1828.1876617952755,1837.224676409449,target,21,114.67008083095152,-4.8,-0.0,-16.584,98.08608083095152,127.12202183925598,1.484573435964236,0.8085859903206654,1.815894788352357,bounce_support
XAUUSD.a,15m,1,0.29,2021-02-09 09:00:00,1840.0791293865848,2021-02-09 10:45:00,1843.9958612620317,1837.777069368984,1843.9958612620317,target,7,113.58522438795966,-6.959999999999999,-0.0,0.0,113.58522438795966,146.9978314843531,1.7014030240310474,0.8336574076747361,2.2592245960796586,bounce_support
XAUUSD.a,15m,1,0.18,2021-02-09 13:15:00,1841.9466813298484,2021-02-09 16:30:00,1838.1878530766035,1838.2910698429462,1848.397860314108,stop,13,-67.65890855840871,-4.32,-1.8579017941677267,0.0,-67.65890855840871,-87.63653250920771,-1.0282351575687214,2.70725742199561,1.5519479273108152,bounce_support
XAUUSD.a,15m,-1,0.3,2021-02-09 23:45:00,1837.6122452181855,2021-02-10 03:45:00,1840.1701849112642,1839.8711082981783,1833.2077834036436,stop,12,-76.73819079235955,-7.199999999999999,-1.7722983925760813,27.206999999999997,-49.53119079235955,-64.05834147119779,-0.7309162329059401,1.1146115070518534,1.5902890485053183,bounce_resistance
XAUUSD.a,15m,-1,0.26,2021-02-10 04:00:00,1839.5906573347565,2021-02-10 04:30:00,1842.4485851141765,1842.1470919221395,1834.5958161557214,stop,2,-74.30612226491803,-6.24,-1.5988229929632143,0.0,-74.30612226491803,-96.10082935414445,-1.117935030892248,1.0832832097137315,0.28972277969172067,bounce_resistance
XAUUSD.a,15m,1,0.25,2021-02-10 07:30:00,1843.314434575916,2021-02-10 11:30:00,1840.6245839542464,1840.6855830359552,1847.7488339280894,stop,16,-67.24626554174051,-6.0,-1.524977042721537,0.0,-67.24626554174051,-87.0896400203853,-1.0232036997074867,1.0591828916887334,1.401967881434229,bounce_support
XAUUSD.a,15m,1,0.1,2021-02-10 17:45:00,1836.7997316383703,2021-02-11 18:45:00,1830.195967544377,1830.2830068535332,1848.8439862929338,stop,96,-66.03764093993277,-2.4,-0.8703930915612458,-8.292,-74.32964093993277,-95.83996201445764,-1.1405981285703508,1.2751392628556353,1.6496428369420992,bounce_support
XAUUSD.a,15m,-1,0.3,2021-02-12 01:15:00,1826.5305910996967,2021-02-12 03:15:00,1822.500193922168,1828.724903038916,1822.260193922168,target,8,120.91191532586436,-7.199999999999999,-0.0,0.0,120.91191532586436,156.0516188609798,1.8367475952224386,0.6286293555847732,2.0100109837921134,bounce_resistance
XAUUSD.a,15m,-1,0.25,2021-02-12 23:15:00,1822.3549056790057,2021-02-15 01:00:00,1825.3637435222154,1825.0603037864876,1817.0793924270251,stop,3,-75.2209460802419,-6.0,-1.5859933931927603,7.5575,-67.6634460802419,-87.16258882665227,-1.0004212820747729,1.4767121740588363,0.15336215319224422,bounce_resistance
XAUUSD.a,15m,-1,0.25,2021-02-15 18:30:00,1819.3440554945264,2021-02-16 02:30:00,1822.2658786663906,1821.9785452780125,1814.1829094439754,stop,12,-73.04557929660405,-6.0,-1.1833347094519604,7.5575,-65.48807929660404,-84.10464174738848,-0.99431897147003,1.0726724101143679,0.9125317204097129,bounce_resistance
XAUUSD.a,15m,1,0.3,2021-02-16 06:45:00,1824.8983192897103,2021-02-16 07:15:00,1822.6572861941556,1822.7023700714085,1828.4852598571833,stop,2,-67.23099286664137,-7.199999999999999,-1.3525163175842365,0.0,-67.23099286664137,-86.3785192227479,-1.0205304735087308,1.4336940323897716,0.31498028484668644,bounce_support
XAUUSD.a,15m,1,0.25,2021-02-16 10:15:00,1820.6840132102218,2021-02-16 11:45:00,1825.1063113868793,1818.0618443065605,1825.1063113868793,target,6,110.55745441643694,-6.0,-0.0,0.0,110.55745441643694,141.92045598443787,1.68650393591453,0.4896760114990489,1.8213879293243043,bounce_support
XAUUSD.a,15m,1,0.25,2021-02-16 13:45:00,1820.0339781779398,2021-02-16 13:45:00,1817.2414665083597,1817.3074337752694,1824.6651324494612,stop,0,-69.8127917395027,-6.0,-1.6491816727425765,0.0,-69.8127917395027,-89.5437590450878,-1.0241944590541154,1.8646232839488612,0.0058762373517257304,bounce_support
XAUUSD.a,15m,-1,0.15,2021-02-16 23:00:00,1795.0306164784365,2021-02-17 10:00:00,1786.629947677776,1799.4250261611119,1786.389947677776,target,40,126.01003200990704,-3.5999999999999996,-0.0,13.603499999999999,139.61353200990703,179.76839937925013,2.1180475815340754,0.2001141416173539,2.3736103894815614,bounce_resistance
XAUUSD.a,15m,-1,0.19,2021-02-17 14:15:00,1791.4681297616148,2021-02-17 15:15:00,1784.8073750472938,1794.996312476353,1784.5673750472938,target,4,126.55433957209902,-4.56,-0.0,0.0,126.55433957209902,163.72901167229318,1.8878712506858226,0.5503882296893253,3.8683171663991938,bounce_resistance
XAUUSD.a,15m,-1,0.23,2021-02-17 23:45:00,1776.2701483392004,2021-02-18 02:15:00,1779.560692898066,1779.2524828975006,1770.4550342049986,stop,6,-75.68252485390826,-5.52,-1.5688300130046966,6.9529000000000005,-68.72962485390826,-88.55541005760483,-1.0019816692090924,1.1668213584940494,0.19788133345332348,bounce_resistance
XAUUSD.a,15m,-1,0.27,2021-02-18 04:30:00,1781.603217889646,2021-02-18 05:00:00,1784.4136629923835,1784.1056289874102,1777.9388888888882,stop,2,-75.8820177739126,-6.4799999999999995,-1.83691813427804,0.0,-75.8820177739126,-97.8958597576053,-1.123094884469007,1.4293343382107437,0.0,bounce_resistance
XAUUSD.a,15m,1,0.24,2021-02-18 07:15:00,1782.874515632651,2021-02-18 07:30:00,1783.7200970873787,1780.0406967033966,1783.7200970873787,target,1,20.293954913462585,-5.76,-0.0,0.0,20.293954913462585,26.169877511009563,0.2983893734346931,0.25566758171158266,0.5630156362067572,bounce_support
XAUUSD.a,15m,1,0.25,2021-02-18 09:00:00,1782.7343990141926,2021-02-18 09:30:00,1780.0149143604397,1780.0704804323673,1787.5390391352653,stop,2,-67.98711634382357,-6.0,-1.3891517981894408,0.0,-67.98711634382357,-87.62581371323346,-1.0208587726016538,1.1465812187471787,0.37373551601761945,bounce_support
XAUUSD.a,15m,1,0.22,2021-02-18 09:45:00,1783.5382980445265,2021-02-18 10:00:00,1780.4823594530924,1780.5433531579688,1788.7232936840624,stop,1,-67.23064901155112,-5.279999999999999,-1.341861507279251,0.0,-67.23064901155112,-86.43915890296886,-1.0203655516834946,1.5420310621590565,0.13412666031902407,bounce_support
XAUUSD.a,15m,1,0.12,2021-02-18 16:15:00,1781.3988555263159,2021-02-18 16:45:00,1775.9232225793492,1776.0394097013955,1785.7400332225914,stop,2,-65.70759536360038,-2.88,-1.3942454645554778,0.0,-65.70759536360038,-84.66928079840265,-1.0216789432791848,1.5428564438261825,0.6476685439274122,bounce_support
XAUUSD.a,15m,-1,0.22,2021-02-18 22:00:00,1775.3060517320325,2021-02-19 02:15:00,1769.756252460657,1778.2818737696714,1769.516252460657,target,13,122.0955839702633,-5.279999999999999,-0.0,6.6506,128.7461839702633,165.6005967846978,1.9665488047863557,0.6398058230250141,2.502183140608981,bounce_resistance
XAUUSD.a,15m,-1,0.19,2021-02-19 07:30:00,1768.4691048131504,2021-02-19 07:45:00,1772.2650392880166,1771.9454067063334,1761.6691865873331,stop,1,-72.12275502245916,-4.56,-1.5130190519821352,0.0,-72.12275502245916,-92.67299071308598,-1.0919461518316347,1.5191129393006244,0.10330081338868967,bounce_resistance
XAUUSD.a,15m,-1,0.17,2021-02-19 12:45:00,1772.885162500283,2021-02-19 13:45:00,1769.062142857143,1776.6886645146706,1768.822142857143,target,4,64.99133393338025,-4.08,-0.0,0.0,64.99133393338025,82.86645747539843,1.005131489001105,0.09329231281453428,1.300160347379058,bounce_resistance
XAUUSD.a,15m,-1,0.17,2021-02-19 14:15:00,1771.6067366006391,2021-02-19 15:45:00,1775.9266930638976,1775.5821584698656,1768.6532142857143,stop,6,-73.43925987539365,-4.08,-1.7770880985441655,0.0,-73.43925987539365,-93.36527737216005,-1.0866661716330053,3.2206049623237107,0.5928267937756492,bounce_resistance
XAUUSD.a,15m,1,0.17,2021-02-19 22:45:00,1781.1057381169394,2021-02-22 01:00:00,1787.8036490607158,1777.298175469642,1787.8036490607158,target,5,113.86448604419844,-4.08,-0.0,-14.096400000000001,99.76808604419844,126.56909108049278,1.5413301073173573,0.09080300154347042,1.8448184662297347,bounce_support
XAUUSD.a,15m,1,0.16,2021-02-22 05:00:00,1783.7726651708824,2021-02-22 07:30:00,1788.6085483870968,1779.6759366216293,1788.6085483870968,target,10,77.37413145942992,-3.84,-0.0,0.0,77.37413145942992,98.18803007465536,1.180425590339873,0.7939664861308435,1.1856618691524468,bounce_support
XAUUSD.a,15m,1,0.25,2021-02-22 13:45:00,1797.8976472197714,2021-02-22 13:45:00,1795.1266459079145,1795.198116737572,1802.4337665248556,stop,0,-69.27503279642337,-6.0,-1.7867707414357699,0.0,-69.27503279642337,-87.84113511415015,-1.0264752815827805,1.2697197688165334,0.0897759005970562,bounce_support
XAUUSD.a,15m,1,0.14,2021-02-22 16:15:00,1795.0978121255653,2021-02-22 16:30:00,1803.4374144273866,1790.3762927863067,1803.4374144273866,target,1,116.75443222549804,-3.3600000000000003,-0.0,0.0,116.75443222549804,147.74553581886266,1.766296334419115,0.12237843034145632,2.465771510799966,bounce_support
XAUUSD.a,15m,1,0.14,2021-02-22 20:45:00,1809.1309606299408,2021-02-23 11:45:00,1804.2731271613072,1804.3501508890067,1817.7896982219863,stop,56,-68.00966856086961,-3.3600000000000003,-1.0783321877924048,-11.608800000000002,-79.61846856086962,-100.79690660835004,-1.1895544430350922,1.0941578756318984,1.449344304738096,bounce_support
XAUUSD.a,15m,-1,0.21,2021-02-23 23:15:00,1805.3878378169802,2021-02-24 03:00:00,1808.8977521893219,1808.6015616031618,1803.5254427645787,stop,11,-73.70820181917475,-5.04,-1.180002309361935,19.0449,-54.66330181917475,-68.84893674640378,-0.8099682939567198,1.5098255188834668,0.26381788647356125,bounce_resistance
XAUUSD.a,15m,1,0.29,2021-02-24 09:30:00,1807.776801523735,2021-02-24 09:30:00,1805.3866640107528,1805.4418662963553,1811.6162674072893,stop,0,-69.31398787648277,-6.959999999999999,-1.6008662824745936,0.0,-69.31398787648277,-87.55746030579907,-1.0236418916273067,1.09502032165761,0.0,bounce_support
XAUUSD.a,15m,-1,0.1,2021-02-24 18:15:00,1794.1651209559425,2021-02-24 18:45:00,1801.3070749950211,1800.9250314354874,1780.9299371290251,stop,2,-71.41954039078655,-2.4,-1.4204355953368712,0.0,-71.41954039078655,-90.02160480839285,-1.0565160678813355,1.2241107436402932,0.058450619595941875,bounce_resistance
XAUUSD.a,15m,-1,0.17,2021-02-24 23:15:00,1803.4955708882649,2021-02-25 03:45:00,1797.2813653136532,1807.4330725716886,1797.0413653136532,target,14,105.64149476839886,-4.08,-0.0,5.1391,110.78059476839886,139.1820925803438,1.6549848351926097,0.5573150916921198,1.6903029949888817,bounce_resistance
XAUUSD.a,15m,-1,0.32,2021-02-25 07:45:00,1799.1272452390021,2021-02-25 08:00:00,1795.1177463864683,1801.301126806766,1794.8777463864683,target,1,128.30396328108327,-7.68,-0.0,0.0,128.30396328108327,160.83632717972654,1.844396176861759,0.9626811285541178,2.353966892624253,bounce_resistance
XAUUSD.a,15m,-1,0.08,2021-02-25 21:15:00,1778.8511036409443,2021-02-26 07:30:00,1763.916545947842,1786.601727026079,1763.676545947842,target,37,119.47646154481845,-1.92,-0.0,2.4184,121.89486154481845,155.6250306983868,1.9658880242234071,0.03856417015811327,2.611545244188442,bounce_resistance
XAUUSD.a,15m,-1,0.13,2021-02-26 15:45:00,1766.155490786811,2021-02-26 16:30:00,1756.084886646612,1771.422556676694,1755.844886646612,target,3,130.91785382258786,-3.12,-0.0,0.0,130.91785382258786,168.55001586469925,1.9119950938040549,0.09008985706834036,2.2451761633598393,bounce_resistance
XAUUSD.a,15m,-1,0.12,2021-02-26 21:30:00,1729.996383418919,2021-02-26 23:45:00,1735.7131487555662,1735.3556689468332,1719.5586621063333,stop,9,-68.60118403976503,-2.88,-1.40975770479564,0.0,-68.60118403976503,-89.0589051393177,-1.0667028854631795,1.0064059011202215,0.6188107354320745,bounce_resistance
XAUUSD.a,15m,-1,0.17,2021-03-01 02:00:00,1739.1369376055811,2021-03-01 03:15:00,1743.4697454378527,1743.1274396723672,1731.3751206552656,stop,5,-73.65773314861644,-4.08,-1.7391980132524638,0.0,-73.65773314861644,-95.04836847360016,-1.085780124845574,1.2838139934970363,0.47536314324199186,bounce_resistance
XAUUSD.a,15m,1,0.21,2021-03-01 11:30:00,1748.2937450948843,2021-03-01 12:15:00,1744.9741150223535,1745.0516749568255,1753.896650086349,stop,3,-69.71223152314678,-5.04,-1.6287586239139527,0.0,-69.71223152314678,-90.10473519174178,-1.023922966243547,1.429255043093769,0.0,bounce_support
XAUUSD.a,15m,1,0.17,2021-03-01 13:00:00,1745.909690470368,2021-03-01 13:30:00,1741.837463177508,1741.9105903930097,1753.0388192139803,stop,2,-69.22786397862228,-4.08,-1.2431626635276496,0.0,-69.22786397862228,-89.5724558834245,-1.0182859178532995,1.025153257248858,0.29014265889496377,bounce_support
XAUUSD.a,15m,-1,0.14,2021-03-01 22:45:00,1722.5545981150865,2021-03-02 02:30:00,1727.6025959292808,1727.2816279376448,1713.2967441247101,stop,11,-70.67196939872065,-3.3600000000000003,-1.1335518829032127,4.232200000000001,-66.43976939872064,-85.52788213321058,-1.0039492011552296,1.0948528101548103,0.2442544596559219,bounce_resistance
XAUUSD.a,15m,-1,0.14,2021-03-02 11:00:00,1721.7741723031565,2021-03-02 12:15:00,1726.8836030977986,1726.541586904646,1712.4368261907077,stop,5,-71.53203112498932,-3.3600000000000003,-1.4282267041366414,0.0,-71.53203112498932,-91.82899357483512,-1.0717403921710051,1.2241074428517482,0.20643732199190368,bounce_resistance
XAUUSD.a,15m,1,0.15,2021-03-02 15:45:00,1726.965050360354,2021-03-02 16:30:00,1722.5510851036956,1722.6703338145362,1734.6093323709279,stop,3,-66.20947884987686,-3.5999999999999996,-1.7887306626081383,0.0,-66.20947884987686,-84.77309012557535,-1.0277663751654782,1.2026522135398587,0.8184357691938265,bounce_support
XAUUSD.a,15m,1,0.12,2021-03-02 21:15:00,1735.3013645894391,2021-03-02 22:00:00,1737.8937267080746,1729.7110586412032,1737.8937267080746,target,3,31.108345423625906,-2.88,-0.0,0.0,31.108345423625906,39.740853654444294,0.463724551507513,0.28824264796232507,0.48094602253554847,bounce_support
XAUUSD.a,15m,1,0.14,2021-03-02 22:45:00,1735.2312609828796,2021-03-02 23:30:00,1737.3374534161492,1730.6639715512463,1737.3374534161492,target,3,29.486694065774376,-3.3600000000000003,-0.0,0.0,29.486694065774376,37.71062776981581,0.46114713437733834,0.5213729102401353,0.7375794916320084,bounce_support
XAUUSD.a,15m,1,0.19,2021-03-03 03:30:00,1732.306220684287,2021-03-03 10:00:00,1728.7565079948106,1728.823534907762,1738.382930184476,stop,26,-67.4445411000504,-4.56,-1.2735113460781247,0.0,-67.4445411000504,-86.21755055870223,-1.0192457537809472,1.1101261877678317,1.0290274649150557,bounce_support
XAUUSD.a,15m,-1,0.09,2021-03-03 17:30:00,1710.901990660481,2021-03-03 17:30:00,1708.2539555555554,1717.692041358709,1708.0139555555554,target,0,23.832315944330503,-2.16,-0.0,0.0,23.832315944330503,30.565223342136285,0.38998753066993497,0.08659866702798369,1.3213436922970798,bounce_resistance
XAUUSD.a,15m,-1,0.1,2021-03-03 18:00:00,1715.8439786817414,2021-03-03 18:00:00,1722.7302005447787,1722.3161685673906,1703.247662865219,stop,0,-68.86221863037235,-2.4,-1.740319773879382,0.0,-68.86221863037235,-88.19669898098357,-1.0639709255604635,1.257073952094427,0.0407866095410477,bounce_resistance
XAUUSD.a,15m,-1,0.18,2021-03-04 06:45:00,1714.897753606333,2021-03-04 07:30:00,1718.762023016065,1718.4418218169653,1707.9663563660695,stop,3,-69.55684937517708,-4.32,-1.4436215837935051,0.0,-69.55684937517708,-89.19260034003601,-1.0903484865610498,1.487625542265287,0.3605330175361295,bounce_resistance
XAUUSD.a,15m,-1,0.15,2021-03-04 14:15:00,1717.5845746038767,2021-03-04 15:00:00,1722.309652789053,1721.9696891618937,1709.0106216762128,stop,3,-70.87617277764366,-3.5999999999999996,-1.4994544073884901,0.0,-70.87617277764366,-90.95551149535913,-1.0775267379361204,1.2828457094327792,0.04893249675416918,bounce_resistance
XAUUSD.a,15m,-1,0.12,2021-03-04 23:45:00,1699.037882783952,2021-03-05 02:00:00,1688.9223308090748,1704.3838345954628,1688.6823308090748,target,5,121.38662369852682,-2.88,-0.0,3.6275999999999997,125.01422369852682,162.13293867990407,1.9487366033576656,0.04341924959895698,1.9375189206998882,bounce_resistance
XAUUSD.a,15m,-1,0.25,2021-03-05 07:30:00,1693.4402624339295,2021-03-05 07:45:00,1696.4057463043246,1696.090683265869,1688.2886334682619,stop,1,-74.13709675987548,-6.0,-1.8765759613860757,0.0,-74.13709675987548,-95.98774763047733,-1.1188728350829231,1.5015493079860187,0.3019378750293893,bounce_resistance
XAUUSD.a,15m,-1,0.2,2021-03-05 08:00:00,1696.8598181190514,2021-03-05 09:30:00,1700.3720780931062,1700.0554346151814,1690.6191307696374,stop,6,-70.24519948109628,-4.8,-1.5328695584947214,0.0,-70.24519948109628,-91.24649210367905,-1.09908682043301,1.1391172518219788,0.6445761315683352,bounce_resistance
XAUUSD.a,15m,-1,0.2,2021-03-05 13:15:00,1693.9896642139304,2021-03-05 13:30:00,1697.445805290958,1697.1292661603613,1692.1855462184874,stop,1,-69.12282154055447,-4.8,-1.5307826119353907,0.0,-69.12282154055447,-90.14099805765876,-1.1008214213131706,1.5671845890091411,0.06678050832805475,bounce_resistance
XAUUSD.a,15m,1,0.16,2021-03-08 06:15:00,1705.552450845344,2021-03-08 09:00:00,1701.5098190593299,1701.5820242337513,1712.6159515324973,stop,11,-64.68210857622762,-3.84,-1.155282790745197,0.0,-64.68210857622762,-84.27526491671459,-1.018185747146326,1.1717760584617978,1.014387003879206,bounce_support
XAUUSD.a,15m,-1,0.13,2021-03-08 14:30:00,1689.1057248068478,2021-03-08 15:00:00,1685.4476923076923,1693.862600898249,1685.2076923076922,target,2,47.55442248902182,-3.12,-0.0,0.0,47.55442248902182,62.00216757806177,0.7689989036645302,0.5937247762786212,0.9051580751979456,bounce_resistance
XAUUSD.a,15m,-1,0.15,2021-03-08 15:15:00,1689.467833892363,2021-03-08 15:15:00,1694.1350566666915,1693.786807505236,1685.0619004524885,stop,0,-70.0083416149289,-3.5999999999999996,-1.6237374218308103,0.0,-70.0083416149289,-91.27792330299212,-1.0806323892365188,1.5193809214480543,0.05969795499430592,bounce_resistance
XAUUSD.a,15m,-1,0.16,2021-03-08 15:30:00,1693.7552600429085,2021-03-08 17:00:00,1686.5299497458611,1697.5700251270694,1686.2899497458611,target,6,115.60496475275795,-3.84,-0.0,0.0,115.60496475275795,150.76876345287107,1.8940380698794057,0.7509610405594749,1.9674239113886247,bounce_resistance
XAUUSD.a,15m,-1,0.25,2021-03-09 03:00:00,1684.5511593773815,2021-03-09 04:15:00,1687.4295317814426,1687.1183118205618,1679.5333763588762,stop,5,-71.95931010152776,-6.0,-1.7804990220222403,0.0,-71.95931010152776,-94.05585123129617,-1.1212315854898418,1.612230171065047,1.7494712436390458,bounce_resistance
XAUUSD.a,15m,1,0.16,2021-03-09 15:00:00,1703.0601863322806,2021-03-09 15:15:00,1709.9548357840702,1699.162582107965,1709.9548357840702,target,1,110.3143912286323,-3.84,-0.0,0.0,110.3143912286323,143.28591257014938,1.768945499590831,0.0795838454672995,1.9190798339799366,bounce_support
XAUUSD.a,15m,1,0.18,2021-03-09 21:15:00,1717.4677060180156,2021-03-10 02:45:00,1713.7901802781478,1713.854257149586,1720.544814814815,stop,18,-66.19546331762149,-4.32,-1.1533836858863886,-44.776799999999994,-110.97226331762148,-144.05060336931797,-1.7061610567488177,1.3138987684302843,0.21649510217763954,bounce_support
XAUUSD.a,15m,1,0.22,2021-03-10 13:00:00,1711.421291390616,2021-03-10 13:30:00,1708.437788009988,1708.5019730483612,1716.416053903278,stop,2,-65.63707437381618,-5.279999999999999,-1.4120708442103167,0.0,-65.63707437381618,-85.30831984743658,-1.0219863101067452,1.113715946478335,0.27359421472584955,bounce_support
XAUUSD.a,15m,1,0.15,2021-03-10 19:30:00,1718.6126404945683,2021-03-10 20:00:00,1721.2469358178055,1714.458281061703,1721.2469358178055,target,2,39.514429848558166,-3.5999999999999996,-0.0,0.0,39.514429848558166,51.11563418265312,0.6341038530265894,0.5711206584096302,0.9790581607491171,bounce_support
XAUUSD.a,15m,1,0.22,2021-03-11 01:30:00,1726.7791520756382,2021-03-11 01:30:00,1726.7777419354838,1723.8510645950971,1726.7777419354838,target,0,-0.031023083395666617,-5.279999999999999,-0.0,0.0,-0.031023083395666617,-0.04013283579211992,-0.00048159085536880996,0.14997915142792295,0.01736557555047394,bounce_support
XAUUSD.a,15m,1,0.25,2021-03-11 01:45:00,1726.7471269273783,2021-03-11 01:45:00,1726.763,1724.1913718278515,1726.763,target,0,0.39682681554040755,-6.0,-0.0,0.0,0.39682681554040755,0.5133527581019748,0.006210717382332663,0.14364714656978347,0.06764070338890381,bounce_support
XAUUSD.a,15m,1,0.25,2021-03-11 02:00:00,1727.076575003994,2021-03-11 02:00:00,1726.806,1724.520043874991,1726.806,target,0,-6.76437509985135,-6.0,-0.0,0.0,-6.76437509985135,-8.754319455216645,-0.10583677269736948,0.2216186603661765,0.35337922771869246,bounce_support
XAUUSD.a,15m,1,0.27,2021-03-11 02:15:00,1727.1071053608516,2021-03-11 02:15:00,1726.849,1724.7750546783452,1726.849,target,0,-6.968844742995544,-6.4799999999999995,-0.0,0.0,-6.968844742995544,-9.018939992746825,-0.11067742343158866,0.8134923374875546,0.12988338607757954,bounce_support
XAUUSD.a,15m,1,0.24,2021-03-11 02:45:00,1725.4049877856323,2021-03-11 03:15:00,1727.0020362903226,1722.712377153737,1727.0020362903226,target,2,38.329164112567014,-5.76,-0.0,0.0,38.329164112567014,49.556738871233726,0.5931227061842584,0.8226171877190817,0.6740715470955704,bounce_support
XAUUSD.a,15m,1,0.24,2021-03-11 03:30:00,1726.208322946441,2021-03-11 03:30:00,1727.1366129032258,1723.543888168227,1727.1366129032258,target,0,22.278958962833713,-5.76,-0.0,0.0,22.278958962833713,28.805025551864027,0.3484003302970697,0.7424925401128311,0.5148097693268919,bounce_support
XAUUSD.a,15m,1,0.22,2021-03-11 09:00:00,1732.6512364623097,2021-03-11 09:30:00,1737.7024309838043,1729.7037845080977,1737.7024309838043,target,2,111.12627947288138,-5.279999999999999,-0.0,0.0,111.12627947288138,142.9387212812325,1.7137495708034185,0.434692908387831,1.767208971887257,bounce_support
XAUUSD.a,15m,1,0.19,2021-03-11 12:00:00,1734.0229589075584,2021-03-11 14:15:00,1730.5671864959045,1730.6388579690813,1739.9422840618374,stop,9,-65.65967582142457,-4.56,-1.3617579903591537,0.0,-65.65967582142457,-84.39221600892584,-1.0211788816231568,1.1178623144913589,0.794019191889365,bounce_support
XAUUSD.a,15m,1,0.14,2021-03-11 15:45:00,1729.5625961022452,2021-03-11 16:15:00,1724.9342710820258,1725.0400175714094,1737.6999648571812,stop,2,-64.7965502830707,-3.3600000000000003,-1.4804508513694898,0.0,-64.7965502830707,-83.5760999394695,-1.0233819023069677,1.5682637800287034,0.6605532391281106,bounce_support
XAUUSD.a,15m,-1,0.18,2021-03-11 21:00:00,1724.375668894679,2021-03-12 03:30:00,1728.1535072790048,1727.8572817395082,1717.6054365209839,stop,22,-68.00109091786499,-4.32,-1.0120597109373284,5.4414,-62.559690917864984,-80.27883548642977,-0.9982552739853301,1.023758603893811,0.8891479416720783,bounce_resistance
XAUUSD.a,15m,-1,0.18,2021-03-12 14:15:00,1704.2995964364445,2021-03-12 16:45:00,1708.086862149706,1707.7401856802758,1697.5696286394482,stop,10,-68.17078283870478,-4.32,-1.9201764497434928,0.0,-68.17078283870478,-87.94754794512505,-1.1007607839417883,1.1365505401630287,1.409524965858529,bounce_resistance
XAUUSD.a,15m,-1,0.13,2021-03-12 17:00:00,1706.1063050427338,2021-03-12 18:00:00,1711.1189416785821,1710.76685887684,1698.9178260869567,stop,4,-65.16427626602876,-3.12,-1.4570764226473347,0.0,-65.16427626602876,-83.8546361081813,-1.0755452708572186,1.0714810159947155,0.8896592959383626,bounce_resistance
XAUUSD.a,15m,-1,0.14,2021-03-12 18:45:00,1716.890066638623,2021-03-12 19:45:00,1721.7796919043697,1721.4319886895262,1708.0460226209477,stop,4,-68.45475372045303,-3.3600000000000003,-1.5078450078095087,0.0,-68.45475372045303,-88.20352238172018,-1.0765542012713176,1.2615657638240345,0.1981686670391058,bounce_resistance
XAUUSD.a,15m,1,0.18,2021-03-12 23:30:00,1724.5158593697067,2021-03-15 04:00:00,1730.62767571201,1721.031162143995,1730.62767571201,target,14,110.0126941614576,-4.32,-0.0,-14.9256,95.0870941614576,122.56650446179117,1.5159470106400263,0.17960222342668927,2.2510250165826617,bounce_support
XAUUSD.a,15m,1,0.16,2021-03-15 05:30:00,1726.451756834178,2021-03-15 08:30:00,1722.5083202116418,1722.569076450249,1733.2518470995024,stop,12,-63.094985960578924,-3.84,-0.9720998177143942,0.0,-63.094985960578924,-81.58869558995374,-1.015648014412578,1.2341363080030234,0.4039073554220822,bounce_support
XAUUSD.a,15m,1,0.2,2021-03-15 11:00:00,1722.9941884663801,2021-03-15 12:00:00,1728.5711183396943,1719.779440830153,1728.5711183396943,target,4,111.53859746628314,-4.8,-0.0,0.0,111.53859746628314,143.94305888174057,1.7347955436586435,0.09462281360818513,2.1948259496662668,bounce_support
XAUUSD.a,15m,1,0.19,2021-03-15 17:30:00,1729.143230508889,2021-03-15 17:45:00,1725.6494944505152,1725.7454512307538,1735.059097538492,stop,1,-66.38098510910163,-4.56,-1.8231788245314007,0.0,-66.38098510910163,-85.84007074666256,-1.0282410281491945,1.6961756597832722,0.2933591059093562,bounce_support
XAUUSD.a,15m,1,0.13,2021-03-15 18:00:00,1724.2074161020525,2021-03-16 04:15:00,1733.1613525535345,1719.269323723233,1733.1613525535345,target,37,116.401173869265,-3.12,-0.0,-10.7796,105.62157386926499,136.32811950702796,1.64531884545748,0.29918761916837144,2.0215466079096815,bounce_support
XAUUSD.a,15m,1,0.29,2021-03-16 05:15:00,1730.882378305326,2021-03-16 07:30:00,1734.5037575565887,1728.6631212217055,1734.5037575565887,target,9,105.01999828661609,-6.959999999999999,-0.0,0.0,105.01999828661609,135.4712188625372,1.6317979913145941,0.13625204017950013,1.8689234903364587,bounce_support
XAUUSD.a,15m,1,0.14,2021-03-16 18:30:00,1732.0036428494311,2021-03-16 18:30:00,1727.478527917703,1727.5739921918496,1739.952015616301,stop,0,-63.35160904419218,-3.3600000000000003,-1.3364998380517508,0.0,-63.35160904419218,-81.77672235886894,-1.0215511970414841,1.0099313005133523,0.0,bounce_support
XAUUSD.a,15m,1,0.13,2021-03-16 19:00:00,1729.1714185793562,2021-03-17 17:00:00,1724.181403682443,1724.2651078611868,1738.079784277626,stop,84,-64.87019365987135,-3.12,-1.0881543236699334,-32.3388,-97.20899365987134,-126.02286048002402,-1.5240809900648107,1.0418049065721255,1.7810900944945387,bounce_support
XAUUSD.a,15m,1,0.17,2021-03-18 06:15:00,1752.0398418852697,2021-03-18 06:45:00,1748.2289201620083,1748.3003238248443,1754.3134782608697,stop,2,-64.78566929544286,-4.08,-1.2138622682130513,0.0,-64.78566929544286,-82.8249415692187,-1.0190943489728455,1.0214797264102968,0.061547533936539355,bounce_support
XAUUSD.a,15m,-1,0.15,2021-03-18 16:00:00,1729.697678280836,2021-03-18 16:00:00,1721.755168705429,1733.8674156472855,1721.515168705429,target,0,119.13764363110545,-3.5999999999999996,-0.0,0.0,119.13764363110545,153.2336668395805,1.904798522639354,0.08689317511438849,1.9995691690135649,bounce_resistance
XAUUSD.a,15m,-1,0.1,2021-03-18 17:30:00,1724.77661278924,2021-03-18 18:30:00,1731.2541624083944,1730.8982344255287,1712.8135311489423,stop,4,-64.77549619154388,-2.4,-1.1592798286565125,0.0,-64.77549619154388,-83.10517319042374,-1.058142760858631,1.0607299170970446,0.2167093734405159,bounce_resistance
XAUUSD.a,15m,-1,0.13,2021-03-18 19:15:00,1735.4852398497678,2021-03-19 09:15:00,1740.5608662054642,1740.2476977895578,1726.1846044208842,stop,52,-65.98314262405302,-3.12,-0.9511894067834648,3.9299000000000004,-62.05324262405301,-80.00366492277634,-1.0022821022345563,1.6955026694867064,1.4709294944611486,bounce_resistance
XAUUSD.a,15m,1,0.14,2021-03-19 17:00:00,1736.3925275795325,2021-03-19 23:30:00,1744.3609331276027,1731.9545334361985,1744.3609331276027,target,26,111.55767767298313,-3.3600000000000003,-0.0,0.0,111.55767767298313,144.02158260884227,1.795497085105225,0.4557301145992977,2.203128734442715,bounce_support
XAUUSD.a,15m,1,0.22,2021-03-22 02:00:00,1738.3383023384702,2021-03-22 04:00:00,1735.3940700771484,1735.4659462403106,1743.2481075193787,stop,8,-64.77310974907869,-5.279999999999999,-1.5812755895704549,0.0,-64.77310974907869,-83.9301713625898,-1.0250234165632321,1.2910315475320417,0.9196971305968985,bounce_support
XAUUSD.a,15m,1,0.18,2021-03-22 04:15:00,1735.7491376248147,2021-03-22 07:30:00,1741.768005893062,1732.350997053469,1741.768005893062,target,13,108.33962882845299,-4.32,-0.0,0.0,108.33962882845299,140.22732180747215,1.7712240391114296,0.9502660519826345,2.071975019090211,bounce_support
XAUUSD.a,15m,-1,0.17,2021-03-22 18:45:00,1737.36480432428,2021-03-23 13:00:00,1741.476066737369,1741.1784646122123,1729.9030707755755,stop,69,-69.89146102251266,-4.08,-0.9792361276633421,5.1391,-64.75236102251266,-84.43280309620772,-0.998768145432803,1.3727482996547296,1.674193253259446,bounce_resistance
XAUUSD.a,15m,-1,0.25,2021-03-23 22:45:00,1727.8576744479474,2021-03-24 04:00:00,1725.702089552239,1730.3927055245947,1725.462089552239,target,17,53.88962239271109,-6.0,-0.0,22.6725,76.56212239271109,100.61915652667345,1.2080660169889088,0.3283295261032701,1.565138386072438,bounce_resistance
XAUUSD.a,15m,-1,0.36,2021-03-24 04:15:00,1727.3678784814892,2021-03-24 04:30:00,1729.3967573151635,1729.1063380572377,1726.3260385438973,stop,1,-73.03963801227474,-8.64,-1.8150932853263797,0.0,-73.03963801227474,-95.98985164115959,-1.167055513960263,1.8016648544515186,0.15408956597336948,bounce_resistance
XAUUSD.a,15m,1,0.27,2021-03-24 08:45:00,1732.2014093987593,2021-03-24 09:15:00,1729.8551731772582,1729.9021292108575,1735.9857415782851,stop,2,-63.348377980531275,-6.4799999999999995,-1.2678129071835378,0.0,-63.348377980531275,-83.36300085606358,-1.0204220581060293,1.1705443351014064,0.18640207639587256,bounce_support
XAUUSD.a,15m,1,0.22,2021-03-24 22:30:00,1734.6444013031196,2021-03-25 10:00:00,1731.8064473741492,1731.8600319422899,1739.32993611542,stop,42,-62.434986437348016,-5.279999999999999,-1.1788604990949823,-18.2424,-80.67738643734802,-106.32653694446014,-1.3170500942007166,1.4094399106410702,1.6217671263035607,bounce_support
XAUUSD.a,15m,-1,0.13,2021-03-25 20:45:00,1727.2324090902534,2021-03-26 05:45:00,1724.1522727272727,1731.7823310376311,1723.9122727272727,target,32,40.0417727187496,-3.12,-0.0,3.9299000000000004,43.9716727187496,57.81410352597342,0.7434053599381353,0.8852000004237023,0.7390036860283815,bounce_resistance
XAUUSD.a,15m,-1,0.36,2021-03-26 08:45:00,1728.5985568430503,2021-03-26 12:30:00,1730.6204570321324,1730.3258215935994,1725.2383568128016,stop,15,-72.78840680695521,-8.64,-1.9668757871928455,0.0,-72.78840680695521,-95.54165099029363,-1.1705791995346562,1.604527132316364,1.8575941192746543,bounce_resistance
XAUUSD.a,15m,1,0.22,2021-03-26 20:45:00,1732.8328257640862,2021-03-29 01:00:00,1729.9352964400377,1729.9825158369479,1737.6849683261041,stop,13,-63.745645129066816,-5.279999999999999,-1.0388267320235387,-18.2424,-81.98804512906682,-107.33807932271162,-1.307482140298344,1.078067242733592,0.07619320055196728,bounce_support
XAUUSD.a,15m,1,0.3,2021-03-29 02:00:00,1731.3991134994994,2021-03-29 04:00:00,1729.2861585682665,1729.3325423346498,1733.1472199170128,stop,8,-63.388647936988036,-7.199999999999999,-1.391512991499694,0.0,-63.388647936988036,-83.0509635597616,-1.0224447951138862,1.9448222097842873,0.5956177660062545,bounce_support
XAUUSD.a,15m,-1,0.15,2021-03-29 18:30:00,1711.5294986850663,2021-03-29 19:45:00,1715.896268268587,1715.575315559358,1703.7093688812838,stop,5,-65.50154375280954,-3.5999999999999996,-1.214290638436228,0.0,-65.50154375280954,-85.71817542735005,-1.0793295196498973,1.0678934438153656,0.2173846994051599,bounce_resistance
XAUUSD.a,15m,-1,0.36,2021-03-30 03:30:00,1712.5700846198708,2021-03-30 04:00:00,1714.5733832386516,1714.287252887311,1710.4437234042553,stop,2,-72.11875027610586,-8.64,-1.6606926482544593,0.0,-72.11875027610586,-94.3505766528067,-1.1666291864145741,1.0423645801452377,0.23299092317095463,bounce_resistance
XAUUSD.a,15m,-1,0.26,2021-03-30 07:45:00,1707.2183553291732,2021-03-30 09:45:00,1703.1218140993456,1709.5090929503272,1702.8818140993455,target,8,106.5100719755178,-6.24,-0.0,0.0,106.5100719755178,139.46220077452182,1.7883066100620955,0.5682207594648462,2.2038121182250046,bounce_resistance
XAUUSD.a,15m,-1,0.11,2021-03-30 17:45:00,1686.3238743584213,2021-03-31 16:30:00,1692.2596114125006,1691.9417467481348,1675.22650650373,stop,87,-65.2931075948718,-2.6399999999999997,-0.8565113080225712,9.9759,-55.3172075948718,-72.60047719619892,-0.8951497480233268,1.015709372827108,1.5048177979088195,bounce_resistance
XAUUSD.a,15m,1,0.24,2021-04-01 03:00:00,1707.6558428585672,2021-04-01 05:00:00,1711.869416599008,1705.1802917004961,1711.869416599008,target,8,101.1257697705787,-5.76,-0.0,0.0,101.1257697705787,133.59107211627614,1.702075001238891,0.7617870680711979,1.7265476932269161,bounce_support
XAUUSD.a,15m,1,0.18,2021-04-01 11:45:00,1716.0133016611007,2021-04-01 14:00:00,1712.621297576628,1712.6846931648142,1721.6406136703717,stop,9,-61.056073520509926,-4.32,-1.141120587352215,0.0,-61.056073520509926,-80.6425315940801,-1.0190456727659603,1.6833766023705905,0.3024381930234041,bounce_support
XAUUSD.a,15m,1,0.18,2021-04-01 20:15:00,1726.0880282648186,2021-04-05 08:45:00,1722.7421871591903,1722.7782260588372,1731.7835478823256,stop,46,-60.22513990130983,-4.32,-0.6487001936418667,-14.9256,-75.15073990130983,-98.81364298753479,-1.2614171016271702,1.1716797631623528,1.3269589727278226,bounce_support
XAUUSD.a,15m,-1,0.37,2021-04-05 09:30:00,1725.3728756650817,2021-04-05 10:00:00,1727.3084502742445,1727.0241726267864,1722.1516547464275,stop,2,-71.6162605390241,-8.879999999999999,-1.6382729559526634,0.0,-71.6162605390241,-94.05124437137091,-1.1721541636972674,1.5909460235463924,0.3893155985813597,bounce_resistance
XAUUSD.a,15m,1,0.2,2021-04-05 21:00:00,1725.6031999729682,2021-04-06 03:00:00,1730.7382705931677,1722.595864703416,1730.7382705931677,target,20,102.7014124039897,-4.8,-0.0,-16.584,86.1174124039897,112.50707097093137,1.4317893531174728,0.21387704240371638,1.7313666619575256,bounce_support
XAUUSD.a,15m,1,0.25,2021-04-06 03:45:00,1728.1095702585617,2021-04-06 04:00:00,1730.0589875666076,1725.721070763395,1730.0589875666076,target,1,48.735432701147374,-6.0,-0.0,0.0,48.735432701147374,63.72810720133297,0.8161681892713819,0.19659633988275022,2.629445706037223,bounce_support
XAUUSD.a,15m,1,0.27,2021-04-06 06:15:00,1734.1212387876824,2021-04-06 09:00:00,1737.8391634961836,1731.855418251908,1737.8391634961836,target,11,100.38396712953204,-6.4799999999999995,-0.0,0.0,100.38396712953204,131.49072885468482,1.640873427440555,0.671385382762725,1.9854887628071216,bounce_support
XAUUSD.a,15m,1,0.22,2021-04-06 10:15:00,1730.0886174327172,2021-04-06 14:15:00,1734.7976362483487,1727.3161818758256,1734.7976362483487,target,16,103.59841394389196,-5.279999999999999,-0.0,0.0,103.59841394389196,135.85964532207092,1.6985133536921684,0.5838250879064375,1.8688919763718232,bounce_support
XAUUSD.a,15m,1,0.23,2021-04-06 22:45:00,1741.9462058830452,2021-04-07 04:00:00,1739.2541177450491,1739.2972773286658,1746.4454453426686,stop,17,-61.918027173909195,-5.52,-0.9926704231850696,-57.2148,-119.13282717390919,-155.46093952123027,-1.9553898988451968,1.168852167766638,0.9074590226227902,bounce_support
XAUUSD.a,15m,-1,0.16,2021-04-07 16:45:00,1736.6176888205887,2021-04-07 17:00:00,1740.6161888103766,1740.2936625247678,1729.272674950464,stop,1,-63.975999836606206,-3.84,-1.3204205697384594,0.0,-63.975999836606206,-83.68454765478451,-1.0877390078286204,1.355371822640345,0.2414839963570673,bounce_resistance
XAUUSD.a,15m,-1,0.19,2021-04-08 01:00:00,1736.7957379113464,2021-04-08 02:15:00,1736.1076576576577,1739.953551135406,1735.8676576576577,target,5,13.073524820084685,-4.56,-0.0,0.0,13.073524820084685,17.17172987112812,0.21789770479333806,0.4446944733635489,0.4704958165436763,bounce_resistance
XAUUSD.a,15m,-1,0.31,2021-04-08 02:45:00,1736.661735850819,2021-04-08 02:45:00,1736.7845045045044,1738.649887134249,1736.5445045045044,target,0,-3.8058282642473387,-7.4399999999999995,-0.0,0.0,-3.8058282642473387,-4.998854998091968,-0.06175015689630948,0.2556466167424673,0.12158825781200117,bounce_resistance
XAUUSD.a,15m,-1,0.36,2021-04-08 03:00:00,1736.812469004332,2021-04-08 03:00:00,1736.846036036036,1738.5335614413475,1736.606036036036,target,0,-1.208413141344863,-8.64,-0.0,0.0,-1.208413141344863,-1.5873855730563315,-0.01950332880564477,0.2774580756952938,0.24546560965914885,bounce_resistance
XAUUSD.a,15m,-1,0.29,2021-04-08 03:15:00,1737.0231355040225,2021-04-08 03:15:00,1736.9075675675674,1739.0952274693511,1736.6675675675674,target,0,3.351470157198946,-6.959999999999999,-0.0,0.0,3.351470157198946,4.402530222524428,0.05577355560896154,0.03709511800803311,0.40207457871705954,bounce_resistance
XAUUSD.a,15m,-1,0.32,2021-04-08 04:00:00,1736.213366436712,2021-04-08 06:00:00,1738.4253662828953,1738.1416915289892,1732.5566169420215,stop,8,-70.78399507786526,-7.68,-1.3975921249981207,0.0,-70.78399507786526,-92.90213549698821,-1.147109403410346,1.0769105124466387,1.6093585304370566,bounce_resistance
XAUUSD.a,15m,-1,0.31,2021-04-08 06:15:00,1738.2109489618676,2021-04-08 07:45:00,1740.4433588827314,1740.1653945081969,1734.7312499999998,stop,6,-69.20470754677785,-7.4399999999999995,-1.1768956105705224,0.0,-69.20470754677785,-90.72100932944149,-1.1422216009326225,1.053521824642073,0.1949140832207896,bounce_resistance
XAUUSD.a,15m,1,0.17,2021-04-08 16:00:00,1747.7688641768964,2021-04-08 16:30:00,1753.7078626924406,1744.3210686537798,1753.7078626924406,target,2,100.9629747642514,-4.08,-0.0,0.0,100.9629747642514,132.07788226923864,1.7225495177207273,0.11858713028517896,2.8456257795226887,bounce_support
XAUUSD.a,15m,1,0.18,2021-04-08 20:15:00,1757.4110349479568,2021-04-09 02:45:00,1754.0113834126073,1754.048022033106,1757.8178865979382,stop,22,-61.19372763629008,-4.32,-0.6594951689772801,-14.9256,-76.11932763629008,-99.41661786731719,-1.2574592017399775,1.0261735638056206,0.06808331036501883,bounce_support
XAUUSD.a,15m,1,0.34,2021-04-09 05:15:00,1754.5490958779642,2021-04-09 05:30:00,1752.725867471301,1752.771301015608,1756.4302681992338,stop,1,-61.98976582655042,-8.16,-1.5447405064429574,0.0,-61.98976582655042,-81.17137297404761,-1.0255561230764851,1.1244806250113766,0.248006185287026,bounce_support
XAUUSD.a,15m,-1,0.13,2021-04-09 18:45:00,1745.343758162499,2021-04-12 08:15:00,1736.9180625163501,1749.760968741825,1736.67806251635,target,50,109.53404339993472,-3.12,-0.0,3.9299000000000004,113.46394339993472,149.22201480849418,1.9759066246464332,0.23232803124760795,2.067766070571237,bounce_resistance
XAUUSD.a,15m,-1,0.25,2021-04-12 12:30:00,1741.8630764657926,2021-04-12 15:00:00,1744.6197344655745,1744.3242688788412,1737.1114622423179,stop,10,-68.91644999454911,-6.0,-1.3866396683368425,0.0,-68.91644999454911,-90.30879808490029,-1.120049771471296,1.2989327926000933,0.6594675236228753,bounce_resistance
XAUUSD.a,15m,-1,0.33,2021-04-13 02:45:00,1733.1029143095832,2021-04-13 03:00:00,1731.8914989293362,1734.927740650239,1731.6514989293362,target,1,39.97670754815067,-7.92,-0.0,0.0,39.97670754815067,52.52007770688633,0.6638524188617442,0.014842886587877045,1.6236691917315553,bounce_resistance
XAUUSD.a,15m,-1,0.29,2021-04-13 04:45:00,1732.248077770413,2021-04-13 05:00:00,1734.6292762222085,1734.340505973855,1728.15898805229,stop,1,-69.05475510207316,-6.959999999999999,-1.4143372022498995,0.0,-69.05475510207316,-90.73616070175831,-1.138007243392403,1.353414289163405,0.14245543523191512,bounce_resistance
XAUUSD.a,15m,1,0.16,2021-04-13 19:30:00,1745.0761969513571,2021-04-14 08:30:00,1741.2366652254798,1741.2763949269208,1751.7872101461583,stop,48,-61.432507614037604,-3.84,-0.6356752230564404,-39.8016,-101.23410761403761,-131.96129520176967,-1.665121415586375,1.1332687660210325,1.1273753266864646,bounce_support
XAUUSD.a,15m,-1,0.22,2021-04-14 21:30:00,1736.2002089627058,2021-04-15 03:15:00,1739.2333965645157,1738.956638271887,1733.7208510638297,stop,19,-66.7301272398181,-5.279999999999999,-0.8086824378343986,6.6506,-60.079527239818105,-77.62914894088368,-0.990733770212728,1.200753099769287,0.3338409440215942,bounce_resistance
XAUUSD.a,15m,1,0.17,2021-04-15 21:30:00,1766.9053142914042,2021-04-15 23:45:00,1763.256216787799,1763.3078202064378,1773.0943595871242,stop,9,-62.034657561287766,-4.08,-0.8772581168572183,0.0,-62.034657561287766,-80.05194993262329,-1.0143442678208567,1.0716666102427328,0.05411703368999037,bounce_support
XAUUSD.a,15m,1,0.32,2021-04-16 01:45:00,1764.0802834676479,2021-04-16 04:00:00,1762.169104538036,1762.213297151469,1767.0034056970617,stop,9,-61.157725747580116,-7.68,-1.4141636298569864,0.0,-61.157725747580116,-79.0733818801703,-1.0236705609731234,1.398126727029462,1.0657370732231668,bounce_support
XAUUSD.a,15m,1,0.27,2021-04-16 05:00:00,1762.3810411448746,2021-04-16 05:15:00,1760.1422502747364,1760.1879075836691,1765.9241848326615,stop,1,-60.44735349373264,-6.4799999999999995,-1.2327473411813856,0.0,-60.44735349373264,-78.20648125774031,-1.0208182984111718,1.062881525370197,0.0,bounce_support
XAUUSD.a,15m,1,0.21,2021-04-16 10:45:00,1762.9054462718177,2021-04-16 12:30:00,1767.624415121415,1760.1327924392926,1767.624415121415,target,7,99.09834584154396,-5.04,-0.0,0.0,99.09834584154396,127.92165260693959,1.7019682710624389,0.4852557704949633,2.097107709579087,bounce_support
XAUUSD.a,15m,1,0.15,2021-04-16 19:30:00,1777.3736620277004,2021-04-19 04:30:00,1773.4507536002452,1773.5201856879194,1784.1096286241611,stop,32,-58.84362641182861,-3.5999999999999996,-1.0414813151127689,-12.438,-71.28162641182861,-92.36242667646498,-1.2332003646674032,1.1090406819374237,1.6079865103444506,bounce_support
XAUUSD.a,15m,1,0.17,2021-04-19 05:15:00,1776.6957601546696,2021-04-19 10:30:00,1782.575163948899,1773.3124180255506,1782.575163948899,target,21,99.94986450189892,-4.08,-0.0,0.0,99.94986450189892,128.69191731503994,1.7377502983301025,0.39480493065522915,2.380557312253735,bounce_support
XAUUSD.a,15m,-1,0.2,2021-04-19 20:00:00,1771.430017436458,2021-04-20 06:15:00,1774.7918095926195,1774.487806053077,1765.434387893846,stop,37,-67.23584312323055,-4.8,-1.28007079084933,6.046,-61.18984312323055,-78.44248278751705,-1.00055711488139,1.3898876267781988,1.9098826533389595,bounce_resistance
XAUUSD.a,15m,1,0.2,2021-04-20 22:30:00,1777.80030698281,2021-04-21 03:15:00,1779.4329032258063,1774.8459354223871,1779.4329032258063,target,15,32.65192485992429,-4.8,-0.0,-49.751999999999995,-17.100075140075703,-22.1360195988035,-0.28940292022083525,0.5416742444477527,0.7276312316255269,bounce_support
XAUUSD.a,15m,1,0.31,2021-04-21 04:00:00,1777.6127045109413,2021-04-21 04:00:00,1780.0885249457701,1775.6918662843,1780.0885249457701,target,0,76.75043347969427,-7.4399999999999995,-0.0,0.0,76.75043347969427,99.44599948132144,1.2889270946871754,0.20444434387789284,1.7634465214603672,bounce_support
XAUUSD.a,15m,1,0.21,2021-04-21 11:45:00,1781.3914150430098,2021-04-21 11:45:00,1778.5393491320438,1778.6014716965585,1786.1270566068827,stop,0,-59.893384130287586,-5.04,-1.304573854810508,0.0,-59.893384130287586,-77.65251410642757,-1.0222666042999702,1.247844350473267,0.0,bounce_support
XAUUSD.a,15m,1,0.22,2021-04-21 12:30:00,1778.2694823795528,2021-04-21 14:15:00,1782.8683009245362,1775.5808495377319,1782.8683009245362,target,7,101.17400798963672,-5.279999999999999,-0.0,0.0,101.17400798963672,130.98654581775858,1.7104672952923217,0.2118111371305816,1.7668896796001026,bounce_support
XAUUSD.a,15m,1,0.14,2021-04-21 20:00:00,1791.144629701555,2021-04-22 12:30:00,1786.7054304079602,1786.7598390844898,1798.8803218310202,stop,62,-62.14879011032736,-3.3600000000000003,-0.7617214714160325,-11.608800000000002,-73.75759011032736,-95.19319340017987,-1.2015167321994191,1.2599529108764762,1.5269532534546133,bounce_support
XAUUSD.a,15m,-1,0.17,2021-04-22 17:45:00,1786.654599261988,2021-04-22 18:15:00,1783.0737288135595,1790.170937175006,1782.8337288135594,target,2,60.8747976232869,-4.08,-0.0,0.0,60.8747976232869,78.81048862443606,1.018352199648349,0.04419391476471535,1.8156955957934562,bounce_resistance
XAUUSD.a,15m,-1,0.21,2021-04-22 22:00:00,1782.5604692673114,2021-04-23 01:45:00,1785.650093015546,1785.359756460224,1777.1104870795518,stop,11,-64.88209871292543,-5.04,-1.057067661762052,6.3483,-58.533798712925424,-75.96366064879038,-0.995726253201793,1.2858740402922126,0.4145588456409571,bounce_resistance
XAUUSD.a,15m,-1,0.26,2021-04-23 02:45:00,1784.1385461429866,2021-04-23 04:00:00,1786.7495151432604,1786.4616252677654,1779.5867494644694,stop,5,-67.88519400711948,-6.24,-1.245136762870159,0.0,-67.88519400711948,-87.9182454051331,-1.1239259878943737,1.076783752362158,0.5331484966550175,bounce_resistance
XAUUSD.a,15m,1,0.23,2021-04-23 07:30:00,1785.3496950824829,2021-04-23 08:30:00,1782.770061577053,1782.8116456976327,1789.6467086047344,stop,4,-59.331570624887945,-5.52,-0.9564347733329882,0.0,-59.331570624887945,-76.73905870051212,-1.0163842834690084,1.0597489152645287,0.008000205842417892,bounce_support
XAUUSD.a,15m,1,0.29,2021-04-23 08:45:00,1783.6479711222637,2021-04-23 10:30:00,1781.5482841923972,1781.6038626473435,1786.9922747053133,stop,7,-60.8909209661283,-6.959999999999999,-1.61177519344444,0.0,-60.8909209661283,-78.67552292283519,-1.0271895819758003,1.0018896489060922,1.5909277406930737,bounce_support
XAUUSD.a,15m,-1,0.23,2021-04-23 13:00:00,1786.3557896481148,2021-04-23 14:30:00,1789.258950084803,1788.966853593338,1781.5662928133238,stop,6,-66.77269004383015,-5.52,-1.1982193036953754,0.0,-66.77269004383015,-86.28300258932929,-1.1118687621570034,1.4799370804205765,0.431161270551891,bounce_resistance
XAUUSD.a,15m,1,0.28,2021-04-27 02:15:00,1781.1641797660916,2021-04-27 03:00:00,1781.975280172414,1779.0448257818919,1781.975280172414,target,3,22.710811377025497,-6.720000000000001,-0.0,0.0,22.710811377025497,29.1414566063484,0.38271115272355505,0.6719876795991457,0.5312091525538523,bounce_support
XAUUSD.a,15m,1,0.29,2021-04-27 03:45:00,1780.954945561531,2021-04-27 04:00:00,1781.9042887931034,1778.892882169673,1781.9042887931034,target,1,27.53095371559834,-6.959999999999999,-0.0,0.0,27.53095371559834,35.33958938642219,0.4603850857935526,0.836514322664296,1.525197746532318,bounce_support
XAUUSD.a,15m,-1,0.29,2021-04-27 07:45:00,1781.121444711915,2021-04-27 08:45:00,1783.4584786697742,1783.1741093451571,1777.101781309686,stop,4,-67.7739847779153,-6.959999999999999,-1.2867104138960286,0.0,-67.7739847779153,-86.90197948161318,-1.138536670828637,1.0077414764134203,0.5024906140103375,bounce_resistance
XAUUSD.a,15m,1,0.24,2021-04-27 14:45:00,1780.166569354143,2021-04-27 14:45:00,1781.8407933194155,1777.6653903253418,1781.8407933194155,target,0,40.18137516654315,-5.76,-0.0,0.0,40.18137516654315,51.60522349067355,0.6693739016655554,0.12656805070636304,1.0168926800399147,bounce_support
XAUUSD.a,15m,1,0.15,2021-04-27 16:30:00,1782.2137416667272,2021-04-27 16:30:00,1778.1288465862506,1778.2094590863414,1789.3410818273173,stop,0,-61.27342620714899,-3.5999999999999996,-1.209187501361421,0.0,-61.27342620714899,-78.85085989492586,-1.020131571254669,1.1022552924579168,0.0,bounce_support
XAUUSD.a,15m,1,0.16,2021-04-27 17:45:00,1779.8980112826205,2021-04-27 21:00:00,1776.316530363307,1776.3789685141028,1785.2655118110235,stop,13,-57.30369470901496,-3.84,-0.9990104127307046,0.0,-57.30369470901496,-73.79266590562742,-1.0177429360490673,1.2241997514668441,0.5177512287374162,bounce_support
XAUUSD.a,15m,-1,0.33,2021-04-28 02:30:00,1776.0265609244072,2021-04-28 02:45:00,1775.6956874999998,1777.8193329860355,1775.4556874999998,target,1,10.91882300544421,-7.92,-0.0,0.0,10.91882300544421,14.0572430999359,0.18455967241417448,0.1357891952932539,0.42758415350974954,bounce_resistance
XAUUSD.a,15m,-1,0.24,2021-04-28 14:45:00,1767.0023509411722,2021-04-28 15:45:00,1769.7123563130008,1769.4008602526674,1762.438279494665,stop,4,-65.0401289238871,-5.76,-1.7159054480018772,0.0,-65.0401289238871,-83.95199479029739,-1.1298706904494884,1.1955963835887968,1.8312836727884476,bounce_resistance
XAUUSD.a,15m,1,0.19,2021-04-28 20:15:00,1774.870522193411,2021-04-28 21:00:00,1771.7452819537102,1771.8126084800901,1780.1447830398195,stop,3,-59.37956455431549,-4.56,-1.2792040012186772,0.0,-59.37956455431549,-76.1901618691176,-1.0220171439392294,1.5110047655311893,0.4445769024373794,bounce_support
XAUUSD.a,15m,1,0.3,2021-04-29 08:15:00,1784.765454871637,2021-04-29 09:00:00,1782.7808212912478,1782.826146739309,1787.847706521382,stop,3,-59.539007411678995,-7.199999999999999,-1.3597634418385114,0.0,-59.539007411678995,-76.46636709564105,-1.0233719682322155,1.8952402717070758,0.559243325123835,bounce_support
XAUUSD.a,15m,1,0.27,2021-04-29 11:30:00,1777.4679384349051,2021-04-29 12:30:00,1775.2465985023944,1775.3017129614475,1779.8214285714287,stop,4,-59.97617817779088,-6.4799999999999995,-1.4880903944333947,0.0,-59.97617817779088,-77.1001133536327,-1.025442623461148,1.3239334824770281,0.40718825251688184,bounce_support
XAUUSD.a,15m,-1,0.2,2021-04-29 12:45:00,1775.8230672396337,2021-04-29 12:45:00,1775.7934586466165,1778.644291492246,1775.5534586466165,target,0,0.592171860344024,-4.8,-0.0,0.0,0.592171860344024,0.7612441963543181,0.010494944877134139,0.2753885160482298,0.4228898991382306,bounce_resistance
XAUUSD.a,15m,-1,0.27,2021-04-29 13:15:00,1775.3007926709085,2021-04-29 15:00:00,1777.763538033978,1777.4625924455738,1771.0948151088521,stop,7,-66.49412480287424,-6.4799999999999995,-1.6455308869090322,0.0,-66.49412480287424,-85.3155991260784,-1.1392106669317907,1.2994761873940548,1.4528601157777365,bounce_resistance
XAUUSD.a,15m,-1,0.17,2021-04-29 15:45:00,1780.2632449082303,2021-04-29 16:00:00,1774.0904076360173,1783.5397961819913,1773.8504076360173,target,1,104.93823362762056,-4.08,-0.0,0.0,104.93823362762056,135.0486894209057,1.8839434382259597,0.35304043645928346,2.5402455853151675,bounce_resistance
XAUUSD.a,15m,-1,0.1,2021-04-29 19:15:00,1768.1120033418856,2021-04-29 21:45:00,1773.8009921196492,1773.486667252734,1757.5366654945324,stop,10,-56.88988777763598,-2.4,-0.7432486691529676,0.0,-56.88988777763598,-73.16462752409586,-1.0584827018264058,1.1196972979031623,0.1343346028443206,bounce_resistance
XAUUSD.a,15m,-1,0.29,2021-04-30 09:45:00,1772.5276605451775,2021-04-30 10:45:00,1768.6677048652775,1774.4761475673613,1768.4277048652775,target,4,111.93871471709825,-6.959999999999999,-0.0,0.0,111.93871471709825,144.10978258033143,1.981001482665138,0.34505718907433724,2.190243248525395,bounce_resistance
XAUUSD.a,15m,-1,0.21,2021-04-30 11:30:00,1771.7409329128163,2021-04-30 15:15:00,1766.583554713562,1774.498222643219,1766.343554713562,target,15,108.30494218433932,-5.04,-0.0,0.0,108.30494218433932,139.6060044397831,1.8704520393296602,0.26441439183732174,2.1292404813618306,bounce_resistance
XAUUSD.a,15m,-1,0.16,2021-04-30 17:45:00,1771.3137067959758,2021-05-03 06:30:00,1775.2585408791322,1774.9769850398318,1764.223064516129,stop,47,-63.11734533050185,-3.84,-0.6648934288061604,4.8368,-58.28054533050185,-75.44700160589001,-0.994337268610592,1.1182042234696592,1.5569952420464122,bounce_resistance
XAUUSD.a,15m,1,0.14,2021-05-03 19:30:00,1793.6015948202487,2021-05-04 04:15:00,1789.4453595719356,1789.4862736046477,1800.9574527907043,stop,31,-58.187293476383736,-3.3600000000000003,-0.5727964579712974,-11.608800000000002,-69.79609347638373,-90.15137169034723,-1.2114328352823658,1.17648041710438,0.20129781767968327,bounce_support
XAUUSD.a,15m,-1,0.19,2021-05-04 15:30:00,1786.1533202405853,2021-05-04 15:45:00,1789.422356554142,1789.1121311749573,1782.50875,stop,1,-62.11168995757589,-4.56,-1.3342822045082787,0.0,-62.11168995757589,-80.55259568855732,-1.1048479899749004,1.0195581354558714,0.07885608298753831,bounce_resistance
XAUUSD.a,15m,-1,0.18,2021-05-04 16:30:00,1790.180401613686,2021-05-04 16:45:00,1793.5604079560155,1793.2426673465066,1784.264665306987,stop,1,-60.84011416193243,-4.32,-1.399330971159633,0.0,-60.84011416193243,-78.91577166085015,-1.103759972919237,1.5934601409719846,0.5095578731009708,bounce_resistance
XAUUSD.a,15m,1,0.12,2021-05-04 18:15:00,1777.8327572097176,2021-05-04 19:00:00,1773.0077259430611,1773.1562143485367,1786.1575713029267,stop,3,-57.90037519987709,-2.88,-1.78186086570487,0.0,-57.90037519987709,-75.22948768904969,-1.0317517469385542,1.5209434449450203,1.5796375676576324,bounce_support
XAUUSD.a,15m,-1,0.15,2021-05-04 23:15:00,1779.2366147584664,2021-05-05 06:30:00,1783.238519409484,1782.9553527758385,1772.9816666666666,stop,25,-60.02856976526459,-3.5999999999999996,-0.6474995046832362,13.603499999999999,-46.425069765264595,-60.02103450026452,-0.8322728400224336,1.1061239652585972,0.6874952595539554,bounce_resistance
XAUUSD.a,15m,1,0.21,2021-05-05 22:00:00,1784.8277844382833,2021-05-05 22:00:00,1785.3942171189979,1782.18235236167,1785.3942171189979,target,0,11.895086295005967,-5.04,-0.0,0.0,11.895086295005967,15.353649346885366,0.2141172648967453,0.26754965456890184,0.21630325222688912,bounce_support
XAUUSD.a,15m,1,0.23,2021-05-05 22:15:00,1784.8969855498344,2021-05-05 22:15:00,1785.4207306889352,1782.4701530858365,1785.4207306889352,target,0,12.046138199318648,-5.52,-0.0,0.0,12.046138199318648,15.548620439526355,0.21581429574170163,0.26659670967504373,0.2814427696588145,bounce_support
XAUUSD.a,15m,1,0.3,2021-05-06 01:30:00,1786.959280251779,2021-05-06 02:30:00,1785.0156860621114,1785.0574736221538,1789.9550527556926,stop,4,-58.30782569003077,-7.199999999999999,-1.2536268012746359,0.0,-58.30782569003077,-75.2261975100384,-1.021972559876199,1.261579497307706,0.0739926688806121,bounce_support
XAUUSD.a,15m,1,0.3,2021-05-06 03:45:00,1784.2990903552475,2021-05-06 04:00:00,1782.3756520696609,1782.4237350644698,1787.2425298710602,stop,1,-57.703148567597964,-7.199999999999999,-1.4424898442657899,0.0,-57.703148567597964,-74.40287353181351,-1.0256394055278064,1.2472785113041218,0.6350314794263412,bounce_support
XAUUSD.a,15m,1,0.21,2021-05-06 04:15:00,1784.9734656634532,2021-05-06 05:45:00,1789.3890213593504,1782.280489320325,1789.3890213593504,target,6,92.72666961384084,-5.04,-0.0,0.0,92.72666961384084,120.15896023563668,1.639656325672678,0.19066846419331052,1.8368279948574333,bounce_support
XAUUSD.a,15m,1,0.25,2021-05-06 08:00:00,1788.8480180169681,2021-05-06 09:00:00,1792.4735847574866,1786.6332076212566,1792.4735847574866,target,4,90.63916851296199,-6.0,-0.0,0.0,90.63916851296199,117.02020309977533,1.6369648379556736,0.1706773716161177,1.9830058552804013,bounce_support
XAUUSD.a,15m,1,0.25,2021-05-06 12:45:00,1793.4235965638236,2021-05-06 13:15:00,1791.0816065674987,1791.132236306934,1797.2155273861324,stop,2,-58.549749908121385,-6.0,-1.2657434858780383,0.0,-58.549749908121385,-75.57146717450745,-1.0220959315685723,1.136266789997404,0.16427073614661364,bounce_support
XAUUSD.a,15m,1,0.18,2021-05-06 20:45:00,1815.3119771354413,2021-05-07 06:00:00,1820.7716781311456,1812.1141609344272,1820.7716781311456,target,33,98.27461792267604,-4.32,-0.0,-14.9256,83.34901792267604,107.17925304461595,1.4480197436724969,0.7886560630475207,2.0320188704084665,bounce_support
XAUUSD.a,15m,1,0.18,2021-05-07 12:00:00,1820.8982741443942,2021-05-07 15:00:00,1817.7420573425645,1817.7901834337138,1826.4896331325726,stop,12,-56.81190243293486,-4.32,-0.8662696406857775,0.0,-56.81190243293486,-72.64763360647407,-1.0154841333889855,1.1544946651858463,0.11316460436534646,bounce_support
XAUUSD.a,15m,1,0.1,2021-05-07 20:45:00,1830.6087888258257,2021-05-10 14:00:00,1840.6112814088003,1825.1443592955998,1840.6112814088003,target,65,100.02492582974583,-2.4,-0.0,-8.292,91.73292582974582,116.38575684456066,1.678728315962973,0.18461008971674217,1.8668391856363373,bounce_support
XAUUSD.a,15m,1,0.12,2021-05-10 18:15:00,1838.2065433623982,2021-05-11 03:30:00,1833.5162884313793,1833.5650068737887,1846.569986252423,stop,33,-56.283059172226785,-2.88,-0.584621308913241,-9.9504,-66.23345917222679,-84.6271758413426,-1.1891439277842202,1.1195739546916577,0.804357920435162,bounce_support
XAUUSD.a,15m,-1,0.26,2021-05-11 06:00:00,1836.8645982479636,2021-05-11 13:00:00,1839.3677408924452,1839.0715861819142,1832.526827636172,stop,28,-65.08170875652195,-6.24,-1.460022473804361,0.0,-65.08170875652195,-82.98063082560493,-1.1341895467461391,1.4750428409497438,1.8960675695552949,bounce_resistance
XAUUSD.a,15m,-1,0.15,2021-05-11 21:00:00,1835.2858368952598,2021-05-11 21:00:00,1834.133283898305,1838.9957186776637,1833.893283898305,target,0,17.288294954320236,-3.5999999999999996,-0.0,0.0,17.288294954320236,22.039870672633235,0.31067108456697057,0.07659626947898039,0.4813729924576099,bounce_resistance
XAUUSD.a,15m,-1,0.14,2021-05-11 21:30:00,1834.9595195678517,2021-05-12 03:45:00,1834.2221398305085,1838.9206114609985,1833.9821398305085,target,21,10.32331632280466,-3.3600000000000003,-0.0,12.696600000000002,23.01991632280466,29.425944423884268,0.4151076980031618,0.863519586118729,0.4063322970710147,bounce_resistance
XAUUSD.a,15m,-1,0.24,2021-05-12 09:15:00,1830.4456160194195,2021-05-12 09:30:00,1833.105494171301,1832.8138950554924,1825.5722098890155,stop,1,-63.83707564515498,-5.76,-1.2383787794043157,0.0,-63.83707564515498,-81.75436151472131,-1.1231270096838466,1.543054650620981,0.04881857993021531,bounce_resistance
XAUUSD.a,15m,1,0.13,2021-05-12 17:30:00,1830.712815034815,2021-05-12 17:30:00,1826.3117371115904,1826.4359596638128,1838.4480806723745,stop,0,-57.21401300192042,-3.12,-1.6148931788905898,0.0,-57.21401300192042,-73.83310707297676,-1.0290453011492067,1.8244280804348116,0.0,bounce_support
XAUUSD.a,15m,-1,0.11,2021-05-12 22:00:00,1820.8074926636843,2021-05-12 23:00:00,1819.0551731160897,1825.6889420409268,1818.8151731160897,target,4,19.275515023541175,-2.6399999999999997,-0.0,0.0,19.275515023541175,24.954707314079354,0.3589752575872333,0.1439136785051524,0.9561694289905588,bounce_resistance
XAUUSD.a,15m,-1,0.19,2021-05-13 02:45:00,1817.7259864247712,2021-05-13 04:15:00,1820.9191892380118,1820.604692512323,1812.100614975354,stop,6,-60.67085345157011,-4.56,-1.415437788085338,0.0,-60.67085345157011,-78.3648537884684,-1.109249334987236,1.550701405236288,1.5652818619643611,bounce_resistance
XAUUSD.a,15m,-1,0.16,2021-05-13 04:45:00,1822.6913372563217,2021-05-13 08:45:00,1816.28707735337,1826.086461323315,1816.04707735337,target,16,102.46815844722732,-3.84,-0.0,0.0,102.46815844722732,132.94086308314607,1.886311008546832,0.08207733743441087,1.9797029868997171,bounce_resistance
XAUUSD.a,15m,-1,0.28,2021-05-13 09:15:00,1819.0336426869917,2021-05-13 09:45:00,1821.3186108522614,1821.0239252458962,1815.1621495082074,stop,2,-63.97910862755089,-6.720000000000001,-1.5311969782255568,0.0,-63.97910862755089,-82.74801291749773,-1.1480621960167288,1.5356399016482067,0.13748936590306496,bounce_resistance
XAUUSD.a,15m,-1,0.26,2021-05-13 10:00:00,1821.6036470055835,2021-05-13 10:45:00,1817.7475418541344,1823.736229072933,1817.5075418541344,target,3,100.25873393767733,-6.24,-0.0,0.0,100.25873393767733,130.0811349322435,1.808186053182891,0.3265304557690151,3.579532587494461,bounce_resistance
XAUUSD.a,15m,-1,0.14,2021-05-13 15:45:00,1820.45343306221,2021-05-13 17:45:00,1824.6367504265047,1824.297645014511,1812.8747099709778,stop,8,-58.56644310012553,-3.3600000000000003,-1.3874757679093315,0.0,-58.56644310012553,-75.75336700657793,-1.0882119446589391,1.726379039484902,1.3119549922815903,bounce_resistance
XAUUSD.a,15m,1,0.18,2021-05-13 23:30:00,1826.3427442079392,2021-05-14 04:00:00,1823.2155602060654,1823.2642945104728,1831.6514109790542,stop,14,-56.28931203372713,-4.32,-0.8772174793320029,-14.9256,-71.21491203372713,-92.19474915038984,-1.2851871528483825,1.1183370028013035,0.28171835738444523,bounce_support
XAUUSD.a,15m,1,0.22,2021-05-14 14:30:00,1834.2280724905572,2021-05-14 14:30:00,1836.2340213523132,1831.6520307282358,1836.2340213523132,target,0,44.13087495863192,-5.279999999999999,-0.0,0.0,44.13087495863192,56.94306446275086,0.7786942320175376,0.10794564537905225,0.8974728373034263,bounce_support
XAUUSD.a,15m,1,0.2,2021-05-14 15:00:00,1835.1696145454296,2021-05-14 15:00:00,1836.226690391459,1832.4327659087105,1836.226690391459,target,0,21.1415169205884,-4.8,-0.0,0.0,21.1415169205884,27.249841359801508,0.3862383296785623,0.20447405746944583,0.9172540347645793,bounce_support
XAUUSD.a,15m,1,0.18,2021-05-14 15:45:00,1834.3003375205205,2021-05-14 16:30:00,1839.760614098023,1831.1346929509884,1839.760614098023,target,3,98.28497839504598,-4.32,-0.0,0.0,98.28497839504598,126.4554615687068,1.7248545936127013,0.3507461106679455,2.1827031834154296,bounce_support
XAUUSD.a,15m,1,0.13,2021-05-14 17:45:00,1835.179960697611,2021-05-14 22:00:00,1842.7955996028622,1830.922200198569,1842.7955996028622,target,17,99.00330576826582,-3.12,-0.0,0.0,99.00330576826582,127.26014932421438,1.788648963924763,0.07279899789593021,1.8577933879016213,bounce_support
XAUUSD.a,15m,1,0.19,2021-05-17 01:00:00,1842.9587523504003,2021-05-17 01:15:00,1847.5358377354198,1840.02708113229,1847.5358377354198,target,1,86.96462231536998,-4.56,-0.0,0.0,86.96462231536998,111.81277539037245,1.5612546716509985,0.2929224618011475,1.7332256148678575,bounce_support
XAUUSD.a,15m,1,0.29,2021-05-17 03:45:00,1845.1140507326093,2021-05-17 04:00:00,1848.4484912040912,1843.1257543979546,1848.4484912040912,target,1,96.69877367297545,-6.959999999999999,-0.0,0.0,96.69877367297545,124.65680100161843,1.6770339578486335,0.7514225654239958,1.7381459730905005,bounce_support
XAUUSD.a,15m,1,0.27,2021-05-17 11:00:00,1853.1154038818074,2021-05-17 12:15:00,1850.9467139559524,1850.9930914603626,1856.5338170792745,stop,5,-58.55462799808516,-6.4799999999999995,-1.2521926190777495,0.0,-58.55462799808516,-75.46477471657536,-1.0218523455555286,1.147523737409695,0.2707405904930168,bounce_support
XAUUSD.a,15m,1,0.28,2021-05-18 02:00:00,1866.076052294162,2021-05-18 03:15:00,1869.3980911931703,1864.0159544034148,1869.3980911931703,target,5,93.01708917223097,-6.720000000000001,-0.0,0.0,93.01708917223097,119.60536090038701,1.612563613568447,0.3669982371021589,1.8222181201671193,bounce_support
XAUUSD.a,15m,1,0.21,2021-05-18 07:00:00,1868.4535096680238,2021-05-18 14:15:00,1865.6811531881672,1865.7300512764587,1873.1098974470829,stop,29,-58.21948607698914,-5.04,-1.0268598541207732,0.0,-58.21948607698914,-74.64323765912681,-1.017954409894024,1.172593522234253,1.1957187750919755,bounce_support
XAUUSD.a,15m,1,0.39,2021-05-19 02:15:00,1869.0925035167631,2021-05-19 03:45:00,1871.2471094975754,1867.5914452512122,1871.2471094975754,target,6,84.02963325167661,-9.36,-0.0,0.0,84.02963325167661,107.8464413620779,1.4353913037622492,0.7078362919997768,1.5172605457795953,bounce_support
XAUUSD.a,15m,-1,0.17,2021-05-20 03:45:00,1869.6252583390815,2021-05-20 05:00:00,1873.29065453015,1872.9573619140506,1863.3219852941177,stop,5,-62.31173524816564,-4.08,-1.5859744736927035,0.0,-62.31173524816564,-80.57690897450685,-1.1000246866883667,1.2348780787694116,1.3250663551544601,bounce_resistance
XAUUSD.a,15m,-1,0.14,2021-05-20 05:30:00,1872.140905264895,2021-05-20 06:00:00,1876.6596918513,1876.3338718750292,1864.1122562499415,stop,2,-63.2630122096698,-3.3600000000000003,-1.2014796677914887,0.0,-63.2630122096698,-81.74466308701246,-1.0777063131109519,1.0539303424034407,0.0,bounce_resistance
XAUUSD.a,15m,1,0.16,2021-05-20 10:00:00,1871.4674780346718,2021-05-20 12:30:00,1867.752986669499,1867.825955118936,1877.5880897621278,stop,10,-59.43186184276419,-3.84,-1.1674951909915132,0.0,-59.43186184276419,-76.7427163756107,-1.0200378937948387,1.3888359765133675,1.3517756387189201,bounce_support
XAUUSD.a,15m,-1,0.15,2021-05-20 16:30:00,1871.914749153513,2021-05-20 16:45:00,1876.0545905952918,1875.7272626305419,1864.4554747389163,stop,1,-62.097621626681985,-3.5999999999999996,-1.3099194712490385,0.0,-62.097621626681985,-79.90018094247479,-1.0858562118460942,1.7351416293595028,0.5704239910537251,bounce_resistance
XAUUSD.a,15m,-1,0.14,2021-05-20 17:00:00,1877.0702826884883,2021-05-20 19:00:00,1881.2931789727138,1880.9709321583314,1869.4481356833376,stop,8,-59.12054797915699,-3.3600000000000003,-1.1514554013528746,0.0,-59.12054797915699,-76.10291301944646,-1.082613630595058,1.2125461024063588,0.2923314943585833,bounce_resistance
XAUUSD.a,15m,1,0.24,2021-05-21 02:45:00,1875.5108806772255,2021-05-21 04:00:00,1873.0852139144831,1873.1363134865246,1879.4473730269508,stop,5,-58.2160023058168,-5.76,-1.226389728996939,0.0,-58.2160023058168,-75.01192169183575,-1.0215195309029816,1.0826733761391758,0.5007730787451757,bounce_support
XAUUSD.a,15m,1,0.27,2021-05-21 04:15:00,1874.274647354121,2021-05-21 04:15:00,1872.1572894060675,1872.209260437249,1877.671479125502,stop,0,-57.16866459744438,-6.4799999999999995,-1.4032178418985954,0.0,-57.16866459744438,-73.66241621132136,-1.0251628548418164,1.0625841270674932,0.0,bounce_support
XAUUSD.a,15m,-1,0.24,2021-05-21 11:15:00,1876.2690111237466,2021-05-21 12:30:00,1878.9104470551567,1878.6231267339251,1871.6537465321496,stop,5,-63.394462353842755,-5.76,-1.1356877095594873,0.0,-63.394462353842755,-81.63813678008931,-1.122050217070619,1.6146143629560787,0.5518043031234563,bounce_resistance
XAUUSD.a,15m,1,0.13,2021-05-21 17:00:00,1877.4581656689224,2021-05-21 17:30:00,1873.2804010515954,1873.379716342778,1884.7205673144442,stop,2,-54.31094002525174,-3.12,-1.2910987853754399,0.0,-54.31094002525174,-70.2036400626299,-1.0243512382380162,1.6864658890894682,0.309390709598556,bounce_support
XAUUSD.a,15m,1,0.13,2021-05-21 18:00:00,1874.3554649122784,2021-05-21 19:15:00,1870.0580739928737,1870.1577746799237,1881.8944506401524,stop,5,-55.86608195226154,-3.12,-1.2961089316489272,0.0,-55.86608195226154,-72.35883009605546,-1.0237513207338527,1.0161457077993503,0.6228508877499922,bounce_support
XAUUSD.a,15m,1,0.23,2021-05-24 02:30:00,1881.884848521194,2021-05-24 04:30:00,1885.7657044802543,1879.5321477598727,1885.7657044802543,target,8,89.25968705838523,-5.52,-0.0,0.0,89.25968705838523,115.56596845862116,1.649532325938744,0.9031529024544075,1.7321163599731633,bounce_support
XAUUSD.a,15m,1,0.25,2021-05-24 07:00:00,1883.7510633411416,2021-05-24 09:45:00,1881.444141968538,1881.4905884731688,1887.4588230536624,stop,11,-57.673034315092764,-6.0,-1.16116261577584,0.0,-57.673034315092764,-74.55631092378356,-1.0205472333663126,1.0356511254827698,1.1143395994122982,bounce_support
XAUUSD.a,15m,1,0.2,2021-05-24 21:00:00,1883.3067186736723,2021-05-25 01:00:00,1879.9600511758276,1880.598686802254,1886.4402838427948,stop_gap,12,-66.93334995689384,-4.8,-0.7989764834482777,-16.584,-83.51734995689384,-107.7226234449811,-1.542030410320659,1.2210781965207744,0.2560092935555306,bounce_support
XAUUSD.a,15m,-1,0.28,2021-05-25 06:15:00,1879.7848020005147,2021-05-25 08:30:00,1876.1406151713256,1881.794692414337,1875.9006151713256,target,9,102.0372312172931,-6.720000000000001,-0.0,0.0,102.0372312172931,131.60151056592906,1.8131271258011197,0.11204491445731925,2.8781678646415116,bounce_resistance
XAUUSD.a,15m,1,0.23,2021-05-25 14:45:00,1880.7292229136247,2021-05-25 16:45:00,1884.8829130483732,1878.2785434758134,1884.8829130483732,target,8,95.53487309921684,-5.52,-0.0,0.0,95.53487309921684,123.1659143171194,1.694913692367016,0.3546865004919125,2.407812705053583,bounce_support
XAUUSD.a,15m,1,0.34,2021-05-26 02:45:00,1898.8350595966772,2021-05-26 03:45:00,1897.117438049733,1897.1566632816948,1900.8383486238533,stop,4,-58.39913259610285,-8.16,-1.3336578867062747,0.0,-58.39913259610285,-75.33427837474568,-1.0233706613936702,1.1052571911161855,0.8013246879280783,bounce_support
XAUUSD.a,15m,1,0.13,2021-05-26 18:00:00,1900.2656368133992,2021-05-26 20:30:00,1895.964989884247,1896.0549263031876,1907.8301473936249,stop,10,-55.908410078978704,-3.12,-1.1691734462267531,0.0,-55.908410078978704,-72.23588779794915,-1.0213589651253667,1.7635115962949732,1.0768641481299408,bounce_support
XAUUSD.a,15m,-1,0.21,2021-05-26 23:45:00,1896.380785841963,2021-05-27 07:45:00,1899.3045915458658,1899.0212781929524,1890.887443614095,stop,28,-61.39991978196031,-5.04,-0.9095804111826551,6.3483,-55.051619781960305,-71.11969173583823,-0.9928094292416809,1.2343206208553592,1.5946972315163104,bounce_resistance
XAUUSD.a,15m,-1,0.13,2021-05-27 19:45:00,1891.724194666123,2021-05-27 20:30:00,1896.2402365418907,1895.9179795164564,1890.2435943060498,stop,3,-58.708544384980996,-3.12,-1.06934133064633,0.0,-58.708544384980996,-75.83613561322869,-1.0768415731695575,1.5322210278303152,0.20606557011485513,bounce_resistance
XAUUSD.a,15m,-1,0.18,2021-05-27 22:00:00,1897.6860727900648,2021-05-28 08:15:00,1891.8816325661412,1900.7741837169294,1891.6416325661412,target,37,104.47992403062517,-4.32,-0.0,5.4414,109.92132403062517,142.26351050995933,1.9775002804461665,0.3963352479627161,2.615214602496377,bounce_resistance
XAUUSD.a,15m,-1,0.25,2021-05-28 10:15:00,1890.6567658179817,2021-05-28 11:30:00,1893.144850889179,1892.8512975837925,1886.367404832415,stop,5,-62.20212677993118,-6.0,-1.3388326346629755,0.0,-62.20212677993118,-80.46014226203133,-1.1337658036943534,1.8788673949747432,0.937223078756374,bounce_resistance
XAUUSD.a,15m,-1,0.24,2021-05-28 13:15:00,1893.0091883908842,2021-05-28 15:00:00,1888.8047975328939,1895.277601233553,1888.5647975328939,target,7,100.90538059176833,-5.76,-0.0,0.0,100.90538059176833,131.3752400064686,1.853450473787597,0.5866708140966064,4.743046851306837,bounce_resistance
XAUUSD.a,15m,-1,0.14,2021-05-28 16:00:00,1893.0169804802977,2021-05-28 16:00:00,1897.1379624744425,1896.803433194889,1885.183133610222,stop,0,-57.69374791802739,-3.3600000000000003,-1.323409913748664,0.0,-57.69374791802739,-74.8686061744451,-1.0883489917262856,1.276397695679075,0.7545269136170568,bounce_resistance
XAUUSD.a,15m,1,0.2,2021-05-28 23:15:00,1904.0912069106555,2021-05-31 05:30:00,1908.6715134552169,1901.3792432723915,1908.6715134552169,target,21,91.60613089122762,-4.8,-0.0,-16.584,75.02213089122762,97.07330222455828,1.3831699258927126,0.6346718246404606,2.049729948777216,bounce_support
XAUUSD.a,15m,1,0.26,2021-05-31 09:45:00,1903.7941225887816,2021-06-01 01:00:00,1907.1885796768152,1901.6857101615924,1907.1885796768152,target,41,88.25588428887113,-6.24,-0.0,-21.5592,66.69668428887113,86.13359026896599,1.216677086016458,0.8319636927582167,2.1276090737135815,bounce_support
XAUUSD.a,15m,1,0.27,2021-06-01 07:00:00,1911.6797837766471,2021-06-01 09:30:00,1915.2307415574637,1909.6346292212681,1915.2307415574637,target,10,95.8758600820479,-6.4799999999999995,-0.0,0.0,95.8758600820479,123.80983507069901,1.736278449703066,0.889802568642547,2.20042842802118,bounce_support
XAUUSD.a,15m,1,0.2,2021-06-01 12:45:00,1907.9735683094643,2021-06-01 13:30:00,1905.0264479794832,1905.091288090212,1912.8874238195763,stop,3,-58.94240659962179,-4.8,-1.296802214574002,0.0,-58.94240659962179,-76.21205921854383,-1.0224961161984203,1.1912680406747471,0.1826441742268287,bounce_support
XAUUSD.a,15m,-1,0.15,2021-06-01 20:45:00,1902.779793369745,2021-06-02 08:30:00,1895.6495929825962,1906.5702035087018,1895.4095929825962,target,43,106.95300580723142,-3.5999999999999996,-0.0,13.603499999999999,120.55650580723142,155.68132674814873,2.120377503359261,0.24277231131202126,2.012920261933677,bounce_resistance
XAUUSD.a,15m,-1,0.2,2021-06-02 10:45:00,1900.3397696613172,2021-06-02 14:00:00,1894.9865056018182,1903.1517471990908,1894.7465056018182,target,13,107.06528118997994,-4.8,-0.0,0.0,107.06528118997994,138.54023782039562,1.903736423064558,0.06053758836836026,2.030517521785687,bounce_resistance
XAUUSD.a,15m,-1,0.23,2021-06-02 15:00:00,1901.087098564673,2021-06-02 15:00:00,1903.8919257651728,1903.587573612182,1896.424852775636,stop,0,-64.51102561149673,-5.52,-1.4800995187897292,0.0,-64.51102561149673,-83.38097378988579,-1.1217177325140462,1.3489042566879768,0.12281608847842426,bounce_resistance
XAUUSD.a,15m,1,0.36,2021-06-03 02:45:00,1908.7404263908252,2021-06-03 04:00:00,1907.1217621895914,1907.1544251094183,1908.809917012448,stop,5,-58.271911244414696,-8.64,-1.1758651137648954,0.0,-58.271911244414696,-75.259481381948,-1.0205945103637546,1.3369638572702411,0.5608908514789,bounce_support
XAUUSD.a,15m,1,0.29,2021-06-03 07:15:00,1904.7545666064104,2021-06-03 08:30:00,1902.7501139649962,1902.7869551022288,1907.8960897955424,stop,5,-58.129126601012324,-6.959999999999999,-1.068392979744012,0.0,-58.129126601012324,-75.17507481540552,-1.0187237862526817,2.0809832620456343,0.0,bounce_support
XAUUSD.a,15m,-1,0.11,2021-06-03 19:30:00,1869.8559772691128,2021-06-04 04:45:00,1860.493705904452,1874.813147047774,1860.253705904452,target,33,102.98498501126801,-2.6399999999999997,-0.0,3.3253,106.31028501126801,138.86422536315166,1.9496147592650956,0.8480691440071129,2.8859163409522335,bounce_resistance
XAUUSD.a,15m,1,0.2,2021-06-04 21:15:00,1890.589337051987,2021-06-07 04:15:00,1887.7457821391706,1887.7887244959777,1895.3525510080444,stop,24,-56.87109825632888,-4.8,-0.8588471361402648,-16.584,-73.45509825632888,-95.0014204039432,-1.3114112856973765,1.1102346325325316,0.5751109501230154,bounce_support
XAUUSD.a,15m,1,0.29,2021-06-07 04:30:00,1889.1393405065946,2021-06-07 04:30:00,1887.1228445699226,1887.1668553298148,1892.27628934037,stop,0,-58.47838216349009,-6.959999999999999,-1.2763120368745746,0.0,-58.47838216349009,-75.63163756271351,-1.0223123399913534,1.0998006637170907,0.0,bounce_support
XAUUSD.a,15m,1,0.27,2021-06-07 04:45:00,1887.3678304704094,2021-06-07 05:00:00,1885.2013677132027,1885.2449101541301,1891.02017969174,stop,1,-58.49449444458288,-6.4799999999999995,-1.1756459050419976,0.0,-58.49449444458288,-75.63975850488521,-1.0205106336745513,1.1483381885392647,0.005732447655875016,bounce_support
XAUUSD.a,15m,1,0.29,2021-06-07 05:15:00,1885.509169130098,2021-06-07 06:15:00,1888.630384950721,1883.5448075246395,1888.630384950721,target,4,90.51525879806968,-6.959999999999999,-0.0,0.0,90.51525879806968,117.01129685876943,1.588921210814808,0.2032055243743504,1.6294509427428805,bounce_support
XAUUSD.a,15m,1,0.31,2021-06-07 08:15:00,1885.1478955034297,2021-06-07 09:00:00,1883.241602531462,1883.2904344307155,1888.0591311385692,stop,3,-59.09508213100139,-7.4399999999999995,-1.5137888768645165,0.0,-59.09508213100139,-76.38773833536024,-1.0262895949589261,1.3663250017516575,1.126324813641061,bounce_support
XAUUSD.a,15m,-1,0.24,2021-06-07 14:15:00,1886.0249454473137,2021-06-07 16:00:00,1888.704469265709,1888.4033655179978,1881.3732689640042,stop,7,-64.30857164148438,-5.76,-1.4664899450634459,0.0,-64.30857164148438,-82.87080274930011,-1.126598220147234,1.9698179520233963,0.6033187597937881,bounce_resistance
XAUUSD.a,15m,1,0.27,2021-06-07 23:15:00,1899.8476454860447,2021-06-08 04:15:00,1903.2719688735665,1897.7340155632166,1903.2719688735665,target,16,92.45673146308809,-6.4799999999999995,-0.0,-22.3884,70.06833146308809,90.3955871442056,1.2278040538191606,0.8410391369110918,1.6381082026519347,bounce_support
XAUUSD.a,15m,1,0.33,2021-06-08 05:00:00,1898.2676322120901,2021-06-08 05:45:00,1896.5275136952957,1896.568775814444,1900.862448371112,stop,3,-57.423911054214614,-7.92,-1.3616499318959163,0.0,-57.423911054214614,-74.12788972480135,-1.0242881736240255,1.3230266049587551,0.4193219561682512,bounce_support
XAUUSD.a,15m,1,0.22,2021-06-08 09:15:00,1896.221525039762,2021-06-08 10:15:00,1893.6198897065808,1893.672835570048,1900.5043288599043,stop,4,-57.23597732998405,-5.279999999999999,-1.1648089962786699,0.0,-57.23597732998405,-73.90914028742404,-1.0207737600426747,1.126667282885686,0.8194309212853744,bounce_support
XAUUSD.a,15m,-1,0.24,2021-06-08 14:45:00,1897.469463829518,2021-06-08 14:45:00,1900.0910081089305,1899.7902038532077,1892.9495922935846,stop,0,-62.91706270590112,-5.76,-1.4593021373492356,0.0,-62.91706270590112,-81.18644941855958,-1.129615662526722,1.1421081824873538,0.4091211509372073,bounce_resistance
XAUUSD.a,15m,-1,0.24,2021-06-08 22:15:00,1892.9622129543015,2021-06-09 01:00:00,1891.63,1895.2869266278612,1891.8786051502145,target_gap,7,31.973110903234556,-5.76,-0.0,21.7656,53.738710903234555,69.4594735523344,0.9631779516626732,0.2958588206027857,0.8741777438722916,bounce_resistance
XAUUSD.a,15m,-1,0.37,2021-06-09 01:45:00,1893.05315591295,2021-06-09 01:45:00,1892.7558154506437,1894.571400265749,1892.5158154506437,target,0,11.001597105330802,-8.879999999999999,-0.0,0.0,11.001597105330802,14.220012544535528,0.1958449321797691,0.09671966622460616,0.6541476087950053,bounce_resistance
XAUUSD.a,15m,-1,0.31,2021-06-09 02:15:00,1892.8328140269823,2021-06-09 02:15:00,1894.9019976203701,1894.6212186608436,1892.606845493562,stop,0,-64.14469139502285,-7.4399999999999995,-1.2641477453214067,0.0,-64.14469139502285,-82.90855572720355,-1.1569996824042494,1.1838405766409552,0.018348211786670673,bounce_resistance
XAUUSD.a,15m,-1,0.33,2021-06-09 02:30:00,1893.494113025055,2021-06-09 04:00:00,1895.4826153371473,1895.2032675224784,1892.6523605150214,stop,6,-65.62057629904757,-7.92,-1.2984778840735085,0.0,-65.62057629904757,-84.76577401897275,-1.163442108416761,1.4720067604992433,0.2247386211334924,bounce_resistance
XAUUSD.a,15m,-1,0.31,2021-06-09 06:00:00,1894.7613729668742,2021-06-09 09:00:00,1892.1275520833333,1896.5677143711027,1891.8875520833333,target,12,81.64844738976853,-7.4399999999999995,-0.0,0.0,81.64844738976853,105.40179617598953,1.4580969452260295,0.8407198271438366,1.9051619803533422,bounce_resistance
XAUUSD.a,15m,-1,0.27,2021-06-09 15:15:00,1890.790153577855,2021-06-09 15:15:00,1893.1550394617855,1892.855269828568,1886.7794603428638,stop,0,-63.85191886611961,-6.4799999999999995,-1.6137800968695113,0.0,-63.85191886611961,-82.42041391762028,-1.145158720780965,1.46231303981186,1.0557050127820196,bounce_resistance
XAUUSD.a,15m,-1,0.41,2021-06-10 02:45:00,1888.6013449455036,2021-06-10 02:45:00,1888.6897802197802,1889.943807314253,1888.4497802197802,target,0,-3.625846245343155,-9.84,-0.0,0.0,-3.625846245343155,-4.691101595693157,-0.06587542141612637,0.12563112264630408,0.2170228024901873,bounce_resistance
XAUUSD.a,15m,-1,0.46,2021-06-10 03:00:00,1888.6481060208248,2021-06-10 03:00:00,1888.6901758241759,1889.8556713851078,1888.4501758241759,target,0,-1.93521095414917,-11.04,-0.0,0.0,-1.93521095414917,-2.5056788602659097,-0.034838530977614766,0.5315604423254385,2.1183996299394643,bounce_resistance
XAUUSD.a,15m,-1,0.27,2021-06-10 04:15:00,1887.9628731826585,2021-06-10 08:30:00,1884.171285699616,1890.019357150192,1883.931285699616,target,17,102.37286204214956,-6.4799999999999995,-0.0,0.0,102.37286204214956,132.3313582323775,1.843723336968257,0.43138037122913725,2.6612768536302203,bounce_resistance
XAUUSD.a,15m,-1,0.11,2021-06-10 16:15:00,1892.2407193656054,2021-06-10 22:00:00,1897.3848698990632,1897.0788682891784,1882.802263421643,stop,23,-56.585655868036156,-2.6399999999999997,-0.7260177087324708,0.0,-56.585655868036156,-72.98737987312475,-1.0632476624259846,1.0787763495589384,1.5358599917006606,bounce_resistance
XAUUSD.a,15m,1,0.27,2021-06-11 02:15:00,1898.8005077384717,2021-06-11 10:00:00,1902.0724514110009,1896.7587742944995,1902.0724514110009,target,31,88.34247915828928,-6.4799999999999995,-0.0,0.0,88.34247915828928,113.73933534818565,1.6025322415073728,0.7153273326562928,1.772754554329483,bounce_support
XAUUSD.a,15m,1,0.24,2021-06-11 10:45:00,1900.400954861715,2021-06-11 11:00:00,1898.051524641331,1898.102097484434,1902.786460176991,stop,1,-56.386325289215165,-5.76,-1.213748234470175,0.0,-56.386325289215165,-72.6506194699537,-1.0219991216517486,1.9666095454176749,0.23448394128849712,bounce_support
XAUUSD.a,15m,-1,0.19,2021-06-11 22:30:00,1876.398088873421,2021-06-14 01:45:00,1874.5158823529412,1879.2656584120145,1874.2758823529412,target,9,35.76192388911886,-4.56,-0.0,5.7437000000000005,41.505623889118866,53.84885945291635,0.7617972262152887,0.41565203930972644,1.05597748639306,bounce_resistance
XAUUSD.a,15m,-1,0.22,2021-06-14 08:00:00,1865.4478139073797,2021-06-14 09:15:00,1860.7018691312933,1868.0040654343534,1860.4618691312933,target,5,104.41078507390057,-5.279999999999999,-0.0,0.0,104.41078507390057,135.47350504586754,1.856603204343122,0.2668697056694048,2.2563561709469147,bounce_resistance
XAUUSD.a,15m,-1,0.11,2021-06-14 16:45:00,1862.660618908094,2021-06-14 17:00:00,1868.1567799268826,1867.798091977442,1852.533816045116,stop,1,-60.45777120667458,-2.6399999999999997,-1.3055674438453995,0.0,-60.45777120667458,-78.31723302590106,-1.0698179717146534,1.0743377176683673,0.2473237116657247,bounce_resistance
XAUUSD.a,15m,1,0.13,2021-06-14 20:30:00,1864.3798636716756,2021-06-15 04:30:00,1860.242790494357,1860.298076541884,1871.373846916232,stop,28,-53.781951305141774,-3.12,-0.7187186178518599,-10.7796,-64.56155130514178,-83.87558144432694,-1.216690880587935,1.337615975077644,0.8379016885427363,bounce_support
XAUUSD.a,15m,1,0.21,2021-06-15 11:15:00,1864.3881894986766,2021-06-15 15:30:00,1861.6332303204422,1861.7046294449724,1868.920741110055,stop,17,-57.854142742923614,-5.04,-1.4993816151356696,0.0,-57.854142742923614,-75.23197714324081,-1.0266061213840403,1.206676740550943,1.208026068523658,bounce_support
XAUUSD.a,15m,1,0.14,2021-06-15 17:15:00,1861.9372430623107,2021-06-15 17:15:00,1858.0622741387772,1858.148138732243,1868.6237225355142,stop,0,-54.24956492946922,-3.3600000000000003,-1.2021043085221688,0.0,-54.24956492946922,-70.63101661237806,-1.0226609208895425,1.1393835287279492,0.0,bounce_support
XAUUSD.a,15m,-1,0.22,2021-06-15 22:00:00,1857.4198965302785,2021-06-16 01:30:00,1860.1584494067765,1859.877275197344,1852.565449605312,stop,10,-60.24816328295674,-5.279999999999999,-0.9058326075161842,19.9518,-40.29636328295674,-52.42553507878427,-0.7453685917625741,1.1150513783020921,0.3173692930319526,bounce_resistance
XAUUSD.a,15m,1,0.25,2021-06-16 13:30:00,1858.5104198507925,2021-06-16 13:45:00,1856.2915655497718,1856.339700341947,1859.8887872340424,stop,1,-55.471357525516396,-6.0,-1.203369804378592,0.0,-55.471357525516396,-71.99864692779077,-1.0221745794328054,1.6402026315625433,0.0,bounce_support
XAUUSD.a,15m,-1,0.25,2021-06-16 17:00:00,1858.9118844024003,2021-06-16 17:00:00,1861.439213532404,1861.1270401360043,1854.6259197279915,stop,0,-63.183228250090906,-6.0,-1.8043349099883748,0.0,-63.183228250090906,-81.96991249476642,-1.1409261622846547,1.199967820445261,1.5537889053066698,bounce_resistance
XAUUSD.a,15m,-1,0.18,2021-06-16 17:30:00,1858.220378897988,2021-06-16 20:45:00,1861.438731147593,1861.1336649037544,1852.1826701924915,stop,13,-57.93034049289008,-4.32,-1.1711923890934781,0.0,-57.93034049289008,-75.18245946671782,-1.1047155147949013,1.7092798620374652,1.1088437220355107,bounce_resistance
XAUUSD.a,15m,-1,0.08,2021-06-17 20:15:00,1773.6113972390722,2021-06-17 21:00:00,1780.2616387999722,1779.8856294345794,1761.3587411308413,stop,3,-53.20193248719988,-1.92,-1.0880749231426121,0.0,-53.20193248719988,-70.4512056878011,-1.059929144104994,1.1090763848221263,0.0416620282652982,bounce_resistance
XAUUSD.a,15m,-1,0.13,2021-06-18 01:30:00,1776.2547601436388,2021-06-18 04:15:00,1780.4985523577266,1780.1806779352628,1768.2986441294745,stop,11,-55.1692987831409,-3.12,-1.0123674920300192,0.0,-55.1692987831409,-73.036126379312,-1.0809681810306788,1.4812434098258613,0.6634780150506498,bounce_resistance
XAUUSD.a,15m,-1,0.14,2021-06-18 05:30:00,1783.8384613379844,2021-06-18 10:30:00,1787.8799237013798,1787.5711575758148,1776.5276848483707,stop,20,-56.58047308753476,-3.3600000000000003,-0.9627257579083139,0.0,-56.58047308753476,-75.04340104717,-1.082719328306343,1.6480148048669296,0.45502265112565005,bounce_resistance
XAUUSD.a,15m,1,0.18,2021-06-18 14:00:00,1791.9199946554581,2021-06-18 15:15:00,1788.9087632868666,1789.0093609989685,1796.8712780020633,stop,5,-54.20216463464794,-4.32,-1.8107588178338068,0.0,-54.20216463464794,-72.16947783693004,-1.034562134563946,4.954245830047016,0.8726640464967649,bounce_support
XAUUSD.a,15m,-1,0.13,2021-06-21 02:30:00,1768.3446635440384,2021-06-21 03:30:00,1772.463929874442,1772.1463219876741,1760.7573560246515,stop,4,-53.5504622952476,-3.12,-1.0089025279833508,0.0,-53.5504622952476,-71.33308773727218,-1.083544561268958,1.279793155565198,0.20903075744977095,bounce_resistance
XAUUSD.a,15m,1,0.12,2021-06-21 14:45:00,1782.8796307022224,2021-06-21 15:15:00,1778.6932929255684,1778.7770234511468,1783.846113445378,stop,2,-50.236053319848,-2.88,-1.0047663069414354,0.0,-50.236053319848,-66.89399627133612,-1.0204091009580434,2.108325309461351,0.14390100286175103,bounce_support
XAUUSD.a,15m,1,0.1,2021-06-21 17:00:00,1775.4367163683046,2021-06-21 17:30:00,1782.4274789915967,1770.4727574853407,1782.4274789915967,target,2,69.90762623292085,-2.4,-0.0,0.0,69.90762623292085,92.88939028278459,1.4083038937498293,0.40224272911630843,1.616307431399373,bounce_support
XAUUSD.a,15m,1,0.11,2021-06-21 20:00:00,1783.4450713240299,2021-06-22 10:00:00,1778.7969782739285,1778.8645408855743,1791.6909182288516,stop,52,-51.12902355111487,-2.6399999999999997,-0.7431887281045252,-9.1212,-60.25022355111487,-80.29294964033538,-1.1957770227039903,1.3153654156397974,1.446323469515875,bounce_support
XAUUSD.a,15m,1,0.14,2021-06-22 10:15:00,1779.8852530453046,2021-06-22 11:15:00,1776.3520267681556,1776.4225892041306,1785.9548215917384,stop,4,-49.46516788008558,-3.3600000000000003,-0.9878741036502566,0.0,-49.46516788008558,-65.95883388015785,-1.0203780786156569,1.0036356991923003,0.5731849944817135,bounce_support
XAUUSD.a,15m,-1,0.14,2021-06-22 19:30:00,1779.6549045042107,2021-06-23 06:00:00,1783.5346176551252,1783.2467132757324,1773.3371527777776,stop,38,-54.31598411280357,-3.3600000000000003,-0.6706613114994772,12.696600000000002,-41.619384112803566,-55.14765547814807,-0.8276646503246432,1.0148356239591676,1.2625684697265918,bounce_resistance
XAUUSD.a,15m,1,0.15,2021-06-23 16:00:00,1782.6977942139304,2021-06-23 16:30:00,1788.7659644461683,1779.247017776916,1788.7659644461683,target,2,91.02255348356834,-3.5999999999999996,-0.0,0.0,91.02255348356834,119.79331361431944,1.7584941658776596,0.3934749870684791,2.4580571766650046,bounce_support
XAUUSD.a,15m,1,0.17,2021-06-23 20:15:00,1782.0414147607462,2021-06-23 21:30:00,1778.896519004255,1778.9659236848615,1787.318152630277,stop,5,-53.463227860350806,-4.08,-1.1798795703133742,0.0,-53.463227860350806,-70.59342945090819,-1.0225670238976725,1.5644378871631694,0.5815608613786184,bounce_support
XAUUSD.a,15m,1,0.19,2021-06-23 21:45:00,1780.456650516566,2021-06-23 21:45:00,1777.6964852438036,1777.7664610186528,1784.9470779626947,stop,0,-52.443140182485195,-4.56,-1.329539722131944,0.0,-52.443140182485195,-69.2464945499844,-1.0260114668142917,1.0172705375174405,0.0,bounce_support
XAUUSD.a,15m,-1,0.2,2021-06-24 03:15:00,1777.0633595985153,2021-06-24 04:00:00,1779.9277507393276,1779.6348451478214,1772.1803097043576,stop,3,-57.28782281624717,-4.8,-1.0581118301238615,0.0,-57.28782281624717,-75.61551017165225,-1.113905206111428,1.1303351100958419,0.0674161278339453,bounce_resistance
XAUUSD.a,15m,-1,0.21,2021-06-24 05:00:00,1777.503323934489,2021-06-24 11:15:00,1780.2327150576323,1779.9350848461988,1772.7798303076022,stop,25,-57.31721358601112,-5.04,-1.2102344401029719,0.0,-57.31721358601112,-75.66129441754488,-1.1223928758786397,1.4708173193704404,1.8930002173823393,bounce_resistance
XAUUSD.a,15m,-1,0.23,2021-06-25 01:15:00,1776.8093459426968,2021-06-25 03:45:00,1774.0938372093024,1778.9838620403325,1773.8538372093024,target,10,62.45670086807286,-5.52,-0.0,0.0,62.45670086807286,82.34130185241177,1.2487875975473488,0.13366378736818693,1.4390999202531976,bounce_resistance
XAUUSD.a,15m,-1,0.27,2021-06-25 04:15:00,1776.5211612664561,2021-06-25 04:30:00,1778.6728419472504,1778.3895665683858,1773.7296511627908,stop,1,-58.09537838144457,-6.4799999999999995,-1.1684352293413744,0.0,-58.09537838144457,-76.55107770545199,-1.1516134526978754,1.31600928931448,0.2789337334452526,bounce_resistance
XAUUSD.a,15m,1,0.24,2021-06-28 03:15:00,1781.0048230448608,2021-06-28 04:15:00,1778.8272400633898,1778.8752463023634,1782.7987234042553,stop,4,-52.26199155530412,-5.76,-1.1521497353644585,0.0,-52.26199155530412,-68.92085027536183,-1.0225426198622392,3.040427196470796,0.3029601808961617,bounce_support
XAUUSD.a,15m,-1,0.24,2021-06-28 07:30:00,1779.8945008780038,2021-06-28 08:00:00,1782.2552284990159,1781.9638247876583,1775.8923504246836,stop,2,-56.65746290428979,-5.76,-1.2336890725809546,0.0,-56.65746290428979,-74.63473042073134,-1.1408207337662495,1.1237965748844667,0.0,bounce_resistance
XAUUSD.a,15m,-1,0.22,2021-06-28 08:15:00,1782.134935797731,2021-06-28 08:30:00,1784.7350546949485,1784.4428509846452,1777.6242980307097,stop,1,-57.20261573878497,-5.279999999999999,-1.148481626670062,0.0,-57.20261573878497,-75.35285884997954,-1.1266093797380712,1.0030976074837294,0.19711980765603332,bounce_resistance
XAUUSD.a,15m,-1,0.12,2021-06-29 20:15:00,1763.0406711684216,2021-06-30 11:00:00,1755.6,1766.9712159311416,1755.4175681377164,target_gap,55,89.2880540210599,-2.88,-0.0,10.8828,100.17085402105991,133.57716795490114,2.123769521109564,0.6129758028531279,2.465477879894553,bounce_resistance
XAUUSD.a,15m,-1,0.12,2021-06-30 17:15:00,1762.4326968988378,2021-06-30 17:45:00,1766.9253085358505,1766.5956175351125,1755.0242307692308,stop,2,-53.91133964415258,-2.88,-1.076292008855616,0.0,-53.91133964415258,-71.7994561491524,-1.0791970420634767,1.2773010983751285,0.15438605608704062,bounce_resistance
XAUUSD.a,15m,1,0.19,2021-06-30 23:30:00,1770.0063945700933,2021-07-01 03:45:00,1767.3848362489546,1767.4245557433478,1774.3408885133044,stop,13,-49.80960810163651,-4.56,-0.7546703934735407,-15.754800000000001,-65.56440810163652,-87.58854866293035,-1.3365506341418434,1.4316906740273911,0.12146592059036838,bounce_support
XAUUSD.a,15m,1,0.13,2021-07-01 17:15:00,1776.0002158136012,2021-07-01 18:00:00,1772.3397236265027,1772.434680045498,1781.216862745098,stop,3,-47.586398432280475,-3.12,-1.2344334469382316,0.0,-47.586398432280475,-63.69140781149513,-1.0266317392871833,1.5678473523138947,0.4402660044646723,bounce_support
XAUUSD.a,15m,1,0.23,2021-07-02 03:30:00,1776.486364757341,2021-07-02 03:30:00,1776.5015194346288,1774.4036772453571,1776.5015194346288,target,0,0.3485575776167025,-5.52,-0.0,0.0,0.3485575776167025,0.46704753800978493,0.007276500771470179,0.14710068388953806,0.8900208178100757,bounce_support
XAUUSD.a,15m,1,0.21,2021-07-05 02:45:00,1786.2420856332253,2021-07-05 09:45:00,1790.0540184197403,1783.9729907901299,1790.0540184197403,target,28,80.05058851681383,-5.04,-0.0,0.0,80.05058851681383,106.3696247748566,1.6799354148259387,0.7941870031165813,2.1717533675464242,bounce_support
XAUUSD.a,15m,1,0.2,2021-07-05 14:30:00,1791.2742903870355,2021-07-06 04:15:00,1793.8096192893402,1788.8731859420886,1793.8096192893402,target,34,50.706578046092545,-4.8,-0.0,-16.584,34.12257804609254,45.188285366686806,0.7105600532684704,0.8847138622003702,1.2059906927657957,bounce_support
XAUUSD.a,15m,1,0.12,2021-07-06 16:30:00,1808.77507268372,2021-07-06 17:30:00,1804.7956612225253,1804.8931223137267,1815.7137553725465,stop,4,-47.752937534337434,-2.88,-1.1695330944170819,0.0,-47.752937534337434,-63.6637925745753,-1.0251062177288048,1.2506787106936499,0.9827346958808308,bounce_support
XAUUSD.a,15m,-1,0.11,2021-07-06 21:00:00,1795.4091763478157,2021-07-07 04:15:00,1799.9834744782008,1799.6891379516271,1787.0317240967458,stop,25,-50.31727943423675,-2.6399999999999997,-0.5977017923115174,9.9759,-40.34137943423676,-53.84091106575301,-0.8568764091526484,1.5445988221710112,0.361960337783447,bounce_resistance
XAUUSD.a,15m,1,0.17,2021-07-07 16:00:00,1804.8235908413465,2021-07-07 16:15:00,1801.8769440181588,1801.9423526900343,1808.501725663717,stop,1,-50.09299599418956,-4.08,-1.1119474218847765,0.0,-50.09299599418956,-66.72749263256058,-1.0227015846800847,1.2125310918000816,0.3909462180835761,bounce_support
XAUUSD.a,15m,1,0.12,2021-07-07 17:30:00,1801.1115083104096,2021-07-07 17:30:00,1796.9387804354,1797.0310429010146,1808.3679141979705,stop,0,-50.072734500114166,-2.88,-1.1071495873750083,0.0,-50.072734500114166,-66.96812199932349,-1.0226107701837492,1.0149597888696886,0.8843333609156868,bounce_support
XAUUSD.a,15m,1,0.11,2021-07-07 20:00:00,1802.0334678514032,2021-07-08 05:30:00,1797.5603069609829,1797.6090868475212,1809.276592920354,stop,34,-49.204769794623644,-2.6399999999999997,-0.5365787519205917,-9.1212,-58.325969794623646,-78.14409329522589,-1.1984412928651476,1.2687577870164943,1.3960217583380572,bounce_support
XAUUSD.a,15m,-1,0.22,2021-07-08 10:15:00,1798.9672500196903,2021-07-08 10:15:00,1801.4625975944266,1801.158472623962,1797.059187279152,stop,0,-54.89764664419954,-5.279999999999999,-1.4107493502191746,0.0,-54.89764664419954,-73.79311052531055,-1.1387923663582151,3.57916624491736,0.14021853329332276,bounce_resistance
XAUUSD.a,15m,1,0.1,2021-07-08 18:15:00,1798.3550564582674,2021-07-09 04:30:00,1806.3780341440893,1793.8709829279553,1806.3780341440893,target,37,80.22977685821843,-2.4,-0.0,-8.292,71.93777685821843,97.0571336070622,1.6042952099675127,0.8597219542024535,1.9546832768200335,bounce_support
XAUUSD.a,15m,1,0.18,2021-07-09 07:15:00,1804.393675314224,2021-07-09 07:45:00,1801.7442107943928,1801.793771468657,1808.7724570626856,stop,2,-47.69036135696388,-4.32,-0.8920921367586545,0.0,-47.69036135696388,-64.27185800321273,-1.019062502772473,1.2399209762009193,0.01397154969323799,bounce_support
XAUUSD.a,15m,1,0.17,2021-07-09 21:30:00,1810.677117137856,2021-07-09 22:45:00,1807.816837936172,1807.869846423147,1815.4903071537062,stop,5,-48.624746428625485,-4.08,-0.901144278575689,0.0,-48.624746428625485,-64.89529472109957,-1.018882570425855,1.0569401526933064,0.5923485944662122,bounce_support
XAUUSD.a,15m,1,0.27,2021-07-12 02:30:00,1807.3550615947102,2021-07-12 03:00:00,1805.5431320014866,1805.5815274824,1810.1669450352,stop,2,-48.92209901703632,-6.4799999999999995,-1.0366779846602274,0.0,-48.92209901703632,-65.39950406662165,-1.0216491358394613,1.0741612363060387,0.14374598352532453,bounce_support
XAUUSD.a,15m,1,0.22,2021-07-12 04:45:00,1807.260777935127,2021-07-12 04:45:00,1805.0781872471377,1805.1243541498282,1810.7212917003437,stop,0,-48.0169951357625,-5.279999999999999,-1.0156718591871028,0.0,-48.0169951357625,-64.26343384649486,-1.0216094311475497,1.3998991940209453,0.0,bounce_support
XAUUSD.a,15m,-1,0.21,2021-07-12 15:30:00,1801.4497007361963,2021-07-12 15:45:00,1803.9468678820467,1803.6424653360345,1798.4608409090908,stop,1,-52.44051006285895,-5.04,-1.3524534662571064,0.0,-52.44051006285895,-70.25885939369357,-1.1388213518380512,1.1812938169444815,0.5790410590766945,bounce_resistance
XAUUSD.a,15m,1,0.18,2021-07-12 23:45:00,1806.2320243530296,2021-07-12 23:45:00,1806.257578692494,1803.6648742137372,1806.257578692494,target,0,0.4599781103593159,-4.32,-0.0,0.0,0.4599781103593159,0.6149111148592533,0.00995436109219944,0.10985892438191948,0.03426977083412238,bounce_support
XAUUSD.a,15m,1,0.19,2021-07-13 01:00:00,1806.1905654706704,2021-07-13 01:00:00,1806.2369249394674,1803.779697680327,1806.2369249394674,target,0,0.8808299071417878,-4.56,-0.0,0.0,0.8808299071417878,1.1780053055806077,0.019229370014658482,0.14541049163901962,0.09516678195653058,bounce_support
XAUUSD.a,15m,1,0.18,2021-07-13 01:15:00,1806.4789536513367,2021-07-13 02:00:00,1807.0435185185186,1803.95321388067,1807.0435185185186,target,3,10.162167609273183,-4.32,-0.0,0.0,10.162167609273183,13.589964306234782,0.22352455852284212,0.13815898826525325,0.3488270481763197,bounce_support
XAUUSD.a,15m,1,0.22,2021-07-13 09:00:00,1806.9583612542738,2021-07-13 09:15:00,1810.2934510411362,1804.813274479432,1810.2934510411362,target,1,73.371975310974,-5.279999999999999,-0.0,0.0,73.371975310974,97.9572979506208,1.5547575165617842,0.236988666489369,2.0566248402942233,bounce_support
XAUUSD.a,15m,1,0.21,2021-07-13 11:15:00,1807.2158575802814,2021-07-13 15:00:00,1810.9049535521344,1804.9875232239328,1810.9049535521344,target,15,77.47101540891344,-5.04,-0.0,0.0,77.47101540891344,104.25662836964183,1.6555396910444402,0.6398759576717687,2.4386566604049804,bounce_support
XAUUSD.a,15m,-1,0.28,2021-07-14 03:30:00,1806.4307029516633,2021-07-14 04:00:00,1808.4002334986578,1808.1142064488959,1803.3915871022082,stop,2,-55.14685531584656,-6.720000000000001,-1.2887573933339442,0.0,-55.14685531584656,-73.99580731258008,-1.169899884515927,1.7578205529132986,0.647876855293948,bounce_resistance
XAUUSD.a,15m,1,0.28,2021-07-14 10:00:00,1812.5687711732462,2021-07-14 10:00:00,1810.8500480554078,1810.8932048152772,1813.579239904988,stop,0,-48.124247299475435,-6.720000000000001,-1.208389276341826,0.0,-48.124247299475435,-64.59023621871158,-1.0257565208707533,1.2167654020682455,0.0,bounce_support
XAUUSD.a,15m,1,0.11,2021-07-14 19:15:00,1820.8575192914427,2021-07-14 23:45:00,1828.0303057871406,1816.8248471064296,1828.0303057871406,target,18,78.90065145267681,-2.6399999999999997,-0.0,0.0,78.90065145267681,105.45536755727397,1.7786683783409474,0.1903252375174905,1.840586184054817,bounce_support
XAUUSD.a,15m,1,0.2,2021-07-15 03:15:00,1826.7878743786018,2021-07-15 04:00:00,1824.4067382201936,1824.4506103829788,1830.6587792340424,stop,3,-47.62272316816507,-4.8,-0.8774432557018832,0.0,-47.62272316816507,-63.80663911271379,-1.0187707348709218,1.0772742759555656,0.37741805078509777,bounce_support
XAUUSD.a,15m,1,0.2,2021-07-15 06:15:00,1824.750704803526,2021-07-15 08:45:00,1828.6393634566484,1822.4003182716758,1828.6393634566484,target,10,77.7731730624464,-4.8,-0.0,0.0,77.7731730624464,104.03602796089464,1.6544762320693944,0.47681723339511545,2.2248660488865486,bounce_support
XAUUSD.a,15m,1,0.2,2021-07-16 05:00:00,1826.5887312739624,2021-07-16 09:00:00,1824.158069782541,1824.1991750568436,1830.5916498863126,stop,16,-48.61322982842921,-4.8,-0.8221054860533192,0.0,-48.61322982842921,-65.40013699137546,-1.0172020536734943,1.1754196255525091,1.0300108063602305,bounce_support
XAUUSD.a,15m,-1,0.14,2021-07-16 17:00:00,1824.8957683447597,2021-07-16 17:00:00,1818.68998936678,1828.20000531661,1818.44998936678,target,0,86.88090569171528,-3.3600000000000003,-0.0,0.0,86.88090569171528,117.28617324331131,1.8781276981186332,0.37353000579411433,2.2382681411068126,bounce_resistance
XAUUSD.a,15m,-1,0.18,2021-07-19 12:45:00,1804.0293458559327,2021-07-19 14:30:00,1806.8563809776704,1806.5527130206297,1799.1045739587405,stop,7,-50.88663219127875,-4.32,-1.1460232267346737,0.0,-50.88663219127875,-69.27498392408891,-1.1203423589278496,1.0187396348941293,0.9032953617775898,bounce_resistance
XAUUSD.a,15m,1,0.27,2021-07-20 09:00:00,1815.5579454110693,2021-07-20 10:45:00,1813.808247103892,1813.8577486725537,1818.1845026548924,stop,7,-47.24185429378895,-6.4799999999999995,-1.3365423538703205,0.0,-47.24185429378895,-64.57951730453836,-1.029115200341445,1.1810076831593361,1.2481229618070073,bounce_support
XAUUSD.a,15m,-1,0.23,2021-07-21 01:45:00,1809.7411672583398,2021-07-21 04:15:00,1805.9812904449075,1811.7843547775462,1805.7412904449075,target,10,86.4771667089442,-5.52,-0.0,0.0,86.4771667089442,118.13013688811448,1.8402015371025353,0.06305478104628487,2.2030123109248936,bounce_resistance
XAUUSD.a,15m,-1,0.22,2021-07-21 07:00:00,1808.6115455202175,2021-07-21 09:00:00,1811.0095350530582,1810.7183510856394,1804.5732978287215,stop,8,-52.75576972249564,-5.279999999999999,-1.1260472832140023,0.0,-52.75576972249564,-72.26619780621851,-1.1382111250311662,1.9405941140866023,1.0971802800201673,bounce_resistance
XAUUSD.a,15m,-1,0.1,2021-07-21 18:45:00,1803.9013464117002,2021-07-22 11:15:00,1795.0492809273703,1808.535359536315,1794.8092809273703,target,62,88.52065484329842,-2.4,-0.0,3.023,91.54365484329841,124.13877228116351,1.9754724982767313,0.3104552252254063,2.399938479376834,bounce_resistance
XAUUSD.a,15m,-1,0.15,2021-07-22 16:15:00,1803.1436002805947,2021-07-22 16:30:00,1797.0546063226295,1806.1826968386852,1796.8146063226295,target,1,91.33490936947737,-3.5999999999999996,-0.0,0.0,91.33490936947737,123.8557007030869,2.0035539646660614,0.1370143104853814,2.3801811302565556,bounce_resistance
XAUUSD.a,15m,-1,0.11,2021-07-22 17:15:00,1802.271449714027,2021-07-22 18:15:00,1806.7085952137913,1806.384725709509,1794.5619572953735,stop,4,-48.808600497406815,-2.6399999999999997,-0.9225645471056448,0.0,-48.808600497406815,-66.28451211707315,-1.078737605898097,1.3076074379353362,0.07814931805697602,bounce_resistance
XAUUSD.a,15m,1,0.2,2021-07-22 22:45:00,1806.9929729791272,2021-07-22 22:45:00,1807.6096598639456,1804.6371667955625,1807.6096598639456,target,0,12.33373769636728,-4.8,-0.0,0.0,12.33373769636728,16.70355462068457,0.26177318368577274,0.14983107761140702,0.2958762167005289,bounce_support
XAUUSD.a,15m,1,0.2,2021-07-22 23:15:00,1807.0300654769005,2021-07-23 02:00:00,1807.5583673469387,1804.7131735170694,1807.5583673469387,target,7,10.56603740076298,-4.8,-0.0,-16.584,-6.01796259923702,-8.154199885148126,-0.12987145502623634,0.3927958198650649,0.6603391740420087,bounce_support
XAUUSD.a,15m,1,0.29,2021-07-23 04:15:00,1806.0520958048203,2021-07-23 04:45:00,1804.356587803952,1804.393529061717,1808.822941876566,stop,2,-49.169732025182384,-6.959999999999999,-1.0712964751826919,0.0,-49.169732025182384,-66.5922667838379,-1.0222730004195333,1.2312412589434099,0.34240659746799573,bounce_support
XAUUSD.a,15m,-1,0.12,2021-07-23 19:15:00,1803.4262858290676,2021-07-26 05:00:00,1807.4512562509638,1807.167177608804,1796.1056447823921,stop,35,-48.29964506275337,-2.88,-0.5289437059169424,3.6275999999999997,-44.67204506275337,-60.773331514098665,-0.9951291406132309,1.0194665859062018,1.3516257958748354,bounce_resistance
XAUUSD.a,15m,1,0.19,2021-07-26 14:45:00,1807.8623565563707,2021-07-26 15:15:00,1805.3286663007925,1805.3837060305882,1812.0025879388234,stop,2,-48.14011485598621,-4.56,-1.045754866120018,0.0,-48.14011485598621,-65.47181326295589,-1.0222055224095392,2.1029009544316635,0.24515091470486547,bounce_support
XAUUSD.a,15m,-1,0.16,2021-07-26 20:00:00,1799.338524570567,2021-07-27 04:45:00,1796.1582352941175,1802.3127670257581,1795.9182352941175,target,31,50.884628423191316,-3.84,-0.0,4.8368,55.72142842319131,75.496129666822,1.170916402719963,0.20559031035476852,1.4586990253583998,bounce_resistance
XAUUSD.a,15m,-1,0.25,2021-07-27 06:00:00,1799.1541354900246,2021-07-27 08:30:00,1795.742844871663,1801.0035775641686,1795.502844871663,target,10,85.28226545903976,-6.0,-0.0,0.0,85.28226545903976,115.66363156122735,1.8444971410853541,0.33840719789239465,2.2515630785310816,bounce_resistance
XAUUSD.a,15m,1,0.25,2021-07-27 23:45:00,1799.5775666466957,2021-07-28 04:15:00,1802.4263078463969,1797.7218460768015,1802.4263078463969,target,14,71.21852999252951,-6.0,-0.0,-62.19,9.028529992529513,12.260694196650524,0.1946096872342021,0.9309411528451693,2.0382558746546167,bounce_support
XAUUSD.a,15m,1,0.24,2021-07-28 10:00:00,1804.286785729121,2021-07-28 10:45:00,1802.3021694567333,1802.3444998759453,1807.3710002481093,stop,3,-47.630790537305074,-5.76,-1.0159300610901614,0.0,-47.630790537305074,-64.82319951183358,-1.0217941242494302,1.2854882946496866,0.7739408019788511,bounce_support
XAUUSD.a,15m,-1,0.23,2021-07-28 20:15:00,1801.676890793779,2021-07-28 21:00:00,1797.9123396644807,1803.7288301677597,1797.6723396644807,target,3,86.58467597386084,-5.52,-0.0,0.0,86.58467597386084,117.5352274069269,1.834630777611658,0.28904811406312886,4.443060506262556,bounce_resistance
XAUUSD.a,15m,-1,0.15,2021-07-28 21:45:00,1801.5602120755154,2021-07-28 21:45:00,1804.9937406967595,1804.6640588100327,1795.561882379935,stop,0,-51.502929318660335,-3.5999999999999996,-1.3452283009002302,0.0,-51.502929318660335,-69.9131623639626,-1.1062171927049365,1.0373540319107766,0.8087422769945269,bounce_resistance
XAUUSD.a,15m,-1,0.14,2021-07-28 22:00:00,1802.111368355836,2021-07-28 22:15:00,1805.7090820989645,1805.379766594593,1795.810466810814,stop,1,-50.36799240379833,-3.3600000000000003,-1.2504170612006615,0.0,-50.36799240379833,-68.31503533724631,-1.1007574598671348,1.1071575064671784,0.1717564124161158,bounce_resistance
XAUUSD.a,15m,1,0.16,2021-07-29 06:15:00,1816.3772514942177,2021-07-29 11:30:00,1821.351672852105,1813.4741635739474,1821.351672852105,target,21,79.59074172619512,-3.84,-0.0,0.0,79.59074172619512,107.52163749941926,1.7134931819164547,0.6397503435048583,1.8885919601331536,bounce_support
XAUUSD.a,15m,1,0.17,2021-07-29 21:00:00,1831.2637986024158,2021-07-29 22:30:00,1828.4280950461982,1828.4722936845726,1836.1454126308547,stop,6,-48.20696045569912,-4.08,-0.7513768523655273,0.0,-48.20696045569912,-65.16039098118341,-1.0158332654518594,1.1047082821542638,0.030879901745146248,bounce_support
XAUUSD.a,15m,1,0.29,2021-07-30 02:00:00,1829.4038462324963,2021-07-30 02:00:00,1829.2799999999997,1827.7483580155224,1829.2799999999997,target,0,-3.5915407424010932,-6.959999999999999,-0.0,0.0,-3.5915407424010932,-4.856189651425259,-0.07480949198355985,0.2439438881869692,0.47487729567820725,bounce_support
XAUUSD.a,15m,-1,0.18,2021-07-30 23:45:00,1813.9763101844387,2021-08-02 03:45:00,1816.8112262391844,1816.5268704105667,1808.9762591788665,stop,12,-51.02848898542243,-4.32,-0.7984049151163727,5.4414,-45.587088985422426,-62.04435384201759,-0.9929646156955965,1.020830556710217,0.7630912473662353,bounce_resistance
XAUUSD.a,15m,-1,0.21,2021-08-02 07:00:00,1812.0668254606244,2021-08-02 09:15:00,1807.9723689530351,1814.2988155234823,1807.7323689530351,target,9,85.9835866593744,-5.04,-0.0,0.0,85.9835866593744,116.96378417337668,1.834442086335545,0.5838621600791909,1.978873263875049,bounce_resistance
XAUUSD.a,15m,-1,0.22,2021-08-02 15:00:00,1811.3247163310787,2021-08-02 15:00:00,1807.340888650494,1813.4895556747529,1807.100888650494,target,0,87.644208972863,-5.279999999999999,-0.0,0.0,87.644208972863,119.00257840956836,1.8402417215049598,0.12716124627245134,2.2148139283818695,bounce_resistance
XAUUSD.a,15m,-1,0.14,2021-08-02 17:15:00,1812.8092964280513,2021-08-02 17:45:00,1816.415519500258,1816.1002156457223,1806.9035294117646,stop,2,-50.487123010892454,-3.3600000000000003,-1.054253963499599,0.0,-50.487123010892454,-68.46268579259663,-1.0958102687062483,1.094133077656345,0.04840484299822952,bounce_resistance
XAUUSD.a,15m,1,0.19,2021-08-02 22:30:00,1813.933877567541,2021-08-03 03:30:00,1811.4480900213152,1811.4810540554904,1818.0178918890194,stop,16,-47.22996337828954,-4.56,-0.6263166493302612,-15.754800000000001,-62.98476337828954,-85.47956595500996,-1.3514986014849404,1.0941992174957744,0.14111183734112426,bounce_support
XAUUSD.a,15m,-1,0.27,2021-08-03 10:15:00,1809.6826532405375,2021-08-03 10:15:00,1811.7136478465125,1811.4326277073187,1806.2647445853627,stop,0,-54.8368543613226,-6.4799999999999995,-1.1075437582292895,0.0,-54.8368543613226,-74.13391153349006,-1.1605852796873315,1.1985013491769394,0.12723227953551247,bounce_resistance
XAUUSD.a,15m,-1,0.32,2021-08-03 11:45:00,1811.7711218349052,2021-08-03 12:15:00,1809.0540297730224,1813.2479851134888,1808.8140297730224,target,2,86.94694598024944,-7.68,-0.0,0.0,86.94694598024944,117.59757896051914,1.8397722397761416,0.11434922077337344,2.2013695391108663,bounce_resistance
XAUUSD.a,15m,-1,0.25,2021-08-03 13:15:00,1810.9718219860317,2021-08-03 15:45:00,1813.1989296971803,1812.9034368509106,1807.013126298179,stop,10,-55.67769277871548,-6.0,-1.3873211567450812,0.0,-55.67769277871548,-75.37865912855449,-1.152977103066721,1.3450807721606453,2.0251562861508385,bounce_resistance
XAUUSD.a,15m,-1,0.23,2021-08-03 16:45:00,1812.6887294255464,2021-08-03 16:45:00,1815.0763493812078,1814.7744435195275,1808.641112960945,stop,0,-54.915258980212684,-5.52,-1.42383481864776,0.0,-54.915258980212684,-74.59082744317281,-1.1447493990435016,1.1177325699534315,0.19117165995908966,bounce_resistance
XAUUSD.a,15m,-1,0.48,2021-08-04 02:00:00,1810.7228800190137,2021-08-04 04:00:00,1809.9436597938143,1811.7054923142525,1809.7036597938143,target,8,37.40257080957235,-11.52,-0.0,0.0,37.40257080957235,50.511932704326114,0.7930088285838466,0.48556280365938326,1.8042518169210962,bounce_resistance
XAUUSD.a,15m,-1,0.42,2021-08-04 04:30:00,1810.692880125195,2021-08-04 04:45:00,1812.0938484613957,1811.8246457786315,1808.9779455445544,stop,1,-58.840670120432605,-10.08,-1.226512676099788,0.0,-58.840670120432605,-79.46394873584697,-1.2378607991387562,2.30358631832357,0.27645310161587255,bounce_resistance
XAUUSD.a,15m,1,0.27,2021-08-04 09:15:00,1812.8435464702734,2021-08-04 11:30:00,1811.070935931611,1811.1119676581213,1815.5160646837571,stop,9,-47.86048454388265,-6.4799999999999995,-1.1078566157762975,0.0,-47.86048454388265,-64.540272592754,-1.0236961357013021,1.087762484187724,1.355094849428428,bounce_support
XAUUSD.a,15m,1,0.1,2021-08-04 18:15:00,1808.4309965276768,2021-08-05 16:30:00,1803.6423253343742,1803.7260133231093,1816.9679733537816,stop,85,-47.88671193302662,-2.4,-0.8368798873518178,-8.292,-56.17871193302662,-75.91512652769738,-1.1940257699217613,1.7281669613152864,1.3579226948399736,bounce_support
XAUUSD.a,15m,-1,0.22,2021-08-05 22:45:00,1805.5166916739201,2021-08-06 03:30:00,1801.9654971349496,1807.5972514325254,1801.7254971349496,target,15,78.12627985735207,-5.279999999999999,-0.0,6.6506,84.77687985735207,114.68268313968868,1.8521431662957424,0.02081570880176467,1.858486235700467,bounce_resistance
XAUUSD.a,15m,-1,0.33,2021-08-06 04:45:00,1801.439412834683,2021-08-06 10:15:00,1798.915536042775,1802.8822319786125,1798.675536042775,target,22,83.28793413296148,-7.92,-0.0,0.0,83.28793413296148,112.65783055993708,1.7492676074662104,0.35388161258136475,3.0491783070617244,bounce_resistance
XAUUSD.a,15m,-1,0.23,2021-08-06 11:00:00,1800.0016335031253,2021-08-06 12:15:00,1798.7286639676113,1802.0707315980972,1798.4886639676113,target,5,29.278299316821858,-5.52,-0.0,0.0,29.278299316821858,39.620416683792115,0.6152291854153465,0.3326891550224611,1.0447225814853105,bounce_resistance
XAUUSD.a,15m,-1,0.26,2021-08-06 12:30:00,1799.1034113050243,2021-08-06 12:45:00,1798.4782186234818,1800.918166196703,1798.2382186234818,target,1,16.2550097201065,-6.24,-0.0,0.0,16.2550097201065,21.996846583902595,0.34450530174037436,0.22404606640821267,0.4978145033066471,bounce_resistance
XAUUSD.a,15m,-1,0.26,2021-08-06 13:00:00,1798.6839709721892,2021-08-06 13:00:00,1798.3947368421052,1800.4967767111784,1798.1547368421052,target,0,7.520087382183192,-6.24,-0.0,0.0,7.520087382183192,10.17975089976472,0.1595505375249054,0.15226619260636634,0.5593379093969814,bounce_resistance
XAUUSD.a,15m,-1,0.25,2021-08-06 14:30:00,1797.6798040430515,2021-08-06 14:45:00,1799.8641576792656,1799.578927596373,1794.0021448072541,stop,1,-54.60884090535387,-6.0,-1.1307520723143005,0.0,-54.60884090535387,-73.8606085147141,-1.150190377236811,1.3059687204715211,0.31583202788598497,bounce_resistance
XAUUSD.a,15m,-1,0.12,2021-08-06 22:00:00,1763.5021781199534,2021-08-09 01:15:00,1756.4464348960908,1767.2667825519545,1756.2064348960907,target,9,84.6689186863523,-2.88,-0.0,3.6275999999999997,88.2965186863523,120.30481876768168,1.9545329016019666,0.22786507733841305,2.585179477882172,bounce_resistance
XAUUSD.a,15m,-1,0.05,2021-08-09 06:15:00,1739.0844804087515,2021-08-09 10:30:00,1748.971377350496,1748.6026549734754,1720.4546900530493,stop,17,-49.434484708722266,-1.2,-0.6436118851025857,0.0,-49.434484708722266,-67.29167704657074,-1.0387387701825783,1.340122468285325,0.3019991269549479,bounce_resistance
XAUUSD.a,15m,-1,0.11,2021-08-09 23:15:00,1729.3387943282808,2021-08-10 04:00:00,1733.6975338903771,1733.3996332568781,1721.370733486244,stop,15,-47.94613518306028,-2.6399999999999997,-0.6369069684897344,3.3253,-44.62083518306028,-60.97741770944064,-0.9989166360502489,1.1453804875057654,0.16469363598021008,bounce_resistance
XAUUSD.a,15m,1,0.21,2021-08-10 07:45:00,1737.0494170441546,2021-08-10 08:00:00,1734.757574431828,1734.8022553147575,1740.7354893704849,stop,1,-48.128694858856306,-5.04,-0.9382985415191957,0.0,-48.128694858856306,-65.66436299727991,-1.019883251990705,1.0677544979365123,0.05366011456499689,bounce_support
XAUUSD.a,15m,1,0.2,2021-08-10 10:30:00,1734.3083375066678,2021-08-10 11:30:00,1731.9755935978174,1732.0377881025006,1738.0144237949987,stop,4,-46.65487817700978,-4.8,-1.2438900936643462,0.0,-46.65487817700978,-63.587627505431,-1.027391830615577,2.4436101220632933,0.7714707683158979,bounce_support
XAUUSD.a,15m,-1,0.1,2021-08-10 18:45:00,1730.7942871991106,2021-08-11 06:30:00,1735.3974009628173,1735.1119787837256,1722.3560424325485,stop,43,-46.03113763706688,-2.4,-0.45422179091789056,9.069,-36.962137637066874,-50.35782181918946,-0.8560624795150327,1.0064898605482515,1.5666443669143717,bounce_resistance
XAUUSD.a,15m,1,0.18,2021-08-11 10:15:00,1731.9464365647239,2021-08-11 10:15:00,1729.3964727298753,1729.451127576961,1733.1824091778203,stop,0,-45.89934902727373,-4.32,-0.9837872475407287,0.0,-45.89934902727373,-62.62446485649889,-1.021903037801606,1.0325120365289164,0.00944309317672873,bounce_support
XAUUSD.a,15m,1,0.15,2021-08-11 10:45:00,1732.767402956318,2021-08-11 10:45:00,1732.9027533460803,1729.738048545006,1732.9027533460803,target,0,2.0302558464356935,-3.5999999999999996,-0.0,0.0,2.0302558464356935,2.770054229511268,0.04467961531901528,0.25332227667134966,0.18571516148166442,bounce_support
XAUUSD.a,15m,1,0.16,2021-08-11 11:00:00,1732.9267170308667,2021-08-11 11:00:00,1732.7629254302105,1729.9979232500943,1732.7629254302105,target,0,-2.6206656104986905,-3.84,-0.0,0.0,-2.6206656104986905,-3.5769191855686002,-0.055924593165782355,0.4222615600271169,0.052336552385327854,bounce_support
XAUUSD.a,15m,1,0.22,2021-08-11 11:15:00,1732.3662372429476,2021-08-11 11:30:00,1732.6230975143405,1730.2505443957548,1732.6230975143405,target,1,5.650925970644948,-5.279999999999999,-0.0,0.0,5.650925970644948,7.712889977131205,0.12140716538025163,0.6835761839751221,0.3940849722863734,bounce_support
XAUUSD.a,15m,1,0.19,2021-08-11 15:30:00,1736.3031884885352,2021-08-11 15:30:00,1740.1752304326433,1733.8223847836784,1740.1752304326433,target,0,73.56879693805399,-4.56,-0.0,0.0,73.56879693805399,99.75159580493275,1.5608014195269544,0.28345188583788916,4.372297368884879,bounce_support
XAUUSD.a,15m,1,0.16,2021-08-11 22:45:00,1752.0524502274666,2021-08-12 04:00:00,1749.0495751849844,1749.092546409361,1757.124907181278,stop,17,-48.04600067971478,-3.84,-0.6875395900241345,-13.2672,-61.31320067971478,-83.24490276117358,-1.29466201538086,1.058294600083079,0.5127023936556798,bounce_support
XAUUSD.a,15m,1,0.21,2021-08-13 01:15:00,1753.1167029380138,2021-08-13 05:30:00,1756.6384269317286,1750.9557865341355,1756.6384269317286,target,17,73.95620386801261,-5.04,-0.0,0.0,73.95620386801261,100.71797773088645,1.6297363412089485,0.6787411745226987,1.67674096762072,bounce_support
XAUUSD.a,15m,1,0.25,2021-08-13 07:15:00,1754.9233830055803,2021-08-13 08:30:00,1756.4567032967034,1753.0965914767198,1756.4567032967034,target,5,38.33300727807796,-6.0,-0.0,0.0,38.33300727807796,52.24972027271581,0.8393515444422986,0.24818541055040783,1.114860104310985,bounce_support
XAUUSD.a,15m,1,0.24,2021-08-13 09:00:00,1756.1155672798102,2021-08-13 09:00:00,1757.00880866426,1754.1502101322287,1757.00880866426,target,0,21.437793226794383,-5.76,-0.0,0.0,21.437793226794383,29.227110426583028,0.4544931619929592,0.3590020677302179,0.8875906968544471,bounce_support
XAUUSD.a,15m,1,0.18,2021-08-13 11:15:00,1756.9719802651593,2021-08-13 13:30:00,1761.3746054786907,1754.3776972606547,1761.3746054786907,target,9,79.24725384356407,-4.32,-0.0,0.0,79.24725384356407,107.90748072380727,1.6970489364062271,0.5095744230154571,1.82633110058299,bounce_support
XAUUSD.a,15m,1,0.22,2021-08-13 22:00:00,1777.1356433375784,2021-08-16 03:45:00,1780.5610298339598,1774.99448508302,1780.5610298339598,target,19,75.35850292039095,-5.279999999999999,-0.0,-18.2424,57.116102920390944,77.65404464921545,1.2125149978308731,0.5957725613521103,1.6319936440860963,bounce_support
XAUUSD.a,15m,1,0.19,2021-08-16 04:45:00,1780.1116776709953,2021-08-16 04:45:00,1777.5907686146234,1777.6382851211163,1784.2434297577672,stop,0,-47.89727207106648,-4.56,-0.9028136233645853,0.0,-47.89727207106648,-65.10523735685749,-1.0192110655848932,1.2014581636629185,0.0,bounce_support
XAUUSD.a,15m,1,0.2,2021-08-16 14:00:00,1775.0036608373878,2021-08-16 14:15:00,1772.5762621962817,1772.6270683626433,1776.1267441860466,stop,1,-48.547972822120755,-4.8,-1.0161233272324022,0.0,-48.547972822120755,-66.2255621183799,-1.021377735939779,1.167074652832921,0.0,bounce_support
XAUUSD.a,15m,-1,0.17,2021-08-16 15:15:00,1774.5718994565204,2021-08-16 15:30:00,1777.6167259614328,1777.3102002044438,1769.209599591112,stop,1,-51.762050583510934,-4.08,-1.1309378688146774,0.0,-51.762050583510934,-70.65044780387761,-1.1119401355827911,2.4059083168551667,0.35127604491581127,bounce_resistance
XAUUSD.a,15m,1,0.29,2021-08-17 01:15:00,1787.3847511652746,2021-08-17 04:30:00,1785.75693583294,1785.7926784021827,1789.7446431956344,stop,13,-47.20664463770481,-6.959999999999999,-1.0365345080396073,0.0,-47.20664463770481,-64.56315855095916,-1.0224503364867212,1.6737621715853277,0.8198424500338949,bounce_support
XAUUSD.a,15m,1,0.25,2021-08-17 07:45:00,1786.1727420710176,2021-08-17 08:30:00,1789.0917487032978,1784.3191256483512,1789.0917487032978,target,3,72.9751658070029,-6.0,-0.0,0.0,72.9751658070029,99.82240039258997,1.5747630397453973,0.249642841614424,2.9764830854519233,bounce_support
XAUUSD.a,15m,1,0.23,2021-08-17 14:30:00,1793.889292997135,2021-08-17 14:45:00,1791.8617744686871,1791.9072040004112,1795.664874715262,stop,1,-46.632926154301686,-5.52,-1.0448792296533036,0.0,-46.632926154301686,-63.97010364386086,-1.022920026194146,1.3265262061799137,0.055853699328304876,bounce_support
XAUUSD.a,15m,1,0.19,2021-08-17 15:30:00,1792.5100756999996,2021-08-17 15:30:00,1790.0117954513796,1790.0719090013788,1796.0390888382688,stop,0,-47.46732472377903,-4.56,-1.1421574499844356,0.0,-47.46732472377903,-65.19968232597425,-1.024655225597656,1.8825930575608436,0.853068947737225,bounce_support
XAUUSD.a,15m,1,0.15,2021-08-17 16:00:00,1789.7719244556117,2021-08-17 17:00:00,1786.60557409406,1786.6911702796363,1795.0276594407276,stop,4,-47.49525542327433,-3.5999999999999996,-1.283942783641639,0.0,-47.49525542327433,-65.42767167632016,-1.027784166047279,2.477290955288602,1.051065862261789,bounce_support
XAUUSD.a,15m,-1,0.2,2021-08-17 22:30:00,1782.8064219143266,2021-08-17 22:45:00,1785.3996922215144,1785.1083584593268,1782.3432494279177,stop,1,-51.865406143756445,-4.8,-1.0266752437538367,0.0,-51.865406143756445,-71.4862323318904,-1.1265602923852873,1.200544859360168,0.02885479813545628,bounce_resistance
XAUUSD.a,15m,-1,0.24,2021-08-17 23:45:00,1785.331491184544,2021-08-18 04:00:00,1787.5045414884885,1787.2265178438734,1782.679061784897,stop,13,-52.15320729467021,-5.76,-0.9125674707630547,21.7656,-30.38760729467021,-41.872934498174494,-0.6681437950812836,1.6878437037861234,0.15381904159969498,bounce_resistance
XAUUSD.a,15m,1,0.22,2021-08-18 12:45:00,1787.9187494339478,2021-08-18 13:45:00,1785.8307964651044,1785.874432189138,1791.2011356217245,stop,4,-45.93496531455503,-5.279999999999999,-0.9599859287380431,0.0,-45.93496531455503,-63.393548598613066,-1.0213448886880325,1.1831575750234016,0.43596490139425065,bounce_support
XAUUSD.a,15m,-1,0.18,2021-08-18 15:00:00,1787.0367648632468,2021-08-18 15:15:00,1789.7719635080089,1789.478985996103,1782.252028007794,stop,1,-49.233575605716396,-4.32,-0.95359521430798,0.0,-49.233575605716396,-67.9186850497543,-1.119963547921376,1.3853107285156911,0.25663722863367183,bounce_resistance
XAUUSD.a,15m,-1,0.24,2021-08-18 16:15:00,1789.3103027815225,2021-08-18 16:30:00,1785.611229706286,1791.204385146857,1785.371229706286,target,1,88.777753805678,-5.76,-0.0,0.0,88.777753805678,122.41999173413589,1.952963156691088,0.21102420137200634,2.624121776586438,bounce_resistance
XAUUSD.a,15m,-1,0.11,2021-08-18 21:30:00,1788.7944151639122,2021-08-19 05:30:00,1781.0780894255097,1792.825955287245,1780.8380894255097,target,28,84.87958312242722,-2.6399999999999997,-0.0,3.3253,88.20488312242722,122.41157311317201,1.9889733186565555,0.1849379674464019,2.05738127617967,bounce_resistance
XAUUSD.a,15m,-1,0.12,2021-08-19 11:45:00,1787.0558134689463,2021-08-19 16:00:00,1791.1092385136849,1790.7896166293776,1779.6607667412445,stop,17,-48.64110053686272,-2.88,-0.9554626116867182,0.0,-48.64110053686272,-67.7641411770169,-1.085602231980095,1.4393331142911516,0.8719831574009056,bounce_resistance
XAUUSD.a,15m,-1,0.22,2021-08-20 01:45:00,1780.3893368400727,2021-08-20 04:00:00,1782.6825412476228,1782.3988904296507,1776.4622191406988,stop,9,-50.45049696610204,-5.279999999999999,-0.9603179953868666,0.0,-50.45049696610204,-70.74813766106021,-1.1411511588659198,1.2692685445940244,0.8257241054323645,bounce_resistance
XAUUSD.a,15m,1,0.19,2021-08-20 11:30:00,1784.812791776041,2021-08-20 11:45:00,1782.4610824725648,1782.513185303479,1788.5936293930417,stop,1,-44.68247676604642,-4.56,-0.9899537873701517,0.0,-44.68247676604642,-62.76245805914405,-1.0226572813809274,1.884144886413533,0.0,bounce_support
XAUUSD.a,15m,-1,0.14,2021-08-20 19:00:00,1784.9518137997059,2021-08-23 01:30:00,1779.7058419243986,1788.0373144928712,1779.4658419243985,target,22,73.44360625430227,-3.3600000000000003,-0.0,4.232200000000001,77.67580625430227,108.82165098180455,1.7981755400662005,0.5600991126407019,1.8706246971490863,bounce_resistance
XAUUSD.a,15m,-1,0.19,2021-08-23 05:00:00,1785.5003862264305,2021-08-23 05:45:00,1788.1020758464176,1787.804143233153,1781.011713533694,stop,3,-49.43210277975595,-4.56,-1.1007196520295937,0.0,-49.43210277975595,-69.05564558590162,-1.1293246693967043,1.0936977147404026,0.18247854491764406,bounce_resistance
XAUUSD.a,15m,1,0.16,2021-08-23 21:15:00,1804.5760907240538,2021-08-24 01:15:00,1805.8666447368423,1801.7198584483804,1805.8666447368423,target,12,20.648864204616984,-3.84,-0.0,-13.2672,7.381664204616984,10.23269872274943,0.16152538318326776,0.5378031531737524,0.4565137391142113,bounce_support
XAUUSD.a,15m,1,0.25,2021-08-24 02:30:00,1805.2705757078802,2021-08-24 03:15:00,1803.4317578983375,1803.463180946923,1806.1969178082193,stop,3,-45.970445238566526,-6.0,-0.785576214640512,0.0,-45.970445238566526,-63.837201075607574,-1.0173858247596812,1.0958179976307072,0.3205853555826843,bounce_support
XAUUSD.a,15m,1,0.22,2021-08-24 06:15:00,1802.4448657363325,2021-08-24 15:00:00,1805.7852643680815,1800.3773678159594,1805.7852643680815,target,35,73.48876989847668,-5.279999999999999,-0.0,0.0,73.48876989847668,101.44357618883353,1.6156720637213593,0.8439504190734798,2.0290875373216206,bounce_support
XAUUSD.a,15m,1,0.11,2021-08-24 17:30:00,1806.4543711160554,2021-08-25 01:00:00,1802.2416298007329,1802.2773594851317,1809.6448630136986,stop,26,-46.34015446854801,-2.6399999999999997,-0.3930265283871194,-27.363599999999998,-73.703754468548,-101.56928887004479,-1.6040992717659177,1.032884630752442,0.37003221932680097,bounce_support
XAUUSD.a,15m,-1,0.22,2021-08-25 07:45:00,1793.4523121551551,2021-08-25 08:30:00,1795.7370261600954,1795.4553070301076,1789.5293859397848,stop,3,-50.26370810868593,-5.279999999999999,-0.9178208597291803,0.0,-50.26370810868593,-69.37709883876595,-1.140648951982196,1.5515206173048814,0.04608706507920085,bounce_resistance
XAUUSD.a,15m,-1,0.31,2021-08-25 08:45:00,1796.4615881576267,2021-08-25 09:45:00,1793.9245991069492,1797.8927004465254,1793.6845991069492,target,4,78.6466605710009,-7.4399999999999995,-0.0,0.0,78.6466605710009,108.6670082778358,1.7727393373372267,0.6627095929021958,2.2720706005039486,bounce_resistance
XAUUSD.a,15m,-1,0.19,2021-08-25 22:15:00,1791.671238591074,2021-08-26 07:45:00,1787.2110232736043,1794.079488363198,1786.9710232736043,target,34,84.74409103192329,-4.56,-0.0,5.7437000000000005,90.4877910319233,124.59077908234192,1.9775836263317663,0.16142902344516905,2.0684061299341674,bounce_resistance
XAUUSD.a,15m,-1,0.27,2021-08-26 13:00:00,1785.4609142643465,2021-08-26 13:00:00,1787.424617548551,1787.1409889450706,1782.2180221098588,stop,0,-53.019988673521084,-6.4799999999999995,-1.1779722939699906,0.0,-53.019988673521084,-73.0333053342715,-1.1688190452094,1.4101073975070835,0.13744285715139137,bounce_resistance
XAUUSD.a,15m,-1,0.22,2021-08-26 13:15:00,1787.6610489597504,2021-08-26 14:00:00,1790.0348190070708,1789.7491397238555,1783.5717205522892,stop,3,-52.22294104105049,-5.279999999999999,-1.0049442307388325,0.0,-52.22294104105049,-71.90073389284406,-1.1368136328775875,1.0674588856797083,0.6470259736671105,bounce_resistance
XAUUSD.a,15m,1,0.16,2021-08-26 22:00:00,1791.319302692421,2021-08-27 04:30:00,1795.6060150375943,1788.5353562845153,1795.6060150375943,target,22,68.58739752277324,-3.84,-0.0,-13.2672,55.32019752277324,76.49152059231388,1.2419464452889328,0.1937187766580154,1.5591885300854695,bounce_support
XAUUSD.a,15m,1,0.21,2021-08-27 11:15:00,1798.5040682402698,2021-08-27 11:15:00,1796.2970805744133,1796.348182934818,1801.9936341303642,stop,0,-46.34674098298774,-5.04,-1.0731495684974435,0.0,-46.34674098298774,-63.897454928084784,-1.0237036544919411,1.4305344688192125,0.10015920567952068,bounce_support
XAUUSD.a,15m,1,0.18,2021-08-27 13:30:00,1795.6090636003898,2021-08-27 14:00:00,1793.0607469160552,1793.104942950233,1799.8101140995338,stop,2,-45.869700318023206,-4.32,-0.7955286151994277,0.0,-45.869700318023206,-63.25284800742327,-1.0176493229968617,1.2615460841281243,0.0,bounce_support
XAUUSD.a,15m,1,0.2,2021-08-30 03:00:00,1818.6785987475876,2021-08-30 04:00:00,1822.3093714064833,1816.4603142967585,1822.3093714064833,target,4,72.61545317791388,-4.8,-0.0,0.0,72.61545317791388,99.35753325294367,1.636748009272991,0.5854067755386875,2.056274275694299,bounce_support
XAUUSD.a,15m,1,0.21,2021-08-30 15:30:00,1816.3286655298202,2021-08-30 15:30:00,1817.0852499999999,1814.1278022876356,1817.0852499999999,target,0,15.888273873772278,-5.04,-0.0,0.0,15.888273873772278,21.78325958179862,0.34376714358164295,0.6945754286408575,0.4504298364289557,bounce_support
XAUUSD.a,15m,-1,0.38,2021-08-31 01:30:00,1810.0997738483818,2021-08-31 03:15:00,1811.5688120455447,1811.3016943894522,1807.7566112210952,stop,7,-55.82345149219191,-9.12,-1.0304709315144414,0.0,-55.82345149219191,-76.4914380545244,-1.2222423587624438,1.3480310022618172,0.32429252605553693,bounce_resistance
XAUUSD.a,15m,1,0.24,2021-08-31 09:45:00,1816.0056394055432,2021-08-31 11:45:00,1814.063648758674,1814.104032009211,1819.0119359815778,stop,8,-46.60777552486252,-5.76,-0.969198012892323,0.0,-46.60777552486252,-63.605785693627546,-1.0212363764544952,1.1072944970684009,0.3441091971555379,bounce_support
XAUUSD.a,15m,1,0.22,2021-09-01 02:00:00,1814.137144382693,2021-09-01 03:45:00,1812.0600581393735,1812.0952063165264,1817.1585294117647,stop,7,-45.695897353026794,-5.279999999999999,-0.7732598973652816,0.0,-45.695897353026794,-62.5037920817229,-1.0172131455577846,1.0417281591142356,0.39318313841635216,bounce_support
XAUUSD.a,15m,1,0.11,2021-09-01 17:30:00,1812.086715946141,2021-09-02 17:00:00,1808.1027052455127,1808.1730125311092,1819.0839749377815,stop,90,-43.82411770691306,-2.6399999999999997,-0.7733801415620787,-9.1212,-52.94531770691306,-71.47335570678221,-1.2298353222529992,1.8592916157602595,1.2911770560973277,bounce_support
XAUUSD.a,15m,-1,0.18,2021-09-02 22:15:00,1809.1178543735846,2021-09-03 04:00:00,1811.9157816280174,1811.6478414223704,1804.1543171552594,stop,19,-50.362690579790524,-4.32,-0.5029237016432443,5.4414,-44.92129057979052,-60.69460436117187,-0.986418984093396,1.506784640753366,0.18097103453719987,bounce_resistance
XAUUSD.a,15m,-1,0.29,2021-09-03 05:00:00,1812.9089383136632,2021-09-03 05:30:00,1814.7237625461166,1814.4513133752675,1809.887373249465,stop,2,-52.629902741150765,-6.959999999999999,-0.9410259546223628,0.0,-52.629902741150765,-71.05811403498335,-1.176642619315747,1.2584887649296188,0.2975529915439119,bounce_resistance
XAUUSD.a,15m,1,0.24,2021-09-03 12:00:00,1811.782701120216,2021-09-03 14:00:00,1814.67310178202,1809.92844910899,1814.67310178202,target,8,69.36961588329723,-5.76,-0.0,0.0,69.36961588329723,93.27885096183469,1.5587960235744855,0.2549281960349492,1.7243065454032271,bounce_support
XAUUSD.a,15m,1,0.15,2021-09-03 21:00:00,1831.475558708591,2021-09-03 22:45:00,1828.4147097122257,1828.4668387681772,1836.6363224636457,stop,7,-45.912734945480906,-3.5999999999999996,-0.7819358392754108,0.0,-45.912734945480906,-61.61046543320796,-1.017325991446187,1.0654227618640324,0.0,bounce_support
XAUUSD.a,15m,1,0.23,2021-09-06 03:00:00,1827.8449622060978,2021-09-06 03:45:00,1825.8455336583459,1825.882613159146,1830.9747736817076,stop,3,-45.9868565982938,-5.52,-0.8528285184033837,0.0,-45.9868565982938,-61.84437203068062,-1.018895466562305,1.2000730500804562,0.0,bounce_support
XAUUSD.a,15m,1,0.25,2021-09-06 07:00:00,1825.985102774931,2021-09-06 08:45:00,1827.4276923076923,1824.2095442497998,1827.4276923076923,target,7,36.064738319032585,-6.0,-0.0,0.0,36.064738319032585,48.495620798247316,0.8124708435925824,0.3182676137860073,1.0277877069324934,bounce_support
XAUUSD.a,15m,1,0.22,2021-09-06 10:00:00,1826.7347081110206,2021-09-06 11:30:00,1824.6519922013788,1824.6907409246294,1828.391836734694,stop,6,-45.81975001212004,-5.279999999999999,-0.8524719115145949,0.0,-45.81975001212004,-61.63539146101701,-1.0189576053415053,1.3966506556598366,0.13957752887563532,bounce_support
XAUUSD.a,15m,-1,0.28,2021-09-06 16:30:00,1823.5345553441573,2021-09-07 03:00:00,1825.3984352586886,1825.1299276222935,1820.5401447554127,stop,22,-52.1886376068751,-6.720000000000001,-0.7982138190588528,8.464400000000001,-43.72423760687509,-58.68552547026427,-0.9788185089661736,1.26330680522868,1.3630394447481664,bounce_resistance
XAUUSD.a,15m,1,0.24,2021-09-07 06:45:00,1823.1609468169138,2021-09-07 07:30:00,1821.3045063723798,1821.3360505178387,1826.027898964323,stop,3,-44.55457066881536,-5.76,-0.7570594910098698,0.0,-44.55457066881536,-59.943185164157995,-1.017285445466038,1.1129108092021314,0.043319274156170366,bounce_support
XAUUSD.a,15m,-1,0.15,2021-09-07 16:30:00,1812.4843375894848,2021-09-07 17:00:00,1807.314255481808,1815.302872259096,1807.074255481808,target,2,77.55123161515144,-3.5999999999999996,-0.0,0.0,77.55123161515144,105.00471412247164,1.834315597895423,0.9067344241210903,4.80545360520731,bounce_resistance
XAUUSD.a,15m,-1,0.11,2021-09-07 20:15:00,1796.5540237116393,2021-09-08 05:45:00,1800.6866393835712,1800.408552279252,1789.0128954414956,stop,34,-45.45877239125139,-2.6399999999999997,-0.41895814751073274,9.9759,-35.48287239125139,-47.99003542326191,-0.8368638642441659,1.163819701857601,0.901283685073562,bounce_resistance
XAUUSD.a,15m,-1,0.23,2021-09-08 10:15:00,1797.3177470920853,2021-09-08 10:15:00,1799.533899142171,1799.245519780299,1793.5589604394017,stop,0,-50.97149715197429,-5.52,-1.1127253230588878,0.0,-50.97149715197429,-69.2152537301734,-1.1495919947591506,1.3550627228437955,0.02995534299159145,bounce_resistance
XAUUSD.a,15m,-1,0.12,2021-09-08 20:15:00,1792.6148115079031,2021-09-09 14:00:00,1796.4868929746365,1796.2062629347718,1785.7774741304565,stop,67,-46.46497760080001,-2.88,-0.4875604783760715,3.6275999999999997,-42.83737760080001,-58.022426960679425,-0.9939662388378239,1.3268141276942542,1.671973470942591,bounce_resistance
XAUUSD.a,15m,1,0.11,2021-09-09 17:45:00,1785.9855883627004,2021-09-09 18:15:00,1792.5789526881306,1782.2005236559348,1792.5789526881306,target,2,72.52700757973253,-2.6399999999999997,-0.0,0.0,72.52700757973253,98.27907310559037,1.7419423011831412,0.5853501946057017,1.8267618054034147,bounce_support
XAUUSD.a,15m,1,0.16,2021-09-10 12:15:00,1801.8434197768145,2021-09-10 12:30:00,1799.0728107813213,1799.1232383275988,1806.4635233448023,stop,1,-44.32974392789038,-3.84,-0.8068407404391562,0.0,-44.32974392789038,-59.94556312087948,-1.0185383023959569,1.0453051864000793,0.028152615777775076,bounce_support
XAUUSD.a,15m,1,0.18,2021-09-10 13:30:00,1795.9670574786414,2021-09-10 13:30:00,1793.4906470556286,1793.5462332735906,1799.857533452819,stop,0,-44.575387614230294,-4.32,-1.000551923316924,0.0,-44.575387614230294,-60.263069995444376,-1.0229616912479516,1.180200310572128,0.0,bounce_support
XAUUSD.a,15m,-1,0.17,2021-09-10 22:15:00,1789.4902099338992,2021-09-13 04:00:00,1784.7837193771866,1792.0231403114067,1784.5437193771866,target,19,80.01033946411508,-4.08,-0.0,5.1391,85.14943946411508,115.72833829065479,1.9774687062822396,0.04729307491608084,2.2938687875095605,bounce_resistance
XAUUSD.a,15m,-1,0.21,2021-09-13 04:15:00,1787.8187787042425,2021-09-13 04:15:00,1786.809788235294,1789.8584454423901,1786.569788235294,target,0,21.188799847917835,-5.04,-0.0,0.0,21.188799847917835,28.798129643662875,0.49468398443601275,0.18200095575156844,0.7838431025719698,bounce_resistance
XAUUSD.a,15m,-1,0.21,2021-09-13 05:00:00,1788.3851410398038,2021-09-13 06:00:00,1790.7890664008287,1790.4995078641966,1786.5022352941176,stop,4,-50.48243258152297,-5.04,-1.0407292692712566,0.0,-50.48243258152297,-68.63315738304236,-1.1369481081955617,1.3833261695430041,0.15850657319127565,bounce_resistance
XAUUSD.a,15m,-1,0.14,2021-09-13 16:30:00,1790.6483691888543,2021-09-13 16:45:00,1794.054552579841,1793.7468168071737,1785.4664235294117,stop,1,-47.68656747381238,-3.3600000000000003,-0.9483008173418297,0.0,-47.68656747381238,-64.720304384865,-1.099319340061701,1.2140372452661075,0.25444005707671874,bounce_resistance
XAUUSD.a,15m,1,0.29,2021-09-14 02:00:00,1793.1186468249384,2021-09-14 03:45:00,1791.5829339438737,1791.6085935334722,1793.8080952380953,stop,7,-44.5356735508758,-6.959999999999999,-0.7441280983542028,0.0,-44.5356735508758,-60.48412857300603,-1.0169925059886966,1.442761548384165,0.10685263624364064,bounce_support
XAUUSD.a,15m,-1,0.4,2021-09-14 08:45:00,1793.178431325892,2021-09-14 10:15:00,1794.5394812390173,1794.260530415772,1790.898939168456,stop,6,-54.441996525010836,-9.6,-1.558032929806743,0.0,-54.441996525010836,-74.06872809584887,-1.257786764496841,1.5817115919557203,1.4217102114579594,bounce_resistance
XAUUSD.a,15m,1,0.17,2021-09-14 10:45:00,1790.9092207113213,2021-09-14 11:00:00,1788.4044608721556,1788.4507968629243,1793.110995475113,stop,1,-42.580917265816424,-4.08,-0.7877118430699015,0.0,-42.580917265816424,-57.99397636410446,-1.0188478446460538,1.138624128279043,0.30132285332403674,bounce_support
XAUUSD.a,15m,1,0.1,2021-09-14 21:15:00,1806.6801062547934,2021-09-15 03:30:00,1802.5952336118287,1802.630817049595,1813.9083659008104,stop,21,-40.84872642964683,-2.4,-0.35583437766264314,-24.875999999999998,-65.72472642964684,-89.86644939516358,-1.6231176164268624,1.000201776053386,0.0,bounce_support
XAUUSD.a,15m,-1,0.23,2021-09-16 03:00:00,1795.0747462031338,2021-09-16 06:45:00,1791.770042918455,1796.9380916035338,1791.530042918455,target,15,76.00817554761488,-5.52,-0.0,0.0,76.00817554761488,103.77676134951925,1.7735323166437404,0.5985223118734753,2.1760572152985573,bounce_resistance
XAUUSD.a,15m,-1,0.08,2021-09-16 19:00:00,1754.6885634679174,2021-09-17 07:45:00,1760.2438180487525,1759.9673517275196,1744.5552965449606,stop,47,-44.44203664668021,-1.92,-0.2917305698630359,2.4184,-42.02363664668021,-57.54928192418752,-0.9951061346853354,1.0990091374719775,0.5945613488490327,bounce_resistance
XAUUSD.a,15m,1,0.17,2021-09-17 10:15:00,1763.219841131971,2021-09-17 10:45:00,1760.7496896951268,1760.797592893875,1767.2548142122503,stop,2,-41.99257442635076,-4.08,-0.8143543787170289,0.0,-41.99257442635076,-57.3935631664308,-1.019776337534174,1.283865577053948,0.4500607538416051,bounce_support
XAUUSD.a,15m,1,0.11,2021-09-17 15:45:00,1757.8812195777305,2021-09-17 15:45:00,1754.1490295348246,1754.2258589014205,1764.3182821971589,stop,0,-41.054090471963946,-2.6399999999999997,-0.8451230325544375,0.0,-41.054090471963946,-56.15693714874831,-1.021018272449481,1.4064876309060637,0.10362326889501293,bounce_support
XAUUSD.a,15m,-1,0.09,2021-09-17 18:45:00,1755.1905143259119,2021-09-20 05:15:00,1748.4603524229074,1759.4523906825204,1748.2203524229074,target,38,60.5714571270405,-2.16,-0.0,2.7207,63.292157127040504,87.52286126950219,1.6500858576292983,0.06088531256563011,3.069191415097944,bounce_resistance
XAUUSD.a,15m,-1,0.17,2021-09-20 09:15:00,1751.2936311185633,2021-09-20 09:45:00,1753.9764524042985,1753.6811487744812,1746.6277024510373,stop,2,-45.60796185749746,-4.08,-0.940161706893074,0.0,-45.60796185749746,-63.04928578389684,-1.1236864695367843,1.0832878554954242,0.5125118616527866,bounce_resistance
XAUUSD.a,15m,1,0.14,2021-09-20 21:00:00,1763.0771602728935,2021-09-21 10:00:00,1760.0156162112876,1760.0590622288125,1768.2218755423748,stop,48,-42.86161686248261,-3.3600000000000003,-0.608244245348245,-11.608800000000002,-54.470416862482615,-74.9249200309252,-1.289137730047034,1.12559639325034,1.011511118100958,bounce_support
XAUUSD.a,15m,1,0.1,2021-09-21 19:15:00,1776.7522564848,2021-09-22 03:45:00,1772.5829368100403,1772.6151636389754,1784.1496727220492,stop,30,-41.69319674759663,-2.4,-0.3222682893513802,-24.875999999999998,-66.56919674759664,-92.06339097692737,-1.609081527256101,1.0713456646914292,0.3620280160527768,bounce_support
XAUUSD.a,15m,1,0.24,2021-09-22 13:45:00,1774.3288411432397,2021-09-22 14:15:00,1772.573136363864,1772.6190635567789,1777.001872886442,stop,2,-42.13691470501726,-5.76,-1.1022526299554902,0.0,-42.13691470501726,-58.120684016355064,-1.02686150133125,1.0988804380859791,0.6089440316709772,bounce_support
XAUUSD.a,15m,-1,0.17,2021-09-22 16:30:00,1773.7908891018362,2021-09-22 16:30:00,1776.5366570175938,1776.2379906703484,1769.014018659303,stop,0,-46.678054567879144,-4.08,-0.9973279031721103,0.0,-46.678054567879144,-64.41284249089811,-1.1220490195783064,1.8794115280470964,0.1352167421630046,bounce_resistance
XAUUSD.a,15m,-1,0.13,2021-09-22 18:30:00,1778.0144678845531,2021-09-22 21:00:00,1781.4434000310603,1781.1112976506906,1771.9874046986185,stop,10,-44.57611790459259,-3.12,-1.1973309448040055,0.0,-44.57611790459259,-61.55562017315592,-1.1072394692149472,2.8337147270423184,3.072325120544172,bounce_resistance
XAUUSD.a,15m,-1,0.18,2021-09-23 08:15:00,1764.2097703431707,2021-09-23 08:30:00,1766.7381060762423,1766.4502790542301,1759.7894418915398,stop,1,-45.51004319528829,-4.32,-0.8608863962187387,0.0,-45.51004319528829,-62.83053745570153,-1.1284650314419236,1.133773613238109,0.05792003509301883,bounce_resistance
XAUUSD.a,15m,-1,0.14,2021-09-23 11:30:00,1769.325112220404,2021-09-23 12:15:00,1772.449580047683,1772.1374223663206,1763.7751552673585,stop,3,-43.742549581905685,-3.3600000000000003,-1.0102075390727092,0.0,-43.742549581905685,-60.07354196512489,-1.1109968905156469,1.5840670297564192,0.9085456752036861,bounce_resistance
XAUUSD.a,15m,-1,0.15,2021-09-23 12:30:00,1770.9833881020138,2021-09-23 13:00:00,1773.9349213724843,1773.6186585350379,1765.7326829299243,stop,2,-44.27299905705695,-3.5999999999999996,-1.1439425616967267,0.0,-44.27299905705695,-60.87643904113652,-1.1200115303094262,2.123733423276723,0.2593237086600026,bounce_resistance
XAUUSD.a,15m,-1,0.13,2021-09-23 20:45:00,1751.9947838831897,2021-09-23 23:15:00,1746.3983357154498,1754.995832142275,1746.1583357154498,target,10,72.75382618061917,-3.12,-0.0,0.0,72.75382618061917,99.74475758242276,1.8648311138607374,0.41159488624377444,4.703284540812923,bounce_resistance
XAUUSD.a,15m,-1,0.19,2021-09-24 03:45:00,1747.9214059250758,2021-09-24 04:30:00,1750.3065400125336,1750.0098871430316,1743.9802257139368,stop,3,-45.3175476616982,-4.56,-1.0764045205357922,0.0,-45.3175476616982,-62.153757490808374,-1.1420423927931203,1.3687430130313145,0.623135086821439,bounce_resistance
XAUUSD.a,15m,-1,0.14,2021-09-24 04:45:00,1750.302600604594,2021-09-24 08:30:00,1753.3169703078925,1753.0352710886593,1744.949457822681,stop,15,-42.2011758461772,-3.3600000000000003,-0.5837890692624205,0.0,-42.2011758461772,-57.85421123900143,-1.1030856888438538,1.4518396632673463,0.6120754823339507,bounce_resistance
XAUUSD.a,15m,1,0.19,2021-09-24 14:45:00,1752.774720320706,2021-09-24 14:45:00,1750.6650844364017,1750.7171649174604,1756.0656701650792,stop,0,-40.08308180178028,-4.56,-0.9895291401156621,0.0,-40.08308180178028,-55.30073922046892,-1.0253118243992791,1.6109993030940482,0.12406940726426947,bounce_support
XAUUSD.a,15m,1,0.2,2021-09-24 15:00:00,1749.7455117263696,2021-09-24 15:15:00,1747.7046346483583,1747.7624545529445,1752.975090894111,stop,1,-40.817541560227255,-4.8,-1.1563980917268923,0.0,-40.817541560227255,-56.373926607592374,-1.0291569528912785,1.4752533439652646,0.8544828138786114,bounce_support
XAUUSD.a,15m,-1,0.1,2021-09-24 19:00:00,1752.5779520989338,2021-09-27 04:15:00,1756.6709487710807,1756.3812765586633,1745.097446882673,stop,33,-40.9299667214691,-2.4,-0.4967221241744334,3.023,-37.9069667214691,-52.02070389530404,-0.9966798027051507,1.567588556851693,1.7321562145666283,bounce_resistance
XAUUSD.a,15m,-1,0.13,2021-09-27 15:30:00,1751.1643168305934,2021-09-27 15:45:00,1754.5202813209835,1754.2106511921672,1745.2086976156656,stop,1,-43.627538375071026,-3.12,-0.9051916746117387,0.0,-43.627538375071026,-60.04257906589646,-1.1016402311978282,1.2722448390085006,0.848336565805713,bounce_resistance
XAUUSD.a,15m,-1,0.35,2021-09-28 02:45:00,1750.609537059054,2021-09-28 03:30:00,1750.4757180156657,1751.7423561608334,1750.2357180156657,target,3,4.683666518589007,-8.4,-0.0,0.0,4.683666518589007,6.44103982423264,0.11812922573255903,0.9184722779760158,0.7940694658493683,bounce_resistance
XAUUSD.a,15m,-1,0.07,2021-09-28 16:30:00,1740.3781977410476,2021-09-28 16:45:00,1730.4846285230856,1745.4626857384574,1730.2446285230856,target,1,69.25498452573447,-1.6800000000000002,-0.0,0.0,69.25498452573447,95.61247570269693,1.9458339213313736,0.17146313638590432,2.106052319624479,bounce_resistance
XAUUSD.a,15m,-1,0.06,2021-09-28 17:30:00,1739.3652854196705,2021-09-29 17:15:00,1726.942361434605,1745.8388192826976,1726.7023614346049,target,91,74.53754391039365,-1.44,-0.0,5.4414,79.97894391039365,111.25802508192645,2.059126323753005,0.9538398517687033,2.087775503401886,bounce_resistance
XAUUSD.a,15m,-1,0.13,2021-09-30 10:45:00,1732.2420342691282,2021-09-30 13:15:00,1726.9045473070048,1735.1927263464975,1726.6645473070048,target,10,69.38733050760447,-3.12,-0.0,0.0,69.38733050760447,96.52949348599715,1.8088932434055216,0.6262821339593287,2.027332609528562,bounce_resistance
XAUUSD.a,15m,-1,0.15,2021-09-30 15:45:00,1732.1944553332942,2021-09-30 15:45:00,1735.2167206789902,1734.8934036789315,1726.963192642137,stop,0,-45.33398018544062,-3.5999999999999996,-1.24975500087978,0.0,-45.33398018544062,-62.87740493687932,-1.1197936968973028,2.1065777994218835,0.6463463208230523,bounce_resistance
XAUUSD.a,15m,1,0.09,2021-09-30 20:15:00,1757.4586853786984,2021-10-01 02:45:00,1753.0362429471395,1753.082435652502,1765.2851286949963,stop,22,-39.80198188403028,-2.16,-0.41573434826331773,-7.4628,-47.264781884030285,-65.38489892239308,-1.2000326215669006,1.0622532235469202,0.23337667756663094,bounce_support
XAUUSD.a,15m,1,0.15,2021-10-01 08:30:00,1751.5845576547188,2021-10-01 09:45:00,1755.744964311604,1749.047517844198,1755.744964311604,target,5,62.40609985327865,-3.5999999999999996,-0.0,0.0,62.40609985327865,86.64866270483832,1.639866524613654,0.26194214689215695,2.079369162204112,bounce_support
XAUUSD.a,15m,1,0.16,2021-10-04 04:45:00,1764.3914707504769,2021-10-04 05:00:00,1761.8311779157546,1761.8778193182047,1766.06125,stop,1,-40.96468535555687,-3.84,-0.7462624392025818,0.0,-40.96468535555687,-56.41663846463602,-1.018555238746057,1.28159008409724,0.0,bounce_support
XAUUSD.a,15m,1,0.18,2021-10-04 09:30:00,1759.3002845072274,2021-10-04 09:45:00,1757.019059951515,1757.066963372296,1761.8789855072464,stop,1,-41.062042002824455,-4.32,-0.8622615740602878,0.0,-41.062042002824455,-56.542931111970994,-1.0214494100430884,1.2225221283777807,0.22823206425627043,bounce_support
XAUUSD.a,15m,-1,0.2,2021-10-04 14:30:00,1750.171862686746,2021-10-04 14:30:00,1749.2667676767676,1752.1288098745144,1749.0267676767676,target,0,18.101900199567353,-4.8,-0.0,0.0,18.101900199567353,24.83522692290549,0.46250354410966404,0.6224681590120934,0.9565218205405355,bounce_resistance
XAUUSD.a,15m,1,0.13,2021-10-04 22:15:00,1764.221462590152,2021-10-04 23:45:00,1769.2136241070987,1761.2581879464508,1769.2136241070987,target,6,64.89809972030685,-3.12,-0.0,0.0,64.89809972030685,89.04422117682704,1.6846772969755368,0.2063469180799104,1.7610711247911857,bounce_support
XAUUSD.a,15m,1,0.18,2021-10-05 03:45:00,1766.7492262703681,2021-10-05 04:30:00,1764.4406073327766,1764.485154225633,1770.4696915487339,stop,3,-41.55514087664733,-4.32,-0.8018440714150701,0.0,-41.55514087664733,-57.19358200400144,-1.0196755633108403,1.355622175321396,0.0,bounce_support
XAUUSD.a,15m,-1,0.16,2021-10-05 15:30:00,1760.4568880021209,2021-10-05 16:00:00,1755.9283877332841,1762.860806133358,1755.6883877332841,target,2,72.45600430138802,-3.84,-0.0,0.0,72.45600430138802,99.49877686572283,1.8837997059851168,0.3382444632008581,3.197649662954647,bounce_resistance
XAUUSD.a,15m,-1,0.1,2021-10-05 18:45:00,1759.557413313617,2021-10-06 07:15:00,1752.321573634294,1763.4192131828531,1752.081573634294,target,46,72.35839679322908,-2.4,-0.0,9.069,81.42739679322908,112.17439977025634,2.1085348684662626,0.9043934964640722,2.0579557674460744,bounce_resistance
XAUUSD.a,15m,-1,0.15,2021-10-06 09:45:00,1753.5842396676235,2021-10-06 10:00:00,1751.592873345936,1756.2342376774068,1751.352873345936,target,1,29.87049482531347,-3.5999999999999996,-0.0,0.0,29.87049482531347,41.29751807730329,0.7514595536811002,0.16066439703150115,2.3261299234437804,bounce_resistance
XAUUSD.a,15m,-1,0.14,2021-10-06 14:15:00,1751.6612749058484,2021-10-06 14:15:00,1754.9014901468272,1754.5884025055998,1745.9531949888005,stop,0,-45.36301337370379,-3.3600000000000003,-1.0232269771838753,0.0,-45.36301337370379,-62.62149830715597,-1.1069607082567905,1.7760500412052467,0.0,bounce_resistance
XAUUSD.a,15m,1,0.17,2021-10-06 22:30:00,1764.3994092260655,2021-10-07 04:00:00,1761.9874302311437,1762.0240331263778,1768.311933747244,stop,18,-41.003642913670774,-4.08,-0.6222492189821835,-14.096400000000001,-55.10004291367078,-75.61209094531614,-1.3644908675085343,1.287968345925464,0.30756846211878297,bounce_support
XAUUSD.a,15m,-1,0.24,2021-10-07 08:15:00,1759.575362555835,2021-10-07 09:00:00,1756.5919419104573,1761.2240290447712,1756.3519419104573,target,3,71.6020954890646,-5.76,-0.0,0.0,71.6020954890646,98.13345689526972,1.8095962193680017,0.4516604474962105,2.1686390666810764,bounce_resistance
XAUUSD.a,15m,-1,0.16,2021-10-07 21:15:00,1756.820061017937,2021-10-07 21:15:00,1756.8425,1759.3809879230496,1756.6025,target,0,-0.3590237130083551,-3.84,-0.0,0.0,-0.3590237130083551,-0.49114051027134764,-0.008762054870923876,0.07807289683429576,0.5740347430464375,bounce_resistance
XAUUSD.a,15m,-1,0.15,2021-10-07 21:30:00,1756.28061380237,2021-10-07 21:30:00,1756.4675903614457,1758.9913935475936,1756.2275903614457,target,0,-2.8046483861351135,-3.5999999999999996,-0.0,0.0,-2.8046483861351135,-3.836728298406448,-0.06897519409503042,0.19528927002008495,0.3986357815584247,bounce_resistance
XAUUSD.a,15m,-1,0.17,2021-10-07 22:00:00,1755.8323812887782,2021-10-08 04:15:00,1758.444044009439,1758.1634861598016,1751.1930276803967,stop,21,-44.3982662512351,-4.08,-0.6894834438376185,5.1391,-39.2591662512351,-53.66353133113959,-0.9906730277849037,1.0027943145241949,1.073474351104432,bounce_resistance
XAUUSD.a,15m,-1,0.23,2021-10-08 04:30:00,1757.9628499026053,2021-10-08 05:30:00,1759.975917829081,1759.694869497721,1754.5802610045582,stop,4,-46.30056230894206,-5.52,-0.9441116212842189,0.0,-46.30056230894206,-63.27374418714324,-1.16226625388806,1.3840201947799553,0.22104247762843676,bounce_resistance
XAUUSD.a,15m,-1,0.2,2021-10-11 04:15:00,1757.961002271923,2021-10-11 04:30:00,1760.3116064667338,1760.0112882026267,1754.0074235947466,stop,1,-47.0120838962157,-4.8,-1.2063652821426265,0.0,-47.0120838962157,-64.17681477627939,-1.1464762839220266,1.4675990714350164,0.24923463809146704,bounce_resistance
XAUUSD.a,15m,-1,0.18,2021-10-11 14:45:00,1754.9293831678408,2021-10-11 15:00:00,1757.440655468485,1757.1522891665488,1752.2333660130719,stop,1,-45.20290141159421,-4.32,-0.8705934348485106,0.0,-45.20290141159421,-61.58013951582891,-1.129724919588905,1.0214632708170968,0.17966714205321724,bounce_resistance
XAUUSD.a,15m,-1,0.19,2021-10-11 15:15:00,1756.885487527373,2021-10-11 15:30:00,1752.8819880341962,1758.9690059829018,1752.6419880341962,target,1,76.06649037035982,-4.56,-0.0,0.0,76.06649037035982,103.62576169247302,1.921509014020632,0.5157201606617567,2.167241434982731,bounce_resistance
XAUUSD.a,15m,-1,0.2,2021-10-12 01:00:00,1753.4467203296522,2021-10-12 03:15:00,1751.942918092098,1755.478540953951,1751.702918092098,target,9,30.076044751085647,-4.8,-0.0,0.0,30.076044751085647,40.98949880897533,0.7401254911826541,0.5479222215946865,1.0910019827252446,bounce_resistance
XAUUSD.a,15m,1,0.19,2021-10-12 07:15:00,1757.9362021469185,2021-10-12 08:00:00,1758.9475609756098,1755.8134522804246,1758.9475609756098,target,3,19.2158177451347,-4.56,-0.0,0.0,19.2158177451347,26.123000238087386,0.4764380602043034,0.6812871218346381,1.0994219761446298,bounce_support
XAUUSD.a,15m,1,0.15,2021-10-12 11:15:00,1758.1635322730829,2021-10-12 13:45:00,1762.5540000000003,1755.4923972771057,1762.5540000000003,target,10,65.85701590376175,-3.5999999999999996,-0.0,0.0,65.85701590376175,89.22264117455393,1.6436712234798057,0.6489871443014277,1.9192095250288117,bounce_support
XAUUSD.a,15m,1,0.14,2021-10-12 15:30:00,1757.9755803498044,2021-10-12 15:30:00,1754.9908867828906,1755.059257307597,1763.5214853848065,stop,0,-41.78570993679387,-3.3600000000000003,-0.9571873458897776,0.0,-41.78570993679387,-56.75401344198227,-1.0234440848002118,1.3837905785463422,0.0,bounce_support
XAUUSD.a,15m,1,0.24,2021-10-13 02:45:00,1760.1619335436965,2021-10-13 03:00:00,1760.8574455445544,1758.4886635082455,1760.8574455445544,target,1,16.69228802058933,-5.76,-0.0,0.0,16.69228802058933,22.74246634138906,0.4156603453849808,0.16849255513045955,0.8893163833550389,bounce_support
XAUUSD.a,15m,1,0.22,2021-10-13 06:00:00,1760.9447377379786,2021-10-13 10:30:00,1763.777195958117,1759.1314020209416,1763.777195958117,target,18,62.31408084304712,-5.279999999999999,-0.0,0.0,62.31408084304712,84.80183016663553,1.5620153474761436,0.42724451446002665,2.649957322780333,bounce_support
XAUUSD.a,15m,1,0.12,2021-10-13 15:45:00,1760.5636396213872,2021-10-13 16:15:00,1766.5024534663728,1757.1387732668136,1766.5024534663728,target,2,71.26576613982706,-2.88,-0.0,0.0,71.26576613982706,96.82322447126116,1.7340279094554443,0.7835749905403825,2.518743648812182,bounce_support
XAUUSD.a,15m,1,0.07,2021-10-13 19:30:00,1794.673026699441,2021-10-14 05:15:00,1788.7391616160633,1788.7825733268044,1796.5280582524272,stop,35,-41.537055583643685,-1.6800000000000002,-0.3038819751872474,-5.804400000000001,-47.341455583643686,-64.15526829960386,-1.1481399911923131,1.0632503651645957,0.08097395402107625,bounce_support
XAUUSD.a,15m,1,0.13,2021-10-14 16:45:00,1794.9189388742457,2021-10-15 08:30:00,1791.7919738411006,1791.8235915743896,1800.1528168512205,stop,59,-40.65054543088627,-3.12,-0.41103053275891355,-10.7796,-51.43014543088627,-69.28858544295296,-1.2781005327993746,1.1400784895477498,1.437984398700995,bounce_support
XAUUSD.a,15m,-1,0.15,2021-10-15 20:45:00,1768.9524772003574,2021-10-18 02:45:00,1772.0063775589203,1771.7151433058118,1763.5697133883764,stop,20,-45.808505378444124,-3.5999999999999996,-0.7685137966281332,4.5344999999999995,-41.27400537844412,-55.59387594413422,-0.9959945406107487,1.1175881129995346,1.4922097144560362,bounce_resistance
XAUUSD.a,15m,1,0.11,2021-10-19 16:15:00,1778.7933662707803,2021-10-19 17:15:00,1775.0579067124834,1775.1520704799145,1785.4058590401708,stop,4,-41.090055141266475,-2.6399999999999997,-1.035801441742834,0.0,-41.090055141266475,-54.95673970317044,-1.0258599610796149,1.8217048687503128,1.0014659447242167,bounce_support
XAUUSD.a,15m,1,0.09,2021-10-19 18:00:00,1773.371667176153,2021-10-19 19:00:00,1768.6192397159127,1768.7067386571655,1781.9765226856694,stop,4,-42.771847142163324,-2.16,-0.7874904712744151,0.0,-42.771847142163324,-57.17397024751146,-1.0187567592722193,1.1707933259689725,0.0,bounce_support
XAUUSD.a,15m,-1,0.14,2021-10-19 21:30:00,1770.2890693597694,2021-10-20 04:15:00,1773.4377864083594,1773.1552926525537,1764.6794146948923,stop,23,-44.08203868026022,-3.3600000000000003,-0.5949125812813884,12.696600000000002,-31.385438680260215,-41.92999342737698,-0.7821501744940031,1.0853762329203083,1.203349846626578,bounce_resistance
XAUUSD.a,15m,1,0.19,2021-10-20 13:45:00,1778.8587465201276,2021-10-20 15:00:00,1782.4240912639427,1776.6729543680285,1782.4240912639427,target,5,67.74155013248696,-4.56,-0.0,0.0,67.74155013248696,90.41489279992388,1.631145367774858,0.20530155152062005,2.5625736987358496,bounce_support
XAUUSD.a,15m,1,0.09,2021-10-20 16:45:00,1780.3690365871328,2021-10-21 05:00:00,1788.1287273073501,1776.0406363463248,1788.1287273073501,target,45,69.83721648195615,-2.16,-0.0,-7.4628,62.374416481956146,82.70275322455072,1.6011667901866047,0.8361141266495384,1.8877559740968024,bounce_support
XAUUSD.a,15m,1,0.16,2021-10-21 10:00:00,1783.746664099378,2021-10-21 10:00:00,1781.0719647171047,1781.1269608661714,1786.74858974359,stop,0,-42.795190116372396,-3.84,-0.8799383850690754,0.0,-42.795190116372396,-57.12575769064847,-1.0209932744936892,1.109539455665849,0.0,bounce_support
XAUUSD.a,15m,1,0.14,2021-10-21 14:30:00,1778.111076735183,2021-10-21 15:15:00,1783.224331292854,1775.102834353573,1783.224331292854,target,3,71.58556380739537,-3.3600000000000003,-0.0,0.0,71.58556380739537,95.49070753060771,1.6997481948028808,0.5455267651353898,1.7647923908231993,bounce_support
XAUUSD.a,15m,1,0.2,2021-10-22 15:00:00,1792.6635660551854,2021-10-22 15:15:00,1796.053786064022,1790.5731069679891,1796.053786064022,target,1,67.804400176733,-4.8,-0.0,0.0,67.804400176733,90.44928255793847,1.621758602979262,0.6618479470177326,3.456864565815073,bounce_support
XAUUSD.a,15m,1,0.08,2021-10-22 18:45:00,1788.2762185741854,2021-10-22 19:30:00,1796.9424097733438,1783.318795113328,1796.9424097733438,target,3,69.32952959326758,-1.92,-0.0,0.0,69.32952959326758,92.84417338699072,1.748124054276293,0.777867496015427,1.8283250356520813,bounce_support
XAUUSD.a,15m,1,0.09,2021-10-22 22:15:00,1793.07296322117,2021-10-25 11:15:00,1801.5438670838705,1788.3980664580647,1801.5438670838705,target,48,76.23813476430382,-2.16,-0.0,-7.4628,68.77533476430382,91.72735304263094,1.6346251585723344,0.33433106662485285,1.8710652281911533,bounce_support
XAUUSD.a,15m,1,0.15,2021-10-25 13:30:00,1799.5469641747738,2021-10-25 15:00:00,1803.1841666666667,1796.6750916341555,1803.1841666666667,target,6,54.55803737839233,-3.5999999999999996,-0.0,0.0,54.55803737839233,72.92392886238365,1.2664916149480863,0.15215305296239265,1.2894151021162024,bounce_support
XAUUSD.a,15m,1,0.17,2021-10-25 22:30:00,1806.3795195013984,2021-10-26 04:30:00,1803.885246625087,1803.920218986035,1810.4895620279297,stop,20,-42.40263889729499,-4.08,-0.594530136116789,-14.096400000000001,-56.499038897294994,-75.33305630381071,-1.351389492886134,1.496165059297238,0.7849713715513015,bounce_support
XAUUSD.a,15m,-1,0.21,2021-10-26 12:30:00,1803.0384895184338,2021-10-26 15:15:00,1799.3397064304077,1805.055146784796,1799.0997064304077,target,11,77.67444484854968,-5.04,-0.0,0.0,77.67444484854968,103.26714020573765,1.8341158657555332,0.784223729012154,4.352990299769161,bounce_resistance
XAUUSD.a,15m,-1,0.18,2021-10-26 23:30:00,1793.9385276846385,2021-10-27 04:45:00,1789.5498140018008,1796.3000929990997,1789.3098140018008,target,17,78.99684629107969,-4.32,-0.0,16.324199999999998,95.32104629107968,126.78031321134212,2.242416777723604,0.18694054856675263,2.3960919691648397,bounce_resistance
XAUUSD.a,15m,-1,0.23,2021-10-27 09:15:00,1787.924234294133,2021-10-27 09:30:00,1790.1372869755633,1789.8577990281055,1784.134401943789,stop,1,-50.90021167289751,-5.52,-0.9082227915269916,0.0,-50.90021167289751,-67.61092884663078,-1.1445454308030776,1.3166177791403342,0.15734373346165278,bounce_resistance
XAUUSD.a,15m,1,0.18,2021-10-28 02:15:00,1796.728720556738,2021-10-28 03:45:00,1794.333946549289,1794.3743859762233,1800.6312280475536,stop,6,-43.10593213407947,-4.32,-0.7279096848169688,0.0,-43.10593213407947,-57.5060127991028,-1.017176584530037,1.0400902985516445,0.17893779701017382,bounce_support
XAUUSD.a,15m,1,0.18,2021-10-28 07:00:00,1799.0320728114186,2021-10-28 09:15:00,1802.9515053518314,1796.6942473240842,1802.9515053518314,target,9,70.54978572743039,-4.32,-0.0,0.0,70.54978572743039,93.94112613506044,1.676529134294699,0.231870520000489,1.7742672458032562,bounce_support
XAUUSD.a,15m,1,0.16,2021-10-28 11:00:00,1802.252730179917,2021-10-28 12:00:00,1799.5407301057603,1799.5884925745993,1803.4361678832117,stop,4,-43.39200118650842,-3.84,-0.7641995014238204,0.0,-43.39200118650842,-57.76357985424444,-1.0179272557161,1.2058722440913439,0.3442897954191963,bounce_support
XAUUSD.a,15m,1,0.07,2021-10-28 18:00:00,1799.0337975086195,2021-10-29 11:15:00,1792.7106717584438,1792.7690419610128,1810.5919160779745,stop,65,-44.26188025122975,-1.6800000000000002,-0.4085914179831061,-5.804400000000001,-50.06628025122975,-66.45201912775046,-1.1416767495274531,1.0525227135380353,0.8549739013243419,bounce_support
XAUUSD.a,15m,-1,0.15,2021-10-29 12:45:00,1797.1165476837625,2021-10-29 15:00:00,1791.9412000186558,1799.8893999906722,1791.7012000186558,target,9,77.63021497660134,-3.5999999999999996,-0.0,0.0,77.63021497660134,103.20147693042107,1.866434664482563,0.7441623598543586,4.070374630353523,bounce_resistance
XAUUSD.a,15m,-1,0.09,2021-10-29 20:00:00,1777.9622588353482,2021-10-29 20:15:00,1783.2401155746838,1782.899097523919,1768.321804952162,stop,1,-47.50071065402108,-2.16,-0.9091624568840463,0.0,-47.50071065402108,-63.18936659131202,-1.0690761988141062,1.0427201473220513,0.00045754692235722665,bounce_resistance
XAUUSD.a,15m,-1,0.14,2021-10-29 22:15:00,1783.1601798866811,2021-11-01 05:00:00,1786.462650977907,1786.1716026184802,1777.2867947630398,stop,23,-46.23459527716296,-3.3600000000000003,-0.7146770319765042,4.232200000000001,-42.00239527716296,-55.90777776216985,-0.9962636794714029,1.019391957463563,1.3648631403621474,bounce_resistance
XAUUSD.a,15m,-1,0.18,2021-11-01 12:30:00,1784.915016076356,2021-11-01 13:00:00,1787.5556319889988,1787.2635599244898,1780.3228801510206,stop,2,-47.53108642756888,-4.32,-0.9372971611622557,0.0,-47.53108642756888,-63.345220800385,-1.1243630451018238,1.377442420849316,0.0361994843842194,bounce_resistance
XAUUSD.a,15m,1,0.23,2021-11-02 01:00:00,1792.8181947646278,2021-11-02 03:30:00,1790.9499627183097,1790.9844777088517,1793.5311489361702,stop,10,-42.96933706531627,-5.52,-0.7938447824666919,0.0,-42.96933706531627,-57.121086161935885,-1.0188224188858759,1.1333235725117066,0.1864002051437442,bounce_support
XAUUSD.a,15m,1,0.23,2021-11-02 03:45:00,1791.7226664227164,2021-11-02 04:00:00,1789.8102203112037,1789.845927114273,1792.987469879518,stop,1,-43.98626056479293,-5.52,-0.821256470596287,0.0,-43.98626056479293,-58.419343592839965,-1.0190259792123206,1.205637038951963,0.0,bounce_support
XAUUSD.a,15m,-1,0.2,2021-11-02 23:00:00,1788.2993533019473,2021-11-03 03:15:00,1784.4596718336613,1790.4151640831692,1784.2196718336613,target,13,76.79362936572034,-4.8,-0.0,18.138,94.93162936572034,127.6838012155111,2.243386559144447,0.014484611915475867,2.5708127353459713,bounce_resistance
XAUUSD.a,15m,-1,0.13,2021-11-03 20:30:00,1763.6299215068675,2021-11-03 21:00:00,1767.0560720246383,1766.7296868307144,1757.6106263385714,stop,2,-44.53995673102031,-3.12,-1.123007521010506,0.0,-44.53995673102031,-59.83256099598381,-1.1052935173553218,2.1485750685368386,0.7161579264692326,bounce_resistance
XAUUSD.a,15m,-1,0.1,2021-11-03 22:45:00,1773.753667929563,2021-11-04 03:00:00,1778.2131215905988,1777.8993527006344,1765.661294598731,stop,13,-44.594536610356954,-2.4,-0.7376888996436497,3.023,-41.57153661035695,-55.73936956686191,-1.0027664645523586,1.0821691272193863,1.5398343776904273,bounce_resistance
XAUUSD.a,15m,1,0.21,2021-11-04 09:15:00,1772.2218911188086,2021-11-04 10:15:00,1775.3619952634515,1770.2440023682743,1775.3619952634515,target,4,65.9421870375013,-5.04,-0.0,0.0,65.9421870375013,88.64507795171502,1.5876040266646667,0.7391169591382268,1.8950049036777488,bounce_support
XAUUSD.a,15m,1,0.1,2021-11-04 19:30:00,1792.9404659586412,2021-11-05 15:30:00,1788.81266175426,1788.8955368950872,1800.188926209826,stop,76,-41.27804204381164,-2.4,-0.828751408271436,-8.292,-49.57004204381164,-67.14533294116036,-1.2254860657619893,1.9531778764247523,1.7749468355448654,bounce_support
XAUUSD.a,15m,1,0.14,2021-11-05 15:45:00,1790.7668608014644,2021-11-05 16:00:00,1795.8013888888888,1787.7303524486192,1795.8013888888888,target,1,70.48339322394168,-3.3600000000000003,-0.0,0.0,70.48339322394168,95.4580944837164,1.6579990905366884,0.2920659844829083,2.0461459270197295,bounce_support
XAUUSD.a,15m,1,0.14,2021-11-08 02:00:00,1816.1397008136025,2021-11-08 02:45:00,1813.1076709370152,1813.1634862909611,1821.2230274180774,stop,3,-42.44841827222263,-3.3600000000000003,-0.7814149552425178,0.0,-42.44841827222263,-57.41626418176764,-1.0187538074024347,1.0918906513225153,0.0,bounce_support
XAUUSD.a,15m,1,0.19,2021-11-08 22:45:00,1824.9285229228683,2021-11-09 04:45:00,1822.6938170153517,1822.7372854072896,1828.505429185421,stop,20,-42.459412242815915,-4.56,-0.8258994468216457,-15.754800000000001,-58.21421224281592,-78.62960214330315,-1.3982536743432348,1.3866698161498763,1.0503092707975707,bounce_support
XAUUSD.a,15m,1,0.23,2021-11-09 08:45:00,1823.97749076796,2021-11-09 09:30:00,1822.1027013698983,1822.1508267801796,1826.8283464396409,stop,3,-43.120156155418954,-5.52,-1.1068844364705535,0.0,-43.120156155418954,-58.136923493891,-1.026346066163898,1.7121324933768136,0.7677981508488944,bounce_support
XAUUSD.a,15m,1,0.19,2021-11-10 03:00:00,1829.688795235762,2021-11-10 03:45:00,1827.440395999348,1827.483442136175,1833.246266318538,stop,3,-42.71958549186388,-4.56,-0.8178765997110492,0.0,-42.71958549186388,-57.96730554150006,-1.019518931836788,1.0605082860427442,0.5446768431155441,bounce_support
XAUUSD.a,15m,-1,0.22,2021-11-10 15:15:00,1826.889041773263,2021-11-10 15:30:00,1829.1452089255183,1828.799259966849,1823.1614800663024,stop,1,-49.635677349617254,-5.279999999999999,-2.3308770907289387,0.0,-49.635677349617254,-67.32086986249459,-1.1811044203384786,12.972841694182243,2.3761902114136078,bounce_resistance
XAUUSD.a,15m,1,0.08,2021-11-10 19:15:00,1852.3718951310143,2021-11-10 20:00:00,1847.5919222850325,1847.7169951728815,1860.7160096542368,stop,3,-38.239782767854194,-1.92,-1.0005831027927197,0.0,-38.239782767854194,-52.056661994410675,-1.026869081822152,1.830736472891415,0.33257532555152225,bounce_support
XAUUSD.a,15m,1,0.11,2021-11-11 03:00:00,1850.4262165116118,2021-11-11 03:30:00,1846.7445194438276,1846.8179811055293,1855.19,stop,2,-40.49866774562588,-2.6399999999999997,-0.8080782787191563,0.0,-40.49866774562588,-55.30413872321878,-1.0203594426178098,1.0742692965867953,0.2643351613867927,bounce_support
XAUUSD.a,15m,1,0.15,2021-11-11 14:15:00,1861.69640972211,2021-11-11 14:15:00,1858.9477230818322,1859.0173376649973,1866.1953246700057,stop,0,-41.23029960416716,-3.5999999999999996,-1.0442187474746643,0.0,-41.23029960416716,-56.45588805324746,-1.0259845878277989,2.103866414173445,0.0050727556408599415,bounce_support
XAUUSD.a,15m,1,0.09,2021-11-11 18:15:00,1860.746745559754,2021-11-12 04:30:00,1856.515775613529,1856.5607684123456,1868.228463175309,stop,37,-38.078729516023486,-2.16,-0.4049351893499265,-7.4628,-45.54152951602349,-62.541582460412926,-1.2088384069076485,1.2199649878441439,0.71267814782343,bounce_support
XAUUSD.a,15m,-1,0.24,2021-11-12 08:00:00,1859.7811846800419,2021-11-12 09:45:00,1856.7288491188635,1861.4705754405682,1856.4888491188635,target,7,73.25605346827979,-5.76,-0.0,0.0,73.25605346827979,100.26285649332064,1.8067670502870716,0.15320038797742358,2.474965992319854,bounce_resistance
XAUUSD.a,15m,-1,0.11,2021-11-12 15:30:00,1857.8475936229568,2021-11-12 17:00:00,1861.6008338658003,1861.2772330113578,1851.1155339772847,stop,6,-41.28564267127854,-2.6399999999999997,-0.9196093988659189,0.0,-41.28564267127854,-56.39729891575512,-1.0943541923203024,1.5431378572750671,1.261821764000209,bounce_resistance
XAUUSD.a,15m,1,0.12,2021-11-12 23:15:00,1865.07967995015,2021-11-15 03:15:00,1861.8075684280045,1861.8629714991998,1870.6740570016002,stop,12,-39.26533826574541,-2.88,-0.6648368543435447,-9.9504,-49.215738265745415,-67.04776070206721,-1.275002563858103,1.3335619362342077,0.855010670624372,bounce_support
XAUUSD.a,15m,1,0.12,2021-11-15 05:15:00,1858.7604004933098,2021-11-15 12:15:00,1864.4818318675384,1855.4790840662308,1864.4818318675384,target,28,68.65717649074304,-2.88,-0.0,0.0,68.65717649074304,93.21708075807237,1.7436390245733697,0.728488259645793,1.8588879317926408,bounce_support
XAUUSD.a,15m,1,0.13,2021-11-15 17:45:00,1860.1356849331453,2021-11-15 20:45:00,1865.4878933307723,1857.0310533346137,1865.4878933307723,target,12,69.57870916915113,-3.12,-0.0,0.0,69.57870916915113,94.59927012433702,1.7239431564629124,0.17254379985011575,1.8019255712982942,bounce_support
XAUUSD.a,15m,1,0.15,2021-11-15 23:45:00,1863.2000741186323,2021-11-16 04:30:00,1867.691395674418,1860.594302162791,1867.691395674418,target,15,67.36982333678384,-3.5999999999999996,-0.0,-12.438,54.931823336783836,74.60420656623411,1.405388352413743,0.6102123077455163,2.172072605463462,bounce_support
XAUUSD.a,15m,1,0.21,2021-11-16 09:30:00,1863.742370241271,2021-11-16 10:45:00,1866.79926137424,1861.7603693128801,1866.79926137424,target,5,64.1947137923487,-5.04,-0.0,0.0,64.1947137923487,87.4325322006329,1.5423257825872527,0.7680976428739227,5.311616966434306,bounce_support
XAUUSD.a,15m,1,0.17,2021-11-16 14:30:00,1872.9980827133795,2021-11-16 14:45:00,1870.5382569778242,1870.5972579000315,1875.2111977715879,stop,1,-41.817037504440805,-4.08,-1.0030156775236334,0.0,-41.817037504440805,-57.00172776330858,-1.0245752717479968,1.5070165441742271,0.11742518031847483,bounce_support
XAUUSD.a,15m,-1,0.15,2021-11-17 06:00:00,1853.6354416812983,2021-11-17 09:15:00,1856.6084688866872,1856.3215163061675,1848.928693877551,stop,13,-44.59540808083375,-3.5999999999999996,-0.7042887077960984,0.0,-44.59540808083375,-61.13901383424103,-1.1068297127201678,1.390340493195884,0.6237509806265472,bounce_resistance
XAUUSD.a,15m,1,0.21,2021-11-18 02:00:00,1866.8271353150794,2021-11-18 02:15:00,1868.273444676409,1864.8737461168275,1868.273444676409,target,1,30.372496587923024,-5.04,-0.0,0.0,30.372496587923024,41.83539474920527,0.7404102380744095,0.14699339759656038,1.6447642322358227,bounce_support
XAUUSD.a,15m,1,0.18,2021-11-18 03:15:00,1868.5504214727155,2021-11-18 04:45:00,1866.2172702953965,1866.2667558647656,1872.5764882704684,stop,6,-41.996721191741926,-4.32,-0.8907402486438997,0.0,-41.996721191741926,-57.79338790887463,-1.0216693587699028,1.379545876483933,0.7529905084607639,bounce_support
XAUUSD.a,15m,1,0.15,2021-11-18 05:30:00,1866.2731643819009,2021-11-18 08:30:00,1863.6016232246711,1863.6466687102138,1870.7066625795724,stop,12,-40.0731173584461,-3.5999999999999996,-0.6756822831408578,0.0,-40.0731173584461,-55.038686643747475,-1.0171504130116282,1.2043288005379438,0.42902626120660287,bounce_support
XAUUSD.a,15m,-1,0.09,2021-11-18 16:45:00,1865.2420976298488,2021-11-19 09:45:00,1856.730476642433,1869.7197616787835,1856.490476642433,target,64,76.60458888674293,-2.16,-0.0,2.7207,79.32528888674292,108.9273987788956,1.9684194461870956,0.07099736976176098,2.0573445281229916,bounce_resistance
XAUUSD.a,15m,1,0.1,2021-11-19 16:15:00,1859.236743994765,2021-11-19 16:15:00,1855.2849394323578,1855.385055424505,1863.6646987951806,stop,0,-39.51804562407233,-2.4,-1.0011599214721403,0.0,-39.51804562407233,-54.44531863393953,-1.025992753651033,1.9048123598086526,0.0,bounce_support
XAUUSD.a,15m,1,0.09,2021-11-19 18:15:00,1859.5238296468654,2021-11-19 19:30:00,1855.2255694002313,1855.3352834920354,1863.642530120482,stop,5,-38.68434221970665,-2.16,-0.9874268262360665,0.0,-38.68434221970665,-53.40780624545319,-1.0261938361781193,3.8924794055485785,0.0921967524911772,bounce_support
XAUUSD.a,15m,-1,0.11,2021-11-19 22:00:00,1849.570241078307,2021-11-22 01:00:00,1842.834437975284,1853.2227810123582,1842.5944379752839,target,8,74.0938341332535,-2.6399999999999997,-0.0,3.3253,77.4191341332535,107.064117676776,1.9269065445142781,0.024574384760686314,3.019882404426655,bounce_resistance
XAUUSD.a,15m,-1,0.1,2021-11-22 02:00:00,1844.8071833910806,2021-11-22 06:00:00,1848.9462718618788,1848.6504056386368,1841.897992277992,stop,16,-41.39088470798242,-2.4,-0.5586622324200011,0.0,-41.39088470798242,-57.06883508159941,-1.0769838963724077,1.0441281691348876,0.18660991867870308,bounce_resistance
XAUUSD.a,15m,-1,0.08,2021-11-22 21:30:00,1805.0758869042177,2021-11-23 01:00:00,1809.9496949551185,1809.62387257833,1796.2022548433401,stop,10,-38.99046440720667,-1.92,-0.6865790143071786,2.4184,-36.572064407206675,-50.602665459032664,-1.0051720428501631,1.0431240192303701,0.4674348286359806,bounce_resistance
XAUUSD.a,15m,-1,0.12,2021-11-23 19:30:00,1784.9389038860827,2021-11-23 20:45:00,1788.6156805686962,1788.281329210934,1781.827608695652,stop,5,-44.12132019136243,-2.88,-1.1322162931458286,0.0,-44.12132019136243,-61.11748028336278,-1.100032558775891,1.3017781075216135,0.8882483817988474,bounce_resistance
XAUUSD.a,15m,-1,0.09,2021-11-23 21:00:00,1789.0698777309092,2021-11-24 03:45:00,1793.5927150619048,1793.2921099353555,1780.8626521739131,stop,23,-40.70553597896014,-2.16,-0.5454461389435817,8.162099999999999,-32.54343597896015,-45.06527263267531,-0.8564041852524695,1.6650250219984406,0.35523335957927027,bounce_resistance
XAUUSD.a,15m,1,0.18,2021-11-24 08:15:00,1794.3811240956443,2021-11-24 09:30:00,1792.0906239327453,1792.1465643414406,1798.0368713171185,stop,5,-41.22900293218163,-4.32,-1.0069273565161374,0.0,-41.22900293218163,-57.124453310307906,-1.0250341968211152,1.1237668139866972,0.890052682911743,bounce_support
XAUUSD.a,15m,1,0.18,2021-11-24 09:45:00,1792.95715834824,2021-11-24 10:30:00,1790.7323104645438,1790.7914530434887,1796.4570939130228,stop,3,-40.04726190653082,-4.32,-1.0645664210083652,0.0,-40.04726190653082,-55.475573711411464,-1.027308691914397,1.0052883665490284,0.832450125049215,bounce_support
XAUUSD.a,15m,1,0.13,2021-11-24 10:45:00,1791.4794835012517,2021-11-24 12:15:00,1788.5380154235659,1788.6001122333678,1796.2797755332647,stop,6,-38.239085009915925,-3.12,-0.8072585274257669,0.0,-38.239085009915925,-53.02661796058398,-1.0215661003825847,1.0764445473992086,0.8371676572712008,bounce_support
XAUUSD.a,15m,-1,0.1,2021-11-24 18:00:00,1784.5495449540658,2021-11-24 18:30:00,1788.7691500687022,1788.4355967312313,1781.3225833333333,stop,2,-42.196051146363516,-2.4,-0.9355333747093331,0.0,-42.196051146363516,-58.631685118891056,-1.0858334774206746,1.7576850329350309,0.2932397763616377,bounce_resistance
XAUUSD.a,15m,-1,0.08,2021-11-24 18:45:00,1788.9288146006134,2021-11-25 04:15:00,1793.8592652374466,1793.5682198632635,1780.6598333333334,stop,34,-39.443605094666054,-1.92,-0.40836299346474947,2.4184,-37.025205094666056,-51.41175707772617,-0.9975741231516262,1.1555760050856543,1.3921643475749923,bounce_resistance
XAUUSD.a,15m,1,0.16,2021-11-25 05:15:00,1793.0595480673337,2021-11-25 05:15:00,1792.80700729927,1790.6758091948461,1792.80700729927,target,0,-4.040652289018908,-3.84,-0.0,0.0,-4.040652289018908,-5.609290329727088,-0.10594313453475689,0.22634529040115592,0.08828648770855253,bounce_support
XAUUSD.a,15m,1,0.17,2021-11-25 05:30:00,1793.2289946339529,2021-11-25 12:15:00,1791.0086868845754,1791.045929966643,1796.7881400667143,stop,27,-37.74523173941793,-4.08,-0.633132395147177,0.0,-37.74523173941793,-52.51437439398121,-1.0170599994701275,1.3142050608552238,0.8341509041465872,bounce_support
XAUUSD.a,15m,1,0.23,2021-11-25 12:30:00,1790.9145123841372,2021-11-25 17:00:00,1789.251634700854,1789.2910749443,1793.3678501114005,stop,18,-38.24618671551161,-5.52,-0.9071255992565385,0.0,-38.24618671551161,-53.20616378769892,-1.0242942798274859,1.7706332955000312,1.1983754767031192,bounce_support
XAUUSD.a,15m,1,0.07,2021-11-26 17:00:00,1798.8548904274533,2021-11-26 18:30:00,1793.8340510710937,1793.9768451151579,1807.876309769684,stop,6,-35.14587549451721,-1.6800000000000002,-0.9995583084497597,0.0,-35.14587549451721,-49.344858539160704,-1.0292727998455204,3.7750552216145663,0.7779980155126971,bounce_support
XAUUSD.a,15m,-1,0.06,2021-11-29 01:45:00,1790.2839492561934,2021-11-29 05:15:00,1796.3945416273284,1796.0612500214172,1779.3474999571656,stop,14,-36.66355422680999,-1.44,-0.5597496354678206,0.0,-36.66355422680999,-51.307837088653464,-1.0576898485045876,1.0932528875466692,0.07338189120176204,bounce_resistance
XAUUSD.a,15m,-1,0.11,2021-11-29 05:30:00,1795.7691051963407,2021-11-29 10:45:00,1799.4839615143542,1799.1702414325648,1789.1495171348702,stop,21,-40.86341949814869,-2.6399999999999997,-0.8109208996835436,0.0,-40.86341949814869,-57.21405099009925,-1.0922397869418057,1.0293309531011092,1.3610466840574644,bounce_resistance
XAUUSD.a,15m,1,0.1,2021-11-29 13:15:00,1794.2660316067322,2021-11-29 14:15:00,1790.4357278067364,1790.5031122736204,1800.9337754527592,stop,4,-38.30303799995818,-2.4,-0.6738446688413381,0.0,-38.30303799995818,-53.6074204699139,-1.0179074970571655,1.0646073572402126,0.30932589572822455,bounce_support
XAUUSD.a,15m,-1,0.15,2021-11-29 22:15:00,1784.7789255775665,2021-11-30 01:30:00,1787.5666749958327,1787.2718927083956,1780.186214583209,stop,9,-41.816241273993455,-3.5999999999999996,-0.8217343115579904,4.5344999999999995,-37.281741273993454,-52.17367266187141,-0.9969844317360099,1.2118388506103916,0.9261757000376296,bounce_resistance
XAUUSD.a,15m,1,0.17,2021-11-30 06:15:00,1788.8182749151904,2021-11-30 07:30:00,1792.3962913881653,1786.6268543059173,1792.3962913881653,target,5,60.8262800405737,-4.08,-0.0,0.0,60.8262800405737,85.63101662688285,1.632738351475916,0.39621554689966443,2.309791677321447,bounce_support
XAUUSD.a,15m,1,0.05,2021-11-30 18:00:00,1784.9148005493703,2021-11-30 18:00:00,1777.6616572184646,1777.81885804252,1798.0722839149596,stop,0,-36.26571665452843,-1.2,-0.7860041202780855,0.0,-36.26571665452843,-51.154124627305784,-1.022153621439823,1.8453927067093734,0.0,bounce_support
XAUUSD.a,15m,-1,0.07,2021-12-01 01:00:00,1773.6631561520826,2021-12-01 03:00:00,1778.7793215219463,1778.4617200160621,1767.5365599678755,stop,8,-35.81315758904566,-1.6800000000000002,-0.5432105411880768,0.0,-35.81315758904566,-50.19504063049512,-1.066186783147389,1.0079773834469943,0.31533521173720686,bounce_resistance
XAUUSD.a,15m,-1,0.12,2021-12-01 04:45:00,1777.891812167982,2021-12-01 07:30:00,1781.1538262492866,1780.8573385031793,1772.1053229936415,stop,11,-39.1441689756557,-2.88,-0.6778529532872786,0.0,-39.1441689756557,-54.61189639027261,-1.0999781194279954,1.301012837493902,0.24340103118113182,bounce_resistance
XAUUSD.a,15m,1,0.09,2021-12-01 15:00:00,1786.313404490281,2021-12-01 15:15:00,1788.7401425661915,1782.2768239856814,1788.7401425661915,target,1,21.840642683193664,-2.16,-0.0,0.0,21.840642683193664,30.50923028370188,0.601186591756351,0.9050741056986104,0.6779489487700148,bounce_support
XAUUSD.a,15m,1,0.08,2021-12-01 16:30:00,1785.713338482123,2021-12-01 16:45:00,1788.6253971486763,1781.4958125010767,1788.6253971486763,target,1,23.296469332426568,-1.92,-0.0,0.0,23.296469332426568,32.52651987828849,0.6904660883276671,0.5864429746818897,0.9950529141342853,bounce_support
XAUUSD.a,15m,1,0.06,2021-12-01 18:00:00,1786.2970855384658,2021-12-01 20:30:00,1780.8036383222905,1780.8921248518461,1788.510651731161,stop,10,-32.96068329705213,-1.44,-0.5309191773337891,0.0,-32.96068329705213,-46.2722979799137,-1.0163713548878757,1.0207448043283125,0.29841372676902955,bounce_support
XAUUSD.a,15m,1,0.09,2021-12-01 20:45:00,1782.1286059468678,2021-12-01 22:45:00,1778.077608810663,1778.156566661871,1788.300285132383,stop,8,-36.458974225843576,-2.16,-0.7106206608723735,0.0,-36.458974225843576,-51.38758012916825,-1.019878416486546,1.2055786973093243,0.33770916068201945,bounce_support
XAUUSD.a,15m,-1,0.13,2021-12-02 04:15:00,1780.8517335458262,2021-12-02 05:45:00,1779.5083703703704,1783.6895213996688,1779.2683703703703,target,6,17.463721280925483,-3.12,-0.0,0.0,17.463721280925483,24.54942052789053,0.47338393306488885,0.35882402301316835,0.6419555088867469,bounce_resistance
XAUUSD.a,15m,-1,0.12,2021-12-02 14:45:00,1780.306814278835,2021-12-02 15:30:00,1774.6010366621329,1783.3444816689334,1774.3610366621328,target,3,68.46933140042529,-2.88,-0.0,0.0,68.46933140042529,96.52812750299624,1.8783417945297605,0.30062070789635065,2.2243430274359177,bounce_resistance
XAUUSD.a,15m,-1,0.16,2021-12-02 23:45:00,1768.8126823012165,2021-12-03 02:45:00,1771.3071279566107,1771.013849963515,1764.5823000729697,stop,8,-39.91113048630723,-3.84,-0.852447889529228,4.8368,-35.07433048630723,-49.542813840198924,-0.9959012631982302,1.4116678851891074,1.2414694019096084,bounce_resistance
XAUUSD.a,15m,1,0.16,2021-12-03 09:00:00,1772.0518885229683,2021-12-03 10:00:00,1769.790150524266,1769.838985453898,1775.662029092204,stop,4,-36.18780797923682,-3.84,-0.7813588741117413,0.0,-36.18780797923682,-51.27131661387175,-1.0220682642247456,2.011786501267187,0.7944819190703575,bounce_support
XAUUSD.a,15m,1,0.08,2021-12-03 23:00:00,1783.2114404568374,2021-12-06 01:00:00,1784.86,1779.1439583070476,1784.86,target,4,13.188476345299932,-1.92,-0.0,-6.6336,6.554876345299932,9.34089028030315,0.20144146009462552,0.6248190805136411,0.41267778968603963,bounce_support
XAUUSD.a,15m,1,0.17,2021-12-06 06:45:00,1782.562315679543,2021-12-06 08:30:00,1785.9744479169008,1780.4477760415496,1785.9744479169008,target,7,58.00624803508277,-4.08,-0.0,0.0,58.00624803508277,82.73251470495167,1.6136525303426144,0.7104693865983249,1.6588406561087685,bounce_support
XAUUSD.a,15m,1,0.14,2021-12-06 10:15:00,1781.754435765129,2021-12-06 11:00:00,1779.1175217322984,1779.174863483021,1786.090273033958,stop,3,-36.91679645962904,-3.3600000000000003,-0.8027845101151757,0.0,-36.91679645962904,-52.55059994253244,-1.022229169975307,1.0639111701441757,0.07968927108449608,bounce_support
XAUUSD.a,15m,1,0.13,2021-12-06 11:45:00,1778.5404273144648,2021-12-06 16:30:00,1775.6534392338115,1775.7221038817563,1783.3357922364874,stop,19,-37.530845048492665,-3.12,-0.8926404232815708,0.0,-37.530845048492665,-53.259415690090066,-1.0243636507960534,1.0113911275702676,1.561060251096613,bounce_support
XAUUSD.a,15m,-1,0.13,2021-12-06 18:45:00,1781.6519514180422,2021-12-06 18:45:00,1784.7536324615182,1784.4415595885816,1777.280995475113,stop,0,-40.321853565187894,-3.12,-0.9369473481770197,0.0,-40.321853565187894,-57.249337751573,-1.1118697873889059,1.106982914149073,0.1620125087154482,bounce_resistance
XAUUSD.a,15m,-1,0.22,2021-12-07 08:00:00,1780.9943252816572,2021-12-07 08:00:00,1782.9278737989082,1782.649361721394,1777.761276557212,stop,0,-42.538067379521635,-5.279999999999999,-0.8472657053150613,0.0,-42.538067379521635,-59.99473559584451,-1.16828153799356,1.1212289190671307,0.0026134056950977086,bounce_resistance
XAUUSD.a,15m,-1,0.23,2021-12-07 08:30:00,1781.8837937377555,2021-12-07 09:00:00,1783.7239144586758,1783.4427344205176,1778.7245311589645,stop,2,-42.322776581168455,-5.52,-0.947140877639253,0.0,-42.322776581168455,-59.67762740756138,-1.1803660917104701,1.1778551182532422,0.6503093728745016,bounce_resistance
XAUUSD.a,15m,1,0.11,2021-12-08 14:30:00,1785.32279505595,2021-12-08 15:00:00,1782.129812565451,1782.1954969873048,1790.7290060253904,stop,2,-35.12280739549078,-2.6399999999999997,-0.7225286403914983,0.0,-35.12280739549078,-49.15030421983037,-1.0210035693470865,1.0241412828734813,0.30608049601888193,bounce_support
XAUUSD.a,15m,-1,0.12,2021-12-08 19:15:00,1783.3484314985037,2021-12-08 21:45:00,1786.5107903619803,1786.2244577728793,1777.6910844542417,stop,10,-37.948306361719006,-2.88,-0.5559910692116175,0.0,-37.948306361719006,-52.86531123207306,-1.0995584051690066,1.047128299323351,0.13853541674968595,bounce_resistance
XAUUSD.a,15m,-1,0.21,2021-12-08 22:00:00,1785.6205322067472,2021-12-08 23:45:00,1782.6037694222548,1787.2931152888727,1782.3637694222548,target,7,63.3520184743395,-5.04,-0.0,0.0,63.3520184743395,88.35090785069312,1.8036549674163491,0.7290925074424487,1.997229460495263,bounce_resistance
XAUUSD.a,15m,1,0.13,2021-12-09 11:30:00,1783.6228914723938,2021-12-09 13:45:00,1780.859266866315,1780.9083091380162,1787.0033779264213,stop,9,-35.9271198790243,-3.12,-0.637549532115629,0.0,-35.9271198790243,-50.31245781848575,-1.0180662310662338,1.5666835441073481,0.19786046671132743,bounce_support
XAUUSD.a,15m,-1,0.14,2021-12-09 21:00:00,1778.2325943287221,2021-12-10 08:15:00,1773.8858510638297,1780.7959041076663,1773.6458510638297,target,41,60.85440570849415,-3.3600000000000003,-0.0,4.232200000000001,65.08660570849415,90.94753819394138,1.8136876405189915,0.5451567667539504,2.6304250793673165,bounce_resistance
XAUUSD.a,15m,1,0.13,2021-12-10 22:15:00,1782.3521038952465,2021-12-13 04:00:00,1786.9505110631708,1779.6447444684145,1786.9505110631708,target,19,59.779293183015625,-3.12,-0.0,-10.7796,48.99969318301562,68.38852347278487,1.3922078947363092,0.6471633865388925,2.1599999049983643,bounce_support
XAUUSD.a,15m,1,0.21,2021-12-13 06:45:00,1786.0017421692878,2021-12-13 08:15:00,1784.2398440721308,1784.2746506982357,1788.6106986035286,stop,6,-36.999860040296426,-5.04,-0.7309391482054342,0.0,-36.999860040296426,-51.696720795149474,-1.020153319432298,1.1474448241474107,0.4621977724352287,bounce_support
XAUUSD.a,15m,1,0.16,2021-12-13 15:30:00,1783.3950933919677,2021-12-13 16:15:00,1787.1099605091495,1781.1700197454254,1787.1099605091495,target,3,59.43787387490738,-3.84,-0.0,0.0,59.43787387490738,83.33736277012336,1.6695479374152122,0.7168721783418238,1.8268638498096275,bounce_support
XAUUSD.a,15m,-1,0.22,2021-12-14 02:45:00,1786.5857489532993,2021-12-14 03:15:00,1788.5231860799465,1788.2454409761783,1783.760550660793,stop,2,-42.62361678623802,-5.279999999999999,-0.8303922829001273,0.0,-42.62361678623802,-59.93281230928165,-1.167347375259672,1.358234549317322,0.16011943760410952,bounce_resistance
XAUUSD.a,15m,-1,0.24,2021-12-14 08:15:00,1788.0188753421414,2021-12-14 09:45:00,1785.3577137690897,1789.501143115455,1785.1177137690897,target,6,63.867877753240464,-5.76,-0.0,0.0,63.867877753240464,89.69325733880162,1.795331195187887,0.29085477375982244,2.5898662922148334,bounce_resistance
XAUUSD.a,15m,-1,0.25,2021-12-14 23:30:00,1771.0936904519006,2021-12-14 23:30:00,1771.2801287553648,1772.5231988946437,1771.0401287553648,target,0,-4.6609575866057185,-6.0,-0.0,0.0,-4.6609575866057185,-6.560663232089577,-0.13042126782159486,0.018404611902010596,0.19145773730124507,bounce_resistance
XAUUSD.a,15m,-1,0.26,2021-12-14 23:45:00,1771.0143411339077,2021-12-14 23:45:00,1771.1191208791208,1772.4133721418123,1770.8791208791208,target,0,-2.724273375541543,-6.24,-0.0,0.0,-2.724273375541543,-3.8346283648746455,-0.07489451243119521,0.07552289084031949,0.5391882879261791,bounce_resistance
XAUUSD.a,15m,-1,0.18,2021-12-15 01:00:00,1769.863259624343,2021-12-15 01:00:00,1772.0954068092772,1771.8152962457914,1767.8994075084172,stop,0,-40.17864932881366,-4.32,-0.7219901427426741,0.0,-40.17864932881366,-56.55857955322241,-1.1434965719433836,1.00753251964998,0.03752984116084561,bounce_resistance
XAUUSD.a,15m,-1,0.19,2021-12-15 01:45:00,1772.3656811205108,2021-12-15 07:30:00,1768.9062178006225,1774.251891099689,1768.6662178006225,target,23,65.7298030778777,-4.56,-0.0,0.0,65.7298030778777,92.37552256043526,1.8340817608205238,0.797535214051076,2.2137944166376053,bounce_resistance
XAUUSD.a,15m,-1,0.2,2021-12-15 10:30:00,1769.5442570978728,2021-12-15 11:45:00,1771.6059696318837,1771.3255196636055,1766.0589606727888,stop,5,-41.23425068021788,-4.8,-0.8089993655617145,0.0,-41.23425068021788,-57.84665228278932,-1.1574444855426453,1.0361992317331705,0.9511551696343749,bounce_resistance
XAUUSD.a,15m,-1,0.17,2021-12-15 15:00:00,1771.6088402838548,2021-12-15 16:30:00,1767.8724686739033,1773.7337656630484,1767.6324686739033,target,6,63.51831736917462,-4.08,-0.0,0.0,63.51831736917462,89.18606763433672,1.7583542681246,0.9888157658235518,3.4442810818288945,bounce_resistance
XAUUSD.a,15m,1,0.13,2021-12-16 06:45:00,1782.3638026347369,2021-12-16 12:15:00,1787.145078419899,1779.5624607900504,1787.145078419899,target,22,62.15658520710667,-3.12,-0.0,0.0,62.15658520710667,86.30102218333958,1.7067805538374659,0.5189665222380282,1.754943751184106,bounce_support
XAUUSD.a,15m,1,0.18,2021-12-17 02:30:00,1798.9848858522068,2021-12-17 03:15:00,1799.5156133828998,1796.9003944104447,1799.5156133828998,target,3,9.553095552473224,-4.32,-0.0,0.0,9.553095552473224,13.308854210745645,0.25460768034831066,0.8562692158131179,0.6069174103798191,bounce_support
XAUUSD.a,15m,1,0.18,2021-12-17 07:30:00,1803.5596787951667,2021-12-17 08:45:00,1807.1935915419272,1801.5032042290366,1807.1935915419272,target,5,65.41042944168748,-4.32,-0.0,0.0,65.41042944168748,91.32346169869108,1.767059416445202,0.379133692197297,1.813939868876092,bounce_support
XAUUSD.a,15m,1,0.18,2021-12-17 13:15:00,1807.4335455630417,2021-12-17 14:30:00,1810.2807109848973,1805.3596445075514,1810.2807109848973,target,5,51.24897759340092,-4.32,-0.0,0.0,51.24897759340092,71.58678250230608,1.3728549943683312,0.37299058264797696,2.2018670682815054,bounce_support
XAUUSD.a,15m,1,0.12,2021-12-17 15:45:00,1809.6030484568453,2021-12-17 15:45:00,1806.5676135173367,1806.6321862026045,1814.455627594791,stop,0,-36.425219274103256,-2.88,-0.7748722232144353,0.0,-36.425219274103256,-50.91587821373113,-1.0217353346408784,1.6806731613753192,0.0,bounce_support
XAUUSD.a,15m,-1,0.29,2021-12-20 01:00:00,1799.2917890739495,2021-12-20 01:00:00,1800.8902124071735,1800.592896018098,1792.8142079638042,stop,0,-46.35427666349574,-6.959999999999999,-1.6621752831919343,0.0,-46.35427666349574,-65.13817104885368,-1.2285103391483372,1.8508939152782407,0.7622656065360802,bounce_resistance
XAUUSD.a,15m,-1,0.15,2021-12-20 05:00:00,1801.9986326018286,2021-12-20 09:15:00,1800.0516593886462,1804.3740406620884,1799.8116593886461,target,17,29.204598197736686,-3.5999999999999996,-0.0,0.0,29.204598197736686,41.1767334476372,0.8196373691556353,0.9056832946572461,1.220267224954878,bounce_resistance
XAUUSD.a,15m,-1,0.18,2021-12-21 01:45:00,1790.7700267270714,2021-12-21 07:30:00,1793.085750508061,1792.8098749525639,1786.8102500948721,stop,23,-41.68302805781332,-4.32,-0.6457599989494172,0.0,-41.68302805781332,-58.57977972035151,-1.1352431774332206,1.313810135203384,0.7549712315971489,bounce_resistance
XAUUSD.a,15m,-1,0.14,2021-12-21 20:00:00,1787.3800996398732,2021-12-22 01:15:00,1790.275014764868,1789.998480929913,1782.263038140174,stop,17,-40.52881174992854,-3.3600000000000003,-0.5114736893703501,12.696600000000002,-27.83221174992854,-38.93869601400246,-0.7592534870903376,1.0578674582893632,0.2979320249654522,bounce_resistance
XAUUSD.a,15m,-1,0.24,2021-12-22 11:15:00,1788.1661516263478,2021-12-22 12:15:00,1789.9542468995562,1789.6787883692607,1786.4106451612904,stop,4,-42.914286557002924,-5.76,-0.8510047270894298,0.0,-42.914286557002924,-59.921090447936166,-1.1821048785084036,1.2652399081398729,0.40733614943218455,bounce_resistance
XAUUSD.a,15m,1,0.22,2021-12-23 02:15:00,1803.6416705791694,2021-12-23 03:00:00,1805.065059760956,1801.9552588878907,1805.065059760956,target,3,31.314561999306534,-5.279999999999999,-0.0,0.0,31.314561999306534,43.44297050485077,0.8440342231661406,0.3271268706345314,1.0011371657121588,bounce_support
XAUUSD.a,15m,1,0.2,2021-12-23 03:15:00,1803.8539447004282,2021-12-23 03:15:00,1805.078924302789,1802.0072501248019,1805.078924302789,target,0,24.49959204721381,-4.8,-0.0,0.0,24.49959204721381,33.988502049351865,0.6633363299641645,0.1754186667919143,0.7992958440737904,bounce_support
XAUUSD.a,15m,1,0.2,2021-12-23 12:00:00,1807.2825691833089,2021-12-23 12:30:00,1805.3697671139842,1805.4039670526004,1810.2520658947992,stop,2,-38.25604138649396,-4.8,-0.683998772325855,0.0,-38.25604138649396,-52.821596667578824,-1.0182049929876922,1.3214981196538051,0.035894144688118315,bounce_support
XAUUSD.a,15m,1,0.26,2021-12-23 13:00:00,1804.963463230021,2021-12-23 14:15:00,1803.4692251856115,1803.5065660952703,1807.0868678094596,stop,5,-38.850189154646614,-6.24,-0.9708636511243192,0.0,-38.850189154646614,-53.71315676235896,-1.0256304366094535,1.1486488579767564,1.1164389929678487,bounce_support
XAUUSD.a,15m,1,0.21,2021-12-23 23:30:00,1809.0535104850305,2021-12-27 01:00:00,1806.5819622043098,1807.2603717392126,1811.4326106194692,stop_gap,2,-51.902513895135826,-5.04,-0.7987937094904137,-17.4132,-69.31571389513583,-95.87898733679484,-1.8407656900052733,1.842306119777491,0.014772707929700795,bounce_support
XAUUSD.a,15m,1,0.19,2021-12-27 06:15:00,1810.6125300179417,2021-12-27 06:30:00,1808.6799447093351,1808.7131472343256,1813.6237055313486,stop,1,-36.71912086352495,-4.56,-0.6308479748174177,0.0,-36.71912086352495,-50.761890156388176,-1.0174806917683104,1.0543056592991138,0.0,bounce_support
XAUUSD.a,15m,1,0.2,2021-12-27 08:45:00,1809.6511279731508,2021-12-27 09:30:00,1807.763966740786,1807.79567324061,1812.4886535187795,stop,3,-37.74322464729721,-4.8,-0.6341299964847851,0.0,-37.74322464729721,-52.21951997467723,-1.017088263738319,1.1270164324016843,0.11257187965082337,bounce_support
XAUUSD.a,15m,1,0.15,2021-12-27 21:15:00,1807.5808205258616,2021-12-27 22:45:00,1811.5383952163625,1805.1958023918187,1811.5383952163625,target,6,59.36362035751358,-3.5999999999999996,-0.0,0.0,59.36362035751358,82.01320801502229,1.659347840593725,0.28965000978438604,2.1547758487802366,bounce_support
XAUUSD.a,15m,1,0.22,2021-12-28 02:15:00,1812.1409165468533,2021-12-28 03:00:00,1810.4168280685803,1810.4475705540594,1812.9906542056074,stop,3,-37.92994652200514,-5.279999999999999,-0.6763346805404284,0.0,-37.92994652200514,-52.46406700417049,-1.0181548753827756,1.1757293283981403,0.0,bounce_support
XAUUSD.a,15m,1,0.1,2021-12-28 18:00:00,1811.7456808667446,2021-12-28 20:30:00,1807.9655366266163,1808.0262940460182,1818.3274119079638,stop,10,-37.80144240128266,-2.4,-0.6075741940179097,0.0,-37.80144240128266,-52.33699641585925,-1.0163353322282263,1.1683863701747903,0.14634647039725682,bounce_support
XAUUSD.a,15m,-1,0.15,2021-12-28 22:00:00,1806.9444192942049,2021-12-29 12:00:00,1802.3735201451348,1809.4032399274327,1802.1335201451348,target,52,68.56348723605151,-3.5999999999999996,-0.0,13.603499999999999,82.16698723605151,113.80626772677115,2.2278156751430807,0.2910259886894835,2.2874459479468157,bounce_resistance
XAUUSD.a,15m,-1,0.1,2021-12-29 17:00:00,1796.2539093903758,2021-12-29 17:00:00,1800.1059126411612,1799.7817767267252,1789.57644654655,stop,0,-38.52003250785401,-2.4,-0.84135914436124,0.0,-38.52003250785401,-53.06228132883435,-1.0918787141161248,1.69680150609592,0.42345962813946186,bounce_resistance
XAUUSD.a,15m,-1,0.14,2021-12-29 20:15:00,1804.0453297564263,2021-12-30 07:30:00,1799.1945050933546,1806.6577474533226,1798.9545050933546,target,41,67.91154528300467,-3.3600000000000003,-0.0,4.232200000000001,72.14374528300468,99.51547731982161,1.9725500516988606,0.6257308107795452,2.2183779275846915,bounce_resistance
XAUUSD.a,15m,-1,0.23,2021-12-30 10:45:00,1801.3445310203115,2021-12-30 13:15:00,1803.2439467948525,1802.9678913928828,1798.144217214234,stop,10,-43.68656281444328,-5.52,-0.8292742453025641,0.0,-43.68656281444328,-60.137053912097564,-1.1700518299164693,1.0320992233133022,1.3518446411472371,bounce_resistance
XAUUSD.a,15m,-1,0.26,2021-12-30 13:30:00,1802.7566514178284,2021-12-30 14:30:00,1804.4530758564665,1804.1777061073226,1799.9845877853547,stop,4,-44.10703540459144,-6.24,-0.9196134777393776,0.0,-44.10703540459144,-60.63489511505244,-1.1937784317378597,1.029762325820471,0.8280127615969873,bounce_resistance
XAUUSD.a,15m,1,0.16,2021-12-30 16:15:00,1801.854711720995,2021-12-30 16:30:00,1805.517833689576,1799.6110831552119,1805.517833689576,target,1,58.6099514972957,-3.84,-0.0,0.0,58.6099514972957,80.64220957538724,1.6326775405011371,0.2160392002434532,3.042075851188187,bounce_support
XAUUSD.a,15m,1,0.17,2021-12-30 23:30:00,1815.7954913004467,2021-12-31 09:00:00,1819.3414922748143,1813.6392538625928,1819.3414922748143,target,34,60.28201656424995,-4.08,-0.0,-14.096400000000001,46.18561656424995,63.62005697869021,1.2599730097774953,0.7631308461485347,2.042682601753391,bounce_support
XAUUSD.a,15m,1,0.18,2021-12-31 23:45:00,1828.6461642383715,2022-01-03 01:00:00,1830.3634545454545,1826.6254056395883,1830.3634545454545,target,1,30.91122552749357,-4.32,-0.0,-14.9256,15.985625527493571,21.996044757473094,0.4394836214566777,0.27027683499675165,1.5310268943016758,bounce_support
XAUUSD.a,15m,1,0.18,2022-01-03 04:30:00,1827.9720084257108,2022-01-03 04:30:00,1825.8526092156908,1825.900621854257,1831.2987562914861,stop,0,-38.14918578035986,-4.32,-0.8642274941918772,0.0,-38.14918578035986,-52.60215346693489,-1.023178985143516,1.1161646298054526,0.0,bounce_support
XAUUSD.a,15m,-1,0.16,2022-01-04 01:15:00,1803.1684227963933,2022-01-04 03:00:00,1805.7560872443148,1805.472658036165,1801.167917570499,stop,7,-41.40263116674396,-3.84,-0.6948673303943382,0.0,-41.40263116674396,-57.50285574748123,-1.123003590630717,1.5934038071435404,0.1729089068322735,bounce_resistance
XAUUSD.a,15m,-1,0.25,2022-01-04 03:15:00,1804.780972394955,2022-01-04 04:15:00,1806.5246221694572,1806.2412003623576,1801.8275992752847,stop,4,-43.591244362556836,-6.0,-1.0855451774886582,0.0,-43.591244362556836,-60.552646046697184,-1.1940942191400945,1.5949753442865424,1.0826887515152308,bounce_resistance
XAUUSD.a,15m,-1,0.13,2022-01-04 15:45:00,1804.2252907310383,2022-01-04 15:45:00,1807.2626611818825,1806.95559727844,1798.8988054431197,stop,0,-39.485815860975435,-3.12,-0.8718307447510789,0.0,-39.485815860975435,-54.77978366140236,-1.1124649917917253,1.13346586371651,0.1777422141481079,bounce_resistance
XAUUSD.a,15m,1,0.2,2022-01-05 02:45:00,1813.7129177561867,2022-01-05 03:30:00,1814.8771559633026,1811.8971011807798,1814.8771559633026,target,3,23.284764142317727,-4.8,-0.0,0.0,23.284764142317727,32.18973145089268,0.6411650950234415,0.541308945792852,0.8354820989963632,bounce_support
XAUUSD.a,15m,1,0.24,2022-01-05 07:00:00,1815.198534220753,2022-01-05 08:45:00,1813.6222468047072,1813.6565092262426,1817.5669815475148,stop,7,-37.83089798509718,-5.76,-0.8222981168512761,0.0,-37.83089798509718,-52.31042309886226,-1.0222191090659596,1.620294242731372,1.1877017465782072,bounce_support
XAUUSD.a,15m,1,0.24,2022-01-05 09:00:00,1813.3346814990457,2022-01-05 09:15:00,1815.4183742016558,1811.820812899172,1815.4183742016558,target,1,50.00862486264123,-5.76,-0.0,0.0,50.00862486264123,69.1242430302176,1.3764026169669041,0.24749935303298265,1.549221974185989,bounce_support
XAUUSD.a,15m,1,0.1,2022-01-05 19:45:00,1824.132363887066,2022-01-05 21:00:00,1820.665197870917,1820.7380825283155,1830.0738349433686,stop,5,-34.67166016149122,-2.4,-0.7288465739851802,0.0,-34.67166016149122,-48.00041555195927,-1.021472780154397,2.905582314689605,0.2291018424059857,bounce_support
XAUUSD.a,15m,1,0.11,2022-01-05 22:00:00,1813.248106925933,2022-01-05 22:15:00,1809.8138186867272,1809.8991033335624,1819.0217933328754,stop,1,-37.77717063126238,-2.6399999999999997,-0.9381311151866548,0.0,-37.77717063126238,-52.32150166375222,-1.0254656779196725,1.0743813276670644,0.29020365229861483,bounce_support
XAUUSD.a,15m,-1,0.12,2022-01-06 02:00:00,1810.2405305387508,2022-01-06 07:30:00,1804.6888388299105,1813.2405805850447,1804.4488388299105,target,22,66.62030050608337,-2.88,-0.0,0.0,66.62030050608337,92.86224126522264,1.8505330321734663,0.4098163171537941,2.156807532842433,bounce_resistance
XAUUSD.a,15m,-1,0.09,2022-01-06 19:30:00,1791.7919874540212,2022-01-07 15:30:00,1795.9697702219448,1795.6499754325068,1784.310049134986,stop,76,-37.60004491131281,-2.16,-0.7181531049409556,2.7207,-34.879344911312806,-48.85541287144791,-1.0045346925743557,1.1555278478935769,2.3748097467160485,bounce_resistance
XAUUSD.a,15m,1,0.12,2022-01-07 22:30:00,1795.2821265460773,2022-01-10 05:15:00,1792.1791155166472,1792.2279705319993,1800.8440589360011,stop,23,-37.23613235316043,-2.88,-0.5862601842251226,-9.9504,-47.18653235316043,-65.62891327161773,-1.2874951414743363,1.0517231376757428,0.46751817763763254,bounce_support
XAUUSD.a,15m,1,0.15,2022-01-10 06:15:00,1793.058242983713,2022-01-10 10:45:00,1795.939274004684,1790.7339034411011,1795.939274004684,target,18,43.215465314565336,-3.5999999999999996,-0.0,0.0,43.215465314565336,60.11917326011065,1.2395052306917487,0.7521461265287106,1.4592347435073265,bounce_support
XAUUSD.a,15m,1,0.17,2022-01-11 05:00:00,1805.4664686824672,2022-01-11 08:00:00,1808.900217086202,1803.349891456899,1808.900217086202,target,12,58.37372286349251,-4.08,-0.0,0.0,58.37372286349251,81.3786547845318,1.622311892169777,0.22511282683733347,1.9340335273776934,bounce_support
XAUUSD.a,15m,1,0.16,2022-01-11 11:45:00,1807.7889681379481,2022-01-11 12:15:00,1805.5182989584002,1805.5613643817157,1811.4372712365684,stop,2,-36.330706872766314,-3.84,-0.6890467730494545,0.0,-36.330706872766314,-50.595642248233176,-1.019332622866622,1.0544820331605838,0.0,bounce_support
XAUUSD.a,15m,1,0.17,2022-01-12 02:00:00,1820.8977149248906,2022-01-12 03:15:00,1818.7952604842123,1818.838563832912,1824.452872334176,stop,5,-35.741725491529905,-4.08,-0.7361569278938949,0.0,-35.741725491529905,-49.57793582024345,-1.0210297092177585,1.2129828328870276,0.7975544298361464,bounce_support
XAUUSD.a,15m,1,0.21,2022-01-12 05:15:00,1819.3947250804285,2022-01-12 09:30:00,1817.6151592187832,1817.6518084654429,1822.1163830691146,stop,17,-37.3708830945518,-5.04,-0.7696341798540384,0.0,-37.3708830945518,-51.86870476280282,-1.021027538750003,1.7928138693280053,1.207903408269904,bounce_support
XAUUSD.a,15m,-1,0.18,2022-01-12 13:15:00,1817.8029726522184,2022-01-12 15:00:00,1820.0387181928909,1819.7574020600318,1813.975195879936,stop,7,-40.24341973210494,-4.32,-0.7436903914630064,0.0,-40.24341973210494,-55.51275930712188,-1.14393773023185,1.1190106631829673,0.7843581590053145,bounce_resistance
XAUUSD.a,15m,1,0.17,2022-01-12 22:15:00,1826.8316476895307,2022-01-13 01:00:00,1824.2084540273152,1824.7564023255195,1830.1071953489609,stop_gap,7,-44.59429225766348,-4.08,-0.7062815356409827,-14.096400000000001,-58.690692257663486,-80.59915440916186,-1.6636074567792387,1.2970262390216765,0.36060907468927633,bounce_support
XAUUSD.a,15m,1,0.23,2022-01-13 02:15:00,1824.9441374970697,2022-01-13 07:15:00,1827.225150619155,1823.3924246904226,1827.225150619155,target,20,52.46330180796349,-5.52,-0.0,0.0,52.46330180796349,72.05111902651068,1.469996968713568,0.5955596248938348,1.55690053763891,bounce_support
XAUUSD.a,15m,1,0.21,2022-01-13 08:00:00,1826.1624210797775,2022-01-13 08:30:00,1824.4432240880978,1824.47856716832,1828.567509025271,stop,2,-36.103136825271804,-5.04,-0.7422046846650708,0.0,-36.103136825271804,-49.55886398615191,-1.020989398178628,1.0110265909611853,0.41427520254336064,bounce_support
XAUUSD.a,15m,-1,0.17,2022-01-13 13:30:00,1823.480583315026,2022-01-13 14:30:00,1825.831557133437,1825.5493599601416,1819.4612800797167,stop,4,-39.96655491298566,-4.08,-0.717351946021864,0.0,-39.96655491298566,-54.79975170430765,-1.1364077528435066,1.2081616886362128,0.183965396131419,bounce_resistance
XAUUSD.a,15m,-1,0.25,2022-01-13 14:45:00,1824.9406636546266,2022-01-13 15:15:00,1822.3829914772764,1826.3835042613618,1822.1429914772764,target,2,63.94180443375603,-6.0,-0.0,0.0,63.94180443375603,87.5159854286794,1.7726643992489273,0.3530094336102114,3.4034692617490494,bounce_resistance
XAUUSD.a,15m,-1,0.14,2022-01-13 21:15:00,1820.7936001848586,2022-01-14 03:30:00,1823.5694119002408,1823.287271809253,1815.9154563814936,stop,21,-38.86136401534987,-3.3600000000000003,-0.5899612738268656,4.232200000000001,-34.62916401534987,-47.64803722683912,-0.9919155718759883,1.5023629328304626,0.482661860160115,bounce_resistance
XAUUSD.a,15m,1,0.21,2022-01-14 07:00:00,1826.2340386831681,2022-01-14 10:15:00,1828.8880428027262,1824.510978598637,1828.8880428027262,target,13,55.73408651071941,-5.04,-0.0,0.0,55.73408651071941,76.57674495166306,1.5402853001961074,0.2635071679997143,1.6807082601648746,bounce_support
XAUUSD.a,15m,-1,0.17,2022-01-17 04:45:00,1817.4717136224401,2022-01-17 06:30:00,1819.83029481849,1819.5552953084389,1813.4494093831222,stop,7,-40.09588033284922,-4.08,-0.5949916708688482,0.0,-40.09588033284922,-55.64003765156768,-1.131984031103337,1.3334185053695775,0.16400298809317512,bounce_resistance
XAUUSD.a,15m,1,0.2,2022-01-17 14:15:00,1820.4821756818558,2022-01-17 17:00:00,1818.6578270358116,1818.6950273872487,1823.2099452255027,stop,11,-36.486972920884,-4.8,-0.7440070287433078,0.0,-36.486972920884,-50.598345496365326,-1.0208154810372518,1.6015322793821147,0.5695242645591511,bounce_support
XAUUSD.a,15m,1,0.2,2022-01-17 17:30:00,1820.0446012224247,2022-01-17 17:45:00,1818.2549836719222,1818.291263946014,1821.8195652173913,stop,1,-35.79235101004997,-4.8,-0.7256054818327438,0.0,-35.79235101004997,-49.635077880004395,-1.0206921250006113,1.0178311078162614,0.0,bounce_support
XAUUSD.a,15m,-1,0.36,2022-01-18 02:00:00,1819.034619126794,2022-01-18 02:30:00,1820.2665503415512,1820.0034735489098,1817.1430529021802,stop,2,-44.34952373125907,-8.64,-0.8307645350908142,0.0,-44.34952373125907,-61.43359107265319,-1.2715338719999927,1.2028441493419078,0.44859074477361793,bounce_resistance
XAUUSD.a,15m,-1,0.06,2022-01-18 17:00:00,1818.1303267297378,2022-01-19 15:15:00,1823.742319343711,1823.4476502561831,1807.704699487634,stop,85,-33.67195568383886,-1.44,-0.328014525166465,5.4414,-28.23055568383886,-39.079383274739214,-0.8848610754212567,1.1847451521298822,1.4857713077728147,bounce_resistance
XAUUSD.a,15m,1,0.12,2022-01-19 21:30:00,1841.4989028809098,2022-01-20 01:45:00,1838.5268793563414,1838.567674544424,1846.6146509111518,stop,13,-35.66428229482062,-2.88,-0.48954225699371906,-9.9504,-45.614682294820625,-63.214127544479034,-1.2968022576930227,1.0879066776261774,0.6485667102173228,bounce_support
XAUUSD.a,15m,1,0.18,2022-01-20 08:15:00,1840.0567239940347,2022-01-20 11:45:00,1838.1350425550497,1838.1813495229478,1843.0373009541042,stop,14,-34.5902659017288,-4.32,-0.8335254221641649,0.0,-34.5902659017288,-47.836075095738906,-1.0246921180873565,1.6032659292264986,1.1055264097542716,bounce_support
XAUUSD.a,15m,1,0.15,2022-01-20 22:15:00,1839.5444886566288,2022-01-21 03:00:00,1837.2449499852,1837.2869760347214,1843.236047930557,stop,15,-34.49308007143145,-3.5999999999999996,-0.630390742821402,-12.438,-46.93108007143145,-65.18567708127041,-1.3859230026298948,1.4106183175792453,0.12647164875202208,bounce_support
XAUUSD.a,15m,-1,0.19,2022-01-21 04:15:00,1839.2299943341998,2022-01-21 04:30:00,1841.3162602638376,1841.031080943616,1835.717838112768,stop,1,-39.63905266311963,-4.56,-0.8584070842114268,0.0,-39.63905266311963,-55.05729854869663,-1.1583373718569403,1.049369672684842,0.4053077349991495,bounce_resistance
XAUUSD.a,15m,-1,0.21,2022-01-21 05:45:00,1841.523460621141,2022-01-21 09:30:00,1838.644626721186,1843.122686639407,1838.4046267211859,target,15,60.45551189905973,-5.04,-0.0,0.0,60.45551189905973,83.995153732629,1.800141985606816,0.7857171935092626,1.9843728059041594,bounce_resistance
XAUUSD.a,15m,-1,0.14,2022-01-21 23:00:00,1831.9214090488795,2022-01-21 23:45:00,1834.6933847896817,1834.3983938715264,1826.9632122569474,stop,3,-38.807660371230675,-3.3600000000000003,-0.7698728541724444,0.0,-38.807660371230675,-54.08657770794926,-1.1190927435074078,1.0006484207973272,0.46888016360083007,bounce_resistance
XAUUSD.a,15m,-1,0.15,2022-01-24 04:30:00,1836.8564715644247,2022-01-24 07:45:00,1839.4178955016685,1839.139911009748,1832.3901779805044,stop,13,-38.42135905865575,-3.5999999999999996,-0.5697673788078298,0.0,-38.42135905865575,-53.62366930726553,-1.1217393754364082,1.210248181196672,0.5502539456425043,bounce_resistance
XAUUSD.a,15m,1,0.21,2022-01-24 09:15:00,1837.0071870785807,2022-01-24 10:00:00,1839.533115249868,1835.418442375066,1839.533115249868,target,3,53.04449159703131,-5.04,-0.0,0.0,53.04449159703131,74.16631702161786,1.5898892790636179,0.34441473030258424,2.7208983997592093,bounce_support
XAUUSD.a,15m,-1,0.09,2022-01-24 19:00:00,1834.9358917648108,2022-01-24 20:00:00,1838.9675765328643,1838.6481291943112,1827.6737416113776,stop,4,-36.28516291248184,-2.16,-0.7150260469782409,0.0,-36.28516291248184,-50.93011848197324,-1.0860525073139269,1.6577895008233192,0.3975747222098778,bounce_resistance
XAUUSD.a,15m,1,0.18,2022-01-25 02:45:00,1843.431971609064,2022-01-25 03:30:00,1841.4823376070995,1841.5299902811773,1844.1637007874015,stop,3,-35.093412035362235,-4.32,-0.8577481334032568,0.0,-35.093412035362235,-49.063167804272844,-1.0250542281247463,1.788646165545703,0.0,bounce_support
XAUUSD.a,15m,1,0.21,2022-01-25 10:00:00,1841.0154621599295,2022-01-25 10:15:00,1843.0909355509355,1839.4498836960995,1843.0909355509355,target,1,43.5849412111254,-5.04,-0.0,0.0,43.5849412111254,61.03478674012799,1.3256910713555692,0.8913396499564646,1.388967650175037,bounce_support
XAUUSD.a,15m,-1,0.11,2022-01-25 15:45:00,1842.2005861912212,2022-01-25 16:45:00,1845.3881720128488,1845.0661489550396,1836.5877020899209,stop,4,-35.06344403790399,-2.6399999999999997,-0.9022536359023513,0.0,-35.06344403790399,-49.18906897563794,-1.1123768991819771,3.7128531760377883,0.9982633175375003,bounce_resistance
XAUUSD.a,15m,1,0.12,2022-01-25 23:45:00,1848.0546172883314,2022-01-26 09:45:00,1845.3329439765207,1845.367338320615,1852.5753233587698,stop,36,-32.66007974172862,-2.88,-0.4127321291317413,-29.8512,-62.51127974172862,-87.3807010745588,-1.9384936861384297,1.5906860953717972,0.7462502910044729,bounce_support
XAUUSD.a,15m,-1,0.08,2022-01-27 02:45:00,1819.4290152847632,2022-01-27 08:30:00,1811.863431765714,1823.378284117143,1811.623431765714,target,23,60.52466815239313,-1.92,-0.0,0.0,60.52466815239313,85.6368047886031,1.915692205356926,0.39019494003608696,2.2229469953487047,bounce_resistance
XAUUSD.a,15m,-1,0.11,2022-01-27 11:30:00,1814.5074016081742,2022-01-27 13:30:00,1808.8139052734,1817.5380473633,1808.5739052734,target,8,62.628459682515995,-2.6399999999999997,-0.0,0.0,62.628459682515995,88.51953991111927,1.878641317661332,0.7894681810895544,2.2824843835591113,bounce_resistance
XAUUSD.a,15m,-1,0.09,2022-01-27 22:15:00,1794.0883019909486,2022-01-28 01:00:00,1798.142037090485,1797.8393296739973,1786.7413406520056,stop,7,-36.483615895827825,-2.16,-0.5643667483898093,2.7207,-33.762915895827824,-47.9934553381396,-1.0001086146310072,1.0881545949386293,0.2501453122270419,bounce_resistance
XAUUSD.a,15m,-1,0.15,2022-01-28 03:00:00,1797.036378776947,2022-01-28 03:30:00,1799.490482011406,1799.1998953785287,1793.2302092429427,stop,2,-36.81154851688348,-3.5999999999999996,-0.7587994931581239,0.0,-36.81154851688348,-52.27725022279521,-1.1343121807638321,1.0555136121365658,0.3496061811562052,bounce_resistance
XAUUSD.a,15m,-1,0.19,2022-01-28 04:30:00,1798.6694024933777,2022-01-28 10:00:00,1795.492042457939,1800.4239787710305,1795.252042457939,target,22,60.36984067333333,-4.56,-0.0,0.0,60.36984067333333,86.16631080090966,1.810898777047773,0.4220947906654268,2.8550497103943506,bounce_resistance
XAUUSD.a,15m,-1,0.07,2022-01-28 20:15:00,1786.900862545296,2022-01-28 23:45:00,1791.4715899169132,1791.174144451338,1778.5317110973242,stop,14,-31.995091601321068,-1.6800000000000002,-0.4021182590269052,0.0,-31.995091601321068,-45.734714544899894,-1.0696058608150107,1.1183763579807076,0.5992730181632011,bounce_resistance
XAUUSD.a,15m,-1,0.21,2022-01-31 08:15:00,1788.5958179932527,2022-01-31 10:15:00,1790.4515784390692,1790.1625927494986,1785.5348145010025,stop,8,-38.97096936214621,-5.04,-1.0286994809816872,0.0,-38.97096936214621,-55.28581268569472,-1.1844462252270662,2.013168768626952,1.675938409643736,bounce_resistance
XAUUSD.a,15m,1,0.08,2022-01-31 20:30:00,1796.235350420907,2022-01-31 20:30:00,1797.324450867052,1792.4883298848742,1797.324450867052,target,0,8.712803569160315,-1.92,-0.0,0.0,8.712803569160315,12.325020609348037,0.29065772009302704,0.07615395169653896,0.4389219549979795,bounce_support
XAUUSD.a,15m,1,0.1,2022-01-31 22:15:00,1797.7786779332507,2022-02-01 07:45:00,1803.4017831250017,1794.6091084374991,1803.4017831250017,target,34,56.231051917509376,-2.4,-0.0,-8.292,47.939051917509374,67.84180110879721,1.51247833441625,0.6432034179983415,1.8113886048072967,bounce_support
XAUUSD.a,15m,1,0.12,2022-02-01 15:30:00,1803.5215670307691,2022-02-01 16:30:00,1800.6625938988805,1800.7333137278238,1808.1633725443526,stop,4,-34.30767758266393,-2.88,-0.8486379473208059,0.0,-34.30767758266393,-48.370405603879945,-1.0253634879114486,1.0406396820920758,0.8996431445382272,bounce_support
XAUUSD.a,15m,1,0.07,2022-02-01 17:00:00,1804.1442508540524,2022-02-01 17:00:00,1799.3549623468637,1799.4363386279424,1808.177322744115,stop,0,-33.5250195503213,-1.6800000000000002,-0.5696339675512389,0.0,-33.5250195503213,-47.145958388278984,-1.017285003876545,1.3390756987968502,0.045826926158678685,bounce_support
XAUUSD.a,15m,1,0.11,2022-02-01 17:30:00,1802.1951101751781,2022-02-01 18:30:00,1807.3556297250434,1799.1721851374784,1807.3556297250434,target,4,56.76571504851813,-2.6399999999999997,-0.0,0.0,56.76571504851813,79.84263055898018,1.7071278597739319,0.09762404674202274,1.897132662338846,bounce_support
XAUUSD.a,15m,1,0.08,2022-02-01 19:30:00,1803.6193632130921,2022-02-01 21:45:00,1799.4805426593584,1799.5377998380197,1807.919487704918,stop,9,-33.110564429869555,-1.92,-0.4580574292898906,0.0,-33.110564429869555,-46.52908816608754,-1.014028246874958,1.0484617828618943,0.0,bounce_support
XAUUSD.a,15m,-1,0.18,2022-02-02 02:15:00,1800.324657289411,2022-02-02 08:30:00,1796.8790186317367,1802.2054906841315,1796.6390186317367,target,25,62.021495838139344,-4.32,-0.0,0.0,62.021495838139344,86.92571245709789,1.8319744148240233,0.6993403638414877,1.9856396105548466,bounce_resistance
XAUUSD.a,15m,-1,0.26,2022-02-02 09:15:00,1798.2986044383345,2022-02-02 09:30:00,1796.0143241283313,1799.5928379358343,1795.7743241283313,target,1,59.39128806008239,-6.24,-0.0,0.0,59.39128806008239,83.20787937302266,1.7649676927817972,0.5882984508872227,2.857756691879367,bounce_resistance
XAUUSD.a,15m,-1,0.18,2022-02-02 10:15:00,1797.5117445377778,2022-02-02 10:15:00,1799.66928144057,1799.3868982472368,1793.8462035055263,stop,0,-38.8356642502622,-4.32,-0.7628974799993844,0.0,-38.8356642502622,-54.50543045046694,-1.1505920244878394,1.4069542400251849,0.0,bounce_resistance
XAUUSD.a,15m,-1,0.21,2022-02-02 12:00:00,1802.1815190760608,2022-02-02 14:00:00,1804.1017902959006,1803.81901923121,1798.9019615375803,stop,8,-40.325695616636494,-5.04,-0.8981923585039716,0.0,-40.325695616636494,-56.34519920166063,-1.1726846032969818,1.3547973824388562,0.342912380371504,bounce_resistance
XAUUSD.a,15m,1,0.19,2022-02-03 03:15:00,1806.9536625074752,2022-02-03 08:45:00,1805.1722428045277,1805.201264447503,1809.667471104994,stop,22,-33.84697435600174,-4.56,-0.5514112165288791,0.0,-33.84697435600174,-47.54055614922431,-1.016561101976885,1.1719155335676015,1.1563226066097123,bounce_support
XAUUSD.a,15m,-1,0.08,2022-02-03 18:15:00,1804.674663091837,2022-02-04 09:00:00,1809.047218623699,1808.7777118706829,1796.6645762586343,stop,55,-34.98044425489752,-1.92,-0.23605402412916945,2.4184,-32.56204425489752,-45.764060398720375,-0.9920075902697426,1.1077949966370004,0.408150909750564,bounce_resistance
XAUUSD.a,15m,-1,0.12,2022-02-04 23:00:00,1808.042377216949,2022-02-07 01:30:00,1810.927864314938,1810.6342033682936,1806.0300000000002,stop,6,-34.62584517586765,-2.88,-0.6439313597323668,3.6275999999999997,-30.998245175867652,-43.784687452671236,-0.9966668083231215,1.3301905998835872,0.5449351671277157,bounce_resistance
XAUUSD.a,15m,1,0.17,2022-02-07 07:30:00,1809.8748761407555,2022-02-07 08:00:00,1811.199406392694,1807.9844715417325,1811.199406392694,target,2,22.517014282955188,-4.08,-0.0,0.0,22.517014282955188,31.768244872183843,0.7006596644036386,0.15598572967289917,0.7432926580747041,bounce_support
XAUUSD.a,15m,1,0.18,2022-02-07 08:30:00,1810.013807810707,2022-02-07 09:00:00,1811.2271689497718,1808.147975027865,1811.2271689497718,target,2,21.840500503165913,-4.32,-0.0,0.0,21.840500503165913,30.74394778035742,0.65030540261843,0.7094997059117615,0.7322157708109752,bounce_support
XAUUSD.a,15m,1,0.15,2022-02-07 13:00:00,1810.6892531445874,2022-02-07 14:45:00,1814.2705144720285,1808.4947427639859,1814.2705144720285,target,7,53.71891991161647,-3.5999999999999996,-0.0,0.0,53.71891991161647,75.58380221692997,1.6319181531779658,0.15003489958303812,1.6362405423793749,bounce_support
XAUUSD.a,15m,1,0.16,2022-02-07 23:30:00,1821.0560254672719,2022-02-08 01:00:00,1818.6186114492175,1819.0216387188088,1824.3567225623822,stop_gap,2,-38.998624288869905,-3.84,-0.66221681252274,-13.2672,-52.26582428886991,-73.33084194638985,-1.60569961464913,1.1974249582152419,0.1690802070884988,bounce_support
XAUUSD.a,15m,1,0.17,2022-02-08 01:15:00,1821.2265214838178,2022-02-08 07:15:00,1819.3078347563976,1819.3373381623167,1824.2053236753668,stop,24,-32.61767436614355,-4.08,-0.5015579006243703,0.0,-32.61767436614355,-45.857068658554944,-1.015617015873089,1.1468032028232897,1.0763796678907678,bounce_support
XAUUSD.a,15m,1,0.21,2022-02-08 08:30:00,1820.4600460197562,2022-02-08 09:00:00,1818.8425265821681,1818.8747335515975,1822.8505328968051,stop,2,-33.96790818934892,-5.04,-0.6763463580168589,0.0,-33.96790818934892,-47.72918754123893,-1.0203158494468672,1.3120732105084716,0.3469057307563853,bounce_support
XAUUSD.a,15m,-1,0.2,2022-02-08 15:45:00,1821.075436594923,2022-02-08 15:45:00,1823.0140860623983,1822.722240954783,1818.028,stop,0,-38.772989349504314,-4.8,-1.036902152302863,0.0,-38.772989349504314,-54.420522056373336,-1.1772190520797874,2.2252572888430624,0.0,bounce_resistance
XAUUSD.a,15m,1,0.15,2022-02-08 22:00:00,1827.2265882918239,2022-02-09 01:00:00,1824.4468196286196,1825.1200415279154,1830.6399169441693,stop_gap,8,-41.696529948064835,-3.5999999999999996,-0.4977055707072792,-37.314,-79.01052994806483,-110.58156745705364,-2.500475542936121,1.30383447397478,0.291193017257272,bounce_support
XAUUSD.a,15m,1,0.22,2022-02-09 03:30:00,1825.7684219033977,2022-02-09 03:30:00,1826.5390869565217,1824.2621612456257,1826.5390869565217,target,0,16.954631168729065,-5.279999999999999,-0.0,0.0,16.954631168729065,23.69189548891056,0.5116412283276568,0.17156519495100964,0.5321642655049996,bounce_support
XAUUSD.a,15m,1,0.22,2022-02-09 08:15:00,1827.659086982701,2022-02-09 09:30:00,1826.1507160893273,1826.1802045944924,1829.8095908110156,stop,5,-33.184159654221276,-5.279999999999999,-0.6487471136341459,0.0,-33.184159654221276,-46.38222049650049,-1.0199397229963707,1.2908984500204013,0.40632914563742417,bounce_support
XAUUSD.a,15m,1,0.21,2022-02-09 12:45:00,1827.240716054127,2022-02-09 13:30:00,1825.6831782416318,1825.7135875551796,1829.4828248896408,stop,3,-32.70829406239886,-5.04,-0.6385955845051039,0.0,-32.70829406239886,-45.56551559895639,-1.0199127405249575,1.0023492163115713,0.26800884546074366,bounce_support
XAUUSD.a,15m,1,0.13,2022-02-09 16:15:00,1826.9476254793162,2022-02-09 16:45:00,1830.444357298475,1824.4762864576958,1830.444357298475,target,2,45.45751364906528,-3.12,-0.0,0.0,45.45751364906528,63.27869155040617,1.4149138538127675,0.14875558395676983,1.7004443679800652,bounce_support
XAUUSD.a,15m,1,0.17,2022-02-10 01:45:00,1833.0432993743575,2022-02-10 09:30:00,1835.9878678457987,1831.1760660771006,1835.9878678457987,target,31,50.05766401450115,-4.08,-0.0,0.0,50.05766401450115,69.65707528839758,1.5769687032504192,0.8265166311165866,1.6370212710607146,bounce_support
XAUUSD.a,15m,1,0.21,2022-02-10 10:00:00,1834.9102889014243,2022-02-10 10:00:00,1833.328164263478,1833.3585976156144,1835.3010256410257,stop,0,-33.224617396875146,-5.04,-0.6391003948656403,0.0,-33.224617396875146,-46.2442131738373,-1.0196130199446107,1.7015555385078764,0.0,bounce_support
XAUUSD.a,15m,-1,0.21,2022-02-11 06:45:00,1824.7514468849781,2022-02-11 09:15:00,1821.9806388950878,1826.299680552456,1821.7406388950878,target,10,58.18696778769572,-5.04,-0.0,0.0,58.18696778769572,81.67738319440724,1.7896574968582994,0.37368591523027145,2.5199341462026843,bounce_resistance
XAUUSD.a,15m,-1,0.15,2022-02-11 09:30:00,1823.7600042900008,2022-02-11 09:45:00,1826.148566548665,1825.8625010954518,1819.6749978090963,stop,1,-35.82843387996377,-3.5999999999999996,-0.6909817981991999,0.0,-35.82843387996377,-50.29257984273409,-1.1360598753213837,1.160522909558424,0.16647078325791892,bounce_resistance
XAUUSD.a,15m,-1,0.14,2022-02-11 11:15:00,1826.800690790432,2022-02-11 14:15:00,1829.3716535705366,1829.0841085906181,1822.3217828187635,stop,12,-35.99347892146352,-3.3600000000000003,-0.6656297188582486,0.0,-35.99347892146352,-50.31308645838427,-1.125927449586784,1.9967038923828684,0.7185241309314226,bounce_resistance
XAUUSD.a,15m,1,0.07,2022-02-14 03:15:00,1857.5792266213816,2022-02-14 05:00:00,1853.1382890491734,1853.2146590374487,1860.894701986755,stop,7,-31.086563005457496,-1.6800000000000002,-0.5345899179264622,0.0,-31.086563005457496,-43.675625218412804,-1.0174977215512444,1.1843616857740313,0.5111098260524919,bounce_support
XAUUSD.a,15m,1,0.11,2022-02-14 08:45:00,1852.9958912075315,2022-02-14 10:15:00,1857.8747226344356,1850.1426386827823,1857.8747226344356,target,6,53.66714569594478,-2.6399999999999997,-0.0,0.0,53.66714569594478,75.69307301158626,1.7099192534081362,0.7696098359623923,1.8519597359974003,bounce_support
XAUUSD.a,15m,1,0.1,2022-02-14 15:15:00,1854.1525509280004,2022-02-14 15:30:00,1859.87274634561,1850.8536268271948,1859.87274634561,target,1,57.201954176096024,-2.4,-0.0,0.0,57.201954176096024,80.40758247975263,1.7339578731783232,0.27965206225118344,1.9907851382200032,bounce_support
XAUUSD.a,15m,1,0.1,2022-02-15 01:30:00,1871.2675253151642,2022-02-15 05:00:00,1876.9843039256766,1867.9778480371617,1876.9843039256766,target,14,57.16778610512392,-2.4,-0.0,0.0,57.16778610512392,80.22310394903793,1.7377931412116003,0.3518659179441374,1.8732763624089326,bounce_support
XAUUSD.a,15m,-1,0.09,2022-02-15 21:45:00,1854.1702717007797,2022-02-16 11:45:00,1858.0640670030348,1857.7864049230566,1846.937190153887,stop,52,-35.044157720295516,-2.16,-0.3389587198047272,8.162099999999999,-26.882057720295517,-37.47516166937883,-0.8259914993879546,1.313482664289049,1.073044454467468,bounce_resistance
XAUUSD.a,15m,1,0.16,2022-02-16 14:45:00,1852.3523145482334,2022-02-16 15:15:00,1855.715898716632,1850.247050641684,1855.715898716632,target,2,53.81734669437719,-3.84,-0.0,0.0,53.81734669437719,75.13031423718058,1.597701911828964,0.4380992546179156,1.694649986953019,bounce_support
XAUUSD.a,15m,1,0.09,2022-02-16 23:15:00,1868.634563177635,2022-02-17 06:00:00,1875.3416522301616,1865.0641738849192,1875.3416522301616,target,23,60.36380147273849,-2.16,-0.0,-7.4628,52.901001472738486,73.77588936997209,1.6462880012883512,0.3345750504215646,1.9340851252419635,bounce_support
XAUUSD.a,15m,1,0.07,2022-02-17 20:00:00,1898.0046952235998,2022-02-18 03:30:00,1893.0936812324776,1893.1605690410922,1906.7188619178157,stop,26,-34.377097937855524,-1.6800000000000002,-0.4682146603017653,-5.804400000000001,-40.181497937855525,-55.8534047870554,-1.184984406857621,1.392345073081561,0.9176690715556683,bounce_support
XAUUSD.a,15m,-1,0.14,2022-02-18 08:30:00,1891.7371859916213,2022-02-18 09:00:00,1891.2000414937759,1894.0367476564718,1890.9600414937759,target,2,7.5200229698366465,-3.3600000000000003,-0.0,0.0,7.5200229698366465,10.422617801328668,0.2335856028807163,0.4012999618511007,0.8076260880536211,bounce_resistance
XAUUSD.a,15m,-1,0.13,2022-02-18 10:15:00,1894.5433216510212,2022-02-18 12:15:00,1889.8312890869404,1897.0743554565297,1889.5912890869404,target,8,61.25642333305041,-3.12,-0.0,0.0,61.25642333305041,85.0370282960372,1.8617027373658879,0.5083607916174122,2.1743374738985533,bounce_resistance
XAUUSD.a,15m,-1,0.1,2022-02-18 15:15:00,1896.241151561259,2022-02-18 15:30:00,1899.7638301841628,1899.4476270016305,1889.9747459967389,stop,1,-35.22678622903868,-2.4,-0.762031825322242,0.0,-35.22678622903868,-48.88128414098005,-1.098613941822557,1.1753866539218865,0.3434149369724123,bounce_resistance
XAUUSD.a,15m,1,0.06,2022-02-18 17:45:00,1891.2811428275377,2022-02-21 01:00:00,1900.1260407677812,1886.3619796161095,1900.1260407677812,target,25,53.06938764146116,-1.44,-0.0,-4.9752,48.09418764146116,67.06107009699397,1.6294840394035792,0.12423715198507686,3.0084094664884273,bounce_support
XAUUSD.a,15m,1,0.08,2022-02-22 04:15:00,1906.7707470533173,2022-02-22 10:30:00,1902.4066335964633,1902.487302588127,1914.435394823746,stop,25,-34.91290765483245,-1.92,-0.6453519333100226,0.0,-34.91290765483245,-48.45851687763883,-1.0188327390069614,1.1791321433865967,1.5266342308915797,bounce_support
XAUUSD.a,15m,-1,0.11,2022-02-22 19:30:00,1903.2335124456877,2022-02-23 01:00:00,1896.97,1906.2650990783502,1897.2798018432995,target_gap,18,68.89863690256402,-2.6399999999999997,-0.0,9.9759,78.87453690256402,109.14171819140424,2.3652342204023085,0.8135962626758744,2.1947294443121974,bounce_resistance
XAUUSD.a,15m,-1,0.14,2022-02-23 02:15:00,1898.9358529987505,2022-02-23 06:45:00,1897.9340495867768,1901.3105028644857,1897.6940495867768,target,18,14.025247767631756,-3.3600000000000003,-0.0,0.0,14.025247767631756,19.390637035298983,0.42187415771443065,0.999788236365714,1.0973630413273134,bounce_resistance
XAUUSD.a,15m,-1,0.12,2022-02-23 13:30:00,1895.3522951783166,2022-02-23 15:15:00,1898.4852990549596,1898.1778901236191,1889.784219752762,stop,7,-37.596046519715856,-2.88,-0.8089071760848362,0.0,-37.596046519715856,-51.62164838626371,-1.1087944087143449,3.1702013186904976,0.6166117975307044,bounce_resistance
XAUUSD.a,15m,1,0.11,2022-02-23 21:45:00,1907.2419003772468,2022-02-24 02:15:00,1912.6663483188688,1904.0918258405657,1912.6663483188688,target,14,59.66892735784222,-2.6399999999999997,-0.0,-9.1212,50.54772735784222,70.17398844658238,1.4587743521978689,0.835504159218982,1.82792488104737,bounce_support
XAUUSD.a,15m,1,0.04,2022-02-24 09:45:00,1939.0372830434449,2022-02-24 11:45:00,1952.3499235323557,1931.8300382338223,1952.3499235323557,target,8,53.25056195564321,-0.96,-0.0,0.0,53.25056195564321,74.22508705589921,1.8471192307963162,0.050960256401227956,2.114915943496767,bounce_support
XAUUSD.a,15m,-1,0.04,2022-02-24 20:30:00,1924.8691513806414,2022-02-24 21:00:00,1911.0701723127004,1931.94991384365,1910.8301723127004,target,2,55.19591627176396,-0.96,-0.0,0.0,55.19591627176396,77.11619458157732,1.9487984719201974,0.2853998605257668,3.1591444420714074,bounce_resistance
XAUUSD.a,15m,-1,0.05,2022-02-25 03:00:00,1912.648228239192,2022-02-25 03:00:00,1919.7859745557935,1919.3633169145814,1899.613366170837,stop,0,-35.68873158300789,-1.2,-0.9132882060601534,0.0,-35.68873158300789,-49.75772963821247,-1.062941483224346,1.3211697104347506,0.005692886727184833,bounce_resistance
XAUUSD.a,15m,-1,0.07,2022-02-25 08:00:00,1916.2803355111844,2022-02-25 09:00:00,1921.1443793205356,1920.8045879914646,1911.0119161676646,stop,4,-34.04830666545831,-1.6800000000000002,-0.6985393034963214,0.0,-34.04830666545831,-47.243383745606096,-1.0751044135030083,1.118342645745131,0.33825157147056345,bounce_resistance
XAUUSD.a,15m,-1,0.04,2022-02-25 17:30:00,1886.9449937327834,2022-02-28 01:00:00,1918.7977660688566,1894.6593484545165,1871.831303090967,stop_gap,26,-127.41108934429303,-0.96,-0.6310642754258171,1.2092,-126.20188934429304,-175.6389981549734,-4.089839458274883,5.378934177127698,0.4945318008304095,bounce_resistance
XAUUSD.a,15m,1,0.05,2022-02-28 05:30:00,1906.558965402695,2022-02-28 09:15:00,1900.1124169456778,1900.222693212635,1918.24461357473,stop,15,-32.232742285086715,-1.2,-0.551381334786497,0.0,-32.232742285086715,-44.74905217976775,-1.0174039661885526,1.6332892736094633,0.8334608171646043,bounce_support
XAUUSD.a,15m,-1,0.06,2022-02-28 11:30:00,1900.040660541026,2022-02-28 12:30:00,1905.365224826615,1905.0280200985947,1890.2739598028104,stop,4,-31.94738571353446,-1.44,-0.5832283681221806,0.0,-31.94738571353446,-44.246618164805426,-1.067611874405304,1.060549053646433,0.26279648096295094,bounce_resistance
XAUUSD.a,15m,1,0.05,2022-02-28 18:45:00,1899.0637399653326,2022-02-28 18:45:00,1892.8965704219222,1893.052180369921,1910.115639260158,stop,0,-30.835847717052047,-1.2,-0.7780497399941653,0.0,-30.835847717052047,-42.470694466017555,-1.0258851210786508,1.3330550646872366,0.10084904342130907,bounce_support
XAUUSD.a,15m,-1,0.18,2022-03-01 06:45:00,1906.3838815271836,2022-03-01 08:45:00,1908.5872735231305,1908.2958272693077,1904.2755555555555,stop,8,-39.661055927045254,-4.32,-0.9260325688105402,0.0,-39.661055927045254,-54.49594098085308,-1.152434374784655,1.2793869715668915,0.9487097291623426,bounce_resistance
XAUUSD.a,15m,1,0.06,2022-03-01 22:30:00,1940.5556746645163,2022-03-01 22:30:00,1942.470625,1935.1268433006783,1942.470625,target,0,11.489702012901489,-1.44,-0.0,0.0,11.489702012901489,15.842620391734446,0.35273711912277034,0.08762008480958347,0.7854960026735479,bounce_support
XAUUSD.a,15m,1,0.06,2022-03-01 23:15:00,1945.8138309176175,2022-03-01 23:30:00,1940.3742897437903,1940.486447093329,1955.4971058133422,stop,1,-32.63724704296283,-1.44,-0.6729440972311048,0.0,-32.63724704296283,-44.99703171422659,-1.021052988340595,1.0838023142416615,0.0,bounce_support
XAUUSD.a,15m,1,0.06,2022-03-01 23:45:00,1943.3935021687619,2022-03-01 23:45:00,1945.0982781456953,1937.9072111557334,1945.0982781456953,target,0,10.2286558616006,-1.44,-0.0,0.0,10.2286558616006,14.102266394971325,0.3107337858828586,0.12276092667386004,0.39671570940540263,bounce_support
XAUUSD.a,15m,1,0.08,2022-03-02 02:30:00,1941.6143698000294,2022-03-02 02:30:00,1937.6082561339076,1937.704810833952,1947.3565562913907,stop,0,-32.04890932897433,-1.92,-0.7724376003547369,0.0,-32.04890932897433,-44.12080195070738,-1.0246970824285289,1.1751631935709466,0.0,bounce_support
XAUUSD.a,15m,1,0.08,2022-03-02 07:15:00,1935.430577718441,2022-03-02 09:15:00,1942.6333429224005,1931.3783285388,1942.6333429224005,target,8,57.62212163167533,-1.92,-0.0,0.0,57.62212163167533,79.44700965362176,1.7774734189957153,0.8959413790942181,2.0209572310367947,bounce_support
XAUUSD.a,15m,1,0.08,2022-03-02 10:45:00,1935.2354491976917,2022-03-02 12:15:00,1930.8384022891264,1930.993352565769,1942.773294868462,stop,6,-35.17637526852195,-1.92,-1.239602213141427,0.0,-35.17637526852195,-48.44696902341609,-1.0365268144710955,5.034173205058059,1.172663245074142,bounce_support
XAUUSD.a,15m,-1,0.05,2022-03-02 17:30:00,1934.1050552951247,2022-03-02 17:30:00,1924.5803624733476,1940.3768852603096,1924.3403624733476,target,0,47.6234641088854,-1.2,-0.0,0.0,47.6234641088854,65.67032654736745,1.5186465313391628,0.018327139848087575,1.778596575010263,bounce_resistance
XAUUSD.a,15m,-1,0.05,2022-03-02 20:30:00,1920.673510520175,2022-03-02 21:45:00,1927.3959903176903,1927.0315390322344,1916.7405836575874,stop,5,-33.61239898757731,-1.2,-0.6222564272794627,0.0,-33.61239898757731,-46.067100196778284,-1.0573214298685045,1.2451170146232522,0.15468796944042856,bounce_resistance
XAUUSD.a,15m,1,0.11,2022-03-03 06:00:00,1927.7424884179238,2022-03-03 06:30:00,1924.7169944104648,1924.7811587673202,1932.8176824653597,stop,2,-33.280434082048714,-2.6399999999999997,-0.7058079254090417,0.0,-33.280434082048714,-45.58776225915197,-1.0216674144475246,1.2671633558793265,0.0,bounce_support
XAUUSD.a,15m,1,0.07,2022-03-03 11:30:00,1924.6260550684592,2022-03-03 12:15:00,1932.7923089382236,1920.083845530888,1932.7923089382236,target,3,57.16377708835103,-1.6800000000000002,-0.0,0.0,57.16377708835103,78.25723118083268,1.7978593462535875,0.10040379350332757,1.95366260806321,bounce_support
XAUUSD.a,15m,1,0.06,2022-03-03 16:00:00,1926.4765913896372,2022-03-03 21:00:00,1935.3018977811967,1921.4990511094015,1935.3018977811967,target,20,52.951838349356876,-1.44,-0.0,0.0,52.951838349356876,72.27834502580757,1.7730256099789266,0.6301488713394741,1.863050440231456,bounce_support
XAUUSD.a,15m,1,0.1,2022-03-04 07:45:00,1936.7765114077056,2022-03-04 11:15:00,1942.6580386844403,1933.39098065778,1942.6580386844403,target,14,58.81527276734687,-2.4,-0.0,0.0,58.81527276734687,80.01207047851508,1.7372541297590571,0.8319261042799172,1.9682256888202019,bounce_support
XAUUSD.a,15m,1,0.08,2022-03-04 15:00:00,1945.9631184888617,2022-03-04 15:00:00,1941.4722930381374,1941.5669707714299,1953.8760584571405,stop,0,-35.9266036057943,-1.92,-0.757421866340046,0.0,-35.9266036057943,-48.948993958518585,-1.0215365222867756,1.3723648240796769,0.0,bounce_support
XAUUSD.a,15m,1,0.08,2022-03-07 07:30:00,1986.4936760095695,2022-03-07 08:00:00,1982.196161370109,1982.3202729437103,1993.9894541125796,stop,2,-34.3801171156847,-1.92,-0.9928925888110205,0.0,-34.3801171156847,-46.28884940110767,-1.0297386980463596,2.442533311234541,0.6700344889536117,bounce_support
XAUUSD.a,15m,1,0.05,2022-03-07 15:15:00,1981.6086594581511,2022-03-07 15:15:00,1974.537809220023,1974.7007984072497,1994.3784031855005,stop,0,-35.3542511906403,-1.2,-0.8149459361330503,0.0,-35.3542511906403,-47.94316833099224,-1.0235947402568872,1.4228224027274918,0.4417200229368834,bounce_support
XAUUSD.a,15m,-1,0.04,2022-03-07 20:30:00,1992.0632272232012,2022-03-07 23:15:00,1999.8621883775268,1999.4811348679177,1977.6677302641647,stop,11,-31.1958446173021,-0.96,-0.5642140384359633,0.0,-31.1958446173021,-42.648153194665674,-1.0513694060184826,1.0483782151612264,0.16220574329451995,bounce_resistance
XAUUSD.a,15m,1,0.05,2022-03-08 03:30:00,1981.9045732803663,2022-03-08 07:45:00,1993.516112885609,1975.6119435571954,1993.516112885609,target,17,58.05769802621285,-1.2,-0.0,0.0,58.05769802621285,79.71235690228856,1.8452602673388319,0.09448725040614157,1.973010850124746,bounce_support
XAUUSD.a,15m,1,0.05,2022-03-08 12:15:00,2003.4190593290007,2022-03-08 14:30:00,2014.7389803701226,1997.2505098149386,2014.7389803701226,target,9,56.59960520560958,-1.2,-0.0,0.0,56.59960520560958,77.76700678145338,1.8351025658976325,0.09225172428356367,1.9795481325330815,bounce_support
XAUUSD.a,15m,1,0.04,2022-03-09 03:45:00,2038.3588453408154,2022-03-09 04:00:00,2044.36125,2029.9171945731887,2044.36125,target,1,24.009618636738196,-0.96,-0.0,0.0,24.009618636738196,33.00608805897227,0.7110463136195431,0.0638317499323576,1.0082334478730581,bounce_support
XAUUSD.a,15m,1,0.04,2022-03-09 07:45:00,2054.499977690121,2022-03-09 07:45:00,2047.3104142531597,2047.4603807883416,2060.826451612903,stop,0,-28.75825374784472,-0.96,-0.5998661407276692,0.0,-28.75825374784472,-39.527529032842715,-1.0213032844457286,1.3665523501337504,0.1448978292523082,bounce_support
XAUUSD.a,15m,1,0.05,2022-03-09 09:30:00,2041.9090048711462,2022-03-09 11:00:00,2035.5825761147767,2035.740357642103,2053.1692847157938,stop,6,-31.632143781847617,-1.2,-0.7889076366318738,0.0,-31.632143781847617,-43.18912054975713,-1.0255779786828159,1.8414093802715323,1.2111237442269296,bounce_support
XAUUSD.a,15m,-1,0.04,2022-03-09 22:00:00,1989.3905101461953,2022-03-09 23:15:00,1996.9095517093458,1996.4878190510171,1978.1395652173912,stop,5,-30.07616625260198,-0.96,-0.7269306333150607,0.0,-30.07616625260198,-41.07811881475884,-1.0594214883393542,1.3750972354006312,0.34386415737621495,bounce_resistance
XAUUSD.a,15m,-1,0.05,2022-03-10 01:15:00,1992.5531860222386,2022-03-10 03:00:00,1979.5210586011342,1999.4136254901398,1979.2810586011342,target,7,65.16063710552203,-1.2,-0.0,0.0,65.16063710552203,89.32477532697541,1.899605336083713,0.08116301883669853,2.87200056416597,bounce_resistance
XAUUSD.a,15m,-1,0.07,2022-03-10 07:30:00,1977.8315707496608,2022-03-10 07:45:00,1983.1401679576109,1982.7969057874955,1967.9861884250088,stop,1,-37.16018045565011,-1.6800000000000002,-0.7228351908071965,0.0,-37.16018045565011,-50.75556649773282,-1.0691317237406581,1.2825779533129897,0.0,bounce_resistance
XAUUSD.a,15m,1,0.03,2022-03-10 15:30:00,2002.615823188537,2022-03-10 15:45:00,1993.6644906042454,1993.861880045422,2018.9662399091562,stop,1,-26.853997752874648,-0.72,-0.5921683235295259,0.0,-26.853997752874648,-36.55097012777276,-1.0225486318507482,1.240106659485793,0.7361456095966628,bounce_support
XAUUSD.a,15m,1,0.05,2022-03-10 23:00:00,1998.0422676030437,2022-03-11 02:45:00,1991.9462675287807,1992.0499118723164,2008.5576975945019,stop,11,-30.480000371314873,-1.2,-0.5182217176782951,-4.146,-34.62600037131487,-47.10828179981072,-1.155672390868311,1.111794409814691,0.15982569126283913,bounce_support
XAUUSD.a,15m,-1,0.07,2022-03-11 03:45:00,1994.8292833091123,2022-03-11 07:00:00,1986.1925916600405,1999.3737041699799,1985.9525916600405,target,13,60.45684154350216,-1.6800000000000002,-0.0,0.0,60.45684154350216,82.38759562216671,1.9005043576494038,0.36544077710502393,2.2531547192918895,bounce_resistance
XAUUSD.a,15m,-1,0.08,2022-03-11 09:30:00,1985.9012261720752,2022-03-11 09:45:00,1990.5067569510927,1990.1618791193403,1977.6762417613195,stop,1,-36.844246232139994,-1.92,-0.8390226540204329,0.0,-36.844246232139994,-50.15757005069632,-1.0809448307621103,1.602752890800051,0.012023080196706872,bounce_resistance
XAUUSD.a,15m,-1,0.03,2022-03-11 18:30:00,1983.8341976965726,2022-03-14 12:00:00,1966.452973092416,1992.848513453792,1966.212973092416,target,66,52.14367381246984,-0.72,-0.0,0.9068999999999999,53.05057381246984,73.11169059476832,1.9617156842985028,0.6917665712378845,2.1825503151268677,bounce_resistance
XAUUSD.a,15m,-1,0.07,2022-03-14 19:45:00,1958.9760637380361,2022-03-15 03:00:00,1949.6567242360738,1963.866637881963,1949.4167242360738,target,25,65.23537651373613,-1.6800000000000002,-0.0,2.1161000000000003,67.35147651373613,93.6699115666052,1.9673844458345418,0.5999165283297683,2.683951485396909,bounce_resistance
XAUUSD.a,15m,-1,0.06,2022-03-15 11:30:00,1933.817071481594,2022-03-15 13:45:00,1923.9941121176264,1938.972943941187,1923.7541121176264,target,9,58.937756183805504,-1.44,-0.0,0.0,58.937756183805504,81.87277728451735,1.9051982842770092,0.2856797816372407,2.3365728256484237,bounce_resistance
XAUUSD.a,15m,-1,0.04,2022-03-15 19:45:00,1927.9349452094507,2022-03-15 23:15:00,1914.3207375949294,1935.0196312025353,1914.0807375949294,target,14,54.45683045808528,-0.96,-0.0,0.0,54.45683045808528,75.69230725983081,1.9216388175580774,0.43686548614439563,1.9866717061545798,bounce_resistance
XAUUSD.a,15m,-1,0.09,2022-03-16 10:30:00,1918.178934401084,2022-03-16 11:15:00,1913.7623076923078,1921.7507879665745,1913.5223076923078,target,3,39.74964037898599,-2.16,-0.0,0.0,39.74964037898599,54.982558100817464,1.2365083360212386,0.03949366801563063,1.830683783976991,bounce_resistance
XAUUSD.a,15m,-1,0.09,2022-03-16 11:30:00,1915.7752409264203,2022-03-16 11:45:00,1919.9694252692157,1919.6455465595868,1912.4484615384617,stop,1,-37.74765908515792,-2.16,-0.7549083866597419,0.0,-37.74765908515792,-52.21337448669745,-1.0836829801898262,1.3137874771454363,0.2933207436363219,bounce_resistance
XAUUSD.a,15m,-1,0.11,2022-03-16 12:00:00,1918.1752893702298,2022-03-16 12:30:00,1921.592139568297,1921.27046842214,1912.14906315572,stop,2,-37.58535217873805,-2.6399999999999997,-0.8983826077261918,0.0,-37.58535217873805,-51.985272723012514,-1.1039265065968753,1.552320737892327,0.0,bounce_resistance
XAUUSD.a,15m,1,0.09,2022-03-17 09:15:00,1931.5687398783648,2022-03-17 11:15:00,1938.392294593131,1927.7238527034344,1938.392294593131,target,8,61.41199243289634,-2.16,-0.0,0.0,61.41199243289634,83.84691019332405,1.7747086986732827,0.3793973170074399,2.1564378210357424,bounce_support
XAUUSD.a,15m,1,0.07,2022-03-17 19:45:00,1942.7570848347787,2022-03-17 22:30:00,1937.6832152450957,1937.7753620433857,1947.9959047619047,stop,11,-35.517087127781,-1.6800000000000002,-0.6450275880304127,0.0,-35.517087127781,-48.13330866088576,-1.0184969742694763,1.3061916744988546,0.6369112249086489,bounce_support
XAUUSD.a,15m,1,0.11,2022-03-18 03:45:00,1942.5261138786177,2022-03-18 04:00:00,1939.243247369868,1939.312598843657,1948.094802312686,stop,1,-36.11153159624723,-2.6399999999999997,-0.762866211679863,0.0,-36.11153159624723,-48.91504449203824,-1.0215811885224095,1.1626252990795407,0.10078873689979997,bounce_support
XAUUSD.a,15m,-1,0.11,2022-03-18 08:45:00,1934.701188003391,2022-03-18 14:00:00,1938.253569074565,1937.922009346684,1928.405981306632,stop,21,-39.07619178291225,-2.6399999999999997,-1.0071570066882518,0.0,-39.07619178291225,-52.95594495583717,-1.1029426014489427,1.185664024662901,1.757684577935349,bounce_resistance
XAUUSD.a,15m,-1,0.08,2022-03-21 01:45:00,1920.439460431882,2022-03-21 04:15:00,1925.160407507764,1924.8404972243286,1918.0582608695654,stop,10,-37.76757660705516,-1.92,-0.6392822674821714,0.0,-37.76757660705516,-50.91891361572448,-1.0726897543743275,1.008975788554939,0.4974874183373698,bounce_resistance
XAUUSD.a,15m,-1,0.12,2022-03-21 08:00:00,1928.0820836287862,2022-03-21 10:00:00,1922.9195558669562,1930.8252220665217,1922.6795558669562,target,8,61.95033314196007,-2.88,-0.0,0.0,61.95033314196007,83.76307567971453,1.8819785727226004,0.10131328677786285,2.2317807751037164,bounce_resistance
XAUUSD.a,15m,-1,0.1,2022-03-21 17:00:00,1929.74631722605,2022-03-21 17:00:00,1933.4138273736107,1933.0783032126858,1923.5133935746287,stop,0,-36.675101475607335,-2.4,-0.9552416092481477,0.0,-36.675101475607335,-49.47003004695065,-1.1006979507929147,1.738807665214602,0.0,bounce_resistance
XAUUSD.a,15m,1,0.11,2022-03-22 02:30:00,1936.2762505698886,2022-03-22 03:15:00,1933.2031651771576,1933.2712009472261,1938.3115555555555,stop,3,-33.8039393200404,-2.6399999999999997,-0.7483934707530784,0.0,-33.8039393200404,-45.780602825120056,-1.022640481393519,1.133508925842889,0.2641385433788912,bounce_support
XAUUSD.a,15m,1,0.14,2022-03-22 09:45:00,1935.4378342574576,2022-03-22 10:15:00,1933.0096101967708,1933.067386136901,1938.9508444444443,stop,2,-33.99513684961403,-3.3600000000000003,-0.808863161820604,0.0,-33.99513684961403,-46.01585994235557,-1.0243734252730858,1.0663950986887292,0.30465367973248797,bounce_support
XAUUSD.a,15m,1,0.14,2022-03-22 10:45:00,1933.859469503,2022-03-22 11:00:00,1931.4008725056851,1931.4721335991494,1937.795732801701,stop,1,-34.4203579624068,-3.3600000000000003,-0.9976553084984912,0.0,-34.4203579624068,-46.4725487570637,-1.0298496300203654,3.329849599370678,0.6075938013835867,bounce_support
XAUUSD.a,15m,-1,0.1,2022-03-22 21:30:00,1922.6774127080923,2022-03-23 03:30:00,1916.4807346765233,1925.9896326617384,1916.2407346765233,target,20,61.96678031569036,-2.4,-0.0,9.069,71.03578031569036,95.29759503587336,2.1446577011739625,0.6619691091148685,2.049203495867104,bounce_resistance
XAUUSD.a,15m,-1,0.11,2022-03-23 04:45:00,1920.487446737789,2022-03-23 05:30:00,1923.8497216542246,1923.5476992141314,1914.4946015717371,stop,3,-36.98502408079139,-2.6399999999999997,-0.682246841026275,0.0,-36.98502408079139,-49.510748290908275,-1.0986920008816312,1.0236257584717017,0.22463726215514623,bounce_resistance
XAUUSD.a,15m,1,0.07,2022-03-23 18:45:00,1926.4340553371562,2022-03-23 19:45:00,1934.9106190884763,1921.739690455762,1934.9106190884763,target,4,59.33594625924071,-1.6800000000000002,-0.0,0.0,59.33594625924071,79.14097533743342,1.8056891540144975,0.12015583607314499,1.9269794511919487,bounce_support
XAUUSD.a,15m,1,0.11,2022-03-24 05:00:00,1942.282645052348,2022-03-24 06:45:00,1939.1445912753927,1939.2052895816357,1947.5894208367286,stop,7,-34.51859154650833,-2.6399999999999997,-0.6676813686720766,0.0,-34.51859154650833,-46.1509346166299,-1.0197241777300958,1.1641960398935403,0.36308933377574654,bounce_support
XAUUSD.a,15m,1,0.05,2022-03-24 19:45:00,1962.0510863114039,2022-03-25 09:30:00,1955.8131629834074,1955.8683652833824,1966.4308333333333,stop,51,-31.189616639982205,-1.2,-0.2760114998745286,-4.146,-35.335616639982206,-46.95263844372984,-1.1430441865267258,1.0725190868794312,0.5901792547421271,bounce_support
XAUUSD.a,15m,-1,0.07,2022-03-25 18:00:00,1952.7972377840608,2022-03-25 18:15:00,1958.0834977195839,1957.7275146330971,1944.5881818181822,stop,1,-37.00381954866134,-1.6800000000000002,-0.811881605406869,0.0,-37.00381954866134,-49.34039968086902,-1.0722034679566343,1.4710659133384707,0.1475044518449379,bounce_resistance
XAUUSD.a,15m,-1,0.07,2022-03-28 14:15:00,1931.9959759062374,2022-03-28 15:00:00,1937.1271952762884,1936.7788465514361,1922.7423068971275,stop,3,-35.918535590356896,-1.6800000000000002,-0.7584410739655177,0.0,-35.918535590356896,-47.85309830849573,-1.0728325624281614,1.3452222673472158,1.0090124245952297,bounce_resistance
XAUUSD.a,15m,-1,0.08,2022-03-29 01:30:00,1922.431696866871,2022-03-29 04:15:00,1926.9372836390523,1926.6240179012273,1914.2219641975455,stop,11,-36.044694177449855,-1.92,-0.5861259026001693,0.0,-36.044694177449855,-48.10769993653634,-1.0747236996541671,1.046747874785017,0.2484773609497651,bounce_resistance
XAUUSD.a,15m,-1,0.04,2022-03-29 17:30:00,1912.367047398869,2022-03-29 22:45:00,1920.747673423776,1920.421508888576,1896.566982222848,stop,21,-33.52250409962744,-0.96,-0.34465814079962154,0.0,-33.52250409962744,-44.61755034356067,-1.040494890392954,1.1190012656524586,0.6439967967439839,bounce_resistance
XAUUSD.a,15m,1,0.08,2022-03-29 23:15:00,1919.6614493416623,2022-03-30 07:45:00,1927.1968521790413,1915.4565739104792,1927.1968521790413,target,30,60.283222699032194,-1.92,-0.0,-19.9008,40.38242269903219,53.66577543460582,1.2004642991192462,0.8969229655873588,1.8213501882938488,bounce_support
XAUUSD.a,15m,1,0.11,2022-03-30 10:15:00,1923.1020905416487,2022-03-30 11:15:00,1920.030318106324,1920.1156581792116,1928.2286836415767,stop,4,-33.789496788571114,-2.6399999999999997,-0.9387408017620705,0.0,-33.789496788571114,-44.97111476332399,-1.028575926902226,1.249681924355767,1.0641156646714616,bounce_support
XAUUSD.a,15m,1,0.08,2022-03-30 22:00:00,1932.9910624954418,2022-03-31 03:30:00,1928.6471859566486,1928.7053136130687,1940.6293727738628,stop,18,-34.751012310345686,-1.92,-0.4650212513613019,-6.6336,-41.38461231034569,-55.09793813202551,-1.2070414484781358,1.0969057274393494,0.6880798631685847,bounce_support
XAUUSD.a,15m,1,0.12,2022-03-31 04:15:00,1931.1328989944498,2022-03-31 04:15:00,1928.1778516601992,1928.2422001518737,1933.5612749003983,stop,0,-35.460568011007126,-2.88,-0.7721819000951755,0.0,-35.460568011007126,-47.24422181647143,-1.0222605311652568,1.2532952035990057,0.0,bounce_support
XAUUSD.a,15m,-1,0.09,2022-03-31 10:45:00,1932.5876451290685,2022-03-31 11:15:00,1925.7516292842788,1936.2041853578608,1925.5116292842788,target,2,61.52414260310729,-2.16,-0.0,0.0,61.52414260310729,82.29113290234243,1.890208711178254,0.039362169898785444,2.156106288266725,bounce_resistance
XAUUSD.a,15m,-1,0.09,2022-03-31 14:00:00,1930.107234060031,2022-03-31 15:15:00,1934.2885335381009,1933.9676204880634,1922.5447590238734,stop,5,-37.631695302628486,-2.16,-0.7282174503373342,0.0,-37.631695302628486,-50.22380859308735,-1.083129773669065,1.0653767483234213,0.5354992559863322,bounce_resistance
XAUUSD.a,15m,1,0.08,2022-03-31 21:15:00,1943.417905009608,2022-03-31 22:30:00,1939.2269505774186,1939.3034690711984,1950.753061857603,stop,5,-33.52763545751441,-1.92,-0.6121479502374126,0.0,-33.52763545751441,-44.80746726741294,-1.0185975659665605,1.290068696915918,0.1633504568919839,bounce_support
XAUUSD.a,15m,1,0.12,2022-04-01 01:30:00,1936.2420355948186,2022-04-01 03:15:00,1933.3327133104397,1933.3916196807147,1941.0967606385707,stop,7,-34.91186741254751,-2.88,-0.7068764432998604,0.0,-34.91186741254751,-46.65989603665701,-1.0206658859795106,1.3338529216055899,0.2483723170637691,bounce_support
XAUUSD.a,15m,-1,0.12,2022-04-01 04:30:00,1936.2893024716407,2022-04-01 07:00:00,1939.4096278116579,1939.114350428141,1930.7612991437177,stop,10,-37.443904080206266,-2.88,-0.6633286022020293,0.0,-37.443904080206266,-50.07744086049091,-1.1045211932906756,1.1046529391399342,1.0262843379240074,bounce_resistance
XAUUSD.a,15m,-1,0.08,2022-04-01 23:45:00,1923.607019790143,2022-04-04 07:15:00,1916.1012053202353,1927.5593973398825,1915.8612053202353,target,26,60.04651575926255,-1.92,-0.0,2.4184,62.464915759262546,83.17343846936505,1.975548735323302,0.820513771532441,2.071416429000544,bounce_resistance
XAUUSD.a,15m,-1,0.13,2022-04-04 10:15:00,1929.8337889354893,2022-04-04 11:00:00,1932.744262507029,1932.432150494239,1924.925699011522,stop,3,-37.8361564300144,-3.12,-0.9374561662668033,0.0,-37.8361564300144,-50.35354391080023,-1.120118777057347,1.241632848841477,0.8596913420179582,bounce_resistance
XAUUSD.a,15m,1,0.08,2022-04-04 15:45:00,1931.5640986422322,2022-04-04 15:45:00,1933.5495286195285,1927.3215781272918,1933.5495286195285,target,0,15.88343981836988,-1.92,-0.0,0.0,15.88343981836988,21.13143061048344,0.46798358907266296,0.2555317383650735,0.5152364850257991,bounce_support
XAUUSD.a,15m,1,0.08,2022-04-04 16:00:00,1931.9755915963585,2022-04-04 16:00:00,1933.5777777777776,1927.719415714473,1933.5777777777776,target,0,12.81748945135223,-1.92,-0.0,0.0,12.81748945135223,17.04521384011627,0.37643796353387854,0.13053774368748844,0.7505348679872528,bounce_support
XAUUSD.a,15m,1,0.09,2022-04-04 16:15:00,1931.9057779109044,2022-04-04 16:30:00,1933.6060269360266,1928.0860723559856,1933.6060269360266,target,1,15.302241226100477,-2.16,-0.0,0.0,15.302241226100477,20.34953685133779,0.44512567805987324,0.6298333408988466,1.2996347539676045,bounce_support
XAUUSD.a,15m,1,0.08,2022-04-04 16:45:00,1932.8370023823613,2022-04-04 16:45:00,1928.6137828611775,1928.7142864347195,1933.2718685831621,stop,0,-33.785756169470915,-1.92,-0.804028588336986,0.0,-33.785756169470915,-44.929659653271955,-1.02437800101157,1.8305899504617098,0.0,bounce_support
XAUUSD.a,15m,1,0.07,2022-04-04 19:45:00,1931.7318054291773,2022-04-05 07:00:00,1927.189344061399,1927.2310602776597,1939.8278794446808,stop,41,-31.797229574448014,-1.6800000000000002,-0.29201351382463525,-5.804400000000001,-37.60162957444801,-49.484944035016994,-1.1935048946210796,1.160209088358756,0.4772975359643569,bounce_support
XAUUSD.a,15m,-1,0.19,2022-04-05 09:45:00,1931.8303815843435,2022-04-05 10:15:00,1928.5470365337633,1933.6364817331182,1928.3070365337633,target,2,62.38355596102451,-4.56,-0.0,0.0,62.38355596102451,81.75552842018807,1.817919705508982,0.9742640333927037,2.1152656384726782,bounce_resistance
XAUUSD.a,15m,1,0.06,2022-04-05 18:30:00,1927.7130032157665,2022-04-05 18:45:00,1921.974141642071,1922.1074532640314,1938.1350934719374,stop,1,-34.43316944217395,-1.44,-0.7998697317628015,0.0,-34.43316944217395,-45.33662862695714,-1.0237820772463613,1.5400813997017972,0.11898864339387379,bounce_support
XAUUSD.a,15m,-1,0.08,2022-04-05 22:45:00,1923.9591875587066,2022-04-06 10:00:00,1916.0204967068573,1928.1397516465713,1915.7804967068573,target,41,63.5095268147943,-1.92,-0.0,7.2552,70.7647268147943,93.37686954343174,2.1158845232216845,0.3111571582096686,2.1287049717857824,bounce_resistance
XAUUSD.a,15m,-1,0.12,2022-04-06 11:30:00,1924.2182617213473,2022-04-06 12:00:00,1927.3922591440523,1927.0657950948764,1918.678409810247,stop,2,-38.08796907246051,-2.88,-1.037568590110457,0.0,-38.08796907246051,-50.21750530345768,-1.1146480150893905,3.2560595653920843,0.617468345653883,bounce_resistance
XAUUSD.a,15m,-1,0.11,2022-04-07 03:00:00,1923.6827087437493,2022-04-07 03:15:00,1926.9924706701022,1926.6815649917528,1922.6884410646387,stop,1,-36.407381189881335,-2.6399999999999997,-0.7799624618422429,0.0,-36.407381189881335,-48.50114059799019,-1.1036747521847343,1.2062236256435757,0.3010176777731074,bounce_resistance
XAUUSD.a,15m,1,0.1,2022-04-07 04:15:00,1923.6851291906037,2022-04-07 10:15:00,1926.817594936709,1920.29022615935,1926.817594936709,target,24,31.32465746105254,-2.4,-0.0,0.0,31.32465746105254,41.84599631437613,0.9226966771267138,0.932317995967852,1.315168877665265,bounce_support
XAUUSD.a,15m,1,0.1,2022-04-07 21:30:00,1934.237762644297,2022-04-07 22:15:00,1930.8990413604245,1930.9713624224798,1936.4952582159624,stop,3,-33.387212838724736,-2.4,-0.7232106205543116,0.0,-33.387212838724736,-44.64904026468665,-1.0221409065467024,1.4382079124656726,0.02823822845924248,bounce_support
XAUUSD.a,15m,1,0.09,2022-04-07 23:45:00,1930.8568775095853,2022-04-08 15:00:00,1937.129036288668,1927.095481855666,1937.129036288668,target,57,56.449429011744314,-2.16,-0.0,-7.4628,48.98662901174431,65.75298185493392,1.4470582942827137,0.8446007285288023,2.1356760175028984,bounce_support
XAUUSD.a,15m,1,0.11,2022-04-11 02:15:00,1946.7933172829169,2022-04-11 02:45:00,1943.613092227371,1943.675256672368,1952.1794866552639,stop,2,-34.982475611004475,-2.6399999999999997,-0.6838088949681909,0.0,-34.982475611004475,-46.98409209600902,-1.0199368943588656,1.146006357550533,0.0,bounce_support
XAUUSD.a,15m,1,0.11,2022-04-11 08:00:00,1942.488777710486,2022-04-11 11:00:00,1947.5006765138637,1939.5646617430682,1947.5006765138637,target,12,55.130886837155685,-2.6399999999999997,-0.0,0.0,55.130886837155685,74.17343204643761,1.7139877006327442,0.8682205968485796,2.236991406086603,bounce_support
XAUUSD.a,15m,1,0.06,2022-04-11 19:30:00,1947.860250140389,2022-04-11 19:45:00,1942.5367534472064,1942.648851857034,1956.8122962859316,stop,1,-31.940980159096398,-1.44,-0.6725904589658195,0.0,-31.940980159096398,-43.0599101608245,-1.0215102365493216,1.3451764304370286,0.1553805361983707,bounce_support
XAUUSD.a,15m,1,0.11,2022-04-12 02:45:00,1952.6996258820093,2022-04-12 04:45:00,1954.7152272727274,1949.6760848923118,1954.7152272727274,target,8,22.171615297898825,-2.6399999999999997,-0.0,0.0,22.171615297898825,29.909502755869937,0.6666360395265342,0.9755534626651107,0.8005097752065744,bounce_support
XAUUSD.a,15m,1,0.11,2022-04-12 11:00:00,1953.5906424535865,2022-04-12 12:00:00,1950.6473579483766,1950.7101168034194,1958.509766393161,stop,4,-32.37612955730924,-2.6399999999999997,-0.6903474054722679,0.0,-32.37612955730924,-43.56373142441265,-1.0217872925516873,1.2361085739264184,0.5135720788765137,bounce_support
XAUUSD.a,15m,1,0.05,2022-04-12 20:15:00,1972.1996145055546,2022-04-12 21:45:00,1965.6790751087376,1965.780056644693,1975.8177777777778,stop,6,-32.60269698408479,-1.2,-0.5049076797769515,0.0,-32.60269698408479,-43.70217552355806,-1.0157302945380644,1.1666869693965924,0.11065956719177995,bounce_support
XAUUSD.a,15m,1,0.07,2022-04-12 23:15:00,1966.6118303443384,2022-04-13 11:30:00,1975.3128237598444,1961.8085881200777,1975.3128237598444,target,45,60.906953908541944,-1.6800000000000002,-0.0,-17.413200000000003,43.49375390854194,58.55851833554399,1.2935831934776914,0.7811037147759065,1.8858448591057622,bounce_support
XAUUSD.a,15m,1,0.08,2022-04-13 16:15:00,1976.5858450831877,2022-04-14 07:00:00,1972.7279676861567,1972.7794039455691,1981.7942966751918,stop,55,-30.86301917624769,-1.92,-0.4114900752999009,-6.6336,-37.49661917624769,-50.27502135372362,-1.2313542302570246,1.0602673040972592,1.301518856511673,bounce_support
XAUUSD.a,15m,-1,0.07,2022-04-18 01:00:00,1971.5615511425517,2022-04-18 01:30:00,1976.3435655798567,1976.0303054504532,1967.9593890990934,stop,2,-33.47410106113466,-1.6800000000000002,-0.5128209058249865,0.0,-33.47410106113466,-45.21755131250545,-1.070100101240651,1.5638471878150846,0.30244471936215306,bounce_resistance
XAUUSD.a,15m,1,0.09,2022-04-18 05:30:00,1984.330358939068,2022-04-18 09:15:00,1989.04,1980.8573763778104,1989.04,target,15,42.38676954838775,-2.16,-0.0,0.0,42.38676954838775,57.57976682205524,1.3560796744186854,0.4982342722854058,1.3589590439011425,bounce_support
XAUUSD.a,15m,1,0.07,2022-04-18 17:45:00,1985.4999719597902,2022-04-18 20:30:00,1980.7049193541757,1980.794255849509,1994.0114883009821,stop,11,-33.565368239301506,-1.6800000000000002,-0.6253554673329148,0.0,-33.565368239301506,-45.63053907652566,-1.0189846759217247,1.4854215162955338,1.077419020057889,bounce_support
XAUUSD.a,15m,-1,0.12,2022-04-19 01:45:00,1977.5797386200263,2022-04-19 10:30:00,1980.4797993869445,1980.180997383187,1972.4980052336255,stop,35,-34.80072920301791,-2.88,-0.7056240450870689,0.0,-34.80072920301791,-47.12034283801761,-1.1148682353286143,1.2110526736470544,1.8682257562570324,bounce_resistance
XAUUSD.a,15m,-1,0.07,2022-04-19 21:45:00,1954.043188160676,2022-04-19 22:15:00,1945.7364173035694,1958.4167913482152,1945.4964173035694,target,2,58.1473959997461,-1.6800000000000002,-0.0,0.0,58.1473959997461,78.78303683898018,1.8992968728332265,0.12502548033663805,2.170564578817542,bounce_resistance
XAUUSD.a,15m,-1,0.11,2022-04-20 01:15:00,1950.4704479178351,2022-04-20 04:15:00,1945.1850923087216,1953.3074538456392,1944.9450923087215,target,12,58.13891170024954,-2.6399999999999997,-0.0,0.0,58.13891170024954,78.50880668194769,1.8630047816659467,0.3734754558602416,2.492221763987582,bounce_resistance
XAUUSD.a,15m,-1,0.09,2022-04-20 08:45:00,1945.7617518204077,2022-04-20 09:00:00,1941.8961016949154,1949.255542287456,1941.6561016949154,target,1,34.79085112943039,-2.16,-0.0,0.0,34.79085112943039,46.90627216759973,1.1064344476153363,0.022396357288813954,1.6605895159217292,bounce_resistance
XAUUSD.a,15m,1,0.13,2022-04-21 04:30:00,1954.6859084163707,2022-04-21 05:45:00,1952.1428769477964,1952.1941242087205,1958.8417515825593,stop,5,-33.05940909146625,-3.12,-0.6662143920140654,0.0,-33.05940909146625,-44.48491454258336,-1.020566492381961,1.338762965961893,0.8002665630142337,bounce_support
XAUUSD.a,15m,-1,0.07,2022-04-21 16:15:00,1948.6833410953363,2022-04-21 18:30:00,1940.0324118930178,1953.2287940534911,1939.7924118930177,target,9,60.55650441623016,-1.6800000000000002,-0.0,0.0,60.55650441623016,82.09938234304522,1.9032050891206274,0.15546501331533333,2.394335877090335,bounce_resistance
XAUUSD.a,15m,-1,0.07,2022-04-21 20:30:00,1946.1626586526736,2022-04-21 21:45:00,1951.065193109583,1950.722113824149,1937.515772351702,stop,5,-34.31774119836655,-1.6800000000000002,-0.7215549980394003,0.0,-34.31774119836655,-46.56346752196924,-1.075245675751036,1.5741664469537844,0.6892618820631489,bounce_resistance
XAUUSD.a,15m,1,0.11,2022-04-22 03:00:00,1951.1775385777314,2022-04-22 05:45:00,1948.185633196912,1948.2473134458423,1956.2053731083156,stop,11,-32.91095918901328,-2.6399999999999997,-0.6784827382334025,0.0,-32.91095918901328,-44.731171170932086,-1.0210496621092562,1.326703035689687,0.8301278273114516,bounce_support
XAUUSD.a,15m,-1,0.07,2022-04-22 15:30:00,1934.6123112188745,2022-04-22 15:30:00,1939.4204162579385,1939.0788830862502,1928.540776340111,stop,0,-33.65673527344802,-1.6800000000000002,-0.7107322018187804,0.0,-33.65673527344802,-46.08554623851244,-1.076464273234444,1.1256258558937138,0.013950568965364923,bounce_resistance
XAUUSD.a,15m,-1,0.05,2022-04-22 16:30:00,1936.7941541316711,2022-04-22 16:30:00,1942.7841232509804,1942.4153544484868,1928.3253234750464,stop,0,-29.949845596546538,-1.2,-0.6438440124677602,0.0,-29.949845596546538,-41.17609656366385,-1.0656032131412292,1.6145743536622539,0.45437877814644206,bounce_resistance
XAUUSD.a,15m,-1,0.08,2022-04-25 01:15:00,1933.4093235692528,2022-04-25 04:15:00,1925.8242101916148,1937.4728949041926,1925.5842101916148,target,12,60.68090702110385,-1.92,-0.0,0.0,60.68090702110385,84.42678440201442,1.8666125810119292,0.24133363239255656,2.017762921682375,bounce_resistance
XAUUSD.a,15m,-1,0.1,2022-04-25 11:30:00,1920.665804966888,2022-04-25 13:15:00,1914.673044746577,1923.8334776267116,1914.433044746577,target,7,59.92760220310856,-2.4,-0.0,0.0,59.92760220310856,83.79959196664741,1.891849589232637,0.1623258108812282,2.069596726340067,bounce_resistance
XAUUSD.a,15m,-1,0.06,2022-04-25 19:15:00,1895.426394566021,2022-04-25 21:30:00,1901.1045196223292,1900.7604528552895,1885.009094289421,stop,9,-34.068750337849906,-1.44,-0.6244006022385231,0.0,-34.068750337849906,-47.541550268416444,-1.0645037508742576,1.3298702506214592,0.17742486390239154,bounce_resistance
XAUUSD.a,15m,-1,0.07,2022-04-25 21:45:00,1900.5113205727848,2022-04-26 07:30:00,1905.3967925226452,1905.0932922346585,1891.5234155306828,stop,35,-34.19830364902282,-1.6800000000000002,-0.4445020159067265,2.1161000000000003,-32.082203649022816,-44.408121988016745,-1.0002619588411457,1.0167412133906968,0.8820047069283249,bounce_resistance
XAUUSD.a,15m,-1,0.12,2022-04-27 10:30:00,1900.7614861005377,2022-04-27 10:30:00,1903.8113684720588,1903.4985976228654,1895.522804754269,stop,0,-36.59858845825329,-2.88,-0.873250190320197,0.0,-36.59858845825329,-51.10820899071818,-1.1142704075599354,1.0078193295961733,0.3805055409842988,bounce_resistance
XAUUSD.a,15m,-1,0.11,2022-04-27 10:45:00,1900.5590370933564,2022-04-27 11:00:00,1895.0289609309693,1903.5205195345152,1894.7889609309693,target,1,60.830837786258144,-2.6399999999999997,-0.0,0.0,60.830837786258144,85.09475671636145,1.8673337668763383,0.28734355970406666,4.801324125964759,bounce_resistance
XAUUSD.a,15m,-1,0.07,2022-04-27 14:15:00,1898.3373388827558,2022-04-27 15:00:00,1903.0966498811756,1902.756171706293,1889.6876565874145,stop,3,-33.31517698893845,-1.6800000000000002,-0.7033472241792691,0.0,-33.31517698893845,-46.76405018028726,-1.077051608078303,1.1660683540228902,0.549316749397363,bounce_resistance
XAUUSD.a,15m,-1,0.09,2022-04-28 09:45:00,1877.555862698091,2022-04-28 09:45:00,1881.325137594116,1881.0039316412526,1870.7921367174945,stop,0,-33.92347406422573,-2.16,-0.730853575771199,0.0,-33.92347406422573,-47.66407304027669,-1.0931553162533183,1.4773884704399651,0.0916056793810433,bounce_resistance
XAUUSD.a,15m,-1,0.11,2022-04-28 10:00:00,1882.2154010767988,2022-04-28 10:15:00,1885.3331949143032,1885.0084035569873,1876.7931928860253,stop,1,-34.295732212548955,-2.6399999999999997,-0.9327049304754279,0.0,-34.295732212548955,-47.94795281858453,-1.1162875291446188,1.4481186292853465,0.3742929282068374,bounce_resistance
XAUUSD.a,15m,-1,0.07,2022-04-28 12:30:00,1888.8057849206389,2022-04-28 15:30:00,1893.4233023417003,1893.0697666802334,1880.4704666395328,stop,12,-32.32262194742975,-1.6800000000000002,-0.7947496302674504,0.0,-32.32262194742975,-45.681810655534164,-1.0829120951728546,1.5371114251633706,1.6219077169073863,bounce_resistance
XAUUSD.a,15m,1,0.06,2022-04-28 17:15:00,1885.0614928422665,2022-04-28 22:00:00,1893.5735311614687,1880.3232344192656,1893.5735311614687,target,19,51.072229915213484,-1.44,-0.0,0.0,51.072229915213484,71.90537389332717,1.7964487284784663,0.4034167560358195,2.105944055160644,bounce_support
XAUUSD.a,15m,1,0.09,2022-04-29 01:45:00,1893.631385945693,2022-04-29 03:00:00,1895.9802654867258,1890.2516923213166,1895.9802654867258,target,5,21.139915869295464,-2.16,-0.0,0.0,21.139915869295464,29.67047378811698,0.6949977726061602,0.3229245212705845,0.9523390022966491,bounce_support
XAUUSD.a,15m,1,0.11,2022-04-29 12:15:00,1913.4709841908345,2022-04-29 14:45:00,1918.4222718334672,1910.5438640832665,1918.4222718334672,target,10,54.46416406895946,-2.6399999999999997,-0.0,0.0,54.46416406895946,76.0131248258356,1.6915218578941011,0.10965870174050926,2.17928051284007,bounce_support
XAUUSD.a,15m,-1,0.1,2022-05-02 02:30:00,1899.1108645292143,2022-05-02 03:15:00,1893.1313384402515,1902.2943307798744,1892.8913384402515,target,3,59.79526088962757,-2.4,-0.0,0.0,59.79526088962757,84.67544768204196,1.878306731765377,0.10653025478610186,1.9823877598531892,bounce_resistance
XAUUSD.a,15m,-1,0.1,2022-05-02 07:00:00,1888.532073561415,2022-05-02 11:15:00,1882.6715024812745,1891.6842487593626,1882.4315024812745,target,17,58.605710801405166,-2.4,-0.0,0.0,58.605710801405166,83.03915042139703,1.8592148951480776,0.015204243284483169,2.3387258316780546,bounce_resistance
XAUUSD.a,15m,-1,0.12,2022-05-02 14:00:00,1882.0401263101924,2022-05-02 14:30:00,1877.0785257130303,1884.6707371434848,1876.8385257130303,target,2,59.53920716594439,-2.88,-0.0,0.0,59.53920716594439,84.26392930162811,1.8861020924757013,0.11019254012755918,2.3265038799116184,bounce_resistance
XAUUSD.a,15m,-1,0.06,2022-05-02 18:30:00,1863.639113918643,2022-05-02 18:30:00,1868.939431055239,1868.5781019332037,1853.9737961335927,stop,0,-31.8019028195763,-1.44,-0.7279747322120869,0.0,-31.8019028195763,-45.05859082669958,-1.0731585338879441,1.227151405002173,0.3743912544820285,bounce_resistance
XAUUSD.a,15m,-1,0.08,2022-05-02 22:45:00,1862.731794069621,2022-05-03 03:45:00,1866.8651012786372,1866.571892754679,1855.1062144906418,stop,16,-33.06645767213013,-1.92,-0.4256681916650286,2.4184,-30.64805767213013,-43.214361997335246,-0.997632488957316,1.1401284939406888,0.5004543443372226,bounce_resistance
XAUUSD.a,15m,-1,0.12,2022-05-03 06:00:00,1865.2406028682424,2022-05-03 07:45:00,1860.1526770812372,1867.9486614593814,1859.9126770812372,target,7,61.0551094440616,-2.88,-0.0,0.0,61.0551094440616,85.98826748360881,1.878809344691914,0.02931883823243505,2.7549636084884552,bounce_resistance
XAUUSD.a,15m,-1,0.1,2022-05-03 09:45:00,1859.8249711251503,2022-05-03 09:45:00,1857.8392074592073,1863.1010531273553,1857.5992074592073,target,0,19.857636659430682,-2.4,-0.0,0.0,19.857636659430682,27.944886939812385,0.6061397927788658,0.013744733745749759,0.9752414997548574,bounce_resistance
XAUUSD.a,15m,-1,0.08,2022-05-03 12:30:00,1856.413893955073,2022-05-03 13:00:00,1860.8052586275005,1860.4813020846996,1848.1773958306012,stop,2,-35.13091737941977,-1.92,-0.6716523424082153,0.0,-35.13091737941977,-49.60522638683409,-1.0796469231698882,1.112774007594514,0.0034159235144717117,bounce_resistance
XAUUSD.a,15m,-1,0.08,2022-05-03 13:15:00,1859.17504118779,2022-05-03 14:30:00,1863.6543934215938,1863.3303831098692,1851.1492337802615,stop,5,-35.834817870430925,-1.92,-0.6720824937960339,0.0,-35.834817870430925,-50.357383778236574,-1.0779744044654807,1.0648844054680773,0.9951145454044458,bounce_resistance
XAUUSD.a,15m,1,0.08,2022-05-03 21:15:00,1867.3015564714976,2022-05-04 04:00:00,1863.3955382645283,1863.4505746116713,1874.0988507766574,stop,23,-31.248145655754342,-1.92,-0.44029077714379405,-19.9008,-51.148945655754346,-71.96879972950198,-1.6602566409538018,1.127389489103796,0.6955222397809927,bounce_support
XAUUSD.a,15m,-1,0.14,2022-05-04 06:30:00,1865.0974992713273,2022-05-04 10:00:00,1867.718062574297,1867.4182809944748,1860.5534380110507,stop,14,-36.6878862415756,-3.3600000000000003,-0.8369421175093555,0.0,-36.6878862415756,-51.61346929120677,-1.1291726735143193,2.013330543785771,1.597521746379007,bounce_resistance
XAUUSD.a,15m,-1,0.09,2022-05-04 19:00:00,1868.5639407219253,2022-05-04 21:00:00,1872.2409132277203,1871.906188623006,1862.0476227539875,stop,8,-33.092752552154934,-2.16,-0.8525214424280847,0.0,-33.092752552154934,-45.76384632171,-1.100149544444615,2.19494768048251,1.2308903599265997,bounce_resistance
XAUUSD.a,15m,1,0.09,2022-05-05 10:30:00,1892.9531203158474,2022-05-05 13:00:00,1898.8943796413132,1889.5278101793435,1898.8943796413132,target,10,53.47133392919227,-2.16,-0.0,0.0,53.47133392919227,74.11134293720342,1.73451719368393,0.9993606941943437,1.8470968852502998,bounce_support
XAUUSD.a,15m,1,0.06,2022-05-05 16:45:00,1898.1070215971279,2022-05-05 16:45:00,1892.9249518392282,1893.04048423492,1907.3190315301597,stop,0,-31.092418547397756,-1.44,-0.6931943741509156,0.0,-31.092418547397756,-43.40758428485356,-1.0228030284654803,1.0257541246795712,0.0,bounce_support
XAUUSD.a,15m,-1,0.13,2022-05-06 02:45:00,1876.2047299163303,2022-05-06 04:00:00,1871.6955821379813,1878.6772089310093,1871.4555821379813,target,5,58.61892111853649,-3.12,-0.0,0.0,58.61892111853649,82.5944331828559,1.8237355106264916,0.20840220710089094,2.6106308195170635,bounce_resistance
XAUUSD.a,15m,-1,0.08,2022-05-06 05:45:00,1872.7654926746768,2022-05-06 06:00:00,1876.7942713048812,1876.4753718160384,1865.509256367923,stop,1,-32.23022904163554,-1.92,-0.6311959107427438,0.0,-32.23022904163554,-45.32000652675948,-1.085959535793873,1.1521958431654724,0.0499996543307335,bounce_resistance
XAUUSD.a,15m,-1,0.11,2022-05-06 07:45:00,1876.700509905377,2022-05-06 11:30:00,1879.9479989398583,1879.6350455809124,1870.9499088381751,stop,15,-35.72237937929435,-2.6399999999999997,-0.8024869484031244,0.0,-35.72237937929435,-50.396968735778266,-1.106644932469164,1.3458654217595916,1.2439821181287578,bounce_resistance
XAUUSD.a,15m,1,0.08,2022-05-06 15:15:00,1882.9611380307829,2022-05-06 15:45:00,1878.861867401725,1878.960586742559,1890.0888265148824,stop,2,-32.79416503246284,-1.92,-0.7897547266717992,0.0,-32.79416503246284,-46.33645834976522,-1.0246764342515708,1.7225471027124997,1.7744709310722524,bounce_support
XAUUSD.a,15m,-1,0.11,2022-05-09 03:45:00,1881.005103687673,2022-05-09 04:00:00,1879.8720000000003,1883.8003508835427,1879.6320000000003,target,1,12.464140564399713,-2.6399999999999997,-0.0,0.0,12.464140564399713,17.74052857240416,0.4053679722305026,0.3881217782563115,1.2038662242985954,bounce_resistance
XAUUSD.a,15m,-1,0.09,2022-05-09 05:00:00,1878.3027714893851,2022-05-09 08:00:00,1871.8522043513847,1881.7488978243075,1871.6122043513847,target,12,58.05510424200406,-2.16,-0.0,0.0,58.05510424200406,82.93941774933792,1.8718313001562485,0.10656269530618392,2.0814012001526248,bounce_resistance
XAUUSD.a,15m,-1,0.11,2022-05-10 01:45:00,1853.325612669353,2022-05-10 04:00:00,1856.4686979018438,1856.1696965793028,1847.770606841394,stop,9,-34.57393755739963,-2.6399999999999997,-0.6490145479518178,0.0,-34.57393755739963,-49.878725773846774,-1.1051309778501888,1.0212031088415647,0.2762269659501137,bounce_resistance
XAUUSD.a,15m,1,0.11,2022-05-10 11:00:00,1859.8070218596383,2022-05-10 11:45:00,1864.9102031715047,1856.8848984142476,1864.9102031715047,target,3,56.134994430530014,-2.6399999999999997,-0.0,0.0,56.134994430530014,80.58657215327746,1.7463948417086659,0.3548863964916003,1.7908135087913346,bounce_support
XAUUSD.a,15m,-1,0.11,2022-05-11 06:45:00,1837.8186309858904,2022-05-11 09:15:00,1841.0017534865951,1840.6969672328853,1832.186065534229,stop,10,-35.014347507751836,-2.6399999999999997,-0.7126487908072939,0.0,-35.014347507751836,-50.22426345136244,-1.1058897319686145,2.1683946830832626,0.6631021611471016,bounce_resistance
XAUUSD.a,15m,1,0.09,2022-05-11 14:30:00,1853.0581654244236,2022-05-11 14:30:00,1853.7077516059956,1849.4944424069683,1853.7077516059956,target,0,5.846275634147787,-2.16,-0.0,0.0,5.846275634147787,8.334676713828392,0.1822774043858858,0.5073810213552301,0.20535674966652465,bounce_support
XAUUSD.a,15m,1,0.09,2022-05-11 15:00:00,1850.539228350651,2022-05-11 15:30:00,1847.0135149053249,1847.1152607568044,1853.5546895074947,stop,2,-31.73142100793507,-2.16,-0.915712663317016,0.0,-31.73142100793507,-45.77131380425103,-1.0297157752492803,4.53836898999208,0.4616783325256354,bounce_support
XAUUSD.a,15m,1,0.06,2022-05-11 21:00:00,1852.194204552005,2022-05-11 21:00:00,1854.227818574514,1847.183221064422,1854.227818574514,target,0,12.201684135054165,-1.44,-0.0,0.0,12.201684135054165,17.56219199886893,0.4058313158581046,0.06469878673686562,0.679666068833468,bounce_support
XAUUSD.a,15m,1,0.05,2022-05-11 21:15:00,1853.1416470840045,2022-05-11 22:15:00,1854.16313174946,1847.3580856527635,1854.16313174946,target,4,5.107423327277729,-1.2,-0.0,0.0,5.107423327277729,7.367042648392755,0.17661862463115008,0.4411895878241011,0.18299328684894198,bounce_support
XAUUSD.a,15m,1,0.08,2022-05-11 23:00:00,1853.3268412893538,2022-05-12 02:30:00,1853.710323974082,1849.3192503137564,1853.710323974082,target,10,3.067861477826227,-1.92,-0.0,-6.6336,-3.565738522173773,-5.1481887935285915,-0.11121826503396605,0.6080563870394486,0.31269626024132174,bounce_support
XAUUSD.a,15m,1,0.1,2022-05-12 05:00:00,1857.4802468927328,2022-05-12 05:30:00,1854.4600142525076,1854.5246544938736,1862.400691012253,stop,2,-30.20232640225231,-2.4,-0.6464024136618205,0.0,-30.20232640225231,-43.647503327146524,-1.021870485724293,1.3669837878498599,0.2739731999512962,bounce_support
XAUUSD.a,15m,1,0.11,2022-05-12 07:45:00,1850.4392637403232,2022-05-12 08:30:00,1847.5913398644357,1847.653542763938,1855.232914472124,stop,3,-31.327162634763,-2.6399999999999997,-0.6842318945259956,0.0,-31.327162634763,-45.52903430575814,-1.022329192345422,1.0515280479110738,0.8546212200929179,bounce_support
XAUUSD.a,15m,-1,0.08,2022-05-12 23:45:00,1823.0886255359621,2022-05-13 01:30:00,1815.9764962804302,1826.841751859785,1815.7364962804302,target,3,56.89703404425563,-1.92,-0.0,2.4184,59.31543404425563,86.46690774538351,1.9755341589407611,0.16289738508326135,3.2769015681398175,bounce_resistance
XAUUSD.a,15m,-1,0.07,2022-05-13 02:45:00,1821.0094177720398,2022-05-13 04:30:00,1825.6452552936435,1825.3257405570203,1819.0279310344827,stop,7,-32.450862651225634,-1.6800000000000002,-0.5566031563618898,0.0,-32.450862651225634,-47.26106149050528,-1.0740247549916846,1.0334218384875558,0.17594091310370685,bounce_resistance
XAUUSD.a,15m,-1,0.07,2022-05-13 21:30:00,1809.5515555442764,2022-05-16 01:00:00,1814.2466923311404,1813.9308044032102,1800.8783911935793,stop,10,-32.865957508047586,-1.6800000000000002,-0.5312154955115715,2.1161000000000003,-30.749857508047587,-44.29028275054385,-1.0031027987602061,1.232732970794894,0.6009148210218508,bounce_resistance
XAUUSD.a,15m,-1,0.09,2022-05-16 03:00:00,1813.1824425716597,2022-05-16 04:00:00,1816.9821265867133,1816.673398219204,1809.6023943661971,stop,4,-34.197156135482146,-2.16,-0.6185553075838331,0.0,-34.197156135482146,-49.376470783854785,-1.0884366341710612,1.0763692832888179,0.5621505311991565,bounce_resistance
XAUUSD.a,15m,-1,0.06,2022-05-16 14:00:00,1806.376794123774,2022-05-16 17:00:00,1811.754458860508,1811.401620914112,1796.3967581717761,stop,12,-32.26598842040403,-1.44,-0.6770276783758148,0.0,-32.26598842040403,-46.52764091308189,-1.070218927162713,1.1310252299947607,1.6531503413703426,bounce_resistance
XAUUSD.a,15m,1,0.07,2022-05-16 19:30:00,1812.2738237016665,2022-05-16 21:45:00,1820.1275097521107,1807.9062451239447,1820.1275097521107,target,9,54.97580235310898,-1.6800000000000002,-0.0,0.0,54.97580235310898,78.79237291374741,1.798178535471415,0.0901698033952327,2.478759364183086,bounce_support
XAUUSD.a,15m,1,0.08,2022-05-17 01:30:00,1823.857318031928,2022-05-17 09:45:00,1830.29803508121,1820.160982459395,1830.29803508121,target,33,51.525736394256455,-1.92,-0.0,0.0,51.525736394256455,73.44661230187367,1.7424600453331003,0.5484669863290418,1.742991630940373,bounce_support
XAUUSD.a,15m,-1,0.13,2022-05-18 02:45:00,1813.8009898355133,2022-05-18 02:45:00,1814.0132758620691,1816.2529773884378,1813.773275862069,target,0,-2.7597183452257923,-3.12,-0.0,0.0,-2.7597183452257923,-3.9256864894604364,-0.08657712242569747,0.4196636982350632,0.18800659691911967,bounce_resistance
XAUUSD.a,15m,-1,0.12,2022-05-18 03:00:00,1814.490733418691,2022-05-18 04:30:00,1814.0194396551726,1817.1942119280325,1813.7794396551726,target,6,5.655525162220329,-2.88,-0.0,0.0,5.655525162220329,8.060552089021748,0.1743286517314159,0.9984420338397865,1.0211782372789837,bounce_resistance
XAUUSD.a,15m,-1,0.12,2022-05-18 10:30:00,1814.8447160342407,2022-05-18 12:30:00,1817.720926209285,1817.4125895326079,1809.8448209347846,stop,8,-34.514522100530485,-2.88,-0.8200401201252789,0.0,-34.514522100530485,-49.13658793959523,-1.1200747143008167,2.050445229917783,0.45746647371361054,bounce_resistance
XAUUSD.a,15m,1,0.1,2022-05-18 14:15:00,1814.7363304566286,2022-05-18 14:30:00,1811.5057218900936,1811.5762535975405,1820.1674928049192,stop,1,-32.30608566535011,-2.4,-0.7053170744685376,0.0,-32.30608566535011,-46.05746213499581,-1.0223196177156406,1.1032422982378398,0.36191193897148927,bounce_support
XAUUSD.a,15m,1,0.23,2022-05-19 01:00:00,1814.6952100014032,2022-05-19 08:30:00,1813.3034941673288,1813.3505741509555,1822.6488516980892,stop,30,-32.009464183710634,-5.52,-1.0828396234128577,0.0,-32.009464183710634,-45.75068131738817,-1.0350131848789905,1.1714770217370112,2.249523540213238,bounce_support
XAUUSD.a,15m,-1,0.13,2022-05-19 11:45:00,1817.4326480542106,2022-05-19 11:45:00,1820.0316387648397,1819.7206108461555,1812.998778307689,stop,0,-33.786879238178244,-3.12,-0.9233629428952459,0.0,-33.786879238178244,-48.385861313768466,-1.1359409863566063,2.5163660729357242,0.005528085620573719,bounce_resistance
XAUUSD.a,15m,1,0.05,2022-05-19 19:45:00,1842.5290448779067,2022-05-20 05:15:00,1836.872199560903,1836.9214756211516,1852.817048757697,stop,34,-28.28422658501836,-1.2,-0.2463803012429921,-4.146,-32.43022658501836,-46.23971852144915,-1.1566589764701127,1.0733786070775468,0.3746641416086838,bounce_support
XAUUSD.a,15m,1,0.11,2022-05-20 14:30:00,1843.3428716475562,2022-05-20 16:00:00,1840.3826845271976,1840.462741705011,1848.2545165899778,stop,6,-32.56205832394426,-2.6399999999999997,-0.8806289559472458,0.0,-32.56205832394426,-46.101652707655646,-1.0277963770421554,1.240524462031339,1.1690890409855252,bounce_support
XAUUSD.a,15m,-1,0.11,2022-05-20 22:00:00,1843.124780338334,2022-05-20 23:45:00,1846.1098582428137,1845.8175239065622,1840.6741697416974,stop,7,-32.83585694927774,-2.6399999999999997,-0.5756776987663359,0.0,-32.83585694927774,-46.598817780852535,-1.108563748773111,1.0900479705155464,0.4399900355582116,bounce_resistance
XAUUSD.a,15m,1,0.12,2022-05-23 10:00:00,1853.4101245974216,2022-05-23 11:00:00,1857.6474380349632,1850.8712809825186,1857.6474380349632,target,4,50.84776125049939,-2.88,-0.0,0.0,50.84776125049939,71.58228630022157,1.6689934790266452,0.4293783953539393,1.9851066733666909,bounce_support
XAUUSD.a,15m,1,0.1,2022-05-23 16:15:00,1854.6353768714587,2022-05-23 18:45:00,1851.5402634175607,1851.619945873993,1859.7801082520139,stop,10,-30.95113453897966,-2.4,-0.79682456432161,0.0,-30.95113453897966,-43.59805969542999,-1.0264248979662296,1.3813537351573866,1.1423319357784119,bounce_support
XAUUSD.a,15m,-1,0.14,2022-05-24 02:30:00,1854.0508048895374,2022-05-24 02:30:00,1854.273779193206,1856.2193111474094,1854.033779193206,target,0,-3.1216402513618964,-3.3600000000000003,-0.0,0.0,-3.1216402513618964,-4.4050522138741215,-0.10282391524547382,0.24403669970583436,0.2770593293684791,bounce_resistance
XAUUSD.a,15m,-1,0.18,2022-05-24 03:00:00,1854.0219909506727,2022-05-24 03:00:00,1853.6215677966102,1855.725348382583,1853.3815677966102,target,0,7.207616773125665,-4.32,-0.0,0.0,7.207616773125665,10.187012244181398,0.2350787606647389,0.14560012166626182,0.6763060583126721,bounce_resistance
XAUUSD.a,15m,-1,0.15,2022-05-24 06:30:00,1854.5913038372903,2022-05-24 07:15:00,1856.8743454469054,1856.5942169103857,1850.6715661792282,stop,3,-34.24562414422667,-3.5999999999999996,-0.6019280477937218,0.0,-34.24562414422667,-48.3695256274388,-1.1398605562480746,1.222567367302306,0.0755418891227303,bounce_resistance
XAUUSD.a,15m,1,0.12,2022-05-24 15:45:00,1855.475782358678,2022-05-24 15:45:00,1859.8452021331182,1852.862398933441,1859.8452021331182,target,0,52.433037293280904,-2.88,-0.0,0.0,52.433037293280904,74.09040299181973,1.671939805022555,0.17822962913903134,2.0066774705461285,bounce_support
XAUUSD.a,15m,1,0.09,2022-05-24 21:45:00,1865.3651783033076,2022-05-25 04:45:00,1861.9607842852713,1862.0106181573226,1869.792034261242,stop,24,-30.63954616232695,-2.16,-0.4485048484621643,-22.388399999999997,-53.02794616232695,-74.84537214160473,-1.7564132886656596,1.268475781661157,0.7973688293810273,bounce_support
XAUUSD.a,15m,-1,0.12,2022-05-25 12:15:00,1857.7404694159225,2022-05-25 13:45:00,1852.9628105484676,1860.3085947257662,1852.7228105484676,target,6,57.3319064094585,-2.88,-0.0,0.0,57.3319064094585,81.18366809608962,1.8603682807618274,0.6189458816455501,2.46501578083339,bounce_resistance
XAUUSD.a,15m,-1,0.08,2022-05-25 21:15:00,1852.5964967763905,2022-05-25 22:30:00,1856.6141034969055,1856.301355295811,1845.3472894083784,stop,5,-32.14085376412004,-1.92,-0.5819856087568089,0.0,-32.14085376412004,-45.33777261767201,-1.0844156934617541,1.0050325009959942,0.6468524408768351,bounce_resistance
XAUUSD.a,15m,-1,0.15,2022-05-26 02:45:00,1853.7407556079152,2022-05-26 04:45:00,1849.912778995652,1855.833610502174,1849.672778995652,target,8,57.41964918394842,-3.5999999999999996,-0.0,0.0,57.41964918394842,81.14245828945286,1.8290692884462352,0.25288155119433015,2.1839811352682332,bounce_resistance
XAUUSD.a,15m,-1,0.09,2022-05-26 15:00:00,1846.3932605470143,2022-05-26 15:45:00,1842.8761073825503,1849.745561891547,1842.6361073825503,target,3,31.65437848017541,-2.16,-0.0,0.0,31.65437848017541,44.74749573109331,1.0491757163180337,0.31821108646021157,1.1494374016520652,bounce_resistance
XAUUSD.a,15m,-1,0.08,2022-05-26 16:15:00,1846.1481042420617,2022-05-26 16:30:00,1842.718389261745,1850.1129342546928,1842.478389261745,target,1,27.437719842533625,-1.92,-0.0,0.0,27.437719842533625,38.6997275596745,0.865034558704987,0.46455856923762734,1.202599916483505,bounce_resistance
XAUUSD.a,15m,-1,0.1,2022-05-26 17:15:00,1850.9579839613057,2022-05-26 18:00:00,1844.8842556619825,1854.0728721690089,1844.6442556619825,target,3,60.73728299323193,-2.4,-0.0,0.0,60.73728299323193,85.82227606396961,1.9499024986844555,0.803244248864798,2.253045211686887,bounce_resistance
XAUUSD.a,15m,1,0.16,2022-05-27 03:45:00,1849.5976876081406,2022-05-27 04:45:00,1852.4716676288272,1847.6691661855864,1852.4716676288272,target,4,45.9836803309845,-3.84,-0.0,0.0,45.9836803309845,64.49143127960576,1.4902505033519788,0.8906759282277104,3.5375870405544125,bounce_support
XAUUSD.a,15m,1,0.16,2022-05-27 08:00:00,1853.4506776026083,2022-05-27 10:00:00,1856.138448275862,1851.4532829364841,1856.138448275862,target,8,43.00433077205889,-3.84,-0.0,0.0,43.00433077205889,60.2765866873066,1.3456382550921648,0.7963762142686659,1.446545565778577,bounce_support
XAUUSD.a,15m,1,0.1,2022-05-27 15:00:00,1858.6014269506406,2022-05-27 15:30:00,1855.3718966652555,1855.4504473386605,1863.9691053226788,stop,2,-32.29530285385181,-2.4,-0.7855067340516735,0.0,-32.29530285385181,-45.19796629092104,-1.024928969107388,2.574255612381859,1.0531877250941626,bounce_support
XAUUSD.a,15m,-1,0.16,2022-05-27 22:30:00,1854.1638961247763,2022-05-30 02:00:00,1850.3667687724387,1856.2366156137807,1850.1267687724387,target,10,60.75403763740178,-3.84,-0.0,4.8368,65.59083763740178,91.62779061997342,1.9778013253046316,0.14768224877874472,2.8725045315399633,bounce_resistance
XAUUSD.a,15m,-1,0.19,2022-05-31 07:45:00,1853.180823003536,2022-05-31 09:15:00,1855.1965685317296,1854.9112041755077,1849.8675916489847,stop,6,-38.29916503567688,-4.56,-0.8619227682133904,0.0,-38.29916503567688,-53.35780466950442,-1.1649141592870593,1.1668972300266591,0.9482436760834945,bounce_resistance
XAUUSD.a,15m,1,0.13,2022-05-31 12:15:00,1852.2836788338336,2022-05-31 12:30:00,1849.7429993862718,1849.7997663333972,1856.4304673332056,stop,1,-33.028832818303954,-3.12,-0.7379703126302519,0.0,-33.028832818303954,-45.97874687590165,-1.0228538433279961,1.1247090359836618,0.7272080501422383,bounce_support
XAUUSD.a,15m,-1,0.08,2022-05-31 20:00:00,1845.8444827210506,2022-05-31 22:00:00,1838.5880116103106,1849.7059941948448,1838.3480116103106,target,8,58.051768885919955,-1.92,-0.0,0.0,58.051768885919955,80.90162339862863,1.8791789588054395,0.10501516872381304,1.9822504148949958,bounce_resistance
XAUUSD.a,15m,-1,0.09,2022-05-31 23:30:00,1837.8840024923973,2022-06-01 08:15:00,1831.1596530273994,1841.3601734863005,1830.9196530273994,target,31,60.51914518498097,-2.16,-0.0,8.162099999999999,68.68124518498097,95.82047963081737,2.195303245548667,0.14556174264450727,2.256506514252236,bounce_resistance
XAUUSD.a,15m,-1,0.13,2022-06-01 11:15:00,1836.5432841625725,2022-06-01 11:45:00,1831.8139759728383,1839.0980120135807,1831.5739759728383,target,2,61.481006466544386,-3.12,-0.0,0.0,61.481006466544386,85.61383399229152,1.8511984311235872,0.22965884103704742,2.784360831141027,bounce_resistance
XAUUSD.a,15m,1,0.1,2022-06-01 23:00:00,1847.5127203861389,2022-06-02 05:45:00,1844.1493333728008,1844.1913308562587,1853.3673382874827,stop,23,-33.6338701333807,-2.4,-0.41997483457859086,-8.292,-41.9258701333807,-58.542602398040515,-1.2622990997052022,1.0485733018687873,0.42069128034843806,bounce_support
XAUUSD.a,15m,1,0.17,2022-06-02 07:00:00,1845.0762226239135,2022-06-02 08:30:00,1848.2796833850211,1843.0751583074893,1848.2796833850211,target,6,54.45883293882981,-4.08,-0.0,0.0,54.45883293882981,76.09702080462489,1.6008784599348194,0.5078410601661821,1.7459595613246928,bounce_support
XAUUSD.a,15m,1,0.13,2022-06-02 22:30:00,1869.5962687868591,2022-06-02 23:00:00,1870.1087671232876,1866.9305268614269,1870.1087671232876,target,2,6.662478373570593,-3.12,-0.0,0.0,6.662478373570593,9.171535280165457,0.19225354545354353,0.10363673400769781,0.28274725544505286,bounce_support
XAUUSD.a,15m,1,0.14,2022-06-02 23:15:00,1870.0227201620735,2022-06-03 02:15:00,1870.1955821917809,1867.631991272965,1870.1955821917809,target,8,2.420068415903643,-3.3600000000000003,-0.0,-11.608800000000002,-9.18873158409636,-12.647944369024582,-0.2745346715316415,0.8878966459743532,0.24146604015050102,bounce_support
XAUUSD.a,15m,1,0.18,2022-06-03 06:15:00,1869.9397727477572,2022-06-03 06:15:00,1868.0621510185897,1868.1068101402254,1872.8263797195493,stop,0,-33.79719112501425,-4.32,-0.8038641894424402,0.0,-33.79719112501425,-46.56414968589216,-1.0243644477264433,1.1073726978480907,0.0,bounce_support
XAUUSD.a,15m,1,0.16,2022-06-03 09:30:00,1867.7477610572496,2022-06-03 09:45:00,1865.6666520678052,1865.708854968974,1870.992290062052,stop,1,-33.29774383110998,-3.84,-0.675246418702165,0.0,-33.29774383110998,-45.902596954935184,-1.0206987959923721,1.073007270825303,0.21199551329803923,bounce_support
XAUUSD.a,15m,-1,0.17,2022-06-03 14:00:00,1866.1208875977143,2022-06-03 15:30:00,1862.3536602335646,1868.1381698832179,1862.1136602335646,target,6,64.04286519054449,-4.08,-0.0,0.0,64.04286519054449,88.58424420513512,1.8674765506153341,0.8769781081204426,4.689917551797844,bounce_resistance
XAUUSD.a,15m,-1,0.14,2022-06-03 23:30:00,1850.7939273560746,2022-06-06 02:15:00,1853.5253178610699,1853.2374363588815,1848.9235019455252,stop,7,-38.23946706993366,-3.3600000000000003,-0.6703410306377984,4.232200000000001,-34.00726706993366,-47.22903558077031,-0.994099265525499,1.013326589376622,0.7587151731157707,bounce_resistance
XAUUSD.a,15m,-1,0.17,2022-06-06 04:30:00,1853.3474518101266,2022-06-06 06:00:00,1855.6433873718527,1855.3607454121725,1849.4185091756553,stop,6,-39.030904549343404,-4.08,-0.7249133145632153,0.0,-39.030904549343404,-54.27139874488084,-1.1403878497368476,1.2181771140488866,0.3712582255102373,bounce_resistance
XAUUSD.a,15m,1,0.18,2022-06-06 09:30:00,1854.545297637095,2022-06-06 10:00:00,1852.6527515034336,1852.6943803350846,1857.4512393298307,stop,2,-34.06583040590567,-4.32,-0.7493189697160338,0.0,-34.06583040590567,-47.194356495948675,-1.022490919289468,1.0455883874406686,0.6940895530607935,bounce_support
XAUUSD.a,15m,-1,0.16,2022-06-06 22:30:00,1841.7766818631044,2022-06-07 01:00:00,1838.26,1843.8017005839693,1840.7035,target_gap,6,56.266909809670324,-4.0,-0.0,4.8368,61.10370980967032,84.94530995463879,1.8858995345353393,0.3522526135417515,1.8600726128080858,bounce_resistance
XAUUSD.a,15m,-1,0.15,2022-06-07 01:45:00,1841.6426735719613,2022-06-07 02:15:00,1840.833,1843.8018503986732,1840.593,target,2,12.145103579417764,-3.5999999999999996,-0.0,0.0,12.145103579417764,16.901532994820013,0.3749917848063349,0.04970710444413791,1.4138136044235299,bounce_resistance
XAUUSD.a,15m,-1,0.13,2022-06-07 06:00:00,1841.3183554055083,2022-06-07 07:30:00,1844.0951358960683,1843.8068456862945,1836.766308627411,stop,6,-36.09814637727982,-3.12,-0.6277727270594299,0.0,-36.09814637727982,-50.20744162185293,-1.1158494417276548,1.270507109834002,0.5257627146910043,bounce_resistance
XAUUSD.a,15m,1,0.12,2022-06-07 23:30:00,1852.526952635855,2022-06-08 03:45:00,1849.773452811201,1849.8216412861332,1857.3467174277334,stop,13,-33.041997895848,-2.88,-0.5782616991864826,-29.8512,-62.893197895848,-87.0650745405374,-1.9373370185997163,1.1151960886739447,0.4446983022005088,bounce_support
XAUUSD.a,15m,1,0.15,2022-06-08 06:00:00,1849.2807133672516,2022-06-08 06:30:00,1847.0277768588367,1847.0712153210727,1852.8875693578545,stop,2,-33.79404762622357,-3.5999999999999996,-0.6515769335400678,0.0,-33.79404762622357,-46.93031096977263,-1.019659878093659,1.1272756595368298,0.0,bounce_support
XAUUSD.a,15m,-1,0.19,2022-06-08 09:00:00,1849.4726998366793,2022-06-08 10:45:00,1851.4942507420144,1851.208389610906,1846.0832207781882,stop,7,-38.40946720136617,-4.56,-0.8713614910610727,0.0,-38.40946720136617,-53.39097470303888,-1.1646959815937656,1.0470189951602573,1.7472591483294817,bounce_resistance
XAUUSD.a,15m,1,0.14,2022-06-08 22:00:00,1853.4637269669058,2022-06-08 23:30:00,1851.1434262103955,1851.1903712976632,1857.2192574046737,stop,6,-32.48421059114389,-3.3600000000000003,-0.6572312217484535,0.0,-32.48421059114389,-45.18159393457848,-1.0206501287514322,2.0338775095611528,0.2182997758813289,bounce_support
XAUUSD.a,15m,1,0.21,2022-06-09 09:15:00,1851.7664826495202,2022-06-09 09:15:00,1850.1605154932406,1850.200239467521,1854.069521064958,stop,0,-33.72531028187109,-5.04,-0.8342034598873969,0.0,-33.72531028187109,-46.99343739635913,-1.025362584007978,1.0895387569011066,0.2767880208273318,bounce_support
XAUUSD.a,15m,-1,0.19,2022-06-10 02:30:00,1846.6959136512983,2022-06-10 02:30:00,1846.9225000000001,1848.341592516302,1846.6825000000001,target,0,-4.305140625335298,-4.56,-0.0,0.0,-4.305140625335298,-6.065714160387881,-0.13768564057079988,0.0814778335877567,0.2952663861895974,bounce_resistance
XAUUSD.a,15m,-1,0.19,2022-06-10 02:45:00,1846.4861198190627,2022-06-10 04:00:00,1848.4755077647285,1848.1977657109503,1843.0744685780994,stop,5,-37.79837096765095,-4.56,-0.7170990217840842,0.0,-37.79837096765095,-53.220651301921876,-1.1622660709756274,1.0246746650401648,0.5001734430702758,bounce_resistance
XAUUSD.a,15m,-1,0.16,2022-06-10 10:30:00,1846.9405528983436,2022-06-10 12:15:00,1843.2135855225883,1848.9682072387059,1842.9735855225883,target,7,59.6314780120847,-3.84,-0.0,0.0,59.6314780120847,83.75560488796536,1.8380684032612211,0.31043116626271133,2.150540558882791,bounce_resistance
XAUUSD.a,15m,1,0.09,2022-06-10 23:45:00,1871.8444277832905,2022-06-13 01:00:00,1878.0931999468728,1868.2784000265635,1878.0931999468728,target,1,56.23894947224085,-2.16,-0.0,-7.4628,48.776149472240846,69.3789108332966,1.519778457517286,0.2900784441004967,1.9617267991010416,bounce_support
XAUUSD.a,15m,1,0.11,2022-06-13 10:00:00,1861.9256986655032,2022-06-13 10:30:00,1858.9184880895116,1858.9965407002517,1866.114557522124,stop,2,-33.07931633590783,-2.6399999999999997,-0.8585787181407653,0.0,-33.07931633590783,-47.266970073027885,-1.0266467741467076,2.115180792228509,1.145141837445672,bounce_support
XAUUSD.a,15m,-1,0.07,2022-06-13 20:30:00,1830.1917095416431,2022-06-13 22:15:00,1822.0023342001332,1834.5088328999334,1821.7623342001332,target,7,57.325627390569714,-1.6800000000000002,-0.0,0.0,57.325627390569714,82.82733581449439,1.896951896401978,0.13395272971441305,2.534490824922016,bounce_resistance
XAUUSD.a,15m,-1,0.06,2022-06-13 23:15:00,1822.7158736959757,2022-06-14 01:00:00,1813.821297922775,1827.3793510386124,1813.581297922775,target,3,53.367454639203515,-1.44,-0.0,1.8137999999999999,55.181254639203516,79.58299148980865,1.9721068845164975,0.08451339527713314,2.908960996110569,bounce_resistance
XAUUSD.a,15m,-1,0.07,2022-06-14 01:30:00,1818.1099492544029,2022-06-14 02:00:00,1822.5559120026905,1822.2180433087676,1809.8939133824645,stop,2,-31.12173923801379,-1.6800000000000002,-0.6850808574609797,0.0,-31.12173923801379,-44.84012799759933,-1.0822446344829788,1.1051477121789672,0.0,bounce_resistance
XAUUSD.a,15m,-1,0.07,2022-06-14 03:00:00,1820.9554922381797,2022-06-14 04:00:00,1825.6327532668672,1825.305983843241,1812.448032313518,stop,4,-32.74082720081287,-1.6800000000000002,-0.6073859653836887,0.0,-32.74082720081287,-47.24506089583387,-1.0751109192455668,1.01011751331913,0.38972428683856425,bounce_resistance
XAUUSD.a,15m,-1,0.09,2022-06-14 05:00:00,1824.318329267177,2022-06-14 06:00:00,1828.1472284304475,1827.8368228520367,1817.6463542959268,stop,4,-34.46009246943481,-2.16,-0.6336502056982932,0.0,-34.46009246943481,-49.54009843219496,-1.0882211579826468,1.0520612425588978,0.1842633080153129,bounce_resistance
XAUUSD.a,15m,-1,0.11,2022-06-14 23:45:00,1809.0462096827478,2022-06-15 04:00:00,1812.1793518438317,1811.8819697063452,1803.6860605873098,stop,13,-34.46456377192317,-2.6399999999999997,-0.631203512351693,9.9759,-24.488663771923168,-35.42510093149399,-0.7850601399831086,1.4612626889335525,0.6827833337926716,bounce_resistance
XAUUSD.a,15m,1,0.07,2022-06-15 20:00:00,1820.0499332953334,2022-06-15 21:00:00,1815.9163397405096,1816.0211094867618,1827.2977810264763,stop,4,-28.93515488376693,-1.6800000000000002,-0.733388223766414,0.0,-28.93515488376693,-41.465069622204766,-1.0260050454500778,1.6034290905423942,0.9332914228382867,bounce_support
XAUUSD.a,15m,-1,0.07,2022-06-15 21:30:00,1822.7892211322564,2022-06-15 21:30:00,1827.6042263623085,1827.213058060693,1819.476809815951,stop,0,-33.70503661036446,-1.6800000000000002,-1.0581781113087965,0.0,-33.70503661036446,-48.30047377599447,-1.0884228573393324,3.8316916156614695,0.9627889095274205,bounce_resistance
XAUUSD.a,15m,1,0.06,2022-06-16 04:15:00,1833.2910817879567,2022-06-16 09:30:00,1828.6052668211241,1828.6689181694749,1834.0345390070922,stop,21,-28.11488980099557,-1.44,-0.38190809010415794,0.0,-28.11488980099557,-40.26306037835191,-1.0137708989998147,1.086305505906324,0.05385318058580378,bounce_support
XAUUSD.a,15m,1,0.12,2022-06-16 09:45:00,1829.342874644217,2022-06-16 10:15:00,1826.683117858958,1826.7493353197183,1833.5188983050848,stop,2,-31.917081423109266,-2.88,-0.7946095291245174,0.0,-31.917081423109266,-45.79536756310965,-1.025531697219627,1.1115600280223863,0.5232715551923298,bounce_support
XAUUSD.a,15m,1,0.06,2022-06-16 22:00:00,1849.603322281627,2022-06-17 05:00:00,1844.459173122971,1844.52112667411,1858.8577466517797,stop,24,-30.86489495193655,-1.44,-0.3717213068344944,-4.9752,-35.84009495193655,-51.021560184976224,-1.175348140835244,1.1005720191788917,1.5577278660159406,bounce_support
XAUUSD.a,15m,1,0.12,2022-06-17 10:00:00,1845.2809270277382,2022-06-17 10:00:00,1842.690716452864,1842.7521069944712,1847.3716312056738,stop,0,-31.08252689848996,-2.88,-0.7366864992866632,0.0,-31.08252689848996,-44.45123617946365,-1.0242763584594878,1.3092774433065357,0.0,bounce_support
XAUUSD.a,15m,1,0.08,2022-06-17 16:30:00,1846.528997702464,2022-06-17 16:45:00,1842.547455224775,1842.6410305960642,1853.2579388078718,stop,1,-31.852339821512942,-1.92,-0.7486029703139475,0.0,-31.852339821512942,-45.80631868144001,-1.0240679431508644,1.3706385770836653,0.3140464577300843,bounce_support
XAUUSD.a,15m,-1,0.08,2022-06-17 22:45:00,1837.0321063367064,2022-06-17 23:30:00,1840.8961002600338,1840.586145279209,1830.0677094415819,stop,3,-30.911951386618966,-1.92,-0.5596398465990116,0.0,-30.911951386618966,-44.56097936661232,-1.087212038427072,1.3640519256325618,0.1919242720019873,bounce_resistance
XAUUSD.a,15m,-1,0.11,2022-06-20 04:15:00,1841.295413675555,2022-06-20 04:30:00,1837.4676824034334,1843.973441679401,1837.2276824034334,target,1,42.105043993337404,-2.6399999999999997,-0.0,0.0,42.105043993337404,60.771670217275854,1.429309651215134,0.19961939295526235,1.7122351480154714,bounce_resistance
XAUUSD.a,15m,-1,0.11,2022-06-20 05:45:00,1841.8088888103453,2022-06-20 06:00:00,1844.8394267976512,1844.5229219263465,1836.5041561473067,stop,1,-33.33591786036527,-2.6399999999999997,-0.8415535843512302,0.0,-33.33591786036527,-47.93155596826018,-1.1166179106064165,1.1057754498133823,0.018013343336536678,bounce_resistance
XAUUSD.a,15m,1,0.09,2022-06-20 11:15:00,1839.5536252478275,2022-06-20 17:00:00,1836.1788718492385,1836.242884177384,1845.324231645232,stop,23,-30.372780587301577,-2.16,-0.5761109533087843,0.0,-30.372780587301577,-43.5851972954418,-1.0193347431235185,1.0794034241248431,1.2644826832113456,bounce_support
XAUUSD.a,15m,-1,0.15,2022-06-20 20:15:00,1835.9290563113602,2022-06-20 21:15:00,1838.1703052570822,1837.8832178498337,1832.1135643003327,stop,4,-33.61873418582945,-3.5999999999999996,-0.7063111087284253,0.0,-33.61873418582945,-48.37227940407116,-1.1469107858261929,1.5407854618773413,0.19397388798081358,bounce_resistance
XAUUSD.a,15m,-1,0.16,2022-06-21 02:00:00,1838.0031475762833,2022-06-21 03:00:00,1840.1119308408065,1839.8336164663099,1834.4227670673802,stop,4,-33.74053223237206,-3.84,-0.6130299919451487,0.0,-33.74053223237206,-48.39086731068062,-1.1520453999590143,1.0253397006324196,0.43876603457135377,bounce_resistance
XAUUSD.a,15m,-1,0.19,2022-06-21 03:15:00,1838.8232958634069,2022-06-21 03:15:00,1840.6670940300814,1840.3870378251918,1835.7759243496162,stop,0,-35.03216516681664,-4.56,-0.7610678929037988,0.0,-35.03216516681664,-50.243334767754234,-1.1790936175748568,1.2257163799616564,0.11082126568311049,bounce_resistance
XAUUSD.a,15m,1,0.12,2022-06-21 06:00:00,1840.3378827189686,2022-06-21 07:45:00,1837.8977794144832,1837.9354163297642,1844.3391673404715,stop,7,-29.28123965382383,-2.88,-0.4516429833720179,0.0,-29.28123965382383,-42.026666935288894,-1.0156659487308755,1.0022544872171537,0.33803481483896064,bounce_support
XAUUSD.a,15m,-1,0.09,2022-06-21 15:45:00,1837.1618222049958,2022-06-21 17:00:00,1840.8043000738378,1840.4815647275893,1830.9368705448212,stop,5,-32.78230081957781,-2.16,-0.7446181162359009,0.0,-32.78230081957781,-46.918993587487925,-1.0972169811519994,1.0868848323168494,1.33197745755936,bounce_resistance
XAUUSD.a,15m,-1,0.1,2022-06-21 17:15:00,1838.4349828808938,2022-06-21 17:30:00,1841.6575072569667,1841.3321334124973,1832.6557331750055,stop,1,-32.22524376072897,-2.4,-0.85373844469313,0.0,-32.22524376072897,-46.12171713285956,-1.1123082286957586,1.800050450336747,0.24678830909695715,bounce_resistance
XAUUSD.a,15m,-1,0.12,2022-06-22 06:00:00,1827.809486823034,2022-06-22 06:45:00,1830.4580490452968,1830.1568217950448,1823.23635640991,stop,3,-31.782746667154242,-2.88,-0.7347270030222768,0.0,-31.782746667154242,-45.895663057262446,-1.1283273388092052,1.0056141134999361,0.17870769533777106,bounce_resistance
XAUUSD.a,15m,-1,0.09,2022-06-22 10:30:00,1828.2446412074469,2022-06-22 13:45:00,1831.4840671758238,1831.177974605972,1822.454050788056,stop,13,-29.15483371539267,-2.16,-0.5948331286663975,0.0,-29.15483371539267,-42.26808413853031,-1.1043497374031221,1.3722813760539911,1.6584003747725367,bounce_resistance
XAUUSD.a,15m,1,0.06,2022-06-22 19:30:00,1836.6960060951374,2022-06-23 08:00:00,1832.0344293936023,1832.07838862933,1845.0132227413403,stop,46,-27.96946020921041,-1.44,-0.2637554143660973,-4.9752,-32.94466020921041,-47.76180496282878,-1.189093020847501,1.2075504600428246,1.0793431768153776,bounce_support
XAUUSD.a,15m,-1,0.11,2022-06-23 10:45:00,1837.580431498191,2022-06-23 11:45:00,1833.03788275738,1840.0160586213099,1832.79788275738,target,4,49.96803614892178,-2.6399999999999997,-0.0,0.0,49.96803614892178,72.63112657371947,1.865042763604282,0.21742593387231662,2.4225512362645563,bounce_resistance
XAUUSD.a,15m,-1,0.12,2022-06-24 02:30:00,1824.2731757407435,2022-06-24 04:00:00,1822.0580608365021,1826.6962243004461,1821.8180608365021,target,6,26.581378850895817,-2.88,-0.0,0.0,26.581378850895817,38.50309088010171,0.9141851059365942,0.4402818321508847,1.107355331365196,bounce_resistance
XAUUSD.a,15m,-1,0.14,2022-06-24 04:30:00,1824.4828123510486,2022-06-24 07:45:00,1826.7533425599047,1826.464617962411,1821.4636882129278,stop,13,-31.787422923986018,-3.3600000000000003,-0.6821443649104852,0.0,-31.787422923986018,-45.981430796583325,-1.145687647586783,1.0279452420920818,1.0257375089633431,bounce_resistance
XAUUSD.a,15m,-1,0.17,2022-06-24 08:00:00,1825.978308582504,2022-06-24 09:30:00,1822.9748278287843,1827.6475860856078,1822.7348278287843,target,6,51.05917281323514,-4.08,-0.0,0.0,51.05917281323514,73.88101984262066,1.7992698925943509,0.6539903733597613,2.1975426947786665,bounce_resistance
XAUUSD.a,15m,-1,0.15,2022-06-24 10:30:00,1825.3414135045566,2022-06-24 10:30:00,1827.5644523094913,1827.266572566326,1821.6068548673484,stop,0,-33.34558207402097,-3.5999999999999996,-0.8681961474808152,0.0,-33.34558207402097,-48.31362678975495,-1.1547299384662761,1.3342204010315637,0.28123053066537734,bounce_resistance
XAUUSD.a,15m,-1,0.05,2022-06-24 17:15:00,1826.7479150365896,2022-06-27 01:00:00,1837.5943447513666,1832.068133336922,1816.8683620689658,stop_gap,27,-54.2321485738853,-1.2,-0.37172375683322556,1.5115,-52.7206485738853,-75.81668546800307,-1.9818979446986378,2.1187260234614684,0.6048464282731577,bounce_resistance
XAUUSD.a,15m,1,0.13,2022-06-27 07:45:00,1835.028153384493,2022-06-27 08:00:00,1835.68,1832.9275558922736,1835.68,target,1,8.474006001592443,-3.12,-0.0,0.0,8.474006001592443,12.229061681519962,0.31031485942526876,0.1752612701179176,0.34363871145271263,bounce_support
XAUUSD.a,15m,1,0.15,2022-06-27 09:15:00,1834.9498809392308,2022-06-27 09:30:00,1837.011847133758,1833.0092407517343,1837.011847133758,target,1,30.929492917908874,-3.5999999999999996,-0.0,0.0,30.929492917908874,44.611346898081486,1.0625185481639028,0.164832688352862,1.0770255476702213,bounce_support
XAUUSD.a,15m,1,0.12,2022-06-27 11:00:00,1835.197118811327,2022-06-27 11:30:00,1839.3079472754773,1832.7710263622614,1839.3079472754773,target,2,49.32994156980294,-2.88,-0.0,0.0,49.32994156980294,71.08265594080945,1.6944236670508608,0.5635064780213344,2.140430052726519,bounce_support
XAUUSD.a,15m,1,0.11,2022-06-27 14:30:00,1835.3507951876609,2022-06-27 15:00:00,1832.799367021804,1832.8630250833962,1839.3639498332075,stop,2,-28.065709824424857,-2.6399999999999997,-0.7002386775128775,0.0,-28.065709824424857,-40.54156589831259,-1.0255884020324164,1.6765195387270864,0.3333124756655458,bounce_support
XAUUSD.a,15m,-1,0.08,2022-06-27 21:15:00,1824.2635055775775,2022-06-28 09:00:00,1828.2216701301743,1827.9434131967569,1817.043173606486,stop,43,-31.665316420774616,-1.92,-0.30605546733923283,2.4184,-29.246916420774618,-42.05043193693153,-0.993466393977592,1.0072248561633979,0.7428190760362197,bounce_resistance
XAUUSD.a,15m,-1,0.14,2022-06-28 23:15:00,1820.1989626868462,2022-06-29 04:45:00,1822.5348374059151,1822.2584510384493,1816.2030979231015,stop,18,-32.70224606696456,-3.3600000000000003,-0.5094091445236545,12.696600000000002,-20.00564606696456,-28.944191190376685,-0.6938493815498596,1.3115089051372733,0.9269111356519307,bounce_resistance
XAUUSD.a,15m,-1,0.17,2022-06-29 07:45:00,1822.2368298387873,2022-06-29 09:30:00,1819.2693431617859,1823.875328419107,1819.0293431617858,target,7,50.447273509025315,-4.08,-0.0,0.0,50.447273509025315,73.30747719865339,1.811101158490137,0.05686313209646066,3.843048699839942,bounce_resistance
XAUUSD.a,15m,-1,0.11,2022-06-29 22:15:00,1818.251907678684,2022-06-30 05:15:00,1821.1416570000627,1820.865104674643,1813.431894273128,stop,24,-31.787242535166342,-2.6399999999999997,-0.40207557961799134,3.3253,-28.461942535166344,-41.29647354966751,-0.9901470594753965,1.342452301430366,0.41401688443575263,bounce_resistance
XAUUSD.a,15m,1,0.16,2022-06-30 06:30:00,1818.8351495652382,2022-06-30 07:00:00,1817.0552006895841,1817.090484948706,1821.7990301025882,stop,2,-28.479182010465593,-3.84,-0.5645481459521441,0.0,-28.479182010465593,-41.30710277825164,-1.0202240928070416,1.2868659935918876,0.0,bounce_support
XAUUSD.a,15m,-1,0.06,2022-06-30 21:00:00,1808.382997366588,2022-07-01 08:30:00,1799.495101017155,1812.9724494914226,1799.255101017155,target,42,53.32737809659693,-1.44,-0.0,1.8137999999999999,55.14117809659693,80.75388910357911,2.0024604461396076,0.24120583531568493,2.870276671000767,bounce_resistance
XAUUSD.a,15m,-1,0.07,2022-07-01 16:00:00,1789.6782775164884,2022-07-01 16:00:00,1794.1482495040946,1793.8006657788271,1781.7686684423456,stop,0,-31.289803913243308,-1.6800000000000002,-0.7530860768712969,0.0,-31.289803913243308,-46.084900308182085,-1.084316105894947,2.023516940342517,0.30765600806576326,bounce_resistance
XAUUSD.a,15m,-1,0.05,2022-07-01 16:45:00,1793.6145585654976,2022-07-01 17:00:00,1799.2345010593706,1798.8741647755992,1783.3516704488018,stop,1,-28.099712469364704,-1.2,-0.6016814188567479,0.0,-28.099712469364704,-41.50131811508936,-1.0685101259252727,1.3053147251436212,0.46287848714259205,bounce_resistance
XAUUSD.a,15m,1,0.06,2022-07-01 22:45:00,1807.1742795382613,2022-07-05 03:30:00,1807.1666194487148,1802.950196808558,1814.7396063828842,signal,97,-0.04596053727937033,-1.44,-0.2805666154233402,-9.9504,-9.99636053727937,-14.519674840268088,-0.3944193795805721,0.7609414265631811,1.6703556519202916,bounce_support
XAUUSD.a,15m,1,0.16,2022-07-05 09:30:00,1809.2464632953086,2022-07-05 10:00:00,1807.432845861994,1807.475806297508,1811.8591666666666,stop,2,-29.01787893303117,-3.84,-0.6873669682195063,0.0,-29.01787893303117,-42.568182920184206,-1.0242624266400364,1.150117328109307,0.31261656287973993,bounce_support
XAUUSD.a,15m,1,0.12,2022-07-05 10:45:00,1806.7101793432516,2022-07-05 11:00:00,1804.292995897654,1804.3431528400401,1810.45369431992,stop,1,-29.006201347171555,-2.88,-0.6018833086341138,0.0,-29.006201347171555,-42.701391689982856,-1.0211898524659895,1.8547233574678081,0.32100217539494924,bounce_support
XAUUSD.a,15m,-1,0.05,2022-07-05 20:00:00,1767.2638515228552,2022-07-05 20:00:00,1765.8452351738242,1772.4727641539434,1765.6052351738242,target,0,7.093081745155132,-1.2,-0.0,0.0,7.093081745155132,10.466249199739021,0.2723440475012656,0.051094824581291484,0.377017558546576,bounce_resistance
XAUUSD.a,15m,-1,0.07,2022-07-05 20:45:00,1765.450429517388,2022-07-05 20:45:00,1765.6230265848671,1769.4325644483285,1765.3830265848671,target,0,-1.2081794723533223,-1.6800000000000002,-0.0,0.0,-1.2081794723533223,-1.7827381510577125,-0.04334284761121451,0.31881654053146197,0.14324715944602018,bounce_resistance
XAUUSD.a,15m,-1,0.06,2022-07-05 21:30:00,1767.9775307761304,2022-07-05 23:45:00,1765.40081799591,1772.3864060105604,1765.16081799591,target,9,15.46027668132183,-1.44,-0.0,0.0,15.46027668132183,22.746739860994055,0.5844376724698569,0.2409841892491041,0.7524664681419932,bounce_resistance
XAUUSD.a,15m,-1,0.1,2022-07-06 01:15:00,1767.4627878096321,2022-07-06 03:00:00,1770.4883692392837,1770.1910959648674,1764.049775051125,stop,7,-30.255814296515382,-2.4,-0.5727327441620121,0.0,-30.255814296515382,-44.45657947972344,-1.1089588336441603,1.1828620547042505,0.15496336395171567,bounce_resistance
XAUUSD.a,15m,-1,0.06,2022-07-06 23:15:00,1740.0107271470306,2022-07-07 05:45:00,1744.55630629138,1744.2573843906605,1731.6952312186788,stop,22,-27.27347486609642,-1.44,-0.3535314043173613,1.8137999999999999,-25.45967486609642,-37.36157969314455,-0.9992045274467203,1.0641953408762652,0.8196392944713885,bounce_resistance
XAUUSD.a,15m,-1,0.09,2022-07-07 13:00:00,1743.298663857541,2022-07-07 15:45:00,1739.8282269503545,1746.2495310474874,1739.5882269503545,target,11,31.233932164678208,-2.16,-0.0,0.0,31.233932164678208,45.80225560494216,1.1760735688174135,0.87816088480288,1.6736313563575882,bounce_resistance
XAUUSD.a,15m,-1,0.09,2022-07-07 16:30:00,1742.725354350827,2022-07-07 16:30:00,1746.152955563293,1745.830987089534,1736.4080258209324,stop,0,-30.84841091219414,-2.16,-0.7377162638334405,0.0,-30.84841091219414,-45.148200436422115,-1.1036724238981441,1.1381402588654883,0.40421854625017145,bounce_resistance
XAUUSD.a,15m,1,0.14,2022-07-08 07:15:00,1742.0092655478375,2022-07-08 07:15:00,1740.0222302989675,1740.0661286207235,1745.087742758553,stop,0,-27.81849348417882,-3.3600000000000003,-0.6145765045844961,0.0,-27.81849348417882,-40.770450058885594,-1.0225914711121937,1.2656161866524216,0.0,bounce_support
XAUUSD.a,15m,-1,0.07,2022-07-08 13:30:00,1740.2831682213734,2022-07-08 15:00:00,1744.594926702127,1744.2775864166908,1732.464827166618,stop,6,-30.18230936527448,-1.6800000000000002,-0.5413819980524892,0.0,-30.18230936527448,-44.32708087130927,-1.0794459342810216,1.0131217065280078,0.28118443449162084,bounce_resistance
XAUUSD.a,15m,1,0.1,2022-07-08 23:00:00,1741.6619987338427,2022-07-11 04:00:00,1738.843029776967,1738.8988588200575,1746.2822823598847,stop,16,-28.189689568757785,-2.4,-0.5582904309068895,-8.292,-36.48168956875779,-53.47104455531942,-1.3202983094251812,1.1009209916104539,1.0126165715309228,bounce_support
XAUUSD.a,15m,-1,0.11,2022-07-11 05:30:00,1742.1212025353266,2022-07-11 09:00:00,1739.965168539326,1744.4581419471683,1739.725168539326,target,14,23.716373956006464,-2.6399999999999997,-0.0,0.0,23.716373956006464,34.835013595379785,0.9225887436685484,0.5942804754098893,1.070289851184241,bounce_resistance
XAUUSD.a,15m,-1,0.12,2022-07-11 16:30:00,1737.3278602302846,2022-07-11 16:45:00,1739.8108134167728,1739.5006973089548,1733.7814356435642,stop,1,-29.795438237858434,-2.88,-0.841393293814303,0.0,-29.795438237858434,-44.271910131882784,-1.1427240499815874,2.4355897741555745,0.8412320685374448,bounce_resistance
XAUUSD.a,15m,-1,0.07,2022-07-11 18:00:00,1740.3180569448741,2022-07-11 20:15:00,1733.874405940594,1743.793545346796,1733.634405940594,target,9,45.1055570299609,-1.6800000000000002,-0.0,0.0,45.1055570299609,66.8141388999406,1.8540274802001595,0.21635608241708063,2.1516564235227897,bounce_resistance
XAUUSD.a,15m,-1,0.08,2022-07-12 06:00:00,1735.2950779447754,2022-07-12 07:30:00,1729.7302528718985,1738.3848735640508,1729.4902528718985,target,6,44.51860058301463,-1.92,-0.0,0.0,44.51860058301463,66.19964695834084,1.8010333881506675,0.11163264426713805,2.0632684909658003,bounce_resistance
XAUUSD.a,15m,-1,0.1,2022-07-12 09:45:00,1735.1696689643052,2022-07-12 10:30:00,1738.1852853241344,1737.8666553211708,1729.9266893576585,stop,3,-30.156163598292096,-2.4,-0.7863000296363425,0.0,-30.156163598292096,-44.8638939528573,-1.1181429791635564,1.0234872077376285,0.7674006058786955,bounce_resistance
XAUUSD.a,15m,-1,0.09,2022-07-12 10:45:00,1734.818895712451,2022-07-12 11:30:00,1738.149823067221,1737.8319201956401,1728.9461596087194,stop,3,-29.97834619292985,-2.16,-0.7011258442263465,0.0,-29.97834619292985,-44.61793774714589,-1.1055095547196951,1.4075903834209649,0.7596671468226164,bounce_resistance
XAUUSD.a,15m,1,0.08,2022-07-12 13:30:00,1732.8792586789516,2022-07-12 14:15:00,1738.158988954979,1729.8055055225104,1738.158988954979,target,3,42.23784220821835,-1.92,-0.0,0.0,42.23784220821835,62.71860154164133,1.7176819371338947,0.4487213542379972,2.0888929573259443,bounce_support
XAUUSD.a,15m,1,0.08,2022-07-12 15:45:00,1732.4257106474847,2022-07-12 16:15:00,1729.2356363710358,1729.319064682961,1737.6202542372882,stop,2,-25.520594211591742,-1.92,-0.667426495400895,0.0,-25.520594211591742,-37.79205113594418,-1.0268547857972632,1.0351068915500494,0.48743544317817855,bounce_support
XAUUSD.a,15m,-1,0.13,2022-07-13 01:45:00,1725.7592131250185,2022-07-13 03:00:00,1725.0285150812065,1727.8868888273107,1724.7885150812065,target,5,9.499074569556342,-3.12,-0.0,0.0,9.499074569556342,14.076665386636744,0.34342547739997387,0.2682677977506143,0.6999248632741114,bounce_resistance
XAUUSD.a,15m,-1,0.09,2022-07-13 11:00:00,1726.7914109557378,2022-07-13 12:00:00,1729.9851072470979,1729.6853692202405,1721.1192615595187,stop,4,-28.743266622240753,-2.16,-0.5376422417166605,0.0,-28.743266622240753,-42.39232279138202,-1.1035737213400387,1.195106745900659,0.5188087797098129,bounce_resistance
XAUUSD.a,15m,1,0.04,2022-07-13 21:30:00,1737.3953608402633,2022-07-14 02:30:00,1731.749862890301,1731.8172672550572,1747.5154654898854,stop,16,-22.581991799848765,-0.96,-0.26961745902443585,-3.3168,-25.898791799848766,-38.467741734023654,-1.160736701717248,1.2146373553560805,0.11377348731112516,bounce_support
XAUUSD.a,15m,-1,0.1,2022-07-14 05:45:00,1730.075817901131,2022-07-14 06:00:00,1732.9101726976837,1732.6010690599735,1725.1878618800533,stop,1,-28.34354796552816,-2.4,-0.6910363771024443,0.0,-28.34354796552816,-41.81204337866313,-1.1224051067664473,1.0154166605924642,0.40226410651229705,bounce_resistance
XAUUSD.a,15m,-1,0.07,2022-07-14 14:15:00,1713.0846758635682,2022-07-14 16:00:00,1706.105708384271,1716.7771458078646,1705.865708384271,target,7,48.852772355079885,-1.6800000000000002,-0.0,0.0,48.852772355079885,72.91349734344246,1.8900539705346302,0.8057815449595181,2.3167895724601335,bounce_resistance
XAUUSD.a,15m,-1,0.03,2022-07-14 18:45:00,1711.906640322318,2022-07-15 20:00:00,1704.9639055044552,1719.1216594120938,1698.0266811758122,signal,97,20.82820445358857,-0.72,-0.3834330267303975,0.9068999999999999,21.73510445358857,32.00904886910529,1.0041601730658813,0.6394105989573123,1.7819274159006648,bounce_resistance
XAUUSD.a,15m,-1,0.08,2022-07-15 21:00:00,1704.8777523450453,2022-07-18 01:15:00,1708.3990690044798,1708.1086653697614,1699.1740378548895,stop,13,-28.170533275475464,-1.92,-0.4032290777471012,2.4184,-25.752133275475465,-37.85018927271259,-0.996317955577685,1.2015946035241285,0.38928697102763243,bounce_resistance
XAUUSD.a,15m,1,0.11,2022-07-18 08:00:00,1714.4602864755464,2022-07-18 09:30:00,1711.9475911096474,1712.001144529409,1718.5977109411822,stop,6,-27.639649024888286,-2.6399999999999997,-0.5890876173768033,0.0,-27.639649024888286,-40.564816509221544,-1.0217772787966444,1.0573958447704792,1.5695366957227124,bounce_support
XAUUSD.a,15m,1,0.09,2022-07-18 09:45:00,1713.8148664027094,2022-07-18 10:15:00,1717.42330472103,1711.0306976311958,1717.42330472103,target,2,32.475944864885605,-2.16,-0.0,0.0,32.475944864885605,47.54409484369919,1.2960558839825438,0.17055948891034348,2.311330283972767,bounce_support
XAUUSD.a,15m,1,0.07,2022-07-18 14:30:00,1714.8456542221409,2022-07-18 18:00:00,1711.0015214289024,1711.0969810906809,1721.3360378186383,stop,14,-26.90892955266941,-1.6800000000000002,-0.6682176324500879,0.0,-26.90892955266941,-39.35319774294277,-1.0254649201012889,1.25261767496702,1.700427205659439,bounce_support
XAUUSD.a,15m,-1,0.08,2022-07-18 20:30:00,1712.0518343751964,2022-07-19 03:15:00,1706.1830557903904,1715.1934721048046,1705.9430557903904,target,23,46.950228678448184,-1.92,-0.0,2.4184,49.36862867844818,72.54864682574053,1.964287138089485,0.1267382362552837,2.145961742074351,bounce_resistance
XAUUSD.a,15m,-1,0.13,2022-07-19 05:30:00,1707.8200402583004,2022-07-19 08:00:00,1710.1905267103227,1709.9084887440308,1705.1437322515214,stop,10,-30.81632387628997,-3.12,-0.5464935617944692,0.0,-30.81632387628997,-44.99324564729668,-1.135046647412647,1.0725472794777304,0.6033379644793117,bounce_resistance
XAUUSD.a,15m,-1,0.17,2022-07-20 01:30:00,1711.9252895753814,2022-07-20 08:30:00,1709.1463773487617,1713.5618113256191,1708.9063773487617,target,28,47.24150785253482,-4.08,-0.0,0.0,47.24150785253482,68.34708890702376,1.698060063189482,0.913345896198159,1.9219356998612753,bounce_resistance
XAUUSD.a,15m,-1,0.11,2022-07-20 12:45:00,1712.0667438102562,2022-07-20 13:45:00,1707.711895327919,1714.4440523360404,1707.471895327919,target,4,47.90333330571002,-2.6399999999999997,-0.0,0.0,47.90333330571002,69.38087785428135,1.8318398453985874,0.6533675258794331,2.1523263618331923,bounce_resistance
XAUUSD.a,15m,-1,0.08,2022-07-20 16:30:00,1713.3782307745887,2022-07-20 17:00:00,1707.3280549682875,1716.9346845693515,1707.0880549682875,target,2,48.40140645040992,-1.92,-0.0,0.0,48.40140645040992,70.1002323819047,1.7011821762483503,0.2844882244502454,1.8552837054442457,bounce_resistance
XAUUSD.a,15m,-1,0.12,2022-07-21 02:00:00,1695.9184282511542,2022-07-21 04:00:00,1691.478033051119,1698.3059834744406,1691.238033051119,target,8,53.284742400423056,-2.88,-0.0,0.0,53.284742400423056,77.32175699856784,1.8598083749967178,0.021600232883768587,2.5039957999065376,bounce_resistance
XAUUSD.a,15m,-1,0.13,2022-07-21 05:45:00,1693.3545722034773,2022-07-21 09:15:00,1689.2800271662213,1695.5649864168895,1689.0400271662213,target,14,52.96908548432839,-3.12,-0.0,0.0,52.96908548432839,76.80574999540113,1.84334004574024,0.23770558175685805,2.1147946729229927,bounce_resistance
XAUUSD.a,15m,1,0.1,2022-07-22 02:15:00,1718.1361818226355,2022-07-22 05:00:00,1715.1966862187855,1715.2463359240185,1723.0273281519628,stop,11,-29.394956038499913,-2.4,-0.49649705232895913,0.0,-29.394956038499913,-42.502213731004346,-1.0171807449167733,1.036796399444432,0.3958059417326751,bounce_support
XAUUSD.a,15m,1,0.08,2022-07-22 15:30:00,1724.099286074462,2022-07-22 16:45:00,1729.9596572013147,1720.6451713993426,1729.9596572013147,target,5,46.882969014821356,-1.92,-0.0,0.0,46.882969014821356,67.3286645912446,1.6966347901145153,0.5817079811899034,3.8825329170851504,bounce_support
XAUUSD.a,15m,1,0.07,2022-07-22 19:45:00,1730.1394906415846,2022-07-22 20:30:00,1725.8328856361456,1725.9175217911538,1737.684956417692,stop,3,-30.146235038072977,-1.6800000000000002,-0.5924530850579948,0.0,-30.146235038072977,-43.51424679639281,-1.0200466081125983,1.0041501469514518,0.0593347244591571,bounce_support
XAUUSD.a,15m,1,0.09,2022-07-25 15:00:00,1726.2576465270963,2022-07-25 16:00:00,1723.1042978324656,1723.1756125344282,1731.5887749311437,stop,4,-28.3801382516765,-2.16,-0.6418323176624241,0.0,-28.3801382516765,-40.779576187137536,-1.023138843417121,1.3522389879575745,0.3609153810599633,bounce_support
XAUUSD.a,15m,-1,0.09,2022-07-25 19:30:00,1717.4244391580146,2022-07-25 20:15:00,1720.7639549702142,1720.4577472607525,1711.554505478495,stop,3,-30.055642309796212,-2.16,-0.5958693851552819,0.0,-30.055642309796212,-43.19394436830291,-1.100948436192575,1.2051399719948521,0.10695885384074212,bounce_resistance
XAUUSD.a,15m,-1,0.12,2022-07-25 22:30:00,1717.5334045186821,2022-07-26 03:15:00,1720.1521724004006,1719.8747939071923,1713.0504121856152,stop,15,-31.425214580621287,-2.88,-0.44854191849950087,3.6275999999999997,-27.797614580621286,-39.97931048557642,-0.989356103297466,1.8393333045974585,0.3217766862612905,bounce_resistance
XAUUSD.a,15m,1,0.12,2022-07-26 09:00:00,1721.7509927024817,2022-07-26 09:45:00,1725.5599833441709,1719.3350083279147,1725.5599833441709,target,3,45.707887700270476,-2.88,-0.0,0.0,45.707887700270476,65.71096148632165,1.5765791707042507,0.16183577451813394,2.0111915245267973,bounce_support
XAUUSD.a,15m,1,0.1,2022-07-26 13:00:00,1720.3548100734213,2022-07-26 13:15:00,1717.6082098545364,1717.664109599659,1724.9417808006817,stop,1,-27.466002188848506,-2.4,-0.5589974512251907,0.0,-27.466002188848506,-39.59805396160507,-1.020775164559445,1.4846728992601868,0.20262007306093952,bounce_support
XAUUSD.a,15m,-1,0.07,2022-07-26 17:00:00,1719.9195392123543,2022-07-26 17:45:00,1717.8013026819924,1723.6478424116915,1717.5613026819924,target,3,14.827655712532989,-1.6800000000000002,-0.0,0.0,14.827655712532989,21.30838920549103,0.5681502863657673,0.4909634999565293,1.485807059184162,bounce_resistance
XAUUSD.a,15m,-1,0.15,2022-07-27 09:15:00,1719.7396604578066,2022-07-27 10:00:00,1721.922271216695,1721.6359753488748,1715.9780493022504,stop,3,-32.73916138332538,-3.5999999999999996,-0.694438017301252,0.0,-32.73916138332538,-47.19906779211894,-1.1509748561110031,1.11813684118617,0.6695409416372825,bounce_resistance
XAUUSD.a,15m,1,0.06,2022-07-28 01:00:00,1734.2731452067985,2022-07-28 10:00:00,1742.9483003771127,1729.8858498114437,1742.9483003771127,target,36,52.050931021884935,-1.44,-0.0,0.0,52.050931021884935,74.37441026203463,1.9773355538127648,0.08049268968128885,2.2147710417423583,bounce_support
XAUUSD.a,15m,1,0.08,2022-07-28 15:15:00,1738.8379382260691,2022-07-28 15:30:00,1744.9110824655731,1735.4144587672133,1744.9110824655731,target,1,48.58515391603214,-1.92,-0.0,0.0,48.58515391603214,69.55342492954081,1.7739683595279339,0.799753075481951,2.722978737265905,bounce_support
XAUUSD.a,15m,1,0.12,2022-07-29 02:30:00,1755.4306540917491,2022-07-29 04:45:00,1752.9164764814218,1752.9622551725295,1758.4479931972787,stop,9,-30.170131323928217,-2.88,-0.5493442932929182,0.0,-30.170131323928217,-43.107577476036205,-1.018545904696046,1.1224498885394647,0.31572931837827034,bounce_support
XAUUSD.a,15m,1,0.1,2022-07-29 12:15:00,1763.2556232558559,2022-07-29 12:15:00,1760.400589918785,1760.469024802569,1768.091950394862,stop,0,-28.55033337070836,-2.4,-0.6843488378393253,0.0,-28.55033337070836,-40.87787376073244,-1.0245585738064533,1.5702381700150037,0.0,bounce_support
XAUUSD.a,15m,1,0.11,2022-08-01 06:30:00,1762.4330594276887,2022-08-01 07:30:00,1759.8566727216016,1759.9044449928251,1765.2848358862145,stop,4,-28.340253766957858,-2.6399999999999997,-0.5254949834582865,0.0,-28.340253766957858,-40.56314678883859,-1.0188926672903655,1.0887620468073316,0.006699547419239228,bounce_support
XAUUSD.a,15m,1,0.12,2022-08-02 02:00:00,1771.8514602400246,2022-08-02 03:30:00,1775.8285442073327,1769.5757278963338,1775.8285442073327,target,6,47.72500760769708,-2.88,-0.0,0.0,47.72500760769708,67.99015244564646,1.747606206122626,0.4576374031471551,3.211511134091596,bounce_support
XAUUSD.a,15m,1,0.11,2022-08-02 07:15:00,1773.7348791611662,2022-08-02 10:15:00,1771.014447877062,1771.0705871184616,1778.118825763077,stop,12,-29.924744125147072,-2.6399999999999997,-0.6175316553959649,0.0,-29.924744125147072,-43.19890305628114,-1.0210709788941597,1.0077270502376174,0.8877108068201258,bounce_support
XAUUSD.a,15m,1,0.06,2022-08-02 19:15:00,1775.5951080291165,2022-08-02 20:45:00,1770.9119379782487,1771.0104248058126,1783.8491503883747,stop,6,-28.099020305206977,-1.44,-0.5909209653832475,0.0,-28.099020305206977,-40.51068352297652,-1.021481708281014,1.189854950367807,0.3609610283370583,bounce_support
XAUUSD.a,15m,-1,0.08,2022-08-03 04:00:00,1756.5882486872792,2022-08-03 04:00:00,1760.3815270854857,1760.0639001164045,1749.9421997671911,stop,0,-30.346227185651514,-1.92,-0.6210157526496813,0.0,-30.346227185651514,-43.889080869576844,-1.0913863129137533,1.323996783497635,0.3188607114028542,bounce_resistance
XAUUSD.a,15m,-1,0.11,2022-08-03 08:45:00,1769.4195886253974,2022-08-03 11:30:00,1764.5555554808964,1772.0322222595519,1764.3155554808964,target,11,53.5043645895114,-2.6399999999999997,-0.0,0.0,53.5043645895114,77.2102177432088,1.8617356375247012,0.44798143884467506,2.059067354515806,bounce_resistance
XAUUSD.a,15m,-1,0.1,2022-08-03 15:45:00,1770.948181567633,2022-08-03 16:45:00,1765.3916991863714,1773.8641504068144,1765.1516991863714,target,4,55.56482381261503,-2.4,-0.0,0.0,55.56482381261503,80.1038315783165,1.905535582753779,0.6144847668777177,2.2216223577517242,bounce_resistance
XAUUSD.a,15m,1,0.14,2022-08-05 04:30:00,1790.743530938108,2022-08-05 04:45:00,1788.7151712263544,1788.7657964615764,1793.9084070768472,stop,1,-28.397035964550927,-3.3600000000000003,-0.7087532931077087,0.0,-28.397035964550927,-40.77748957416237,-1.0255975894756086,1.0433811831640956,0.5341814457037962,bounce_support
XAUUSD.a,15m,1,0.15,2022-08-05 07:30:00,1791.5782850105663,2022-08-05 07:45:00,1792.549,1789.6847631673086,1792.549,target,1,14.56072484150468,-3.5999999999999996,-0.0,0.0,14.56072484150468,20.906463798160264,0.512650536823781,0.20505969442541172,0.6716135828914555,bounce_support
XAUUSD.a,15m,1,0.16,2022-08-05 08:00:00,1792.0095947284985,2022-08-05 08:00:00,1790.1669467023876,1790.2113387951354,1793.1809920634919,stop,0,-29.482368417775433,-3.84,-0.7102734839641178,0.0,-29.482368417775433,-42.31109129990734,-1.0246861928406157,1.1453290325846712,0.11700518685789983,bounce_support
XAUUSD.a,15m,1,0.12,2022-08-05 08:15:00,1790.3797522478915,2022-08-05 11:00:00,1787.9712945490805,1788.0280576927219,1793.2011904761905,stop,11,-28.901492385731217,-2.88,-0.681157723696881,0.0,-28.901492385731217,-41.57770224670736,-1.0241371242351776,1.2670660147344133,0.9866280240382764,bounce_support
XAUUSD.a,15m,-1,0.11,2022-08-05 15:15:00,1788.372844041678,2022-08-05 15:30:00,1783.8811532063407,1790.8094233968297,1783.6411532063407,target,1,49.40859918871024,-2.6399999999999997,-0.0,0.0,49.40859918871024,71.74183125992485,1.843441226669029,0.3476824822187027,6.153234455499372,bounce_resistance
XAUUSD.a,15m,-1,0.05,2022-08-05 18:00:00,1777.838054916484,2022-08-08 14:00:00,1783.173985201111,1782.8811720478648,1768.0276559042707,stop,76,-26.679651423135056,-1.2,-0.26406576623094136,1.5115,-25.168151423135054,-36.07251067511581,-0.9981188525852939,1.0552888114377337,1.4570462523586372,bounce_resistance
XAUUSD.a,15m,1,0.13,2022-08-09 09:45:00,1785.8373234654898,2022-08-09 10:15:00,1783.660906889436,1783.7039864736282,1789.2420270527434,stop,2,-28.29341548869843,-3.12,-0.560034594497566,0.0,-28.29341548869843,-40.544273026336164,-1.0201935204594825,1.0674935437662048,0.3059416008816554,bounce_support
XAUUSD.a,15m,1,0.12,2022-08-09 23:00:00,1794.2325710936473,2022-08-10 03:30:00,1791.8386036918996,1791.8719155962801,1798.3461688074397,stop,14,-28.72760882097191,-2.88,-0.3997428525665693,-29.8512,-58.57880882097191,-84.27271772952757,-2.0678864015491154,1.1109503680534283,0.3547442256130403,bounce_support
XAUUSD.a,15m,1,0.08,2022-08-10 21:30:00,1790.1928753427615,2022-08-11 05:00:00,1786.684618075569,1786.732823158529,1796.1743536829422,stop,26,-28.066058137539585,-1.92,-0.38564066368030897,-6.6336,-34.699658137539586,-49.115568709450365,-1.25358145953938,1.5383800761786637,0.7592731315470939,bounce_support
XAUUSD.a,15m,-1,0.17,2022-08-11 07:15:00,1786.8206628463738,2022-08-11 08:15:00,1783.7917513486184,1788.5291243256906,1783.5517513486184,target,4,51.491495461842085,-4.08,-0.0,0.0,51.491495461842085,72.78155631514967,1.7728883761351095,0.02887811883579151,1.9670697215354231,bounce_resistance
XAUUSD.a,15m,-1,0.11,2022-08-11 10:45:00,1787.1853273175634,2022-08-11 11:45:00,1790.025930669886,1789.7302803464634,1784.7585714285715,stop,4,-31.246636875549257,-2.6399999999999997,-0.6121535576497155,0.0,-31.246636875549257,-43.969094315836564,-1.1161712299069424,1.0234659158178716,0.6032831648083321,bounce_resistance
XAUUSD.a,15m,-1,0.15,2022-08-11 23:15:00,1786.7632032157132,2022-08-11 23:30:00,1789.0098498397103,1788.7152114615965,1785.5083200000001,stop,1,-33.69969935995641,-3.5999999999999996,-0.8195756717061771,0.0,-33.69969935995641,-47.4222863655579,-1.1509411544419694,1.3456893892875401,0.02213270143931767,bounce_resistance
XAUUSD.a,15m,-1,0.16,2022-08-12 04:15:00,1787.3524471137457,2022-08-12 04:15:00,1787.5015241635688,1789.151619337373,1787.2615241635688,target,0,-2.38523279716901,-3.84,-0.0,0.0,-2.38523279716901,-3.362750838376747,-0.08285868793734207,0.4154982365985435,0.3959860564706115,bounce_resistance
XAUUSD.a,15m,-1,0.17,2022-08-12 06:00:00,1788.7925307021162,2022-08-12 06:15:00,1790.7257925554768,1790.4450888905674,1785.689822218865,stop,1,-32.86545150713005,-4.08,-0.6919623034591259,0.0,-32.86545150713005,-46.191780052185585,-1.1698600792825995,1.0211254948095725,0.06204362595682665,bounce_resistance
XAUUSD.a,15m,1,0.12,2022-08-15 07:00:00,1795.6790225048755,2022-08-15 08:15:00,1793.2583651765185,1793.2993584907888,1799.6312830184227,stop,5,-29.047887940284454,-2.88,-0.4919197712435548,0.0,-29.047887940284454,-41.01939976033955,-1.017226513502585,1.491396467680521,0.0,bounce_support
XAUUSD.a,15m,-1,0.07,2022-08-15 19:00:00,1780.795959863618,2022-08-16 15:30:00,1773.2578180886287,1784.6460909556856,1773.0178180886287,target,78,52.7669924249251,-1.6800000000000002,-0.0,2.1161000000000003,54.8830924249251,78.38202288621122,2.0364090436148743,0.8659549653390218,2.419647445982182,bounce_resistance
XAUUSD.a,15m,-1,0.09,2022-08-16 17:30:00,1777.0185007172606,2022-08-17 08:30:00,1780.3973348721186,1780.121672377547,1770.966655244906,stop,56,-30.40950739372147,-2.16,-0.3209624511455227,8.162099999999999,-22.24740739372147,-31.699139953723083,-0.7965831173612464,1.4409448693943132,1.3561933331372293,bounce_resistance
XAUUSD.a,15m,1,0.13,2022-08-17 10:45:00,1774.3986687378238,2022-08-17 11:00:00,1772.1698841261307,1772.2132012966708,1778.2335974066584,stop,1,-28.97419995200994,-3.12,-0.5631232170225892,0.0,-28.97419995200994,-41.58120571175778,-1.0198205517613648,1.1112811346859992,0.05551730485274118,bounce_support
XAUUSD.a,15m,-1,0.09,2022-08-17 21:45:00,1768.9560932354493,2022-08-17 23:30:00,1763.5116244511023,1771.9091877744488,1763.2716244511023,target,7,49.00021905912308,-2.16,-0.0,0.0,49.00021905912308,70.63807383681682,1.8436486581941907,0.16725057665037182,2.3758444380267987,bounce_resistance
XAUUSD.a,15m,-1,0.15,2022-08-18 03:00:00,1764.907409374309,2022-08-18 04:00:00,1767.090094905869,1766.8042011118628,1761.0915977762747,stop,4,-32.740282973397825,-3.5999999999999996,-0.6884069100908188,0.0,-32.740282973397825,-47.236777673670595,-1.1507249258555179,1.0399616292272023,0.330773991623482,bounce_resistance
XAUUSD.a,15m,-1,0.15,2022-08-18 04:30:00,1767.0397617306562,2022-08-18 06:30:00,1763.646829624897,1768.8565851875514,1763.406829624897,target,8,50.89398158638801,-3.5999999999999996,-0.0,0.0,50.89398158638801,73.54196518465407,1.8675078708843689,0.26432852764046205,2.553776875263926,bounce_resistance
XAUUSD.a,15m,-1,0.16,2022-08-18 08:30:00,1764.5644265736612,2022-08-18 09:45:00,1761.5245587841973,1766.2727206079012,1761.2845587841973,target,5,48.63788463142191,-3.84,-0.0,0.0,48.63788463142191,70.4713040531773,1.779475739266557,0.47156602446199364,2.1509333288140926,bounce_resistance
XAUUSD.a,15m,-1,0.16,2022-08-18 11:45:00,1764.320132131195,2022-08-18 11:45:00,1766.3282061209723,1766.0434043177647,1761.1131913644708,stop,0,-32.12918383643773,-3.84,-0.716828851318674,0.0,-32.12918383643773,-46.31233706153187,-1.1652680321931188,1.1430973494245773,0.0871203820063161,bounce_resistance
XAUUSD.a,15m,-1,0.19,2022-08-19 02:45:00,1758.5240413472027,2022-08-19 03:00:00,1755.6939538151853,1759.9930230924074,1755.4539538151853,target,1,53.77166310833036,-4.56,-0.0,0.0,53.77166310833036,77.92091222514833,1.926564125970822,0.44653968978081043,2.358124162203273,bounce_resistance
XAUUSD.a,15m,-1,0.14,2022-08-19 04:15:00,1757.37915253594,2022-08-19 04:30:00,1753.829607820551,1759.3351960897246,1753.589607820551,target,1,49.69362601544527,-3.3600000000000003,-0.0,0.0,49.69362601544527,72.04271799043937,1.8146552557692965,0.08734338441975165,1.9576008563465772,bounce_resistance
XAUUSD.a,15m,-1,0.13,2022-08-19 05:15:00,1756.7675293101565,2022-08-19 07:00:00,1753.3824870466321,1758.919941060001,1753.1424870466321,target,7,44.00554942581698,-3.12,-0.0,0.0,44.00554942581698,63.695846433941234,1.57267412416276,0.43786728534239683,2.094176130790087,bounce_resistance
XAUUSD.a,15m,-1,0.16,2022-08-19 09:00:00,1755.5999420665678,2022-08-19 11:00:00,1752.4637404580153,1757.4045429800567,1752.2237404580153,target,8,50.179225736839726,-3.84,-0.0,0.0,50.179225736839726,72.62773116156913,1.7378920652816974,0.9919411655242449,2.044741327008301,bounce_resistance
XAUUSD.a,15m,-1,0.13,2022-08-19 14:45:00,1752.9545016738202,2022-08-19 15:30:00,1755.3671844001492,1755.0611617565903,1749.464945054945,stop,3,-31.36487544227657,-3.12,-0.8582943662654343,0.0,-31.36487544227657,-45.41684830911754,-1.145264367071738,2.257363855267402,1.4689136131308516,bounce_resistance
XAUUSD.a,15m,-1,0.12,2022-08-19 21:30:00,1749.162483524526,2022-08-22 07:45:00,1744.645042694299,1751.5524786528506,1744.405042694299,target,37,54.20928996272232,-2.88,-0.0,3.6275999999999997,57.836889962722324,83.83129922704418,2.0166320730558667,0.019881411016702488,2.235353311481789,bounce_resistance
XAUUSD.a,15m,-1,0.07,2022-08-22 18:15:00,1736.0774051716376,2022-08-23 04:30:00,1740.5571608523733,1740.274904723067,1727.8701905538662,stop,37,-31.35828976514995,-1.6800000000000002,-0.29579290514405665,2.1161000000000003,-29.242189765149952,-42.421792150452546,-0.9952248069479983,1.0226552202728567,0.5497094504397954,bounce_resistance
XAUUSD.a,15m,1,0.14,2022-08-23 07:30:00,1737.9556638264553,2022-08-23 08:15:00,1735.9240933141973,1735.9617226655396,1741.086554668921,stop,3,-28.441987171611803,-3.3600000000000003,-0.5268109187932426,0.0,-28.441987171611803,-41.35332107885051,-1.0188718464114528,1.1162133918902333,0.09746334413175448,bounce_support
XAUUSD.a,15m,1,0.07,2022-08-23 20:15:00,1748.971031871302,2022-08-24 04:00:00,1745.2418270885746,1745.2798703914264,1755.4802592171475,stop,27,-26.104433479092453,-1.6800000000000002,-0.26630311996276834,-17.413200000000003,-43.51763347909245,-63.02062687948743,-1.6842408051291127,1.17335204512586,0.007847971121239784,bounce_support
XAUUSD.a,15m,1,0.15,2022-08-24 04:15:00,1746.1152363303368,2022-08-24 05:30:00,1744.245758128292,1744.2843198114813,1747.5632969432315,stop,5,-28.04217303067162,-3.5999999999999996,-0.5784252478404568,0.0,-28.04217303067162,-40.65909761004454,-1.0210614098415616,1.1607499896637863,0.6907817241465329,bounce_support
XAUUSD.a,15m,1,0.09,2022-08-24 15:45:00,1744.8345417811313,2022-08-24 17:15:00,1749.7504248006753,1741.9347875996623,1749.7504248006753,target,6,44.242947175896234,-2.16,-0.0,0.0,44.242947175896234,64.00981955163738,1.695275775774088,0.6464485138466527,2.1503402801232547,bounce_support
XAUUSD.a,15m,1,0.19,2022-08-25 03:00:00,1751.2144719189523,2022-08-25 03:30:00,1752.5210924369749,1749.740395091196,1752.5210924369749,target,2,24.82578984242855,-4.56,-0.0,0.0,24.82578984242855,35.858836726410544,0.8863991980739147,0.9052933292380554,1.584400512287074,bounce_support
XAUUSD.a,15m,1,0.13,2022-08-25 08:30:00,1756.9556229645118,2022-08-25 09:30:00,1760.51013993775,1754.779930031125,1760.51013993775,target,4,46.20872065209596,-3.12,-0.0,0.0,46.20872065209596,66.31371179371425,1.6337401839629844,0.4714006047329703,1.6934269441015137,bounce_support
XAUUSD.a,15m,1,0.13,2022-08-25 15:00:00,1762.738343079014,2022-08-25 15:00:00,1760.4764215346652,1760.5339361531862,1765.626923076923,stop,0,-29.404980076533775,-3.12,-0.7476900407725261,0.0,-29.404980076533775,-42.21941775289136,-1.0260907447927106,1.1877766524576305,0.027969845432632142,bounce_support
XAUUSD.a,15m,1,0.1,2022-08-25 15:45:00,1759.6216635366595,2022-08-25 16:30:00,1756.677030283952,1756.749696204164,1764.460607591672,stop,3,-29.4463325270749,-2.4,-0.726659202118898,0.0,-29.4463325270749,-42.324976322478726,-1.0253017920467542,1.8912692617362021,0.7410726574981765,bounce_support
XAUUSD.a,15m,-1,0.15,2022-08-25 21:00:00,1758.7519557658788,2022-08-26 04:00:00,1755.1010562128488,1760.6644718935756,1754.8610562128488,target,24,54.76349329545087,-3.5999999999999996,-0.0,4.5344999999999995,59.29799329545087,85.2141826712617,2.06701501534046,0.08263681117898054,2.1081943872203754,bounce_resistance
XAUUSD.a,15m,-1,0.11,2022-08-26 22:45:00,1737.9852659920286,2022-08-29 04:00:00,1733.0405360763825,1740.6447319618087,1732.8005360763825,target,17,54.392029072107334,-2.6399999999999997,-0.0,3.3253,57.71732907210733,84.17654129844871,1.9729637360541443,0.28755171777385086,2.870977135556348,bounce_resistance
XAUUSD.a,15m,-1,0.13,2022-08-29 09:45:00,1724.8646810828432,2022-08-29 10:15:00,1722.282030075188,1727.0975221126478,1722.042030075188,target,2,33.57446309951706,-3.12,-0.0,0.0,33.57446309951706,48.97377778679775,1.1566658679149975,0.441284849214264,1.6054349749909809,bounce_resistance
XAUUSD.a,15m,-1,0.11,2022-08-29 12:15:00,1723.9740424603533,2022-08-29 13:15:00,1726.7979469229842,1726.499479444986,1719.1510411100278,stop,4,-31.062949088940286,-2.6399999999999997,-0.6431422579790069,0.0,-31.062949088940286,-45.253560631887595,-1.118184488393246,1.0873197614337071,0.955890990368316,bounce_resistance
XAUUSD.a,15m,1,0.1,2022-08-29 20:45:00,1737.881188180736,2022-08-30 05:00:00,1735.0783176155528,1735.1211963155731,1742.5576073688535,stop,29,-28.028705651831842,-2.4,-0.42878700020403904,-8.292,-36.320705651831844,-52.785585472375075,-1.315971474781447,1.1055062224091026,0.9307316632661393,bounce_support
XAUUSD.a,15m,-1,0.17,2022-08-31 02:00:00,1722.8746417078492,2022-08-31 04:15:00,1722.4781473214287,1724.531676008638,1722.2381473214286,target,9,6.740404569148496,-4.08,-0.0,0.0,6.740404569148496,9.82394416304509,0.23927952863241714,0.9567444025728199,0.485591461484027,bounce_resistance
XAUUSD.a,15m,-1,0.14,2022-08-31 06:00:00,1723.0726166507577,2022-08-31 07:00:00,1725.363346363773,1725.0828370849163,1721.20921875,stop,4,-32.07021598221354,-3.3600000000000003,-0.5671299039932425,0.0,-32.07021598221354,-46.58863108824257,-1.1395415518070358,1.0533090367916031,0.39926797933167435,bounce_resistance
XAUUSD.a,15m,-1,0.12,2022-09-01 05:30:00,1705.1039665354124,2022-09-01 08:45:00,1707.7884024070515,1707.5012490547267,1700.4475018905468,stop,13,-32.21323045966983,-2.88,-0.5658402278967285,0.0,-32.21323045966983,-47.140163107733706,-1.11978285830364,1.424960736611324,1.0153023332888071,bounce_resistance
XAUUSD.a,15m,-1,0.11,2022-09-01 13:00:00,1705.8360281183527,2022-09-01 13:30:00,1701.8421259842519,1708.3435798173534,1701.6021259842519,target,2,43.93292347510919,-2.6399999999999997,-0.0,0.0,43.93292347510919,64.44234381891805,1.5927496672122243,0.02152373634764677,2.3393448361165836,bounce_resistance
XAUUSD.a,15m,-1,0.06,2022-09-01 19:30:00,1697.4686505771574,2022-09-02 09:00:00,1702.368935982219,1702.0911202950404,1688.2877594099193,stop,50,-29.40171243036957,-1.44,-0.22689412307184936,1.8137999999999999,-27.58791243036957,-40.62183412900075,-0.9947031967074587,1.174988643371837,0.6854886609421995,bounce_resistance
XAUUSD.a,15m,1,0.12,2022-09-02 15:30:00,1705.332502070219,2022-09-02 15:30:00,1709.3980667091425,1702.9659666454286,1709.3980667091425,target,0,48.7867756670812,-2.88,-0.0,0.0,48.7867756670812,71.52437423703445,1.7179394807847828,0.42361591536620063,4.0090242598504995,bounce_support
XAUUSD.a,15m,1,0.1,2022-09-02 15:45:00,1704.5260090652037,2022-09-02 15:45:00,1706.4328706624606,1701.7956107747523,1706.4328706624606,target,0,19.068615972569205,-2.4,-0.0,0.0,19.068615972569205,27.955748383769542,0.6983822118280361,0.10474994296761068,1.5726610105979895,bounce_support
XAUUSD.a,15m,1,0.12,2022-09-05 10:15:00,1708.6039696242299,2022-09-05 11:15:00,1712.777399722229,1706.1813001388857,1712.777399722229,target,4,50.0811611759882,-2.88,-0.0,0.0,50.0811611759882,73.88999553835787,1.7226576399488307,0.16261798260684876,1.9837746770015856,bounce_support
XAUUSD.a,15m,-1,0.17,2022-09-05 20:00:00,1712.1263061297645,2022-09-06 02:30:00,1714.107155620632,1713.8355120162862,1708.7789759674279,stop,12,-33.67444134474772,-4.08,-0.5379412738810985,5.1391,-28.53534134474772,-41.89534927507704,-0.9820639538537201,1.213249899610163,1.5248637687929794,bounce_resistance
XAUUSD.a,15m,1,0.11,2022-09-06 06:45:00,1718.1433258574189,2022-09-06 07:45:00,1715.4975071833871,1715.5463880512707,1722.5172238974583,stop,4,-29.104005414348876,-2.6399999999999997,-0.5376895467194377,0.0,-29.104005414348876,-42.797490462838766,-1.0188225023209374,1.1102791335983062,0.22590997027045798,bounce_support
XAUUSD.a,15m,-1,0.08,2022-09-06 20:30:00,1702.1677314097976,2022-09-07 03:15:00,1695.7918689459352,1705.5540655270324,1695.5518689459352,target,23,51.00689971089923,-1.92,-0.0,7.2552,58.262099710899236,86.76152565954735,2.1506331660531224,0.49382858640299293,2.1845840232204945,bounce_resistance
XAUUSD.a,15m,-1,0.09,2022-09-07 11:00:00,1703.1643120713645,2022-09-07 12:30:00,1706.4776252280164,1706.1760530314702,1697.2178939370597,stop,6,-29.819818409867366,-2.16,-0.554149768915413,0.0,-29.819818409867366,-44.27852940021288,-1.1001321828606458,1.0477952687287677,0.46627916874870656,bounce_resistance
XAUUSD.a,15m,1,0.11,2022-09-07 16:00:00,1700.6132538147608,2022-09-07 16:00:00,1697.9488569833647,1698.0137377055062,1704.9625245889874,stop,0,-29.308365145356674,-2.6399999999999997,-0.7136879435546207,0.0,-29.308365145356674,-43.67212806639349,-1.0249587690226039,1.1514657686115204,0.0,bounce_support
XAUUSD.a,15m,1,0.08,2022-09-07 22:45:00,1716.5011877049137,2022-09-08 10:00:00,1722.3298164973387,1713.1950917513307,1722.3298164973387,target,41,46.62903033939983,-1.92,-0.0,-6.6336,39.99543033939983,59.40297693326773,1.5121850250615803,0.9017244952261018,1.9294093047036986,bounce_support
XAUUSD.a,15m,1,0.08,2022-09-08 15:45:00,1716.5307423852905,2022-09-08 16:00:00,1713.1424761811372,1713.238717360649,1722.2725652787021,stop,1,-27.106129633226374,-1.92,-0.7699294360928417,0.0,-27.106129633226374,-40.2759686085294,-1.0292346439627038,1.5858756680803097,0.555663338224026,bounce_support
XAUUSD.a,15m,-1,0.09,2022-09-08 20:15:00,1708.1338231984066,2022-09-08 20:30:00,1711.4251990152,1711.1024098986948,1702.3651802026106,stop,1,-29.622382351140004,-2.16,-0.745102048547358,0.0,-29.622382351140004,-43.87461098278927,-1.108734946657903,1.1406696665671545,0.10571468179663397,bounce_resistance
XAUUSD.a,15m,1,0.09,2022-09-09 14:00:00,1727.1928605040525,2022-09-09 14:45:00,1724.0491583983235,1724.1264970248192,1732.3270059503614,stop,3,-28.29331895156156,-2.16,-0.6960476384622816,0.0,-28.29331895156156,-41.428097154347405,-1.0252216108819032,2.423998509762736,0.40997732475662607,bounce_support
XAUUSD.a,15m,-1,0.1,2022-09-09 23:00:00,1715.605654412965,2022-09-12 01:00:00,1718.6139718351976,1718.325615221626,1710.328769556748,stop,4,-30.083174222327216,-2.4,-0.48356613571608487,3.023,-27.060174222327216,-39.51544132933297,-0.9948736811265526,1.2773513412294903,0.07928585304541336,bounce_resistance
XAUUSD.a,15m,1,0.09,2022-09-12 14:15:00,1727.1992947680546,2022-09-12 14:15:00,1727.1374058577405,1724.032182172625,1727.1374058577405,target,0,-0.5570001928269903,-2.16,-0.0,0.0,-0.5570001928269903,-0.8098287188528501,-0.019541114642851458,0.13239023098191594,0.19282712993108822,bounce_support
XAUUSD.a,15m,1,0.07,2022-09-12 15:30:00,1730.8016884804608,2022-09-12 16:30:00,1726.881600419934,1726.9706655317536,1737.5286689364927,stop,4,-27.440616423687064,-1.6800000000000002,-0.6234557827364483,0.0,-27.440616423687064,-39.850442823286805,-1.023248389010458,1.8406803025913696,0.47984873600395156,bounce_support
XAUUSD.a,15m,1,0.1,2022-09-12 23:00:00,1724.7320396793662,2022-09-13 04:15:00,1721.8694662181676,1721.9216546275447,1729.7466907449104,stop,17,-28.62573461198508,-2.4,-0.5218840937707916,-8.292,-36.91773461198508,-53.62442386808785,-1.3136183808001207,1.2816890258619753,1.0098119184040275,bounce_support
XAUUSD.a,15m,-1,0.13,2022-09-13 10:30:00,1724.5865825039614,2022-09-13 12:15:00,1727.109668240748,1726.8180497866902,1720.1339004266194,stop,7,-32.80011457822707,-3.12,-0.6710399027528126,0.0,-32.80011457822707,-47.519180844950476,-1.1306846200771166,1.1353146495343165,1.1949906344584407,bounce_resistance
XAUUSD.a,15m,-1,0.07,2022-09-14 01:00:00,1701.6607755211799,2022-09-14 01:00:00,1701.3125,1705.2850100768305,1701.0725,target,0,2.4379286482590037,-1.6800000000000002,-0.0,0.0,2.4379286482590037,3.620381425710218,0.09609629725450546,0.09083972733134665,0.31476315996194343,bounce_resistance
XAUUSD.a,15m,-1,0.11,2022-09-14 01:30:00,1702.5929248116297,2022-09-14 03:00:00,1701.2675,1705.1420476410199,1701.0275,target,6,14.579672927927504,-2.6399999999999997,-0.0,0.0,14.579672927927504,21.626749132874735,0.5199532938735854,0.2342277043249395,0.687658041197307,bounce_resistance
XAUUSD.a,15m,-1,0.11,2022-09-14 03:15:00,1702.3662375244737,2022-09-14 03:15:00,1701.215,1704.8086956871655,1700.975,target,0,12.663612769211795,-2.6399999999999997,-0.0,0.0,12.663612769211795,18.784562440423933,0.47134380521181707,0.034294333800999686,0.8254952143179272,bounce_resistance
XAUUSD.a,15m,-1,0.09,2022-09-14 05:15:00,1702.2593382135233,2022-09-14 07:30:00,1705.4241975691639,1705.126709010056,1696.616581979888,stop,9,-28.48373420076541,-2.16,-0.5173970319710968,0.0,-28.48373420076541,-42.289595570813034,-1.1037495950881786,1.0081227687651377,1.0599739026422854,bounce_resistance
XAUUSD.a,15m,-1,0.09,2022-09-14 15:45:00,1705.041853635012,2022-09-14 20:00:00,1699.5120417812218,1707.998979109389,1699.2720417812218,target,17,49.76830668411276,-2.16,-0.0,0.0,49.76830668411276,73.79642153634751,1.8699956771213901,0.6926139532240837,2.09725751874598,bounce_resistance
XAUUSD.a,15m,-1,0.07,2022-09-15 23:30:00,1665.0379317487345,2022-09-16 10:45:00,1658.0155209363234,1668.7472395318382,1657.7755209363233,target,41,49.15687568687827,-1.6800000000000002,-0.0,2.1161000000000003,51.272975686878276,76.80194081317897,1.9746840221175763,0.72576027892001,2.8732939868949554,bounce_resistance
XAUUSD.a,15m,-1,0.09,2022-09-16 12:15:00,1661.1814402416355,2022-09-16 12:15:00,1664.4452881648642,1664.1324485273176,1655.4251029453649,stop,0,-29.37463130905826,-2.16,-0.6555567379203375,0.0,-29.37463130905826,-44.00298296641239,-1.1060111010411224,1.741289505453468,0.0,bounce_resistance
XAUUSD.a,15m,1,0.08,2022-09-16 20:30:00,1674.5973339253073,2022-09-16 20:45:00,1671.0994277727978,1671.1842571687616,1680.5314856624766,stop,1,-27.983249220076686,-1.92,-0.6786351677112388,0.0,-27.983249220076686,-41.800981746051455,-1.0248542303659567,1.0334762962897246,0.3201410787487173,bounce_support
XAUUSD.a,15m,1,0.07,2022-09-16 21:15:00,1672.7349563534624,2022-09-19 02:30:00,1679.3075841611744,1669.0362079194128,1679.3075841611744,target,17,46.008394653984176,-1.6800000000000002,-0.0,-5.804400000000001,40.203994653984175,59.78378065693791,1.552803038681891,0.0905593768905171,1.9209318430879652,bounce_support
XAUUSD.a,15m,1,0.13,2022-09-19 04:30:00,1673.4056393978449,2022-09-19 04:45:00,1671.2746616526608,1671.3276879568018,1676.7946240863967,stop,1,-27.70271068739271,-3.12,-0.6893419538336146,0.0,-27.70271068739271,-41.242683768635864,-1.0255185482651932,1.0566365288799522,0.00691094212864984,bounce_support
XAUUSD.a,15m,-1,0.08,2022-09-19 14:00:00,1665.025478510951,2022-09-19 16:45:00,1668.5800245899638,1668.2586571026432,1658.6926857947135,stop,11,-28.43636863210304,-1.92,-0.6509398985657948,0.0,-28.43636863210304,-42.563679492438204,-1.0993967633419492,1.0004153489573036,1.3223762281294964,bounce_resistance
XAUUSD.a,15m,-1,0.08,2022-09-19 17:15:00,1666.5138295736149,2022-09-19 17:30:00,1670.2748172069341,1669.9474941130406,1659.6650117739186,stop,1,-30.087901066553968,-1.92,-0.6985847511476084,0.0,-30.087901066553968,-44.89726339857341,-1.0953276274182053,1.3414736278097015,0.6505672141136105,bounce_resistance
XAUUSD.a,15m,1,0.14,2022-09-20 01:15:00,1675.8677205716804,2022-09-20 03:00:00,1678.9312538732866,1673.8743730633566,1678.9312538732866,target,7,42.8894662224866,-3.3600000000000003,-0.0,0.0,42.8894662224866,63.79513048116406,1.5368786871399158,0.5005251555557885,1.797117368326884,bounce_support
XAUUSD.a,15m,1,0.14,2022-09-20 03:45:00,1676.2891597970113,2022-09-20 04:30:00,1674.2250325957873,1674.2716724686193,1679.5166550627614,stop,3,-28.897780817135757,-3.3600000000000003,-0.652958219647558,0.0,-28.897780817135757,-43.01865398903723,-1.0231178021173237,1.4518851027163575,0.32259940066513926,bounce_support
XAUUSD.a,15m,-1,0.07,2022-09-20 18:15:00,1666.2369766147451,2022-09-21 09:15:00,1670.2122677466466,1669.9166438214102,1659.934652631579,stop,56,-27.827037923310403,-1.6800000000000002,-0.38936747665511784,6.348300000000001,-21.4787379233104,-32.25374727570526,-0.833877348023119,2.2700485984506495,1.2655972274639207,bounce_resistance
XAUUSD.a,15m,-1,0.07,2022-09-22 05:45:00,1659.821010705976,2022-09-22 05:45:00,1663.8803483513764,1663.5518644103402,1652.4162711793194,stop,0,-28.415363517802238,-1.6800000000000002,-0.6193875872536775,0.0,-28.415363517802238,-43.07838379339959,-1.088045248370895,1.3425852876955988,0.008311959790814737,bounce_resistance
XAUUSD.a,15m,1,0.05,2022-09-22 18:00:00,1671.2865808801578,2022-09-23 11:00:00,1666.058060460963,1666.1188113481485,1680.6723773037031,stop,64,-26.142602095974325,-1.2,-0.3037544359282717,-4.146,-30.288602095974326,-46.013827718912765,-1.1722117988569731,1.17779650242862,0.9817425271032791,bounce_support
XAUUSD.a,15m,-1,0.04,2022-09-23 19:30:00,1647.000221337293,2022-09-26 03:45:00,1636.614093499522,1652.417953250239,1636.374093499522,target,29,41.54451135108411,-0.96,-0.0,1.2092,42.753711351084114,65.85700850457356,1.9728602318306596,0.2675988192111844,3.929729576765987,bounce_resistance
XAUUSD.a,15m,-1,0.05,2022-09-26 16:15:00,1645.1165596230073,2022-09-26 18:30:00,1636.1578269922068,1649.7960865038967,1635.9178269922068,target,9,44.79366315400284,-1.2,-0.0,0.0,44.79366315400284,69.29712740408856,1.914452648490366,0.690975916859788,2.001603978654165,bounce_resistance
XAUUSD.a,15m,-1,0.08,2022-09-27 03:00:00,1627.6303595258719,2022-09-27 03:45:00,1631.1637994083899,1630.85326479378,1621.3634704124402,stop,3,-28.267519060143968,-1.92,-0.5642769168782513,0.0,-28.267519060143968,-43.54610570931381,-1.0963523866810507,1.054837232722849,0.015625506084031123,bounce_resistance
XAUUSD.a,15m,1,0.09,2022-09-27 12:30:00,1633.966561138551,2022-09-27 14:00:00,1638.9010821959691,1631.0844589020155,1638.9010821959691,target,6,44.410689516763114,-2.16,-0.0,0.0,44.410689516763114,68.44312345579718,1.712125612639536,0.5261996327978936,1.7429773301475717,bounce_support
XAUUSD.a,15m,1,0.06,2022-09-27 18:30:00,1632.6198234716728,2022-09-27 19:45:00,1628.433521743588,1628.533762216311,1639.1159719438876,stop,5,-25.1178103685088,-1.44,-0.6014428363377238,0.0,-25.1178103685088,-39.10665021798378,-1.024532298088167,1.0547623254588985,1.284899124171905,bounce_support
XAUUSD.a,15m,-1,0.13,2022-09-28 03:15:00,1629.7145695243332,2022-09-28 03:45:00,1625.9285641589665,1631.7807179205167,1625.6885641589665,target,2,49.21806974976698,-3.12,-0.0,0.0,49.21806974976698,76.48971148131504,1.83239760143077,0.3898221817728615,2.126937993636244,bounce_resistance
XAUUSD.a,15m,-1,0.12,2022-09-28 08:30:00,1624.9480635111506,2022-09-28 09:00:00,1622.4617333333333,1627.0736525953464,1622.2217333333333,target,2,29.835962133807698,-2.88,-0.0,0.0,29.835962133807698,46.883877767698074,1.1697134673412262,0.09500259967973639,1.3069616944338198,bounce_resistance
XAUUSD.a,15m,-1,0.07,2022-09-28 13:15:00,1624.6123263161692,2022-09-28 13:15:00,1628.463016578178,1628.1215060524316,1617.8569878951369,stop,0,-26.954831834061682,-1.6800000000000002,-0.7105736802241945,0.0,-26.954831834061682,-42.02040911353872,-1.0973191889310512,2.014052916924249,0.38821787954929626,bounce_resistance
XAUUSD.a,15m,-1,0.04,2022-09-28 15:15:00,1629.029434969335,2022-09-28 15:15:00,1634.8905030433427,1634.5296554973452,1618.2406890053094,stop,0,-23.44427229603116,-0.96,-0.4833901839898985,0.0,-23.44427229603116,-36.480622883422015,-1.0656060141879617,1.5309504387656505,0.030805122898651897,bounce_resistance
XAUUSD.a,15m,1,0.07,2022-09-28 22:30:00,1659.4595534160176,2022-09-29 03:00:00,1655.9231700080863,1655.976467507736,1661.624921875,stop,14,-24.754683855518582,-1.6800000000000002,-0.3730824975481243,-5.804400000000001,-30.559083855518583,-47.091495007964774,-1.2533665614021918,1.2774744962328268,0.5054272648850711,bounce_support
XAUUSD.a,15m,1,0.09,2022-09-29 06:45:00,1654.2392631112853,2022-09-29 08:00:00,1651.298032460131,1651.3542940077148,1659.2614119845705,stop,5,-26.471075860388055,-2.16,-0.5063539282536634,0.0,-26.471075860388055,-40.94457295384148,-1.0195016118245823,1.6184794164715883,0.34341334452719524,bounce_support
XAUUSD.a,15m,-1,0.1,2022-09-29 11:15:00,1647.4196220707324,2022-09-29 12:30:00,1650.3036915825367,1649.983008126727,1642.323983746546,stop,5,-28.840695118042277,-2.4,-0.8068345580956421,0.0,-28.840695118042277,-44.57328004148473,-1.1251015059006098,1.318715891959488,1.5524864315407085,bounce_resistance
XAUUSD.a,15m,1,0.07,2022-09-29 23:15:00,1660.7386831694191,2022-09-30 08:45:00,1667.4229400101892,1656.9035299949055,1667.4229400101892,target,34,46.78979788539073,-1.6800000000000002,-0.0,-5.804400000000001,40.98539788539073,63.0496083153461,1.5266813538712625,0.39599022524353233,1.9090024563384882,bounce_support
XAUUSD.a,15m,1,0.06,2022-09-30 16:15:00,1663.873506075533,2022-09-30 17:00:00,1671.754324617853,1659.4628376910734,1671.754324617853,target,3,47.284911253919745,-1.44,-0.0,0.0,47.284911253919745,73.55054714479887,1.7867628793148613,0.42930139164497366,2.0533155374764838,bounce_support
XAUUSD.a,15m,1,0.05,2022-09-30 19:45:00,1665.7594242100918,2022-09-30 20:45:00,1660.9612700341704,1661.0448612148411,1674.5302775703176,stop,4,-23.99077087960677,-1.2,-0.4179559033533682,0.0,-23.99077087960677,-37.36938407079047,-1.0177304197133321,1.0052732808674338,0.0489071394613928,bounce_support
XAUUSD.a,15m,-1,0.09,2022-10-03 02:00:00,1664.471315214333,2022-10-03 04:15:00,1667.6228043007416,1667.3331509900179,1658.8636980199642,stop,9,-28.363401777678064,-2.16,-0.44687979651319953,0.0,-28.363401777678064,-43.9995063488793,-1.101212415186315,1.065289913407898,0.2800004183122696,bounce_resistance
XAUUSD.a,15m,1,0.09,2022-10-03 06:15:00,1664.8435112646805,2022-10-03 08:00:00,1662.0110828357585,1662.0577628215092,1669.7144743569813,stop,7,-25.49185586029762,-2.16,-0.42011987175590504,0.0,-25.49185586029762,-39.49898642706254,-1.0167567124968047,1.0458630145957029,0.031046857634102573,bounce_support
XAUUSD.a,15m,-1,0.08,2022-10-03 14:30:00,1664.853882459942,2022-10-03 15:15:00,1668.4696428011332,1668.1537002525686,1658.512599494863,stop,3,-28.9260827295293,-1.92,-0.6075403885174476,0.0,-28.9260827295293,-44.733592208108654,-1.0957454527551829,1.465571084216941,0.31028454426483476,bounce_resistance
XAUUSD.a,15m,1,0.07,2022-10-03 22:45:00,1699.6151188094216,2022-10-04 04:45:00,1695.7025486847572,1695.7618443278432,1706.3463113443136,stop,20,-27.387990872650793,-1.6800000000000002,-0.4150695016013156,-5.804400000000001,-33.19239087265079,-51.13523266110643,-1.2305819757543033,1.080929694817738,0.7357070471183315,bounce_support
XAUUSD.a,15m,1,0.09,2022-10-04 06:00:00,1696.5854657067594,2022-10-04 08:45:00,1701.643625012508,1693.643187493746,1701.643625012508,target,11,45.523433751737684,-2.16,-0.0,0.0,45.523433751737684,70.09536338707781,1.7191301908082186,0.4300972291343412,2.587972224911402,bounce_support
XAUUSD.a,15m,1,0.07,2022-10-04 13:45:00,1710.0752520282324,2022-10-04 13:45:00,1706.286628129756,1706.3695061721046,1716.6009876557907,stop,0,-26.52036728933422,-1.6800000000000002,-0.5801462964395797,0.0,-26.52036728933422,-40.98024768497909,-1.0223647399379707,1.145586392874876,0.0,bounce_support
XAUUSD.a,15m,1,0.05,2022-10-04 21:15:00,1723.8929653256898,2022-10-05 04:30:00,1719.169234926395,1719.2307132320775,1732.3085735358447,stop,25,-23.618651996474682,-1.2,-0.3073915284131082,-12.437999999999999,-36.056651996474685,-55.51447574514963,-1.546748278407138,1.1417154668626353,0.5977872106333988,bounce_support
XAUUSD.a,15m,1,0.11,2022-10-05 06:45:00,1719.7881274867775,2022-10-05 07:45:00,1717.472449756181,1717.5261359630942,1723.3885714285714,stop,4,-25.472455036561087,-2.6399999999999997,-0.5905482760451711,0.0,-25.472455036561087,-39.273585834750904,-1.0237340442486627,1.011554403639714,0.04503664675838675,bounce_support
XAUUSD.a,15m,-1,0.06,2022-10-05 19:45:00,1708.8322971785083,2022-10-05 20:45:00,1713.5633801583808,1713.2285465753178,1700.3329068493647,stop,4,-28.38649787923532,-1.44,-0.5690014983777163,0.0,-28.38649787923532,-43.82864403050214,-1.0761634640896565,1.359727868448481,0.26665847923890923,bounce_resistance
XAUUSD.a,15m,-1,0.06,2022-10-05 21:15:00,1715.1091643689197,2022-10-06 03:00:00,1719.5938000263939,1719.2986775709962,1706.9126448580078,stop,19,-26.907813944845202,-1.44,-0.3307347323863317,1.8137999999999999,-25.0940139448452,-38.539768314358646,-0.998286783152083,1.391769246171676,0.3100991227992257,bounce_resistance
XAUUSD.a,15m,1,0.08,2022-10-06 04:00:00,1720.5302600452696,2022-10-06 10:45:00,1725.5143029521084,1717.6028485239458,1725.5143029521084,target,27,39.87234325471036,-1.92,-0.0,0.0,39.87234325471036,61.314710751680565,1.7025426287127845,0.4407511673268766,1.7044887329246612,bounce_support
XAUUSD.a,15m,1,0.08,2022-10-06 11:15:00,1721.6123506585548,2022-10-06 11:15:00,1718.3896998356952,1718.4682258235273,1727.0535483529452,stop,0,-25.78120658287662,-1.92,-0.6282079026576315,0.0,-25.78120658287662,-39.79256753905234,-1.0249754675632727,1.8740829221888238,0.15191805876276057,bounce_support
XAUUSD.a,15m,-1,0.06,2022-10-06 21:45:00,1713.7006500091775,2022-10-07 09:30:00,1709.141906614786,1717.4721118856414,1708.901906614786,target,43,27.352460366349078,-1.44,-0.0,1.8137999999999999,29.16626036634908,45.64217139737266,1.2889016391037047,0.39224842760696177,1.3789480523805573,bounce_resistance
XAUUSD.a,15m,-1,0.08,2022-10-07 13:00:00,1712.8241330903577,2022-10-07 13:15:00,1707.171332046143,1715.7343339769284,1706.931332046143,target,1,45.22240835371667,-1.92,-0.0,0.0,45.22240835371667,70.42343432798673,1.9424092234662547,0.0879207036266639,2.200581107616969,bounce_resistance
XAUUSD.a,15m,-1,0.08,2022-10-07 23:45:00,1695.1635747435473,2022-10-10 01:00:00,1698.7117836030031,1698.3968984243727,1688.8362031512547,stop,1,-28.38567087564661,-1.92,-0.5990814290436093,2.4184,-25.967270875646612,-40.92362989243473,-1.0038923349076005,1.3411664542492432,0.27636414777973234,bounce_resistance
XAUUSD.a,15m,-1,0.07,2022-10-10 01:15:00,1698.9811853656097,2022-10-10 04:15:00,1692.2062261865408,1702.5618869067296,1691.9662261865408,target,12,47.424714253482314,-1.6800000000000002,-0.0,0.0,47.424714253482314,74.39404256366052,1.8920759245826462,0.2593945973223731,2.0222811877655045,bounce_resistance
XAUUSD.a,15m,-1,0.08,2022-10-10 09:15:00,1688.3742004425794,2022-10-10 10:45:00,1682.9952033600932,1691.4323983199533,1682.7552033600932,target,6,43.03197665988955,-1.92,-0.0,0.0,43.03197665988955,68.20079982865721,1.7588780380376037,0.19482047313832437,2.035251050505625,bounce_resistance
XAUUSD.a,15m,-1,0.05,2022-10-10 17:15:00,1677.0961579173697,2022-10-10 17:45:00,1668.510841931251,1681.5745790343747,1668.270841931251,target,2,42.92657993059379,-1.2,-0.0,0.0,42.92657993059379,68.30548163035053,1.9170407967039138,0.34696203015171784,2.5290515611324307,bounce_resistance
XAUUSD.a,15m,-1,0.06,2022-10-10 19:45:00,1667.961238964987,2022-10-11 03:45:00,1672.3914187603038,1672.10571090389,1659.9685781922199,stop,28,-26.581078771901502,-1.44,-0.274247138483351,1.8137999999999999,-24.767278771901502,-39.30752554698773,-0.9959965602781891,1.2109530741186385,0.23434564868690813,bounce_resistance
XAUUSD.a,15m,-1,0.07,2022-10-11 14:00:00,1666.947634021783,2022-10-11 14:45:00,1670.7916068211941,1670.472150851364,1660.2956982972719,stop,3,-26.907809595878238,-1.6800000000000002,-0.5561917888120284,0.0,-26.907809595878238,-42.740659501680916,-1.0906382307920957,1.0589723808073928,0.05607407521060294,bounce_resistance
XAUUSD.a,15m,1,0.05,2022-10-11 21:30:00,1678.6151397788533,2022-10-11 21:45:00,1674.1352845635488,1674.2331935412376,1686.4636129175246,stop,1,-22.399276076522483,-1.2,-0.48954488844345057,0.0,-22.399276076522483,-35.7444763049908,-1.022343719520867,2.82640158214088,0.0,bounce_support
XAUUSD.a,15m,-1,0.08,2022-10-12 06:15:00,1664.8799165433627,2022-10-12 07:00:00,1668.1725070986622,1667.8614434210572,1659.0371131578859,stop,3,-26.340724442396095,-1.92,-0.568509420840949,0.0,-26.340724442396095,-42.01340506953569,-1.1043303281725134,2.4517919027750033,0.44269818703878394,bounce_resistance
XAUUSD.a,15m,1,0.06,2022-10-12 13:30:00,1669.6888432511,2022-10-12 15:30:00,1665.7035964879294,1665.7869603922825,1676.6260792154353,stop,8,-23.911480579023646,-1.44,-0.5001834261180232,0.0,-23.911480579023646,-38.22289807702236,-1.0213650453817895,1.281136167325858,0.46417506994273067,bounce_support
XAUUSD.a,15m,1,0.07,2022-10-12 16:15:00,1668.2902923950105,2022-10-12 16:30:00,1671.6834873949579,1664.7324429442463,1671.6834873949579,target,1,23.752364999631485,-1.6800000000000002,-0.0,0.0,23.752364999631485,37.96005401718258,0.9537207931095768,0.30925771599866464,1.2057023953242194,bounce_support
XAUUSD.a,15m,1,0.05,2022-10-12 18:45:00,1668.8092309864187,2022-10-12 20:00:00,1670.811638655462,1664.0643281560529,1670.811638655462,target,5,10.012038345216752,-1.2,-0.0,0.0,10.012038345216752,15.96867259755774,0.42201236582308665,0.23166564747837148,0.4891078061133813,bounce_support
XAUUSD.a,15m,1,0.1,2022-10-13 02:45:00,1674.8007077431605,2022-10-13 04:30:00,1672.2577578990033,1672.3033916909794,1678.9232166180411,stop,7,-25.429498441571923,-2.4,-0.45633791976149757,0.0,-25.429498441571923,-40.46512490105807,-1.0182731344461828,1.2936719564746189,0.2519874311823522,bounce_support
XAUUSD.a,15m,-1,0.12,2022-10-13 10:30:00,1668.9306433671386,2022-10-13 10:45:00,1671.2438005959998,1670.9560110002285,1664.9379779995431,stop,1,-27.757886746334407,-2.88,-0.5734751492545938,0.0,-27.757886746334407,-44.21453766539408,-1.1420925223991307,1.7870121817537223,0.5286168049922509,bounce_resistance
XAUUSD.a,15m,1,0.09,2022-10-13 15:30:00,1674.6033499399985,2022-10-13 15:30:00,1671.9499104475544,1672.0599353575521,1678.9901292848954,stop,0,-23.8809554319962,-2.16,-0.9902241899784643,0.0,-23.8809554319962,-38.49097469818706,-1.0432587399463187,8.694355254788787,0.0,bounce_support
XAUUSD.a,15m,-1,0.03,2022-10-13 19:30:00,1666.8434931303661,2022-10-14 12:30:00,1652.6194880142402,1674.23525599288,1652.3794880142402,target,64,42.67201534837773,-0.72,-0.0,0.9068999999999999,43.57891534837773,69.30929980974892,1.9652017233661303,0.7679503489514483,2.2435098959230384,bounce_resistance
XAUUSD.a,15m,-1,0.06,2022-10-14 22:45:00,1642.1952107411985,2022-10-17 01:00:00,1646.7388397146444,1646.4276717745706,1640.5268181818183,stop,5,-27.261773840675687,-1.44,-0.42700764044285855,1.8137999999999999,-25.447973840675687,-40.94803263339451,-1.002095220724746,1.1375861988658178,0.08865072548573477,bounce_resistance
XAUUSD.a,15m,-1,0.09,2022-10-17 02:15:00,1646.1991110922609,2022-10-17 03:45:00,1649.200535362285,1648.9046793775854,1640.9706412448293,stop,6,-27.012818430218204,-2.16,-0.502703862298699,0.0,-27.012818430218204,-43.468103807637426,-1.1093507734787307,1.0684960063361841,0.11424996882815368,bounce_resistance
XAUUSD.a,15m,1,0.08,2022-10-17 10:00:00,1650.0198758579568,2022-10-17 10:45:00,1655.0693398869935,1647.1803300565032,1655.0693398869935,target,3,40.39571223229359,-1.92,-0.0,0.0,40.39571223229359,64.67038971614625,1.7782646881243542,0.09856360049325348,2.6201810649557316,bounce_support
XAUUSD.a,15m,-1,0.12,2022-10-18 01:15:00,1650.9233720487957,2022-10-18 04:00:00,1653.2778075139945,1652.9899666033048,1647.4665217391303,stop,11,-28.253225582385312,-2.88,-0.574090928275628,0.0,-28.253225582385312,-44.89128109440443,-1.1392827200002569,1.275832235912672,0.6161692655278247,bounce_resistance
XAUUSD.a,15m,1,0.07,2022-10-18 12:15:00,1651.2417183666723,2022-10-18 15:30:00,1657.0979114907152,1647.8160442546425,1657.0979114907152,target,13,40.99335186830013,-1.6800000000000002,-0.0,0.0,40.99335186830013,64.71442397710969,1.7095009427423067,0.34204023160221664,1.7918463439859056,bounce_support
XAUUSD.a,15m,-1,0.08,2022-10-18 15:45:00,1656.0434733138636,2022-10-18 17:15:00,1650.8563007159905,1658.9784821752462,1650.6163007159905,target,6,41.49738078298469,-1.92,-0.0,0.0,41.49738078298469,65.86154043675256,1.767344782539969,0.4281168287663813,2.3316704095536656,bounce_resistance
XAUUSD.a,15m,-1,0.09,2022-10-18 21:30:00,1651.6728633671498,2022-10-19 07:30:00,1646.5016683190502,1654.449165840475,1646.2616683190502,target,36,46.54075543289696,-2.16,-0.0,8.162099999999999,54.70285543289695,86.6813326882439,2.1892769633346285,0.9786889789411168,2.1117523841442356,bounce_resistance
XAUUSD.a,15m,-1,0.07,2022-10-19 17:30:00,1637.056871507516,2022-10-19 18:45:00,1630.7777008094354,1640.4411495952825,1630.5377008094354,target,5,43.954194886564444,-1.6800000000000002,-0.0,0.0,43.954194886564444,70.09455864028648,1.8553944254104515,0.2018535341269339,1.9551796087427682,bounce_resistance
XAUUSD.a,15m,-1,0.09,2022-10-19 22:30:00,1628.9522440541868,2022-10-20 02:30:00,1627.3615725806453,1631.7474675950696,1627.1215725806453,target,12,14.316043261873801,-2.16,-0.0,2.7207,17.036743261873802,27.20047140829869,0.6772164894345958,0.4714313279563296,0.8951856685482151,bounce_resistance
XAUUSD.a,15m,-1,0.15,2022-10-20 03:30:00,1628.822851298982,2022-10-20 04:00:00,1625.743216813458,1630.5233915932708,1625.503216813458,target,2,46.19451728285867,-3.5999999999999996,-0.0,0.0,46.19451728285867,74.03679405529164,1.8109741332602307,0.21590120637019422,2.0657265874731787,bounce_resistance
XAUUSD.a,15m,-1,0.1,2022-10-21 02:15:00,1625.6573645274475,2022-10-21 04:15:00,1628.5223331116792,1628.2337402992516,1620.632519401497,stop,8,-28.649685842317467,-2.4,-0.48592812427571325,0.0,-28.649685842317467,-45.72317758393442,-1.1120150311868267,1.0101924963880484,0.18528528822220572,bounce_resistance
XAUUSD.a,15m,-1,0.11,2022-10-21 04:30:00,1626.3473901637353,2022-10-21 06:30:00,1622.173854967674,1628.6030725161631,1621.933854967674,target,8,45.90888715667393,-2.6399999999999997,-0.0,0.0,45.90888715667393,73.26899543023066,1.8502317897594278,0.6040787767826088,2.317431866286114,bounce_resistance
XAUUSD.a,15m,-1,0.09,2022-10-21 12:30:00,1624.5018899026109,2022-10-21 14:15:00,1627.5966078300978,1627.2866177007777,1619.0767645984445,stop,7,-27.852461347382587,-2.16,-0.6299111638805469,0.0,-27.852461347382587,-44.66541798547514,-1.1113179282815995,1.2849047938346096,0.535739939678471,bounce_resistance
XAUUSD.a,15m,-1,0.08,2022-10-21 14:30:00,1626.6910013485162,2022-10-21 15:15:00,1620.5896923132423,1629.905153843379,1620.3496923132423,target,3,48.81047228219177,-1.92,-0.0,0.0,48.81047228219177,78.18933182038215,1.8982637087151188,0.117915578706819,2.3057404277991185,bounce_resistance
XAUUSD.a,15m,1,0.05,2022-10-21 22:45:00,1654.7722277625603,2022-10-24 02:30:00,1664.069470319988,1649.670264840006,1664.069470319988,target,11,46.48621278713904,-1.2,-0.0,-4.146,42.34021278713904,66.48171964001921,1.6597616811351195,0.1376387428172049,2.1379559990958796,bounce_support
XAUUSD.a,15m,1,0.06,2022-10-24 04:00:00,1657.272539896568,2022-10-24 05:00:00,1652.879533458184,1652.9746900278117,1664.9006199443768,stop,4,-26.358038630305145,-1.44,-0.5709394177665706,0.0,-26.358038630305145,-41.555840685982766,-1.022140505725784,1.1127750020621148,0.0,bounce_support
XAUUSD.a,15m,1,0.06,2022-10-24 05:45:00,1654.8477452826705,2022-10-24 10:15:00,1650.423234793509,1650.4997295345204,1662.830540930959,stop,18,-26.54706293496929,-1.44,-0.45896844606894555,0.0,-26.54706293496929,-42.08475417718657,-1.0175930229884624,1.1678304718263415,0.8721805386613367,bounce_support
XAUUSD.a,15m,-1,0.07,2022-10-24 13:00:00,1649.3466006882948,2022-10-24 16:45:00,1653.1638261985556,1652.8280919268975,1642.3038161462048,stop,15,-26.720578571826085,-1.6800000000000002,-0.670139901606193,0.0,-26.720578571826085,-42.33901946067419,-1.0964340418081457,1.4888445658664053,1.3231688298441722,bounce_resistance
XAUUSD.a,15m,-1,0.06,2022-10-24 17:15:00,1649.6498078506456,2022-10-25 03:30:00,1654.1696033742824,1653.8865910451855,1641.3868179096291,stop,37,-27.118773141820384,-1.44,-0.2580739745808286,1.8137999999999999,-25.304973141820383,-39.94029569237872,-0.9954475671712525,1.0480102345280715,1.3382341248786542,bounce_resistance
XAUUSD.a,15m,1,0.12,2022-10-25 04:30:00,1650.2531065134551,2022-10-25 05:30:00,1648.059903604857,1648.1081357788519,1653.6842156862745,stop,4,-26.31843490317715,-2.88,-0.5787860879376957,0.0,-26.31843490317715,-41.62267701471928,-1.0224861687932394,1.4187170315952888,0.35753097894210206,bounce_support
XAUUSD.a,15m,-1,0.08,2022-10-25 16:30:00,1652.9906173105735,2022-10-25 16:30:00,1656.6219516976494,1656.2928776635094,1646.564244672981,stop,0,-29.050675096606938,-1.92,-0.7125922731187571,0.0,-29.050675096606938,-45.43640630090079,-1.0996511476895972,1.3140643758050172,0.13342900422185158,bounce_resistance
XAUUSD.a,15m,1,0.1,2022-10-25 22:00:00,1654.114355097781,2022-10-26 01:00:00,1651.4123049118332,1651.4621614015318,1658.655677196936,stop,8,-27.020501859478827,-2.4,-0.49856489698670897,-24.875999999999998,-51.896501859478825,-81.33610510066426,-1.956738753013076,1.0008149485970237,0.14540600966072384,bounce_support
XAUUSD.a,15m,1,0.06,2022-10-26 20:00:00,1666.9160716900958,2022-10-27 05:30:00,1662.3859156387614,1662.4376782256109,1672.8556113537118,stop,34,-27.180936308006494,-1.44,-0.3105755210966822,-4.9752,-32.156136308006495,-49.570119173742086,-1.1967139765265757,1.0374416019808468,0.8717251712837409,bounce_support
XAUUSD.a,15m,-1,0.06,2022-10-27 16:15:00,1661.4098014334502,2022-10-27 16:30:00,1660.5075539568345,1665.243057429603,1660.2675539568345,target,1,5.413484859694108,-1.44,-0.0,0.0,5.413484859694108,8.367314074150837,0.23537365558711207,0.6939788444131246,0.4930016245580553,bounce_resistance
XAUUSD.a,15m,-1,0.07,2022-10-27 17:15:00,1663.9317140967507,2022-10-27 19:30:00,1657.2688811765563,1667.5155594117218,1657.0288811765563,target,9,46.639830441361035,-1.6800000000000002,-0.0,0.0,46.639830441361035,72.07403755367872,1.8591296037139895,0.518517329831859,1.973219677537308,bounce_resistance
XAUUSD.a,15m,1,0.13,2022-10-28 08:15:00,1664.2209429473412,2022-10-28 08:30:00,1662.1048059659406,1662.1563479283088,1666.3378671328671,stop,1,-27.509780758207626,-3.12,-0.6700455107863376,0.0,-27.509780758207626,-42.67066970406022,-1.0249646840630158,2.1025638962238706,0.06735318615845202,bounce_support
XAUUSD.a,15m,1,0.09,2022-10-28 08:45:00,1660.4540640719422,2022-10-28 09:45:00,1657.6825093367065,1657.7378469964865,1664.8843060070267,stop,4,-24.943992617121012,-2.16,-0.498038938020834,0.0,-24.943992617121012,-38.7593893609314,-1.0203730623299672,1.5330380290918513,0.3813892260006613,bounce_support
XAUUSD.a,15m,-1,0.12,2022-10-31 06:45:00,1642.729829768818,2022-10-31 07:00:00,1645.189432909465,1644.9058243731758,1641.016693877551,stop,1,-29.515237687764056,-2.88,-0.5233024354696898,0.0,-29.515237687764056,-45.97675507471502,-1.1303351284608967,1.0340881483233562,0.013708567456119007,bounce_resistance
XAUUSD.a,15m,-1,0.12,2022-11-01 01:00:00,1632.9906841518723,2022-11-01 04:00:00,1635.423107703223,1635.14431489918,1630.3913702016398,stop,12,-29.189082616207997,-2.88,-0.46551364851496824,0.0,-29.189082616207997,-45.46940200359529,-1.1294524627267108,1.0444296687998207,1.0497083377447114,bounce_resistance
XAUUSD.a,15m,1,0.07,2022-11-01 16:30:00,1652.9478521818528,2022-11-01 17:00:00,1649.299749493893,1649.384782800524,1659.2404343989524,stop,2,-25.536718815719045,-1.6800000000000002,-0.5952331464164491,0.0,-25.536718815719045,-39.97983344665912,-1.023865184067581,3.0361048366164693,0.3289713706641126,bounce_support
XAUUSD.a,15m,1,0.06,2022-11-01 17:45:00,1645.9801098577911,2022-11-02 06:15:00,1652.9361347559832,1642.0219326220085,1652.9361347559832,target,46,41.73614938915216,-1.44,-0.0,-14.9256,26.81054938915216,41.764883617085964,1.128909756186935,0.8261655966864616,1.8543611629754468,bounce_support
XAUUSD.a,15m,1,0.07,2022-11-02 17:15:00,1651.3458320808913,2022-11-02 18:00:00,1647.8986322325688,1647.9662177728667,1657.5475644542669,stop,3,-24.13039893825749,-1.6800000000000002,-0.4730987820855739,0.0,-24.13039893825749,-37.64023045213934,-1.0199980039548786,1.2858958700028191,0.1403023765116382,bounce_support
XAUUSD.a,15m,1,0.07,2022-11-02 18:15:00,1647.6435100963747,2022-11-02 21:00:00,1653.6007617881844,1644.314619105908,1653.6007617881844,target,11,41.70076184266782,-1.6800000000000002,-0.0,0.0,41.70076184266782,64.99393999885885,1.7895604598858736,0.589839109180117,5.382119737454341,bounce_support
XAUUSD.a,15m,-1,0.11,2022-11-03 08:30:00,1638.1971696182438,2022-11-03 09:00:00,1636.3472058823531,1640.4953606370723,1636.1072058823531,target,2,20.349601094797663,-2.6399999999999997,-0.0,0.0,20.349601094797663,32.06681546611671,0.8049651751027013,0.022987811423568184,1.7044578044869059,bounce_resistance
XAUUSD.a,15m,-1,0.06,2022-11-03 15:00:00,1619.452025828074,2022-11-03 15:00:00,1624.0343397462093,1623.7073784883203,1611.9252430233594,stop,0,-27.49388350881145,-1.44,-0.5217675473334966,0.0,-27.49388350881145,-43.79820229523601,-1.0768352905138787,1.3319634409802084,0.1720247148756112,bounce_resistance
XAUUSD.a,15m,-1,0.05,2022-11-03 17:15:00,1623.6662998871795,2022-11-03 17:45:00,1628.7092912722592,1628.3532332181776,1614.5135335636448,stop,2,-25.214956925398155,-1.2,-0.5802902704081507,0.0,-25.214956925398155,-39.91287206236352,-1.0759682352908073,1.6969945060273914,0.23390558596790695,bounce_resistance
XAUUSD.a,15m,-1,0.06,2022-11-03 20:00:00,1627.0982140836034,2022-11-03 21:30:00,1631.415331842893,1631.0970194299096,1619.1659611401806,stop,6,-25.90270655573795,-1.44,-0.46987447790050557,0.0,-25.90270655573795,-41.127810856826585,-1.0796018774150868,1.2033058625475486,0.022060109448649962,bounce_resistance
XAUUSD.a,15m,1,0.12,2022-11-04 04:30:00,1630.0287126682517,2022-11-04 04:45:00,1633.349415734004,1627.965292132998,1633.349415734004,target,1,39.84843678902689,-2.88,-0.0,0.0,39.84843678902689,63.21335827441684,1.609319578349507,0.33861864623048565,1.9100746863816893,bounce_support
XAUUSD.a,15m,1,0.09,2022-11-04 10:45:00,1646.1523018137855,2022-11-04 12:15:00,1650.7100648605228,1643.4499675697384,1650.7100648605228,target,6,41.019867420636274,-2.16,-0.0,0.0,41.019867420636274,64.55145472671178,1.6866022612774938,0.8112622702446364,2.3119635181982465,bounce_support
XAUUSD.a,15m,1,0.08,2022-11-04 13:00:00,1646.2282803443507,2022-11-04 13:45:00,1651.4189976710318,1643.2005011644842,1651.4189976710318,target,3,41.52573861344899,-1.92,-0.0,0.0,41.52573861344899,65.16090041025765,1.7143645617214616,0.3131933631938453,1.8996496487907857,bounce_support
XAUUSD.a,15m,1,0.06,2022-11-07 03:15:00,1673.0225347183639,2022-11-07 09:15:00,1668.8875471753497,1668.9486749044718,1680.2926501910565,stop,24,-24.80992525808506,-1.44,-0.366766374732303,0.0,-24.80992525808506,-38.70442779065078,-1.0150048680893764,1.5053376891986965,0.563952955327906,bounce_support
XAUUSD.a,15m,1,0.06,2022-11-07 19:15:00,1676.9578169426966,2022-11-08 02:00:00,1673.0775114757223,1673.1175833585216,1683.9248332829568,stop,23,-23.281832801845667,-1.44,-0.24043129679548336,-4.9752,-28.257032801845668,-43.57828691564984,-1.2263591168989005,1.1738392584431878,0.2635733048829398,bounce_support
XAUUSD.a,15m,-1,0.13,2022-11-08 02:45:00,1675.593406942053,2022-11-08 06:15:00,1671.7786230635804,1677.6006884682097,1671.5386230635804,target,14,49.5921904201432,-3.12,-0.0,0.0,49.5921904201432,76.72415245160387,1.9004727681505817,0.5512894148265465,2.2385534283556607,bounce_resistance
XAUUSD.a,15m,-1,0.12,2022-11-08 09:30:00,1670.8569131439447,2022-11-08 10:45:00,1666.7164001171093,1673.0667999414452,1666.4764001171093,target,5,49.686156322024544,-2.88,-0.0,0.0,49.686156322024544,76.90879252372075,1.8736312789951335,0.11452480567850117,2.0575321546277663,bounce_resistance
XAUUSD.a,15m,-1,0.12,2022-11-08 11:30:00,1668.9996695942316,2022-11-08 11:30:00,1671.5389221399892,1671.2384265313367,1664.7331469373264,stop,0,-30.471030549090756,-2.88,-0.7259473038294546,0.0,-30.471030549090756,-47.01956723877904,-1.134224311568642,1.1302390017561714,0.12045505689433042,bounce_resistance
XAUUSD.a,15m,-1,0.1,2022-11-08 11:45:00,1671.1604931946438,2022-11-08 15:15:00,1674.021701002026,1673.7253664422612,1665.8792671154772,stop,14,-28.61207807382243,-2.4,-0.5633455976482523,0.0,-28.61207807382243,-44.20014223629746,-1.1155357521234395,1.5749342814927,0.5382305717938128,bounce_resistance
XAUUSD.a,15m,1,0.04,2022-11-08 21:00:00,1713.2474002698248,2022-11-09 03:15:00,1707.7951660447632,1707.8549593810912,1723.0200812378177,stop,21,-21.808936900246408,-0.96,-0.23917334531246992,-9.9504,-31.75933690024641,-48.9659835033093,-1.4724007900856884,1.101059871092865,0.09691339060704196,bounce_support
XAUUSD.a,15m,1,0.1,2022-11-09 04:45:00,1707.9775331032909,2022-11-09 05:00:00,1711.872135425861,1705.5389322870697,1711.872135425861,target,1,38.94602322570108,-2.4,-0.0,0.0,38.94602322570108,59.89484378952553,1.5970643069844865,0.27373611082657723,1.8627349201613237,bounce_support
XAUUSD.a,15m,1,0.08,2022-11-09 06:00:00,1709.617682722824,2022-11-09 09:00:00,1711.821113585746,1706.4903708689155,1711.821113585746,target,12,17.62744690337604,-1.92,-0.0,0.0,17.62744690337604,27.124573996916368,0.7045766350958063,0.6867504179795212,0.9984029169569152,bounce_support
XAUUSD.a,15m,-1,0.1,2022-11-10 01:30:00,1704.8977415533147,2022-11-10 03:00:00,1707.8209007451926,1707.523916359982,1699.6821672800363,stop,6,-29.231591918778577,-2.4,-0.5698438521052279,0.0,-29.231591918778577,-45.490268940971035,-1.1130862973998012,1.3716750452178552,0.0,bounce_resistance
XAUUSD.a,15m,-1,0.11,2022-11-10 05:15:00,1709.8213824653183,2022-11-10 07:45:00,1712.3524694827665,1712.0626777586529,1705.454644482694,stop,10,-27.841957191930987,-2.6399999999999997,-0.5477089652509803,0.0,-27.841957191930987,-43.37564216353678,-1.1292965389145726,1.052345731370657,0.9286516022712858,bounce_resistance
XAUUSD.a,15m,1,0.13,2022-11-10 08:30:00,1709.5054026525456,2022-11-10 09:15:00,1707.4794896623068,1707.5379706540941,1712.0839316239317,stop,3,-26.336868873104322,-3.12,-0.7602528932339837,0.0,-26.336868873104322,-41.14492871911314,-1.0297245301658813,2.0561842318970043,0.9528143025679735,bounce_support
XAUUSD.a,15m,-1,0.12,2022-11-10 15:00:00,1709.2908274967729,2022-11-10 15:15:00,1711.7034734304254,1711.4018188723592,1706.5973362445416,stop,1,-28.95175120383101,-2.88,-0.7398546967943835,0.0,-28.95175120383101,-44.33992067360595,-1.142897105859797,1.6339112244213547,0.1898764255545273,bounce_resistance
XAUUSD.a,15m,1,0.04,2022-11-10 19:30:00,1749.8804291929503,2022-11-11 07:30:00,1760.91775924081,1743.9861203795951,1760.91775924081,target,44,44.149320191439074,-0.96,-0.0,-3.3168,40.83252019143907,61.428150486579426,1.7318621014105267,0.6091348971766176,2.230892751539569,bounce_support
XAUUSD.a,15m,1,0.05,2022-11-11 18:30:00,1760.508355916809,2022-11-11 23:30:00,1770.2317076832635,1755.2141461583683,1770.2317076832635,target,20,48.61675883227235,-1.2,-0.0,0.0,48.61675883227235,72.49091765167499,1.836601156754739,0.1659087865584704,2.2782709098294878,bounce_support
XAUUSD.a,15m,1,0.07,2022-11-14 02:15:00,1762.8007880325813,2022-11-14 07:30:00,1759.1708123869782,1759.2326979406373,1769.2746041187252,stop,21,-25.40982951922138,-1.6800000000000002,-0.4331988756129541,0.0,-25.40982951922138,-38.12198745644879,-1.0173441679061839,1.1380845012152887,0.9778934605089126,bounce_support
XAUUSD.a,15m,1,0.05,2022-11-14 19:15:00,1770.5493090343514,2022-11-15 09:30:00,1778.8458447250314,1765.8020776374844,1778.8458447250314,target,53,41.48267845340001,-1.2,-0.0,-4.146,37.33667845340001,55.2187033444747,1.5729875092265928,0.7392327740053878,2.1298079070511546,bounce_support
XAUUSD.a,15m,1,0.06,2022-11-15 11:30:00,1775.540793466747,2022-11-15 15:30:00,1782.8379429839054,1771.5310285080473,1782.8379429839054,target,16,43.782897102950756,-1.44,-0.0,0.0,43.782897102950756,64.81170190210906,1.8198447022004312,0.6461210303925243,2.7256476740715185,bounce_support
XAUUSD.a,15m,1,0.06,2022-11-15 16:15:00,1776.3345479903307,2022-11-15 16:30:00,1772.066491784735,1772.17058362841,1778.2888181818182,stop,1,-25.608337233574275,-1.44,-0.6245510620502701,0.0,-25.608337233574275,-38.07365036213838,-1.0249982551788543,1.5212781473971921,0.31111025385236313,bounce_support
XAUUSD.a,15m,-1,0.05,2022-11-15 20:45:00,1778.4331986877746,2022-11-16 11:45:00,1783.7049225794776,1783.3963468820673,1768.7673062358654,stop,56,-26.358619458515022,-1.2,-0.3428784870518047,4.5345,-21.82411945851502,-32.18327059888371,-0.8794466175163368,1.0309588011313777,1.6387176786555289,bounce_resistance
XAUUSD.a,15m,1,0.07,2022-11-16 18:45:00,1774.174977412942,2022-11-17 03:45:00,1770.3094273113745,1770.3564025242756,1780.927194951449,stop,32,-27.05885071097305,-1.6800000000000002,-0.32882649030732414,-5.804400000000001,-32.86325071097305,-48.84477149711367,-1.229450839238893,1.2949798176326848,0.6507722539195231,bounce_support
XAUUSD.a,15m,-1,0.07,2022-11-17 20:30:00,1760.6116758758726,2022-11-18 03:00:00,1764.4319738365034,1764.148429968616,1753.5931400627683,stop,22,-26.742085724415578,-1.6800000000000002,-0.30480707521101036,2.1161000000000003,-24.625985724415578,-36.756299776733,-0.994696794964878,1.0626478475951924,0.3765248702489426,bounce_resistance
XAUUSD.a,15m,1,0.13,2022-11-18 05:30:00,1762.3996274142455,2022-11-18 05:45:00,1764.3103533568903,1760.3040611990625,1764.3103533568903,target,1,24.8394372543828,-3.12,-0.0,0.0,24.8394372543828,36.99317495365741,0.9117945922209736,0.5008800994407832,1.5701592065737722,bounce_support
XAUUSD.a,15m,1,0.14,2022-11-18 07:15:00,1762.0179013513416,2022-11-18 09:00:00,1765.0479961261399,1760.10100193693,1765.0479961261399,target,7,42.42132684717581,-3.3600000000000003,-0.0,0.0,42.42132684717581,63.19374167226655,1.580727059551248,0.46319663132354155,2.2182168853985975,bounce_support
XAUUSD.a,15m,1,0.12,2022-11-18 13:45:00,1761.039818135673,2022-11-18 15:00:00,1758.680984351136,1758.744072061377,1764.911855877246,stop,5,-28.30600541444346,-2.88,-0.7570525228911119,0.0,-28.30600541444346,-42.267325799165974,-1.0274802648896413,1.2631266881561096,0.6926645251107963,bounce_support
XAUUSD.a,15m,-1,0.1,2022-11-18 20:30:00,1752.6329647103887,2022-11-21 03:15:00,1747.5254303495494,1755.3772848252254,1747.2854303495494,target,23,51.075343608392814,-2.4,-0.0,3.023,54.09834360839282,81.3154317792133,1.9712840100511477,0.11916805471900756,2.843314330643654,bounce_resistance
XAUUSD.a,15m,-1,0.14,2022-11-21 07:00:00,1746.0097861270972,2022-11-21 09:30:00,1744.3251914893617,1747.9491604640011,1744.0851914893617,target,10,23.584324928296613,-3.3600000000000003,-0.0,0.0,23.584324928296613,35.54104241884417,0.868627889768201,0.5724598143724411,1.943815618966759,bounce_resistance
XAUUSD.a,15m,-1,0.09,2022-11-21 16:30:00,1744.9512775762976,2022-11-21 17:00:00,1739.162112028772,1747.8139439856138,1738.922112028772,target,2,52.10248992772949,-2.16,-0.0,0.0,52.10248992772949,79.04976396615056,2.022298346983511,0.26154721390722735,3.1024493623827087,bounce_resistance
XAUUSD.a,15m,-1,0.16,2022-11-22 02:00:00,1738.448642760346,2022-11-22 02:00:00,1740.4026985176247,1740.1156626581435,1735.208674683713,stop,0,-31.264892116458213,-3.84,-0.7525737516972475,0.0,-31.264892116458213,-47.26363131739715,-1.1721850230224848,1.092582783241165,0.28112607471885875,bounce_resistance
XAUUSD.a,15m,1,0.12,2022-11-22 06:30:00,1745.0074771769448,2022-11-22 07:30:00,1742.8169374982995,1742.8589212414295,1748.502157517141,stop,4,-26.28647614374404,-2.88,-0.503804917560644,0.0,-26.28647614374404,-39.77315541260389,-1.0195404468815628,1.5533582913885062,0.33162870525142957,bounce_support
XAUUSD.a,15m,1,0.12,2022-11-22 07:45:00,1742.1588613647948,2022-11-22 10:15:00,1745.8082353576067,1739.9308823211968,1745.8082353576067,target,10,43.79248791374266,-2.88,-0.0,0.0,43.79248791374266,66.07294605190583,1.63797500847156,0.8343262339635583,1.8586973010830317,bounce_support
XAUUSD.a,15m,-1,0.14,2022-11-22 22:15:00,1737.6682245334382,2022-11-22 22:30:00,1739.9178822818799,1739.6305593105972,1737.224798301486,stop,1,-31.49520847818349,-3.3600000000000003,-0.6625215979567117,0.0,-31.49520847818349,-47.39114700740843,-1.1464189365785495,1.259609468951316,0.050054931799393486,bounce_resistance
XAUUSD.a,15m,-1,0.12,2022-11-22 22:45:00,1739.4479762558726,2022-11-23 02:00:00,1741.8930634378914,1741.6156876952364,1735.0286246095275,stop,9,-29.34104618422589,-2.88,-0.44850891185947483,10.8828,-18.45824618422589,-27.79061139768122,-0.7095903790913685,1.5417290712403402,0.2804691827668476,bounce_resistance
XAUUSD.a,15m,-1,0.12,2022-11-23 10:00:00,1744.2151885186,2022-11-23 10:45:00,1739.8750090406995,1746.5274954796503,1739.6350090406995,target,3,52.082153734804706,-2.88,-0.0,0.0,52.082153734804706,78.28959599369365,1.8769910530948226,0.2269644516235422,2.095391572232747,bounce_resistance
XAUUSD.a,15m,-1,0.12,2022-11-23 14:00:00,1739.4325431571267,2022-11-23 15:15:00,1735.2536766943451,1741.6531616528275,1735.0136766943451,target,5,50.14639755337885,-2.88,-0.0,0.0,50.14639755337885,75.32203429671179,1.8818479945438515,0.10242950030081396,2.4554164381153103,bounce_resistance
XAUUSD.a,15m,-1,0.07,2022-11-23 16:15:00,1738.2198292507653,2022-11-23 16:45:00,1742.6237474602085,1742.278447026887,1734.5449688149688,stop,2,-30.82742746610234,-1.6800000000000002,-0.7371030332498546,0.0,-30.82742746610234,-46.03719641901726,-1.085078332666098,2.318565400417365,0.6085395045811323,bounce_resistance
XAUUSD.a,15m,1,0.11,2022-11-24 03:00:00,1753.7269135764109,2022-11-24 11:15:00,1758.0713811033422,1751.139309448329,1758.0713811033422,target,33,47.78914279624473,-2.6399999999999997,-0.0,0.0,47.78914279624473,70.87748282720761,1.678953700754723,0.543712835028528,1.7286594866058091,bounce_support
XAUUSD.a,15m,1,0.12,2022-11-24 17:00:00,1756.3582331826608,2022-11-24 20:45:00,1754.0428066586737,1754.073597856723,1758.9279365079365,stop,15,-27.785118287844853,-2.88,-0.36949437659109546,0.0,-27.785118287844853,-41.086443509663226,-1.0134775111369516,1.1022473276460933,0.9418425745718818,bounce_support
XAUUSD.a,15m,1,0.15,2022-11-25 07:15:00,1758.5843299726641,2022-11-25 07:45:00,1756.6968555644373,1756.7355950954086,1761.0302641509434,stop,2,-28.31211612340212,-3.5999999999999996,-0.5810929645698494,0.0,-28.31211612340212,-41.855823487481324,-1.020954616828985,1.5763915142826808,0.04093070794892906,bounce_support
XAUUSD.a,15m,1,0.15,2022-11-25 09:45:00,1753.7717226054763,2022-11-25 09:45:00,1751.883286785915,1751.9308706941297,1756.6082586117407,stop,0,-28.32653729341814,-3.5999999999999996,-0.7137586232182267,0.0,-28.32653729341814,-41.93666137657026,-1.0258488517850475,1.2123314166231838,0.031657839592879926,bounce_support
XAUUSD.a,15m,-1,0.09,2022-11-25 19:15:00,1753.9395823203702,2022-11-28 03:30:00,1748.1090080144843,1756.975495992758,1747.8690080144843,target,16,52.47516875297288,-2.16,-0.0,2.7207,55.19586875297288,82.72886097359505,2.020108266471986,0.7807921882592344,2.453818890874779,bounce_resistance
XAUUSD.a,15m,-1,0.16,2022-11-28 06:45:00,1750.809072135938,2022-11-28 06:45:00,1751.0216666666668,1752.5040217400847,1750.7816666666668,target,0,-3.40151249165865,-3.84,-0.0,0.0,-3.40151249165865,-5.082877559598108,-0.12542823114537838,0.5256367870067359,0.17054910377920182,bounce_resistance
XAUUSD.a,15m,1,0.08,2022-11-28 16:30:00,1750.4366259770443,2022-11-28 16:30:00,1746.9142806717293,1746.9992196372955,1756.4215607254093,stop,0,-28.178762442519655,-1.92,-0.6795117245287743,0.0,-28.178762442519655,-42.101841390287845,-1.024710190524743,1.5786978438635386,0.3733553429850036,bounce_support
XAUUSD.a,15m,-1,0.11,2022-11-28 23:30:00,1741.14557337354,2022-11-29 03:30:00,1743.922131149038,1743.635292924127,1736.329414151746,stop,12,-30.542135530478845,-2.6399999999999997,-0.5152204740199438,3.3253,-27.216835530478846,-40.82872373723593,-0.9937897523095025,1.7288801164151517,0.6689803167377514,bounce_resistance
XAUUSD.a,15m,-1,0.12,2022-11-29 05:15:00,1746.8551597793596,2022-11-29 05:15:00,1749.3159856769196,1749.0237253459588,1742.562549308082,stop,0,-29.529910770719653,-2.88,-0.6271239715289405,0.0,-29.529910770719653,-44.05213887090081,-1.1347712679119362,1.4640277746451487,0.01621338081781492,bounce_resistance
XAUUSD.a,15m,1,0.11,2022-11-29 11:15:00,1755.4587053741725,2022-11-29 11:45:00,1752.8730609382633,1752.933333450267,1759.6733330994664,stop,2,-28.442088795001382,-2.6399999999999997,-0.662997632040365,0.0,-28.442088795001382,-42.33587686434072,-1.0238667862872282,1.2943461290712572,0.3529359843555194,bounce_support
XAUUSD.a,15m,1,0.08,2022-11-29 15:30:00,1752.7823567264752,2022-11-29 16:15:00,1749.3624863062562,1749.4323000060006,1758.545399987999,stop,3,-27.358963361752103,-1.92,-0.5585095979552525,0.0,-27.358963361752103,-40.76916470972045,-1.0208395575267994,1.4066498330236066,0.1963081011451289,bounce_support
XAUUSD.a,15m,-1,0.09,2022-11-29 21:00:00,1751.3447703814154,2022-11-30 05:00:00,1754.6675522952582,1754.382743361716,1745.4045132765684,stop,28,-29.905037224585612,-2.16,-0.4032804018799493,8.162099999999999,-21.742937224585614,-32.471531100038256,-0.7952282424855043,1.0649303465050814,1.1832792472893492,bounce_resistance
XAUUSD.a,15m,1,0.07,2022-11-30 16:00:00,1755.4240271499482,2022-11-30 16:30:00,1761.925018169585,1751.7024909152074,1761.925018169585,target,2,45.506937137457506,-1.6800000000000002,-0.0,0.0,45.506937137457506,67.76201607793305,1.746856838030902,0.2482918589700468,2.092139471159571,bounce_support
XAUUSD.a,15m,-1,0.04,2022-11-30 21:30:00,1761.9149636585303,2022-11-30 21:45:00,1768.0355638395802,1767.6683775068188,1750.7532449863622,stop,1,-24.48240072419958,-0.96,-0.5087453310456095,0.0,-24.48240072419958,-36.06027237594388,-1.0638206015495557,1.208853825722703,0.2998156753565236,bounce_resistance
XAUUSD.a,15m,1,0.07,2022-12-01 05:00:00,1773.7386972748152,2022-12-01 07:30:00,1780.788753630605,1769.7806231846976,1780.788753630605,target,10,49.35039449052875,-1.6800000000000002,-0.0,0.0,49.35039449052875,72.30827031579304,1.781183523924458,0.14873326304955745,2.2413180054749935,bounce_support
XAUUSD.a,15m,1,0.11,2022-12-01 08:15:00,1781.2493135512627,2022-12-01 09:30:00,1778.674098871822,1778.739416836776,1785.4311663264482,stop,5,-28.32736147384776,-2.6399999999999997,-0.7184976144938808,0.0,-28.32736147384776,-41.62421787355486,-1.0260241644912769,1.29858473157497,0.9883619650239389,bounce_support
XAUUSD.a,15m,1,0.1,2022-12-01 13:00:00,1776.9934310705862,2022-12-01 13:15:00,1779.8409491525424,1774.2105961992088,1779.8409491525424,target,1,28.475180819561956,-2.4,-0.0,0.0,28.475180819561956,41.87896111357172,1.0232436395145363,0.17731237870466188,1.1450801347176587,bounce_support
XAUUSD.a,15m,1,0.06,2022-12-01 20:15:00,1801.0566178520776,2022-12-02 04:30:00,1796.6216543961023,1796.6677586181775,1808.914482763645,stop,29,-26.609780735851928,-1.44,-0.27662533245052456,-4.9752,-31.58498073585193,-46.420512243870505,-1.1994377525973576,1.2501239068453807,0.7572314286710982,bounce_support
XAUUSD.a,15m,1,0.14,2022-12-02 13:00:00,1800.4941745278811,2022-12-02 13:00:00,1798.4532552521994,1798.5045170440212,1803.6509659119577,stop,0,-28.57286985954443,-3.3600000000000003,-0.7176650855049284,0.0,-28.57286985954443,-41.89816097651538,-1.0257641288702601,1.0223742249016723,0.0,bounce_support
XAUUSD.a,15m,1,0.13,2022-12-02 13:15:00,1800.113719204461,2022-12-02 13:45:00,1798.0020362675177,1798.051095034512,1803.5678099309764,stop,2,-27.45187818026193,-3.12,-0.6377639709263386,0.0,-27.45187818026193,-40.25438175297954,-1.0237846369246388,1.0587092094993125,0.14849083997047122,bounce_support
XAUUSD.a,15m,1,0.08,2022-12-02 23:00:00,1797.7328519532145,2022-12-05 01:00:00,1794.2600267525359,1794.3218651129491,1803.8862697741017,stop,4,-27.78260160542959,-1.92,-0.4947068833057715,-6.6336,-34.41620160542959,-50.51993659419528,-1.2612259742239114,1.0005467957035696,0.3128561019902282,bounce_support
XAUUSD.a,15m,1,0.11,2022-12-05 07:45:00,1808.3309884560126,2022-12-05 08:00:00,1805.8612958134786,1805.9085297343534,1809.9728125,stop,1,-27.166619067874308,-2.6399999999999997,-0.5195731296212751,0.0,-27.166619067874308,-39.78941219150845,-1.0194983387962155,1.0117771808031886,0.0,bounce_support
XAUUSD.a,15m,1,0.08,2022-12-05 10:15:00,1799.1122542048283,2022-12-05 11:00:00,1795.6706248465482,1795.7322590418878,1804.9954819162242,stop,3,-27.533034866240996,-1.92,-0.4930735627164768,0.0,-27.533034866240996,-40.39708149868096,-1.0182349951311684,1.0036269406602074,0.05850475685284064,bounce_support
XAUUSD.a,15m,-1,0.1,2022-12-05 13:15:00,1796.0994827778864,2022-12-05 16:15:00,1790.9551709518591,1798.8524145240706,1790.7151709518591,target,12,51.44311826027206,-2.4,-0.0,0.0,51.44311826027206,75.99586104749758,1.8686666798614262,0.8574557743342306,2.4190511759388285,bounce_resistance
XAUUSD.a,15m,-1,0.06,2022-12-05 19:00:00,1773.2462234782317,2022-12-06 13:45:00,1778.0647051815786,1777.763543479821,1764.7029130403582,stop,71,-28.910890220081,-1.44,-0.3669702105453688,1.8137999999999999,-27.097090220081,-40.27271003519559,-0.9997480146985303,1.2715009164167053,1.6461582255885365,bounce_resistance
XAUUSD.a,15m,1,0.07,2022-12-06 19:00:00,1772.3171904073226,2022-12-06 20:30:00,1768.8185658854493,1768.8819451002068,1778.3261097995862,stop,6,-24.490371653113474,-1.6800000000000002,-0.4436545033024138,0.0,-24.490371653113474,-36.62330704358163,-1.0184496910966667,1.1286502303900527,0.1376348849667128,bounce_support
XAUUSD.a,15m,-1,0.12,2022-12-07 01:00:00,1770.641021166342,2022-12-07 03:45:00,1773.0159433157498,1772.730162049046,1767.4496759019082,stop,11,-28.499065792894726,-2.88,-0.5493752004464771,0.0,-28.499065792894726,-42.4712613527089,-1.136793678717358,1.4881614061537525,0.9482468045801749,bounce_resistance
XAUUSD.a,15m,1,0.09,2022-12-07 11:45:00,1771.8582097262206,2022-12-07 15:15:00,1777.1578743622142,1768.941062818893,1777.1578743622142,target,14,47.6969817239426,-2.16,-0.0,0.0,47.6969817239426,71.07283821180539,1.816728743650637,0.3627550342296828,1.8380254557324858,bounce_support
XAUUSD.a,15m,1,0.09,2022-12-08 01:45:00,1787.1137191445887,2022-12-08 03:00:00,1784.2844979550366,1784.3320460606021,1788.4924615384614,stop,5,-25.46299070596865,-2.16,-0.4279329500905774,0.0,-25.46299070596865,-37.95970528178513,-1.017093347826973,1.3458515905914705,0.3473739818578587,bounce_support
XAUUSD.a,15m,1,0.12,2022-12-08 06:15:00,1783.229331891122,2022-12-08 07:30:00,1783.7591666666665,1781.0244428353687,1783.7591666666665,target,5,6.358017306533839,-2.88,-0.0,0.0,6.358017306533839,9.46838020332664,0.2402999707227805,0.6301141944066868,0.31777930370228685,bounce_support
XAUUSD.a,15m,1,0.14,2022-12-08 07:45:00,1783.32811139808,2022-12-08 07:45:00,1783.4670238095237,1781.4925493871988,1783.4670238095237,target,0,1.9447737602117743,-3.3600000000000003,-0.0,0.0,1.9447737602117743,2.8961634552669757,0.07567840836769776,0.30405477710450485,0.7310505414502089,bounce_support
XAUUSD.a,15m,1,0.07,2022-12-08 19:45:00,1788.7390293052347,2022-12-09 03:00:00,1794.5065517241378,1784.8770173435576,1794.5065517241378,target,25,40.372656932321895,-1.6800000000000002,-0.0,-5.804400000000001,34.568256932321894,50.87008407499469,1.2786916425703145,0.5512746533053781,1.5745602952831144,bounce_support
XAUUSD.a,15m,1,0.11,2022-12-09 09:30:00,1794.7833173315414,2022-12-09 09:30:00,1792.2395840130484,1792.2895600103607,1798.0408520179374,stop,0,-27.981066503422653,-2.6399999999999997,-0.5497359704347657,0.0,-27.981066503422653,-41.31876329507184,-1.020040441340366,1.176264148330457,0.0,bounce_support
XAUUSD.a,15m,1,0.05,2022-12-09 17:30:00,1792.0616959242093,2022-12-09 18:15:00,1801.1194358450766,1787.0352820774617,1801.1194358450766,target,3,45.28869960433667,-1.2,-0.0,0.0,45.28869960433667,66.53058468142066,1.8020282843857554,0.15949660108628919,2.090616570020438,bounce_support
XAUUSD.a,15m,1,0.07,2022-12-09 21:45:00,1799.3066637222432,2022-12-09 22:45:00,1795.537862254471,1795.6021841869076,1805.8556316261847,stop,4,-26.38161027440515,-1.6800000000000002,-0.45025352705531557,0.0,-26.38161027440515,-38.82560490133063,-1.0173632845918028,1.221943239007027,0.13587233319973369,bounce_support
XAUUSD.a,15m,-1,0.18,2022-12-12 09:15:00,1788.9383935900732,2022-12-12 09:30:00,1790.7310442670976,1790.444128196128,1785.7517436077442,stop,1,-32.26771218643762,-4.32,-0.8444892774511683,0.0,-32.26771218643762,-47.58407389022241,-1.1905488987340407,1.063671116733566,0.7228322877728328,bounce_resistance
XAUUSD.a,15m,-1,0.13,2022-12-12 12:30:00,1791.5975526391744,2022-12-12 13:15:00,1793.9550864436144,1793.666526101923,1787.8269477961542,stop,3,-30.647939457719758,-3.12,-0.631284441988159,0.0,-30.647939457719758,-45.2795843419906,-1.1394702962057792,1.3835109112627209,0.9074802905785616,bounce_resistance
XAUUSD.a,15m,-1,0.08,2022-12-12 20:00:00,1783.053561489578,2022-12-12 20:30:00,1779.744285714286,1786.1980526590785,1779.504285714286,target,2,26.474206202336063,-1.92,-0.0,0.0,26.474206202336063,39.28506633378255,1.0524042196046892,0.07837150659294555,1.2350365385808408,bounce_resistance
XAUUSD.a,15m,-1,0.09,2022-12-12 21:00:00,1780.435615636814,2022-12-12 21:00:00,1779.67875,1783.2636772484836,1779.43875,target,0,6.811790731325345,-2.16,-0.0,0.0,6.811790731325345,10.1042657143445,0.2676269971243927,0.08995007822191783,1.0592469500851163,bounce_resistance
XAUUSD.a,15m,-1,0.09,2022-12-12 21:30:00,1779.236969605212,2022-12-13 01:45:00,1782.4271169597498,1782.1448097193559,1777.5460869565218,stop,13,-28.711326190840964,-2.16,-0.38076516354596046,2.7207,-25.990626190840963,-38.495506533030635,-0.9931245327042549,1.0292967554267458,0.23624737889490643,bounce_resistance
XAUUSD.a,15m,-1,0.21,2022-12-13 08:00:00,1785.4549391141115,2022-12-13 09:00:00,1787.0002737893594,1786.7197589767088,1782.7304820465827,stop,4,-32.452028180205616,-5.04,-0.8508110656636588,0.0,-32.452028180205616,-47.88836316177082,-1.2217824221028422,1.8382545646571165,0.6680311869680609,bounce_resistance
XAUUSD.a,15m,1,0.05,2022-12-13 18:45:00,1813.2783871139277,2022-12-13 18:45:00,1807.6916249002338,1807.824205571125,1823.20158885775,stop,0,-27.933811068469367,-1.2,-0.6629033544566681,0.0,-27.933811068469367,-40.67418650853906,-1.0243080780958205,1.3069581674145492,0.0,bounce_support
XAUUSD.a,15m,1,0.05,2022-12-13 21:15:00,1811.5947969501553,2022-12-14 10:00:00,1806.933295160534,1806.9831880950867,1815.6115447154473,stop,47,-23.307508948106488,-1.2,-0.24946467276365236,-12.437999999999999,-35.74550894810649,-52.04949174108348,-1.5502402771569987,1.100439588361362,0.35675251339592967,bounce_support
XAUUSD.a,15m,1,0.09,2022-12-14 12:45:00,1808.4052476328736,2022-12-14 13:45:00,1805.6180674851646,1805.6712097504642,1813.047580499072,stop,4,-25.084621329381207,-2.16,-0.4782803876959376,0.0,-25.084621329381207,-36.55318226503637,-1.019437281992871,1.1613766046560192,0.38212797776075685,bounce_support
XAUUSD.a,15m,-1,0.07,2022-12-15 12:30:00,1776.328606106329,2022-12-15 13:15:00,1780.319087742735,1779.994094274589,1769.241811450822,stop,3,-27.93337145484202,-1.6800000000000002,-0.5949542770218755,0.0,-27.93337145484202,-41.2916250866118,-1.0886630793028171,1.0725430592610876,0.16058055006857616,bounce_resistance
XAUUSD.a,15m,-1,0.06,2022-12-15 13:30:00,1779.3438707101955,2022-12-15 16:15:00,1783.7989371343579,1783.4497257743578,1771.3005484512846,stop,11,-26.730398544974378,-1.44,-0.655268160000769,0.0,-26.730398544974378,-39.62524614571197,-1.0850520426422476,1.36783427618391,1.3599775498492002,bounce_resistance
XAUUSD.a,15m,-1,0.12,2022-12-16 03:15:00,1778.2191935791855,2022-12-16 04:15:00,1780.5264973068988,1780.2371955530118,1775.6610572687225,stop,4,-27.68764473256033,-2.88,-0.5916210466435937,0.0,-27.68764473256033,-41.13513012013301,-1.1433604910397852,1.5464833341550512,1.164118573546899,bounce_resistance
XAUUSD.a,15m,1,0.09,2022-12-16 23:45:00,1792.9639075391765,2022-12-19 07:45:00,1790.3267393394572,1790.3705860867885,1797.2088278264232,stop,28,-23.734513797473937,-2.16,-0.39462072598173886,-7.4628,-31.19731379747394,-46.51802549388495,-1.3366519590263146,1.0464987040760019,1.4792198079768153,bounce_support
XAUUSD.a,15m,1,0.12,2022-12-19 08:15:00,1791.379269728908,2022-12-19 10:00:00,1794.7275046608568,1789.3012476695715,1794.7275046608568,target,7,40.17881918338571,-2.88,-0.0,0.0,40.17881918338571,59.78724042585258,1.6112605334988102,0.3316950971771615,2.151435424376318,bounce_support
XAUUSD.a,15m,-1,0.08,2022-12-19 20:45:00,1788.4214474288535,2022-12-20 05:00:00,1791.6236929941222,1791.324676907888,1782.730646184224,stop,29,-25.617964522149123,-1.92,-0.47212868987244383,2.4184,-23.199564522149124,-34.78664965609921,-0.9988688755781857,2.6551647490539136,1.3266079917783211,bounce_resistance
XAUUSD.a,15m,1,0.08,2022-12-20 07:30:00,1790.1045226117742,2022-12-20 07:30:00,1787.1618467033966,1787.228630621058,1795.0927387578836,stop,0,-23.541407267020986,-1.92,-0.5342713412920462,0.0,-23.541407267020986,-35.42245183800687,-1.023221983953878,1.124702395714409,0.03667640807315959,bounce_support
XAUUSD.a,15m,1,0.08,2022-12-20 14:30:00,1805.4153874142348,2022-12-20 14:45:00,1802.4824688749793,1802.5607513448062,1808.0710344827585,stop,1,-23.463348314044197,-1.92,-0.6262597586158257,0.0,-23.463348314044197,-35.29012936971769,-1.0274229246471391,2.5065848115858604,0.07167729293283263,bounce_support
XAUUSD.a,15m,1,0.06,2022-12-20 20:15:00,1815.1865595569034,2022-12-21 17:30:00,1821.6803402696826,1811.4498298651586,1821.6803402696826,target,81,38.96268427667519,-1.44,-0.0,-14.9256,24.03708427667519,35.80036977849214,1.07210878047445,0.8982612695584493,2.3157790787526675,bounce_support
XAUUSD.a,15m,1,0.08,2022-12-21 18:15:00,1816.7972110323594,2022-12-21 21:45:00,1813.840478832205,1813.895972703204,1821.7380545935919,stop,14,-23.65385760123536,-1.92,-0.4439509679916943,0.0,-23.65385760123536,-35.28846427157296,-1.019127649887074,1.157164855648637,0.5352159290176404,bounce_support
XAUUSD.a,15m,-1,0.17,2022-12-22 02:30:00,1815.8645791411418,2022-12-22 02:45:00,1817.6023541924355,1817.32233942474,1813.0253211505203,stop,1,-29.542175871993553,-4.08,-0.6802510508251987,0.0,-29.542175871993553,-43.930192529136264,-1.1920856061494467,1.9313332174950983,0.01686089367259771,bounce_resistance
XAUUSD.a,15m,1,0.12,2022-12-22 08:15:00,1819.5562169720997,2022-12-22 08:30:00,1817.4289730798075,1817.4699895766607,1820.9808137044968,stop,1,-25.52692670750639,-2.88,-0.49219796223942414,0.0,-25.52692670750639,-37.75781606565354,-1.0196606069611058,1.709409520695758,0.06412677169939333,bounce_support
XAUUSD.a,15m,-1,0.06,2022-12-22 20:00:00,1792.9963176890901,2022-12-22 20:30:00,1786.0240728111198,1796.65296359444,1785.7840728111198,target,2,41.83346926782178,-1.44,-0.0,0.0,41.83346926782178,62.84037984681285,1.9067323056272436,0.014680751787121077,2.0965436324785576,bounce_resistance
XAUUSD.a,15m,-1,0.1,2022-12-23 01:15:00,1793.32068527895,2022-12-23 07:15:00,1796.1232344899379,1795.8413919069365,1788.3972161861268,stop,24,-28.025492109879906,-2.4,-0.4184258300147952,0.0,-28.025492109879906,-41.95118944671792,-1.1118109421668638,1.142264906626614,0.8452730100732709,bounce_resistance
XAUUSD.a,15m,-1,0.12,2022-12-23 07:45:00,1795.4519955900435,2022-12-23 09:00:00,1797.7469807342327,1797.4625795946795,1794.1280000000002,stop,5,-27.539821730270887,-2.88,-0.5328136746379846,0.0,-27.539821730270887,-41.11034741046557,-1.1414520054359505,1.1628484085049473,0.4933867909801631,bounce_resistance
XAUUSD.a,15m,1,0.13,2022-12-23 14:45:00,1796.6505530349964,2022-12-23 15:15:00,1799.737409762831,1794.7762951185846,1799.737409762831,target,2,40.12913746185018,-3.12,-0.0,0.0,40.12913746185018,59.928224159747586,1.6469754246759671,0.14968752834914462,1.7070473262979369,bounce_support
XAUUSD.a,15m,1,0.16,2022-12-27 07:00:00,1805.1526348423956,2022-12-27 09:00:00,1807.4377522579903,1803.5861238710047,1807.4377522579903,target,8,36.561878649514256,-3.84,-0.0,0.0,36.561878649514256,54.07202131049034,1.4587305530108448,0.9081550454335046,2.0283069928218085,bounce_support
XAUUSD.a,15m,1,0.11,2022-12-27 12:30:00,1808.1973905244415,2022-12-27 15:30:00,1805.9283255174976,1805.9743563762356,1811.871287247529,stop,12,-24.959715076383418,-2.6399999999999997,-0.506339446117475,0.0,-24.959715076383418,-37.06466354283931,-1.0207063210320897,1.0289497920162296,1.485631463746906,bounce_support
XAUUSD.a,15m,1,0.12,2022-12-27 16:15:00,1802.8061567290201,2022-12-27 16:30:00,1806.1434507660665,1800.7682746169667,1806.1434507660665,target,1,40.04752844455652,-2.88,-0.0,0.0,40.04752844455652,59.441509869764616,1.637628603395297,0.23365273496630562,3.206192955094923,bounce_support
XAUUSD.a,15m,1,0.07,2022-12-27 23:45:00,1813.8223394345982,2022-12-28 02:15:00,1810.1584631131147,1810.214600245278,1820.1907995094439,stop,6,-25.6471342503844,-1.6800000000000002,-0.39295992514355094,-17.413200000000003,-43.0603342503844,-64.01500646743436,-1.705077889137144,1.1897587961193576,0.18229160448976378,bounce_support
XAUUSD.a,15m,-1,0.12,2022-12-28 14:15:00,1803.8006364683724,2022-12-28 14:30:00,1806.2215170490203,1805.9230678442534,1799.8238643114935,stop,1,-29.050566967775012,-2.88,-0.7013904572020166,0.0,-29.050566967775012,-42.74216453245695,-1.1406166569899387,1.0739398020260504,0.07568511764280454,bounce_resistance
XAUUSD.a,15m,-1,0.06,2022-12-28 19:00:00,1802.4059732105663,2022-12-28 20:00:00,1806.9257737510384,1806.6092222282477,1794.1915555435046,stop,4,-27.1188032428322,-1.44,-0.459309136743565,0.0,-27.1188032428322,-40.20221068968246,-1.0753111513162856,1.5021776637246753,0.21316205792170523,bounce_resistance
XAUUSD.a,15m,-1,0.08,2022-12-28 20:30:00,1807.5774438525457,2022-12-29 11:00:00,1810.882397019156,1810.5958664617258,1801.9382670765485,stop,54,-26.439625332883224,-1.92,-0.3722444594419353,2.4184,-24.021225332883226,-35.691696135156796,-0.9947756014940576,1.4320579677305496,1.596013705269142,bounce_resistance
XAUUSD.a,15m,1,0.1,2022-12-29 13:30:00,1805.2041539801244,2022-12-29 15:30:00,1809.4783557217643,1802.730822139118,1809.4783557217643,target,8,42.742017416398994,-2.4,-0.0,0.0,42.742017416398994,63.461592873749446,1.7281149544011771,0.22809473875317135,2.8002089752167545,bounce_support
XAUUSD.a,15m,1,0.08,2022-12-29 22:15:00,1816.8982880522826,2022-12-30 01:00:00,1813.1622804516844,1813.98762270072,1819.0600829875518,stop_gap,7,-29.88806080478571,-1.92,-0.38175638652486577,-6.6336,-36.52166080478571,-53.98140712543707,-1.568441249402799,1.267163210742373,0.03150892893549273,bounce_support
XAUUSD.a,15m,1,0.13,2022-12-30 01:15:00,1814.9308263870525,2022-12-30 03:30:00,1817.9191720735002,1812.98541396325,1817.9191720735002,target,9,38.848493923820115,-3.12,-0.0,0.0,38.848493923820115,57.41977019941782,1.5360987983240448,0.6018396781717146,1.6136288503861564,bounce_support
XAUUSD.a,15m,1,0.12,2022-12-30 12:00:00,1815.2525636100197,2022-12-30 13:30:00,1818.5973997603587,1813.1713001198207,1818.5973997603587,target,6,40.13803380406807,-2.88,-0.0,0.0,40.13803380406807,59.04388614896745,1.6071180636619602,0.8757005629524339,2.3819359794305726,bounce_support
XAUUSD.a,15m,1,0.07,2022-12-30 17:15:00,1815.644459170374,2022-12-30 19:30:00,1821.2242293369804,1812.3828853315097,1821.2242293369804,target,9,39.05839116624566,-1.6800000000000002,-0.0,0.0,39.05839116624566,57.2787669251293,1.7107600325091876,0.4152777883592567,1.77384940996485,bounce_support
XAUUSD.a,15m,1,0.07,2023-01-03 08:30:00,1842.124938574746,2023-01-03 09:15:00,1843.648061749571,1838.5691536675204,1843.648061749571,target,3,10.661862223775417,-1.6800000000000002,-0.0,0.0,10.661862223775417,15.70993593907999,0.42835076208629763,0.6004127444288415,1.5313247475090856,bounce_support
XAUUSD.a,15m,1,0.05,2023-01-03 12:45:00,1836.5909485173397,2023-01-03 13:15:00,1831.8177892221256,1831.9068149830725,1844.846370033855,stop,2,-23.8657964760705,-1.2,-0.4451288047346269,0.0,-23.8657964760705,-35.631227942774714,-1.0190058119171133,1.0420173723982638,0.0,bounce_support
XAUUSD.a,15m,1,0.09,2023-01-04 01:30:00,1838.150673217287,2023-01-04 03:00:00,1839.3,1835.418832149071,1839.3,target,6,10.343941044416397,-2.16,-0.0,0.0,10.343941044416397,15.292186872677325,0.420715097991952,0.7433350500925154,0.6257050611766141,bounce_support
XAUUSD.a,15m,1,0.07,2023-01-04 12:00:00,1860.8381380065907,2023-01-04 14:15:00,1857.0302016596936,1857.108795982104,1867.3424080357918,stop,9,-26.65555442827986,-1.6800000000000002,-0.5501602568734071,0.0,-26.65555442827986,-38.87632819700993,-1.021074581493045,1.6727181271204323,0.5314240368398558,bounce_support
XAUUSD.a,15m,-1,0.07,2023-01-04 22:30:00,1853.8887015010243,2023-01-05 03:15:00,1857.6839861961635,1857.377707304438,1847.0945853911242,stop,15,-26.56699286597382,-1.6800000000000002,-0.463952242078527,2.1161000000000003,-24.45089286597382,-35.75476035091587,-1.0011404084572104,1.2299487993906772,0.6416445334753826,bounce_resistance
XAUUSD.a,15m,1,0.09,2023-01-05 04:15:00,1855.3651085663364,2023-01-05 06:00:00,1852.4998090654146,1852.564177022136,1860.2616459557285,stop,7,-25.787695508295883,-2.16,-0.5793116104917682,0.0,-25.787695508295883,-37.844054339901795,-1.0229809103526921,1.558448857978939,0.587265846275128,bounce_support
XAUUSD.a,15m,-1,0.07,2023-01-05 14:30:00,1847.9615164775848,2023-01-05 15:30:00,1841.291261688631,1851.4893691556845,1841.051261688631,target,4,46.691783522676594,-1.6800000000000002,-0.0,0.0,46.691783522676594,68.89437316140143,1.8907407416306559,0.11862273189953573,1.9591284297358875,bounce_resistance
XAUUSD.a,15m,-1,0.06,2023-01-05 22:30:00,1833.2303464621498,2023-01-06 01:00:00,1830.49,1836.9459597303942,1832.2837065637063,target_gap,6,16.44207877289864,-1.56,-0.0,1.8137999999999999,18.25587877289864,27.034932357277295,0.818881364256567,0.24212787308605108,0.8074969717091705,bounce_resistance
XAUUSD.a,15m,-1,0.09,2023-01-06 01:30:00,1832.4524417514226,2023-01-06 01:30:00,1832.73,1835.2916834704022,1832.5292664092663,target_gap,0,-2.4980242371966597,-2.16,-0.0,0.0,-2.4980242371966597,-3.699296928927184,-0.09775787905693432,0.06253720751937694,0.15935302316747477,bounce_resistance
XAUUSD.a,15m,-1,0.11,2023-01-06 02:00:00,1832.7539278366858,2023-01-06 02:00:00,1832.810193050193,1835.0657060340013,1832.570193050193,target,0,-0.6189173485795436,-2.6399999999999997,-0.0,0.0,-0.6189173485795436,-0.9140438158369913,-0.024338499935922246,0.07183741221677507,0.6029678099328437,bounce_resistance
XAUUSD.a,15m,-1,0.09,2023-01-06 13:30:00,1839.6491319777963,2023-01-06 15:15:00,1834.887512953368,1842.3769340475694,1834.647512953368,target,7,42.85457121985405,-2.16,-0.0,0.0,42.85457121985405,63.128189172650885,1.7455881704878402,0.11029686704093636,1.8363253086807678,bounce_resistance
XAUUSD.a,15m,1,0.06,2023-01-06 23:00:00,1867.1974296967862,2023-01-09 03:45:00,1873.8950442692712,1863.2674778653643,1873.8950442692712,target,15,40.18568743491005,-1.44,-0.0,-4.9752,35.21048743491005,51.00825368310428,1.4932535624391368,0.40138652188405965,2.028668707710144,bounce_support
XAUUSD.a,15m,1,0.09,2023-01-09 06:15:00,1877.846689450579,2023-01-09 07:00:00,1874.8457427502244,1874.8983137722303,1882.9133724555393,stop,3,-27.0085203031922,-2.16,-0.4731391980518352,0.0,-27.0085203031922,-38.948604498142885,-1.0178305032129729,1.0943956274887734,0.021473026617975368,bounce_support
XAUUSD.a,15m,1,0.1,2023-01-09 13:00:00,1871.911640385003,2023-01-09 15:15:00,1876.0112222578412,1869.3493888710793,1876.0112222578412,target,9,40.99581872838144,-2.4,-0.0,0.0,40.99581872838144,59.13313340696607,1.599991979928731,0.5470346597070126,2.0210192429809775,bounce_support
XAUUSD.a,15m,1,0.06,2023-01-09 17:45:00,1873.7731257882424,2023-01-09 19:15:00,1869.5003796791902,1869.581654415008,1880.9822270742359,stop,6,-25.6364766543129,-1.44,-0.48764841490649957,0.0,-25.6364766543129,-36.9572088777432,-1.0193905024227798,1.0504964477056042,1.1158072655876552,bounce_support
XAUUSD.a,15m,-1,0.14,2023-01-10 03:15:00,1870.3728003397023,2023-01-10 03:15:00,1872.4961299167428,1872.200330426296,1866.8293391474083,stop,0,-29.726614078567312,-3.3600000000000003,-0.7811928662554699,0.0,-29.726614078567312,-42.928998178331334,-1.1618575215897873,1.8205991160995207,0.017947906818594813,bounce_resistance
XAUUSD.a,15m,1,0.11,2023-01-10 08:30:00,1873.0014008784808,2023-01-10 09:30:00,1870.7010891262946,1870.750201728737,1876.689596542526,stop,4,-25.303429274048085,-2.6399999999999997,-0.5402386268675089,0.0,-25.303429274048085,-36.690247624226906,-1.021816196247223,1.093373226780478,0.4258171124612957,bounce_support
XAUUSD.a,15m,1,0.08,2023-01-10 20:30:00,1872.6190671449626,2023-01-10 22:15:00,1877.6854827442357,1869.622258627882,1877.6854827442357,target,7,40.53132479418491,-1.92,-0.0,0.0,40.53132479418491,58.79899726423854,1.6906037107131207,0.1698697604672617,1.8856502919119964,bounce_support
XAUUSD.a,15m,1,0.12,2023-01-11 02:15:00,1877.3068448475785,2023-01-11 03:15:00,1875.203239415953,1875.2491935219905,1880.5286075949368,stop,4,-25.243265179506125,-2.88,-0.5514492724508416,0.0,-25.243265179506125,-36.63647670532949,-1.0223332813805748,1.8841116565123273,0.5409833719536624,bounce_support
XAUUSD.a,15m,1,0.08,2023-01-11 12:45:00,1883.3004410795631,2023-01-11 14:00:00,1880.141043242206,1880.2017711636663,1886.445929978118,stop,5,-25.275182698856952,-1.92,-0.48582337168142775,0.0,-25.275182698856952,-36.704640796469626,-1.0195980608159445,1.342653845838531,0.8937895921822353,bounce_support
XAUUSD.a,15m,1,0.07,2023-01-11 16:15:00,1876.9177714890066,2023-01-11 16:45:00,1873.2512869865548,1873.3317511317748,1883.4064977364505,stop,2,-25.665391517162565,-1.6800000000000002,-0.5632490165399731,0.0,-25.665391517162565,-37.20808303685605,-1.022438284561821,1.7868753801367399,0.6196921070211132,bounce_support
XAUUSD.a,15m,-1,0.1,2023-01-11 22:00:00,1877.684932480039,2023-01-12 03:45:00,1880.4969753427356,1880.2107145607117,1872.7985708785766,stop,19,-28.120428626966714,-2.4,-0.46260782023928115,3.023,-25.097428626966714,-36.28631334774339,-0.9936498013431729,1.328328182242604,1.3005605294197902,bounce_resistance
XAUUSD.a,15m,1,0.16,2023-01-12 07:30:00,1884.646834934836,2023-01-12 08:15:00,1882.982342825551,1883.0206829960146,1887.1886340079711,stop,3,-26.631873748559883,-3.84,-0.6134427274155225,0.0,-26.631873748559883,-38.58238018798696,-1.0235772374943364,1.0496159024801666,0.106487629495034,bounce_support
XAUUSD.a,15m,1,0.13,2023-01-12 08:30:00,1883.7951629626677,2023-01-12 09:15:00,1881.809798627563,1881.8502635486534,1886.7694729026932,stop,3,-25.809736356362464,-3.12,-0.526043974174651,0.0,-25.809736356362464,-37.40270466830297,-1.020805662647067,1.5091592611514861,0.1978698921698989,bounce_support
XAUUSD.a,15m,1,0.07,2023-01-12 22:15:00,1895.0039849733412,2023-01-13 10:00:00,1901.4462315324379,1891.386884233781,1901.4462315324379,target,43,45.09572591367692,-1.6800000000000002,-0.0,-5.804400000000001,39.29132591367692,56.25503030091907,1.5518081920437032,0.7613791187016001,2.6142526038157476,bounce_support
XAUUSD.a,15m,1,0.09,2023-01-16 06:30:00,1925.4407369549274,2023-01-16 06:45:00,1922.688064347528,1922.7501408204623,1929.9497183590756,stop,1,-24.774053466593614,-2.16,-0.5586882564086711,0.0,-24.774053466593614,-35.45583196169281,-1.0230716428002913,1.3011008638884165,0.0,bounce_support
XAUUSD.a,15m,-1,0.08,2023-01-16 11:45:00,1917.006192790792,2023-01-17 04:30:00,1910.9787629423959,1920.205618528802,1910.7387629423959,target,53,48.219438787169565,-1.92,-0.0,2.4184,50.637838787169564,72.76387916307847,1.9783956143121177,0.7106922914929821,2.396115246469364,bounce_resistance
XAUUSD.a,15m,-1,0.09,2023-01-17 09:45:00,1909.7517643579865,2023-01-17 13:45:00,1912.9523585616673,1912.6492818227002,1904.1014363545994,stop,16,-28.805347833127144,-2.16,-0.5676906507029376,0.0,-28.805347833127144,-41.44058097126621,-1.10459876175312,1.0554675439430332,1.916041723853784,bounce_resistance
XAUUSD.a,15m,-1,0.11,2023-01-18 04:00:00,1908.7057477045944,2023-01-18 04:30:00,1907.9532648401826,1910.993331853925,1907.7132648401825,target,2,8.277311508530147,-2.6399999999999997,-0.0,0.0,8.277311508530147,11.839614813665962,0.3289421570052602,0.7144009525873805,3.630794393738461,bounce_resistance
XAUUSD.a,15m,1,0.05,2023-01-18 16:45:00,1921.023188620755,2023-01-18 17:00:00,1916.1664697870253,1916.2686896516484,1929.5326206967034,stop,1,-24.283594168648506,-1.2,-0.5110993231158738,0.0,-24.283594168648506,-34.62999895704477,-1.0214996081158627,1.172192623653505,0.2222760770612734,bounce_support
XAUUSD.a,15m,1,0.05,2023-01-18 17:15:00,1916.3788646781,2023-01-18 18:00:00,1911.075489203493,1911.1815343371222,1925.7569313257554,stop,3,-26.516877373035186,-1.2,-0.5302256681464096,0.0,-26.516877373035186,-37.950648862255534,-1.0204037701419943,1.0849540645205862,0.38118325985168516,bounce_support
XAUUSD.a,15m,-1,0.05,2023-01-18 21:30:00,1904.1738186252076,2023-01-19 02:30:00,1908.8888348903538,1908.5898432580498,1895.4503134839006,stop,16,-23.575081325731162,-1.2,-0.2949581615202651,1.5115,-22.06358132573116,-31.94426055934089,-0.9992508267115694,1.2128966253852411,0.42885146317417644,bounce_resistance
XAUUSD.a,15m,1,0.08,2023-01-19 12:30:00,1908.5017257263585,2023-01-19 16:00:00,1913.9196653791896,1905.4451673104052,1913.9196653791896,target,14,43.3435172226491,-1.92,-0.0,0.0,43.3435172226491,62.702191972122066,1.772562115794324,0.6221787604099945,2.528423547642615,bounce_support
XAUUSD.a,15m,1,0.09,2023-01-20 02:00:00,1931.962610362455,2023-01-20 05:15:00,1929.2279288694444,1929.288134030032,1936.463731939936,stop,13,-24.61213343709551,-2.16,-0.541846445289483,0.0,-24.61213343709551,-35.555876738411044,-1.0225110089245448,1.3806853766807246,1.0758702938074163,bounce_support
XAUUSD.a,15m,1,0.07,2023-01-20 13:30:00,1928.9862170597396,2023-01-20 15:30:00,1925.6222228281285,1925.692252845837,1934.8054943083262,stop,8,-23.547959621277418,-1.6800000000000002,-0.49021012395932156,0.0,-23.547959621277418,-34.06132962258428,-1.02126010277004,1.0462217668286675,0.16204879761822297,bounce_support
XAUUSD.a,15m,1,0.08,2023-01-20 15:45:00,1927.8695090585813,2023-01-20 15:45:00,1924.8139665910762,1924.8882301789483,1933.1135396421037,stop,0,-24.44433974004096,-1.92,-0.5941087029772383,0.0,-24.44433974004096,-35.3579132410116,-1.0249099768490133,1.328124344767327,0.11756395680159547,bounce_support
XAUUSD.a,15m,-1,0.08,2023-01-20 21:15:00,1929.9336264986746,2023-01-23 01:00:00,1924.13486783769,1933.022566081155,1923.89486783769,target,11,46.39006928787603,-1.92,-0.0,2.4184,48.80846928787603,69.89112807027426,1.9751304608183293,0.34846052264352884,2.0245221156617386,bounce_resistance
XAUUSD.a,15m,1,0.1,2023-01-24 02:00:00,1931.4643142318816,2023-01-24 02:15:00,1932.4165289256198,1929.012682647507,1932.4165289256198,target,1,9.522146937381422,-2.4,-0.0,0.0,9.522146937381422,13.53712193085316,0.3884004023308645,0.11189047882639686,0.4387632199610162,bounce_support
XAUUSD.a,15m,1,0.12,2023-01-24 06:15:00,1932.3792467188302,2023-01-24 08:15:00,1935.7469935820375,1930.291503208981,1935.7469935820375,target,8,40.412962358486766,-2.88,-0.0,0.0,40.412962358486766,57.33473648453135,1.613103739668957,0.18165388470428095,2.174957440772002,bounce_support
XAUUSD.a,15m,-1,0.07,2023-01-24 21:15:00,1935.6497164301122,2023-01-25 04:00:00,1939.5760590811867,1939.2904789380204,1928.4590421239593,stop,23,-27.48439855752145,-1.6800000000000002,-0.31906100216313976,6.348300000000001,-21.136098557521446,-29.78467448884834,-0.8293434807999315,1.0245885475323413,0.19768288333799242,bounce_resistance
XAUUSD.a,15m,1,0.13,2023-01-25 05:00:00,1935.3474783921451,2023-01-25 05:00:00,1933.2875932027696,1933.3438107909872,1938.5523784180255,stop,0,-26.778507461882327,-3.12,-0.7308286468292943,0.0,-26.778507461882327,-37.713020676960156,-1.0280573425377981,2.4941653941287627,0.0,bounce_support
XAUUSD.a,15m,-1,0.08,2023-01-25 14:45:00,1926.1536240539679,2023-01-25 15:45:00,1920.142021229065,1929.3489893854676,1919.902021229065,target,4,48.09282259922293,-1.92,-0.0,0.0,48.09282259922293,68.05170805453854,1.8813507068005195,0.462036666505149,1.9758692352729197,bounce_resistance
XAUUSD.a,15m,-1,0.08,2023-01-25 16:15:00,1926.4142781156115,2023-01-25 16:30:00,1930.018736363674,1929.69257373899,1919.9048525220203,stop,1,-28.83566598449943,-1.92,-0.6893009974724056,0.0,-28.83566598449943,-40.75770114701187,-1.0994915230823137,1.529978519514851,0.18127654851308303,bounce_resistance
XAUUSD.a,15m,1,0.07,2023-01-25 23:15:00,1945.709903135558,2023-01-26 09:00:00,1941.8286376048836,1941.886314678747,1952.487370642506,stop,35,-27.168858714721186,-1.6800000000000002,-0.403739517044271,-5.804400000000001,-32.97325871472118,-46.319864460316886,-1.2319488835896266,1.346876943930668,0.8918577150653854,bounce_support
XAUUSD.a,15m,-1,0.07,2023-01-26 15:00:00,1936.5663607372494,2023-01-26 15:30:00,1934.6997627118644,1939.9845439405296,1934.4597627118644,target,2,13.066186177694819,-1.6800000000000002,-0.0,0.0,13.066186177694819,18.34494373842726,0.5460789882747356,0.4720751249383421,1.6079772236827132,bounce_resistance
XAUUSD.a,15m,-1,0.08,2023-01-26 16:00:00,1937.571003623922,2023-01-26 16:00:00,1941.114697476257,1940.78620291214,1931.2575941757198,stop,0,-28.349550818680655,-1.92,-0.7079565129367548,0.0,-28.349550818680655,-39.90421544209315,-1.1021692699799046,1.0571650685957723,0.0,bounce_resistance
XAUUSD.a,15m,-1,0.06,2023-01-26 20:30:00,1929.8102199993386,2023-01-27 02:45:00,1934.0961526967344,1933.8024128660304,1921.9751742679389,stop,21,-25.71559618437459,-1.44,-0.32243898422335887,1.8137999999999999,-23.90179618437459,-33.52896907483074,-0.9978557726087279,1.2649138379043015,0.7064338055580168,bounce_resistance
XAUUSD.a,15m,-1,0.1,2023-01-27 09:30:00,1924.683738828011,2023-01-27 11:15:00,1927.621262112732,1927.325747407933,1919.448505184134,stop,7,-29.3752328472101,-2.4,-0.5551470479905525,0.0,-29.3752328472101,-41.34619737245781,-1.11185228808291,1.2779145373133447,0.6297249905449132,bounce_resistance
XAUUSD.a,15m,1,0.07,2023-01-27 16:00:00,1929.0222141574993,2023-01-27 16:30:00,1925.4612869856242,1925.5481170311655,1935.183765937669,stop,2,-24.926490203126153,-1.6800000000000002,-0.6078103187884949,0.0,-24.926490203126153,-35.07117962001035,-1.0249935572851843,2.113416490818542,0.6268638334815081,bounce_support
XAUUSD.a,15m,1,0.05,2023-01-27 17:00:00,1923.8045186316206,2023-01-27 17:45:00,1919.319581312143,1919.4279469282167,1931.7041061435666,stop,3,-22.424686597387335,-1.2,-0.5418280803676833,0.0,-22.424686597387335,-31.61791015366778,-1.024760388591209,1.6324463794489659,1.1893970260628515,bounce_support
XAUUSD.a,15m,-1,0.09,2023-01-30 06:15:00,1930.1987080996096,2023-01-30 06:30:00,1933.3003795379761,1932.9974872481466,1925.3537078651686,stop,1,-27.915042945299092,-2.16,-0.5660306084664294,0.0,-27.915042945299092,-39.35853781501458,-1.1082230050155404,1.2831637331111285,0.29609628185305675,bounce_resistance
XAUUSD.a,15m,1,0.08,2023-01-30 09:45:00,1925.5149897252295,2023-01-30 10:00:00,1922.5678494301778,1922.6348636903188,1930.4502726193625,stop,1,-23.57712236041334,-1.92,-0.5361140811279401,0.0,-23.57712236041334,-33.32596768826005,-1.0232678220774458,1.0572418318922054,0.0,bounce_support
XAUUSD.a,15m,-1,0.06,2023-01-30 17:30:00,1928.6991925869936,2023-01-30 21:00:00,1921.7057114351412,1932.3921442824294,1921.4657114351412,target,14,41.96088691111436,-1.44,-0.0,0.0,41.96088691111436,59.458265191739436,1.8937375109714538,0.13831954900405308,2.022553556881054,bounce_resistance
XAUUSD.a,15m,-1,0.09,2023-01-30 21:30:00,1924.0076963307374,2023-01-30 22:15:00,1921.7577419354836,1926.8614905380289,1921.5177419354836,target,3,20.249589557284025,-2.16,-0.0,0.0,20.249589557284025,28.688639857877174,0.7884080742420517,0.2320782863636301,0.9803427043159783,bounce_resistance
XAUUSD.a,15m,-1,0.13,2023-01-31 02:45:00,1922.4618171616332,2023-01-31 03:15:00,1924.6366861644747,1924.354539993424,1920.870611764706,stop,2,-28.27329703693863,-3.12,-0.5479002236598638,0.0,-28.27329703693863,-40.069865415162454,-1.1490689319702387,1.0240183115100587,0.09077777197346679,bounce_resistance
XAUUSD.a,15m,-1,0.06,2023-01-31 15:45:00,1913.1315364122559,2023-01-31 15:45:00,1917.6940836897882,1917.351388308172,1904.9872233836559,stop,0,-27.37528366519382,-1.44,-0.6161722896968824,0.0,-27.37528366519382,-38.96227446975395,-1.0812102865381867,1.6868989157257017,0.0,bounce_resistance
XAUUSD.a,15m,1,0.06,2023-01-31 21:30:00,1930.1579572025576,2023-02-01 03:15:00,1926.2331072431791,1926.2758995631336,1937.178200873733,stop,19,-23.549099756270607,-1.44,-0.2567539197270374,-14.9256,-38.47469975627061,-54.56785011100954,-1.651817297676707,1.1766845386756033,0.22205821693321143,bounce_support
XAUUSD.a,15m,1,0.07,2023-02-01 18:30:00,1928.4644811104367,2023-02-01 18:45:00,1925.0768729250215,1925.1570859002725,1934.1058281994553,stop,1,-23.713257297906924,-1.6800000000000002,-0.5614908267576223,0.0,-23.713257297906924,-33.559187243184965,-1.024252612752327,1.2137893584955985,0.2223861506792169,bounce_support
XAUUSD.a,15m,1,0.05,2023-02-02 04:15:00,1953.0952233629305,2023-02-02 09:00:00,1955.403613963039,1948.187707305246,1955.403613963039,target,19,11.541953000543117,-1.2,-0.0,0.0,11.541953000543117,16.165879519507985,0.4703786137375989,0.38415021790472986,1.3254723083144855,bounce_support
XAUUSD.a,15m,-1,0.05,2023-02-02 23:00:00,1912.6290692471187,2023-02-03 03:00:00,1917.6664009968763,1917.3616459343689,1911.3698134328358,stop,12,-25.186658748788204,-1.2,-0.32377531253724007,1.5115,-23.675158748788203,-33.514281516361656,-1.0005187581035981,1.039799474594571,0.26393005959810195,bounce_resistance
XAUUSD.a,15m,-1,0.08,2023-02-03 03:30:00,1917.3287972599871,2023-02-03 09:30:00,1912.0400421187494,1920.1549789406251,1911.8000421187494,target,24,42.31004112990195,-1.92,-0.0,0.0,42.31004112990195,59.907174595619104,1.8713429421295464,0.4533334671264063,2.568411404587604,bounce_resistance
XAUUSD.a,15m,-1,0.07,2023-02-03 11:30:00,1915.25355676235,2023-02-03 12:30:00,1909.7907835820895,1918.835335174159,1909.5507835820895,target,4,38.2394122618232,-1.6800000000000002,-0.0,0.0,38.2394122618232,54.12667345405843,1.525156654652323,0.07159662272924673,1.597965062126589,bounce_resistance
XAUUSD.a,15m,-1,0.07,2023-02-03 14:15:00,1915.2343787360562,2023-02-03 15:30:00,1909.3905970149253,1918.6333827438255,1909.1505970149253,target,5,40.906472047916175,-1.6800000000000002,-0.0,0.0,40.906472047916175,58.622057964912834,1.7192629687324645,0.5459308843714917,8.453764299888123,bounce_resistance
XAUUSD.a,15m,-1,0.06,2023-02-03 22:00:00,1865.658152960776,2023-02-06 01:15:00,1870.0051291453144,1869.676079035137,1859.0302580645161,stop,9,-26.081857107230007,-1.44,-0.5343006610647036,1.8137999999999999,-24.268057107230007,-35.07654309720176,-1.0066576909784561,1.0731524073423224,1.3136510884201493,bounce_resistance
XAUUSD.a,15m,-1,0.06,2023-02-06 03:15:00,1868.4283536578232,2023-02-06 03:30:00,1872.555903485756,1872.2222389377241,1860.9955221245518,stop,1,-24.76529896759712,-1.44,-0.5619872881916436,0.0,-24.76529896759712,-35.799385595994565,-1.0879479803460643,1.0125889579552905,0.0707332030424853,bounce_resistance
XAUUSD.a,15m,-1,0.07,2023-02-06 15:45:00,1872.901593017322,2023-02-06 17:15:00,1869.4674567901236,1876.0366891990507,1869.2274567901236,target,6,24.03895359038916,-1.6800000000000002,-0.0,0.0,24.03895359038916,35.03965248945289,1.0953846479137217,0.9117445899544556,1.6272524738010468,bounce_resistance
XAUUSD.a,15m,-1,0.07,2023-02-06 21:15:00,1870.5474593058532,2023-02-07 04:30:00,1874.1870100922852,1873.8939963106277,1864.1361538461538,stop,25,-25.47685550502388,-1.6800000000000002,-0.37109647160169296,2.1161000000000003,-23.36075550502388,-33.751976514562124,-0.9972251260543998,1.0735099265364245,1.5979083148412503,bounce_resistance
XAUUSD.a,15m,1,0.07,2023-02-07 13:00:00,1872.216894392317,2023-02-07 13:15:00,1868.8133864112165,1868.8852607433723,1878.0494785132555,stop,1,-23.824555867704024,-1.6800000000000002,-0.5031203250904243,0.0,-23.824555867704024,-34.405181260854654,-1.021573299987117,1.3857749317004049,0.0,bounce_support
XAUUSD.a,15m,-1,0.06,2023-02-08 02:15:00,1873.9123982442711,2023-02-08 03:00:00,1878.2193888000522,1877.899165882412,1867.596766743649,stop,3,-25.841943334686675,-1.44,-0.4813375058407833,0.0,-25.841943334686675,-37.140435094908916,-1.0803214399998287,1.0278004959525655,0.3191553558572459,bounce_resistance
XAUUSD.a,15m,1,0.07,2023-02-08 15:15:00,1877.6050548925107,2023-02-08 15:15:00,1874.3825948456888,1874.4651771844547,1882.8196456310907,stop,0,-22.55722032775316,-1.6800000000000002,-0.5780763713614393,0.0,-22.55722032775316,-32.420978969404906,-1.0263011322237097,1.6003982829069785,0.0,bounce_support
XAUUSD.a,15m,1,0.08,2023-02-08 15:30:00,1875.6354938287598,2023-02-08 16:00:00,1881.0214991032776,1872.544250448361,1881.0214991032776,target,2,43.08804219614285,-1.92,-0.0,0.0,43.08804219614285,62.04360412991426,1.7423426795411754,0.7393445120665492,2.062117208777649,bounce_support
XAUUSD.a,15m,1,0.05,2023-02-08 16:45:00,1876.549106867603,2023-02-08 16:45:00,1872.2136169634098,1872.3172772648143,1884.3254454703713,stop,0,-21.677449520966547,-1.2,-0.5183015070227377,0.0,-21.677449520966547,-31.21392915701899,-1.0244953864248634,1.7886133370339263,0.0,bounce_support
XAUUSD.a,15m,-1,0.07,2023-02-08 20:15:00,1879.1187097498503,2023-02-09 03:00:00,1872.8415628043772,1882.4392185978115,1872.6015628043772,target,23,43.94002861831155,-1.6800000000000002,-0.0,2.1161000000000003,46.056128618311554,66.37573121522988,1.9814574352098915,0.22324597948437075,2.137837926319267,bounce_resistance
XAUUSD.a,15m,-1,0.11,2023-02-09 03:45:00,1875.6964982929137,2023-02-09 04:00:00,1878.1827907989461,1877.8891634212187,1871.4116731575627,stop,1,-27.349217566356856,-2.6399999999999997,-0.5899011550011132,0.0,-27.349217566356856,-39.359887121474934,-1.1339134617215711,1.9216348418618954,0.0,bounce_resistance
XAUUSD.a,15m,-1,0.11,2023-02-09 04:30:00,1879.5463182760682,2023-02-09 09:30:00,1881.9402931035893,1881.6462511325556,1875.5074977348886,stop,20,-26.333723102732165,-2.6399999999999997,-0.5944616813705864,0.0,-26.333723102732165,-37.809190516349354,-1.1400244632228733,1.1541710566813115,1.2887641943920016,bounce_resistance
XAUUSD.a,15m,1,0.07,2023-02-09 11:30:00,1880.4025916375654,2023-02-09 12:45:00,1886.041932009304,1877.1440339953479,1886.041932009304,target,5,39.47538260217039,-1.6800000000000002,-0.0,0.0,39.47538260217039,56.53069254213145,1.7306247091277316,0.11741134562377185,1.7515137030230756,bounce_support
XAUUSD.a,15m,1,0.08,2023-02-09 14:45:00,1881.6033548123482,2023-02-09 15:45:00,1886.7447845748093,1878.5326077125953,1886.7447845748093,target,4,41.13143809968824,-1.92,-0.0,0.0,41.13143809968824,58.67286435628751,1.6743253662519924,0.6296040505920338,2.646471664275348,bounce_support
XAUUSD.a,15m,1,0.06,2023-02-09 17:15:00,1880.787085459824,2023-02-09 17:15:00,1876.973711303905,1877.074339493641,1887.381321012718,stop,0,-22.880244935514384,-1.44,-0.6037691384157793,0.0,-22.880244935514384,-32.821570391350555,-1.0271034405942463,1.6852985679105699,0.02233240327537077,bounce_support
XAUUSD.a,15m,-1,0.04,2023-02-09 21:00:00,1866.226941886679,2023-02-10 05:30:00,1855.9483570269697,1871.700821486515,1855.7083570269697,target,30,41.114339438837305,-0.96,-0.0,1.2092,42.32353943883731,61.20717799334371,1.932977272650712,0.6107292008068815,2.058310140218754,bounce_resistance
XAUUSD.a,15m,-1,0.08,2023-02-10 14:00:00,1864.665025657764,2023-02-10 15:45:00,1867.9722380808105,1867.6485576193288,1858.8028847613425,stop,7,-26.457699384371153,-1.92,-0.669443691853888,0.0,-26.457699384371153,-38.11854281774864,-1.1084890209494913,1.298787608832463,0.9904454505036647,bounce_resistance
XAUUSD.a,15m,1,0.04,2023-02-10 17:45:00,1861.3114064021706,2023-02-13 11:30:00,1856.0485311232699,1856.1179493124057,1870.7641013751886,stop,67,-21.05150111560306,-0.96,-0.2776727565429465,-3.3168,-24.36830111560306,-35.215325754506,-1.1730289041776802,1.2287396029028141,1.022169531022261,bounce_support
XAUUSD.a,15m,-1,0.08,2023-02-13 23:00:00,1854.2111238390357,2023-02-14 04:00:00,1857.4636008992459,1857.1777426039569,1849.871754385965,stop,16,-26.01981648168112,-1.92,-0.3668663623125429,2.4184,-23.60141648168112,-33.923728628875295,-0.9944577628560172,1.2704282078740545,0.45544235579314823,bounce_resistance
XAUUSD.a,15m,1,0.13,2023-02-14 07:30:00,1858.2949872638305,2023-02-14 08:30:00,1861.345991049892,1856.372004475054,1861.345991049892,target,4,39.66304921879987,-3.12,-0.0,0.0,39.66304921879987,56.912727925843896,1.5865996325440657,0.2678064862755193,1.8018948252645983,bounce_support
XAUUSD.a,15m,1,0.08,2023-02-14 13:15:00,1858.2603563016642,2023-02-14 13:30:00,1855.3362086368443,1855.399897771305,1863.1102044573902,stop,1,-23.393181318559073,-1.92,-0.5095130756848396,0.0,-23.393181318559073,-33.581942748433924,-1.022265358432823,1.59777051586557,0.16068881735479873,bounce_support
XAUUSD.a,15m,-1,0.06,2023-02-14 23:00:00,1855.8333005296606,2023-02-15 04:00:00,1859.9457566639228,1859.642279172126,1848.445441655748,stop,16,-24.674736805573048,-1.44,-0.3808649507806344,5.4414,-19.233336805573046,-27.687809408440287,-0.8415789205337391,1.1621749255790106,0.6335820586535124,bounce_resistance
XAUUSD.a,15m,1,0.08,2023-02-15 04:30:00,1857.25575610923,2023-02-15 04:30:00,1854.2747291853022,1854.3433633491475,1862.373273301705,stop,0,-23.848215391422855,-1.92,-0.5490733107614115,0.0,-23.848215391422855,-34.33126810828886,-1.0235662458669448,1.5539648948659208,0.08043004844005198,bounce_support
XAUUSD.a,15m,1,0.08,2023-02-15 04:45:00,1854.035302101428,2023-02-15 05:00:00,1850.9343201829338,1851.0028195384941,1859.1843609230118,stop,1,-24.80785534795359,-1.92,-0.547994844483054,0.0,-24.80785534795359,-35.76319481591187,-1.0225885406226582,1.452704841661427,0.0,bounce_support
XAUUSD.a,15m,-1,0.07,2023-02-15 14:15:00,1836.3597058522669,2023-02-16 03:30:00,1839.9706080404578,1839.677358423908,1829.8452831521845,stop,49,-25.276315317336643,-1.6800000000000002,-0.3727473158490883,2.1161000000000003,-23.160215317336643,-33.55191417589477,-0.9972720520745804,1.639802248805738,1.8144473305381126,bounce_resistance
XAUUSD.a,15m,-1,0.08,2023-02-16 09:15:00,1838.4197745105441,2023-02-16 09:45:00,1841.4773687374538,1841.1781500559382,1832.9336998881238,stop,2,-24.460753815277712,-1.92,-0.47374945212473274,0.0,-24.460753815277712,-35.3346341190849,-1.108476411783477,1.0514251746099594,0.27544273723449914,bounce_resistance
XAUUSD.a,15m,1,0.06,2023-02-16 23:45:00,1836.6236680392162,2023-02-17 02:00:00,1832.7766730497608,1832.8474217862006,1843.0851564275988,stop,5,-23.08196993673255,-1.44,-0.42449241863930376,-4.9752,-28.05716993673255,-40.87404387444102,-1.2383183394676922,1.4044815099070609,0.25060123132276807,bounce_support
XAUUSD.a,15m,-1,0.06,2023-02-17 05:00:00,1829.3453580795574,2023-02-17 09:00:00,1823.0277931830828,1832.9311034084585,1822.7877931830828,target,16,37.9053893788473,-1.44,-0.0,0.0,37.9053893788473,55.4018465321728,1.7618554350625433,0.02918275305254716,2.0931096302529593,bounce_resistance
XAUUSD.a,15m,-1,0.09,2023-02-17 09:45:00,1826.3975348387714,2023-02-17 10:00:00,1821.4273484035905,1829.006325798205,1821.1873484035905,target,1,44.73167791662854,-2.16,-0.0,0.0,44.73167791662854,65.48239363591301,1.9051685292026224,0.31526679370554195,2.5097966608230724,bounce_resistance
XAUUSD.a,15m,-1,0.07,2023-02-17 11:45:00,1824.2882108507008,2023-02-17 11:45:00,1828.0783815067182,1827.7606977827695,1817.5886044344606,stop,0,-26.53119459212167,-1.6800000000000002,-0.5437860676400214,0.0,-26.53119459212167,-38.878672047774316,-1.0914859379353858,1.114990272113908,0.13771422616008852,bounce_resistance
XAUUSD.a,15m,-1,0.07,2023-02-17 13:30:00,1824.6814341956663,2023-02-17 14:30:00,1828.2887652992558,1827.9787878339714,1818.2624243320572,stop,4,-25.251317725126913,-1.6800000000000002,-0.4898422569911789,0.0,-25.251317725126913,-36.997183562572395,-1.09400795282721,1.218724542508987,0.4917380340495574,bounce_resistance
XAUUSD.a,15m,1,0.06,2023-02-17 21:15:00,1842.4710411510057,2023-02-20 01:45:00,1838.4796032943698,1838.5312884501209,1849.5374230997584,stop,14,-23.94862713981547,-1.44,-0.3101109345071247,-4.9752,-28.923827139815472,-42.10838291402622,-1.2235889464720129,1.043476954805441,0.2865557649698847,bounce_support
XAUUSD.a,15m,1,0.12,2023-02-20 02:45:00,1837.904197813991,2023-02-20 03:15:00,1841.2496378867995,1835.9101810566003,1841.2496378867995,target,2,40.14528087370218,-2.88,-0.0,0.0,40.14528087370218,58.36512055842603,1.6777391967288529,0.26790036343032075,1.6879508025867236,bounce_support
XAUUSD.a,15m,1,0.09,2023-02-20 14:15:00,1843.912115494171,2023-02-20 19:00:00,1841.2697569659874,1841.3156862511062,1848.288627497788,stop,19,-23.781226753652845,-2.16,-0.413363566068522,0.0,-23.781226753652845,-34.39973782568542,-1.0176894037229873,1.0021900273698636,1.204686980853997,bounce_support
XAUUSD.a,15m,-1,0.13,2023-02-21 03:45:00,1842.6027917770928,2023-02-21 05:00:00,1839.5532800888907,1844.3483599555548,1839.3132800888907,target,5,39.64365194662696,-3.12,-0.0,0.0,39.64365194662696,57.47622574684223,1.7470023375935673,0.45670414524268915,2.258744072985227,bounce_resistance
XAUUSD.a,15m,-1,0.11,2023-02-21 09:00:00,1838.5699546099138,2023-02-21 09:15:00,1834.7653776855502,1840.6373111572248,1834.5253776855502,target,1,41.850346167999305,-2.6399999999999997,-0.0,0.0,41.850346167999305,60.82457113291084,1.8403099984432931,0.10160095043082333,2.2105304553575857,bounce_resistance
XAUUSD.a,15m,-1,0.09,2023-02-21 13:30:00,1835.2496434212028,2023-02-21 14:15:00,1830.547877533946,1837.751061233027,1830.3078775339459,target,3,42.315892985312075,-2.16,-0.0,0.0,42.315892985312075,61.55128508823702,1.8796403643691904,0.024128947396092035,2.0027215755489234,bounce_resistance
XAUUSD.a,15m,-1,0.09,2023-02-21 15:30:00,1835.0878295379098,2023-02-21 16:00:00,1837.930746034545,1837.6276051562804,1830.1047896874388,stop,2,-25.58624846971793,-2.16,-0.5682679043822793,0.0,-25.58624846971793,-37.28632411319848,-1.11935734640179,1.741165806185348,0.0857672372056388,bounce_resistance
XAUUSD.a,15m,-1,0.11,2023-02-21 16:15:00,1838.9260556467887,2023-02-21 16:15:00,1841.4056226969228,1841.0997061671055,1834.710587665789,stop,0,-27.27523755147581,-2.6399999999999997,-0.7250818279894142,0.0,-27.27523755147581,-39.74765385446993,-1.1407385994012966,1.4969951805946513,0.067193711879401,bounce_resistance
XAUUSD.a,15m,-1,0.15,2023-02-22 02:30:00,1836.2126130482377,2023-02-22 03:00:00,1838.0803052334295,1837.7966736402063,1833.0066527195875,stop,2,-28.015382777876994,-3.5999999999999996,-0.6544738983466631,0.0,-28.015382777876994,-40.964150866905975,-1.1790535000120617,1.1031061315594763,0.7528834782484951,bounce_resistance
XAUUSD.a,15m,-1,0.14,2023-02-22 03:30:00,1837.5378029277051,2023-02-22 09:45:00,1839.5330661115904,1839.2492943625107,1834.2114112749784,stop,25,-27.933684574394196,-3.3600000000000003,-0.6128044871162824,0.0,-27.933684574394196,-40.90929465216924,-1.1658037798547154,1.3918837242475515,1.7457305756511659,bounce_resistance
XAUUSD.a,15m,1,0.09,2023-02-22 10:30:00,1836.4761830254442,2023-02-22 10:30:00,1833.8656694994734,1833.9199440376397,1841.1201119247205,stop,0,-23.49462173373786,-2.16,-0.48847084349620956,0.0,-23.49462173373786,-34.478408249912476,-1.0212321846373589,1.3990018314036958,0.173621080295391,bounce_support
XAUUSD.a,15m,1,0.1,2023-02-22 10:45:00,1833.6861842379126,2023-02-22 13:00:00,1837.2014434220146,1831.4992782889929,1837.2014434220146,target,9,35.152591841019785,-2.4,-0.0,0.0,35.152591841019785,51.54490137690223,1.6074121458393846,0.7481731158675842,1.899403019201261,bounce_support
XAUUSD.a,15m,-1,0.11,2023-02-23 03:15:00,1825.484208159879,2023-02-23 03:45:00,1827.9707705185117,1827.6768912763146,1822.4338028169013,stop,2,-27.3521859449595,-2.6399999999999997,-0.592671664168922,0.0,-27.3521859449595,-40.03364305571989,-1.1340272290119466,1.4985256262028368,0.26643528903010055,bounce_resistance
XAUUSD.a,15m,-1,0.13,2023-02-23 07:00:00,1829.7200215617952,2023-02-23 08:30:00,1831.736875968686,1831.4496570055123,1826.680685988975,stop,6,-26.21910728958096,-3.12,-0.6138465212574715,0.0,-26.21910728958096,-38.40052035733466,-1.166057514730642,2.2779242021876698,1.2488305380428406,bounce_resistance
XAUUSD.a,15m,-1,0.1,2023-02-23 14:45:00,1827.1030552715522,2023-02-23 15:00:00,1825.1801724137931,1829.3643864768662,1824.940172413793,target,1,19.228828577590775,-2.4,-0.0,0.0,19.228828577590775,28.213379176275804,0.8503322526308315,0.49393239071882045,1.1157389353771747,bounce_resistance
XAUUSD.a,15m,-1,0.06,2023-02-23 16:15:00,1826.0894887296408,2023-02-23 16:15:00,1830.3784067380648,1830.047639832526,1818.384720334948,stop,0,-25.733508050543605,-1.44,-0.5446014332323943,0.0,-25.733508050543605,-37.663936611649795,-1.0835660127521551,1.0107020086835337,0.0453466088017497,bounce_resistance
XAUUSD.a,15m,-1,0.06,2023-02-23 16:30:00,1826.636910963238,2023-02-23 18:15:00,1820.3569682021796,1830.0665158989102,1820.1169682021796,target,7,37.679656566350786,-1.44,-0.0,0.0,37.679656566350786,55.52066803163702,1.8310980065777385,0.8610580787443083,2.4046241820624332,bounce_resistance
XAUUSD.a,15m,-1,0.09,2023-02-23 23:30:00,1822.2339527437705,2023-02-24 02:30:00,1825.0889652047379,1824.8042567250143,1817.1114865499715,stop,8,-25.695112148706357,-2.16,-0.40237631751109826,2.7207,-22.974412148706357,-33.69719730225781,-0.9931558600053559,1.1189521851176778,0.09880261075095827,bounce_resistance
XAUUSD.a,15m,1,0.11,2023-02-24 09:00:00,1824.3580643755095,2023-02-24 09:45:00,1822.1958716799256,1822.2429806629766,1827.6640386740467,stop,3,-23.78411965142209,-2.6399999999999997,-0.5181988135606442,0.0,-23.78411965142209,-35.00650503579831,-1.0222728692825882,1.2472623943334613,0.908680641386512,bounce_support
XAUUSD.a,15m,-1,0.07,2023-02-24 21:30:00,1811.0262393794878,2023-02-27 03:00:00,1814.3976998753058,1814.1117753476715,1808.0726446280992,stop,18,-23.6002234707255,-1.6800000000000002,-0.3214716934404847,2.1161000000000003,-21.4841234707255,-31.876027048955475,-0.994692827264185,1.0123883347083813,0.3844516452635017,bounce_resistance
XAUUSD.a,15m,-1,0.13,2023-02-27 04:00:00,1813.7508090841704,2023-02-27 05:00:00,1810.7524622979965,1815.4287688510017,1810.5124622979965,target,4,38.978508220260665,-3.12,-0.0,0.0,38.978508220260665,58.07892393464852,1.786900285360335,0.11871018588590383,2.205541013155116,bounce_resistance
XAUUSD.a,15m,-1,0.13,2023-02-27 08:15:00,1809.5261978761935,2023-02-27 09:45:00,1811.5980943764155,1811.3062078731418,1806.0675842537162,stop,6,-26.934654502886133,-3.12,-0.6745245425567584,0.0,-26.934654502886133,-40.109981091979584,-1.1639802606581158,1.541453210100207,1.351788967656777,bounce_resistance
XAUUSD.a,15m,-1,0.11,2023-02-27 10:30:00,1812.0648114315616,2023-02-27 15:30:00,1814.4708345130502,1814.1716989540303,1807.9266020919392,stop,20,-26.46625389637552,-2.6399999999999997,-0.6504911492209627,0.0,-26.46625389637552,-39.36497537872105,-1.1419798426968149,1.3266909308775712,1.7916530385725362,bounce_resistance
XAUUSD.a,15m,1,0.11,2023-02-28 01:00:00,1817.1183464848727,2023-02-28 05:45:00,1814.9979160413095,1815.0393698780872,1821.4012602438258,stop,19,-23.324734879195603,-2.6399999999999997,-0.45599220455500145,0.0,-23.324734879195603,-34.62800985658067,-1.019939539792026,1.1776690881857668,1.1022988462917946,bounce_support
XAUUSD.a,15m,-1,0.08,2023-02-28 17:00:00,1818.567220351498,2023-02-28 17:00:00,1821.5866525371327,1821.2674830643798,1813.6850338712404,stop,0,-24.155457485077932,-1.92,-0.6333557820236498,0.0,-24.155457485077932,-35.81982544201603,-1.1181994149051964,2.74891017569924,0.0,bounce_resistance
XAUUSD.a,15m,1,0.07,2023-02-28 22:00:00,1829.263251063946,2023-03-01 01:30:00,1825.9772258010091,1826.0238783098928,1834.8022433802146,stop,10,-23.002176840557926,-1.6800000000000002,-0.32656756218632177,-17.413200000000003,-40.415376840557926,-60.051673586659824,-1.7823281546443601,1.0166323279176002,0.008257443056073802,bounce_support
XAUUSD.a,15m,1,0.08,2023-03-01 11:45:00,1832.2514631130048,2023-03-01 13:15:00,1836.893477665218,1829.538261167391,1836.893477665218,target,6,37.136116417705125,-1.92,-0.0,0.0,37.136116417705125,54.8255944750943,1.7108990208847614,0.5497058983817804,2.0634427511177247,bounce_support
XAUUSD.a,15m,1,0.04,2023-03-01 19:30:00,1837.2877202833324,2023-03-02 03:30:00,1832.0838988957744,1832.1334959757694,1846.6430080484613,stop,28,-20.815285550232147,-0.96,-0.1983883199799584,-3.3168,-24.132085550232148,-35.80109419077255,-1.1705003561264324,1.2024545137157312,0.34579009571863173,bounce_support
XAUUSD.a,15m,-1,0.08,2023-03-02 10:45:00,1833.4138235579558,2023-03-02 13:30:00,1836.3872162286386,1836.0882820564868,1828.1734358870265,stop,11,-23.787141365462958,-1.92,-0.47147337721473653,0.0,-23.787141365462958,-35.324989404887226,-1.1117737187980263,1.3072464739926135,1.123152054745108,bounce_resistance
XAUUSD.a,15m,-1,0.05,2023-03-02 17:00:00,1836.5969467064233,2023-03-03 03:00:00,1840.8175572711004,1840.5309648922275,1832.0063698630138,stop,36,-21.103052823385724,-1.2,-0.23296189436459808,1.5115,-19.591552823385722,-29.046899572093647,-0.9960072322024921,1.1929414333953474,1.0922539000782259,bounce_resistance
XAUUSD.a,15m,1,0.11,2023-03-03 06:45:00,1838.5860691261396,2023-03-03 08:15:00,1841.67670227206,1836.6566488639698,1841.67670227206,target,6,33.99696460512541,-2.6399999999999997,-0.0,0.0,33.99696460512541,50.29806424690479,1.6018454903365118,0.4022291780365737,1.9767237592765396,bounce_support
XAUUSD.a,15m,1,0.06,2023-03-03 17:15:00,1842.9470581527582,2023-03-03 20:00:00,1848.774236252546,1839.5867691501273,1848.774236252546,target,11,34.963068598726295,-1.44,-0.0,0.0,34.963068598726295,51.74577619063492,1.7341300391797791,0.5466964750115356,1.7388212271822576,bounce_support
XAUUSD.a,15m,1,0.09,2023-03-06 01:15:00,1853.6332238401592,2023-03-06 03:00:00,1851.1812156900658,1851.2301803189607,1857.5896393620783,stop,7,-22.068073350840905,-2.16,-0.4406816600540235,0.0,-22.068073350840905,-32.674563364635105,-1.0203760890982716,1.0708186586965767,0.2233734658177048,bounce_support
XAUUSD.a,15m,1,0.09,2023-03-06 03:15:00,1852.3725257226492,2023-03-06 09:15:00,1856.4696754693027,1849.9151622653485,1856.4696754693027,target,24,36.87434771988137,-2.16,-0.0,0.0,36.87434771988137,54.58661138068654,1.6672949760366103,0.6846873699738887,1.6959128552877658,bounce_support
XAUUSD.a,15m,1,0.1,2023-03-06 10:45:00,1853.4338362376084,2023-03-06 11:30:00,1851.1764537275517,1851.2300444057726,1856.9655223880598,stop,3,-22.573825100566864,-2.4,-0.5359067822092514,0.0,-22.573825100566864,-33.52515089043702,-1.0243174865460087,1.0181706843604859,0.7515064437878037,bounce_support
XAUUSD.a,15m,-1,0.1,2023-03-06 16:30:00,1853.0049371536343,2023-03-06 19:45:00,1848.725656172263,1855.3021719138685,1848.485656172263,target,13,42.792809813713575,-2.4,-0.0,0.0,42.792809813713575,63.535120653443165,1.8627965480267372,0.428803735437686,2.008909682858717,bounce_resistance
XAUUSD.a,15m,-1,0.11,2023-03-06 23:30:00,1846.851050485232,2023-03-07 02:00:00,1845.4720206185566,1848.8937985590735,1845.2320206185566,target,6,15.169328533429507,-2.6399999999999997,-0.0,3.3253,18.494628533429506,27.48414155238291,0.8230725502599942,0.13655600430625878,1.048122630807633,bounce_resistance
XAUUSD.a,15m,-1,0.17,2023-03-07 04:00:00,1847.8308183571405,2023-03-07 04:00:00,1849.4845568114567,1849.2007843471677,1845.1784313056644,stop,0,-28.113553723375848,-4.08,-0.744131892913616,0.0,-28.113553723375848,-41.69047323809331,-1.2071383277795567,1.8315649155711482,0.44586388391173654,bounce_resistance
XAUUSD.a,15m,-1,0.07,2023-03-07 22:15:00,1814.7023091239848,2023-03-08 16:30:00,1817.8513436216235,1817.5543805033778,1809.2012389932443,stop,69,-22.04324148347087,-1.6800000000000002,-0.398741827720522,6.348300000000001,-15.694941483470867,-23.73095465997984,-0.7861424906258396,1.10014458217482,1.8766392603834567,bounce_resistance
XAUUSD.a,15m,-1,0.13,2023-03-09 01:30:00,1814.7505487521191,2023-03-09 10:30:00,1816.734548331099,1816.4477497641717,1811.2345004716567,stop,36,-25.791994526737653,-3.12,-0.6083813700543953,0.0,-25.791994526737653,-38.9960606693947,-1.1689832641452382,2.5096916733095354,1.70312693169057,bounce_resistance
XAUUSD.a,15m,1,0.07,2023-03-09 21:30:00,1832.2463374514937,2023-03-09 22:15:00,1829.1178264252862,1829.1833679964952,1837.4532640070097,stop,3,-21.899577183452042,-1.6800000000000002,-0.45879099846263366,0.0,-21.899577183452042,-33.24313065781994,-1.0213980492368409,1.0729253098266083,0.1350527827926445,bounce_support
XAUUSD.a,15m,1,0.08,2023-03-10 02:00:00,1831.7902137784326,2023-03-10 02:00:00,1831.6383793103448,1829.2509775414046,1831.6383793103448,target,0,-1.2146757447026175,-1.92,-0.0,0.0,-1.2146757447026175,-1.8445820787878962,-0.059795329742748475,0.1812410250459244,0.2992184068925296,bounce_support
XAUUSD.a,15m,1,0.09,2023-03-10 02:15:00,1831.6628985085447,2023-03-10 02:15:00,1831.3953465346535,1829.3413472774582,1831.3953465346535,target,0,-2.4079677650204303,-2.16,-0.0,0.0,-2.4079677650204303,-3.656691265159876,-0.11524706855852913,0.11755006949248853,1.342680467144599,bounce_support
XAUUSD.a,15m,1,0.08,2023-03-10 03:15:00,1830.894047493298,2023-03-10 04:30:00,1828.3223451685571,1828.3753465147108,1834.9893069705781,stop,5,-20.573618597927634,-1.92,-0.42401076922961234,0.0,-20.573618597927634,-31.287343701701165,-1.0210431276297858,1.141083247964654,0.9155324614974092,bounce_support
XAUUSD.a,15m,1,0.08,2023-03-10 05:30:00,1828.8437306790138,2023-03-10 09:15:00,1833.3010107610678,1826.174494619466,1833.3010107610678,target,15,35.6582406564321,-1.92,-0.0,0.0,35.6582406564321,54.04729091856448,1.6698710727028019,0.4322325389269647,2.1490303566324607,bounce_support
XAUUSD.a,15m,1,0.04,2023-03-10 20:45:00,1864.912432335167,2023-03-13 01:00:00,1874.8585249838238,1859.470737508088,1874.8585249838238,target,13,39.784370594627035,-0.96,-0.0,-3.3168,36.467570594627034,55.0121746788762,1.6753774216240527,0.7263237760961575,5.396768580019073,bounce_support
XAUUSD.a,15m,1,0.03,2023-03-13 04:00:00,1877.2499411613321,2023-03-13 05:45:00,1888.7950773381294,1870.9824613309354,1888.7950773381294,target,7,34.63540853039194,-0.72,-0.0,0.0,34.63540853039194,51.95752918556868,1.8420699370749345,0.8185014232439113,1.8508330545251268,bounce_support
XAUUSD.a,15m,1,0.03,2023-03-13 18:45:00,1905.9297265191306,2023-03-13 20:00:00,1911.381441048035,1898.3447258929652,1911.381441048035,target,5,16.35514358671321,-0.72,-0.0,0.0,16.35514358671321,24.50502470215638,0.718749384159324,0.40075494636672493,0.7923893190115749,bounce_support
XAUUSD.a,15m,1,0.03,2023-03-13 21:15:00,1908.86296321638,2023-03-13 22:30:00,1913.4207423580785,1902.6324202169076,1913.4207423580785,target,5,13.673337425095724,-0.72,-0.0,0.0,13.673337425095724,20.508365468406115,0.7315219784350309,0.15134527062243938,0.9111624434821707,bounce_support
XAUUSD.a,15m,1,0.07,2023-03-14 03:45:00,1912.1528258855008,2023-03-14 04:30:00,1909.1585404793213,1909.2313583020868,1917.147283395826,stop,3,-20.95999784325591,-1.6800000000000002,-0.5097247593578929,0.0,-20.95999784325591,-31.533019171439612,-1.0249250832625734,2.352525122825244,0.6562366549550551,bounce_support
XAUUSD.a,15m,1,0.05,2023-03-14 23:00:00,1902.7973278156462,2023-03-15 09:15:00,1898.6960386836897,1898.7413302887282,1909.9273394225436,stop,37,-20.506445659782457,-1.2,-0.2264580251921956,-12.437999999999999,-32.94444565978246,-49.27377454349755,-1.624480559524207,1.0496376754157617,0.7033219733054281,bounce_support
XAUUSD.a,15m,-1,0.05,2023-03-15 13:30:00,1907.2045884854376,2023-03-15 14:15:00,1911.573689758708,1911.2129757841305,1899.5040484317387,stop,3,-21.845506366352083,-1.2,-0.6035698728871595,0.0,-21.845506366352083,-32.897381772987096,-1.0899898008096964,1.3859467912129908,0.5025932713873479,bounce_resistance
XAUUSD.a,15m,1,0.04,2023-03-16 13:45:00,1919.9392320310812,2023-03-16 13:45:00,1922.8592857142858,1915.2772697032974,1922.8592857142858,target,0,11.680214732818058,-0.96,-0.0,0.0,11.680214732818058,17.569781032834516,0.6263572028031857,0.1135213015186989,0.656540691175802,bounce_support
XAUUSD.a,15m,1,0.03,2023-03-16 18:00:00,1922.832820290968,2023-03-16 18:15:00,1915.7023302493449,1915.8480513689074,1933.38168,stop,1,-21.3914701248691,-0.72,-0.4371633586874655,0.0,-21.3914701248691,-32.16133706924827,-1.0208626972758186,1.0756004063698716,0.2086224648649059,bounce_support
XAUUSD.a,15m,1,0.03,2023-03-16 19:15:00,1918.4178898964983,2023-03-17 08:30:00,1931.88133612776,1911.04433193612,1931.88133612776,target,49,40.390338693785225,-0.72,-0.0,-2.4876,37.902738693785224,56.499573218730305,1.7134531659141534,0.5516861626852507,1.9559227961587276,bounce_support
XAUUSD.a,15m,1,0.08,2023-03-17 09:00:00,1929.687270866047,2023-03-17 09:45:00,1934.0487299940057,1927.0906350029973,1934.0487299940057,target,3,34.89167302367059,-1.92,-0.0,0.0,34.89167302367059,51.96775893071386,1.6796575869658021,0.6728979179986945,1.7879785148235348,bounce_support
XAUUSD.a,15m,1,0.06,2023-03-17 10:15:00,1929.5451339391086,2023-03-17 14:15:00,1935.569051077356,1926.090474461322,1935.569051077356,target,16,36.14350282948499,-1.44,-0.0,0.0,36.14350282948499,53.99226618488391,1.7437079332944592,0.6440964596991989,2.1926520137794765,bounce_support
XAUUSD.a,15m,1,0.03,2023-03-20 02:45:00,1976.8675131201526,2023-03-20 04:00:00,1970.7727695105373,1970.8900972275624,1987.959805544875,stop,5,-18.28423082884592,-0.72,-0.3519831510750655,0.0,-18.28423082884592,-27.287453106954484,-1.019628501535343,1.4182571988443133,0.25805246072297144,bounce_support
XAUUSD.a,15m,1,0.06,2023-03-20 07:45:00,1973.6536768493431,2023-03-20 07:45:00,1975.1078125,1970.3076440375294,1975.1078125,target,0,8.724813903940685,-1.44,-0.0,0.0,8.724813903940685,13.054258852308948,0.43458499436189013,0.09075728375138303,0.5428288521989536,bounce_support
XAUUSD.a,15m,1,0.03,2023-03-20 13:45:00,1976.5996378802554,2023-03-20 17:00:00,1969.462259461522,1969.648152601639,1989.9636947967224,stop,13,-21.412135256199917,-0.72,-0.5576794203505893,0.0,-21.412135256199917,-31.86661595136386,-1.026741499502079,1.5607654257184511,1.4328394178412085,bounce_support
XAUUSD.a,15m,-1,0.03,2023-03-20 21:15:00,1980.1731746909927,2023-03-21 11:00:00,1968.8908298987933,1986.0795850506033,1968.6508298987933,target,51,33.84703437659823,-0.72,-0.0,0.9068999999999999,34.75393437659823,52.06191952153132,1.96136808769974,0.8409211359528412,2.938023881587663,bounce_resistance
XAUUSD.a,15m,-1,0.05,2023-03-21 14:00:00,1968.5920946258461,2023-03-21 15:15:00,1961.1200796355677,1972.5049601822163,1960.8800796355677,target,5,37.360074951392335,-1.2,-0.0,0.0,37.360074951392335,55.89896753406499,1.9096017695046814,0.1885843925693986,2.0859634731272707,bounce_resistance
XAUUSD.a,15m,-1,0.06,2023-03-21 16:30:00,1964.8325181258751,2023-03-21 16:30:00,1957.8450289403834,1968.6074855298084,1957.6050289403834,target,0,41.92493511295061,-1.44,-0.0,0.0,41.92493511295061,62.775035356138424,1.851006495635241,0.2192023892081192,2.586119847208037,bounce_resistance
XAUUSD.a,15m,-1,0.07,2023-03-22 03:15:00,1943.1980964276845,2023-03-22 10:15:00,1937.9076923076923,1946.301636865143,1937.6676923076923,target,28,37.03282883994552,-1.6800000000000002,-0.0,0.0,37.03282883994552,55.323247792685166,1.704635150275138,0.9672513159756696,2.9154111602598047,bounce_resistance
XAUUSD.a,15m,-1,0.07,2023-03-22 12:45:00,1944.9474046924786,2023-03-22 15:30:00,1939.126365256303,1948.1018173718485,1938.886365256303,target,11,40.74727605322938,-1.6800000000000002,-0.0,0.0,40.74727605322938,60.98248384152381,1.845363948175098,0.1910324896493059,2.224631145560912,bounce_resistance
XAUUSD.a,15m,-1,0.06,2023-03-22 17:15:00,1945.3011847621349,2023-03-22 17:45:00,1949.118408069264,1948.7833082590662,1938.4533834818674,stop,2,-22.903339842774585,-1.44,-0.570598861186386,0.0,-22.903339842774585,-34.26335528876443,-1.0962343266955072,1.7945415328812917,0.580446030681025,bounce_resistance
XAUUSD.a,15m,1,0.05,2023-03-22 20:30:00,1946.527629128373,2023-03-22 21:00:00,1953.8331573755224,1942.323421312239,1953.8331573755224,target,2,36.52764123574684,-1.2,-0.0,0.0,36.52764123574684,54.296010755476544,1.7376705830557464,0.38000717334711787,4.714888449509107,bounce_support
XAUUSD.a,15m,1,0.03,2023-03-23 02:15:00,1967.024104210831,2023-03-23 08:30:00,1980.646072203181,1959.4719638984095,1980.646072203181,target,25,40.86590397704981,-0.72,-0.0,0.0,40.86590397704981,60.67601665461509,1.8037228426417207,0.11177019704500787,1.8360220037706532,bounce_support
XAUUSD.a,15m,1,0.05,2023-03-23 11:30:00,1975.9480307185654,2023-03-23 15:30:00,1971.3882634457148,1971.4923483272523,1984.0253033454956,stop,16,-22.798836364253248,-1.2,-0.5204244076876994,0.0,-22.798836364253248,-34.053527056390216,-1.023360031617267,1.9543652248514884,1.0418088350472707,bounce_support
XAUUSD.a,15m,1,0.03,2023-03-23 22:00:00,1993.7895502238848,2023-03-24 09:15:00,1986.6851052117565,1986.7529192048964,2006.5441615902068,stop,41,-21.313335036384842,-0.72,-0.203441979419806,-2.4876,-23.800935036384843,-35.592844379220644,-1.127477764674503,1.0686293204224155,0.7617920794269419,bounce_support
XAUUSD.a,15m,1,0.04,2023-03-24 19:00:00,1987.604060173818,2023-03-24 20:15:00,1982.509527786478,1982.6446673028925,1996.610665394215,stop,5,-20.378129549359983,-0.96,-0.5405580656577883,0.0,-20.378129549359983,-30.667784657717288,-1.0272492056853855,1.5372970789457066,0.5980449428739184,bounce_support
XAUUSD.a,15m,-1,0.05,2023-03-24 23:45:00,1978.9137988496163,2023-03-27 01:00:00,1970.7332978631916,1983.4933510684043,1970.4932978631916,target,1,40.90250493212352,-1.2,-0.0,1.5115,42.41400493212352,63.76415793274428,1.852321052618061,0.08651525988898172,2.1058388219817497,bounce_resistance
XAUUSD.a,15m,-1,0.06,2023-03-27 02:00:00,1973.690833774377,2023-03-27 04:00:00,1977.9487117740996,1977.6192655304424,1966.0714689391152,stop,8,-25.547267998334974,-1.44,-0.5366774619428024,0.0,-25.547267998334974,-38.444693911898774,-1.0838620253867424,1.0485523184316745,0.3133142818318599,bounce_resistance
XAUUSD.a,15m,-1,0.05,2023-03-27 04:30:00,1975.599069336129,2023-03-27 09:15:00,1966.9525645017902,1980.133717749105,1966.7125645017902,target,19,43.23252417169442,-1.2,-0.0,0.0,43.23252417169442,64.87765681482423,1.9067641075759878,0.3045287171370057,1.986718377184371,bounce_resistance
XAUUSD.a,15m,-1,0.03,2023-03-27 17:45:00,1956.0858771527055,2023-03-28 04:15:00,1962.489347770745,1962.1947596506984,1943.9404806986029,stop,38,-19.210411854118774,-0.72,-0.1637643601398402,0.9068999999999999,-18.303511854118774,-27.40128724530491,-0.9987375956313039,1.1596430033843466,0.8800099125284748,bounce_resistance
XAUUSD.a,15m,1,0.08,2023-03-28 05:30:00,1960.7062863449214,2023-03-28 07:15:00,1957.751549764583,1957.801410695605,1965.77717860879,stop,7,-23.63789264270781,-1.92,-0.39888744817722704,0.0,-23.63789264270781,-35.341096871806556,-1.0171645664191515,1.0073706065903598,0.3661821652602897,bounce_support
XAUUSD.a,15m,-1,0.07,2023-03-28 13:00:00,1953.6793548907974,2023-03-28 13:15:00,1957.0437000294999,1956.728294341682,1947.823411316636,stop,1,-23.550415970917133,-1.6800000000000002,-0.5278398147260019,0.0,-23.550415970917133,-35.282579209739815,-1.103447671854037,1.1120736124224686,0.08178413996545898,bounce_resistance
XAUUSD.a,15m,-1,0.08,2023-03-28 13:30:00,1955.6904488599223,2023-03-28 15:00:00,1958.9990920289904,1958.6917646855084,1949.8364706289833,stop,6,-26.46914535254473,-1.92,-0.5386187478556408,0.0,-26.46914535254473,-39.63989779336977,-1.1023975353950024,1.482533461538972,0.14342004805117595,bounce_resistance
XAUUSD.a,15m,1,0.07,2023-03-28 23:15:00,1972.9941493329306,2023-03-29 04:00:00,1969.7872899164754,1969.8371993806572,1978.4556012386856,stop,15,-22.44801591518672,-1.6800000000000002,-0.34936624927216536,-17.413200000000003,-39.86121591518672,-59.518337113742426,-1.8037851415270316,1.109979374366452,0.42631358983061696,bounce_support
XAUUSD.a,15m,-1,0.1,2023-03-29 12:00:00,1964.246776984118,2023-03-29 12:00:00,1966.8383316454979,1966.533497121675,1959.7730057566498,stop,0,-25.915546613798597,-2.4,-0.6483452382287235,0.0,-25.915546613798597,-38.793986218880285,-1.1333064413157623,1.1384091009330868,0.0,bounce_resistance
XAUUSD.a,15m,-1,0.05,2023-03-29 17:15:00,1967.1299391409625,2023-03-29 17:30:00,1971.5515553369987,1971.217099140482,1959.165801719036,stop,1,-22.108080980181057,-1.2,-0.4722809825827667,0.0,-22.108080980181057,-33.07513386819822,-1.081830952680082,1.03496336319953,0.37188148766900686,bounce_resistance
XAUUSD.a,15m,1,0.06,2023-03-29 22:30:00,1963.4711820710183,2023-03-30 04:00:00,1959.8476991871555,1959.9018445275879,1969.7363109448245,stop,18,-21.740897303177007,-1.44,-0.3248720425945475,-4.9752,-26.71609730317701,-40.043912800601056,-1.2474815927841216,1.7933809826420146,0.37789027027274064,bounce_support
XAUUSD.a,15m,-1,0.1,2023-03-30 06:30:00,1960.3514443851054,2023-03-30 08:15:00,1962.8404839039245,1962.5479822412258,1956.2240355175486,stop,7,-24.89039518819027,-2.4,-0.5250166269867862,0.0,-24.89039518819027,-37.14984356446308,-1.1331648630064137,1.3104967013766167,0.6744451869917412,bounce_resistance
XAUUSD.a,15m,-1,0.09,2023-03-30 09:15:00,1967.2792181731859,2023-03-30 10:00:00,1970.0528595177632,1969.7480577283077,1962.4638845433844,stop,3,-24.962772101195696,-2.16,-0.5832161050996473,0.0,-24.962772101195696,-37.1895953714758,-1.1234595374264644,1.7096217605788806,0.655862050584293,bounce_resistance
XAUUSD.a,15m,1,0.1,2023-03-31 02:30:00,1979.5818148028993,2023-03-31 04:30:00,1983.3059140458117,1977.342042977094,1983.3059140458117,target,8,37.24099242912416,-2.4,-0.0,0.0,37.24099242912416,55.38764732085632,1.662713674672395,0.8803641425351292,1.7806212004058495,bounce_support
XAUUSD.a,15m,1,0.13,2023-03-31 07:00:00,1981.3581167987252,2023-03-31 08:00:00,1979.5606391777721,1979.6025402693117,1984.0649194613763,stop,4,-23.367209072389414,-3.12,-0.5447141900149998,0.0,-23.367209072389414,-34.80163390979002,-1.0238674252233004,1.2463807541652079,0.3770175723959666,bounce_support
XAUUSD.a,15m,1,0.04,2023-03-31 17:00:00,1979.9137852599117,2023-03-31 18:00:00,1975.081322140502,1975.1768263630265,1982.371091549296,stop,4,-19.32985247763918,-0.96,-0.38201689009863243,0.0,-19.32985247763918,-28.835892946324517,-1.020161505430709,1.0711060345590255,0.24197270127083492,bounce_support
XAUUSD.a,15m,-1,0.06,2023-03-31 23:00:00,1970.9281184764395,2023-04-03 01:00:00,1963.7538749274972,1974.6680625362515,1963.5138749274972,target,4,43.045461293653716,-1.44,-0.0,1.8137999999999999,44.85926129365372,67.15860424823899,1.9991057163882426,0.01387227261444789,2.7508749628080724,bounce_resistance
XAUUSD.a,15m,1,0.04,2023-04-03 21:00:00,1985.3029196010405,2023-04-04 04:30:00,1980.3125038442042,1980.3623571467726,1990.3547408829174,stop,26,-19.961663027344912,-0.96,-0.19941321027348324,-3.3168,-23.278463027344912,-34.34364058857926,-1.1779257545482607,1.010597406116679,0.14514145010758578,bounce_support
XAUUSD.a,15m,1,0.03,2023-04-04 20:30:00,2020.2403506719083,2023-04-05 15:30:00,2031.4674832411579,2014.1762583794211,2031.4674832411579,target,72,33.6813977077486,-0.72,-0.0,-7.4628,26.2185977077486,39.07216921411651,1.4411938584900712,0.4057244766799638,1.9326304354917472,bounce_support
XAUUSD.a,15m,-1,0.09,2023-04-06 02:30:00,2020.3771345184628,2023-04-06 04:00:00,2015.5780250652078,2022.9459874673962,2015.3380250652078,target,6,43.19198507929423,-2.16,-0.0,0.0,43.19198507929423,64.4425654680327,1.8681915814789734,0.22689717672600884,2.8445125757379848,bounce_resistance
XAUUSD.a,15m,-1,0.11,2023-04-06 07:30:00,2011.566233136138,2023-04-06 07:45:00,2013.9744378431708,2013.6845982827917,2007.4308034344162,stop,1,-26.49025177736121,-2.6399999999999997,-0.5482351641696415,0.0,-26.49025177736121,-39.56130791123239,-1.1368222852594072,1.0780798898006048,0.13039920741442185,bounce_resistance
XAUUSD.a,15m,-1,0.07,2023-04-06 11:30:00,2016.248085238696,2023-04-06 11:45:00,2019.5899958943478,2019.2858717625313,2010.3582564749372,stop,1,-23.393374589563113,-1.6800000000000002,-0.4488689227154737,0.0,-23.393374589563113,-34.919653972956645,-1.1001137273571495,1.096823208333039,0.25284371784168297,bounce_resistance
XAUUSD.a,15m,-1,0.08,2023-04-06 12:00:00,2017.2980612517326,2023-04-06 12:45:00,2020.3332579205025,2020.032410819586,2011.895178360828,stop,3,-24.281573350159306,-1.92,-0.48677680733256234,0.0,-24.281573350159306,-36.25522344515679,-1.110025105953365,1.1527197492681738,0.0797488566554795,bounce_resistance
XAUUSD.a,15m,-1,0.06,2023-04-06 19:15:00,2013.0053922175007,2023-04-06 23:00:00,2006.0608631295013,2016.7245684352492,2005.8208631295013,target,15,41.667174527996394,-1.44,-0.0,0.0,41.667174527996394,62.45641773540246,1.867222385123593,0.5013496735112938,1.9588725542859469,bounce_resistance
XAUUSD.a,15m,-1,0.07,2023-04-10 08:00:00,1992.0087117916266,2023-04-10 08:45:00,1995.2986449903442,1994.9993594616653,1986.271281076669,stop,3,-23.029532391022943,-1.6800000000000002,-0.41499870075156187,0.0,-23.029532391022943,-34.58407026734186,-1.100073817346392,1.0369955108530498,0.24366353781060276,bounce_resistance
XAUUSD.a,15m,-1,0.09,2023-04-10 14:30:00,2000.8048646933853,2023-04-10 15:45:00,1996.0409168188285,2003.3595415905856,1995.8009168188285,target,5,42.875530871011506,-2.16,-0.0,0.0,42.875530871011506,64.72950703676365,1.8647946751221662,0.8279463085655697,4.589568530656282,bounce_resistance
XAUUSD.a,15m,-1,0.05,2023-04-10 19:45:00,1988.7028007605854,2023-04-10 22:30:00,1992.945338972809,1992.6423452020513,1981.1753095958973,stop,11,-21.21269106111754,-1.2,-0.3149688537877515,0.0,-21.21269106111754,-31.934319485017223,-1.0769108650148715,1.02732671240248,0.2799310369437511,bounce_resistance
XAUUSD.a,15m,1,0.09,2023-04-11 14:15:00,2001.7915006881422,2023-04-11 15:45:00,1999.2355401969296,1999.2967522438532,2005.9364955122935,stop,6,-23.003644420912906,-2.16,-0.5509084223133791,0.0,-23.003644420912906,-34.556610414783236,-1.0245363603948758,1.4035486007248428,0.3160636551003139,bounce_support
XAUUSD.a,15m,1,0.07,2023-04-11 22:45:00,2004.7792485326568,2023-04-12 04:15:00,2005.7733515482696,2001.830500376901,2005.7733515482696,target,18,6.958721109289855,-1.6800000000000002,-0.0,-17.413200000000003,-10.45447889071015,-15.690348027480338,-0.506485093164689,0.6678252697887999,1.7094547248817942,bounce_support
XAUUSD.a,15m,1,0.06,2023-04-12 13:30:00,2008.3327940775957,2023-04-12 15:30:00,2014.3621539053036,2004.8939230473482,2014.3621539053036,target,8,36.17615896624693,-1.44,-0.0,0.0,36.17615896624693,53.945152870143495,1.7532962924968243,0.6143859595233488,5.783062449123747,bounce_support
XAUUSD.a,15m,1,0.03,2023-04-12 16:45:00,2008.972912710101,2023-04-12 16:45:00,2002.6461264224556,2002.7854954876068,2020.3490090247867,stop,0,-18.980358862935873,-0.72,-0.41810719545376657,0.0,-18.980358862935873,-28.3390451250237,-1.022524594695912,1.2303861912567595,0.004377802389117287,bounce_support
XAUUSD.a,15m,1,0.04,2023-04-12 17:00:00,2008.1850618022363,2023-04-12 22:00:00,2018.0049427528927,2002.5475286235537,2018.0049427528927,target,20,39.27952380262559,-0.96,-0.0,0.0,39.27952380262559,58.69097780029524,1.7418755046602077,0.9090965214388351,1.7427725720382607,bounce_support
XAUUSD.a,15m,1,0.07,2023-04-13 01:45:00,2015.0513122589525,2023-04-13 02:00:00,2015.4798734177214,2011.9415322102511,2015.4798734177214,target,1,2.9999281113819056,-1.6800000000000002,-0.0,0.0,2.9999281113819056,4.479777964014433,0.13781076219451766,0.18049902249096644,0.3983200488937161,bounce_support
XAUUSD.a,15m,1,0.09,2023-04-13 06:15:00,2016.1892376189278,2023-04-13 09:15:00,2020.1076666537585,2013.8111666731209,2020.1076666537585,target,12,35.26586131347676,-2.16,-0.0,0.0,35.26586131347676,52.5329003194899,1.6477342872128355,0.41177813498557114,2.279478831626155,bounce_support
XAUUSD.a,15m,1,0.07,2023-04-13 23:00:00,2040.7367099351013,2023-04-14 05:00:00,2046.8930699339946,2037.5734650330028,2046.8930699339946,target,20,43.09451999225326,-1.6800000000000002,-0.0,-5.804400000000001,37.29011999225326,54.974230440283726,1.684080797967685,0.6628351581979094,2.0274402594133982,bounce_support
XAUUSD.a,15m,1,0.09,2023-04-14 07:45:00,2042.978335308876,2023-04-14 08:30:00,2040.401320163064,2040.4574261070877,2047.2751477858246,stop,3,-23.193136312308752,-2.16,-0.5049534962133592,0.0,-23.193136312308752,-34.1955566712993,-1.0222562335779422,1.1497182472181244,0.32593981986382703,bounce_support
XAUUSD.a,15m,1,0.08,2023-04-14 10:15:00,2040.9126921224026,2023-04-14 10:15:00,2038.1263235479428,2038.1903617315465,2045.5092765369072,stop,0,-22.290948595678856,-1.92,-0.5123054688304506,0.0,-22.290948595678856,-32.89157397069374,-1.0235232960036245,1.2866521029804412,0.0,bounce_support
XAUUSD.a,15m,-1,0.06,2023-04-14 23:15:00,2005.174802724084,2023-04-17 04:00:00,1997.7887778634597,2009.0406110682702,1997.5487778634597,target,15,44.31614916374565,-1.44,-0.0,1.8137999999999999,46.12994916374565,68.79727549326739,1.9888013517759358,0.027212232617326613,2.5569820963705316,bounce_resistance
XAUUSD.a,15m,-1,0.06,2023-04-17 04:45:00,2003.58627630346,2023-04-17 08:30:00,2007.508856195774,2007.2135011821538,1996.4929976356927,stop,15,-23.535479353883602,-1.44,-0.33213008172064973,0.0,-23.535479353883602,-35.06791333236524,-1.0814272683656903,1.1286103931924603,0.29396476345407674,bounce_resistance
XAUUSD.a,15m,-1,0.04,2023-04-17 19:45:00,1990.440846525034,2023-04-17 20:00:00,1995.7148352241488,1995.369064312589,1986.100752688172,stop,1,-21.09595479645941,-0.96,-0.423083646239261,0.0,-21.09595479645941,-31.507190985810695,-1.0701614511503525,1.0691803207788413,0.10568658843551341,bounce_resistance
XAUUSD.a,15m,-1,0.06,2023-04-17 22:30:00,1995.9003045875045,2023-04-18 05:45:00,1999.7926150473509,1999.5018585142004,1988.9362829715992,stop,25,-23.35386275907831,-1.44,-0.3045391989020151,1.8137999999999999,-21.54006275907831,-32.061298462548095,-0.996794864915393,1.3715455919959263,0.7358780796976329,bounce_resistance
XAUUSD.a,15m,1,0.07,2023-04-18 23:00:00,2004.4283363742945,2023-04-19 08:30:00,2001.1384508332194,2001.1845618019977,2009.0948131868133,stop,34,-23.02919878752596,-1.6800000000000002,-0.3227767814486745,-17.413200000000003,-40.44239878752596,-60.134713377137025,-1.7810995839283092,1.0846426889039935,1.1349936759318224,bounce_support
XAUUSD.a,15m,-1,0.05,2023-04-19 16:00:00,1980.1545757147087,2023-04-19 16:15:00,1984.4414559032873,1984.1012649344887,1972.4874701310227,stop,1,-21.434400942893035,-1.2,-0.500954843992933,0.0,-21.434400942893035,-31.896429974543203,-1.0861965434455005,1.2327862708081563,0.21906354074591639,bounce_resistance
XAUUSD.a,15m,-1,0.04,2023-04-19 19:30:00,1992.8041489770608,2023-04-20 04:30:00,1998.0194274850744,1997.723701804981,1983.102596390038,stop,32,-20.861114032054502,-0.96,-0.222902720374123,1.2092,-19.651914032054503,-29.30497171496347,-0.9986636346561408,1.190321809272044,0.1228056691722019,bounce_resistance
XAUUSD.a,15m,1,0.09,2023-04-20 05:30:00,1993.149526298923,2023-04-20 06:00:00,1990.5409443365909,1990.600795442596,1997.588409114808,stop,2,-23.477237660989886,-2.16,-0.5386599540475229,0.0,-23.477237660989886,-35.01661196937906,-1.0234827093871648,1.0748589997733167,0.35330278159481665,bounce_support
XAUUSD.a,15m,1,0.04,2023-04-20 19:00:00,2002.8823560323683,2023-04-21 08:30:00,1997.6899959007815,1997.742950238437,2011.864099523126,stop,50,-20.769440526347353,-0.96,-0.21181735062266216,-3.3168,-24.086240526347353,-35.899246618695194,-1.1716452004426785,1.599865113215503,1.048300948330166,bounce_support
XAUUSD.a,15m,-1,0.05,2023-04-21 12:00:00,1988.2189376710608,2023-04-21 13:30:00,1992.5914077892667,1992.2654628170096,1984.7189029535864,stop,6,-21.862350591029553,-1.2,-0.42972486128464316,0.0,-21.862350591029553,-32.66596529207876,-1.0805493504923267,1.0307763274658404,0.8498495739001257,bounce_resistance
XAUUSD.a,15m,-1,0.07,2023-04-24 10:30:00,1982.3768633728703,2023-04-24 12:00:00,1985.9376463339377,1985.6332324110624,1977.665216346154,stop,6,-24.925480727471726,-1.6800000000000002,-0.45089746012614873,0.0,-24.925480727471726,-37.303542050752384,-1.0934826241451612,1.0112909773144376,0.4842397634838592,bounce_resistance
XAUUSD.a,15m,1,0.06,2023-04-24 16:45:00,1978.0132068404857,2023-04-24 16:45:00,1974.169196405422,1974.2490066661508,1984.6619866676986,stop,0,-23.064062610381825,-1.44,-0.47886156437194494,0.0,-23.064062610381825,-34.51102424081912,-1.0212024486032452,1.0448984268432786,0.19573697608800356,bounce_support
XAUUSD.a,15m,1,0.08,2023-04-24 23:00:00,1988.9891307947987,2023-04-25 01:00:00,1990.5965420560747,1986.2180558873567,1990.5965420560747,target,4,12.85929009020765,-1.92,-0.0,-6.6336,6.22569009020765,9.29262954535741,0.280833715171683,0.27033942416599577,1.4618403834274845,bounce_support
XAUUSD.a,15m,1,0.06,2023-04-25 07:15:00,1992.4415360096236,2023-04-25 10:30:00,1989.0587975020953,1989.137676404885,1998.47464719023,stop,13,-20.29643104516981,-1.44,-0.47327341673878437,0.0,-20.29643104516981,-30.47740978327173,-1.023874774423398,1.4956858343908408,1.4644883769990495,bounce_support
XAUUSD.a,15m,1,0.05,2023-04-25 12:00:00,1988.8427729292832,2023-04-25 13:15:00,1984.6107277652752,1984.6870732248467,1996.2158535503065,stop,5,-21.16022582004007,-1.2,-0.38172729785736603,0.0,-21.16022582004007,-31.767340969884504,-1.018371264769199,1.1966150787975656,0.5070691389147273,bounce_support
XAUUSD.a,15m,-1,0.04,2023-04-25 18:30:00,1988.5820985716136,2023-04-25 20:15:00,1993.7916200140544,1993.4588681219093,1978.7322637561813,stop,7,-20.838085769762984,-0.96,-0.3710075685805499,0.0,-20.838085769762984,-31.48841103368691,-1.0682320312069953,1.584635351063043,0.15217011260430277,bounce_resistance
XAUUSD.a,15m,1,0.05,2023-04-25 23:30:00,1996.2335406416662,2023-04-26 14:30:00,1992.0688070981955,1992.144158936236,2003.5616821275282,stop,56,-20.823667717353374,-1.2,-0.3767591902026123,-12.437999999999999,-33.261667717353376,-50.379673014076175,-1.6267333359067753,1.1721920297390813,1.5079197302970098,bounce_support
XAUUSD.a,15m,-1,0.07,2023-04-27 02:30:00,1991.1498853970947,2023-04-27 04:30:00,1994.2345300707937,1993.9347944074489,1986.1504016064255,stop,8,-21.59251271589233,-1.6800000000000002,-0.4181496434133063,0.0,-21.59251271589233,-32.67582620706758,-1.107628530135237,1.4183998788538108,0.5888470291121791,bounce_resistance
XAUUSD.a,15m,1,0.06,2023-04-27 09:00:00,1999.4040519580403,2023-04-27 09:15:00,2001.4564864864865,1995.8735904805214,2001.4564864864865,target,1,12.314607170676936,-1.44,-0.0,0.0,12.314607170676936,18.581915696941298,0.5813502120092678,0.5988032928562257,0.7721223016645142,bounce_support
XAUUSD.a,15m,1,0.06,2023-04-27 11:00:00,1999.715143103754,2023-04-27 13:00:00,1996.2171349077025,1996.2828412882584,2001.8975675675674,stop,8,-20.988049176308323,-1.44,-0.39423828333498123,0.0,-20.988049176308323,-31.707833539262033,-1.0191435322672462,1.1261081663344334,0.056771492345591854,bounce_support
XAUUSD.a,15m,-1,0.03,2023-04-27 19:00:00,1982.2205163749363,2023-04-27 20:15:00,1988.5627307313332,1988.2156916992315,1970.1386166015373,stop,5,-19.02664306919064,-0.72,-0.32111709630548707,0.0,-19.02664306919064,-28.71512687774018,-1.0578863858568723,1.399372523946987,0.17856298056839495,bounce_resistance
XAUUSD.a,15m,-1,0.08,2023-04-28 13:00:00,1982.9087998355124,2023-04-28 15:30:00,1985.8923086564491,1985.572555593166,1977.704888813668,stop,10,-23.868070567494215,-1.92,-0.6380245062640342,0.0,-23.868070567494215,-36.23786619220256,-1.1200384315883132,1.7123192137199943,2.5110409677364753,bounce_resistance
XAUUSD.a,15m,1,0.06,2023-04-28 22:00:00,1989.1922978007365,2023-05-01 03:15:00,1986.023151809033,1986.0727438399524,1994.5545123200955,stop,17,-19.014875950221267,-1.44,-0.2975521855168015,-4.9752,-23.990075950221268,-36.250284758339156,-1.2817043852957144,1.1258974343414256,0.8263047319161103,bounce_support
XAUUSD.a,15m,-1,0.1,2023-05-01 06:30:00,1981.7199851197693,2023-05-01 07:00:00,1984.1569913956203,1983.8671813336891,1977.5456373326217,stop,2,-24.370062758509903,-2.4,-0.49810061931034166,0.0,-24.370062758509903,-36.729005981085294,-1.1349713920192,1.942074437909966,0.5169462914350992,bounce_resistance
XAUUSD.a,15m,-1,0.05,2023-05-01 20:30:00,1983.5443988848426,2023-05-02 13:30:00,1987.5130526978037,1987.212950923501,1976.3740981529977,stop,64,-19.843269064805327,-1.2,-0.3005088715130665,1.5115,-18.331769064805325,-27.41773091160067,-0.9994007920089014,1.149118527073978,1.3886674718414587,bounce_resistance
XAUUSD.a,15m,1,0.04,2023-05-02 22:00:00,2014.5527002287292,2023-05-03 15:15:00,2009.6291301631088,2009.6884919573174,2023.3430160853652,stop,65,-19.694280262481698,-0.96,-0.2374471768347089,-9.9504,-29.6446802624817,-44.54229687544205,-1.5236128167409553,1.5527090550621265,1.0088588928463926,bounce_support
XAUUSD.a,15m,1,0.05,2023-05-03 21:00:00,2023.839452140959,2023-05-03 21:00:00,2020.1253478464064,2020.244526057845,2030.13094788431,stop,0,-18.57052147276363,-1.2,-0.5958910571927866,0.0,-18.57052147276363,-27.77523403045712,-1.0331517835647197,1.273865452329996,3.377134210371294,bounce_support
XAUUSD.a,15m,1,0.03,2023-05-04 06:45:00,2040.5833314966844,2023-05-04 10:00:00,2034.3268581879045,2034.4280274177277,2052.2539451645443,stop,13,-18.76941992633988,-0.72,-0.3035076894699361,0.0,-18.76941992633988,-28.12572290937135,-1.016436105921894,1.027297988137111,0.7825232419926242,bounce_support
XAUUSD.a,15m,1,0.07,2023-05-05 01:45:00,2049.249536847449,2023-05-05 02:15:00,2049.446891891892,2046.308225696796,2049.446891891892,target,2,1.3814853111020968,-1.6800000000000002,-0.0,0.0,1.3814853111020968,2.0630884846660744,0.06709764262762641,0.25823070343320065,0.06815435099633849,bounce_support
XAUUSD.a,15m,1,0.08,2023-05-05 03:30:00,2049.298123710902,2023-05-05 05:15:00,2046.7270242456643,2046.7889283873155,2053.302143225369,stop,7,-20.56879572190155,-1.92,-0.49523313321052753,0.0,-20.56879572190155,-30.60149627598237,-1.0246709138460892,1.3622389930235737,1.4354706687201149,bounce_support
XAUUSD.a,15m,-1,0.1,2023-05-05 15:15:00,2038.044965866565,2023-05-05 15:15:00,2034.2270743290503,2040.1264628354747,2033.9870743290503,target,0,38.17891537514697,-2.4,-0.0,0.0,38.17891537514697,56.93926411612923,1.8342047067762346,0.021635454726844455,2.3612649645794628,bounce_resistance
XAUUSD.a,15m,-1,0.03,2023-05-05 20:30:00,2016.847675084159,2023-05-08 06:30:00,2022.7090614281217,2022.4126201368001,2006.0547597263999,stop,36,-17.584159031888248,-0.72,-0.16932387396460763,0.9068999999999999,-16.677259031888248,-24.636971919707275,-0.9989472117652539,1.067813762693082,0.6141435453233829,bounce_resistance
XAUUSD.a,15m,1,0.08,2023-05-08 10:45:00,2021.6125130812436,2023-05-08 15:45:00,2025.9903197598699,2018.984840120065,2025.9903197598699,target,20,35.022453429010056,-1.92,-0.0,0.0,35.022453429010056,51.54454041298981,1.6660393980926034,0.6403053599519696,2.031259977026339,bounce_support
XAUUSD.a,15m,1,0.07,2023-05-08 16:30:00,2021.9649993336363,2023-05-08 16:30:00,2018.8666371856527,2018.934136186107,2027.261727627786,stop,0,-21.688535035885256,-1.6800000000000002,-0.4724930031804781,0.0,-21.688535035885256,-31.892559423403064,-1.022270553690065,1.3576988248350563,0.32169075900325894,bounce_support
XAUUSD.a,15m,1,0.07,2023-05-08 16:45:00,2021.2276708098052,2023-05-08 17:45:00,2026.10291433614,2018.34354283193,2026.10291433614,target,4,34.126704684343395,-1.6800000000000002,-0.0,0.0,34.126704684343395,50.250621654680835,1.6903700403498196,0.10320998655006,1.8557876873889951,bounce_support
XAUUSD.a,15m,1,0.06,2023-05-08 21:15:00,2022.003511117849,2023-05-09 08:15:00,2027.781070456923,2018.6594647715385,2027.781070456923,target,40,34.66535603444436,-1.44,-0.0,-4.9752,29.690156034444357,43.803065806707416,1.4797520209412156,0.745656865850599,1.9456933930744067,bounce_support
XAUUSD.a,15m,1,0.08,2023-05-09 11:30:00,2022.3795810975073,2023-05-09 12:15:00,2026.8633938202795,2019.7783030898604,2026.8633938202795,target,3,35.8705017821776,-1.92,-0.0,0.0,35.8705017821776,53.04011856182644,1.7236960869200728,0.11901115397788925,1.741612733884979,bounce_support
XAUUSD.a,15m,1,0.09,2023-05-09 23:45:00,2034.789952636432,2023-05-10 05:00:00,2032.4040091373963,2032.4457310916025,2038.7585378167948,stop,17,-21.47349149132083,-2.16,-0.3754975878554484,-22.388399999999997,-43.861891491320826,-64.83745730361251,-2.0789602884526897,1.352241064170705,1.441863449733808,bounce_support
XAUUSD.a,15m,-1,0.09,2023-05-10 11:00:00,2031.6053846645218,2023-05-10 11:30:00,2027.4434766920858,2033.8882616539572,2027.2034766920858,target,2,37.45717175192385,-2.16,-0.0,0.0,37.45717175192385,55.47156127645146,1.8230977804306878,0.08525003159556079,2.3502732251240324,bounce_resistance
XAUUSD.a,15m,-1,0.11,2023-05-10 13:30:00,2031.3772533981344,2023-05-10 15:15:00,2027.8681063375425,2033.3309468312289,2027.6281063375425,target,7,38.60061766651074,-2.6399999999999997,-0.0,0.0,38.60061766651074,56.643165020486215,1.7961605445096327,0.3597015734205875,3.2846777746342455,bounce_resistance
XAUUSD.a,15m,-1,0.07,2023-05-11 01:45:00,2030.7924495659427,2023-05-11 03:30:00,2034.0280142345566,2033.7405816849725,2029.8185258964143,stop,7,-22.64895268029773,-1.6800000000000002,-0.3320278470881281,0.0,-22.64895268029773,-33.36321580340236,-1.0974964954008457,1.0608583020650286,0.08563034346838205,bounce_resistance
XAUUSD.a,15m,1,0.07,2023-05-11 05:00:00,2033.7162184227843,2023-05-11 07:30:00,2030.8956580066902,2030.9381326723635,2035.1216666666667,stop,10,-19.743922912659176,-1.6800000000000002,-0.2973226597141993,0.0,-19.743922912659176,-29.137590815748254,-1.0152891845282024,1.3016943131566914,0.13814605152395046,bounce_support
XAUUSD.a,15m,1,0.12,2023-05-11 07:45:00,2030.597550983512,2023-05-11 09:30:00,2028.8120270041986,2028.86045880262,2033.2690823947596,stop,7,-21.426287751761265,-2.88,-0.5811815810563363,0.0,-21.426287751761265,-31.770889311627023,-1.0278809604661234,1.0290478554766345,1.4233263172126516,bounce_support
XAUUSD.a,15m,-1,0.06,2023-05-11 14:30:00,2036.6154094207275,2023-05-11 15:15:00,2030.3093906082483,2040.000304695876,2030.0693906082483,target,3,37.83611287487474,-1.44,-0.0,0.0,37.83611287487474,56.19169049050218,1.8629878622175648,0.7576572894593098,2.376856229436736,bounce_resistance
XAUUSD.a,15m,-1,0.05,2023-05-11 22:00:00,2014.3655155516303,2023-05-12 09:15:00,2006.3925618318417,2018.5687190840792,2006.1525618318417,target,41,39.8647685989431,-1.2,-0.0,1.5115,41.3762685989431,61.80266859690675,1.9687968131695934,0.7457370132498491,2.080678578639995,bounce_resistance
XAUUSD.a,15m,-1,0.1,2023-05-12 10:45:00,2011.5681320180402,2023-05-12 11:15:00,2007.6298777047678,2013.720061147616,2007.3898777047677,target,2,39.382543132724095,-2.4,-0.0,0.0,39.382543132724095,58.85282235115754,1.8301040955046248,0.05198497498007976,1.9462220946214899,bounce_resistance
XAUUSD.a,15m,-1,0.05,2023-05-12 16:00:00,2014.0967989073172,2023-05-12 16:00:00,2018.4984923807992,2018.163690741775,2005.9726185164495,stop,0,-22.008467367410276,-1.2,-0.4740081951211509,0.0,-22.008467367410276,-32.926105393929376,-1.0823237136988575,1.5129984624985697,0.32624396254542826,bounce_resistance
XAUUSD.a,15m,1,0.08,2023-05-15 07:00:00,2014.2019194252853,2023-05-15 08:30:00,2018.830468611605,2011.5097656941975,2018.830468611605,target,6,37.0283934905583,-1.92,-0.0,0.0,37.0283934905583,55.42425944192894,1.7192737297545355,0.3721627831707854,1.867679589264474,bounce_support
XAUUSD.a,15m,1,0.08,2023-05-15 14:30:00,2015.7073484897005,2023-05-15 14:30:00,2012.9387319977625,2012.9947547323131,2020.3904905353738,stop,0,-22.14893193550415,-1.92,-0.4481818764046636,0.0,-22.14893193550415,-33.10999616638635,-1.0206528288277896,1.4072687734034617,0.0,bounce_support
XAUUSD.a,15m,1,0.07,2023-05-15 14:45:00,2013.2073950261504,2023-05-15 15:30:00,2018.1897954368483,2010.225102281576,2018.1897954368483,target,3,34.87680287488524,-1.6800000000000002,-0.0,0.0,34.87680287488524,52.15456824214207,1.6706610777101982,0.5859233736625479,2.0026890333672207,bounce_support
XAUUSD.a,15m,-1,0.14,2023-05-16 03:30:00,2014.7674954013241,2023-05-16 04:00:00,2016.577589027969,2016.300247621008,2013.7169133192388,stop,2,-25.341310773028003,-3.3600000000000003,-0.5227796974522584,0.0,-25.341310773028003,-37.80930826722965,-1.180943405854646,2.0306638990336725,0.30500389777323306,bounce_resistance
XAUUSD.a,15m,-1,0.11,2023-05-16 11:45:00,2009.993851236442,2023-05-16 14:30:00,2006.4005996565274,2011.9947001717362,2006.1605996565274,target,11,39.525767379059744,-2.6399999999999997,-0.0,0.0,39.525767379059744,59.238594456274065,1.7958635040011661,0.12302216285101067,2.1660062186576594,bounce_resistance
XAUUSD.a,15m,-1,0.08,2023-05-17 01:30:00,1989.4717663772133,2023-05-17 03:15:00,1992.3579124608304,1992.0710412269732,1984.1779175460538,stop,7,-23.08916866893742,-1.92,-0.37496987085821454,0.0,-23.08916866893742,-34.67779380153408,-1.1103658714213125,1.191960759006624,0.2584437645273885,bounce_resistance
XAUUSD.a,15m,-1,0.11,2023-05-17 06:15:00,1992.2790604123018,2023-05-17 07:00:00,1991.1725,1994.1678730053773,1990.9325,target,3,12.172164535320462,-2.6399999999999997,-0.0,0.0,12.172164535320462,18.29905369271545,0.5858497642161944,0.07461808980679481,0.7883579439065482,bounce_resistance
XAUUSD.a,15m,-1,0.12,2023-05-17 07:30:00,1991.9542109791769,2023-05-17 08:30:00,1988.8925966108195,1993.6887016945902,1988.6525966108195,target,4,36.73937242028842,-2.88,-0.0,0.0,36.73937242028842,55.33704726516511,1.7651373634639114,0.04946063997963843,2.331641756994354,bounce_resistance
XAUUSD.a,15m,-1,0.13,2023-05-18 02:45:00,1982.7945646495225,2023-05-18 04:15:00,1984.75688087368,1984.4802428374312,1980.6053956834533,stop,6,-25.510110914048482,-3.12,-0.47629447123419255,0.0,-25.510110914048482,-38.39282250590486,-1.164110823900541,1.1778258535460158,0.5010236565795759,bounce_resistance
XAUUSD.a,15m,-1,0.16,2023-05-18 04:30:00,1984.5852193108935,2023-05-18 05:00:00,1986.196060851072,1985.9175633781715,1982.0248732436567,stop,2,-25.77346464285438,-3.84,-0.6159595664057114,0.0,-25.77346464285438,-38.74077778206827,-1.209028193047316,1.0468622357857387,0.8595522275512553,bounce_resistance
XAUUSD.a,15m,-1,0.08,2023-05-18 13:45:00,1976.894407018824,2023-05-18 15:30:00,1971.8225954198472,1979.6274871105638,1971.5825954198472,target,7,40.57449279181492,-1.92,-0.0,0.0,40.57449279181492,61.28151758316707,1.8557127594999632,0.2728031949848343,3.5214507792552325,bounce_resistance
XAUUSD.a,15m,-1,0.08,2023-05-18 22:45:00,1957.0093247214506,2023-05-19 04:00:00,1960.046680001925,1959.7659080441215,1951.618183911757,stop,17,-24.29884224379566,-1.92,-0.32617566242907525,2.4184,-21.880442243795663,-33.047035559274526,-0.9921903168972477,1.2082621450826283,0.06868093552393198,bounce_resistance
XAUUSD.a,15m,-1,0.11,2023-05-19 08:00:00,1962.479106821275,2023-05-19 09:00:00,1964.655718786293,1964.3638464514236,1958.742307097153,stop,4,-23.942731615196408,-2.6399999999999997,-0.5705956835636132,0.0,-23.942731615196408,-36.02848787178754,-1.154860825442702,1.5285364262743546,1.012928677646969,bounce_resistance
XAUUSD.a,15m,1,0.08,2023-05-19 13:30:00,1964.2411004342503,2023-05-19 15:30:00,1961.7066260445145,1961.7685384902109,1967.27125,stop,8,-20.275795117886446,-1.92,-0.49529956557094784,0.0,-20.275795117886446,-30.440937315727243,-1.0250397956037702,1.5898895652450729,1.0268295085064452,bounce_support
XAUUSD.a,15m,1,0.07,2023-05-22 03:45:00,1980.3273836696715,2023-05-22 04:00:00,1981.3685491071428,1977.2576719675187,1981.3685491071428,target,1,7.288158062299545,-1.6800000000000002,-0.0,0.0,7.288158062299545,10.955023542417546,0.33917368746426874,0.28907720195648945,0.636091112060839,bounce_support
XAUUSD.a,15m,1,0.1,2023-05-22 08:00:00,1976.5331761575767,2023-05-22 08:30:00,1974.328991514202,1974.3803892486187,1980.0492215027625,stop,2,-22.04184643374674,-2.4,-0.5139773441676891,0.0,-22.04184643374674,-33.20005186508223,-1.0238749753646423,1.9710154032990512,0.0,bounce_support
XAUUSD.a,15m,-1,0.07,2023-05-22 20:15:00,1977.9537708245016,2023-05-22 22:45:00,1972.128711632188,1980.995644183906,1971.888711632188,target,10,40.77541434619503,-1.6800000000000002,-0.0,0.0,40.77541434619503,61.33024644084384,1.9149578250206982,0.3110679057604667,2.075619224903432,bounce_resistance
XAUUSD.a,15m,-1,0.11,2023-05-23 03:30:00,1970.4538687195782,2023-05-23 03:30:00,1970.2061797752808,1972.333992022715,1969.9661797752808,target,0,2.724578387270867,-2.6399999999999997,-0.0,0.0,2.724578387270867,4.092433290180947,0.1317407980019773,0.16282510828469512,0.3424609005717876,bounce_resistance
XAUUSD.a,15m,-1,0.08,2023-05-23 06:45:00,1962.9930093845542,2023-05-23 10:00:00,1958.2342274275263,1965.6228862862367,1957.9942274275263,target,13,38.0702556562228,-1.92,-0.0,0.0,38.0702556562228,57.4376603494558,1.809507492150388,0.5958418108631749,1.993633002822206,bounce_resistance
XAUUSD.a,15m,-1,0.06,2023-05-23 16:15:00,1962.7762353258775,2023-05-23 16:15:00,1966.5078046776136,1966.1871576664298,1956.0256846671402,stop,0,-22.389416110417187,-1.44,-0.4838820671032634,0.0,-22.389416110417187,-33.8065714054738,-1.0940059547447545,1.6546154120907592,0.0,bounce_resistance
XAUUSD.a,15m,1,0.08,2023-05-24 01:00:00,1975.1781302639813,2023-05-24 08:45:00,1979.7036051838722,1972.468197408064,1979.7036051838722,target,31,36.203799359127515,-1.92,-0.0,0.0,36.203799359127515,54.88750660874396,1.6699583201884,0.9107717405588088,1.9749086123416766,bounce_support
XAUUSD.a,15m,-1,0.05,2023-05-24 22:45:00,1960.3303249667179,2023-05-25 11:15:00,1964.353710705523,1964.0545530741745,1952.8508938516509,stop,46,-20.116928694026228,-1.2,-0.29578815674307285,1.5115,-18.605428694026227,-28.48917986437323,-0.9991562362560248,1.0175732860439965,1.4581075084646997,bounce_resistance
XAUUSD.a,15m,-1,0.07,2023-05-25 23:00:00,1940.0979023106922,2023-05-26 01:15:00,1943.1734486008424,1942.8785034367472,1934.6629931265059,stop,5,-21.528824031051503,-1.6800000000000002,-0.3846161486660837,2.1161000000000003,-19.412724031051503,-29.84369086067443,-0.9973549475198517,1.0436943515969697,0.12871400624080273,bounce_resistance
XAUUSD.a,15m,-1,0.08,2023-05-26 01:30:00,1942.2542434698457,2023-05-26 03:45:00,1937.7614718189436,1944.6742640905281,1937.5214718189436,target,9,35.94217320721691,-1.92,-0.0,0.0,35.94217320721691,55.29565108802601,1.8565013919737687,0.09328702748434665,2.299254569275798,bounce_resistance
XAUUSD.a,15m,-1,0.08,2023-05-26 04:00:00,1940.8521421093837,2023-05-26 04:15:00,1943.7777777749175,1943.481339998702,1935.5273200025958,stop,1,-23.40508532426975,-1.92,-0.45150220972432686,0.0,-23.40508532426975,-35.965771289368966,-1.1127483699191496,1.2048761728763189,0.21380745499136045,bounce_resistance
XAUUSD.a,15m,-1,0.1,2023-05-26 07:30:00,1947.7669067483573,2023-05-26 08:30:00,1950.2189397461264,1949.9284918457658,1943.5730163084681,stop,4,-24.52032997769038,-2.4,-0.5044790036046352,0.0,-24.52032997769038,-37.63557523589511,-1.1343680157254576,1.8472986589470335,0.1466084998167317,bounce_resistance
XAUUSD.a,15m,1,0.09,2023-05-26 15:00:00,1951.704779210821,2023-05-26 15:30:00,1949.2748985048831,1949.3413200862256,1955.607359827549,stop,2,-21.868926353440884,-2.16,-0.5977942320825416,0.0,-21.868926353440884,-33.49454956033892,-1.0281035456256429,3.171105915404313,0.8949682129751095,bounce_support
XAUUSD.a,15m,-1,0.07,2023-05-26 21:45:00,1945.01548908025,2023-05-29 09:00:00,1948.0779004372812,1947.79793640282,1939.8541271943604,stop,41,-21.43687949921787,-1.6800000000000002,-0.27974824122893704,2.1161000000000003,-19.32077949921787,-29.509086811891546,-0.991972546844805,1.191221444828146,1.7342607139793815,bounce_resistance
XAUUSD.a,15m,1,0.11,2023-05-29 19:15:00,1944.9165505999792,2023-05-29 20:00:00,1942.9494468965784,1942.9876150460796,1947.9747699078412,stop,3,-21.638140737409685,-2.6399999999999997,-0.4198496445127412,0.0,-21.638140737409685,-33.090901877060226,-1.0197871564055239,1.1387371628556977,0.05363030393192471,bounce_support
XAUUSD.a,15m,-1,0.14,2023-05-30 01:45:00,1942.969061740155,2023-05-30 04:00:00,1944.7276852418286,1944.4490874071762,1940.0718251856476,stop,9,-24.62072902343016,-3.3600000000000003,-0.5403696851334667,0.0,-24.62072902343016,-37.585456329847894,-1.1882385156286488,1.4195282599885106,1.3506939674758422,bounce_resistance
XAUUSD.a,15m,1,0.06,2023-05-30 21:15:00,1958.8708759592168,2023-05-31 04:45:00,1955.7156133346393,1955.7597406267187,1963.1397816593885,stop,26,-18.931575747465104,-1.44,-0.264763752476077,-14.9256,-33.85717574746511,-52.06313257902401,-1.8137631512308443,1.3374140030982549,0.6104279749406392,bounce_support
XAUUSD.a,15m,1,0.04,2023-05-31 20:30:00,1963.874550899476,2023-06-01 10:00:00,1959.198177168496,1959.2532163251763,1972.3235673496472,stop,50,-18.705494923920014,-0.96,-0.22015662672167702,-3.3168,-22.022294923920015,-33.925339562991056,-1.191338485120247,1.4161603740771727,1.0398401204812895,bounce_support
XAUUSD.a,15m,1,0.05,2023-06-01 21:15:00,1978.0276014106687,2023-06-02 04:30:00,1974.1395369167071,1974.1785362858097,1984.7729274283806,stop,25,-19.440322469807825,-1.2,-0.1949968455130907,-4.146,-23.586322469807826,-35.75906619234346,-1.2255611014465304,1.046384324509522,0.07596613199470267,bounce_support
XAUUSD.a,15m,1,0.1,2023-06-02 09:15:00,1978.9550788815288,2023-06-02 10:30:00,1976.8561181921505,1976.9076231624367,1982.2547536751267,stop,5,-20.98960689378373,-2.4,-0.5150497028617611,0.0,-20.98960689378373,-31.751920268941426,-1.0251555966783488,1.487250177444134,0.2954501593516008,bounce_support
XAUUSD.a,15m,-1,0.1,2023-06-05 02:15:00,1949.7270957193077,2023-06-05 03:30:00,1946.1677697716118,1951.676115114194,1945.9277697716118,target,5,35.59325947695925,-2.4,-0.0,0.0,35.59325947695925,53.95206978257329,1.8262137139499575,0.03227483567237907,2.0867394803655994,bounce_resistance
XAUUSD.a,15m,-1,0.07,2023-06-05 16:30:00,1946.4343114033904,2023-06-05 17:00:00,1949.5589897569407,1949.2201062914278,1940.8497874171446,stop,2,-21.872748474851964,-1.6800000000000002,-0.6921842585903876,0.0,-21.872748474851964,-33.037411223834646,-1.1216469550461725,5.400860149904866,0.77690981941433,bounce_resistance
XAUUSD.a,15m,1,0.07,2023-06-05 23:00:00,1961.451172447163,2023-06-06 08:45:00,1958.5892658371922,1958.634460202938,1965.9410795941237,stop,35,-20.033346269794723,-1.6800000000000002,-0.31636056022020564,-5.804400000000001,-25.837746269794724,-38.79366735701804,-1.3104308462955756,1.2820523127866617,1.0788562300134423,bounce_support
XAUUSD.a,15m,1,0.09,2023-06-06 23:30:00,1963.0894424648786,2023-06-07 04:30:00,1966.6710635253896,1960.894468237305,1966.6710635253896,target,16,32.234589544598975,-2.16,-0.0,-22.388399999999997,9.846189544598978,14.743998359711561,0.4984209139076756,0.21387151565678741,1.6358085165722696,bounce_support
XAUUSD.a,15m,1,0.11,2023-06-07 05:15:00,1963.6261211173676,2023-06-07 09:15:00,1961.7589739204786,1961.8001449622525,1966.179710075495,stop,16,-20.5386191657783,-2.6399999999999997,-0.45288145951130726,0.0,-20.5386191657783,-30.797611548798603,-1.0225474147942832,2.111813512222208,1.0043279467233117,bounce_support
XAUUSD.a,15m,-1,0.08,2023-06-08 01:15:00,1942.710572575643,2023-06-08 02:45:00,1945.5965891721683,1945.3057111995017,1940.3294252873561,stop,6,-23.08813277220179,-1.92,-0.4070237813316143,0.0,-23.08813277220179,-34.675196401840964,-1.1120857167290803,1.001652628672236,0.4048232976783541,bounce_resistance
XAUUSD.a,15m,-1,0.11,2023-06-08 06:00:00,1946.2520852099713,2023-06-08 10:45:00,1948.4089484259805,1948.1165171614534,1942.606965677093,stop,19,-23.725495376101662,-2.6399999999999997,-0.5767439097985909,0.0,-23.725495376101662,-35.51029796013001,-1.156847378792555,1.0555036822150206,1.8783657977901471,bounce_resistance
XAUUSD.a,15m,1,0.05,2023-06-08 20:00:00,1966.5163505177375,2023-06-08 20:30:00,1962.6481534158738,1962.7280409477435,1973.473918104513,stop,2,-19.340985509318216,-1.2,-0.3994376593477059,0.0,-19.340985509318216,-28.806948926598476,-1.0210879101598265,1.26081314884333,0.035279451109598244,bounce_support
XAUUSD.a,15m,1,0.07,2023-06-08 22:30:00,1963.8513336230158,2023-06-09 11:00:00,1961.0427273005907,1961.08372177545,1968.3925564491,stop,46,-19.66024425697515,-1.6800000000000002,-0.28696132401403224,-5.804400000000001,-25.464644256975152,-37.916949711840786,-1.3144207073779304,1.1747794857416383,0.9317297796843474,bounce_support
XAUUSD.a,15m,-1,0.1,2023-06-12 02:30:00,1960.2437640851626,2023-06-12 03:15:00,1958.8778455284553,1962.2154064937774,1958.6378455284553,target,3,13.659185567073564,-2.4,-0.0,0.0,13.659185567073564,20.25323324793684,0.6927820941257798,0.10460107468590145,0.9351412188673233,bounce_resistance
XAUUSD.a,15m,-1,0.11,2023-06-12 08:15:00,1959.5637731103009,2023-06-12 08:30:00,1961.6352099580527,1961.3527439331149,1956.06451213377,stop,1,-22.78580532526962,-2.6399999999999997,-0.4671262743159671,0.0,-22.78580532526962,-33.792794277258146,-1.1578930306383999,1.0431846433155696,0.5051916435837543,bounce_resistance
XAUUSD.a,15m,-1,0.1,2023-06-12 09:30:00,1961.058429086175,2023-06-12 11:00:00,1963.3715470968996,1963.0780359433593,1957.0239281132813,stop,6,-23.131180107245655,-2.4,-0.5351115354023668,0.0,-23.131180107245655,-34.156583788257194,-1.1453308362943004,1.491166908604998,1.1677664282953952,bounce_resistance
XAUUSD.a,15m,1,0.09,2023-06-12 14:00:00,1964.3325578762924,2023-06-12 14:15:00,1962.1177202736803,1962.1690687442303,1965.439392624729,stop,1,-19.933538423508708,-2.16,-0.46213623495061157,0.0,-19.933538423508708,-29.49359101516395,-1.0237341014516994,1.216811232041281,0.34547995302158585,bounce_support
XAUUSD.a,15m,1,0.07,2023-06-12 16:00:00,1963.0893323806156,2023-06-12 16:15:00,1960.0921812535148,1960.1556442122294,1968.0287115755411,stop,1,-20.980057889705453,-1.6800000000000002,-0.4442407110025232,0.0,-20.980057889705453,-31.09031859294535,-1.0216324827561654,2.154057288267222,0.31723467729576327,bounce_support
XAUUSD.a,15m,-1,0.09,2023-06-12 22:45:00,1957.83234480243,2023-06-13 02:00:00,1960.2109217710133,1959.9286876808405,1953.7526246383186,stop,9,-21.407192717249472,-2.16,-0.3801068115559109,2.7207,-18.68649271724947,-27.6726238648977,-0.9904281355717743,1.072179184387106,0.5401524789153634,bounce_resistance
XAUUSD.a,15m,1,0.11,2023-06-13 04:45:00,1957.459098087698,2023-06-13 06:15:00,1960.1192653202359,1955.7103673398822,1960.1192653202359,target,6,29.261839557915664,-2.6399999999999997,-0.0,0.0,29.261839557915664,43.25603056692832,1.5211988671556447,0.9029966961295752,1.6073954871626925,bounce_support
XAUUSD.a,15m,1,0.04,2023-06-13 16:45:00,1955.5577891491066,2023-06-13 18:00:00,1950.7180193779307,1950.8260643969497,1963.8878712061007,stop,5,-19.359079084703808,-0.96,-0.4321800760759819,0.0,-19.359079084703808,-28.57597361424115,-1.0228341724589585,1.1386522740255767,0.37453802655902224,bounce_support
XAUUSD.a,15m,-1,0.06,2023-06-14 01:15:00,1943.7399912835085,2023-06-14 04:15:00,1947.0761367401312,1946.7895372889002,1937.8209254221995,stop,12,-20.0168727397363,-1.44,-0.2795967073864787,0.0,-20.0168727397363,-29.519927943216583,-1.0939810223306439,1.0132684376717702,0.5345029327731897,bounce_resistance
XAUUSD.a,15m,1,0.09,2023-06-14 13:45:00,1948.721483505138,2023-06-14 14:15:00,1946.495352969716,1946.5418354623303,1950.9869848156181,stop,2,-20.035174818798396,-2.16,-0.41834243352989,0.0,-20.035174818798396,-29.503843224996537,-1.0213256873134817,1.2164732346982634,0.10025310993816959,bounce_support
XAUUSD.a,15m,1,0.05,2023-06-14 18:45:00,1957.2566624647702,2023-06-14 20:45:00,1953.5314833127948,1953.5890047059804,1959.8862318840581,stop,8,-18.625895759877267,-1.2,-0.2876069659287119,0.0,-18.625895759877267,-27.327526863871103,-1.0156834134940202,1.0787981662923265,0.03635495566900473,bounce_support
XAUUSD.a,15m,-1,0.06,2023-06-15 02:30:00,1944.2227305084018,2023-06-15 03:45:00,1938.1335770181634,1947.4582114909183,1937.8935770181633,target,5,36.534920941430755,-1.44,-0.0,0.0,36.534920941430755,53.802990856977765,1.881993287286281,0.3298642450273508,2.6001483408066925,bounce_resistance
XAUUSD.a,15m,-1,0.08,2023-06-15 08:30:00,1935.5167909064758,2023-06-15 08:45:00,1938.2835758940641,1937.975613228084,1930.7587735438317,stop,1,-22.134279900707043,-1.92,-0.543701327840408,0.0,-22.134279900707043,-32.44021031599573,-1.1252480357257573,1.746042833512277,0.43792953114700367,bounce_resistance
XAUUSD.a,15m,-1,0.04,2023-06-15 16:30:00,1941.2467840468619,2023-06-15 16:30:00,1945.9515933452924,1945.6017694155853,1932.7264611688292,stop,0,-18.819237193722074,-0.96,-0.4392957188281391,0.0,-18.819237193722074,-27.46812603990786,-1.0803272342128771,1.2498815707235669,0.25873428989091657,bounce_resistance
XAUUSD.a,15m,1,0.06,2023-06-15 21:15:00,1958.0416957724105,2023-06-16 04:30:00,1959.7707746478873,1954.941252203108,1959.7707746478873,target,25,10.374473252860298,-1.44,-0.0,-4.9752,5.399273252860298,7.84892172243102,0.29024197840154203,0.5166021366325941,1.0283380930254,bounce_support
XAUUSD.a,15m,1,0.08,2023-06-16 05:45:00,1957.9126288806399,2023-06-16 05:45:00,1955.4283729146653,1955.4773162356248,1961.84536752875,stop,0,-19.874047727797006,-1.92,-0.39154656767650775,0.0,-19.874047727797006,-28.93253516151607,-1.0200973460470202,1.1426166929062012,0.0,bounce_support
XAUUSD.a,15m,1,0.07,2023-06-16 15:45:00,1964.7086612492,2023-06-16 16:00:00,1962.007236211488,1962.0667215228734,1969.0965569542534,stop,1,-18.909975263985192,-1.6800000000000002,-0.416397179699095,0.0,-18.909975263985192,-27.526238411577033,-1.0225157715722089,1.2864264901022628,0.10270436834575708,bounce_support
XAUUSD.a,15m,1,0.06,2023-06-16 16:15:00,1961.9523099546673,2023-06-16 16:15:00,1958.9546004460553,1959.0180653780562,1966.9138692438878,stop,0,-17.9862570516716,-1.44,-0.380789592005401,0.0,-17.9862570516716,-26.18163127263035,-1.0216290531834935,1.118621801614836,0.19006256321578857,bounce_support
XAUUSD.a,15m,-1,0.1,2023-06-19 02:00:00,1958.0503764155822,2023-06-19 06:30:00,1954.194806038765,1960.0675969806175,1953.954806038765,target,18,38.55570376817241,-2.4,-0.0,0.0,38.55570376817241,56.387773148725294,1.911328113368534,0.2972523653641368,2.0376435214014617,bounce_resistance
XAUUSD.a,15m,-1,0.1,2023-06-19 17:45:00,1952.7617558181646,2023-06-20 04:15:00,1949.1744450786605,1954.7027774606697,1948.9344450786605,target,28,35.87310739504119,-2.4,-0.0,3.023,38.89610739504119,57.10107078164537,2.0038986966080974,0.6843015826042302,2.3759425022239777,bounce_resistance
XAUUSD.a,15m,-1,0.11,2023-06-20 07:45:00,1950.4737614558078,2023-06-20 08:15:00,1947.145549941701,1952.2972250291496,1946.9055499417009,target,2,36.61032665517587,-2.6399999999999997,-0.0,0.0,36.61032665517587,53.81576482849354,1.8252141489217977,0.21181588151183675,1.9708435684413352,bounce_resistance
XAUUSD.a,15m,-1,0.14,2023-06-20 09:30:00,1951.2069254364137,2023-06-20 09:30:00,1952.9616182607067,1952.6720064153274,1947.955987169345,stop,0,-24.565699540101836,-3.3600000000000003,-0.6945658353109704,0.0,-24.565699540101836,-36.14197372385146,-1.1976763397707113,1.6948377593623074,0.41426067579133846,bounce_resistance
XAUUSD.a,15m,1,0.07,2023-06-20 14:45:00,1951.1528980354467,2023-06-20 15:30:00,1948.3032742027438,1948.3639427434925,1954.8655505617978,stop,3,-19.947366828920625,-1.6800000000000002,-0.4246797852412582,0.0,-19.947366828920625,-29.441304191579157,-1.021753142090092,1.4029977629024721,1.2072986520318292,bounce_support
XAUUSD.a,15m,1,0.07,2023-06-20 15:45:00,1948.3338424299873,2023-06-20 15:45:00,1945.60753929226,1945.673302937241,1952.8633941255177,stop,0,-19.084121964090404,-1.6800000000000002,-0.4603455148668806,0.0,-19.084121964090404,-28.16719844743466,-1.024718161545905,1.576312789726057,0.07748713017595321,bounce_support
XAUUSD.a,15m,-1,0.07,2023-06-20 21:30:00,1937.3169368401498,2023-06-21 09:00:00,1932.126020295456,1940.0819898522718,1931.886020295456,target,42,36.33641581285565,-1.6800000000000002,-0.0,6.348300000000001,42.68471581285565,63.07868568008342,2.205316324121347,0.7786697580159174,2.2122313074407383,bounce_resistance
XAUUSD.a,15m,-1,0.07,2023-06-21 13:45:00,1934.6542791634326,2023-06-21 15:15:00,1929.7764943876557,1937.2667528061722,1929.5364943876557,target,6,34.144493430438615,-1.6800000000000002,-0.0,0.0,34.144493430438615,50.53801460945297,1.8671134881429172,0.36965763817411523,2.7882689586847085,bounce_resistance
XAUUSD.a,15m,-1,0.04,2023-06-21 19:15:00,1933.113298212425,2023-06-21 21:30:00,1937.8661827020737,1937.5502371947803,1924.4095256104397,stop,9,-19.011537958595,-0.96,-0.3037820291736065,0.0,-19.011537958595,-27.95156721741208,-1.0712079901368732,1.0022003469640903,0.6273014399101737,bounce_resistance
XAUUSD.a,15m,-1,0.09,2023-06-22 03:30:00,1933.0927356904626,2023-06-22 03:45:00,1932.8854511970533,1935.194044148301,1932.6454511970533,target,1,1.8655604406842485,-2.16,-0.0,0.0,1.8655604406842485,2.7437940355986714,0.09864543810126962,0.27947553694309957,0.405811763276236,bounce_resistance
XAUUSD.a,15m,-1,0.13,2023-06-22 05:00:00,1933.0427637938044,2023-06-22 05:00:00,1932.5936279926334,1934.6202819190432,1932.3536279926334,target,0,5.838765415222952,-3.12,-0.0,0.0,5.838765415222952,8.598179002493044,0.2847103903183339,0.1440466531319129,0.7053889118616998,bounce_resistance
XAUUSD.a,15m,-1,0.09,2023-06-22 11:00:00,1929.875475594781,2023-06-22 11:30:00,1925.5496711219346,1932.1651644390329,1925.3096711219346,target,2,38.93224025561722,-2.16,-0.0,0.0,38.93224025561722,57.35704326298631,1.8892542904709093,0.6658216504160973,2.1904616460755966,bounce_resistance
XAUUSD.a,15m,-1,0.05,2023-06-22 21:30:00,1914.7486097816513,2023-06-23 10:45:00,1918.8357230417846,1918.5412464378098,1907.46750712438,stop,49,-20.435566300666324,-1.2,-0.2723830198741744,1.5115,-18.924066300666322,-28.273148223845222,-0.9979372144672691,1.097228813519868,1.2467869216981355,bounce_resistance
XAUUSD.a,15m,1,0.08,2023-06-26 05:00:00,1925.5844190797102,2023-06-26 09:30:00,1923.1727429016473,1923.2180417971188,1929.5839164057622,stop,18,-19.293409424502897,-1.92,-0.36239116377127245,0.0,-19.293409424502897,-28.8961919250283,-1.0191427190434426,1.2231435371710646,0.860209796326531,bounce_support
XAUUSD.a,15m,-1,0.14,2023-06-27 02:00:00,1924.5470506929591,2023-06-27 02:30:00,1922.1248896984278,1925.927555150786,1921.8848896984277,target,2,33.91025392343954,-3.3600000000000003,-0.0,0.0,33.91025392343954,50.80949044566908,1.7545477530324312,0.01662385580189689,2.5693873517386177,bounce_resistance
XAUUSD.a,15m,-1,0.12,2023-06-27 04:15:00,1924.2940040876983,2023-06-27 04:30:00,1926.2117470086012,1925.9297312736096,1921.1605374527805,stop,1,-23.012915050833726,-2.88,-0.5041888198977373,0.0,-23.012915050833726,-34.29644567933491,-1.1724100066444973,1.9477550656020663,0.4242786289033897,bounce_resistance
XAUUSD.a,15m,-1,0.06,2023-06-27 16:30:00,1928.5620286047356,2023-06-27 17:00:00,1922.5695683642475,1931.7952158178764,1922.3295683642475,target,2,35.95476144292843,-1.44,-0.0,0.0,35.95476144292843,53.72075100917155,1.8534219782054708,0.6396076870709989,4.021427695832406,bounce_resistance
XAUUSD.a,15m,-1,0.07,2023-06-27 22:00:00,1914.7270211130838,2023-06-28 11:00:00,1909.3219163575384,1917.5840418212308,1909.0819163575384,target,48,37.83573328881767,-1.6800000000000002,-0.0,6.348300000000001,44.18403328881767,66.60139776129041,2.2092961165966147,0.8480788676144304,2.0535451830480387,bounce_resistance
XAUUSD.a,15m,-1,0.04,2023-06-28 18:15:00,1909.360708149276,2023-06-29 15:30:00,1901.3550081896244,1913.542495905188,1901.1150081896244,target,81,32.02279983860626,-0.96,-0.0,1.2092,33.231999838606264,50.270016546819946,1.9867100973515992,0.9539680355809818,2.6688844103810885,bounce_resistance
XAUUSD.a,15m,1,0.06,2023-06-29 21:30:00,1908.1676382454357,2023-06-30 09:00:00,1905.1111182631616,1905.1514617571477,1910.6865217391303,stop,42,-18.339119893644238,-1.44,-0.24206096391624754,-4.9752,-23.31431989364424,-35.172844374510426,-1.2882933068945128,1.292244754433455,0.5677259806293257,bounce_support
XAUUSD.a,15m,-1,0.12,2023-06-30 14:30:00,1905.8521211301816,2023-06-30 15:15:00,1907.820090702505,1907.5312136196014,1902.5775727607975,stop,3,-23.615634867881454,-2.88,-0.5865249948415958,0.0,-23.615634867881454,-35.542698053792655,-1.1720435799241704,1.166033963081352,0.9362921578696087,bounce_resistance
XAUUSD.a,15m,-1,0.08,2023-06-30 15:30:00,1906.5690999010596,2023-06-30 15:30:00,1909.2983306060949,1908.9969804576845,1901.7760390846308,stop,0,-21.833845640281652,-1.92,-0.4908011872828934,0.0,-21.833845640281652,-32.86101717303802,-1.1241206646628956,2.9618014277180826,0.10671855349420228,bounce_resistance
XAUUSD.a,15m,1,0.06,2023-06-30 21:45:00,1919.740122568204,2023-07-03 04:00:00,1916.3589585176742,1916.394993093988,1925.5900138120242,stop,21,-20.286984303178997,-1.44,-0.21620745788291784,-4.9752,-25.262184303178998,-37.969975805896404,-1.2586550335294786,1.0642704850873672,0.1823180347716809,bounce_support
XAUUSD.a,15m,-1,0.09,2023-07-03 15:45:00,1919.6602550329537,2023-07-03 15:45:00,1922.1234361616246,1921.823818711055,1915.39236257789,stop,0,-22.16863015803756,-2.16,-0.5365570551251909,0.0,-22.16863015803756,-33.273741325384705,-1.138483305854171,1.086053066442811,0.06944793651074514,bounce_resistance
XAUUSD.a,15m,1,0.07,2023-07-03 21:45:00,1921.5040737205716,2023-07-04 09:15:00,1926.011830541197,1918.8690847294015,1926.011830541197,target,42,31.554297744378122,-1.6800000000000002,-0.0,-5.804400000000001,25.74989774437812,38.55583167786381,1.3960425766302613,0.658095243047511,1.8694295482582344,bounce_support
XAUUSD.a,15m,1,0.11,2023-07-04 14:45:00,1928.2835724770741,2023-07-04 15:30:00,1926.3939811713706,1926.4354550409762,1931.0990899180476,stop,3,-20.785504362739175,-2.6399999999999997,-0.4562125656608423,0.0,-20.785504362739175,-31.049092320057323,-1.0224411440504515,1.1328135518781677,1.0748383647740147,bounce_support
XAUUSD.a,15m,1,0.1,2023-07-04 18:15:00,1927.54399919212,2023-07-04 19:15:00,1925.5751919619283,1925.609711747674,1930.6805765046518,stop,4,-19.688072301917146,-2.4,-0.34519785745805753,0.0,-19.688072301917146,-29.402297310250958,-1.0178462543635038,1.1290975384197228,0.14785848334024962,bounce_support
XAUUSD.a,15m,-1,0.15,2023-07-05 03:30:00,1926.611096446749,2023-07-05 04:45:00,1924.387617342168,1927.9011913289162,1924.147617342168,target,5,33.352186568714615,-3.5999999999999996,-0.0,0.0,33.352186568714615,49.89630412865164,1.7235004458320458,0.3479616572828514,2.0627137457349902,bounce_resistance
XAUUSD.a,15m,-1,0.18,2023-07-05 07:15:00,1925.0409928235586,2023-07-05 08:30:00,1926.4016767381447,1926.1330836414372,1923.0038327171253,stop,5,-24.492310462550904,-4.32,-0.514675740735092,0.0,-24.492310462550904,-36.63278012317101,-1.2459439199655749,1.2718788160306886,0.339708765502777,bounce_resistance
XAUUSD.a,15m,-1,0.12,2023-07-05 10:45:00,1925.692212288071,2023-07-05 10:45:00,1927.6628660563808,1927.3811844884872,1922.3376310230258,stop,0,-23.647845219717965,-2.88,-0.5001788147228121,0.0,-23.647845219717965,-35.39142928509977,-1.1667769119137947,1.2124460730759308,0.24998178653679862,bounce_resistance
XAUUSD.a,15m,-1,0.1,2023-07-05 11:00:00,1927.3526542674945,2023-07-05 13:00:00,1929.519473706595,1929.2389779225914,1923.8420441548174,stop,8,-21.668194391004363,-2.4,-0.40495784003584057,0.0,-21.668194391004363,-32.53091879504618,-1.148699711868424,1.0906642277143532,1.1889021597300233,bounce_resistance
XAUUSD.a,15m,-1,0.07,2023-07-05 23:15:00,1916.4927967672656,2023-07-05 23:45:00,1915.34725,1919.110635608775,1915.10725,target,2,8.018827370859299,-1.6800000000000002,-0.0,0.0,8.018827370859299,12.05041381771354,0.4375925473720556,0.0867903818721629,0.6619188086714104,bounce_resistance
XAUUSD.a,15m,-1,0.09,2023-07-06 01:15:00,1917.4065782504654,2023-07-06 04:45:00,1919.8610922837117,1919.5783749895725,1915.06175,stop,14,-22.09062629921732,-2.16,-0.3844556472529104,0.0,-22.09062629921732,-33.15467183841468,-1.1301766823056885,1.0099571981291091,0.8640671646081071,bounce_resistance
XAUUSD.a,15m,-1,0.16,2023-07-06 08:15:00,1919.1564672411298,2023-07-06 08:30:00,1920.6723595971073,1920.3964746829665,1916.7470506340671,stop,1,-24.254277695639757,-3.84,-0.5741586262502238,0.0,-24.254277695639757,-36.41947489472463,-1.2224864987359387,1.6399359312377526,0.2794073885691071,bounce_resistance
XAUUSD.a,15m,-1,0.05,2023-07-06 21:00:00,1910.7366602691316,2023-07-07 08:30:00,1914.765838371713,1914.4928334510473,1903.4143330979052,stop,42,-20.145890512907272,-1.2,-0.16502460332820562,1.5115,-18.63439051290727,-28.085836065755217,-0.992200817716461,1.001907938906328,0.3292340925827147,bounce_resistance
XAUUSD.a,15m,1,0.09,2023-07-07 15:15:00,1917.2449340087792,2023-07-07 15:15:00,1915.1233062064173,1915.175707219586,1920.558585560828,stop,0,-19.094650221257098,-2.16,-0.4716091185180476,0.0,-19.094650221257098,-28.79212627038571,-1.02532395841886,1.466699553973254,1.6165777519848474,bounce_support
XAUUSD.a,15m,1,0.05,2023-07-07 19:45:00,1927.0500540034166,2023-07-10 03:00:00,1923.2944290941844,1923.3409717223838,1933.5680565552325,stop,25,-18.778124546161052,-1.2,-0.23271314099755971,-4.146,-22.924124546161053,-34.30214656016916,-1.2361076303639051,1.151242727952527,0.2749860799257779,bounce_support
XAUUSD.a,15m,1,0.1,2023-07-10 06:30:00,1923.959239060112,2023-07-10 07:30:00,1922.0643465321673,1922.1053372806518,1926.8893254386965,stop,4,-18.948925279446485,-2.4,-0.40990748484464423,0.0,-18.948925279446485,-28.42665698472297,-1.022110528690729,1.3049445698339603,0.08671491751562349,bounce_support
XAUUSD.a,15m,-1,0.06,2023-07-10 19:45:00,1924.888262379429,2023-07-11 06:00:00,1928.176841910642,1927.8994580090823,1918.9910839818356,stop,37,-19.731477187277505,-1.44,-0.2243034093574454,1.8137999999999999,-17.917677187277505,-26.79198706173648,-0.991725513216429,1.3488786914315218,0.18871652636351105,bounce_resistance
XAUUSD.a,15m,1,0.08,2023-07-11 14:00:00,1935.4378011470567,2023-07-11 15:15:00,1933.1188449546682,1933.1772976186273,1939.2154047627455,stop,5,-18.55164953910753,-1.92,-0.4676213116726461,0.0,-18.55164953910753,-27.87458235283759,-1.0258582493784922,1.5385072853538537,0.9122741137131386,bounce_support
XAUUSD.a,15m,1,0.06,2023-07-11 20:30:00,1931.7696765547553,2023-07-12 04:00:00,1937.1712330089574,1928.6193834955213,1937.1712330089574,target,26,32.40933872521282,-1.44,-0.0,-14.9256,17.48373872521282,26.007019092348045,0.924979485848444,0.4062087338206077,1.8031095324909383,bounce_support
XAUUSD.a,15m,1,0.08,2023-07-12 08:45:00,1938.5866309389128,2023-07-12 09:30:00,1936.305063843553,1936.3499657601665,1942.2600684796669,stop,3,-18.252536762878663,-1.92,-0.35921533290831087,0.0,-18.252536762878663,-27.219435350341744,-1.0200753859094343,1.7466319840962754,0.6989732195695076,bounce_support
XAUUSD.a,15m,1,0.1,2023-07-12 09:45:00,1935.1498821388561,2023-07-12 15:15:00,1933.2178766740776,1933.2602824332284,1938.1794351335434,stop,22,-19.320054647785128,-2.4,-0.42405759150801164,0.0,-19.320054647785128,-28.71077490308674,-1.0224416626571913,1.2277108913316543,0.7197915289111765,bounce_support
XAUUSD.a,15m,1,0.06,2023-07-12 20:45:00,1957.1191671029737,2023-07-13 04:30:00,1959.3740425531914,1954.0728983908502,1959.3740425531914,target,27,13.529252701306177,-1.44,-0.0,-4.9752,8.554052701306176,12.579674261836463,0.4680071211524497,0.3739548971632332,0.9030171521239856,bounce_support
XAUUSD.a,15m,1,0.07,2023-07-13 12:00:00,1961.145487816131,2023-07-13 13:15:00,1958.283414294579,1958.3300447907488,1964.4683628318585,stop,5,-20.034514650864143,-1.6800000000000002,-0.3264134731893571,0.0,-20.034514650864143,-29.21207099552971,-1.0165624009257135,1.085260042055493,0.0,bounce_support
XAUUSD.a,15m,1,0.09,2023-07-13 14:30:00,1959.2413164108389,2023-07-13 15:30:00,1957.0598691135394,1957.1322535943534,1962.6154928112933,stop,4,-19.633025675694853,-2.16,-0.6514603273255001,0.0,-19.633025675694853,-28.596227096968736,-1.034320685115772,3.267478027194408,2.028713206509011,bounce_support
XAUUSD.a,15m,1,0.08,2023-07-13 22:45:00,1960.0049069561524,2023-07-14 09:15:00,1957.5446620148882,1957.5907297791523,1964.1285404416953,stop,38,-19.68195953011309,-1.92,-0.36854211411276605,-6.6336,-26.31555953011309,-38.34242934173516,-1.3625532428202805,1.1204260324893034,1.5595761072210403,bounce_support
XAUUSD.a,15m,-1,0.1,2023-07-14 14:45:00,1958.930110003728,2023-07-14 15:15:00,1961.1037189292792,1960.8125045718562,1956.2382978723404,stop,2,-21.73608925551207,-2.4,-0.5121435742310019,0.0,-21.73608925551207,-31.658955759080747,-1.154704206202993,1.9495859467557153,0.4197366572905215,bounce_resistance
XAUUSD.a,15m,-1,0.04,2023-07-14 18:00:00,1960.2499256097447,2023-07-17 02:00:00,1952.2825907484369,1964.2337046257817,1952.0425907484369,target,28,31.869339445231162,-0.96,-0.0,1.2092,33.078539445231165,48.37811984677319,2.0758267032427473,0.4217288116364222,2.244081705776423,bounce_resistance
XAUUSD.a,15m,-1,0.11,2023-07-17 03:45:00,1953.8546349889612,2023-07-17 04:15:00,1955.8553364418658,1955.5737873076905,1950.3424253846188,stop,2,-22.00771598195115,-2.6399999999999997,-0.45704047592880415,0.0,-22.00771598195115,-32.28073806317641,-1.1637720701696688,1.172301598341394,0.21791843856978907,bounce_resistance
XAUUSD.a,15m,-1,0.1,2023-07-17 07:00:00,1951.9627213891122,2023-07-17 08:00:00,1954.146514267723,1953.8680790478054,1951.1050246305417,stop,4,-21.837928786108023,-2.4,-0.38435219917490315,0.0,-21.837928786108023,-32.054263718453534,-1.146132784386815,1.4471186542367684,0.2900879982245302,bounce_resistance
XAUUSD.a,15m,-1,0.07,2023-07-17 21:00:00,1955.1620635939626,2023-07-18 04:15:00,1957.840383399633,1957.5675920167469,1950.4648159665064,stop,25,-18.748238639693685,-1.6800000000000002,-0.22953968020387702,2.1161000000000003,-16.632138639693686,-24.398390235581694,-0.9877330000201705,1.5705224557956754,0.31679675315596934,bounce_resistance
XAUUSD.a,15m,1,0.05,2023-07-18 15:45:00,1961.6141686564815,2023-07-18 15:45:00,1968.388907422582,1957.8905462887092,1968.388907422582,target,0,33.873693830502134,-1.2,-0.0,0.0,33.873693830502134,49.792288447011806,1.8193946907009804,0.21327851700404787,1.929795944323253,bounce_support
XAUUSD.a,15m,1,0.05,2023-07-18 22:30:00,1977.3152499404196,2023-07-19 09:30:00,1973.666773289064,1973.7143948622777,1983.4512102754447,stop,40,-18.242383256778112,-1.2,-0.238107866068358,-12.437999999999999,-30.68038325677811,-45.18865180542922,-1.7040609850152533,1.2178357210316801,0.7150385127160318,bounce_support
XAUUSD.a,15m,1,0.1,2023-07-19 23:45:00,1977.2481454551182,2023-07-20 04:00:00,1980.1704187995683,1975.3847906002159,1980.1704187995683,target,13,29.222733444501046,-2.4,-0.0,-8.292,20.930733444501044,30.662799320990086,1.1232822019613586,0.9864709613856467,1.5895279082722154,bounce_support
XAUUSD.a,15m,1,0.09,2023-07-20 09:00:00,1981.0389525891671,2023-07-20 09:15:00,1979.0100664669365,1979.0579575732763,1984.0140848534475,stop,1,-18.25997510007619,-2.16,-0.43101995705904256,0.0,-18.25997510007619,-26.77180174775854,-1.0241752785623945,1.0696405453671556,0.7122922569284651,bounce_support
XAUUSD.a,15m,1,0.08,2023-07-20 10:45:00,1978.8354015781142,2023-07-20 11:15:00,1982.5711513831193,1976.5544243084403,1982.5711513831193,target,2,29.885998440040566,-1.92,-0.0,0.0,29.885998440040566,43.749906223068855,1.6377847577319729,0.4583130187280161,1.93539781416447,bounce_support
XAUUSD.a,15m,-1,0.07,2023-07-20 22:45:00,1971.1381456050724,2023-07-21 10:45:00,1966.2427551816445,1973.7686224091779,1966.0027551816445,target,44,34.267732963995286,-1.6800000000000002,-0.0,2.1161000000000003,36.38383296399529,53.84454058485066,1.975949917260522,0.9815157430387002,2.6680127321856997,bounce_resistance
XAUUSD.a,15m,-1,0.08,2023-07-21 14:00:00,1963.7436473018147,2023-07-21 14:45:00,1966.3551778484573,1966.060973578461,1959.2180528430779,stop,3,-20.892244373140784,-1.92,-0.4336341599701451,0.0,-20.892244373140784,-31.025013919127982,-1.126958500821062,1.3102827723420731,0.6747635486520969,bounce_resistance
XAUUSD.a,15m,-1,0.04,2023-07-21 19:30:00,1962.1487268730036,2023-07-24 13:15:00,1966.4996783806248,1966.206297274862,1954.277405450276,stop,67,-17.403806030484702,-0.96,-0.2135244230508877,1.2092,-16.194606030484703,-24.001253861464715,-0.9978019126339506,1.0699193598731134,1.0692918281877632,bounce_resistance
XAUUSD.a,15m,1,0.04,2023-07-24 17:00:00,1959.7003112389584,2023-07-24 21:00:00,1955.6482860043234,1955.7141233321038,1966.8017533357927,stop,16,-16.208100938540156,-0.96,-0.2633493111211554,0.0,-16.208100938540156,-24.041563609386586,-1.0165163633322922,1.1565714779854264,0.6672261376509335,bounce_support
XAUUSD.a,15m,-1,0.12,2023-07-25 01:15:00,1955.111898418882,2023-07-25 04:00:00,1956.914186294365,1956.6370082140468,1952.1459835719068,stop,11,-21.627454505795868,-2.88,-0.44613696381759527,0.0,-21.627454505795868,-32.027387906936184,-1.18174303331929,1.8609162370578114,1.2929550548646487,bounce_resistance
XAUUSD.a,15m,1,0.1,2023-07-25 07:45:00,1961.582522885418,2023-07-25 10:15:00,1959.7169098008474,1959.765157174641,1964.159685650718,stop,10,-18.656130845706684,-2.4,-0.4824737379357172,0.0,-18.656130845706684,-27.57294578221824,-1.026547971884536,1.052359948290337,1.374229248286008,bounce_support
XAUUSD.a,15m,-1,0.04,2023-07-25 18:00:00,1961.7773508436665,2023-07-26 01:30:00,1966.0843578553345,1965.8012087524073,1953.6175824951854,stop,26,-17.22802804667208,-0.96,-0.1725964117082402,3.6276,-13.600428046672079,-20.042778264102566,-0.8449868481394692,1.0966215150759124,0.13354120743159928,bounce_resistance
XAUUSD.a,15m,1,0.08,2023-07-26 02:00:00,1964.7276370693696,2023-07-26 04:30:00,1962.5524995816502,1962.590462973413,1968.1990740531742,stop,10,-17.401099901755515,-1.92,-0.30370713410227124,0.0,-17.401099901755515,-25.77635228677418,-1.0177633594916813,1.2809611882106298,0.6000273599874195,bounce_support
XAUUSD.a,15m,1,0.07,2023-07-26 16:00:00,1972.442725446651,2023-07-26 16:00:00,1969.9169979730805,1969.9660861430568,1973.2353881278539,stop,0,-17.68009231499309,-1.6800000000000002,-0.343617189834003,0.0,-17.68009231499309,-26.200880740664637,-1.0198204760398983,1.131664769505803,0.0,bounce_support
XAUUSD.a,15m,1,0.09,2023-07-26 16:15:00,1970.1140450576042,2023-07-26 16:15:00,1968.1494999078905,1968.200567494297,1973.1188650114057,stop,0,-17.68090634742407,-2.16,-0.4596082776589616,0.0,-17.68090634742407,-26.202087089945124,-1.0266883643612341,1.3818009201186185,0.0,bounce_support
XAUUSD.a,15m,1,0.06,2023-07-27 02:45:00,1972.279135680134,2023-07-27 04:30:00,1976.1201957523106,1969.5799021238447,1976.1201957523106,target,7,23.046360433059363,-1.44,-0.0,0.0,23.046360433059363,33.95912537104452,1.4230187911034107,0.4405456791107839,1.6785743898703698,bounce_support
XAUUSD.a,15m,1,0.09,2023-07-27 08:00:00,1976.9608963934536,2023-07-27 08:30:00,1975.020637905524,1975.0649697205265,1979.9400605589472,stop,2,-17.462326391367014,-2.16,-0.39898633502277836,0.0,-17.462326391367014,-25.705975756822387,-1.0233826632831404,1.0342680555394055,0.0,bounce_support
XAUUSD.a,15m,1,0.05,2023-07-27 12:30:00,1975.8399536152967,2023-07-27 15:30:00,1972.493323201518,1972.5805939300596,1981.4888121398806,stop,12,-16.73315206889356,-1.2,-0.4363536427076219,0.0,-16.73315206889356,-24.682349572076525,-1.0267754212389963,3.933273665181334,0.9971425981072025,bounce_support
XAUUSD.a,15m,-1,0.04,2023-07-27 21:00:00,1948.6386828888708,2023-07-28 06:00:00,1953.0062441371451,1952.717417718869,1940.6051645622622,stop,32,-17.470244993097367,-0.96,-0.19530567310473085,1.2092,-16.261044993097368,-24.394738805690793,-0.9966966271931251,1.2384519518106256,1.277033959295905,bounce_resistance
XAUUSD.a,15m,1,0.06,2023-07-28 21:45:00,1959.5185141076508,2023-07-31 03:30:00,1956.733674867215,1956.7723962507991,1961.7506802721089,stop,19,-16.70903544261455,-1.44,-0.2323283015039943,-4.9752,-21.68423544261455,-32.52277565859938,-1.3160539455429983,1.0154386129835427,0.3719745275318255,bounce_support
XAUUSD.a,15m,1,0.09,2023-07-31 04:15:00,1957.6103381632006,2023-07-31 06:30:00,1955.72759855539,1955.7718316981004,1960.476336603799,stop,9,-16.944656470295968,-2.16,-0.3980982843942681,0.0,-16.944656470295968,-25.3806903182888,-1.0240592804812745,1.398057723479679,0.5328574336810619,bounce_support
XAUUSD.a,15m,-1,0.07,2023-07-31 12:45:00,1956.8865876808861,2023-07-31 14:00:00,1959.5542204823157,1959.2665920423408,1952.2268159153186,stop,5,-18.673429610007137,-1.6800000000000002,-0.3333990798249562,0.0,-18.673429610007137,-27.834646965890766,-1.120852064237027,1.0602553339741112,0.46915362802263066,bounce_resistance
XAUUSD.a,15m,1,0.06,2023-07-31 20:00:00,1971.2205232545423,2023-07-31 21:30:00,1968.2430470580327,1968.2951580887523,1972.3067010309278,stop,6,-17.864857179057253,-1.44,-0.31266618431772175,0.0,-17.864857179057253,-26.59291918465183,-1.017813513105617,1.3265090115662161,0.2767096412181003,bounce_support
XAUUSD.a,15m,1,0.09,2023-07-31 22:45:00,1965.3316257953395,2023-08-01 03:15:00,1963.4269973328962,1963.4621437169938,1968.2557125660123,stop,14,-17.14165616198943,-2.16,-0.3163174568785156,-7.4628,-24.604456161989432,-36.649769359772144,-1.4623453704687817,1.0867318916142124,0.33612207998086807,bounce_support
XAUUSD.a,15m,-1,0.08,2023-08-01 14:30:00,1955.8459399975898,2023-08-01 15:15:00,1952.0255927297023,1958.017203635149,1951.7855927297023,target,3,30.562778143099422,-1.92,-0.0,0.0,30.562778143099422,46.260278419028296,1.759504097891177,0.06634846175206477,2.5404284869757428,bounce_resistance
XAUUSD.a,15m,-1,0.06,2023-08-01 21:00:00,1942.6971314171672,2023-08-02 01:00:00,1949.77479485797,1945.6169067679243,1941.3555274261605,stop_gap,12,-42.46598064481668,-1.44,-0.32876914781961253,5.4414,-37.02458064481668,-55.94780761415096,-2.113437747600192,3.1073858406538113,0.0,bounce_resistance
XAUUSD.a,15m,-1,0.07,2023-08-02 06:45:00,1948.828928837963,2023-08-02 07:15:00,1947.4119512195123,1951.182054426418,1947.1719512195123,target,2,9.918843329155608,-1.6800000000000002,-0.0,0.0,9.918843329155608,15.06141176074406,0.6021682928454146,0.25968489103813414,0.7602351726316853,bounce_resistance
XAUUSD.a,15m,-1,0.09,2023-08-02 08:45:00,1948.9590304037058,2023-08-02 11:15:00,1951.1621013814633,1950.8725004339449,1945.2249991321103,stop,10,-19.827638799817805,-2.16,-0.4464085276655109,0.0,-19.827638799817805,-30.115340147659904,-1.1513485672322148,1.181607007459496,0.6475306036285183,bounce_resistance
XAUUSD.a,15m,-1,0.16,2023-08-03 01:00:00,1935.2131419306525,2023-08-03 01:45:00,1936.5453977343807,1936.2685729648708,1934.2713445378151,stop,3,-21.31609285965169,-3.84,-0.5891963121575741,0.0,-21.31609285965169,-32.57398930248275,-1.2622859860425346,1.655113420690025,0.4198682019812442,bounce_resistance
XAUUSD.a,15m,-1,0.13,2023-08-03 02:15:00,1935.9972136529009,2023-08-03 04:15:00,1937.5356855517118,1937.2629235380498,1933.8221008403361,stop,8,-20.000134684542218,-3.12,-0.4259061776075504,0.0,-20.000134684542218,-30.56021802206772,-1.2155012115038841,1.1241014736420445,0.7009613050439306,bounce_resistance
XAUUSD.a,15m,-1,0.06,2023-08-03 13:30:00,1936.5034516441879,2023-08-03 15:15:00,1931.998105594548,1938.930947202726,1931.758105594548,target,7,27.032076297839467,-1.44,-0.0,0.0,27.032076297839467,41.3562148856243,1.85596469323846,0.24574642524631457,2.9056496599464636,bounce_resistance
XAUUSD.a,15m,-1,0.05,2023-08-03 16:45:00,1935.3245787828953,2023-08-03 18:15:00,1939.0028133162862,1938.6667511814787,1928.8364976370428,stop,6,-18.39117266695439,-1.2,-0.48031067403686745,0.0,-18.39117266695439,-28.0678418090385,-1.1005520047229975,1.0129403314262415,1.1563074318168702,bounce_resistance
XAUUSD.a,15m,-1,0.05,2023-08-03 18:30:00,1937.3466043927383,2023-08-04 15:00:00,1931.1266269102769,1940.6116865448614,1930.8866269102768,target,78,31.099887412307226,-1.2,-0.0,1.5115,32.611387412307224,49.58850953759994,1.9975844951467288,0.23380594168670565,2.1459197858719574,bounce_resistance
XAUUSD.a,15m,1,0.06,2023-08-04 21:15:00,1941.0506296637616,2023-08-07 01:15:00,1945.7355022512443,1938.3172488743778,1945.7355022512443,target,12,28.10923552489612,-1.44,-0.0,-4.9752,23.13403552489612,35.18859121867898,1.4105874316735536,0.4611979672418135,2.0485145567664786,bounce_support
XAUUSD.a,15m,1,0.09,2023-08-07 04:15:00,1943.3082442847833,2023-08-07 04:45:00,1941.3465944416089,1941.3882644732037,1946.2834710535926,stop,2,-17.65484858856985,-2.16,-0.375030284353256,0.0,-17.65484858856985,-26.798901908908526,-1.0217033696622533,1.1397225489486051,0.2352919090565844,bounce_support
XAUUSD.a,15m,-1,0.08,2023-08-07 11:45:00,1936.160498611347,2023-08-07 15:45:00,1938.421659496302,1938.1322945538434,1932.2754108923134,stop,16,-18.08928707963969,-1.92,-0.39491953966915094,0.0,-18.08928707963969,-27.489646647072657,-1.1467519717543855,1.0343369436448555,1.4456357019065265,bounce_resistance
XAUUSD.a,15m,-1,0.1,2023-08-07 16:00:00,1937.9753836070495,2023-08-07 16:00:00,1939.957126543818,1939.6652019543922,1934.6995960912157,stop,0,-19.81742936768569,-2.4,-0.5192458942588342,0.0,-19.81742936768569,-30.207193609764026,-1.1727550123271857,1.7011392955171194,0.0,bounce_resistance
XAUUSD.a,15m,-1,0.09,2023-08-07 22:00:00,1936.8999252074263,2023-08-08 04:15:00,1933.7095972369943,1938.660201381503,1933.4695972369943,target,21,28.712951733888076,-2.16,-0.0,2.7207,31.433651733888077,48.06295275896099,1.9841363655701354,0.647668138308856,2.187114308609,bounce_resistance
XAUUSD.a,15m,-1,0.08,2023-08-08 12:15:00,1934.0184224257232,2023-08-08 14:00:00,1930.2547227702005,1936.1426386148996,1930.0147227702005,target,7,30.109597244181714,-1.92,-0.0,0.0,30.109597244181714,46.30535993507276,1.771806313641708,0.6315635767736238,1.9011353205480068,bounce_resistance
XAUUSD.a,15m,-1,0.08,2023-08-09 01:15:00,1924.6534173334983,2023-08-09 04:15:00,1926.9921486413275,1926.7187205039447,1924.052756264237,stop,12,-18.709850462633767,-1.92,-0.2674250990613489,0.0,-18.709850462633767,-28.60352305060887,-1.1323912834180538,1.4024975644982618,0.23406603951211338,bounce_resistance
XAUUSD.a,15m,-1,0.12,2023-08-09 05:30:00,1928.7870997986786,2023-08-09 05:45:00,1930.4355891635407,1930.160328168843,1925.9893436623138,stop,1,-19.781872378345724,-2.88,-0.42313193637201973,0.0,-19.781872378345724,-30.1456429776226,-1.2004480832745053,1.3420201922428736,0.17994079065597732,bounce_resistance
XAUUSD.a,15m,1,0.11,2023-08-09 09:15:00,1930.945512878789,2023-08-09 09:15:00,1929.423767977793,1929.4620372959764,1933.1159254080474,stop,0,-16.7391939109566,-2.6399999999999997,-0.4209625000187034,0.0,-16.7391939109566,-25.491417036147475,-1.0257970664477545,1.6282794990190088,0.0,bounce_support
XAUUSD.a,15m,-1,0.06,2023-08-09 17:15:00,1925.103075459974,2023-08-09 17:15:00,1922.8334396355351,1927.9069211252672,1922.593439635535,target,0,13.617814946633189,-1.44,-0.0,0.0,13.617814946633189,20.857747777777558,0.8094724515450449,0.8477372950473898,0.9818926533840235,bounce_resistance
XAUUSD.a,15m,-1,0.05,2023-08-09 20:30:00,1917.0674741066537,2023-08-10 10:00:00,1920.3487947230055,1920.0652090474623,1911.2595819050757,stop,50,-16.406603081759386,-1.2,-0.21792837771576576,1.5115,-14.895103081759386,-22.736796998609982,-0.9937571783942593,1.175062493148928,1.0366073612283355,bounce_resistance
XAUUSD.a,15m,1,0.03,2023-08-10 18:00:00,1915.2682344342538,2023-08-11 02:00:00,1910.8602936990792,1910.9049761382041,1923.1600477235918,stop,28,-13.223822205523902,-0.72,-0.13404731737476352,-2.4876,-15.711422205523903,-24.12761787143939,-1.200282078169908,1.0446859032802631,1.48094958567921,bounce_support
XAUUSD.a,15m,-1,0.12,2023-08-11 03:30:00,1913.2653596568048,2023-08-11 03:45:00,1914.9346280699026,1914.6577790204522,1911.4459533073932,stop,1,-20.0312209571739,-2.88,-0.4421885934043046,0.0,-20.0312209571739,-30.713781194397182,-1.198825911703249,1.3319552942275747,0.16184754585320713,bounce_resistance
XAUUSD.a,15m,-1,0.14,2023-08-11 08:00:00,1913.3489265851033,2023-08-11 08:30:00,1914.7798122587656,1914.5059810818457,1911.158037836309,stop,2,-20.032399431271646,-3.3600000000000003,-0.47363647687797406,0.0,-20.032399431271646,-30.726895362024152,-1.236662298699708,1.954163283806018,0.569486214312651,bounce_resistance
XAUUSD.a,15m,-1,0.13,2023-08-11 08:45:00,1915.2778140333353,2023-08-11 09:00:00,1916.7663707664815,1916.4919331700557,1912.9161336598884,stop,1,-19.351237530900562,-3.12,-0.44768875353532234,0.0,-19.351237530900562,-29.67207557983434,-1.2260384406484561,1.4349382313259933,0.21234656924336734,bounce_resistance
XAUUSD.a,15m,-1,0.13,2023-08-14 07:00:00,1912.647982668399,2023-08-14 08:30:00,1914.1292245519107,1913.8553672187772,1910.3292655624457,stop,6,-19.25614448565284,-3.12,-0.44014533073439793,0.0,-19.25614448565284,-29.732790571386634,-1.2268186494913276,1.6084497113968508,0.7354596910493776,bounce_resistance
XAUUSD.a,15m,-1,0.05,2023-08-14 18:45:00,1910.9538255209754,2023-08-15 02:00:00,1905.6041679593702,1913.817916020315,1905.3641679593702,target,25,26.748287808026134,-1.2,-0.0,1.5115,28.259787808026136,43.55768092607182,1.97338651237059,0.7737794876019969,2.1311566524812187,bounce_resistance
XAUUSD.a,15m,-1,0.05,2023-08-15 17:30:00,1906.4846731448038,2023-08-15 17:30:00,1909.828329927217,1909.5053396444225,1900.6093207111549,stop,0,-16.718283912066454,-1.2,-0.4149514139722008,0.0,-16.718283912066454,-25.752528400108524,-1.106926826524974,1.157137623646108,0.0,bounce_resistance
XAUUSD.a,15m,1,0.09,2023-08-16 08:30:00,1904.361106603223,2023-08-16 08:30:00,1904.2456,1902.6579614268549,1904.2456,target,0,-1.03955942900825,-2.16,-0.0,0.0,-1.03955942900825,-1.6113453135057738,-0.06781958744670404,0.20028040354756635,0.6217282070075354,bounce_support
XAUUSD.a,15m,1,0.09,2023-08-16 10:45:00,1904.372952107402,2023-08-16 15:15:00,1902.5589603524645,1902.596905109945,1907.2861897801101,stop,18,-16.3259257944369,-2.16,-0.34150281732437393,0.0,-16.3259257944369,-25.363419392301918,-1.0213647260094345,2.0230050851957744,1.5692421971878547,bounce_support
XAUUSD.a,15m,-1,0.06,2023-08-16 16:30:00,1903.181331716275,2023-08-16 16:45:00,1906.1573493119067,1905.8572542024326,1899.833263888889,stop,1,-17.856105573790046,-1.44,-0.36057065684495937,0.0,-17.856105573790046,-27.658156093231177,-1.1121464134430252,1.210299737932814,0.28077484312852813,bounce_resistance
XAUUSD.a,15m,-1,0.07,2023-08-17 03:15:00,1892.8720506337556,2023-08-17 09:30:00,1895.3651844294611,1895.0886410883797,1888.6727178232406,stop,25,-17.451936569938425,-1.6800000000000002,-0.2558033875693579,0.0,-17.451936569938425,-27.258428979661414,-1.1247606839163595,1.641236593189823,1.4806752537027803,bounce_resistance
XAUUSD.a,15m,-1,0.08,2023-08-18 01:00:00,1889.4104136558717,2023-08-18 02:00:00,1890.18,1891.3745497224154,1885.0609005551692,ruin,4,-6.156690753026851,-1.92,-0.21162040288364067,0.0,-6.156690753026851,-9.610669132587457,-0.39181926203443024,0.6158363286188753,0.2038624832017513,bounce_resistance
