symbol,tf,side,lots,entry_time,entry_price,exit_time,exit_price,stop_price,target_price,exit_reason,bars_held,gross_ccy,spread_ccy,slippage_ccy,swap_ccy,net_ccy,net_acct,r_multiple,mae_r,mfe_r,tag
USDJPY.a,4h,-1,0.13,2007-02-01 16:00:00,120.28252542232406,2007-02-02 16:00:00,121.20365732670463,121.16313661734137,,stop,6,-11974.71475694745,-390.0,-136.76922172239026,0.0,-11974.71475694745,-127.88153879433564,-1.0460143018764003,1.2008416241575963,0.24133854251067727,cross_dn
USDJPY.a,4h,1,0.15,2007-02-09 08:00:00,121.36608453573558,2007-02-14 16:00:00,120.59992095929476,120.6093877789587,,stop,20,-11492.45364661226,-450.0,-142.00229495909423,0.0,-11492.45364661226,-121.17569873017858,-1.0125107179053672,1.012406262977389,0.9038170946807423,cross_up
USDJPY.a,4h,-1,0.13,2007-02-15 04:00:00,119.95311635014536,2007-02-21 12:00:00,120.86965785487982,120.82856854815054,,stop,27,-11915.0395615479,-390.0,-144.16098748065642,0.0,-11915.0395615479,-124.93826834339767,-1.0469349518145057,1.3785831512042122,1.134403857124701,cross_dn
USDJPY.a,4h,1,0.14,2007-02-22 12:00:00,121.21624853515762,2007-02-26 16:00:00,120.37654054877756,120.38538947214283,,stop,12,-11755.911809320878,-420.00000000000006,-123.88492711386783,0.0,-11755.911809320878,-123.07116416616601,-1.0106503301933898,1.0666653041514085,0.4739088521387108,cross_up
USDJPY.a,4h,-1,0.11,2007-02-27 16:00:00,118.67191677106976,2007-03-20 04:00:00,117.83960964807366,119.65312697819533,,signal,87,9155.378352957086,-330.0,-211.41225762051351,0.0,9155.378352957086,97.47069322654144,0.8482454798695177,0.497429832451563,3.609743096176828,cross_dn
USDJPY.a,4h,-1,0.1,2007-03-29 00:00:00,116.85149702296988,2007-03-29 16:00:00,117.95969443492507,117.91655460020942,,stop,4,-11081.974119551887,-300.0,-131.39834715639995,0.0,-11081.974119551887,-116.39182524120363,-1.0405046972460001,1.0220132697908608,0.1797996907042464,cross_dn
USDJPY.a,4h,1,0.1,2007-03-30 04:00:00,118.02857903714049,2007-04-18 20:00:00,118.33297465251,116.9470526926259,,signal,82,3043.9561536951487,-300.0,-140.50694979992178,0.0,3043.9561536951487,30.767875692748582,0.2814500237681539,0.7568738767134628,1.7026131376263316,cross_up
USDJPY.a,4h,1,0.14,2007-04-26 20:00:00,119.52632432555531,2007-06-06 16:00:00,121.1543445216015,118.66518694447754,,signal,174,22792.282744646716,-420.00000000000006,-158.35339515791463,0.0,22792.282744646716,223.08651481402754,1.8905464236247922,0.7621598364872652,3.0235311248317,cross_up
USDJPY.a,4h,1,0.16,2007-06-11 16:00:00,121.79561006579578,2007-06-27 16:00:00,122.23329068182603,121.04364498903006,,signal,72,7002.889856483989,-480.0,-214.69818156660975,0.0,7002.889856483989,68.06989530751527,0.5820491264205438,0.4197137281338238,3.104386102935311,cross_up
USDJPY.a,4h,1,0.15,2007-06-29 20:00:00,123.26639786795965,2007-07-02 08:00:00,122.9834193455148,122.44028700543139,,signal,3,-4244.677836672749,-450.0,-197.41963455564704,0.0,-4244.677836672749,-40.45525939820317,-0.3425430354211898,0.37089194908047346,0.01646526229992743,cross_up
USDJPY.a,4h,1,0.16,2007-07-09 00:00:00,123.43522952529722,2007-07-10 12:00:00,122.64467534541075,122.65294851768336,,stop,9,-12648.866878183526,-480.0,-132.37075636186012,0.0,-12648.866878183526,-119.39268400092432,-1.0105757038610008,1.016552258788503,0.287327025090871,cross_up
USDJPY.a,4h,-1,0.15,2007-07-11 00:00:00,121.72243176397403,2007-07-12 16:00:00,122.60951039778958,122.5676471573436,,stop,10,-13306.179507233222,-450.0,-177.94860668962028,0.0,-13306.179507233222,-125.87905797903267,-1.049529671104407,1.0146150232867288,0.9020561740297854,cross_dn
USDJPY.a,4h,1,0.07,2007-08-31 16:00:00,116.34186783396481,2007-09-06 00:00:00,114.86076662643569,114.87509927396808,,stop,20,-10367.708452703851,-210.00000000000003,-100.32853272665437,0.0,-10367.708452703851,-109.67827618375736,-1.0097715808228234,1.0512004933949808,0.08053906339214421,cross_up
USDJPY.a,4h,-1,0.09,2007-09-06 04:00:00,115.04041312295614,2007-09-17 04:00:00,115.31891142020001,116.25438729436493,,signal,42,-2506.4846751948407,-270.0,-160.4055636002593,0.0,-2506.4846751948407,-25.770511387899152,-0.22941039752162057,0.5021415540797325,2.0267425624886886,cross_dn
USDJPY.a,4h,-1,0.12,2007-09-25 08:00:00,114.73250863811353,2007-09-26 16:00:00,115.73845730511287,115.69614486933122,,stop,8,-12071.384003992136,-360.0,-147.74922937987714,0.0,-12071.384003992136,-119.31167845664777,-1.0439091375053278,1.0351326875972715,0.7497732180540075,cross_dn
USDJPY.a,4h,1,0.12,2007-09-27 04:00:00,115.45754388275323,2007-10-18 04:00:00,116.4718827854864,114.45678501398812,,signal,90,12172.066832798066,-360.0,-194.8131483263299,0.0,12172.066832798066,116.87462560187475,1.0135697363190252,0.7969391105545421,2.4705812702891063,cross_up
USDJPY.a,4h,1,0.14,2007-11-01 12:00:00,115.7483394343607,2007-11-01 12:00:00,114.80410545374836,114.81661460528943,,stop,0,-13219.27572857274,-420.00000000000006,-175.12812157484836,0.0,-13219.27572857274,-122.95774874771546,-1.0134258003551717,1.0500304422883087,0.17350677001968018,cross_up
USDJPY.a,4h,-1,0.11,2007-11-02 00:00:00,114.5111589149816,2007-11-30 04:00:00,110.2319486793525,115.62206913709151,,signal,121,47071.312591920185,-330.0,-262.8709457549821,0.0,47071.312591920185,482.4747704292867,3.851985651461351,0.8181048899633571,6.572231283563861,cross_dn
USDJPY.a,4h,-1,0.12,2007-12-31 12:00:00,112.06176478366147,2008-02-08 04:00:00,107.41880748828657,113.0720483532622,,signal,163,55715.487544498785,-360.0,-211.37971887774856,0.0,55715.487544498785,579.3577171093114,4.59569712413498,0.11703171257675742,7.019578460000274,cross_dn
USDJPY.a,4h,-1,0.12,2008-02-22 20:00:00,106.8617949250487,2008-02-25 12:00:00,107.89296225344191,107.85106778190593,,stop,4,-12374.007940718513,-360.0,-142.73365843174867,0.0,-12374.007940718513,-124.20116380770486,-1.0423487526677677,1.1202218551430831,0.1534409076287961,cross_dn
USDJPY.a,4h,1,0.12,2008-02-26 00:00:00,108.09769476529752,2008-02-27 04:00:00,107.19305999783214,107.04878159456614,,signal,7,-10855.61720958458,-360.0,-166.56005202864338,0.0,-10855.61720958458,-108.48873332943356,-0.8624496218639354,0.9130353131420216,0.03079876924412283,cross_up
USDJPY.a,4h,1,0.07,2008-04-01 16:00:00,100.7728436067882,2008-04-14 08:00:00,100.8776651512617,99.22759139389723,,signal,52,733.7508113144652,-210.00000000000003,-172.68788233629485,0.0,733.7508113144652,7.88128273214705,0.06783458622420423,0.4871978829784224,1.4024612779277768,cross_up
USDJPY.a,4h,1,0.09,2008-04-17 04:00:00,101.96991891134941,2008-05-09 08:00:00,103.48031165226479,100.673992702965,,signal,97,13593.534668238404,-270.0,-174.39025923368436,0.0,13593.534668238404,139.56529485362006,1.1654928584231126,0.2159991128649039,2.8783128734627192,cross_up
USDJPY.a,4h,1,0.09,2008-05-14 12:00:00,105.47002189805444,2008-05-16 08:00:00,104.14002611318107,104.15359064651803,,stop,11,-11969.962063860377,-270.0,-122.08080003263657,0.0,-11969.962063860377,-121.20260076150284,-1.0103040195385284,1.0027275609826414,0.0,cross_up
USDJPY.a,4h,-1,0.1,2008-05-20 12:00:00,103.7401473315182,2008-05-28 12:00:00,104.99530762079979,104.95362844947205,,stop,36,-12551.602892815907,-300.0,-116.79171327742596,0.0,-12551.602892815907,-125.21132966165403,-1.0343467819244043,1.293677046354756,0.8241968636517718,cross_dn
USDJPY.a,4h,1,0.12,2008-05-28 16:00:00,105.14817282034575,2008-06-02 16:00:00,104.10407097082187,104.11673572268812,,stop,18,-12529.222194286602,-360.0,-151.97702239512287,0.0,-12529.222194286602,-125.34994810096546,-1.0122787437983518,1.0937873215029865,0.6998266605821221,cross_up
USDJPY.a,4h,-1,0.14,2008-06-27 04:00:00,106.872875704416,2008-07-07 16:00:00,107.59790887767777,107.77134748246056,,signal,39,-10150.464425664695,-420.00000000000006,-221.44857497727375,0.0,-10150.464425664695,-98.89927055396184,-0.8069626570127081,0.920590179676167,2.106772578361541,cross_dn
USDJPY.a,4h,-1,0.09,2008-07-14 00:00:00,106.12065167283033,2008-07-21 12:00:00,106.5896224378764,107.42689019591623,,signal,33,-4220.736885414595,-270.0,-173.20388177518308,0.0,-4220.736885414595,-40.557073157419346,-0.3590238358138116,0.7420913638955106,1.8072133313397145,cross_dn
USDJPY.a,4h,-1,0.11,2008-08-21 20:00:00,108.44187808336461,2008-08-22 12:00:00,109.51514186507653,109.47179647014902,,stop,4,-11805.901598831071,-330.0,-146.79934420259576,0.0,-11805.901598831071,-123.71001525934861,-1.042086242447662,1.425474033160175,0.11833761289100475,cross_dn
USDJPY.a,4h,1,0.11,2008-08-25 08:00:00,110.14809313123354,2008-08-25 16:00:00,109.08474920444128,109.0978477185622,,stop,2,-11696.783194714824,-330.0,-144.08365533020685,0.0,-11696.783194714824,-122.94450230140065,-1.0124718603508203,1.0741233597623654,0.0,cross_up
USDJPY.a,4h,-1,0.1,2008-08-26 04:00:00,109.38156051129162,2008-08-26 12:00:00,109.78818404893732,110.45916194151226,,signal,2,-4066.2353764570016,-300.0,-163.6809787464971,0.0,-4066.2353764570016,-43.521650007152424,-0.3773413121421377,0.49966478663463876,0.09424682303069032,cross_dn
USDJPY.a,4h,-1,0.1,2008-08-27 08:00:00,108.97120696532308,2008-11-03 04:00:00,98.91460671386737,110.04213928343313,,signal,287,100566.00251455705,-300.0,-492.13427734754526,0.0,100566.00251455705,1483.0803917056548,9.390509634822928,0.8579375364246921,16.855600171987774,cross_dn
USDJPY.a,4h,-1,0.03,2008-11-07 12:00:00,97.42239751139356,2008-11-10 08:00:00,99.03702617101905,99.6572580816368,,signal,5,-4843.885978876486,-90.0,-102.15702611433483,0.0,-4843.885978876486,-71.45770238601004,-0.7224740017896324,0.8222448026842432,0.229274934739123,cross_dn
USDJPY.a,4h,-1,0.04,2008-11-11 12:00:00,97.75462592627758,2008-12-29 00:00:00,90.68876254843524,99.74689453955592,,signal,193,28263.453511369393,-120.0,-70.10038748186079,0.0,28263.453511369393,455.2749955278547,3.54664191904085,0.21351241036842764,5.332928429161181,cross_dn
USDJPY.a,4h,-1,0.04,2009-01-12 00:00:00,90.02709858756458,2009-01-30 00:00:00,90.04263699192992,92.03403628938345,,signal,84,-62.1536174613766,-120.0,-101.09593543933626,0.0,-62.1536174613766,-1.0598182801580485,-0.007742345141686176,0.629267869795295,1.448524577982614,cross_dn
USDJPY.a,4h,-1,0.04,2009-01-30 12:00:00,89.39784166498906,2009-01-30 16:00:00,89.74201845393874,90.92516048224233,,signal,1,-1376.7071557987267,-120.0,-96.14763150986269,0.0,-1376.7071557987267,-24.053693880006932,-0.2253470493925088,0.32878422588548134,0.0509662187813911,cross_dn
USDJPY.a,4h,-1,0.05,2009-02-03 04:00:00,89.38886120120189,2009-02-05 16:00:00,90.82123764797622,90.77214599205462,,stop,15,-7161.882233871638,-150.0,-95.45827960797861,0.0,-7161.882233871638,-123.08728179613384,-1.0354891893890759,2.053907349799379,0.5847394596909213,cross_dn
USDJPY.a,4h,1,0.04,2009-02-05 20:00:00,91.67269007271337,2009-02-11 04:00:00,90.03102265796896,90.04902867320035,,stop,20,-6566.669658977617,-120.0,-72.02406092558833,0.0,-6566.669658977617,-111.21851112904336,-1.011089759993551,1.1041034006542594,0.44548076803672215,cross_up
USDJPY.a,4h,-1,0.05,2009-03-19 04:00:00,96.22161494384228,2009-03-24 00:00:00,97.88585075519794,97.83402679046121,,stop,17,-8321.179056778265,-150.0,-109.11982368359712,0.0,-8321.179056778265,-122.21348334902177,-1.0321406499495753,1.0812281364797913,1.6674492620976777,cross_dn
USDJPY.a,4h,1,0.04,2009-03-25 04:00:00,97.87482445007426,2009-03-30 08:00:00,96.06005971729891,96.08074710538959,,stop,19,-7259.058931101379,-120.0,-82.74955236269854,0.0,-7259.058931101379,-109.74545072290837,-1.0115309343557397,1.0555979961985018,0.5468970180314007,cross_up
USDJPY.a,4h,-1,0.07,2009-04-15 08:00:00,98.30714100671649,2009-04-15 12:00:00,99.51277566067682,99.46771063431765,,stop,1,-8439.442577722319,-210.00000000000003,-105.4551845141501,0.0,-8439.442577722319,-118.31210552315406,-1.0388300928159866,1.0192055393767379,0.06215999884953409,cross_dn
USDJPY.a,4h,1,0.06,2009-05-01 12:00:00,99.5018169869473,2009-05-06 04:00:00,98.05991291444091,98.0735209878622,,stop,16,-8651.424435038336,-180.0,-81.6484405276889,0.0,-8651.424435038336,-119.938497511086,-1.0095274883007428,1.0962832549767538,0.04073596305665431,cross_up
USDJPY.a,4h,-1,0.08,2009-05-12 00:00:00,97.47670286983406,2009-05-28 16:00:00,97.14988064344149,98.65234444541554,,signal,76,2614.5778111405207,-240.0,-158.09029506385113,0.0,2614.5778111405207,34.471005863951,0.27799478444858217,0.2971119237537785,3.0848712270491725,cross_dn
USDJPY.a,4h,-1,0.07,2009-06-17 04:00:00,96.4199734265661,2009-07-01 12:00:00,96.83791356230319,97.71665411610174,,signal,62,-2925.580950159585,-210.00000000000003,-110.78987224467512,0.0,-2925.580950159585,-37.46989125756375,-0.3223153850519327,0.593844405679903,1.187627331072232,cross_dn
USDJPY.a,4h,-1,0.11,2009-07-06 04:00:00,95.72317463873766,2009-07-20 12:00:00,94.48779893668747,96.54264478531496,,signal,62,13589.132722552107,-330.0,-171.57660712425562,0.0,13589.132722552107,177.23886250359547,1.5075298437777271,0.03273500733904918,4.860670831480894,cross_dn
USDJPY.a,4h,-1,0.09,2009-07-22 04:00:00,93.53207950657304,2009-07-23 16:00:00,94.48826619479443,94.5404510382458,,signal,9,-8605.68019399254,-270.0,-148.7915062997099,0.0,-8605.68019399254,-110.81549177630016,-0.9482483967344822,0.9995527062876803,0.42849236913330896,cross_dn
USDJPY.a,4h,-1,0.08,2009-08-14 16:00:00,94.83038871353202,2009-10-13 04:00:00,89.84761445347378,96.03536548607563,,signal,249,39862.19408046588,-240.0,-121.83125558050128,0.0,39862.19408046588,489.35695039106844,4.135162082452401,0.38142750710271706,5.6684816414457275,cross_dn
USDJPY.a,4h,-1,0.09,2009-10-15 04:00:00,89.46124188509374,2009-10-15 12:00:00,89.67966898683244,90.59474623738053,,signal,2,-1965.8439156482784,-270.0,-174.0417629838216,0.0,-1965.8439156482784,-23.738696092045327,-0.19270071729149615,0.22828153626779185,0.1422507860410474,cross_dn
USDJPY.a,4h,-1,0.09,2009-10-30 20:00:00,89.98363477393094,2009-11-04 20:00:00,91.10217800699661,91.08008812468023,,stop,18,-10066.889097590987,-90.0,-108.80894084735672,0.0,-10066.889097590987,-121.78819585411016,-1.020146668621409,1.1668213929892939,0.4949000097086852,cross_dn
USDJPY.a,4h,1,0.1,2009-12-04 12:00:00,88.19929886375908,2010-01-12 20:00:00,90.8005965636216,87.21261449397072,,signal,150,26012.976998625134,-100.0,-188.06872756802605,0.0,26012.976998625134,311.0449613997039,2.6364030682075885,0.8435310107705465,5.623582683721923,cross_up
USDJPY.a,4h,1,0.11,2010-02-03 04:00:00,90.44078497169757,2010-02-04 16:00:00,89.53785147343153,89.5521384253286,,stop,9,-9932.26848092641,-110.0,-157.15647086775445,0.0,-9932.26848092641,-125.47116286911024,-1.0160772040981192,2.102956433391266,0.9274947746887557,cross_up
USDJPY.a,4h,-1,0.08,2010-02-05 00:00:00,89.02608620792311,2010-02-12 08:00:00,90.22374029665508,90.20389508727317,,stop,32,-9581.232709855727,-80.0,-78.7616750552978,0.0,-9581.232709855727,-119.83858860692588,-1.0168492611406226,1.1096144841411575,0.17837037197328937,cross_dn
USDJPY.a,4h,1,0.14,2010-02-16 00:00:00,90.01637061411876,2010-02-25 00:00:00,90.1259445992114,89.2971096378588,,signal,42,1534.0357912969298,-210.00000000000003,-197.5512220807581,0.0,1534.0357912969298,19.050348976422953,0.15234245803575314,0.4315132119813167,2.953906100855041,cross_up
USDJPY.a,4h,1,0.12,2010-03-08 16:00:00,90.31787549206715,2010-04-13 08:00:00,92.67719361723495,89.42441452942329,,signal,154,28311.81750201364,-132.0,-163.3531863610616,0.0,28311.81750201364,329.88884960940646,2.6406504859331523,0.7698998846369788,4.885635400360346,cross_up
USDJPY.a,4h,1,0.12,2010-04-22 16:00:00,93.18106397596704,2010-05-06 16:00:00,92.2883530406204,92.30261861982272,,stop,60,-10712.531224159704,-156.0,-171.18695042801804,0.0,-10712.531224159704,-126.88046545898482,-1.016239574951987,1.2306559177591498,2.0455865711671626,cross_up
USDJPY.a,4h,-1,0.05,2010-05-07 00:00:00,90.57803900379184,2010-05-07 04:00:00,92.46253120680392,92.41963410494257,,stop,1,-9422.461015060364,-90.00000000000001,-124.485509306723,0.0,-9422.461015060364,-115.6502216483179,-1.023293449159665,1.1902513179137444,0.3100784767699599,cross_dn
USDJPY.a,4h,1,0.1,2010-05-31 16:00:00,91.45781760201021,2010-06-10 04:00:00,91.13312446174669,90.49170742170247,,signal,46,-3246.9314026351985,-120.0,-157.51076506631787,0.0,-3246.9314026351985,-42.71400943750285,-0.3360829301685804,0.9572589347062089,1.4689653694961902,cross_up
USDJPY.a,4h,1,0.1,2010-06-14 04:00:00,91.79509139114685,2010-06-15 20:00:00,91.37247858584209,90.85200503792447,,signal,10,-4226.12805304766,-70.0,-130.42828315836198,0.0,-4226.12805304766,-53.55982247469462,-0.448116764557945,0.7614269771726062,0.32755071452115747,cross_up
USDJPY.a,4h,1,0.12,2010-06-16 04:00:00,91.64533142343208,2010-06-16 08:00:00,91.41654224967021,90.82469299952736,,signal,1,-2745.470085142415,-156.0,-154.98600791497964,0.0,-2745.470085142415,-34.73337307152516,-0.2787941279586367,0.30260759939862153,0.014218901075083402,cross_up
USDJPY.a,4h,1,0.12,2010-06-16 12:00:00,91.71089648244909,2010-06-16 16:00:00,91.22214755201156,90.88378120877616,,signal,1,-5864.987165250283,-168.0,-164.45875172261006,0.0,-5864.987165250283,-74.37002779546478,-0.5909078770449492,0.7422139355775554,0.019469496046671805,cross_up
USDJPY.a,4h,1,0.13,2010-07-12 12:00:00,88.74761737942809,2010-07-15 04:00:00,88.00630356685782,88.01662200006501,,stop,16,-9637.079563413494,-195.0,-134.13963169345178,0.0,-9637.079563413494,-124.1679053657907,-1.014115592927796,1.0117948762857156,0.47795462247151377,cross_up
USDJPY.a,4h,-1,0.11,2010-07-15 12:00:00,88.05673926798633,2010-07-28 12:00:00,87.98890692560988,88.92202161722292,,signal,54,746.1557661409302,-176.0,-151.95236341742273,0.0,746.1557661409302,9.489004879349892,0.07839330414666856,0.23952959654906147,2.0741660448404624,cross_dn
USDJPY.a,4h,-1,0.11,2010-07-29 16:00:00,87.06273998583417,2010-09-15 20:00:00,85.5259639356905,87.9256557530921,,signal,209,16904.536551580393,-110.0,-197.20658519079225,0.0,16904.536551580393,210.21970690728554,1.7809108472163537,0.13588813487375606,4.85996448895647,cross_dn
USDJPY.a,4h,-1,0.16,2010-09-23 20:00:00,84.3242171480807,2010-09-24 04:00:00,84.97588700424402,84.95130698913412,,stop,2,-10426.717698612947,-256.0,-137.2802417582055,0.0,-10426.717698612947,-129.97438773084852,-1.0391969595115744,1.6772442847303322,0.05615965333060537,cross_dn
USDJPY.a,4h,1,0.14,2010-10-28 08:00:00,81.60172375135645,2010-10-28 12:00:00,81.27715365945474,80.8961488558636,,signal,1,-4543.981286623875,-210.00000000000003,-163.697535267487,0.0,-4543.981286623875,-57.178578885145285,-0.46000799344624194,0.5466800956502611,0.03298905444658179,cross_up
USDJPY.a,4h,1,0.13,2010-11-08 08:00:00,81.24638178543145,2010-11-09 16:00:00,80.62303273449388,80.4352596534591,,signal,8,-8103.537662188501,-169.00000000000003,-155.14890315952624,0.0,-8103.537662188501,-98.96652030251937,-0.7685020866362243,0.8831984200572504,0.12158244816812297,cross_up
USDJPY.a,4h,1,0.13,2010-11-09 20:00:00,81.16879246082713,2010-12-04 00:00:00,82.51742871509052,80.40209181173304,,signal,112,17532.27130542398,-312.0,-170.85340764672188,0.0,17532.27130542398,213.96285831434486,1.7590127983547283,0.1171154099494202,4.211823145041539,cross_up
USDJPY.a,4h,1,0.12,2010-12-09 00:00:00,84.05371084566697,2010-12-13 20:00:00,83.18534514294876,83.19392462175426,,stop,18,-10420.388432618494,-120.0,-102.95374566593978,0.0,-10420.388432618494,-125.50164089878355,-1.0099786185994672,1.1069156718235489,0.33530329553442406,cross_up
USDJPY.a,4h,-1,0.19,2010-12-22 12:00:00,83.52452763189311,2011-01-06 04:00:00,83.27791437391855,84.08931878361892,,signal,66,4685.651901516621,-190.0,-224.74620890488922,0.0,4685.651901516621,56.551790372033956,0.4366450452012058,0.30537370774998335,4.586700099633856,cross_dn
USDJPY.a,4h,-1,0.17,2011-01-18 04:00:00,82.54326751790178,2011-01-27 08:00:00,83.1763924566488,83.1571418209147,,stop,44,-10763.123958699283,-170.0,-157.26080747950584,0.0,-10763.123958699283,-131.59605089691738,-1.031359246737668,1.0632998952628865,1.1358473786564456,cross_dn
USDJPY.a,4h,1,0.14,2011-01-28 12:00:00,82.64723598052746,2011-01-28 16:00:00,82.33961944665309,81.9110410828434,,signal,1,-4306.63147424113,-126.00000000000003,-178.6554937136764,0.0,-4306.63147424113,-52.51580575054321,-0.4178465985598038,0.7555553322595462,0.039071201882862214,cross_up
USDJPY.a,4h,1,0.16,2011-02-08 04:00:00,82.33197044387444,2011-02-23 00:00:00,82.75656688629738,81.66978640151768,,signal,67,6793.543078767016,-256.0,-173.85963848397765,0.0,6793.543078767016,82.16626945015723,0.6412060926623542,0.8411112443787375,2.4646162573127848,cross_up
USDJPY.a,4h,1,0.19,2011-03-08 16:00:00,82.5394156415568,2011-03-11 16:00:00,81.98406346742486,81.99308671350916,,stop,18,-10551.69130850686,-190.0,-171.441675601631,0.0,-10551.69130850686,-127.89965879933797,-1.0165161418717883,1.626155226177826,1.3683777666959123,cross_up
USDJPY.a,4h,-1,0.12,2011-03-14 08:00:00,82.1702199461678,2011-03-28 04:00:00,81.58168370031547,83.00723801587357,,signal,59,7062.434950228067,-120.0,-136.40880757102843,0.0,7062.434950228067,84.4633715684637,0.7031344568931789,0.05469422404259698,6.889002943741471,cross_dn
USDJPY.a,4h,-1,0.11,2011-04-14 08:00:00,83.54311203267928,2011-05-17 12:00:00,81.72681052890337,84.5214186777896,,signal,142,19979.316541534943,-88.0,-127.83163587443107,0.0,19979.316541534943,231.3215125573159,1.856576885022673,0.2319190700121791,4.048947283019418,cross_dn
USDJPY.a,4h,-1,0.15,2011-05-27 16:00:00,81.13677148544485,2011-06-15 20:00:00,80.8037926240167,81.86972311319317,,signal,81,4994.682921422395,-150.0,-143.7787205005656,0.0,4994.682921422395,58.4465807031335,0.454298549620654,0.8543926922967207,1.9684402501119302,cross_dn
USDJPY.a,4h,-1,0.18,2011-06-20 04:00:00,80.15249942034129,2011-06-23 12:00:00,80.75100601549369,80.73603956944179,,stop,20,-10773.118712743211,-162.00000000000003,-107.39602893426377,0.0,-10773.118712743211,-127.01487193688934,-1.0256476715012164,1.0873297760861411,0.2459118203991332,cross_dn
USDJPY.a,4h,1,0.2,2011-06-24 04:00:00,80.5019183832377,2011-06-24 12:00:00,80.20375557771852,79.97667917954227,,signal,2,-5963.256110383384,-180.00000000000003,-169.77689125896396,0.0,-5963.256110383384,-70.26661564478457,-0.5676705078779115,0.6433609312865514,0.1810253615749462,cross_up
USDJPY.a,4h,1,0.19,2011-06-27 04:00:00,80.78222659442895,2011-07-11 20:00:00,80.31069798585949,80.22234305764141,,signal,65,-8959.043562819686,-171.00000000000003,-163.4765373392889,0.0,-8959.043562819686,-104.64162851571457,-0.8421905228272333,0.9416719010064808,1.2230640134555428,cross_up
USDJPY.a,4h,1,0.07,2011-08-04 20:00:00,78.77779890288814,2011-08-09 00:00:00,77.39273458923753,77.40595538044238,,stop,14,-9695.450195554216,-105.00000000000001,-92.5455384338612,0.0,-9695.450195554216,-122.27127072785301,-1.0096372443274535,1.002883259189303,0.4426168780746473,cross_up
USDJPY.a,4h,-1,0.08,2011-08-09 08:00:00,77.2209940690013,2011-08-25 16:00:00,77.18901129954924,78.38514455751717,,signal,75,255.862155616569,-80.0,-80.18079278757749,0.0,255.862155616569,3.1664623352416466,0.02747305418635784,0.23880583630825075,1.0857651836857818,cross_dn
USDJPY.a,4h,-1,0.17,2011-08-29 16:00:00,76.71705512118345,2011-08-30 00:00:00,76.86667839040814,77.32954137914966,,signal,2,-2543.5955768197405,-102.0,-159.06527387673722,0.0,-2543.5955768197405,-30.966541804007743,-0.244288369377497,0.4635938767988163,0.021314961786744236,cross_dn
USDJPY.a,4h,-1,0.18,2011-08-30 12:00:00,76.75154668960398,2011-09-02 04:00:00,76.92088027141013,77.30959947638746,,signal,16,-3048.0044725105695,-180.0,-175.68977076412384,0.0,-3048.0044725105695,-37.06752112682363,-0.3034364952859622,0.832274869682205,0.5941134915120874,cross_dn
USDJPY.a,4h,-1,0.17,2011-09-02 12:00:00,76.76216303128413,2011-09-05 20:00:00,76.89586797056245,77.350245788674,,signal,8,-2272.983967731392,-272.0,-131.51099912312483,0.0,-2272.983967731392,-28.040893738915955,-0.2273573533625598,0.35171405064464334,0.40668261104207554,cross_dn
USDJPY.a,4h,-1,0.17,2011-09-14 08:00:00,76.85861783586077,2011-09-30 04:00:00,76.64577463822607,77.42863748028101,,signal,72,3618.334359789856,-170.0,-162.33769968647408,0.0,3618.334359789856,48.3035159735036,0.3733962499681514,0.6953833398888909,1.34138857028069,cross_dn
USDJPY.a,4h,-1,0.26,2011-10-11 16:00:00,76.64010247731031,2011-10-12 12:00:00,77.03243873370157,77.01347420822847,,stop,5,-10200.742666172773,-338.00000000000006,-155.07766230031137,0.0,-10200.742666172773,-131.4369260764344,-1.0507926120342823,1.7352613201230631,0.8439376932351841,cross_dn
USDJPY.a,4h,1,0.19,2011-10-12 16:00:00,77.19911518243573,2011-10-13 12:00:00,76.68128799136637,76.68795621057593,,stop,5,-9838.716630317806,-190.0,-126.69616498154193,0.0,-9838.716630317806,-126.17962825333362,-1.013045294275667,1.031215749804569,0.5495057957063731,cross_up
USDJPY.a,4h,-1,0.22,2011-10-19 20:00:00,76.77753648644918,2011-10-31 04:00:00,77.24712236111509,77.21881913184183,,stop,46,-10330.889242650017,-330.0,-292.6710440118144,0.0,-10330.889242650017,-124.09259372170217,-1.0641385505837853,6.130908481894958,2.736424146874702,cross_dn
USDJPY.a,4h,1,0.07,2011-10-31 12:00:00,78.1806979107047,2011-11-11 20:00:00,77.18270421160553,76.83151202052122,,signal,57,-6985.955893694183,-70.00000000000001,-46.141037522663886,0.0,-6985.955893694183,-88.0198472740699,-0.7397006642008763,0.8462124596851749,0.5798326939135966,cross_up
USDJPY.a,4h,1,0.18,2011-11-25 04:00:00,77.48271815457043,2011-12-08 16:00:00,77.2502512660513,76.98128688474894,,signal,58,-4184.403993344546,-504.0,-134.95442215344735,0.0,-4184.403993344546,-52.74559590255178,-0.46360668452507453,0.6974398598933325,1.5720635964928693,cross_up
USDJPY.a,4h,1,0.24,2011-12-12 12:00:00,77.85328589978778,2011-12-28 08:00:00,77.77497403001531,77.44320579779931,,signal,71,-1879.4848745391162,-240.0,-97.2465592649461,0.0,-1879.4848745391162,-23.79234012780225,-0.19096725101444947,0.6078956247303802,0.8723029927023334,cross_up
USDJPY.a,4h,1,0.28,2012-01-20 08:00:00,77.15982598366422,2012-01-27 16:00:00,76.7989011747411,76.80627142981545,,stop,33,-10105.894649847245,-252.00000000000006,-206.3671420819367,0.0,-10105.894649847245,-123.70228867265956,-1.0208461607808952,1.4561429857425656,3.1598348944294834,cross_up
USDJPY.a,4h,-1,0.18,2012-01-30 04:00:00,76.74386389967412,2012-02-08 08:00:00,77.09646957255227,77.28482119771493,,signal,43,-6346.902111806543,-162.00000000000003,-124.90461188124814,0.0,-6346.902111806543,-76.11189530744713,-0.6518179422944794,0.6657385003034133,1.3418136742086553,cross_dn
USDJPY.a,4h,-1,0.13,2012-03-26 00:00:00,82.4248937295564,2012-03-27 12:00:00,83.21179768509006,83.19322871356142,,stop,9,-10229.751421937579,-117.00000000000001,-124.396629872288,0.0,-10229.751421937579,-117.457053575562,-1.024167806900897,1.0374462793410713,0.0,cross_dn
USDJPY.a,4h,1,0.18,2012-04-20 04:00:00,81.63738923266025,2012-04-23 08:00:00,81.06413026026019,81.0705263726573,,stop,8,-10318.661503201241,-126.0,-115.13002314792071,0.0,-10318.661503201241,-122.77987974842574,-1.0112833506098446,1.1826303678755021,0.23570210145545537,cross_up
USDJPY.a,4h,-1,0.2,2012-04-24 08:00:00,80.90071679916059,2012-04-25 00:00:00,81.42569220468204,81.40431549761307,,stop,4,-10499.508110428906,-300.0,-127.5341413794453,0.0,-10499.508110428906,-125.1024535570491,-1.042447899755611,1.136387370733864,0.10865158970570846,cross_dn
USDJPY.a,4h,1,0.17,2012-04-25 20:00:00,81.49086525907826,2012-04-26 12:00:00,81.11897964742465,80.90279204715718,,signal,4,-6322.055398111374,-153.00000000000003,-170.69198756151425,0.0,-6322.055398111374,-75.30635027995693,-0.6323797855691388,0.72247000962743,0.3182167409231474,cross_up
USDJPY.a,4h,1,0.22,2012-05-16 08:00:00,80.38937496708304,2012-05-17 16:00:00,79.94934541974116,79.95633135420513,,stop,8,-9680.650041521347,-198.00000000000003,-153.69055820746476,0.0,-9680.650041521347,-121.77811805612302,-1.0161321729641564,2.905885064832541,0.3639934367566668,cross_up
USDJPY.a,4h,-1,0.16,2012-05-18 00:00:00,79.25845029617547,2012-05-22 12:00:00,79.85767650057414,79.84261397637907,,stop,16,-9587.61927037881,-144.00000000000003,-97.00038712120619,0.0,-9587.61927037881,-121.75695474031485,-1.0257847666767363,1.161574618244035,0.4526989697190653,cross_dn
USDJPY.a,4h,1,0.14,2012-06-07 16:00:00,79.71339565305964,2012-06-15 04:00:00,79.02903214842468,79.03573901120319,,stop,34,-9581.089064889426,-126.00000000000003,-93.89607889923526,0.0,-9581.089064889426,-120.90132042787472,-1.0098971401802261,1.321311705300631,0.08205386549158877,cross_up
USDJPY.a,4h,-1,0.16,2012-06-15 20:00:00,78.69464746567719,2012-06-18 00:00:00,79.28590448178271,79.26399500499275,,stop,2,-9460.112257688252,-240.0,-110.55162863923584,0.0,-9460.112257688252,-119.35354746146676,-1.0384817273756837,1.0386494952339727,0.10827739020582511,cross_dn
USDJPY.a,4h,1,0.17,2012-06-21 08:00:00,79.62621912999712,2012-06-29 00:00:00,79.44162681738023,79.0788094234641,,signal,35,-3138.0693144872967,-255.0,-148.68820907239814,0.0,-3138.0693144872967,-39.35955627580435,-0.33721052150499514,0.7493822727317275,1.8062903492618394,cross_up
USDJPY.a,4h,1,0.15,2012-06-30 00:00:00,79.80463382012488,2012-07-10 04:00:00,79.48164212878011,79.15637036780511,,signal,39,-4844.875370171521,-75.0,-100.73613659655598,0.0,-4844.875370171521,-59.74138790254887,-0.4982414019932234,0.7707264975944027,0.440200938143223,cross_up
USDJPY.a,4h,1,0.21,2012-08-06 08:00:00,78.44950302930883,2012-08-06 20:00:00,78.16653347835587,77.99959220842625,,signal,3,-5942.36057001207,-189.00000000000003,-145.59390905368411,0.0,-5942.36057001207,-71.89543626022936,-0.6289458662004648,0.7101474658512826,0.036667201421835445,cross_up
USDJPY.a,4h,1,0.2,2012-08-07 20:00:00,78.71166634211598,2012-08-08 12:00:00,78.22980227133289,78.23533856131003,,stop,4,-9637.28141566179,-100.0,-110.72579954283083,0.0,-9637.28141566179,-116.67415683512502,-1.01162285762081,1.019605325757465,0.046887162126530754,cross_up
USDJPY.a,4h,-1,0.25,2012-08-13 08:00:00,78.29191412408304,2012-08-14 12:00:00,78.68571269656012,78.67590637343834,,stop,7,-9844.96431192703,-125.0,-120.15807804469299,0.0,-9844.96431192703,-119.08695258936082,-1.025537815250812,1.5236918893526654,0.34874173712586004,cross_dn
USDJPY.a,4h,1,0.23,2012-08-14 16:00:00,78.86328677145634,2012-08-22 20:00:00,78.44555457673302,78.45147307318436,,stop,38,-9607.840478636548,-115.0,-136.12541838077564,0.0,-9607.840478636548,-116.26054232310098,-1.014371781405471,1.360534566497841,1.910361971553632,cross_up
USDJPY.a,4h,-1,0.19,2012-08-23 20:00:00,78.47835017306797,2012-09-06 16:00:00,78.97250125240586,78.96239977931236,,stop,61,-9388.870507420039,-114.0,-77.92798877656215,0.0,-9388.870507420039,-115.97688865450216,-1.0208686732995689,1.1127988123185553,0.603967381228177,cross_dn
USDJPY.a,4h,1,0.28,2012-09-07 04:00:00,78.89354724159048,2012-09-07 12:00:00,78.55345791593524,78.55867901666579,,stop,2,-9522.501118346783,-252.00000000000006,-146.190820455337,0.0,-9522.501118346783,-116.7607891351868,-1.0155915083663904,1.9815174812113199,0.35671571537247726,cross_up
USDJPY.a,4h,-1,0.2,2012-09-07 20:00:00,78.1543473264508,2012-09-17 16:00:00,78.6371808226437,78.62301374700668,,stop,37,-9656.66992385792,-160.0,-123.34151274049962,0.0,-9656.66992385792,-116.59109500690745,-1.0302284845161631,1.6294162330713764,2.1749954375689398,cross_dn
USDJPY.a,4h,1,0.18,2012-09-18 00:00:00,78.71690206048522,2012-09-20 04:00:00,78.19527202323061,78.20210724237307,,stop,13,-9389.34067058298,-162.00000000000003,-123.03394456430145,0.0,-9389.34067058298,-114.55183549149122,-1.0132775601112796,1.0099209280928678,0.9559108254418601,cross_up
USDJPY.a,4h,-1,0.19,2012-09-22 00:00:00,78.12739056045775,2012-10-03 00:00:00,78.16578033460146,78.61234763068626,,signal,44,-729.4057087304822,-266.0,-105.6527148560453,0.0,-729.4057087304822,-9.093258141961602,-0.07916118044349983,0.16828178111475972,1.442170046367644,cross_dn
USDJPY.a,4h,-1,0.17,2012-11-09 04:00:00,79.46079675357853,2012-11-14 12:00:00,80.01484762091926,80.00351394135184,,stop,20,-9418.864744792245,-85.0,-107.67255264606979,0.0,-9418.864744792245,-112.79371169067004,-1.0208832147253617,1.5370864701081022,0.720074400410879,cross_dn
USDJPY.a,4h,1,0.15,2012-11-15 08:00:00,80.92176871879725,2013-02-26 04:00:00,92.48500907870883,80.3089032388307,,signal,434,173448.6053986736,-45.0,-359.72763873499076,0.0,173448.6053986736,1824.2365037421441,18.867501495666772,0.2851665243191533,22.04273486237125,cross_up
USDJPY.a,4h,1,0.1,2013-03-04 08:00:00,93.46443495685885,2013-03-22 08:00:00,94.68779435119498,92.3919096536145,,signal,85,12233.593943361286,-10.0,-184.11297610055462,0.0,12233.593943361286,123.88419374044462,1.1406345292139157,0.5132139588630743,3.023299341593627,cross_up
USDJPY.a,4h,1,0.09,2013-04-05 00:00:00,96.34287227857078,2013-04-29 08:00:00,97.6119086679032,95.02492403855042,,signal,98,11421.327503991719,-45.0,-163.64397774255193,0.0,11421.327503991719,113.47670482981326,0.9628878819344315,0.41797717227671266,2.732374164689199,cross_up
USDJPY.a,4h,1,0.12,2013-05-06 04:00:00,99.09079484837002,2013-05-27 04:00:00,100.83946300215223,98.0395011809582,,signal,91,20984.01784538646,-12.0,-300.8879483464913,0.0,20984.01784538646,215.81361673559334,1.6633488890761043,0.48587265785358363,4.415707328532281,cross_up
USDJPY.a,4h,1,0.09,2013-05-29 08:00:00,102.38878149944283,2013-05-29 12:00:00,101.09224150297797,101.10914430577334,,stop,1,-11668.859968183724,-9.0,-152.12522515829056,0.0,-11668.859968183724,-119.7653573400605,-1.013209058691785,1.1149890816719599,0.07050318715608793,cross_up
USDJPY.a,4h,-1,0.08,2013-05-29 16:00:00,101.24257921731716,2013-06-21 08:00:00,97.6491477290022,102.66256689961381,,signal,101,28747.451906519702,-8.0,-226.36366403504866,0.0,28747.451906519702,318.6376876781581,2.5306075067517786,0.39325748359990687,5.249749212796215,cross_dn
USDJPY.a,4h,-1,0.07,2013-07-12 08:00:00,99.00905721496568,2013-07-18 16:00:00,100.29032622298574,100.55075952385151,,signal,26,-8968.883056140428,-7.000000000000001,-130.5671218002617,0.0,-8968.883056140428,-97.56416566088087,-0.8310741967727984,0.9560488925384851,0.13300701035718726,cross_dn
USDJPY.a,4h,-1,0.1,2013-07-24 00:00:00,99.39440947821079,2013-07-24 16:00:00,100.34056846815967,100.51710870239391,,signal,4,-9461.589899488843,-10.0,-171.3693631932948,0.0,-9461.589899488843,-102.4855571269514,-0.842753757701499,0.8627337588960726,0.010162542170718634,cross_dn
USDJPY.a,4h,-1,0.1,2013-07-26 04:00:00,99.27226158280335,2013-08-14 20:00:00,98.19058928860021,100.32374846877956,,signal,83,10816.722942031447,-10.0,-151.78577200389506,0.0,10816.722942031447,120.69853300728971,1.028707355868654,0.6426503518104112,3.293680243656157,cross_dn
USDJPY.a,4h,-1,0.1,2013-08-19 00:00:00,97.61022072276255,2013-08-19 16:00:00,97.95026793047634,98.63917193581159,,signal,4,-3400.472077137949,-10.0,-165.35860952677166,0.0,-3400.472077137949,-37.886390564552904,-0.33047942740273334,0.4507300942511697,0.24609594658253287,cross_dn
USDJPY.a,4h,-1,0.1,2013-08-20 12:00:00,97.25165188241813,2013-08-22 04:00:00,98.31077186030772,98.29824659755931,,stop,10,-10591.199778895942,-10.0,-115.25262748404127,0.0,-10591.199778895942,-119.95047884940612,-1.0119676342400812,1.0341616500861723,0.3245304772748697,cross_dn
USDJPY.a,4h,1,0.11,2013-08-22 08:00:00,98.2896046864633,2013-08-27 16:00:00,97.30712365506581,97.31856143763298,,stop,20,-10807.291345372476,-11.0,-125.81560823884449,0.0,-10807.291345372476,-123.71102790156746,-1.0117788600877955,1.1869756448558593,0.8829630550127168,cross_up
USDJPY.a,4h,-1,0.11,2013-08-28 08:00:00,97.11122665750554,2013-08-29 08:00:00,98.0751264938717,98.06264225886989,,stop,6,-10602.898200027681,-11.0,-126.3265850198209,0.0,-10602.898200027681,-120.82301461335246,-1.013121747198495,1.2137422813316296,0.0443829777911816,cross_dn
USDJPY.a,4h,1,0.11,2013-08-30 00:00:00,98.34928024704787,2013-09-16 12:00:00,98.874249234912,97.40519751278671,,signal,70,5774.658866505405,-11.0,-148.51683193600948,0.0,5774.658866505405,62.42001088378533,0.5560624814042064,0.492838424179001,2.3925019185101526,cross_up
USDJPY.a,4h,1,0.15,2013-10-11 08:00:00,98.42190005166513,2013-10-18 12:00:00,97.65235328148054,97.66114689123404,,stop,31,-11543.201552768849,-15.0,-131.9041463023573,0.0,-11543.201552768849,-122.31978113332781,-1.0115590840904471,1.1368997155069605,0.7638482211570132,cross_up
USDJPY.a,4h,-1,0.15,2013-10-23 08:00:00,97.42005721007504,2013-10-29 16:00:00,98.16311904287704,98.15479864374369,,stop,26,-11145.927492029981,-15.0,-109.80598700018206,0.0,-11145.927492029981,-119.83709175722802,-1.011324254699791,1.163596812086856,0.6479248185283827,cross_dn
USDJPY.a,4h,1,0.2,2013-10-30 08:00:00,98.18931885619963,2014-01-13 04:00:00,103.55062397187893,97.6285770500498,,signal,302,107226.10231358603,-20.0,-295.0411248430837,0.0,107226.10231358603,1148.2729202147718,9.561093995275812,0.9921123235298515,12.93051644139927,cross_up
USDJPY.a,4h,1,0.17,2014-01-21 12:00:00,104.66909983721258,2014-01-22 04:00:00,103.99555875663845,104.00440652907552,,stop,4,-11450.198369760372,-17.0,-150.41213143034025,0.0,-11450.198369760372,-123.85749677188845,-1.0133110598959942,1.051763014091351,0.10666597951184802,cross_up
USDJPY.a,4h,-1,0.15,2014-01-23 16:00:00,103.70673256334534,2014-02-11 20:00:00,102.61940680217386,104.48188570351188,,signal,80,16309.88641757227,-15.0,-192.2040652158856,0.0,16309.88641757227,175.89664527728868,1.4027238036317295,0.10226035675689896,3.8079347297892405,cross_dn
USDJPY.a,4h,-1,0.14,2014-02-14 08:00:00,101.66551134457819,2014-02-18 04:00:00,102.49154724703179,102.48101130678143,,stop,11,-11564.502634350361,-14.000000000000002,-133.50316350507393,0.0,-11564.502634350361,-125.15052293882066,-1.0129196085085017,1.3200351996503672,0.3439746874056628,cross_dn
USDJPY.a,4h,1,0.15,2014-02-19 00:00:00,102.35697161944351,2014-02-20 08:00:00,101.93620238645046,101.59958969029701,,signal,8,-6311.538494895785,-15.0,-173.92840648583112,0.0,-6311.538494895785,-69.17564543947283,-0.5555575289038364,0.6706941371256955,0.14263395573515703,cross_up
USDJPY.a,4h,1,0.15,2014-02-20 20:00:00,102.36786552367651,2014-02-28 00:00:00,102.11878755797389,101.59891027431749,,signal,31,-3736.1694855393775,-15.0,-156.3732607831808,0.0,-3736.1694855393775,-40.800613745349644,-0.3239173747890379,0.8399260219822829,0.5970886819567248,cross_up
USDJPY.a,4h,1,0.18,2014-03-06 04:00:00,102.5050705516049,2014-03-13 16:00:00,101.86257973009648,101.87157959164739,,stop,33,-11564.83478715151,-18.0,-161.99750791625192,0.0,-11564.83478715151,-124.39624845835873,-1.014206771871706,1.4650099374222298,1.9793959624604547,cross_up
USDJPY.a,4h,-1,0.15,2014-03-14 04:00:00,101.81719127652397,2014-03-19 20:00:00,102.5667379611403,102.5560589294654,,stop,22,-11243.20026924501,-15.0,-145.18547512370222,0.0,-11243.20026924501,-121.25523199667268,-1.0144532402148048,1.1690980381090104,0.8258465154007132,cross_dn
USDJPY.a,4h,1,0.19,2014-03-24 00:00:00,102.22832165312255,2014-04-08 20:00:00,101.92531563206897,101.61996977196486,,signal,71,-5757.114400017955,-19.0,-216.00598137895867,0.0,-5757.114400017955,-60.37049266005986,-0.49807690325039994,0.8388593327786021,3.1210199321883887,cross_up
USDJPY.a,4h,1,0.24,2014-04-18 20:00:00,102.41901476612857,2014-04-25 20:00:00,102.14981320288642,101.92120455961457,,signal,30,-6460.837517811569,-24.0,-200.96626145147047,0.0,-6460.837517811569,-68.24582252628278,-0.5407714822226651,0.9200590107139289,0.6106448399283243,cross_up
USDJPY.a,4h,1,0.25,2014-04-29 08:00:00,102.49473734399638,2014-05-01 08:00:00,102.25512977492637,102.02362676971777,,signal,12,-5990.189226750075,-25.0,-193.51125368164546,0.0,-5990.189226750075,-63.05553874039998,-0.5086015516355205,0.9928398332230155,0.6055110447062938,cross_up
USDJPY.a,4h,1,0.23,2014-05-02 16:00:00,102.88980683455492,2014-05-02 16:00:00,102.37625432731363,102.38346457914601,,stop,0,-11811.70766654958,-23.0,-165.83579214458197,0.0,-11811.70766654958,-124.54849297635072,-1.0142398777809944,1.498604602813808,0.006306338076612316,cross_up
USDJPY.a,4h,-1,0.2,2014-05-05 04:00:00,102.09034690396605,2014-05-13 20:00:00,102.24927219248083,102.6731090814928,,signal,41,-3178.505770295601,-20.0,-130.88769923291275,0.0,-3178.505770295601,-33.23406895875381,-0.272710369072444,0.46614743802839964,1.1348487075342086,cross_dn
USDJPY.a,4h,-1,0.27,2014-05-14 20:00:00,101.7635449029082,2014-05-26 00:00:00,101.9779915032569,102.1992246085109,,signal,43,-5790.058209415122,-81.0,-215.54117587265185,0.0,-5790.058209415122,-61.52769839671489,-0.49221158936482445,0.8043870131774877,2.163389505610094,cross_dn
USDJPY.a,4h,-1,0.24,2014-05-30 08:00:00,101.58330736151125,2014-06-02 04:00:00,101.95958949437438,102.0562013350242,,signal,5,-9030.771188715335,-24.0,-172.29572997000363,0.0,-9030.771188715335,-95.4768437716775,-0.7957008419199749,0.8494348860162655,0.08946479312680383,cross_dn
USDJPY.a,4h,-1,0.29,2014-06-12 08:00:00,102.06788071320014,2014-07-03 20:00:00,102.20680063294681,102.47648091536473,,signal,95,-4028.6776726534154,-86.99999999999999,-162.43671091543294,0.0,-4028.6776726534154,-42.16280235333661,-0.33998984584620867,0.6782162253758015,2.04327043593539,cross_dn
USDJPY.a,4h,-1,0.37,2014-07-09 04:00:00,101.53749622672358,2014-07-17 04:00:00,101.65342483047456,101.85400794105807,,signal,36,-4289.358338786528,-222.0,-179.43745511776865,0.0,-4289.358338786528,-45.11529823191936,-0.36626955180708304,0.9904965885247025,1.4928238208088402,cross_dn
USDJPY.a,4h,-1,0.38,2014-07-17 08:00:00,101.48662265741648,2014-07-24 16:00:00,101.8011331780364,101.79110380932056,,stop,32,-11951.399783556923,-228.0,-153.11601120143212,0.0,-11951.399783556923,-124.76125023943368,-1.032939210368573,1.1310300832414428,1.3223237461453878,cross_dn
USDJPY.a,4h,1,0.34,2014-07-24 20:00:00,101.82863294253836,2014-08-08 08:00:00,101.79744520028272,101.48321927368107,,signal,63,-1060.3832366917345,-340.0,-309.72638077549175,0.0,-1060.3832366917345,-11.270229419657287,-0.09029099039078463,0.6734908415986075,3.619911920678008,cross_up
USDJPY.a,4h,1,0.24,2014-08-13 20:00:00,102.46248811984069,2014-10-07 20:00:00,108.24780841254685,101.99309925221608,,signal,234,138847.68702494784,-24.0,-393.1961977514379,0.0,138847.68702494784,1455.792766191083,12.325218367413486,0.7019512872303589,16.24561724002769,cross_up
USDJPY.a,4h,1,0.14,2014-10-23 20:00:00,108.2347406382377,2014-12-11 08:00:00,118.18394787654222,107.36787562185,,signal,209,139288.90133626334,-14.000000000000002,-365.45945681784866,0.0,139288.90133626334,1414.798055834034,11.477227769282704,0.7310718811546391,15.698244945296334,cross_up
USDJPY.a,4h,1,0.08,2014-12-19 20:00:00,119.58536172016254,2015-01-06 12:00:00,118.86900399721083,117.93857613196775,,signal,57,-5730.861783613705,-8.0,-143.93604462685394,0.0,-5730.861783613705,-59.31775943973871,-0.43500363865643654,0.5667779259506949,0.7509406741851994,cross_up
USDJPY.a,4h,1,0.09,2015-01-23 08:00:00,118.60990223432597,2015-01-26 04:00:00,117.60891308015997,117.24869922535017,,signal,6,-9008.902387494061,-108.0,-181.56455712073546,0.0,-9008.902387494061,-96.9517053840444,-0.7353709531682339,0.9939018834111414,0.06765909645125034,cross_up
USDJPY.a,4h,1,0.09,2015-01-26 16:00:00,118.36293594128593,2015-01-28 12:00:00,117.78316633216856,117.07477713458744,,signal,11,-5217.92648205627,-27.0,-159.00602096598294,0.0,-5217.92648205627,-55.399404466317876,-0.4500761909964302,0.7987648230446466,0.22362464722216144,cross_up
USDJPY.a,4h,1,0.11,2015-01-30 04:00:00,118.23955246318341,2015-01-30 12:00:00,117.68076476388777,117.14112995607952,,signal,2,-6146.664692252145,-77.0,-181.17519446895776,0.0,-6146.664692252145,-67.32614194414401,-0.5087183626352973,0.5112353939869744,0.004959418421744309,cross_up
USDJPY.a,4h,1,0.11,2015-02-07 00:00:00,118.85546882170526,2015-03-20 00:00:00,120.75045501001266,117.76438938583192,,signal,179,20844.84807138139,-88.0,-165.9897797212832,0.0,20844.84807138139,225.67678045669794,1.736799472158123,0.5705073354324636,2.901283879263049,cross_up
USDJPY.a,4h,1,0.18,2015-04-08 04:00:00,120.26366916142959,2015-04-14 12:00:00,119.57865353994245,119.5886513460173,,stop,27,-12330.281186768501,-72.0,-179.96050934725923,0.0,-12330.281186768501,-136.24848752454534,-1.0148111736410146,1.0631855116168207,0.8552823723886168,cross_up
USDJPY.a,4h,-1,0.15,2015-04-15 04:00:00,119.49519134597904,2015-04-23 04:00:00,119.97363882489189,120.30866496435982,,signal,37,-7176.712183692828,-90.0,-169.1647467564993,0.0,-7176.712183692828,-77.31790882838959,-0.5881536513319308,0.6205593428165287,1.191423205473109,cross_dn
USDJPY.a,4h,-1,0.15,2015-04-24 20:00:00,118.96766868174882,2015-04-30 16:00:00,119.80080605127655,119.78406207227437,,stop,24,-12497.060542916002,-90.0,-161.15968503282406,0.0,-12497.060542916002,-132.59176943586507,-1.0205096944640955,1.1297633334065054,0.5826464144235735,cross_dn
USDJPY.a,4h,1,0.15,2015-05-01 16:00:00,119.7499658240139,2015-05-14 00:00:00,119.13499796966151,118.90510061351243,,signal,52,-9224.517815285793,-105.0,-150.0609101544912,0.0,-9224.517815285793,-95.45672930789708,-0.7278887172870733,0.8486156313482764,0.8889396398986912,cross_up
USDJPY.a,4h,1,0.2,2015-05-19 08:00:00,119.94785604586657,2015-06-11 00:00:00,122.59901570158583,119.32276305642507,,signal,103,53023.193114385096,-140.0,-399.37193656659866,0.0,53023.193114385096,557.2937815162347,4.241224426605691,0.1965404314905818,9.44682479867434,cross_up
USDJPY.a,4h,1,0.16,2015-06-24 04:00:00,123.88790819948875,2015-06-29 00:00:00,122.72954333472094,123.11062699190067,,stop_gap,18,-18533.837836284874,-112.0,-183.30664446481896,0.0,-18533.837836284874,-195.5486624588938,-1.4902777186164613,2.3014942108786807,0.622801369421244,cross_up
USDJPY.a,4h,-1,0.12,2015-06-29 08:00:00,122.87351375363211,2015-07-13 20:00:00,123.36476176096858,123.90245624183135,,signal,65,-5894.976088037595,-72.0,-186.28226324577676,0.0,-5894.976088037595,-64.45738033484555,-0.47742999533064834,0.821704085568067,2.3961628389425695,cross_dn
USDJPY.a,4h,-1,0.2,2015-07-27 20:00:00,123.23526038911389,2015-07-29 16:00:00,123.85625749676564,123.83998608082254,,stop,11,-12419.942153034925,-180.00000000000003,-145.4283188620307,0.0,-12419.942153034925,-137.35260595596282,-1.0269071021228153,1.1075097685923732,0.26997428975209425,cross_dn
USDJPY.a,4h,1,0.19,2015-07-30 04:00:00,123.95199931506973,2015-08-15 00:00:00,124.27490021372532,123.31774604830606,,signal,73,6135.117074456204,-171.00000000000003,-193.79187843802038,0.0,6135.117074456204,66.93998881778737,0.5091040371036969,0.687421473277463,2.0874952551464236,cross_up
USDJPY.a,4h,1,0.2,2015-08-17 16:00:00,124.55279461735677,2015-08-18 12:00:00,124.24764324510946,123.95703227889659,,signal,5,-6103.0274449461795,-180.00000000000003,-174.27019562135803,0.0,-6103.0274449461795,-66.83764187474914,-0.5122031933673614,0.5602815012098749,0.0,cross_up
USDJPY.a,4h,1,0.08,2015-09-10 16:00:00,121.07872236514903,2015-09-15 08:00:00,119.73512903370053,119.74841238378416,,stop,17,-10748.746651588022,-72.00000000000001,-106.26680066900454,0.0,-10748.746651588022,-125.7955535246046,-1.0099851540390588,1.1521542998395593,0.05658653690151904,cross_up
USDJPY.a,4h,-1,0.1,2015-09-15 12:00:00,119.58025983090062,2015-09-16 20:00:00,120.62458584950315,120.69494584030213,,signal,8,-10443.260186025327,-90.00000000000001,-151.71699006290928,0.0,-10443.260186025327,-120.44183035079007,-0.936879094017916,0.9892832239739581,0.16530200374502466,cross_dn
USDJPY.a,4h,-1,0.1,2015-09-18 12:00:00,119.41598469239737,2015-09-21 12:00:00,120.5597896307934,120.53806063881552,,stop,7,-11438.049383960306,-90.00000000000001,-127.2899197787545,0.0,-11438.049383960306,-132.8034251539055,-1.0193649922246737,1.0293557323723255,0.3252762823786234,cross_dn
USDJPY.a,4h,1,0.1,2015-09-25 16:00:00,121.02490724915323,2015-09-28 16:00:00,119.93253767731996,119.944716460143,,stop,7,-10923.69571833274,-90.00000000000001,-121.78782823037679,0.0,-10923.69571833274,-129.9242782299868,-1.0112746590203772,1.2330296302319395,0.1898671539633274,cross_up
USDJPY.a,4h,-1,0.11,2015-09-29 04:00:00,119.81047146601986,2015-10-06 00:00:00,120.45198896219449,120.78134111270977,,signal,30,-7056.692457920917,-99.00000000000001,-153.7571682787046,0.0,-7056.692457920917,-82.74215990502388,-0.6607658385055358,0.7586276247189967,1.168510592423752,cross_dn
USDJPY.a,4h,-1,0.14,2015-10-08 04:00:00,119.92496142750628,2015-10-10 00:00:00,120.2406609507369,120.69296168184698,,signal,11,-4419.793325228682,-126.00000000000003,-130.50662063309434,0.0,-4419.793325228682,-50.14383272356508,-0.41106695140567917,0.5456229605723827,0.39578297765958137,cross_dn
USDJPY.a,4h,-1,0.23,2015-10-13 08:00:00,119.8830264804418,2015-10-21 16:00:00,120.0382195023461,120.3805507097579,,signal,39,-3569.4395037988047,-207.00000000000003,-240.0971079204535,0.0,-3569.4395037988047,-41.23380084512896,-0.31193058098421766,0.36977801023094964,3.668216285567619,cross_dn
USDJPY.a,4h,-1,0.19,2015-11-24 20:00:00,122.45917102839415,2015-11-30 12:00:00,123.08583471871985,123.07113079309399,,stop,23,-11906.610116188289,-171.00000000000003,-108.3745868913488,0.0,-11906.610116188289,-134.38837702432363,-1.0240276019340566,1.112538782577962,0.33526882031988514,cross_dn
USDJPY.a,4h,1,0.22,2015-11-30 20:00:00,123.23701337901623,2015-12-01 04:00:00,122.71181744775765,122.7186605170465,,stop,2,-11554.310487688752,-198.00000000000003,-150.5475243545499,0.0,-11554.310487688752,-129.3277043117158,-1.0132015655568,1.1575384704855156,0.06556657342378608,cross_up
USDJPY.a,4h,-1,0.17,2015-12-09 16:00:00,122.48320450004518,2015-12-18 00:00:00,122.71447082092648,123.12704807084188,,signal,39,-3931.5274549821597,-153.00000000000003,-254.00791150048076,0.0,-3931.5274549821597,-45.012547164562726,-0.3591964436254758,0.6038664010789471,3.330319036022829,cross_dn
USDJPY.a,4h,-1,0.08,2015-12-18 12:00:00,121.26671197027133,2016-01-23 00:00:00,118.84990181560272,122.55431169424484,,signal,143,19334.481237348882,-72.00000000000001,-158.42904964343867,0.0,19334.481237348882,232.49162753780956,1.8769887175886997,0.37767018792765156,4.113632421359765,cross_dn
USDJPY.a,4h,-1,0.07,2016-02-04 12:00:00,117.71740525002362,2016-03-02 04:00:00,113.94287187080695,119.20506249682134,,signal,116,26421.733654516647,-63.000000000000014,-138.20619129735076,0.0,26421.733654516647,320.507711809967,2.53723321507127,0.042076056236154576,4.529541508656285,cross_dn
USDJPY.a,4h,-1,0.1,2016-03-08 20:00:00,112.57171418765424,2016-03-10 04:00:00,113.67354270557465,113.65216704654493,,stop,8,-11018.2851792041,-90.00000000000001,-123.7565902971373,0.0,-11018.2851792041,-129.835845509246,-1.0197839811832807,1.1386760673750347,0.3227481743278132,cross_dn
USDJPY.a,4h,1,0.08,2016-03-11 12:00:00,113.73729846118502,2016-03-16 00:00:00,113.10062485963097,112.37263022509416,,signal,16,-5093.3888124324085,-72.00000000000001,-134.0022459043268,0.0,-5093.3888124324085,-60.32653341183578,-0.4665409399267788,0.813603212723343,0.29728950090985173,cross_up
USDJPY.a,4h,1,0.1,2016-03-16 12:00:00,113.6490562986118,2016-03-16 20:00:00,112.5958370816651,112.60999826379819,,stop,2,-10532.192169467009,-90.00000000000001,-141.61182133099388,0.0,-10532.192169467009,-124.65305855603035,-1.0136288654325591,1.271397991594159,0.1587434925305064,cross_up
USDJPY.a,4h,-1,0.09,2016-03-17 00:00:00,112.51061355391761,2016-03-25 04:00:00,113.2337158398913,113.70709851109162,,signal,37,-6507.920573763257,-81.00000000000001,-138.88511804341778,0.0,-6507.920573763257,-76.52262371081655,-0.6043555179177509,0.6555756855773981,1.5433654579988583,cross_dn
USDJPY.a,4h,-1,0.13,2016-03-31 08:00:00,112.39439506058775,2016-04-21 08:00:00,109.81795178240871,113.22531876703209,,signal,93,33493.76261632754,-117.00000000000001,-180.74634262634714,0.0,33493.76261632754,391.1555724162674,3.1006977634614312,0.2462379371600649,5.739871210314599,cross_dn
USDJPY.a,4h,-1,0.07,2016-04-29 00:00:00,107.99322362070316,2016-05-10 16:00:00,109.20699106794585,109.55939721303527,,signal,48,-8496.372130698817,-63.000000000000014,-111.8749512419349,0.0,-8496.372130698817,-106.17238457199517,-0.7749890900888778,0.8177742145362715,1.5631879075790318,cross_dn
USDJPY.a,4h,-1,0.09,2016-06-02 12:00:00,108.94569537883305,2016-07-12 16:00:00,103.91382805066756,110.01789131093365,,signal,175,45286.805953489406,-81.00000000000001,-212.90491201604172,0.0,45286.805953489406,569.3830599606233,4.693048329615726,0.17375986570099594,9.3366287626372,cross_dn
USDJPY.a,4h,-1,0.07,2016-07-28 08:00:00,104.83799192056726,2016-08-27 00:00:00,101.825341359454,106.3537414620987,,signal,134,21088.553927792833,-63.000000000000014,-88.77903235603594,0.0,21088.553927792833,274.4061585022171,1.987564883621496,0.5324151895288551,3.4979340420650264,cross_dn
USDJPY.a,4h,-1,0.1,2016-09-08 00:00:00,101.74801242494655,2016-09-09 16:00:00,102.81582768525851,102.79432741104164,,stop,10,-10678.1526031196,-90.00000000000001,-125.00274216872504,0.0,-10678.1526031196,-136.9850465683517,-1.020548567594465,1.2453110128110518,0.32400608750885096,cross_dn
USDJPY.a,4h,1,0.09,2016-09-14 12:00:00,103.13698915356997,2016-09-15 04:00:00,102.04363916866289,102.05734471173525,,stop,4,-9840.149864163706,-81.00000000000001,-123.34988765122729,0.0,-9840.149864163706,-128.5547232238282,-1.0126944969485243,1.1123932167233108,0.0991167483326065,cross_up
USDJPY.a,4h,-1,0.09,2016-09-16 00:00:00,102.13489328739023,2016-10-03 04:00:00,101.54690894617885,103.28955746670144,,signal,70,5291.859070902432,-81.00000000000001,-142.36103121911322,0.0,5291.859070902432,68.25697910594941,0.5092254109434051,0.5586963934350139,1.77877977354024,cross_dn
USDJPY.a,4h,-1,0.11,2016-11-02 16:00:00,103.31760141921849,2016-11-07 00:00:00,104.28720993428921,104.26484741289553,,stop,14,-10665.693665777895,-99.00000000000001,-146.98773533036388,0.0,-10665.693665777895,-134.8729728686063,-1.0236079345206486,1.2218564010903699,0.8166848151191523,cross_dn
USDJPY.a,4h,1,0.11,2016-11-08 16:00:00,104.76254508231287,2016-11-09 04:00:00,103.80383729310634,103.82458507326744,,stop,3,-10545.78568127181,-99.00000000000001,-228.2255817721246,0.0,-10545.78568127181,-130.63726858132972,-1.0221201116902812,3.787522973317749,0.7489177693215642,cross_up
USDJPY.a,4h,-1,0.05,2016-11-09 12:00:00,103.37447998351284,2016-11-09 20:00:00,104.85946123870576,105.45673298865673,,signal,2,-7424.906275964603,-45.00000000000001,-174.61238705769142,0.0,-7424.906275964603,-92.23822158282721,-0.7131608174052358,0.7614444606733046,0.17744240618219945,cross_dn
USDJPY.a,4h,-1,0.12,2016-12-30 00:00:00,116.60438858655732,2017-01-02 20:00:00,117.52764614244182,117.50619027112921,,stop,12,-11079.09067061405,-108.00000000000001,-149.47045575138688,0.0,-11079.09067061405,-131.4693036164119,-1.0237922280249416,1.152816002928863,0.6291722407090723,cross_dn
USDJPY.a,4h,1,0.11,2017-01-03 00:00:00,117.46934077747923,2017-01-05 00:00:00,116.50799053423131,116.5240107239487,,stop,12,-10574.85267572713,-99.00000000000001,-176.22208689135044,0.0,-10574.85267572713,-123.90757091454543,-1.0169466628692956,1.2411969481951275,1.1981627139543773,cross_up
USDJPY.a,4h,-1,0.08,2017-01-05 16:00:00,116.51861192595935,2017-01-27 16:00:00,115.20773461914663,117.92539458239546,,signal,99,10487.01845450171,-72.00000000000001,-171.75390634618037,0.0,10487.01845450171,120.50416161006504,0.9318264628977182,0.7175152959290849,2.843091580395096,cross_dn
USDJPY.a,4h,-1,0.09,2017-01-31 08:00:00,113.5419577841629,2017-02-13 00:00:00,113.5322162337345,114.78499059345616,,signal,54,87.67395385561372,-81.00000000000001,-183.89220722081166,0.0,87.67395385561372,1.0115311368930897,0.007836921403498783,0.337112755756904,1.57192776373607,cross_dn
USDJPY.a,4h,-1,0.14,2017-02-20 00:00:00,112.87838784628578,2017-02-21 04:00:00,113.68541686619987,113.66671299999166,,stop,7,-11298.40627879736,-126.00000000000003,-135.85412691504044,0.0,-11298.40627879736,-129.75915283846075,-1.0237260806918147,1.0447619866529132,0.11719510135058218,cross_dn
USDJPY.a,4h,1,0.14,2017-02-21 20:00:00,113.48416568257623,2017-02-23 00:00:00,113.07276488140731,112.67461965319931,,signal,7,-5759.611216364931,-126.00000000000003,-202.58332059542607,0.0,-5759.611216364931,-65.99623615092082,-0.5081870409339984,0.7166555841460575,0.29872831024802693,cross_up
USDJPY.a,4h,1,0.1,2017-03-02 00:00:00,113.65880941167177,2017-03-16 12:00:00,113.43374343320767,112.55473304418629,,signal,65,-2250.659784641016,-90.00000000000001,-145.13133584676382,0.0,-2250.659784641016,-25.820881000143984,-0.20385000991977334,0.6872798241302316,1.667629742425813,cross_up
USDJPY.a,4h,1,0.12,2017-04-24 16:00:00,110.22955178135331,2017-05-17 20:00:00,111.45057289058028,109.31726020243902,,signal,106,14652.253310723609,-108.00000000000001,-202.25062607330358,0.0,14652.253310723609,177.14250113249076,1.3384110271850702,0.7010387864310093,4.533033422897794,cross_up
USDJPY.a,4h,1,0.11,2017-06-16 08:00:00,111.21178858192609,2017-07-15 00:00:00,112.52451154513258,110.21042166379442,,signal,128,14439.952595271465,-99.00000000000001,-142.746007083303,0.0,14439.952595271465,163.9996881150845,1.3109310278152129,0.5690107907590883,3.273736488309742,cross_up
USDJPY.a,4h,1,0.16,2017-08-16 12:00:00,110.88348431000915,2017-08-16 20:00:00,110.15702125715221,110.1664967295365,,stop,2,-11623.408845711083,-144.00000000000003,-151.60755814868676,0.0,-11623.408845711083,-133.09266333503723,-1.0132156715713947,1.195954202503607,0.0857974275513802,cross_up
USDJPY.a,4h,-1,0.12,2017-08-18 00:00:00,109.4748488265921,2017-08-30 12:00:00,110.40075837001389,110.38815795875688,,stop,53,-11110.914521061544,-12.0,-139.20493508409024,0.0,-11110.914521061544,-127.18202364068377,-1.013796436292217,1.0556679435829202,1.3224972619393143,cross_dn
USDJPY.a,4h,1,0.12,2017-08-30 20:00:00,110.3794169370831,2017-09-04 08:00:00,109.41422059675895,109.42452770035061,,stop,15,-11582.356083889861,-12.0,-123.68524309990941,0.0,-11582.356083889861,-133.01401367423767,-1.0107940305484293,1.0434895470104109,0.30640523702840095,cross_up
USDJPY.a,4h,-1,0.13,2017-09-05 20:00:00,108.8373580139895,2017-09-12 08:00:00,109.70286865956678,109.69045965525824,,stop,27,-11251.63839250456,-13.0,-148.31705601097102,0.0,-11251.63839250456,-127.8012188399652,-1.0145457513011962,1.0791703373601669,1.7821534274959605,cross_dn
USDJPY.a,4h,1,0.12,2017-09-13 00:00:00,110.16342536776442,2017-10-11 12:00:00,112.22746825185381,109.2020081855608,,signal,123,24768.514609072667,-12.0,-132.7619555088806,0.0,24768.514609072667,283.5921415556472,2.146875385936514,0.6390829903373648,3.4080674788082104,cross_up
USDJPY.a,4h,1,0.19,2017-10-19 00:00:00,112.92789648625002,2017-10-19 12:00:00,112.305857104781,112.31420377403644,,stop,3,-11818.74824791143,-19.0,-158.58671585334042,0.0,-11818.74824791143,-133.35770106439767,-1.0136007306088726,1.032921645693936,0.35865427333504885,cross_up
USDJPY.a,4h,-1,0.15,2017-11-09 16:00:00,113.31875461670394,2017-12-01 08:00:00,112.61950860718552,114.0837631360078,,signal,94,10488.690142776279,-15.0,-195.25821556572131,0.0,10488.690142776279,123.19791010866064,0.9140368922358071,0.7754755252084025,3.2375516797613253,cross_dn
USDJPY.a,4h,-1,0.15,2017-12-15 08:00:00,112.33420537700428,2017-12-19 20:00:00,113.06039947558594,113.05208386480801,,stop,15,-10892.911478724867,-15.0,-109.73416166887532,0.0,-10892.911478724867,-125.88058947583156,-1.011583590982602,1.03749399884419,0.42236309090678875,cross_dn
USDJPY.a,4h,1,0.18,2017-12-20 16:00:00,113.24550940069932,2017-12-29 08:00:00,112.73853590589566,112.63208067509127,,signal,34,-9125.522906465874,-18.0,-124.70738775665748,0.0,-9125.522906465874,-103.7732718030174,-0.8264586799405835,0.9495958966087299,0.6382006302568015,cross_up
USDJPY.a,4h,1,0.25,2018-01-08 00:00:00,113.09086855397275,2018-01-09 04:00:00,112.63174253372208,112.6383485036677,,stop,7,-11478.150506266971,-25.0,-165.14924864066248,0.0,-11478.150506266971,-129.71964207923446,-1.0145981817627119,1.3145683900011604,0.6544051381317074,cross_up
USDJPY.a,4h,-1,0.17,2018-01-10 04:00:00,112.37175429628533,2018-02-05 12:00:00,109.7801365464936,113.03292165389631,,signal,110,44057.50174645954,-17.0,-242.64258078189636,0.0,44057.50174645954,504.46513597539933,3.9197605870261527,0.07750791554476981,6.1856567012972405,cross_dn
USDJPY.a,4h,-1,0.11,2018-02-06 04:00:00,109.11045716356718,2018-03-12 04:00:00,106.93440795529752,110.1297279813414,,signal,144,23936.54129096626,-11.0,-140.97501654512868,0.0,23936.54129096626,285.4824549080314,2.134907789297332,0.660808515938521,3.7904128090351614,cross_dn
USDJPY.a,4h,-1,0.12,2018-03-15 08:00:00,105.97196933089454,2018-03-28 20:00:00,106.86138672599577,106.84885930265776,,stop,57,-10673.0087412148,-12.0,-138.32908005608596,0.0,-10673.0087412148,-130.29715093199482,-1.0142861975178301,1.1860446607847566,1.529233283621848,cross_dn
USDJPY.a,4h,1,0.11,2018-03-29 04:00:00,106.86845008348341,2018-04-02 20:00:00,105.93077468460561,105.93910414646372,,stop,16,-10314.429387655808,-11.0,-91.62408043919906,0.0,-10314.429387655808,-127.52480728339229,-1.0089627140188748,1.3024752519661178,0.0,cross_up
USDJPY.a,4h,-1,0.14,2018-05-24 16:00:00,109.63325822518628,2018-06-05 08:00:00,109.95782842780146,110.41562353261534,,signal,46,-4543.982836612486,-14.000000000000002,-163.19597844107486,0.0,-4543.982836612486,-54.1845054564916,-0.41485761131427384,0.45981304564215003,1.9431564906450416,cross_dn
USDJPY.a,4h,-1,0.16,2018-06-22 20:00:00,109.9407881064596,2018-06-28 12:00:00,110.31183149872506,110.62217797659028,,signal,22,-5936.694276247181,-16.0,-186.60795920160456,0.0,-5936.694276247181,-73.31452124539533,-0.544539049566869,0.8060171094634319,0.8420848791743337,cross_dn
USDJPY.a,4h,-1,0.12,2018-07-23 12:00:00,111.09340989777527,2018-07-31 16:00:00,111.95650378072335,111.94716760717395,,stop,37,-10357.12659537694,-12.0,-100.03408259279853,0.0,-10357.12659537694,-124.62006128030686,-1.0109353900370348,1.0162017779444577,0.5919828216031597,cross_dn
USDJPY.a,4h,1,0.16,2018-08-01 12:00:00,112.00820747185657,2018-08-02 12:00:00,111.33889339352888,111.34660955777018,,stop,6,-10709.025253243,-16.0,-123.45862786077136,0.0,-10709.025253243,-130.4695317755999,-1.0116629210537298,1.0462661038048255,0.042008185865905635,cross_up
USDJPY.a,4h,-1,0.19,2018-08-06 12:00:00,111.21536649923532,2018-08-24 04:00:00,111.40787455773912,111.7848943337073,,signal,82,-3657.6531115722873,-19.0,-185.23319408618727,0.0,-3657.6531115722873,-45.33785572173447,-0.33801343297344044,0.5454228607679423,2.5308095794328,cross_dn
USDJPY.a,4h,-1,0.15,2018-09-07 04:00:00,110.49876612845229,2018-09-07 16:00:00,111.18911084267832,111.17955963142268,,stop,3,-10355.170713390435,-15.0,-128.26816883463582,0.0,-10355.170713390435,-130.48601135510287,-1.0140295276232327,1.1005302904312595,0.02609620740324079,cross_dn
USDJPY.a,4h,1,0.17,2018-09-11 12:00:00,111.40560288836939,2018-10-09 20:00:00,113.0752448482293,110.80784195027574,,signal,122,28383.91331761858,-17.0,-195.6751602036769,0.0,28383.91331761858,353.9075888825886,2.7931600301362565,0.48782526556410966,5.260292051967474,cross_up
USDJPY.a,4h,1,0.14,2018-10-30 16:00:00,112.88695318241547,2018-11-16 20:00:00,112.8425857881975,112.12695621330307,,signal,79,-621.1435190516,-14.000000000000002,-151.5979304699875,0.0,-621.1435190516,-7.5166287636522,-0.058378383100380626,0.43415065562803584,1.7369106341650542,cross_up
USDJPY.a,4h,1,0.24,2018-11-27 00:00:00,113.55483361892128,2018-12-04 04:00:00,113.11279262671636,113.11916668367387,,stop,31,-10608.983812918153,-24.0,-152.97736698040885,0.0,-10608.983812918153,-127.20810239516624,-1.0146305731324134,1.1518744672149492,1.1044363070735956,cross_up
USDJPY.a,4h,-1,0.19,2018-12-04 20:00:00,112.76432845757387,2018-12-10 20:00:00,113.3496019725569,113.34005378813366,,stop,24,-11120.19678467756,-19.0,-162.41550404140924,0.0,-11120.19678467756,-136.6681124145037,-1.0165846175535722,1.0450669972104798,0.9228853228626231,cross_dn
USDJPY.a,4h,1,0.17,2018-12-12 08:00:00,113.4377444635228,2018-12-17 16:00:00,112.8116504349798,112.81789914116278,,stop,20,-10643.598485231138,-850.0,-106.22800511088802,0.0,-10643.598485231138,-131.24513653063948,-1.0100810733864949,1.0417832324105836,0.4376181067954352,cross_up
USDJPY.a,4h,-1,0.2,2018-12-18 08:00:00,112.58760249137005,2019-01-18 00:00:00,109.26103960206383,113.11439539249382,,signal,124,66531.25778612435,-20.0,-241.5840825529564,0.0,66531.25778612435,847.697678127295,6.314745096621268,0.14692207974870317,14.984261318881076,cross_dn
USDJPY.a,4h,-1,0.16,2019-01-31 04:00:00,108.89399111532131,2019-02-01 16:00:00,109.5849990516049,109.52723447597656,,stop,9,-11056.126980537329,-800.0,-124.23321005356844,0.0,-11056.126980537329,-139.6141657245969,-1.091220183609298,1.0849049944523914,0.62533796629397,cross_dn
USDJPY.a,4h,1,0.16,2019-02-04 12:00:00,109.93375774408081,2019-03-11 12:00:00,111.21944339174331,109.27453445066021,,signal,150,20570.970362600066,-800.0,-145.8114642142577,0.0,20570.970362600066,262.49623896618186,1.9503037293953986,0.566966834775272,3.3436959493372376,cross_up
USDJPY.a,4h,1,0.17,2019-03-14 12:00:00,111.74230166214089,2019-03-20 20:00:00,111.1387572924815,111.14589163488054,,stop,26,-10260.25428420961,-17.0,-121.28382078360973,0.0,-10260.25428420961,-129.69843988222243,-1.011962143614207,2.0209278969998596,0.2677660176048645,cross_up
USDJPY.a,4h,-1,0.17,2019-03-21 00:00:00,110.68235493089583,2019-04-01 12:00:00,111.0150253474748,111.29452853325299,,signal,45,-5655.397081842622,-17.0,-170.86181414295928,0.0,-5655.397081842622,-71.55924820045112,-0.5434249619683669,0.8210825608434487,1.5883646847100281,cross_dn
USDJPY.a,4h,-1,0.23,2019-04-11 04:00:00,111.06552168778462,2019-04-11 16:00:00,111.5769567092121,111.52142664437764,,stop,3,-11763.005492831895,-1150.0,-127.19149119271351,0.0,-11763.005492831895,-147.85283352764714,-1.1218018449490743,1.1197033610473985,0.07791467776546493,cross_dn
USDJPY.a,4h,1,0.22,2019-04-11 20:00:00,111.57362194489754,2019-04-26 08:00:00,111.6562315502556,111.10816126379451,,signal,63,1817.411317877287,-22.0,-165.81178875387045,0.0,1817.411317877287,23.165004695664518,0.177479234470019,0.43531484639557705,1.7753981993584471,cross_up
USDJPY.a,4h,1,0.15,2019-05-21 16:00:00,110.60076763215626,2019-05-23 16:00:00,109.9298464912793,109.93704951742762,,stop,12,-10063.817113154342,-750.0,-108.045392224802,0.0,-10063.817113154342,-133.28515737589447,-1.0108525381309847,1.6449266758413432,0.10882988762973773,cross_up
USDJPY.a,4h,-1,0.17,2019-05-24 04:00:00,109.68730623458507,2019-07-01 08:00:00,108.29606359613521,110.27927611354852,,signal,157,23651.124853647503,-850.0,-172.16226859753655,0.0,23651.124853647503,312.1706362996493,2.3501916024611513,0.4049087190629492,4.911240145657059,cross_dn
USDJPY.a,4h,-1,0.22,2019-07-04 16:00:00,107.77560521409399,2019-07-05 12:00:00,108.02653801775935,108.22522117965599,,signal,5,-5520.521680638012,-22.0,-155.67278141121446,0.0,-5520.521680638012,-72.78932605320588,-0.5581047446829595,0.6525453017205122,0.016914911116376465,cross_dn
USDJPY.a,4h,-1,0.18,2019-07-15 08:00:00,108.02862251864302,2019-07-24 20:00:00,108.13275768527983,108.58077633651683,,signal,45,-1874.432999462556,-18.0,-135.27667007353193,0.0,-1874.432999462556,-24.849938319738794,-0.1885981102834769,0.6291317203866057,1.4789764956938853,cross_dn
USDJPY.a,4h,-1,0.12,2019-08-02 08:00:00,107.06065557865101,2019-08-19 20:00:00,106.54702449017806,107.85755672005611,,signal,69,6163.573061675379,-12.0,-144.58776427319407,0.0,6163.573061675379,85.46960997976852,0.6445355161209968,0.27775643658724347,2.5243477190960455,cross_dn
USDJPY.a,4h,-1,0.07,2019-08-26 00:00:00,104.91210948129547,2019-08-26 12:00:00,106.20442414095628,106.1416467486856,,stop,3,-9046.202617625626,-350.00000000000006,-89.44174589477251,0.0,-9046.202617625626,-126.50515977377538,-1.0510577384969626,1.2231353685575952,0.3758401583681684,cross_dn
USDJPY.a,4h,1,0.12,2019-08-30 08:00:00,106.45450513930936,2019-09-04 00:00:00,105.92787233474903,105.70500047758624,,signal,16,-6319.593654724031,-12.0,-123.06396602362403,0.0,-6319.593654724031,-88.3196070978791,-0.7026411328111011,0.9559715581516277,0.11406848423609633,cross_up
USDJPY.a,4h,1,0.17,2019-09-05 00:00:00,106.38365852327453,2019-09-24 12:00:00,107.63191746993668,105.81542955919741,,signal,81,21220.40209325651,-850.0,-138.80602215259907,0.0,21220.40209325651,290.3244998791553,2.1967534666056383,0.14370707661329968,3.6822154606703346,cross_up
USDJPY.a,4h,1,0.15,2019-09-27 16:00:00,108.12901673022998,2019-10-02 12:00:00,107.46659130832414,107.47405554596475,,stop,17,-9936.381328587557,-750.0,-111.96356460905002,0.0,-9936.381328587557,-138.14889500335724,-1.0113964580190784,1.079478825944696,0.5206159967365894,cross_up
USDJPY.a,4h,-1,0.14,2019-10-03 00:00:00,107.17190438044305,2019-10-10 16:00:00,107.87822487348424,107.81983340189709,,stop,34,-9888.48690257666,-700.0000000000001,-117.48060222025656,0.0,-9888.48690257666,-135.6332486760365,-1.0901201669530398,1.2394808581882872,1.061697126792246,cross_dn
USDJPY.a,4h,1,0.13,2019-10-11 00:00:00,107.96758540373548,2019-11-01 00:00:00,108.02416472453307,107.24769565099348,,signal,90,735.5311703685602,-13.0,-99.71716214063265,0.0,735.5311703685602,9.881364986227068,0.0785944244685734,0.17583998557186792,1.832800913249524,cross_up
USDJPY.a,4h,1,0.21,2019-11-05 16:00:00,108.97773467255458,2019-11-14 16:00:00,108.6030521891753,108.50237100226909,,signal,42,-7868.332150964761,-1050.0,-165.8080546371636,0.0,-7868.332150964761,-106.8666017086964,-0.7882017638290518,0.8703540014029805,1.0734209602912526,cross_up
USDJPY.a,4h,1,0.23,2019-11-25 20:00:00,108.96815736113497,2019-12-03 16:00:00,108.54640638758893,108.55223984721647,,stop,35,-9700.272391558912,-1150.0,-134.1695714333681,0.0,-9700.272391558912,-130.4225648804758,-1.01402552052348,1.1640706268258916,1.8245027282350235,cross_up
USDJPY.a,4h,-1,0.2,2019-12-04 04:00:00,108.54130416404234,2019-12-12 16:00:00,109.07456971519187,109.018862532761,,stop,39,-10665.311022990523,-1000.0,-114.14364861726145,0.0,-10665.311022990523,-142.0678902279609,-1.1166499973193502,1.6180133918098265,0.23725720553563745,cross_dn
USDJPY.a,4h,1,0.16,2019-12-13 04:00:00,109.59641360053465,2019-12-30 16:00:00,108.96628845247595,108.97036146648986,,stop,63,-10082.00236893913,-16.0,-65.16822422258971,0.0,-10082.00236893913,-132.42868453573516,-1.0065058703459677,1.324831520301661,0.17664087933200287,cross_up
USDJPY.a,4h,-1,0.29,2019-12-30 20:00:00,108.8853214675152,2020-01-08 20:00:00,109.23624437275954,109.22641783449265,,stop,36,-10176.76425208603,-28.999999999999996,-255.9696097396931,0.0,-10176.76425208603,-135.70518809282567,-1.028808686395485,1.0544777585056548,3.6186884030834348,cross_dn
USDJPY.a,4h,1,0.14,2020-01-09 16:00:00,109.43814549114299,2020-01-24 00:00:00,109.48590738839994,108.76795311536745,,signal,62,668.666561597263,-14.000000000000002,-86.59312480180438,0.0,668.666561597263,8.923603136386143,0.07126595136460273,0.25685981721856926,1.269567574343722,cross_up
USDJPY.a,4h,1,0.15,2020-02-05 16:00:00,109.8295408177889,2020-02-27 08:00:00,110.042824020693,109.20300529764873,,signal,94,3199.2480435616244,-750.0,-215.27937920962432,0.0,3199.2480435616244,44.30811785754139,0.3404167777373474,0.47170640496611044,3.826533540627924,cross_up
USDJPY.a,4h,1,0.03,2020-03-17 12:00:00,106.85705811868371,2020-03-30 08:00:00,107.59065831640336,104.16471479257714,,signal,53,2200.800593158959,-3.0,-80.0501015798286,0.0,2200.800593158959,33.13383469325749,0.2724764671006955,0.20913310469135418,1.804354531686502,cross_up
USDJPY.a,4h,1,0.07,2020-04-07 00:00:00,109.21289360871558,2020-04-13 00:00:00,108.34157214017462,108.10078344213456,,signal,24,-6099.250279786688,-7.000000000000001,-75.9900375552206,0.0,-6099.250279786688,-88.55637401924781,-0.783484851343168,0.9026925918696176,0.05674473013625113,cross_up
USDJPY.a,4h,1,0.12,2020-05-11 20:00:00,107.68046916042772,2020-05-13 08:00:00,106.9624711365796,106.96992071165319,,stop,9,-8615.9762861775,-0.0,-89.39490088318074,0.0,-8615.9762861775,-124.25717391996122,-1.010484260554564,1.0097399574443238,0.12459507824550635,cross_up
USDJPY.a,4h,-1,0.12,2020-06-10 08:00:00,107.54282011760769,2020-06-29 16:00:00,107.33904938215228,108.32571493742643,,signal,80,2445.248825464887,-0.0,-121.18517165482012,0.0,2445.248825464887,33.17229965573267,0.2602785588779171,0.12412891225262032,1.8774170940970132,cross_dn
USDJPY.a,4h,-1,0.22,2020-07-09 16:00:00,107.20649254127791,2020-07-21 12:00:00,107.29673052269399,107.63119636643383,,signal,47,-1985.2355911537813,-0.0,-164.14299853526595,0.0,-1985.2355911537813,-26.191904981257505,-0.2124727305739548,0.794689001442786,1.3362077468211602,cross_dn
USDJPY.a,4h,-1,0.19,2020-07-21 20:00:00,106.73996817175876,2020-07-22 20:00:00,107.26531716128275,107.25939995555163,,stop,6,-9981.630800955827,-0.0,-112.42690889137575,0.0,-9981.630800955827,-130.48726757062585,-1.011391689757442,1.0569854317197038,0.10774883922213338,cross_dn
USDJPY.a,4h,1,0.14,2020-08-10 16:00:00,105.99827161388595,2020-08-18 16:00:00,105.46822346069467,105.33989813073755,,signal,36,-7420.674144677833,-0.0,-133.74310054917038,0.0,-7420.674144677833,-97.09653080848412,-0.8050873353169399,0.9618729035950786,1.597464680813996,cross_up
USDJPY.a,4h,1,0.16,2020-08-25 20:00:00,106.44559827910405,2020-08-27 00:00:00,105.84830938675681,105.85530858214828,,stop,7,-9556.622277555789,-0.0,-111.98712626359833,0.0,-9556.622277555789,-124.66209313685077,-1.0118572210010923,1.0886151027504807,0.1904178939182522,cross_up
USDJPY.a,4h,-1,0.12,2020-08-31 00:00:00,105.42275320365698,2020-09-02 08:00:00,106.22002537052839,106.21153027694653,,stop,14,-9567.266002456903,-0.0,-101.94112298229773,0.0,-9567.266002456903,-122.57492933619066,-1.0107699549968263,1.0208800732313064,0.2088716942163283,cross_dn
USDJPY.a,4h,1,0.15,2020-09-03 00:00:00,106.18613600804858,2020-09-14 16:00:00,105.92953262442614,105.53192199346022,,signal,46,-3849.0507543365025,-0.0,-104.02126721582418,0.0,-3849.0507543365025,-49.95888738049178,-0.39223156016290917,0.6070429541294045,0.5592420580926164,cross_up
USDJPY.a,4h,1,0.16,2020-09-25 04:00:00,105.51433682863822,2020-10-02 08:00:00,104.9488899813186,104.9550422987023,,stop,31,-9047.149557113926,-0.0,-98.43707813906734,0.0,-9047.149557113926,-120.53070802642772,-1.0110001386646843,1.0233191958873558,0.5161201404827721,cross_up
USDJPY.a,4h,-1,0.24,2020-10-13 04:00:00,105.3508239621167,2020-11-10 12:00:00,105.33089946765242,105.74865894582864,,signal,122,478.1878671429922,-0.0,-379.174447315953,0.0,478.1878671429922,6.236074593093401,0.05008230869590519,0.9983436704774311,5.466648362154788,cross_dn
USDJPY.a,4h,-1,0.15,2020-11-17 12:00:00,104.28988815913144,2020-11-25 20:00:00,104.34142350308085,104.92409396307593,,signal,38,-773.0301592411593,-0.0,-132.70509242521118,0.0,-773.0301592411593,-10.059653529367926,-0.08125965361540718,0.7444142546981196,1.0042294712067454,cross_dn
USDJPY.a,4h,-1,0.2,2020-11-27 04:00:00,104.02525866643829,2020-12-01 16:00:00,104.50060230417792,104.49437182561503,,stop,15,-9506.87275479254,-0.0,-124.60957125755981,0.0,-9506.87275479254,-123.75660625163282,-1.0132813979761683,1.1782686602348367,0.41196598871251144,cross_dn
USDJPY.a,4h,1,0.18,2020-12-02 04:00:00,104.43596819761969,2020-12-03 16:00:00,103.91470505400913,103.92128108965716,,stop,9,-9382.73658498997,-0.0,-118.3686416645483,0.0,-9382.73658498997,-121.47816761575628,-1.0127767638751557,1.4823922841977037,0.6140270418495041,cross_up
USDJPY.a,4h,-1,0.17,2020-12-04 00:00:00,103.82579377542682,2020-12-09 16:00:00,104.38632184928558,104.3811456156214,,stop,22,-9528.97725559896,-0.0,-87.99597229094871,0.0,-9528.97725559896,-122.37929621961963,-1.0093206383584852,1.042953642451669,0.15628610395240797,cross_dn
USDJPY.a,4h,1,0.22,2020-12-10 12:00:00,104.4615754649797,2020-12-11 00:00:00,104.01904113126544,104.02480279119278,,stop,3,-9735.755341713799,-0.0,-126.75651840160731,0.0,-9735.755341713799,-124.00431708587895,-1.0131914386433327,1.226211018047761,0.2322135543437868,cross_up
USDJPY.a,4h,-1,0.2,2020-12-11 08:00:00,104.00131037235468,2020-12-29 08:00:00,103.69049584240265,104.47244987533033,,signal,66,6216.29059904052,-0.0,-139.83369610621784,0.0,6216.29059904052,78.93348364140137,0.6597080652099184,0.32620832402004096,2.394854104205735,cross_dn
USDJPY.a,4h,-1,0.25,2020-12-30 00:00:00,103.56556916037947,2021-01-07 16:00:00,103.95257411904107,103.94518994891736,,stop,34,-9675.123966540155,-0.0,-184.60425309275703,0.0,-9675.123966540155,-120.52662182453636,-1.0194514377153958,1.0337443350559816,2.564583367863407,cross_dn
USDJPY.a,4h,1,0.16,2021-01-08 04:00:00,103.89359366903834,2021-01-21 08:00:00,103.36553956204683,103.29758301407014,,signal,55,-8448.865711864073,-0.0,-110.73401450124254,0.0,-8448.865711864073,-105.17338009516723,-0.8859809847186065,0.9405765893031788,0.8463042174784153,cross_up
USDJPY.a,4h,1,0.28,2021-01-26 00:00:00,103.72101947330678,2021-01-26 04:00:00,103.70004906050086,103.37372474716479,,signal,1,-587.1715585658421,-0.0,-165.25261195234708,0.0,-587.1715585658421,-7.34598491919254,-0.06038218040013916,0.07492043889013938,0.2274164297586328,cross_up
USDJPY.a,4h,1,0.26,2021-01-26 08:00:00,103.73393444382063,2021-01-26 16:00:00,103.65500305609343,103.36213256260636,,signal,2,-2052.216080907073,-0.0,-155.8410831416853,0.0,-2052.216080907073,-25.587275148386333,-0.21229421290019612,0.2929905665481325,0.2556887444164869,cross_up
USDJPY.a,4h,1,0.25,2021-01-27 16:00:00,103.98515643570079,2021-02-11 04:00:00,104.56435304098461,103.60017211720228,,signal,63,14479.915132095655,-0.0,-182.34795076891453,0.0,14479.915132095655,179.19457530368757,1.5044680457187691,0.07313657816143666,4.630951128743472,cross_up
USDJPY.a,4h,1,0.21,2021-02-12 16:00:00,105.07669125530312,2021-04-08 08:00:00,109.66426168611099,104.61667717073381,,signal,232,96338.97904696531,-0.0,-199.00918333831163,0.0,96338.97904696531,1150.1671206234653,9.972673847808403,0.41018582176625246,12.802453103606116,cross_up
USDJPY.a,4h,1,0.18,2021-04-28 16:00:00,108.9648164386549,2021-05-07 12:00:00,108.35519761123417,108.36297941183771,,stop,41,-10973.138893573177,-0.0,-140.07241086375626,0.0,-10973.138893573177,-129.34134258051088,-1.0129300795012437,1.041505275888097,1.2182426947416596,cross_up
USDJPY.a,4h,-1,0.17,2021-05-10 16:00:00,108.68990640187072,2021-05-12 16:00:00,109.35076568140143,109.34209974817152,,stop,12,-11234.6077520221,-0.0,-147.32086490831284,0.0,-11234.6077520221,-132.19423872359778,-1.0132873683533554,1.4583000632003162,0.5211742864269405,cross_dn
USDJPY.a,4h,1,0.17,2021-05-13 00:00:00,109.62759541740085,2021-05-18 08:00:00,108.99010951665954,108.99688611911482,,stop,20,-10837.260312602284,-0.0,-115.20224173978585,0.0,-10837.260312602284,-127.53609936442916,-1.0107444150160636,1.2313048491773761,0.25273859610495114,cross_up
USDJPY.a,4h,-1,0.2,2021-05-19 12:00:00,109.04866022798959,2021-05-27 16:00:00,109.36023762895569,109.57546930909349,,signal,37,-6231.54801932202,-0.0,-169.50515822792482,0.0,-6231.54801932202,-73.53663627787876,-0.5914427297137776,0.6669204928552143,0.9275850502911176,cross_dn
USDJPY.a,4h,-1,0.23,2021-06-09 04:00:00,109.44644795221677,2021-06-10 04:00:00,109.6245111444249,109.90812181697271,,signal,6,-4095.453420786953,-0.0,-161.51264354552728,0.0,-4095.453420786953,-48.35941325896211,-0.3856904317125706,0.5015489622866881,0.4774971447285895,cross_dn
USDJPY.a,4h,-1,0.22,2021-06-11 00:00:00,109.3191856634383,2021-06-11 16:00:00,109.81630729487098,109.81054530638161,,stop,4,-10936.675891518888,-0.0,-126.76374676619106,0.0,-10936.675891518888,-129.20770635799252,-1.01172662137015,1.064015622915159,0.010553702390470232,cross_dn
USDJPY.a,4h,1,0.22,2021-06-11 20:00:00,109.6907255166839,2021-07-07 16:00:00,110.58077205179364,109.2068342925523,,signal,107,19581.023772414424,-0.0,-186.02972107910557,0.0,19581.023772414424,235.6282416734181,1.8393525047019532,0.17509207123140932,4.067596982872386,cross_up
USDJPY.a,4h,1,0.19,2021-07-23 12:00:00,110.48926708286545,2021-07-27 16:00:00,109.9354883511278,109.94185422965016,,stop,13,-10521.795903015374,-0.0,-120.95169192483355,0.0,-10521.795903015374,-130.15246944209372,-1.0116290264011318,1.6537190852356873,0.18949667791916713,cross_up
USDJPY.a,4h,-1,0.17,2021-07-28 00:00:00,109.72779386574734,2021-08-06 16:00:00,110.3290945006504,110.32263345708735,,stop,46,-10222.11079335193,-0.0,-109.83774057178867,0.0,-10222.11079335193,-125.81987305723212,-1.0108618250316779,1.056093345833757,1.6891845808108195,cross_dn
USDJPY.a,4h,1,0.18,2021-08-06 20:00:00,110.27210540791998,2021-08-13 16:00:00,109.72404309276641,109.72957970307947,,stop,29,-9865.121672764302,-0.0,-99.65898563497163,0.0,-9865.121672764302,-121.90619544018104,-1.010205249748831,1.1540566692670073,0.9748747153565751,cross_up
USDJPY.a,4h,-1,0.21,2021-08-16 12:00:00,109.31124404625186,2021-08-18 12:00:00,109.79038077672614,109.78460915840434,,stop,12,-10061.871339959893,-0.0,-121.20398475771313,0.0,-10061.871339959893,-126.54432136268301,-1.0121927412342606,1.1994038833289928,0.41668479824156934,cross_dn
USDJPY.a,4h,1,0.21,2021-08-26 00:00:00,109.9528559087113,2021-09-06 00:00:00,109.68316589778833,109.48662767347933,,signal,42,-5663.490229382404,-0.0,-161.03229289014268,0.0,-5663.490229382404,-69.25815085532807,-0.5784506182659455,0.7847141830208307,1.0019643942333953,cross_up
USDJPY.a,4h,1,0.24,2021-09-07 20:00:00,110.21922778136177,2021-09-09 16:00:00,109.80183330002353,109.80668327822221,,stop,11,-10017.467552117636,-0.0,-116.3994767682808,0.0,-10017.467552117636,-123.45674639883168,-1.0117562545659151,1.2682941534304457,0.5496915288228144,cross_up
USDJPY.a,4h,-1,0.25,2021-09-10 08:00:00,109.87785689925495,2021-09-13 12:00:00,110.11906916181302,110.27422510029447,,signal,7,-6030.306563951626,-0.0,-153.45809065086448,0.0,-6030.306563951626,-74.42546585264209,-0.6085560393731329,0.7118207262971463,0.22670057542278627,cross_dn
USDJPY.a,4h,-1,0.24,2021-09-14 20:00:00,109.62975053374677,2021-09-17 16:00:00,110.04392915063767,110.03869738024251,,stop,17,-9940.286805381445,-0.0,-125.56248948367087,0.0,-9940.286805381445,-123.93431354444525,-1.0127932772681505,1.100997525990015,1.2636129564876322,cross_dn
USDJPY.a,4h,1,0.19,2021-09-23 20:00:00,110.1790227712328,2021-10-29 04:00:00,113.5427563965423,109.67139618020028,,signal,152,63910.93888088063,-0.0,-199.2569313927315,0.0,63910.93888088063,746.0593877984202,6.626393661663053,0.04535375340751994,8.906107971159434,cross_up
USDJPY.a,4h,1,0.16,2021-10-29 20:00:00,114.09528804816627,2021-11-05 16:00:00,113.41147863448569,113.4196858237712,,stop,29,-10940.950618889246,-0.0,-131.3150285681974,0.0,-10940.950618889246,-130.39509497839592,-1.0121479607218031,1.0898247838445871,0.5161497982721606,cross_up
USDJPY.a,4h,-1,0.15,2021-11-05 20:00:00,113.36775221615659,2021-11-11 00:00:00,114.06427245631984,114.05593244045936,,stop,19,-10447.803602448786,-0.0,-125.10023790729882,0.0,-10447.803602448786,-125.1913440009865,-1.0121189414719565,1.0465976184844965,0.9325351027149639,cross_dn
USDJPY.a,4h,1,0.16,2021-11-12 00:00:00,114.06718920870782,2021-11-26 16:00:00,113.40200951828395,113.41279882779378,,stop,64,-10642.87504678191,-0.0,-172.62895215727505,0.0,-10642.87504678191,-131.11440055873655,-1.01648757351042,1.5513510563676327,2.220098023542044,cross_up
USDJPY.a,4h,-1,0.1,2021-11-29 04:00:00,113.66522591035154,2021-12-14 20:00:00,113.66653759077967,114.60758899113998,,signal,70,-13.116804281310124,-0.0,-90.75181559320143,0.0,-13.116804281310124,-0.16233401711920245,-0.0013919055774485342,0.30855844798714505,1.2014752417977221,cross_dn
USDJPY.a,4h,-1,0.16,2021-12-20 16:00:00,113.52421002767197,2021-12-21 16:00:00,113.77071298794543,114.12572704415695,,signal,6,-3944.047364375365,-0.0,-150.81561425363785,0.0,-3944.047364375365,-48.55781185011141,-0.40980213945388366,0.4219165299945839,0.32785444512341083,cross_dn
USDJPY.a,4h,-1,0.15,2022-01-12 20:00:00,114.52053636369166,2022-01-27 12:00:00,115.21676567127442,115.20829719535355,,stop,64,-10443.439613741319,-0.0,-127.02713881305192,0.0,-10443.439613741319,-128.1496001932846,-1.0123131116676143,1.333986458768525,1.5260193883905557,cross_dn
USDJPY.a,4h,1,0.14,2022-01-27 16:00:00,115.38060524699863,2022-02-01 08:00:00,114.6631407881786,114.67129367326082,,stop,16,-10044.502423480453,-0.0,-114.14039115110339,0.0,-10044.502423480453,-123.64456789009105,-1.0114940815631452,1.0384791032197416,0.4291411056460402,cross_up
USDJPY.a,4h,-1,0.14,2022-02-17 20:00:00,115.04753433781593,2022-02-25 16:00:00,115.75724132594092,115.74833914016347,,stop,35,-9935.897833749892,-0.0,-124.63060088439725,0.0,-9935.897833749892,-119.1438996491473,-1.0127028036161252,1.0180661716274182,0.9125712832926358,cross_dn
USDJPY.a,4h,1,0.13,2022-02-25 20:00:00,115.757848019767,2022-02-28 16:00:00,115.00002002857886,115.00915118521192,,stop,5,-9851.763885445776,-0.0,-118.70503622984474,0.0,-9851.763885445776,-118.05951202345707,-1.012196066834564,1.0362645919667275,0.026916075109340187,cross_up
USDJPY.a,4h,-1,0.13,2022-03-01 16:00:00,114.90721845644876,2022-03-02 16:00:00,115.66381471136042,115.65536163189702,,stop,6,-9835.751313851531,-0.0,-109.89003302412911,0.0,-9835.751313851531,-117.14688205051296,-1.0112987456690075,1.0422891889430363,0.27697700553720705,cross_dn
USDJPY.a,4h,1,0.14,2022-03-02 20:00:00,115.60340571585829,2022-03-04 16:00:00,114.88556991328431,114.89357671138379,,stop,11,-10049.701236035618,-0.0,-112.09517339269375,0.0,-10049.701236035618,-118.93502793537996,-1.0112798970583068,1.3431484341276048,0.28682159063426843,cross_up
USDJPY.a,4h,-1,0.16,2022-03-07 08:00:00,114.92307222111413,2022-03-08 00:00:00,115.28794903198562,115.55043177309747,,signal,4,-5838.028973943893,-0.0,-158.36902353956202,0.0,-5838.028973943893,-69.21620961877007,-0.5816071656484146,0.8749811446250846,0.024024853158726465,cross_dn
USDJPY.a,4h,-1,0.06,2022-05-12 16:00:00,128.1013561391279,2022-05-17 16:00:00,129.6596788600817,129.64413511739926,,stop,18,-9349.936325722865,-0.0,-93.26245609462768,0.0,-9349.936325722865,-102.76083390627274,-1.010075158464925,1.0887132146136056,0.378120357707697,cross_dn
USDJPY.a,4h,1,0.1,2022-06-01 04:00:00,128.9276135407669,2022-07-25 00:00:00,136.06885242921786,127.8339464352237,,signal,227,71412.38888450943,-0.0,-222.9514156430227,0.0,71412.38888450943,758.2331155489861,6.529627573377485,0.05359358480275426,9.565421147083859,cross_up
USDJPY.a,4h,1,0.06,2022-08-09 04:00:00,134.88890999304567,2022-08-10 12:00:00,133.19189990163798,133.21100093615888,,stop,8,-10182.060548446145,-0.0,-114.60620712540042,0.0,-10182.060548446145,-108.2074189732866,-1.0113838318247959,1.3176578217819626,0.24678930318347042,cross_up
USDJPY.a,4h,-1,0.06,2022-08-10 20:00:00,132.52728280668697,2022-08-16 12:00:00,134.2678850967542,134.25069909983156,,stop,22,-10443.613740403463,-0.0,-103.11598153582638,0.0,-10443.613740403463,-111.3071016361575,-1.0099720520172701,1.2514197538296565,0.46029668504497756,cross_dn
USDJPY.a,4h,1,0.08,2022-08-17 16:00:00,135.11998399086923,2022-09-23 12:00:00,142.84983774711856,133.73427045991323,,signal,161,61838.83004999462,-0.0,-322.59604610327085,0.0,61838.83004999462,658.9368237614117,5.578248017046166,0.34060718923890015,7.780840533246653,cross_up
USDJPY.a,4h,1,0.04,2022-09-26 00:00:00,143.6156033271066,2022-10-26 20:00:00,146.41270003811601,140.9992444279555,,signal,137,11188.386844037608,-0.0,-122.3996950717974,0.0,11188.386844037608,117.79143145269249,1.069079900283145,0.1599946120703949,3.1828189456711082,cross_up
USDJPY.a,4h,1,0.07,2022-11-01 08:00:00,148.4159152669082,2022-11-01 12:00:00,147.52788010929953,146.84348330081883,,signal,1,-6216.246103260687,-0.0,-183.67846980663717,0.0,-6216.246103260687,-65.43931575912376,-0.5647526740487279,0.5824832403948629,0.006413462273263208,cross_up
USDJPY.a,4h,1,0.07,2022-11-04 04:00:00,148.2090117925045,2022-11-04 16:00:00,147.1863300699226,146.52048947054865,,signal,3,-7158.772058073255,-0.0,-191.37902108355698,0.0,-7158.772058073255,-75.53556999224952,-0.6056666881355195,0.6479107668753092,0.013022159795925805,cross_up
USDJPY.a,4h,1,0.05,2023-01-06 12:00:00,134.42854564464048,2023-01-06 16:00:00,132.4522867878701,132.47966322147644,,stop,1,-9881.29428385193,-0.0,-136.88216803177943,0.0,-9881.29428385193,-109.27431239326327,-1.0140472474280433,1.2050730288939504,0.17725766893554912,cross_up
USDJPY.a,4h,-1,0.05,2023-01-09 08:00:00,131.82716181208818,2023-01-24 16:00:00,130.4442090969438,133.92783298813058,,signal,68,6914.7635757218495,-0.0,-142.09096943787418,0.0,6914.7635757218495,75.37851221445813,0.6583385019590798,0.4978590651594224,2.192709579976267,cross_dn
USDJPY.a,4h,-1,0.07,2023-01-26 08:00:00,129.31455838661748,2023-01-26 20:00:00,130.34741145211424,130.85075564764873,,signal,3,-7229.9714584773665,-0.0,-173.76032959910972,0.0,-7229.9714584773665,-78.18317946620512,-0.6723440352988347,0.849136791525622,0.07587462207765196,cross_dn
USDJPY.a,4h,-1,0.07,2023-02-02 00:00:00,128.8643204634935,2023-02-03 16:00:00,130.403041156928,130.38289914510509,,stop,10,-10771.04485404149,-0.0,-140.9940827604089,0.0,-10771.04485404149,-118.46657553831835,-1.0132637261847615,1.5347769363080144,0.5145077255162879,cross_dn
USDJPY.a,4h,1,0.06,2023-02-06 04:00:00,132.2938716010629,2023-02-07 16:00:00,130.5422265219034,130.56236139537722,,stop,9,-10509.870474957095,-0.0,-120.80924084308505,0.0,-10509.870474957095,-115.46077246260352,-1.0116285040698691,1.0510314031572472,0.351790244687511,cross_up
USDJPY.a,4h,-1,0.05,2023-03-13 04:00:00,134.36238997475914,2023-03-31 00:00:00,132.68428954415165,136.25838801319227,,signal,83,8390.502153037432,-0.0,-112.89544151655171,0.0,8390.502153037432,94.22649141639634,0.8850749824584628,0.3964191998120422,2.491242015557448,cross_dn
USDJPY.a,4h,-1,0.07,2023-04-05 16:00:00,131.0073601419786,2023-04-10 00:00:00,132.48039928159793,132.46582704134278,,stop,14,-10311.273977335219,-0.0,-102.00568178603133,0.0,-10311.273977335219,-117.15253316030933,-1.009991478216956,1.1420484474125148,0.2786214360817965,cross_dn
USDJPY.a,4h,1,0.07,2023-04-10 16:00:00,133.33410974253658,2023-05-05 08:00:00,133.95853493969912,131.9476115816157,,signal,112,4370.976380137762,-0.0,-146.51084421227876,0.0,4370.976380137762,48.433846168328664,0.45036135983606523,0.9470692277474397,3.202233066443089,cross_up
USDJPY.a,4h,1,0.12,2023-05-10 00:00:00,135.07441163276948,2023-05-10 16:00:00,134.38300249522257,134.15216481949182,,signal,4,-8296.909650562951,-0.0,-215.94011465809237,0.0,-8296.909650562951,-91.05543879313215,-0.749700760786197,0.7963287291385468,0.43002411233175775,cross_up
USDJPY.a,4h,1,0.09,2023-05-15 04:00:00,135.88319657375754,2023-06-12 12:00:00,139.19800979184072,134.7344612249448,,signal,122,29833.318962748563,-0.0,-143.82374686710807,0.0,29833.318962748563,316.6176654011559,2.885619582882277,0.19690921324160027,4.395097122640584,cross_up
USDJPY.a,4h,1,0.12,2023-06-13 00:00:00,139.58180376360275,2023-06-13 16:00:00,139.14670146573673,138.6076472073221,,signal,4,-5221.227574392287,-0.0,-223.16482231870944,0.0,-5221.227574392287,-55.13677852297001,-0.44664514657402554,0.5572038294082753,0.3841233054222042,cross_up
USDJPY.a,4h,1,0.1,2023-06-13 20:00:00,139.90630006753017,2023-07-07 20:00:00,142.09816352623892,138.73468321709004,,signal,108,21918.634587087523,-0.0,-196.72947522176673,0.0,21918.634587087523,230.3374298464961,1.8708022660184123,0.5311463959368647,4.410742240971133,cross_up
USDJPY.a,4h,1,0.07,2023-07-21 20:00:00,141.68463305330795,2023-07-26 20:00:00,140.130191646443,140.14489667008496,,stop,18,-10881.089848054671,-0.0,-102.93516549378077,0.0,-10881.089848054671,-114.94284172980942,-1.0095503514771698,1.1415155688072172,0.09570920600289771,cross_up
USDJPY.a,4h,-1,0.06,2023-07-28 04:00:00,139.45593590373085,2023-07-31 04:00:00,141.21732224507036,141.1908975746958,,stop,6,-10568.3180480371,-0.0,-158.54802224732393,0.0,-10568.3180480371,-112.03114493920788,-1.0152306940359412,1.4398382039643385,0.8034390194657992,cross_dn
USDJPY.a,4h,1,0.05,2023-07-31 08:00:00,141.90067527213665,2023-09-01 16:00:00,144.72236579094522,139.68094413545384,,signal,146,14108.452594042832,-0.0,-106.34209054783808,0.0,14108.452594042832,149.84287029945088,1.2711857180258914,0.17555066273431277,2.467111731399702,cross_up
USDJPY.a,4h,1,0.1,2023-09-04 00:00:00,146.0767889863789,2023-10-06 08:00:00,148.749144755902,144.9876364489983,,signal,146,26723.55769523108,-0.0,-157.10488196030605,0.0,26723.55769523108,282.49904677965947,2.4536101949045004,0.16139978593048981,3.7480617943918446,cross_up
USDJPY.a,4h,1,0.11,2023-10-06 16:00:00,149.42327814414574,2023-10-10 00:00:00,148.45782484956626,148.38298059576607,,signal,8,-10619.986240374232,-0.0,-157.85330954224003,0.0,-10619.986240374232,-111.5792797009791,-0.9280549551262822,0.9509569119783158,0.03722190436242052,cross_up
USDJPY.a,4h,1,0.13,2023-10-12 16:00:00,149.4530326731101,2023-10-31 00:00:00,149.01135045992663,148.57537092748703,,signal,74,-5741.8687713850995,-0.0,-172.88804190747612,0.0,-5741.8687713850995,-60.48097676237787,-0.5032487919020656,0.8340715278531489,1.5085166164442663,cross_up
USDJPY.a,4h,1,0.13,2023-10-31 12:00:00,150.41514206251503,2023-11-03 12:00:00,149.46976397706428,149.48310696913353,,stop,18,-12289.915110859823,-0.0,-173.4588969001702,0.0,-12289.915110859823,-126.92355108490082,-1.0143159760442555,1.213626043211701,1.3935719231049588,cross_up
USDJPY.a,4h,-1,0.11,2023-11-06 04:00:00,149.5267336108828,2023-11-07 12:00:00,150.61975795867758,150.60928315039263,,stop,8,-12023.26782574275,-0.0,-115.22289113464196,0.0,-12023.26782574275,-124.52580469610766,-1.009676054446152,1.0320695250797454,0.1401632030174697,cross_dn
USDJPY.a,4h,1,0.14,2023-11-07 20:00:00,150.5546976619053,2023-11-17 08:00:00,149.68104218964024,149.69369935890134,,stop,45,-12231.176611710796,-0.0,-177.2003696556404,0.0,-12231.176611710796,-125.47977672687503,-1.0147005739929382,1.209871910630823,1.5717828169615797,cross_up
USDJPY.a,4h,-1,0.11,2023-11-17 12:00:00,149.60740032379076,2024-01-04 08:00:00,143.7872889754156,150.6687641050931,,signal,191,64021.224832126645,-0.0,-248.3574591431822,0.0,64021.224832126645,660.5362362526993,5.483615939139788,0.35953711906487995,8.815450921370331,cross_dn
USDJPY.a,4h,-1,0.08,2024-02-01 04:00:00,146.76401020266525,2024-02-02 16:00:00,148.1934023958683,148.17516502583132,,stop,9,-11435.137545624457,-0.0,-145.89896029590082,0.0,-11435.137545624457,-118.4350589245855,-1.0129237201599663,1.2897165976809124,0.615106286295213,cross_dn
USDJPY.a,4h,1,0.08,2024-02-05 04:00:00,148.3891624373108,2024-03-06 04:00:00,150.02522597274313,146.9185180543151,,signal,132,13088.508283458623,-0.0,-92.384436110197,0.0,13088.508283458623,134.09190336175834,1.112480729093496,0.5216505405256919,1.6971047464276487,cross_up
USDJPY.a,4h,1,0.12,2024-03-18 12:00:00,149.13563218865744,2024-05-03 04:00:00,153.1303834216494,148.1425899884182,,signal,202,47937.01479590368,-0.0,-446.79788041429623,0.0,47937.01479590368,476.64480355390987,4.022740656972638,0.2191570394541145,11.151960922380258,cross_up
USDJPY.a,4h,1,0.1,2024-05-09 12:00:00,155.8577475501069,2024-05-16 00:00:00,154.60227970231153,154.61729133176686,,stop,27,-12554.678477953588,-0.0,-150.1162945532192,0.0,-12554.678477953588,-121.22969694202325,-1.0121017003529706,1.8200945077515138,0.7200999412042586,cross_up
USDJPY.a,4h,-1,0.1,2024-05-16 08:00:00,153.92508780483692,2024-05-16 12:00:00,155.23752045587707,155.22075704118564,,stop,1,-13124.326510401545,-0.0,-167.63414691451393,0.0,-13124.326510401545,-127.04716130653811,-1.0129380355889903,1.0889447364970555,0.05872471360927835,cross_dn
USDJPY.a,4h,1,0.1,2024-05-17 12:00:00,155.87752803984145,2024-06-04 12:00:00,155.29357914878824,154.62657155980503,,signal,72,-5839.488910532112,-0.0,-188.41702423532496,0.0,-5839.488910532112,-56.688891655414096,-0.4668019234659622,0.5336141188716715,1.464856683187895,cross_up
USDJPY.a,4h,1,0.1,2024-06-10 16:00:00,156.98656379881942,2024-06-12 16:00:00,155.71129990641143,155.72475785123223,,stop,12,-12752.638924079918,-0.0,-134.57944820789245,0.0,-12752.638924079918,-122.30738661529074,-1.0106656216405814,1.005355697716562,0.3300318895919592,cross_up
USDJPY.a,4h,-1,0.09,2024-07-11 20:00:00,158.55576158383226,2024-08-16 04:00:00,149.16679188582086,160.00905602257924,,signal,152,84500.72728210267,-0.0,-248.25394477568014,0.0,84500.72728210267,856.3089682288893,6.460473148240016,0.6153181298476103,11.611385232012278,cross_dn
USDJPY.a,4h,-1,0.06,2024-08-19 08:00:00,146.17415848233475,2024-09-02 16:00:00,146.9907927865694,148.10866583955428,,signal,62,-4899.805825407839,-0.0,-129.5134388327601,0.0,-4899.805825407839,-49.18044049469431,-0.4221407073935295,0.6052401472114864,1.410260070685869,cross_dn
USDJPY.a,4h,-1,0.08,2024-09-04 20:00:00,144.0363671740708,2024-09-20 12:00:00,143.82470797161253,145.5339573366244,,signal,70,1693.2736196661153,-0.0,-299.3275458003502,0.0,1693.2736196661153,17.282210505823922,0.14133319498931068,0.12929627261908963,2.9783630298860846,cross_dn
USDJPY.a,4h,-1,0.08,2024-11-25 16:00:00,153.91168992072622,2024-12-11 04:00:00,151.7182168560321,155.54539528685822,,signal,69,17547.784517553057,-0.0,-163.46969651338583,0.0,17547.784517553057,181.5616678280516,1.3426368733105432,0.37234993033905484,3.2249939493070747,cross_dn
USDJPY.a,4h,-1,0.08,2025-01-15 16:00:00,156.37582396625365,2025-03-17 20:00:00,148.74243317115787,157.8858122350883,,signal,259,61067.126360766226,-0.0,-182.93073852609288,0.0,61067.126360766226,641.9326452066858,5.055264966387371,0.2511119070077132,6.513179055254325,cross_dn
USDJPY.a,4h,-1,0.1,2025-04-02 16:00:00,149.16606977091845,2025-04-02 20:00:00,150.45553832730744,150.4376462225153,,stop,1,-12894.685563889823,-0.0,-178.92104792148248,0.0,-12894.685563889823,-136.42246610740148,-1.0140708053925271,1.038813063440046,0.009491974236626587,cross_dn
USDJPY.a,4h,1,0.09,2025-04-28 00:00:00,143.57902342488933,2025-04-28 20:00:00,142.17759650558264,142.19596203413127,,stop,5,-12612.84227376018,-0.0,-165.28975693769917,0.0,-12612.84227376018,-138.06075966678557,-1.0132788961295216,1.154701762019398,0.23063081454094822,cross_up
USDJPY.a,4h,-1,0.08,2025-04-29 04:00:00,142.23332314855537,2025-05-01 04:00:00,143.74483044890835,143.72899923292997,,stop,12,-12092.058402823797,-0.0,-126.64972782711368,0.0,-12092.058402823797,-131.74900032065054,-1.010584655423571,1.1156672683860962,0.176724861296356,cross_dn
USDJPY.a,4h,1,0.09,2025-05-01 08:00:00,143.89104599084376,2025-05-06 12:00:00,142.54140567724204,142.5607320018009,,stop,19,-12146.762822415523,-0.0,-173.93692102955112,0.0,-12146.762822415523,-131.50377239264344,-1.0145276413824313,1.0539211061386276,1.5281760741453925,cross_up
USDJPY.a,4h,-1,0.08,2025-05-20 00:00:00,144.81558547531998,2025-05-29 04:00:00,146.26766320625674,146.2499167838484,,stop,43,-11616.621847494116,-0.0,-141.97137926677505,0.0,-11616.621847494116,-124.10599586677061,-1.0123726103605437,1.0286427660801436,1.8904875457971977,cross_dn
USDJPY.a,4h,1,0.08,2025-05-29 08:00:00,145.75735302339564,2025-05-29 16:00:00,144.24733064234456,144.26613146597109,,stop,2,-12080.179048408581,-0.0,-150.40658901206433,0.0,-12080.179048408581,-130.01782602580204,-1.0126076662001795,1.1469476248382193,0.22709367023182922,cross_up
USDJPY.a,4h,-1,0.08,2025-05-30 16:00:00,143.71179313713372,2025-06-09 00:00:00,144.84337455643632,145.22569307815027,,signal,32,-9052.651354420732,-0.0,-165.9929029809298,0.0,-9052.651354420732,-96.24688193818524,-0.7474611687630837,0.9097079837003712,0.882352327880248,cross_dn
USDJPY.a,4h,-1,0.09,2025-06-13 04:00:00,143.02872415358217,2025-06-13 12:00:00,144.40916021317804,144.39205624855092,,stop,2,-12423.92453636279,-0.0,-153.93568164400912,0.0,-12423.92453636279,-132.99343576127345,-1.0125457067212356,1.0388340827920521,0.0834163253413252,cross_dn
USDJPY.a,4h,1,0.09,2025-06-16 12:00:00,144.26964898933812,2025-06-26 16:00:00,144.30107003158778,142.8974822044798,,signal,49,282.7893802469532,-0.0,-196.73943142030006,0.0,282.7893802469532,2.9931898054846737,0.022898850632727858,0.4523130833561155,2.742633805299693,cross_up
USDJPY.a,4h,1,0.11,2025-07-07 12:00:00,145.3447219940065,2025-07-23 12:00:00,146.78205457222154,144.23519311451008,,signal,72,15810.65836036538,-0.0,-240.79941112646128,0.0,15810.65836036538,163.84228465018947,1.2954440436623784,0.06464184513976903,3.4656853706581576,cross_up
USDJPY.a,4h,1,0.1,2025-07-28 08:00:00,147.75668922695417,2025-08-05 04:00:00,146.9144185764866,146.56652714078655,,signal,35,-8422.706504675545,-0.0,-231.6284702674269,0.0,-8422.706504675545,-88.59851639499533,-0.7076940697881821,0.9550709438361943,2.6587225469726294,cross_up
USDJPY.a,4h,1,0.12,2025-08-12 12:00:00,148.43125964643502,2025-08-13 08:00:00,147.42787054229453,147.4411245183642,,stop,5,-12040.669249685947,-0.0,-159.0477128359589,0.0,-12040.669249685947,-124.61818976675589,-1.0133860275167708,1.2475667324739892,0.09063445081462096,cross_up
USDJPY.a,4h,-1,0.11,2025-08-13 12:00:00,147.26120515767118,2025-08-21 16:00:00,148.38868145297724,148.37649800580527,,stop,37,-12402.239248366584,-0.0,-134.01791889153833,0.0,-12402.239248366584,-130.7024950581413,-1.0109239893292123,1.0228657381219453,0.9398474664522977,cross_dn
USDJPY.a,4h,1,0.12,2025-08-21 20:00:00,148.29389356253503,2025-08-22 16:00:00,147.25593496485394,147.27071273567017,,stop,5,-12455.503172173165,-0.0,-177.33324979488543,0.0,-12455.503172173165,-130.40239967488168,-1.0144429708104663,1.6848376330675023,0.47509338007676827,cross_up
USDJPY.a,4h,-1,0.1,2025-08-25 16:00:00,147.37288667640823,2025-08-26 00:00:00,147.75871740656638,148.53375509889145,,signal,2,-3858.3073015814766,-0.0,-194.34813132737756,0.0,-3858.3073015814766,-40.32282410469154,-0.33236387749510443,0.4885250667587759,0.07226200212147965,cross_dn
USDJPY.a,4h,-1,0.1,2025-08-26 04:00:00,147.10097097961693,2025-08-27 12:00:00,147.9239703204869,148.32467582079613,,signal,8,-8229.993408699556,-0.0,-179.40640973793265,0.0,-8229.993408699556,-85.91187365706853,-0.6725472623585347,0.7371295675465594,0.002427856389009368,cross_dn
USDJPY.a,4h,-1,0.1,2025-08-28 00:00:00,147.36114101526616,2025-09-02 08:00:00,148.56727909390602,148.55417102186578,,stop,20,-12061.380786398673,-0.0,-131.0807204023298,0.0,-12061.380786398673,-124.75161870534333,-1.0109872106885225,1.2018633033553061,0.5860213166463774,cross_dn
USDJPY.a,4h,1,0.11,2025-09-02 16:00:00,148.83460215705713,2025-09-05 12:00:00,147.69383939657303,147.7073634730772,,stop,17,-12548.39036532519,-0.0,-148.76484154610952,0.0,-12548.39036532519,-129.4035467107442,-1.011997526962465,1.4704979350111276,0.2682642524963701,cross_up
USDJPY.a,4h,-1,0.1,2025-09-09 08:00:00,147.12029546185724,2025-09-19 12:00:00,147.86630116573937,148.2865339807568,,signal,49,-7460.057038821333,-0.0,-186.02331478738137,0.0,-7460.057038821333,-76.35064657429707,-0.6396682083404842,0.9823929835758032,1.4107709831173572,cross_dn
USDJPY.a,4h,-1,0.12,2025-10-01 12:00:00,147.14447284911282,2025-10-06 00:00:00,149.4943310319606,148.1705010809661,,stop_gap,15,-28198.29819417339,-0.0,-195.97238352701333,0.0,-28198.29819417339,-286.97630674519627,-2.29024710031938,2.6524875889344783,0.5443055383613136,cross_dn
USDJPY.a,4h,1,0.08,2025-10-06 12:00:00,150.3773408593823,2025-10-17 12:00:00,149.77005691490172,148.97719200623354,,signal,54,-4858.271555844567,-0.0,-175.08936157265848,0.0,-4858.271555844567,-50.18833603705109,-0.43372813048760467,0.714453221978965,2.07167911761275,cross_up
USDJPY.a,4h,1,0.09,2025-10-21 20:00:00,151.8652677901751,2025-12-01 16:00:00,154.83483471142017,150.50298978412079,,signal,173,26726.102291205676,-0.0,-146.97519443658385,0.0,26726.102291205676,262.8503105882859,2.17985382429105,0.27473671931260796,4.42474456978394,cross_up
USDJPY.a,4h,1,0.12,2025-12-09 20:00:00,156.92480125391262,2025-12-10 20:00:00,155.8839143499993,155.89586966560773,,stop,6,-12490.642846959987,-0.0,-143.46378730132452,0.0,-12490.642846959987,-120.2306083399589,-1.0116191549995488,1.0980334035365014,0.031293378931460475,cross_up
USDJPY.a,4h,-1,0.12,2025-12-15 08:00:00,155.0269688063259,2025-12-19 04:00:00,156.05759402987388,156.0463145330537,,stop,23,-12367.50268257583,-0.0,-135.3539618421283,0.0,-12367.50268257583,-120.05540093216302,-1.0110654280725615,1.1242811576333092,0.6219369834030642,cross_dn
USDJPY.a,4h,1,0.11,2025-12-19 12:00:00,157.2076867515735,2025-12-23 04:00:00,156.0678174424987,156.08136036510533,,stop,10,-12538.562399822922,-0.0,-148.97214867283446,0.0,-12538.562399822922,-120.24494525041489,-1.0120239770366197,1.15391663303649,0.4948061726353128,cross_up
USDJPY.a,4h,-1,0.05,2026-01-26 00:00:00,154.64817263937286,2026-02-04 08:00:00,156.31070878976712,157.29518316134525,,signal,44,-8312.6807519713,-0.0,-97.08789767119454,0.0,-8312.6807519713,-75.59483231074088,-0.6280806731192892,0.6587912462575869,0.9664384097221729,cross_dn
USDJPY.a,4h,-1,0.09,2026-02-11 00:00:00,154.2702203020393,2026-02-20 00:00:00,154.97772257214342,155.70438241779013,,signal,42,-6367.520430937162,-0.0,-175.00629858172053,0.0,-6367.520430937162,-58.22048068775736,-0.49332098675171415,0.7487157038718312,1.396787908451016,cross_dn
USDJPY.a,4h,-1,0.13,2026-04-01 16:00:00,158.51187402526998,2026-04-02 08:00:00,159.5689302511649,159.55591967519663,,stop,4,-13741.730936633843,-0.0,-169.13748758738072,0.0,-13741.730936633843,-125.50911307025038,-1.0124616926177186,1.1542847526012818,0.09853402988385608,cross_dn
USDJPY.a,4h,1,0.13,2026-04-02 16:00:00,159.63340264400895,2026-04-08 00:00:00,158.5774892205588,158.58933638340844,,stop,20,-13726.874504852134,-0.0,-154.01311704553515,0.0,-13726.874504852134,-123.42817988690412,-1.0113471369554972,1.0453384858746502,0.38273179688921016,cross_up
USDJPY.a,4h,-1,0.13,2026-04-08 12:00:00,158.3637429794022,2026-04-10 08:00:00,159.38396033669216,159.37225277278569,,stop,11,-13262.82564476955,-0.0,-152.19833078413743,0.0,-13262.82564476955,-117.77948874414251,-1.0116087756244698,1.000740922120149,0.4756949139707329,cross_dn
USDJPY.a,4h,1,0.15,2026-04-13 12:00:00,159.71682390614967,2026-04-14 12:00:00,158.82412844514008,158.8341280183153,,stop,6,-13390.431915143921,-0.0,-149.99359762836318,0.0,-13390.431915143921,-118.41003824351901,-1.0113284465386705,1.157617159242308,0.162203195714004,cross_up
USDJPY.a,4h,-1,0.16,2026-04-14 16:00:00,158.70632550232008,2026-04-21 20:00:00,159.56042938420043,159.54929776460202,,stop,31,-13665.66211008558,-0.0,-178.1059135748083,0.0,-13665.66211008558,-119.91999744960187,-1.0132052027053449,1.107598125651772,1.3171554415259408,cross_dn
USDJPY.a,4h,1,0.15,2026-04-22 04:00:00,159.3000311350753,2026-04-30 12:00:00,158.35779469498252,158.3767318167885,,stop,38,-14133.54660139177,-0.0,-284.05682708985495,0.0,-14133.54660139177,-124.14371470121583,-1.02051027378761,4.0561398247582785,1.544427507615405,cross_up
USDJPY.a,4h,-1,0.08,2026-04-30 20:00:00,156.56754182454011,2026-05-14 00:00:00,157.80772648982202,158.18090823498736,,signal,55,-9921.477322255214,-0.0,-91.62383715241891,0.0,-9921.477322255214,-86.65179737920289,-0.768693743250865,0.8482004872535692,0.9536220752938689,cross_dn
USDJPY.a,4h,-1,0.14,2026-07-03 16:00:00,161.16465376314991,2026-07-06 08:00:00,162.12811233417608,162.1172626528971,,stop,4,-13488.419994366326,-0.0,-151.89553790570196,0.0,-13488.419994366326,-120.10128305911623,-1.011389439460158,1.2075745347656577,0.0,cross_dn
USDJPY.a,4h,1,0.14,2026-07-06 12:00:00,162.25700075507746,2026-07-10 04:00:00,161.33431425076964,161.34385989341843,,stop,22,-12917.61106030947,-0.0,-133.6389970829125,0.0,-12917.61106030947,-114.91822114411228,-1.0104536365084413,1.0622684799310307,0.4928037544010032,cross_up
USDJPY.a,4h,-1,0.07,2026-07-31 00:00:00,159.44977560385053,2026-07-31 00:00:00,160.541,161.33063025089075,,end_of_data,0,-7638.570773046297,-0.0,-106.57077304631844,0.0,-7638.570773046297,-68.12304409298778,-0.5801747614397841,0.6577990479468598,0.04666793576455136,cross_dn
