symbol,tf,side,lots,entry_time,entry_price,exit_time,exit_price,stop_price,target_price,exit_reason,bars_held,gross_ccy,spread_ccy,slippage_ccy,swap_ccy,net_ccy,net_acct,r_multiple,mae_r,mfe_r,tag
EURUSD.a,15m,1,1.11,2020-01-06 03:15:00,1.116408393654175,2020-01-06 04:15:00,1.1166377483443708,1.1156287649347731,1.1166377483443708,target,4,25.45837061172196,-13.320000000000004,-0.0,0.0,25.45837061172196,36.65131600714352,0.29418450666059054,0.35708491394286596,0.33555247429266544,bounce_support
EURUSD.a,15m,1,1.61,2020-01-06 06:30:00,1.1164565774917357,2020-01-06 08:00:00,1.1159083579236295,1.1159172030463385,1.1171855939073234,stop,6,-88.2633504650876,-19.320000000000004,-1.4240647561378377,0.0,-88.2633504650876,-127.19161666006801,-1.016398853865648,1.1616744120573614,0.11758530424553992,bounce_support
EURUSD.a,15m,1,1.43,2020-01-07 03:00:00,1.1190977387946668,2020-01-07 03:15:00,1.1196645572354211,1.118496571106029,1.1196645572354211,target,1,81.05503702787153,-17.160000000000004,-0.0,0.0,81.05503702787153,116.92541621400355,0.9428624516377333,0.22911875882577043,1.0184532816802252,bounce_support
EURUSD.a,15m,1,1.62,2020-01-07 07:00:00,1.1192155913475883,2020-01-07 07:45:00,1.1186728628268767,1.1186817314077724,1.119580928725702,stop,3,-87.92202035527552,-19.44,-1.436710105085334,0.0,-87.92202035527552,-127.1909561601648,-1.0166121865197792,1.7525033774045045,0.06445258361892008,bounce_support
EURUSD.a,15m,1,1.01,2020-01-07 08:00:00,1.1188065900738877,2020-01-07 08:30:00,1.1189564285997902,1.117956785700105,1.1189564285997902,target,2,15.133691116147041,-50.5,-0.0,0.0,15.133691116147041,21.890690576348547,0.1763211987665579,0.8314738023085627,0.20405864156765316,bounce_support
EURUSD.a,15m,-1,1.53,2020-01-07 23:00:00,1.1143615248123724,2020-01-07 23:45:00,1.1150523811120125,1.1149199052079213,1.1141741075794622,stop,3,-105.70101384494501,-18.360000000000003,-1.9088133259870899,0.0,-105.70101384494501,-153.8946681103969,-1.237250278031415,1.5195289705570463,0.0,bounce_resistance
EURUSD.a,15m,-1,1.66,2020-01-08 01:30:00,1.1152113161408053,2020-01-08 02:00:00,1.11623632501115,1.1157203961422424,1.114249207715515,stop,2,-170.15147247722595,-83.0,-2.6441922386835537,0.0,-170.15147247722595,-248.05952863590446,-2.0134534207809263,3.1599824284068814,0.8865328426401239,bounce_resistance
EURUSD.a,15m,-1,0.99,2020-01-08 16:30:00,1.1124667209969947,2020-01-08 23:45:00,1.1109135972472264,1.1133082013763869,1.1107935972472265,target,29,153.75925122706644,-11.88,-0.0,0.0,153.75925122706644,223.9462433578503,1.845704056570265,0.7406934472499833,2.729381520046522,bounce_resistance
EURUSD.a,15m,-1,1.48,2020-01-09 01:45:00,1.1110923051720845,2020-01-09 03:30:00,1.111796670320267,1.1116656823620708,1.1102085781990523,stop,7,-104.24604193102738,-17.76,-1.6262178130851084,0.0,-104.24604193102738,-151.64163492767094,-1.228449893863861,1.3389001887814302,0.30050928968533325,bounce_resistance
EURUSD.a,15m,-1,1.34,2020-01-09 15:30:00,1.1111495253141872,2020-01-09 17:30:00,1.1103928071149123,1.111778596442544,1.1098928071149123,target,8,101.40023870283922,-67.0,-0.0,0.0,101.40023870283922,147.95178986640485,1.2029135739413226,0.9386453442159645,2.9877786937971385,bounce_resistance
EURUSD.a,15m,-1,1.24,2020-01-09 20:15:00,1.110519475248002,2020-01-10 11:15:00,1.10972049229495,1.1111997538525251,1.10922049229495,target,60,99.07388617846546,-62.0,-0.0,2.0707999999999998,101.14468617846546,147.08959074292574,1.1990424917509475,0.8827629562435962,2.0572089709968697,bounce_resistance
EURUSD.a,15m,1,1.12,2020-01-10 22:00:00,1.1123288331171788,2020-01-13 00:00:00,1.1115563033352323,1.1115668465749882,1.113466306850024,stop,8,-86.5233355780113,-13.440000000000003,-1.1808428526499488,-7.952000000000002,-94.4753355780113,-136.99225041762557,-1.1070140156563455,1.0089851652345183,0.0,bounce_support
EURUSD.a,15m,1,1.33,2020-01-13 00:45:00,1.1117572917390046,2020-01-13 03:30:00,1.1120199999999998,1.1111194962198554,1.1120199999999998,target,11,34.940198712357656,-15.960000000000003,-0.0,0.0,34.940198712357656,50.54859337455175,0.41190044945064364,0.7640250274173346,0.42757945580933815,bounce_support
EURUSD.a,15m,1,0.83,2020-01-13 12:00:00,1.1120092051458774,2020-01-13 14:15:00,1.1125681533435645,1.1109809233282177,1.1125681533435645,target,9,46.392700408028674,-41.5,-0.0,0.0,46.392700408028674,67.22410654383104,0.5435749111651421,0.728599040662472,0.5453707772437114,bounce_support
EURUSD.a,15m,1,1.18,2020-01-13 22:00:00,1.1139478722511607,2020-01-14 00:00:00,1.113210654095284,1.1132212266097365,1.115017546780527,stop,8,-86.99174239344875,-14.160000000000002,-1.2475567054054106,-8.378,-95.36974239344875,-138.19498687665552,-1.112259001915582,1.111782972477944,0.0,bounce_support
EURUSD.a,15m,1,1.82,2020-01-14 07:00:00,1.1137850517163281,2020-01-14 08:00:00,1.1139099322799098,1.1133176657250856,1.1139099322799098,target,4,22.728262571854785,-21.840000000000003,-0.0,0.0,22.728262571854785,32.91661246068646,0.2671893593764583,0.6312806157147858,0.2673342505188354,bounce_support
EURUSD.a,15m,1,0.89,2020-01-14 10:15:00,1.1142576838314424,2020-01-14 11:00:00,1.1132897952710945,1.113302707066473,1.1146745858670544,stop,3,-86.14208187096374,-44.5,-1.1491497886873976,0.0,-86.14208187096374,-124.83816916795463,-1.0135205335376374,1.275092626448675,0.0,bounce_support
EURUSD.a,15m,-1,1.44,2020-01-14 21:15:00,1.113151720311441,2020-01-15 10:15:00,1.1124978517216304,1.1137410741391847,1.1119978517216305,target,52,94.15707693271713,-72.0,-0.0,7.2143999999999995,101.37147693271713,147.207465449831,1.194475299338607,0.9133387503732274,2.208724623753497,bounce_resistance
EURUSD.a,15m,1,0.84,2020-01-15 22:00:00,1.115548280270123,2020-01-16 08:30:00,1.1145318563619644,1.1145381729549078,1.1160136540901844,stop,42,-85.37960828533109,-10.080000000000002,-0.5305938072457425,-5.964,-91.34360828533109,-132.28809727198234,-1.0765429492280083,1.077390742280771,0.24920097704979718,bounce_support
EURUSD.a,15m,-1,2.02,2020-01-16 10:15:00,1.1152033811819373,2020-01-16 10:15:00,1.1161337890107668,1.1156238607836728,1.1143822784326545,stop,0,-187.94238142355326,-101.0,-2.005501872997262,0.0,-187.94238142355326,-271.82086347452093,-2.2127299992418794,1.0859476088212505,0.36477674851316627,bounce_resistance
EURUSD.a,15m,-1,1.88,2020-01-16 10:30:00,1.115462553954656,2020-01-16 10:30:00,1.1164207064623788,1.115909537394363,1.1145609252112736,stop,0,-180.13267145186518,-94.0,-2.0997847869892223,0.0,-180.13267145186518,-260.5256883686691,-2.1435973295808664,2.0301558508273216,0.0,bounce_resistance
EURUSD.a,15m,-1,1.27,2020-01-16 21:15:00,1.113470294885823,2020-01-17 04:15:00,1.1142493935207292,1.1141217709218463,1.1130964173228346,stop,28,-98.94552663307543,-15.240000000000002,-0.9680700581416525,2.1209,-96.82462663307543,-140.46397410937652,-1.1702635135437698,1.0893802303291402,0.3074478181050563,bounce_resistance
EURUSD.a,15m,-1,1.19,2020-01-17 16:15:00,1.1102001142675564,2020-01-17 17:30:00,1.1093815365060833,1.1108892317469583,1.1088815365060833,target,5,97.41075361529816,-59.5,-0.0,0.0,97.41075361529816,141.58951367088892,1.1878638779900443,0.5947980492374827,2.2784420864190804,bounce_resistance
EURUSD.a,15m,-1,1.08,2020-01-17 18:30:00,1.109298928039058,2020-01-20 08:15:00,1.1105708854959377,1.1100649004609786,1.1077701990780426,stop,55,-137.37140534301864,-54.0,-0.6463837755914268,1.8036,-135.56780534301865,-196.837375086055,-1.6387763070271588,1.0066576013383006,0.651365538470531,bounce_resistance
EURUSD.a,15m,-1,1.65,2020-01-20 13:15:00,1.1084822770719698,2020-01-20 20:45:00,1.1091065483159122,1.108977773047785,1.1075444539044301,stop,30,-103.00475525049201,-19.800000000000004,-1.4479192409872454,0.0,-103.00475525049201,-149.9232301149727,-1.259891652833887,1.145766980440681,1.6393212288625378,bounce_resistance
EURUSD.a,15m,1,1.06,2020-01-21 03:00:00,1.1097445401371007,2020-01-21 03:15:00,1.1089742617740017,1.1089813141078206,1.1097573717843587,stop,1,-81.64950648848901,-53.0,-0.7475473848042505,0.0,-81.64950648848901,-119.02260421062537,-1.0092401641825253,1.1196422872354665,0.0,bounce_support
EURUSD.a,15m,1,0.78,2020-01-21 17:30:00,1.110430200727879,2020-01-21 17:30:00,1.1093828355388637,1.1093981366306824,1.1109637267386352,stop,0,-81.69448474319108,-39.0,-1.193485161861674,0.0,-81.69448474319108,-119.09858696561082,-1.0148257185384606,1.114466369873037,0.0,bounce_support
EURUSD.a,15m,-1,2.48,2020-01-22 05:15:00,1.108124729253959,2020-01-22 07:30:00,1.1085752704138985,1.1084489083033098,1.1074921833933806,stop,9,-111.73420766496278,-29.760000000000005,-1.5778034259962495,0.0,-111.73420766496278,-163.30874123410572,-1.3897911072347173,1.2192976283710177,0.19967130537495906,bounce_resistance
EURUSD.a,15m,-1,2.65,2020-01-22 10:00:00,1.108583467806143,2020-01-22 10:00:00,1.108500854084369,1.1088845729578154,1.108000854084369,target,0,21.892636270105513,-132.5,-0.0,0.0,21.892636270105513,32.01848083379234,0.2743683437999617,0.05490505149174056,2.8012400367724943,bounce_resistance
EURUSD.a,15m,-1,1.91,2020-01-22 11:30:00,1.1085220073870026,2020-01-22 11:30:00,1.109452468803668,1.1089404798841718,1.1077390402316567,stop,0,-177.7181305830948,-95.5,-2.289883623788033,0.0,-177.7181305830948,-259.6851519420989,-2.2234708922560604,1.8352284037605946,0.10038267099230225,bounce_resistance
EURUSD.a,15m,-1,1.63,2020-01-22 11:45:00,1.1088318925736451,2020-01-22 12:00:00,1.109827817913173,1.1093157539978933,1.1078584920042134,stop,1,-162.3358303430591,-81.5,-1.9664181906317046,0.0,-162.3358303430591,-237.13893646000218,-2.0582862977255494,1.1534447641123275,0.25191628746687506,bounce_resistance
EURUSD.a,15m,1,0.55,2020-01-23 16:15:00,1.1084259677060717,2020-01-23 16:15:00,1.1069900388887888,1.1070139904478966,1.109446153846154,stop,0,-78.97608495056164,-27.500000000000004,-1.3173357509322847,0.0,-78.97608495056164,-115.07851744267884,-1.0169631337680278,1.7252173800731265,0.0,bounce_support
EURUSD.a,15m,-1,1.93,2020-01-24 00:45:00,1.1054127566898575,2020-01-24 07:45:00,1.1047803008657733,1.1058148495671132,1.1046603008657734,target,28,122.06397404825475,-23.160000000000004,-0.0,0.0,122.06397404825475,178.29188619875663,1.5729097923862594,0.5402814186242151,1.896966429904152,bounce_resistance
EURUSD.a,15m,-1,3.14,2020-01-24 08:45:00,1.1049355304273483,2020-01-24 09:15:00,1.1046675,1.1051852656094172,1.1045475,target,2,84.16155418738303,-37.68000000000001,-0.0,0.0,84.16155418738303,122.95332971129734,1.0732585818619607,0.5784910698401785,2.304562867675458,bounce_resistance
EURUSD.a,15m,-1,1.97,2020-01-24 21:45:00,1.1032724799993399,2020-01-24 23:45:00,1.1025853608756424,1.1036723195621787,1.1024653608756425,target,8,135.36246736839865,-23.640000000000004,-0.0,0.0,135.36246736839865,198.3071351300175,1.7184870822160225,0.0688276079152732,2.157065181885453,bounce_resistance
EURUSD.a,15m,-1,1.57,2020-01-27 01:00:00,1.1030021015270712,2020-01-27 04:00:00,1.103635904333163,1.103505534483969,1.102018931032062,stop,12,-99.50704055639848,-18.840000000000003,-1.6280663234479607,0.0,-99.50704055639848,-146.29300718387287,-1.2589616897496136,1.1081882210625924,1.096673389190475,bounce_resistance
EURUSD.a,15m,-1,1.47,2020-01-27 15:15:00,1.1024218483405965,2020-01-27 15:30:00,1.103467383215857,1.102954700547402,1.1013505989051957,stop,1,-153.693626663292,-73.5,-1.8643522628694547,0.0,-153.693626663292,-226.93780238212182,-1.9621479688119954,1.385284043071929,0.05976955746788232,bounce_resistance
EURUSD.a,15m,-1,2.98,2020-01-28 00:30:00,1.1019649091061747,2020-01-28 03:15:00,1.1023507772052235,1.1022240339311213,1.101461932137757,stop,11,-114.98869351652007,-35.760000000000005,-2.0094956824680814,0.0,-114.98869351652007,-170.28802759902862,-1.4891205392159106,2.180767103042759,1.3310538897450248,bounce_resistance
EURUSD.a,15m,1,2.25,2020-01-28 08:45:00,1.1020135416751815,2020-01-28 09:00:00,1.101666806720366,1.101672511196512,1.102294977606976,stop,1,-78.01536483346693,-112.5,-1.2835071328237915,0.0,-78.01536483346693,-115.4842200184545,-1.0167271739703472,1.2712695852667228,0.0,bounce_support
EURUSD.a,15m,1,2.08,2020-01-28 09:15:00,1.1018239599138044,2020-01-28 09:30:00,1.1014499751168758,1.1014564978539607,1.1021570042920787,stop,1,-77.78883776115464,-104.0,-1.3567293136739398,0.0,-77.78883776115464,-115.14889758145902,-1.0177507770126688,1.099324142405805,0.17971946879000542,bounce_support
EURUSD.a,15m,-1,1.16,2020-01-28 17:15:00,1.100470384789391,2020-01-28 20:00:00,1.1012536028866509,1.1011209528120414,1.0992280943759172,stop,11,-90.85329928213513,-13.92,-1.4674086547050793,0.0,-90.85329928213513,-134.5855172608881,-1.2038988545257823,1.2598455227941758,1.0612030800078398,bounce_resistance
EURUSD.a,15m,-1,1.53,2020-01-28 22:00:00,1.1016634166276245,2020-01-28 22:45:00,1.1022868305955447,1.102157501804122,1.100664996391756,stop,3,-95.38233709179144,-18.360000000000003,-1.4273050876598836,0.0,-95.38233709179144,-141.15242118535448,-1.2617540407492862,1.025295630131231,0.006915057943236293,bounce_resistance
EURUSD.a,15m,1,1.89,2020-01-29 03:00:00,1.1023853747982049,2020-01-29 03:15:00,1.101980066053859,1.1019879809513586,1.102834038097283,stop,1,-76.60335268136674,-22.680000000000003,-1.4959156274468646,0.0,-76.60335268136674,-113.25992855972018,-1.0199170106996915,1.2465588034042068,0.0,bounce_support
EURUSD.a,15m,1,1.81,2020-01-29 03:45:00,1.1018851242097871,2020-01-29 05:15:00,1.1014655582299282,1.1014721116382362,1.1023057767235276,stop,6,-75.94144235446576,-21.720000000000002,-1.1861669037652824,0.0,-75.94144235446576,-112.07083963647142,-1.0158673337312953,1.12617446011502,0.0,bounce_support
EURUSD.a,15m,-1,3.01,2020-01-29 08:15:00,1.1015464899626353,2020-01-29 09:00:00,1.1015322094630513,1.1017938952684743,1.1010322094630514,target,3,4.298430374772844,-150.5,-0.0,0.0,4.298430374772844,6.359471489951093,0.05772107245450944,0.4183824474326805,2.85559745875046,bounce_resistance
EURUSD.a,15m,-1,2.19,2020-01-29 13:45:00,1.1002035674653114,2020-01-29 15:15:00,1.1000464962643268,1.1005417518678364,1.0995464962643269,target,6,34.398593015633196,-109.5,-0.0,0.0,34.398593015633196,51.00243608219022,0.4644543030721998,0.403426455123311,2.2874131968709275,bounce_resistance
EURUSD.a,15m,-1,1.38,2020-01-29 21:45:00,1.101139552494484,2020-01-29 21:45:00,1.1021943729277037,1.1016787016694298,1.1000925966611406,stop,0,-145.5652197843178,-69.0,-2.1626336418052543,0.0,-145.5652197843178,-215.33635081039336,-1.956453765000643,1.762865547576024,0.14755191731880304,bounce_resistance
EURUSD.a,15m,1,1.4,2020-01-30 04:45:00,1.1012960215332905,2020-01-30 09:00:00,1.100763658985134,1.1007707621296272,1.1019684757407455,stop,17,-74.53075674192178,-70.0,-0.9944402290560069,0.0,-74.53075674192178,-110.80827930289733,-1.0135231172325891,1.1727948685813239,0.8071792027949163,bounce_support
EURUSD.a,15m,1,0.59,2020-01-30 20:30:00,1.1040097004904037,2020-01-31 02:00:00,1.1027816755125295,1.1027915120551772,1.1048869758896458,stop,22,-72.45347369457899,-7.080000000000001,-0.5803560162132486,-4.189,-76.642473694579,-114.03602745849365,-1.0663579954547153,1.025867964484004,0.0,bounce_support
EURUSD.a,15m,1,1.49,2020-01-31 03:30:00,1.1029457470376023,2020-01-31 05:00:00,1.1024525465726556,1.1024613187769898,1.1035073624460205,stop,6,-73.48686927706116,-17.880000000000003,-1.3070584457966905,0.0,-73.48686927706116,-109.47438329891274,-1.0181083661865047,1.002722337025025,0.7725663278286615,bounce_support
EURUSD.a,15m,-1,2.33,2020-01-31 09:00:00,1.1020552833507573,2020-01-31 09:15:00,1.1028725777046895,1.1023650223718156,1.1014799552563692,stop,1,-190.42958446619917,-116.5,-1.7603925596217358,0.0,-190.42958446619917,-283.7996787871821,-2.6386547976417387,1.242067105166054,1.179326226024859,bounce_resistance
EURUSD.a,15m,1,0.52,2020-01-31 21:15:00,1.1086218106237091,2020-02-03 09:30:00,1.1072474989789824,1.107256943193593,1.1098161136128137,stop,49,-71.46420552578725,-26.0,-0.4910991597508696,-3.6920000000000006,-75.15620552578726,-112.17176687778877,-1.0589392147805403,1.158948179732405,0.6727315459588192,bounce_support
EURUSD.a,15m,-1,1.21,2020-02-03 15:00:00,1.106581194782396,2020-02-03 16:15:00,1.105976798817879,1.1071616005910605,1.105476798817879,target,5,73.13191170655719,-60.5,-0.0,0.0,73.13191170655719,109.11953402947954,1.0413334179196596,0.15300539084603246,2.190182736663261,bounce_resistance
EURUSD.a,15m,-1,1.1,2020-02-03 19:15:00,1.1065789175368617,2020-02-04 09:00:00,1.1058834409316862,1.107223279534157,1.1053834409316863,target,55,76.50242656929818,-55.00000000000001,-0.0,1.837,78.33942656929818,116.67028053688706,1.105243028243045,0.09479526010968303,2.0623772699811997,bounce_resistance
EURUSD.a,15m,-1,1.02,2020-02-04 20:15:00,1.1042999964356996,2020-02-05 11:30:00,1.1034318366122406,1.1049990816938795,1.1029318366122407,target,61,88.55230199281827,-51.0,-0.0,5.1102,93.66250199281828,138.32073425409558,1.313516216676909,0.7009210372652801,2.703527808068179,bounce_resistance
EURUSD.a,15m,-1,1.08,2020-02-05 15:00:00,1.1022215718496184,2020-02-05 15:30:00,1.101429777007205,1.1028951114963976,1.100929777007205,target,2,85.51384298065035,-54.0,-0.0,0.0,85.51384298065035,126.31104855268069,1.1755727316123552,0.14613564450467015,2.0660578130372187,bounce_resistance
EURUSD.a,15m,-1,0.97,2020-02-05 19:00:00,1.1006091309646029,2020-02-06 10:00:00,1.1018649752800105,1.101354334842073,1.099151330315854,stop,60,-121.8168985945367,-48.5,-1.0321224799469995,1.6199,-120.1969985945367,-178.09337333057252,-1.6628259096215687,1.047859597897254,1.6628079939812077,bounce_resistance
EURUSD.a,15m,-1,1.21,2020-02-06 15:00:00,1.1002521503539375,2020-02-06 16:30:00,1.1000079999999999,1.1008484993964682,1.099508,target,6,29.542192826456315,-60.5,-0.0,0.0,29.542192826456315,43.81749429177306,0.4094084781314758,0.2814620869518431,1.5966326530801367,bounce_resistance
EURUSD.a,15m,-1,1.11,2020-02-06 20:30:00,1.0976296629195266,2020-02-07 00:00:00,1.0984119313176919,1.0982804808037738,1.0963290383924527,stop,14,-86.83179219634928,-13.320000000000004,-1.2710070449103519,1.8537000000000001,-84.97809219634928,-126.2282084287953,-1.1763173949203527,1.0146265129717045,0.8445725491429343,bounce_resistance
EURUSD.a,15m,-1,1.32,2020-02-07 00:30:00,1.0978128474937001,2020-02-07 04:15:00,1.0984816246725755,1.0983549066441058,1.0967801867117886,stop,15,-88.2785876115486,-15.840000000000002,-0.8867797580125982,0.0,-88.2785876115486,-131.48434258496962,-1.2337715881648592,1.0278444813318386,0.0605976186834089,bounce_resistance
EURUSD.a,15m,-1,0.85,2020-02-07 16:45:00,1.0968766014000828,2020-02-07 18:15:00,1.0957608942246484,1.0977045528876757,1.0952608942246485,target,6,94.83510991192489,-42.5,-0.0,0.0,94.83510991192489,142.00699277039456,1.3475513869516327,0.9220330071954039,2.556431665140877,bounce_resistance
EURUSD.a,15m,-1,0.82,2020-02-07 21:45:00,1.0944990457461672,2020-02-10 04:45:00,1.095490250712316,1.0953628019489539,1.094040564516129,stop,28,-81.27880722421033,-9.840000000000002,-0.6107985957031433,1.3694,-79.90940722421033,-119.22506449064564,-1.1282176185883663,1.0546427926003499,0.4619888631534043,bounce_resistance
EURUSD.a,15m,-1,1.75,2020-02-10 12:15:00,1.0952430574434266,2020-02-10 15:45:00,1.0949538871272335,1.0956480564363833,1.0944538871272336,target,14,50.60480533379818,-87.5,-0.0,0.0,50.60480533379818,75.72055682811597,0.714002556110266,0.634427643134341,5.563118631428048,bounce_resistance
EURUSD.a,15m,-1,0.96,2020-02-11 16:45:00,1.091658007469135,2020-02-11 17:00:00,1.092917353494623,1.0923993424694898,1.0902413150610204,stop,1,-120.8972184468422,-48.0,-1.729058412794288,0.0,-120.8972184468422,-179.87177844589917,-1.6987543079517922,1.1088003810308855,0.186160735792906,bounce_resistance
EURUSD.a,15m,1,1.16,2020-02-11 23:45:00,1.091876996532349,2020-02-12 02:45:00,1.0912570623135565,1.0912653997799886,1.0921427947598255,stop,12,-71.91236937992684,-13.92,-0.9671461061301442,-24.708000000000002,-96.62036937992684,-143.82311607610427,-1.3619009839047271,1.1232834865415884,0.33192371749450594,bounce_support
EURUSD.a,15m,-1,1.68,2020-02-12 10:00:00,1.0914531059517796,2020-02-12 10:15:00,1.0923839253324534,1.0918728014795749,1.09066439704085,stop,1,-156.3776559532073,-84.0,-1.8688072836068674,0.0,-156.3776559532073,-231.85952398725968,-2.217844411074674,2.089357617954236,0.6745507946362543,bounce_resistance
EURUSD.a,15m,-1,1.31,2020-02-13 00:00:00,1.0873324189223719,2020-02-13 09:15:00,1.0879937251058758,1.0878657005600663,1.0863785988798673,stop,37,-86.6311100390118,-15.720000000000002,-1.0512155010679725,0.0,-86.6311100390118,-128.85781650901652,-1.2400692931468973,1.0268140489432913,1.5046813271896535,bounce_resistance
EURUSD.a,15m,-1,0.7,2020-02-13 19:00:00,1.0847167038598606,2020-02-14 02:00:00,1.0829316794135773,1.0857041602932114,1.0828116794135774,target,28,124.95171123983572,-8.4,-0.0,1.1689999999999998,126.12071123983571,187.69080189272532,1.8246115832873406,0.07422721414713285,2.0119407730416694,bounce_resistance
EURUSD.a,15m,-1,1.31,2020-02-14 03:00:00,1.0838028680584717,2020-02-14 10:45:00,1.0848447608215503,1.0843337551129921,1.0827624897740156,stop,31,-136.48795196330244,-65.5,-1.4417478211461299,0.0,-136.48795196330244,-202.9319217986001,-1.9625507049137552,1.011763117888789,1.3616230652387293,bounce_resistance
EURUSD.a,15m,1,0.62,2020-02-14 13:00:00,1.0844087072633564,2020-02-14 14:00:00,1.0832938736102808,1.0833067883833725,1.0850864232332553,stop,4,-69.11968649068224,-31.0,-0.8007159316744448,0.0,-69.11968649068224,-102.93939548250417,-1.011720257567245,1.051535901965169,0.06469871597516173,bounce_support
EURUSD.a,15m,-1,1.35,2020-02-17 01:15:00,1.0839320553844254,2020-02-17 10:45:00,1.0849505507941057,1.084441353003931,1.0829072939921383,stop,38,-137.49688030684771,-67.5,-1.2417016735872555,0.0,-137.49688030684771,-204.4472072723116,-1.9998039862607275,1.390041084939549,1.1428590319947023,bounce_resistance
EURUSD.a,15m,-1,1.25,2020-02-17 19:15:00,1.0837524016160864,2020-02-18 02:45:00,1.0828391063018428,1.0842954468490784,1.0827191063018429,target,30,114.16191428045842,-15.000000000000002,-0.0,2.0875,116.24941428045842,173.77113558022424,1.7125558935850271,0.06923619181120869,2.28784186032014,bounce_resistance
EURUSD.a,15m,-1,1.94,2020-02-18 07:45:00,1.083155505344493,2020-02-18 08:00:00,1.0836355659466343,1.0835081055336069,1.082463788932786,stop,1,-93.13175681542019,-23.280000000000005,-1.4473201273351515,0.0,-93.13175681542019,-139.2499466446677,-1.361487080729574,1.459144581855988,0.15741722837003652,bounce_resistance
EURUSD.a,15m,-1,1.92,2020-02-18 08:15:00,1.0834651530776496,2020-02-18 10:00:00,1.0832734391314998,1.08381828043425,1.0827734391314998,target,7,36.80907766076302,-96.0,-0.0,0.0,36.80907766076302,55.107534487256565,0.5429031270628466,0.7500039784518813,2.3083826908716407,bounce_resistance
EURUSD.a,15m,-1,1.11,2020-02-18 12:45:00,1.0832901844645535,2020-02-18 14:00:00,1.0826021423365353,1.0838989288317322,1.0821021423365353,target,5,76.37267621002098,-55.50000000000001,-0.0,0.0,76.37267621002098,114.33891190960547,1.1302644675087383,0.4760874203890616,2.0701373721023044,bounce_resistance
EURUSD.a,15m,-1,1.56,2020-02-19 02:30:00,1.0795838870285837,2020-02-19 03:15:00,1.0801528612669364,1.080023597127978,1.0789520652173914,stop,3,-88.75998118303397,-18.720000000000002,-1.44520567756083,0.0,-88.75998118303397,-132.72520550734052,-1.293975824382029,1.4011799416596407,0.0,bounce_resistance
EURUSD.a,15m,-1,0.73,2020-02-19 18:45:00,1.079597639807342,2020-02-19 22:15:00,1.081041489248908,1.080525768615653,1.078354347826087,stop,14,-105.40100923432227,-36.5,-1.14760622761492,0.0,-105.40100923432227,-157.85447160342406,-1.5556563147665896,1.0692052479910992,1.0533449652542555,bounce_resistance
EURUSD.a,15m,1,0.99,2020-02-20 02:45:00,1.081237667958862,2020-02-20 03:15:00,1.080546713534418,1.0805586483689666,1.0822127032620668,stop,2,-68.40448801995613,-49.5,-1.1815486203132832,0.0,-68.40448801995613,-102.9010289727964,-1.0175765688151692,1.0716450153876431,0.12125134880238686,bounce_support
EURUSD.a,15m,1,0.93,2020-02-20 03:30:00,1.0807283025166252,2020-02-20 03:45:00,1.0800000709491404,1.08001289945444,1.08177420109112,stop,1,-67.72553577608687,-11.160000000000002,-1.1930509928604447,0.0,-67.72553577608687,-101.87967954763654,-1.0179318568478244,1.3115718484054792,0.0,bounce_support
EURUSD.a,15m,-1,1.36,2020-02-20 11:00:00,1.0796607877750364,2020-02-20 11:15:00,1.0806614053122399,1.0801467311417552,1.0787465377164895,stop,1,-136.083985059674,-68.0,-1.995687185929168,0.0,-136.083985059674,-205.0785675357144,-2.059123769833222,1.8092894875802057,0.4955058377731986,bounce_resistance
EURUSD.a,15m,-1,1.05,2020-02-20 15:30:00,1.0795784830469284,2020-02-20 15:45:00,1.0807168525947366,1.0801990968386725,1.078371806322655,stop,1,-119.52880251986265,-52.5,-1.8643543867306083,0.0,-119.52880251986265,-180.60348204200875,-1.8342640188658417,1.484847686806665,1.012679794243743,bounce_resistance
EURUSD.a,15m,1,0.39,2020-02-20 18:30:00,1.0792459612385759,2020-02-21 10:30:00,1.080932469049442,1.0776137654752789,1.080932469049442,target,64,65.77380462377792,-19.5,-0.0,-2.769,63.00480462377792,95.44736346580505,0.9897757653792861,0.5979437396678352,1.6873213516135737,bounce_support
EURUSD.a,15m,1,0.52,2020-02-21 15:00:00,1.0801708859746864,2020-02-21 15:45:00,1.0811419823050914,1.0789340088474542,1.0811419823050914,target,3,50.49700918106215,-26.0,-0.0,0.0,50.49700918106215,76.45154377838662,0.7851194827881566,0.42112992731296106,0.8643655879594266,bounce_support
EURUSD.a,15m,1,0.55,2020-02-21 22:15:00,1.085951480701617,2020-02-21 22:45:00,1.0847422318851099,1.0847584658537832,1.0868030682924334,stop,2,-66.50868490789553,-6.600000000000001,-0.8928682770343618,0.0,-66.50868490789553,-100.3662283944942,-1.0136075160362137,1.0070961847612243,0.0,bounce_support
EURUSD.a,15m,1,1.06,2020-02-21 23:45:00,1.0849588560960584,2020-02-24 00:00:00,1.0824312361519184,1.0843465029990282,1.0857969940019434,stop_gap,1,-267.9277140788368,-13.780000000000001,-1.9889678966489004,-7.526000000000001,-275.4537140788368,-417.72753534043585,-4.243662613520133,5.2238751001221395,0.0,bounce_support
EURUSD.a,15m,-1,0.88,2020-02-24 10:30:00,1.0827989787378416,2020-02-24 11:00:00,1.0840377492112159,1.0835178405889854,1.081424318822029,stop,2,-109.01180165693702,-44.0,-1.7519587562826542,0.0,-109.01180165693702,-165.33473118108566,-1.723238576930012,1.9350328021234446,1.5287759895630808,bounce_resistance
EURUSD.a,15m,-1,0.68,2020-02-24 14:30:00,1.0827464246767402,2020-02-24 16:15:00,1.0841925629388918,1.0836708829754622,1.0809082340490759,stop,7,-98.33740182630635,-34.0,-1.474237513216008,0.0,-98.33740182630635,-148.7684026358245,-1.564308811063449,1.0531306004886365,1.5429843387333604,bounce_resistance
EURUSD.a,15m,1,0.43,2020-02-24 21:00:00,1.0869055040332625,2020-02-24 21:15:00,1.0854304258329361,1.085454013593552,1.0882319728128957,stop,1,-63.428362614032174,-21.5,-1.014273706477986,0.0,-63.428362614032174,-96.13708203469722,-1.016250717173545,1.1543334957113083,0.0,bounce_support
EURUSD.a,15m,1,0.44,2020-02-24 21:45:00,1.085385664052871,2020-02-25 05:15:00,1.086651136058169,1.0839794319709155,1.086651136058169,target,30,55.6807682331133,-5.280000000000001,-0.0,-3.124,52.556768233113296,79.38729095828481,0.8494131378634491,0.9000392389789625,0.906205997915338,bounce_support
EURUSD.a,15m,1,0.62,2020-02-25 09:15:00,1.0855880615222848,2020-02-25 10:15:00,1.0860760104273837,1.0845819947863082,1.0860760104273837,target,4,30.252832116128392,-31.0,-0.0,0.0,30.252832116128392,45.78074531056625,0.4850064987241576,0.8131284864425204,0.8766202540819849,bounce_support
EURUSD.a,15m,1,0.59,2020-02-26 00:15:00,1.0881417030194926,2020-02-26 02:15:00,1.0870757821869586,1.0870911993832977,1.0886174950690335,stop,8,-62.889329119511615,-29.5,-0.9096145840046269,0.0,-62.889329119511615,-95.40684363595372,-1.0146760047351877,1.3343152476556113,0.11260977728344067,bounce_support
EURUSD.a,15m,1,0.46,2020-02-26 13:45:00,1.0879349344441525,2020-02-26 14:00:00,1.0890346303775134,1.0866126848112434,1.0890346303775134,target,1,50.586012934601406,-23.0,-0.0,0.0,50.586012934601406,77.02241718501364,0.8316855652600789,0.389438144913307,2.2273143304779994,bounce_support
EURUSD.a,15m,1,0.33,2020-02-26 14:45:00,1.0882994034480278,2020-02-26 15:45:00,1.0863977902774158,1.086427354868177,1.0894937869822485,stop,4,-62.75323463019578,-16.5,-0.9756314951236652,0.0,-62.75323463019578,-95.60795086567703,-1.0157926407890916,1.4259263764621968,0.12317872220528073,bounce_support
EURUSD.a,15m,1,0.58,2020-02-27 01:00:00,1.0884020152774851,2020-02-27 02:00:00,1.0900770845981822,1.0873364577009088,1.0900770845981822,target,4,97.1540206004291,-28.999999999999996,-0.0,0.0,97.1540206004291,148.28373540565195,1.5720120221744311,0.4242053995219199,2.7196885332335463,bounce_support
EURUSD.a,15m,1,0.85,2020-02-27 05:15:00,1.0909210267008973,2020-02-27 09:45:00,1.0919889438573451,1.0901905280713273,1.0919889438573451,target,18,90.77295829806542,-42.5,-0.0,0.0,90.77295829806542,138.31437541608068,1.461901656237852,0.8364515362022031,1.7782008706400148,bounce_support
EURUSD.a,15m,1,0.5,2020-02-27 13:30:00,1.094164270554473,2020-02-27 14:30:00,1.0950884342944163,1.0929157828527918,1.0950884342944163,target,4,46.208186997165335,-25.0,-0.0,0.0,46.208186997165335,70.25296773370228,0.7402265466442755,0.524050460082192,1.7266725516191754,bounce_support
EURUSD.a,15m,1,0.6,2020-02-28 02:30:00,1.0998023579772327,2020-02-28 03:45:00,1.098738845367568,1.098755664124933,1.1004794326241134,stop,5,-63.81075657988511,-7.200000000000001,-1.0091254418959017,0.0,-63.81075657988511,-97.27990941365212,-1.0160684591087266,1.1487198234621698,0.09328613381350825,bounce_support
EURUSD.a,15m,1,0.74,2020-02-28 06:15:00,1.099110393965924,2020-02-28 07:15:00,1.1004058836429658,1.0982670581785172,1.1004058836429658,target,4,95.8662361010969,-37.0,-0.0,0.0,95.8662361010969,146.9642288192683,1.5361492970973665,0.26133595800756476,1.5766033576788925,bounce_support
EURUSD.a,15m,1,0.53,2020-02-28 09:15:00,1.1002614486561426,2020-02-28 10:00:00,1.1010846504817027,1.0990826747591487,1.1010846504817027,target,3,43.62969675468321,-26.5,-0.0,0.0,43.62969675468321,66.7467747065496,0.6983543049768507,0.9513687561308203,1.4833644928144347,bounce_support
EURUSD.a,15m,1,0.35,2020-02-28 13:15:00,1.1034725936633452,2020-02-28 13:15:00,1.1016883964108346,1.1017222869058523,1.1054354261882953,stop,0,-62.44690383786943,-17.5,-1.18616732561759,0.0,-62.44690383786943,-96.0736378065346,-1.019362603082341,1.2812575017178658,0.0,bounce_support
EURUSD.a,15m,1,0.36,2020-02-28 13:45:00,1.101004059842374,2020-02-28 13:45:00,1.0992515657828115,1.0992876555463726,1.102834688907255,stop,0,-63.089786144252535,-18.0,-1.299231488200781,0.0,-63.089786144252535,-97.06270272504582,-1.021026376853782,1.3831588792365235,0.0,bounce_support
EURUSD.a,15m,-1,0.48,2020-02-28 21:15:00,1.099795406248337,2020-02-28 21:30:00,1.1016331007537525,1.1010902094567934,1.0972795810864133,stop,1,-88.20933625994341,-24.0,-2.0587822540424634,0.0,-88.20933625994341,-135.25512712934267,-1.4192847943328863,2.7066613125257244,0.5525212199542726,bounce_resistance
EURUSD.a,15m,1,0.2,2020-03-02 00:00:00,1.1044151349703748,2020-03-02 01:00:00,1.1060770049067588,1.1013864975466208,1.1060770049067588,target,4,33.23739872767906,-10.0,-0.0,0.0,33.23739872767906,51.0292607972473,0.5487186823188775,0.17999347366552476,0.9492272026612801,bounce_support
EURUSD.a,15m,1,0.45,2020-03-02 05:00:00,1.1058081929292631,2020-03-02 07:45:00,1.10442935128404,1.104449678682928,1.1066983896620277,stop,11,-62.04787403504276,-5.4,-0.9147329499639629,0.0,-62.04787403504276,-95.1464800500556,-1.01496296335719,1.1837880490407802,0.28840851083744135,bounce_support
EURUSD.a,15m,1,0.26,2020-03-02 16:30:00,1.1129299473618222,2020-03-02 18:45:00,1.1159992030680228,1.1105853984659886,1.1159992030680228,target,9,79.80064836121682,-13.0,-0.0,0.0,79.80064836121682,122.32234029433278,1.3091028775961655,0.7250637275439814,1.5269686396985502,bounce_support
EURUSD.a,15m,1,0.26,2020-03-02 22:00:00,1.116894210313317,2020-03-02 22:30:00,1.1145415903553262,1.1145762138983153,1.1199875722033692,stop,2,-61.16811890776219,-13.0,-0.9002121177161188,0.0,-61.16811890776219,-93.72844257330135,-1.0149368406115864,1.05013549527651,0.0,bounce_support
EURUSD.a,15m,1,0.41,2020-03-03 03:00:00,1.1137455666618699,2020-03-03 03:15:00,1.1122363904505246,1.1122603868724148,1.1151692262551702,stop,1,-61.8762246651563,-20.5,-0.9838532974998803,0.0,-61.8762246651563,-95.00418342569677,-1.016157250496265,1.148390702580018,0.0,bounce_support
EURUSD.a,15m,1,0.37,2020-03-03 03:30:00,1.1133765834992653,2020-03-03 06:30:00,1.1150783328879204,1.1117358335560397,1.1150783328879204,target,12,62.96472738023806,-18.5,-0.0,0.0,62.96472738023806,96.13962924318334,1.0371777830505702,0.4733100875435814,1.3246482254705905,bounce_support
EURUSD.a,15m,-1,0.25,2020-03-03 17:15:00,1.1174248840975038,2020-03-03 17:15:00,1.1204078158562742,1.1198551420025304,1.112699715994939,stop,0,-74.57329396926005,-12.5,-1.316846343598973,0.0,-74.57329396926005,-112.60425507996868,-1.2274136636283268,1.6192174066616172,0.0,bounce_resistance
EURUSD.a,15m,1,0.32,2020-03-03 23:30:00,1.1179839322456315,2020-03-04 05:15:00,1.1160619051735596,1.1160819467878522,1.1213561064242954,stop,23,-61.504866306300706,-16.0,-0.6413316573616629,-6.816000000000001,-68.3208663063007,-103.43810190204498,-1.1225254448394566,1.0325695381102094,0.27658873637371684,bounce_support
EURUSD.a,15m,-1,0.85,2020-03-04 09:00:00,1.115318139412922,2020-03-04 10:00:00,1.1165657272475296,1.1160439290477873,1.1139321419044255,stop,4,-106.0449659416507,-42.5,-1.8528469780953063,0.0,-106.0449659416507,-160.4991008924366,-1.7189386217110894,2.2208371539738074,1.1272404201165416,bounce_resistance
EURUSD.a,15m,-1,0.77,2020-03-04 10:15:00,1.11668430587635,2020-03-04 10:15:00,1.118004569139848,1.117481027954373,1.115107944091254,stop,0,-101.66027128933663,-38.5,-1.8126712815742665,0.0,-101.66027128933663,-153.86286367801284,-1.657118962705398,1.412906902797677,0.5200130481861794,bounce_resistance
EURUSD.a,15m,-1,0.54,2020-03-04 10:30:00,1.1175730697423252,2020-03-04 10:30:00,1.1192146080067804,1.1186892126202679,1.115421574759464,stop,0,-88.64306628058262,-27.0,-1.3713508716745142,0.0,-88.64306628058262,-134.16131838083095,-1.4707241311981014,1.0634214320863402,0.4148839288198183,bounce_resistance
EURUSD.a,15m,-1,0.29,2020-03-04 18:30:00,1.1128621650713806,2020-03-05 11:15:00,1.1154440217243764,1.1149217541113219,1.108826491777356,stop,67,-74.8738429368787,-14.499999999999998,-0.6457607785846279,0.48429999999999995,-74.3895429368787,-112.12362906110194,-1.2454701414943077,1.5089587623305174,0.45259760724259074,bounce_resistance
EURUSD.a,15m,1,0.37,2020-03-06 06:45:00,1.123614000839648,2020-03-06 08:30:00,1.122002636498945,1.1220232459274257,1.1247640170940172,stop,7,-59.620480606009885,-18.5,-0.7625488537899069,0.0,-59.620480606009885,-90.1510276196962,-1.0129557534742477,1.0711900535749932,0.06663450135379616,bounce_support
EURUSD.a,15m,1,0.24,2020-03-06 20:30:00,1.1300138755794935,2020-03-09 00:00:00,1.13467,1.1276007654998046,1.1332084690003907,target_gap,14,111.74698609215739,-2.8800000000000003,-0.0,-1.704,110.04298609215739,166.83543730523112,1.900089208154831,0.46159335575652166,2.0538327124908595,bounce_support
EURUSD.a,15m,1,0.17,2020-03-09 09:00:00,1.1387338870202266,2020-03-09 10:00:00,1.1437946814734141,1.135387659263293,1.1437946814734141,target,4,86.03350570418789,-8.5,-0.0,0.0,86.03350570418789,131.39901596668633,1.5123879247911982,0.17747955709114405,1.8845438618775348,bounce_support
EURUSD.a,15m,1,0.14,2020-03-09 18:30:00,1.1426325328743656,2020-03-10 03:45:00,1.1383635473829479,1.1384163389740996,1.14830820083682,stop,37,-59.7657968798484,-7.000000000000001,-0.7390822761222273,-0.9940000000000002,-60.7597968798484,-92.30644883302199,-1.0293609815108047,1.172273617219935,1.244598149364823,bounce_support
EURUSD.a,15m,-1,0.25,2020-03-10 11:30:00,1.1387032075362384,2020-03-10 13:30:00,1.1345150066781629,1.1411024966609187,1.134015006678163,target,8,104.70502145188965,-12.5,-0.0,0.0,104.70502145188965,159.7574327920196,1.7456007343982622,0.3070878187137059,1.9977615398382944,bounce_resistance
EURUSD.a,15m,-1,0.25,2020-03-10 15:15:00,1.1373950147598682,2020-03-10 19:15:00,1.1332704555036435,1.1397447722481784,1.1327704555036435,target,16,103.11398140561701,-12.5,-0.0,0.0,103.11398140561701,159.45625429996753,1.7553127404610376,0.8660405383345321,2.427916407650509,bounce_resistance
EURUSD.a,15m,-1,0.3,2020-03-11 01:15:00,1.1298709704685383,2020-03-11 02:45:00,1.1320261610149251,1.1318692824633139,1.1272124,stop,6,-64.65571639160395,-3.6000000000000005,-1.1063565483446498,0.0,-64.65571639160395,-99.55763729979205,-1.078505534681989,1.2355575795554976,0.17062924579839198,bounce_resistance
EURUSD.a,15m,-1,0.37,2020-03-11 03:45:00,1.1319060135306023,2020-03-11 06:30:00,1.134065455239562,1.1335355867411556,1.128718826517689,stop,11,-79.89934323150716,-18.5,-1.105134441038063,0.0,-79.89934323150716,-122.65411444460895,-1.3251578357908693,1.1990786647347433,0.5866649773149765,bounce_resistance
EURUSD.a,15m,1,0.35,2020-03-11 08:45:00,1.1347969473763868,2020-03-11 10:00:00,1.1366553817927127,1.1331073091036437,1.1366553817927127,target,5,65.04520457140782,-17.5,-0.0,0.0,65.04520457140782,99.77329555536303,1.0999007576389352,0.41248318508741977,1.1026340096975296,bounce_support
EURUSD.a,15m,1,0.33,2020-03-11 10:30:00,1.1351106340216819,2020-03-11 10:45:00,1.1332491221537637,1.1332809266839636,1.1372081466320727,stop,1,-61.42989164129943,-16.5,-1.0495494966001446,0.0,-61.42989164129943,-94.22774169205195,-1.0173823045600126,1.3229624059444243,0.0,bounce_support
EURUSD.a,15m,1,0.33,2020-03-11 11:00:00,1.1333924456615523,2020-03-11 11:00:00,1.1315769497317738,1.1316106182241024,1.1353887635517954,stop,0,-59.911365682689734,-16.5,-1.1110602468429904,0.0,-59.911365682689734,-91.83788963561489,-1.018895484276939,1.1069790598662421,0.0,bounce_support
EURUSD.a,15m,1,0.29,2020-03-11 11:15:00,1.13207309954287,2020-03-11 15:00:00,1.1345612328219052,1.1300443835890475,1.1345612328219052,target,15,72.15586509202043,-14.499999999999998,-0.0,0.0,72.15586509202043,110.68378317869097,1.2264571954230181,0.9577977336889899,1.363867845528847,bounce_support
EURUSD.a,15m,-1,0.3,2020-03-11 21:45:00,1.1279331438517943,2020-03-12 04:15:00,1.1304252189240802,1.129892917264132,1.124094165471736,stop,26,-74.76225216857647,-15.0,-0.9690497984442993,0.501,-74.26125216857646,-114.97329643687328,-1.2630924864589619,2.0751665078231154,1.4864697283138415,bounce_resistance
EURUSD.a,15m,1,0.3,2020-03-12 07:15:00,1.1312624905342654,2020-03-12 07:30:00,1.1292593261495412,1.129292923679411,1.133664152641178,stop,1,-60.094931541727625,-15.0,-1.007925896093623,0.0,-60.094931541727625,-93.07231374942327,-1.0170583343169823,1.3772015545346197,0.0,bounce_support
EURUSD.a,15m,-1,0.12,2020-03-12 22:15:00,1.1187474002447535,2020-03-13 17:45:00,1.1103595867976197,1.1232702066011901,1.1098595867976198,target,78,100.65376136560556,-6.0,-0.0,0.2004,100.85416136560556,160.58812694553694,1.8582518871657823,0.856238240165898,1.9782850601198247,bounce_resistance
EURUSD.a,15m,-1,0.17,2020-03-13 20:00:00,1.1080350083028279,2020-03-13 22:45:00,1.111494755338682,1.1113045346096337,1.1016309307807324,stop,11,-58.81569960952083,-2.0400000000000005,-1.1937523938226575,0.0,-58.81569960952083,-94.43450693542408,-1.0581799047318627,1.062842556103175,0.7111147256983769,bounce_resistance
EURUSD.a,15m,-1,0.3,2020-03-16 09:15:00,1.1131156832272606,2020-03-16 09:30:00,1.1151350126661754,1.1149631000184315,1.1095537999631369,stop,1,-60.57988316744422,-3.6000000000000005,-1.5573794323246406,0.0,-60.57988316744422,-98.91723652898163,-1.093055691907516,1.2040145912767557,0.05179298343395587,bounce_resistance
EURUSD.a,15m,1,0.22,2020-03-16 10:30:00,1.1135000828202175,2020-03-16 10:30:00,1.1168873806388222,1.1109963096805888,1.1168873806388222,target,0,74.5205520093033,-11.0,-0.0,0.0,74.5205520093033,121.19724821393676,1.35287728947641,0.2476593467686835,1.4897185055414381,bounce_support
EURUSD.a,15m,1,0.14,2020-03-16 16:15:00,1.1161766301469307,2020-03-16 16:15:00,1.1122576944257088,1.112327639646105,1.1222647207077898,stop,0,-54.865100097106996,-7.000000000000001,-0.9792330855474745,0.0,-54.865100097106996,-89.65764633314866,-1.0181723546424104,1.0123771794435146,0.0,bounce_support
EURUSD.a,15m,1,0.31,2020-03-17 02:45:00,1.1160055952127357,2020-03-17 10:15:00,1.1141920904893103,1.114222125351235,1.11910574929753,stop,30,-56.218646426185565,-15.5,-0.9310807196676589,0.0,-56.218646426185565,-92.40712453760078,-1.0168406893623545,1.1077255945739701,1.6341205703425419,bounce_support
EURUSD.a,15m,-1,0.16,2020-03-17 18:45:00,1.0982550942954963,2020-03-17 21:30:00,1.102085997927903,1.1015244097296872,1.0918511805406257,stop,11,-61.29445811850687,-8.0,-0.9854111714537879,0.0,-61.29445811850687,-102.28528680601897,-1.1717754708960035,1.1607646251615982,0.7387155947813918,bounce_resistance
EURUSD.a,15m,-1,0.23,2020-03-17 23:00:00,1.1001239759588868,2020-03-18 06:15:00,1.1029350521690453,1.102402103454488,1.095645793091024,stop,29,-64.65475283364607,-11.5,-0.7578204348182621,1.1522999999999999,-63.502452833646075,-105.50858629545596,-1.2119498208461388,1.0649202232085435,0.7260243169358893,bounce_resistance
EURUSD.a,15m,-1,0.2,2020-03-18 21:00:00,1.0846921149110924,2020-03-18 21:15:00,1.0877442330911198,1.0871669074315697,1.0799161851368608,stop,1,-61.042363600547496,-10.0,-1.5465131910008418,0.0,-61.042363600547496,-105.58405161474296,-1.2332824488408791,1.4295683616440074,1.079732902448338,bounce_resistance
EURUSD.a,15m,-1,0.2,2020-03-19 00:45:00,1.0909667282532147,2020-03-19 02:00:00,1.0936821249534732,1.093504308396721,1.0859013832065578,stop,5,-54.30793400516887,-2.4000000000000004,-1.156331135042262,0.0,-54.30793400516887,-93.7717931540514,-1.0700732771759414,2.842578889673259,0.29426785007189904,bounce_resistance
EURUSD.a,15m,1,0.21,2020-03-19 04:00:00,1.0901824674618565,2020-03-19 05:45:00,1.0877657775858744,1.0878331965157289,1.0943936069685423,stop,7,-50.750487395623935,-10.5,-1.4157975269420804,0.0,-50.750487395623935,-91.41102576707783,-1.0286978094057344,1.0311571195521063,0.790684676539815,bounce_support
EURUSD.a,15m,-1,0.13,2020-03-19 22:15:00,1.06875313534264,2020-03-20 04:45:00,1.072802526087882,1.072628258405952,1.061173483188096,stop,26,-52.642079688144825,-1.5600000000000003,-0.7054798650905194,0.2171,-52.42497968814482,-89.89194048035806,-1.040661336260939,1.452047990587059,0.8988450910415944,bounce_resistance
EURUSD.a,15m,1,0.23,2020-03-20 08:45:00,1.0750530746074962,2020-03-20 10:30:00,1.0790126866681051,1.0728586566659475,1.0790126866681051,target,7,91.07107739400489,-11.5,-0.0,0.0,91.07107739400489,152.839723079255,1.8044019717658586,0.4069756223675047,2.5277433653267485,bounce_support
EURUSD.a,15m,1,0.16,2020-03-20 11:15:00,1.0782229903496536,2020-03-20 12:30:00,1.074874973800857,1.0749415452750584,1.0831869094498834,stop,5,-53.568264780746944,-8.0,-1.0651435872239259,0.0,-53.568264780746944,-90.64157562860106,-1.020287243177345,1.5368199787027088,0.5202005858827201,bounce_support
EURUSD.a,15m,1,0.17,2020-03-20 12:45:00,1.0737245680554581,2020-03-20 13:00:00,1.0706362595307968,1.070703393608042,1.078193212783916,stop,1,-52.50124491924302,-8.5,-1.1412793131678374,0.0,-52.50124491924302,-88.56485310263668,-1.022221185308428,1.0309130140173495,0.03489766856465417,bounce_support
EURUSD.a,15m,1,0.14,2020-03-20 13:45:00,1.0734362048998316,2020-03-20 14:15:00,1.069895234246013,1.069964194664928,1.078711610670144,stop,2,-49.573589153459444,-7.000000000000001,-0.9654458648112728,0.0,-49.573589153459444,-84.16568616886154,-1.0198618132578565,1.0904935883453217,0.17966395775493654,bounce_support
EURUSD.a,15m,-1,0.14,2020-03-20 18:45:00,1.073639830363421,2020-03-20 18:45:00,1.0673586196319018,1.0772632015274537,1.0668586196319019,target,0,87.93695024126747,-7.000000000000001,-0.0,0.0,87.93695024126747,150.59502036420028,1.733526720604627,0.046964450749122956,2.017411419503918,bounce_resistance
EURUSD.a,15m,-1,0.24,2020-03-23 03:15:00,1.0696794706972836,2020-03-23 04:45:00,1.0719677730430293,1.0717818564575887,1.0655662870848224,stop,6,-54.91925629789485,-2.8800000000000003,-1.5819980505745468,0.0,-54.91925629789485,-95.51839484119738,-1.0884312427104523,1.132299004142289,1.8452706304101885,bounce_resistance
EURUSD.a,15m,1,0.21,2020-03-23 08:00:00,1.073690319239838,2020-03-23 10:30:00,1.0713315486404977,1.0713825537523134,1.0778848924953732,stop,10,-49.53418258614417,-10.5,-1.0711073481301787,0.0,-49.53418258614417,-85.62668773210284,-1.0221015142532408,1.2350991707113874,1.3648183826254565,bounce_support
EURUSD.a,15m,1,0.18,2020-03-23 10:45:00,1.0713850174501716,2020-03-23 12:15:00,1.06861517662059,1.0686641774322294,1.0751916451355412,stop,6,-49.85713493246768,-9.0,-0.8820146095096636,0.0,-49.85713493246768,-86.70052157632847,-1.0180094424208184,1.0934187348587925,0.0,bounce_support
EURUSD.a,15m,1,0.21,2020-03-23 12:30:00,1.0694526338357768,2020-03-23 13:00:00,1.067066555512712,1.0671141339686783,1.0725617320626433,stop,2,-50.10764478436336,-10.5,-0.9991475752945189,0.0,-50.10764478436336,-87.42348521244217,-1.0203457167715815,1.0317015064748585,0.0,bounce_support
EURUSD.a,15m,1,0.12,2020-03-23 21:45:00,1.073736928231523,2020-03-24 03:45:00,1.0791915485074626,1.069792780540377,1.0791915485074626,target,24,65.45544331127485,-1.4400000000000002,-0.0,-0.852,64.60344331127484,109.50292949010093,1.3649641690713212,0.4834829678928442,1.8592284931263394,bounce_support
EURUSD.a,15m,1,0.29,2020-03-24 07:30:00,1.0801066101528054,2020-03-24 08:30:00,1.0783271904732747,1.0783657610027786,1.0831784779944431,stop,4,-51.60317070638909,-3.48,-1.1185453556106855,0.0,-51.60317070638909,-87.39782315965907,-1.0221561583915824,1.434133539236867,0.08811208437688783,bounce_support
EURUSD.a,15m,1,0.17,2020-03-24 15:15:00,1.0837023384246824,2020-03-24 16:30:00,1.0806513555598336,1.0807246379794977,1.0880307240410043,stop,5,-51.866708702430266,-8.5,-1.2458011342911792,0.0,-51.866708702430266,-87.60824401200999,-1.0246104069274646,1.6295589546386677,0.5634084442679655,bounce_support
EURUSD.a,15m,-1,0.24,2020-03-24 23:00:00,1.0770947149118668,2020-03-24 23:45:00,1.079352758197459,1.079181754623136,1.073056490753728,stop,3,-54.19303885421023,-2.8800000000000003,-1.2240857837528971,0.0,-54.19303885421023,-90.97065543243508,-1.0819359465944207,1.3441455248723553,0.2609988247591515,bounce_resistance
EURUSD.a,15m,-1,0.25,2020-03-25 01:15:00,1.0796678332252723,2020-03-25 05:45:00,1.0818390010558645,1.0816777572145642,1.075744485570872,stop,18,-54.27919576480589,-3.0000000000000004,-1.0310960325137755,0.0,-54.27919576480589,-90.72995531100024,-1.080223850334334,1.3543630451849713,1.8248616588552646,bounce_resistance
EURUSD.a,15m,1,0.24,2020-03-25 15:15:00,1.081710767132157,2020-03-25 18:15:00,1.0795478321982896,1.0795940774992303,1.0843518450015395,stop,12,-51.910438412818394,-12.0,-1.109887222574355,0.0,-51.910438412818394,-87.18289344129924,-1.021847936618236,1.516881399242978,0.7319130985210461,bounce_support
EURUSD.a,15m,1,0.33,2020-03-26 09:15:00,1.0907596308539673,2020-03-26 11:00:00,1.0932855324727988,1.0892722337636007,1.0932855324727988,target,7,83.35475342143894,-16.5,-0.0,0.0,83.35475342143894,140.01201569093115,1.6982026085642767,0.7191293171775923,2.1718269902198712,bounce_support
EURUSD.a,15m,1,0.17,2020-03-26 22:15:00,1.10343591598964,2020-03-26 22:45:00,1.105173620689655,1.1003934944932565,1.105173620689655,target,2,29.540979900253063,-8.5,-0.0,0.0,29.540979900253063,48.69365536494809,0.5711584348455481,0.20901640038895783,0.6521397553621056,bounce_support
EURUSD.a,15m,1,0.17,2020-03-26 23:30:00,1.1049331897868846,2020-03-27 02:45:00,1.10575008,1.1019134688930248,1.10575008,target,13,13.887133622961345,-2.0400000000000005,-0.0,-1.207,12.680133622961344,20.863718610901252,0.24700634241794855,0.8852439946751809,0.3201654216061432,bounce_support
EURUSD.a,15m,1,0.33,2020-03-27 04:45:00,1.1041016489571682,2020-03-27 06:00:00,1.1068089452599938,1.102550527370003,1.1068089452599938,target,5,89.34077799324558,-3.9600000000000004,-0.0,0.0,89.34077799324558,146.14882707875935,1.745379811116705,0.8391662961425239,2.4294362698661143,bounce_support
EURUSD.a,15m,-1,0.24,2020-03-27 18:30:00,1.1035529134508784,2020-03-27 18:45:00,1.1062994929397625,1.1057413438177717,1.0993173123644564,stop,1,-65.91790773321904,-12.0,-1.3955789277796138,0.0,-65.91790773321904,-107.62283095759774,-1.2550454108271036,1.10448410225308,0.3029173150341093,bounce_resistance
EURUSD.a,15m,1,0.27,2020-03-30 02:15:00,1.1118475785292257,2020-03-30 03:45:00,1.1098811969508187,1.1099245407339962,1.1152809185320076,stop,6,-53.09230261698917,-13.5,-1.1702821457907469,0.0,-53.09230261698917,-86.36264984219724,-1.022539225846221,1.4911711752827777,1.3428864878166162,bounce_support
EURUSD.a,15m,-1,0.33,2020-03-30 22:30:00,1.1042853807172504,2020-03-31 03:45:00,1.1014227909876335,1.1058436045061832,1.1013027909876336,target,21,94.46546107735566,-3.9600000000000004,-0.0,0.5511,95.01656107735566,154.5210861383872,1.8478024466489815,0.8244125727469019,3.7063872071965887,bounce_resistance
EURUSD.a,15m,-1,0.42,2020-03-31 09:00:00,1.1018200734941594,2020-03-31 09:15:00,1.1015061436170213,1.1030794231889776,1.1010061436170213,target,1,13.185054839803811,-21.0,-0.0,0.0,13.185054839803811,21.330208107878168,0.24927935301046525,0.5399028630715558,1.254674139090135,bounce_resistance
EURUSD.a,15m,-1,0.28,2020-03-31 17:30:00,1.096927807585017,2020-03-31 17:30:00,1.0993242787998678,1.0987759901773937,1.0933280196452124,stop,0,-67.10119401582128,-14.000000000000002,-1.3520814292762526,0.0,-67.10119401582128,-109.62814340579872,-1.296663665557567,1.3700986176516399,0.1881889735633224,bounce_resistance
EURUSD.a,15m,1,0.33,2020-04-01 02:45:00,1.1033314558188314,2020-04-01 03:15:00,1.1032563443396226,1.1017659141742056,1.1032563443396226,target,2,-2.4786788138904114,-3.9600000000000004,-0.0,0.0,-2.4786788138904114,-4.037725310957209,-0.04797795029384287,0.7035621330243171,0.0,bounce_support
EURUSD.a,15m,1,0.35,2020-04-01 04:15:00,1.1027698056732365,2020-04-01 04:30:00,1.101256257865561,1.101286672910426,1.1053466541791481,stop,1,-52.97417326864395,-4.2,-1.0645265702818798,0.0,-52.97417326864395,-86.56476447585456,-1.0205072975446132,1.159576348362417,0.08778332596255554,bounce_support
EURUSD.a,15m,-1,0.28,2020-04-01 16:30:00,1.093015040404798,2020-04-01 22:15:00,1.0953743683096429,1.0948362579234634,1.0894774841530734,stop,23,-66.0611813356553,-14.000000000000002,-1.0670908130257217,0.0,-66.0611813356553,-108.69437671430855,-1.2954673896250437,1.2381605009238132,1.5017648231290897,bounce_resistance
EURUSD.a,15m,-1,0.3,2020-04-02 23:30:00,1.0861416106794595,2020-04-03 09:30:00,1.0833508204252869,1.0878145897873566,1.082850820425287,target,40,83.72370762517845,-15.0,-0.0,0.501,84.22470762517845,138.9204783683751,1.678138263006508,0.2739958427315498,2.1707447883340554,bounce_resistance
EURUSD.a,15m,-1,0.28,2020-04-03 18:00:00,1.0797410275797699,2020-04-03 21:15:00,1.0820625129143042,1.0815249155160105,1.0770235646687698,stop,13,-65.001589366962,-14.000000000000002,-1.052727152226169,0.0,-65.001589366962,-108.38114108705626,-1.3013627635302405,1.0476960924848118,1.0656653599979997,bounce_resistance
EURUSD.a,15m,1,0.3,2020-04-06 10:00:00,1.0815077861676574,2020-04-06 11:30:00,1.079781541834159,1.0798122487430823,1.083345502513835,stop,6,-51.78733000495317,-15.0,-0.9212072677042028,0.0,-51.78733000495317,-85.44777006773668,-1.0181104282797344,1.6677816288048184,0.9390614499361911,bounce_support
EURUSD.a,15m,-1,0.31,2020-04-06 19:30:00,1.0804251359086807,2020-04-07 07:30:00,1.0822152151430735,1.0820779156689353,1.0771941686621291,stop,48,-55.492456266176276,-3.7200000000000006,-0.5362836982866064,0.5176999999999999,-54.97475626617628,-89.43492860820297,-1.0729676615350328,1.255378448608124,1.2978957997104261,bounce_resistance
EURUSD.a,15m,1,0.21,2020-04-07 17:30:00,1.091115960202659,2020-04-07 17:45:00,1.088708431266411,1.0887499901201148,1.0918167757009347,stop,1,-50.55810766120716,-10.5,-0.8727359277769319,0.0,-50.55810766120716,-81.8251240713523,-1.0175652490326612,1.2789511689027913,0.00170745918171082,bounce_support
EURUSD.a,15m,1,0.38,2020-04-07 23:30:00,1.08964728962221,2020-04-08 03:30:00,1.0882883504874972,1.08831013696784,1.0913331707317073,stop,16,-51.63968711908851,-19.0,-0.8278862530339135,-8.094000000000001,-59.73368711908851,-97.37177178477572,-1.1755868932209,1.8825745990806122,0.4133487496612431,bounce_support
EURUSD.a,15m,-1,0.73,2020-04-08 08:30:00,1.0871270379338143,2020-04-08 08:45:00,1.0883422390303341,1.0878215061524326,1.0857769876951349,stop,1,-88.70968004594882,-36.5,-1.5135000868222286,0.0,-88.70968004594882,-144.22696611109112,-1.7498296739015606,2.408982904234596,0.269325404388379,bounce_resistance
EURUSD.a,15m,-1,0.31,2020-04-08 11:00:00,1.086058496055122,2020-04-08 13:30:00,1.0882173917863294,1.0876862457380176,1.082837508523965,stop,10,-66.92576766742664,-15.5,-0.9655274976641615,0.0,-66.92576766742664,-108.42746365664351,-1.326306958553281,1.09445817351275,0.9144502196886658,bounce_resistance
EURUSD.a,15m,-1,0.42,2020-04-08 15:30:00,1.0875295848009712,2020-04-08 16:15:00,1.0892684385685596,1.0887361787331369,1.085147642533726,stop,3,-73.03185823871372,-21.0,-1.354913087752773,0.0,-73.03185823871372,-117.90552015420113,-1.441125900962687,1.028030363788111,0.5632257736878334,bounce_resistance
EURUSD.a,15m,1,0.25,2020-04-08 17:45:00,1.0879333858774614,2020-04-08 17:45:00,1.0858964809406086,1.085931559756801,1.090336880486398,stop,0,-50.922623421317816,-12.5,-0.8769704048056192,0.0,-50.922623421317816,-82.03799365465558,-1.0175234081672753,1.2905146210246166,0.21810791558392215,bounce_support
EURUSD.a,15m,1,0.22,2020-04-08 18:45:00,1.0876339081019932,2020-04-08 19:00:00,1.0853985018257926,1.0854343738249976,1.0904312523500046,stop,1,-49.17893807641472,-11.0,-0.7891839825112308,0.0,-49.17893807641472,-78.98962106716144,-1.016308906653672,1.042906276107945,0.0,bounce_support
EURUSD.a,15m,-1,0.82,2020-04-09 02:00:00,1.0859086897970793,2020-04-09 03:15:00,1.0866530491968058,1.0865180085954949,1.0847239828090103,stop,5,-61.03747077757315,-9.840000000000002,-1.2333293075084968,0.0,-61.03747077757315,-97.72718955052781,-1.2216255294636174,1.1181506375517976,0.32608512587507577,bounce_resistance
EURUSD.a,15m,1,0.45,2020-04-09 08:45:00,1.086900891299344,2020-04-09 08:45:00,1.0858030394300784,1.0858193763790946,1.0875312472418106,stop,0,-49.40333411695641,-22.5,-0.7351627057298928,0.0,-49.40333411695641,-79.56217044634974,-1.0151056159377738,1.313797223450578,0.0,bounce_support
EURUSD.a,15m,1,0.24,2020-04-09 21:45:00,1.0936350565553776,2020-04-10 22:00:00,1.0933424169209411,1.0915616168923603,1.0953989411764706,signal,97,-7.0233512264756826,-2.8800000000000003,-0.36398779483050836,-1.704,-8.727351226475683,-13.740614384752709,-0.1753798969521543,0.860915601845864,0.7836945890470801,bounce_support
EURUSD.a,15m,-1,0.98,2020-04-13 08:45:00,1.093931860825421,2020-04-13 09:15:00,1.094578640254293,1.094444060250437,1.0929618794991258,stop,2,-63.384384029459454,-11.760000000000002,-1.428840377897966,0.0,-63.384384029459454,-99.7535198209966,-1.2627492286850464,2.3001571595712105,1.1164808031614246,bounce_resistance
EURUSD.a,15m,1,0.34,2020-04-13 11:15:00,1.0942551970181245,2020-04-13 11:15:00,1.092773330394485,1.0927961259216719,1.0955977481566566,stop,0,-50.38346520373827,-17.0,-0.7750479243486902,0.0,-50.38346520373827,-79.4165776673785,-1.0156233148899876,1.0316132104760978,0.0,bounce_support
EURUSD.a,15m,-1,0.43,2020-04-13 20:45:00,1.0914932795777694,2020-04-14 03:00:00,1.0931767982917553,1.0926589170252519,1.0892121659494962,stop,25,-72.3913047013922,-21.5,-0.7688944596544736,0.7181,-71.6732047013922,-112.0068834214599,-1.4299632510828195,1.0952980491387563,1.4526640178097379,bounce_resistance
EURUSD.a,15m,-1,0.68,2020-04-14 04:30:00,1.092177749154672,2020-04-14 04:45:00,1.0934348008549486,1.092914951463242,1.090710097073516,stop,1,-85.47951561880663,-34.0,-1.349758636062341,0.0,-85.47951561880663,-133.04618917134638,-1.7051651706234503,2.2819391987410667,0.18685393828914013,bounce_resistance
EURUSD.a,15m,1,0.3,2020-04-14 11:15:00,1.0924649123723076,2020-04-14 12:30:00,1.0941697240107613,1.0908551379946194,1.0941697240107613,target,5,51.14434915361121,-15.0,-0.0,0.0,51.14434915361121,80.12336939718513,1.0590376279326954,0.5931964041314751,1.7611707994532064,bounce_support
EURUSD.a,15m,1,0.3,2020-04-14 20:45:00,1.0969494687513093,2020-04-15 00:15:00,1.0987250860384485,1.0952824569807758,1.0987250860384485,target,14,53.268518614177914,-3.6000000000000005,-0.0,-6.39,46.87851861417791,72.7791694314381,0.9373762769768283,0.3116167267031388,1.2720553544814182,bounce_support
EURUSD.a,15m,1,0.4,2020-04-15 01:00:00,1.0983542043869794,2020-04-15 01:15:00,1.0985883069977427,1.0971146483934147,1.0985883069977427,target,1,9.364104430531484,-4.800000000000001,-0.0,0.0,9.364104430531484,14.547763532394177,0.18886005309857062,0.11633551669156951,0.4806524401590781,bounce_support
EURUSD.a,15m,1,0.47,2020-04-15 01:45:00,1.0984625782938024,2020-04-15 02:30:00,1.0986158013544018,1.0974040149491007,1.0986158013544018,target,3,7.2014838481715415,-5.640000000000001,-0.0,0.0,7.2014838481715415,11.191638845900417,0.14474623683721147,0.16303067234118165,0.31875438336910145,bounce_support
EURUSD.a,15m,1,0.68,2020-04-15 04:30:00,1.0983295107864255,2020-04-15 05:00:00,1.0987166139954854,1.0975937974970897,1.0987166139954854,target,2,26.323018216071862,-8.160000000000002,-0.0,0.0,26.323018216071862,41.07900906080286,0.5261604142143239,0.25758782554641385,0.5443550080984453,bounce_support
EURUSD.a,15m,1,0.79,2020-04-15 05:45:00,1.0983287445246481,2020-04-15 06:30:00,1.0976797606168212,1.0976920985107634,1.0987624379232506,stop,3,-51.2697287183308,-9.48,-0.9746936214427078,0.0,-51.2697287183308,-79.99520793610773,-1.0193795196595972,1.3959790924083693,0.0,bounce_support
EURUSD.a,15m,-1,0.3,2020-04-15 18:30:00,1.0913077284472068,2020-04-15 19:45:00,1.0934815079176048,1.0929476643465168,1.0881246713069663,stop,5,-65.21338411193956,-15.0,-1.0153071326388423,0.0,-65.21338411193956,-102.84238399006414,-1.3255270960972338,1.0685000270622682,0.6388837805475379,bounce_resistance
EURUSD.a,15m,-1,0.35,2020-04-15 20:00:00,1.0916674349321838,2020-04-15 21:15:00,1.0936022754740924,1.0930702069483533,1.0889295861032935,stop,5,-67.71941896680177,-17.5,-1.1223984008686336,0.0,-67.71941896680177,-106.9918459361105,-1.379297932669014,1.5772805860911538,0.36886602114905365,bounce_resistance
EURUSD.a,15m,-1,0.36,2020-04-15 21:30:00,1.0935496194840661,2020-04-15 23:00:00,1.0914481697126308,1.0948959151436846,1.0909481697126309,target,6,75.65219177167215,-18.0,-0.0,0.0,75.65219177167215,119.74262297863555,1.5609125353868865,0.037421583865193696,1.9606536388999893,bounce_resistance
EURUSD.a,15m,-1,0.63,2020-04-16 07:15:00,1.087437777501278,2020-04-16 08:15:00,1.0887253258510259,1.0882062247322473,1.0859075505355054,stop,4,-81.11554603411574,-31.5,-1.2033704830538645,0.0,-81.11554603411574,-129.03748852107114,-1.6755195384384078,1.2131249370841324,1.2724068249224516,bounce_resistance
EURUSD.a,15m,-1,0.3,2020-04-16 14:15:00,1.088188139670726,2020-04-16 15:15:00,1.090292682227481,1.0897586581594731,1.0862718113207548,stop,4,-63.13627670264887,-15.0,-1.0207220402351784,0.0,-63.13627670264887,-99.91972510587442,-1.340030424241526,1.1982414360338536,0.7565270190953951,bounce_resistance
EURUSD.a,15m,-1,0.35,2020-04-16 21:30:00,1.0843079077139264,2020-04-17 00:45:00,1.0858119224151963,1.085664026322085,1.0816619473558302,stop,13,-52.64051454444751,-4.2,-0.9763632589019257,0.5844999999999999,-52.056014544447514,-81.87868969037154,-1.096743818956616,1.5869498973957057,1.1340510370362635,bounce_resistance
EURUSD.a,15m,1,0.57,2020-04-17 08:30:00,1.0867516234539822,2020-04-17 09:00:00,1.0858844961841903,1.0859039790698255,1.0880520418603488,stop,2,-49.426254378143405,-28.499999999999996,-1.1105244812129929,0.0,-49.426254378143405,-77.73868257021611,-1.0229847398265122,1.736133078314705,0.5643599544325169,bounce_support
EURUSD.a,15m,-1,0.39,2020-04-17 13:30:00,1.0823113118651302,2020-04-17 13:45:00,1.0840622853735622,1.0835338340428506,1.0817376190476191,stop,1,-68.28796682884831,-19.5,-1.1096018977527702,0.0,-68.28796682884831,-107.62315302965801,-1.4322631853574377,1.1195609861425013,0.18102891641839614,bounce_resistance
EURUSD.a,15m,1,0.25,2020-04-17 22:15:00,1.0871688235307921,2020-04-20 09:00:00,1.0852442054697096,1.085261490002268,1.0880424,stop,43,-48.11545152706431,-12.5,-0.43211331395884855,-1.7750000000000001,-49.89045152706431,-78.54784861619798,-1.0462868875516729,1.5565308774754039,0.32567794773078823,bounce_support
EURUSD.a,15m,1,0.28,2020-04-20 13:45:00,1.0867173765166094,2020-04-20 15:00:00,1.0850123200601873,1.085038572182577,1.088522855634846,stop,5,-47.74158077981739,-14.000000000000002,-0.7350594269114151,0.0,-47.74158077981739,-75.00405451488939,-1.0156373925522688,1.028932604945377,0.0,bounce_support
EURUSD.a,15m,-1,0.42,2020-04-20 22:15:00,1.0864656427804602,2020-04-21 04:45:00,1.0854483372921613,1.0875724827615403,1.0849483372921613,target,26,42.726830508554855,-21.0,-0.0,0.7013999999999999,43.428230508554854,68.92385295522045,0.9341960048189818,0.5279509500276983,1.7216967339765525,bounce_resistance
EURUSD.a,15m,-1,0.44,2020-04-21 12:30:00,1.0840534036394962,2020-04-21 12:30:00,1.0856413808931935,1.0851164863524378,1.0819770272951246,stop,0,-69.87099916268136,-22.0,-1.0953597932529484,0.0,-69.87099916268136,-111.27727211766421,-1.4937476024826246,1.191437265496562,0.012608275285770694,bounce_resistance
EURUSD.a,15m,-1,0.46,2020-04-21 12:45:00,1.0841225176652465,2020-04-21 16:00:00,1.0826366234916016,1.0851266882541992,1.0821366234916017,target,13,68.35113198766375,-23.0,-0.0,0.0,68.35113198766375,108.50591651082462,1.4797228578408268,0.36595608235919963,2.442331703624489,bounce_resistance
EURUSD.a,15m,-1,0.32,2020-04-21 17:00:00,1.0870570715686434,2020-04-21 20:45:00,1.0847371479518095,1.0884864260240952,1.0842371479518096,target,15,74.23755573868362,-16.0,-0.0,0.0,74.23755573868362,118.08292757747638,1.623056903754917,0.6736806449119962,2.0198429841048706,bounce_resistance
EURUSD.a,15m,1,0.43,2020-04-21 23:45:00,1.0859443876931953,2020-04-22 04:45:00,1.0848482893765774,1.0848634157105297,1.087105303030303,stop,20,-47.13222761457158,-21.5,-0.6504323599452716,-9.159,-56.29122761457158,-89.45907382647572,-1.2110381560396517,1.095669186794944,0.2734689811994705,bounce_support
EURUSD.a,15m,1,0.55,2020-04-22 06:00:00,1.085369754951201,2020-04-22 07:30:00,1.084498960319816,1.0845122694545593,1.0861140384615386,stop,6,-47.89370472616628,-6.600000000000001,-0.7320024108746788,0.0,-47.89370472616628,-76.07488519945085,-1.0155211193603892,1.0143086438281301,0.0,bounce_support
EURUSD.a,15m,-1,0.5,2020-04-22 22:45:00,1.082315386883061,2020-04-23 03:15:00,1.0809902482457443,1.0832498758771278,1.0804902482457444,target,18,66.25693186583791,-25.0,-0.0,0.835,67.0919318658379,106.50020138393559,1.4359063036978497,0.11194686893380612,1.9747550744606572,bounce_resistance
EURUSD.a,15m,-1,0.91,2020-04-23 07:45:00,1.0815420234058486,2020-04-23 08:00:00,1.0825729609662582,1.0820589792815474,1.080502041436905,stop,1,-93.81531799727517,-45.5,-1.2723333086972357,0.0,-93.81531799727517,-147.97835577979617,-1.9942467217653417,2.6075273684223674,0.23604220705221168,bounce_resistance
EURUSD.a,15m,-1,0.29,2020-04-24 00:15:00,1.0777188039184085,2020-04-24 09:45:00,1.0746906687168676,1.079324665641566,1.0745706687168677,target,38,87.81592084468558,-3.48,-0.0,0.0,87.81592084468558,138.27319095669208,1.8856761811264282,0.47401097530048625,2.4652209223994044,bounce_resistance
EURUSD.a,15m,-1,0.35,2020-04-24 12:30:00,1.0761219637357877,2020-04-24 13:30:00,1.0776347895761786,1.0774839719191283,1.0734220561617436,stop,4,-52.94890441368216,-4.2,-1.0786179967698741,0.0,-52.94890441368216,-82.99981881318331,-1.1107318288503085,2.7004509291503807,0.06017859275014562,bounce_resistance
EURUSD.a,15m,1,0.27,2020-04-24 19:30:00,1.0789824626008493,2020-04-24 23:00:00,1.0819684082966008,1.0772757958516996,1.0819684082966008,target,14,80.62053378529055,-3.2400000000000007,-0.0,0.0,80.62053378529055,126.04639356059246,1.7495774715475338,0.3061304153899012,1.7505101102129905,bounce_support
EURUSD.a,15m,1,0.71,2020-04-27 03:30:00,1.0815701201283385,2020-04-27 04:15:00,1.0821805928853754,1.0808982298759235,1.0821805928853754,target,3,43.343565749616396,-8.520000000000001,-0.0,0.0,43.343565749616396,67.37167288352592,0.908589988979031,0.655047646184291,1.5923431956573708,bounce_support
EURUSD.a,15m,1,0.39,2020-04-27 14:15:00,1.083718150758594,2020-04-27 15:00:00,1.085813261530797,1.0824783692346016,1.085813261530797,target,3,81.70932011591402,-4.680000000000001,-0.0,0.0,81.70932011591402,126.50263986610213,1.6899032060553325,0.2566184060959144,1.7195362248510468,bounce_support
EURUSD.a,15m,1,0.38,2020-04-27 17:15:00,1.0838485793715387,2020-04-27 19:00:00,1.0825541310916567,1.0825816054967754,1.085966789006449,stop,7,-49.189034635516386,-4.5600000000000005,-1.0440273945119702,0.0,-49.189034635516386,-76.2266149628334,-1.0216850604941459,1.4038011414173057,0.52204756675429,bounce_support
EURUSD.a,15m,-1,0.75,2020-04-28 03:00:00,1.0824406119986536,2020-04-28 03:15:00,1.083225197645799,1.0830912000724953,1.0811675998550092,stop,1,-58.84392353590062,-9.000000000000002,-1.0498179977876156,0.0,-58.84392353590062,-91.0854349424959,-1.2059637713806153,1.1672332031268624,0.26224273932057784,bounce_resistance
EURUSD.a,15m,1,0.28,2020-04-28 19:30:00,1.0831317250461812,2020-04-29 10:00:00,1.0862023021835043,1.0813838489082477,1.0862023021835043,target,58,85.97615984504881,-3.3600000000000008,-0.0,-5.964000000000001,80.01215984504881,122.40826106486472,1.6348853762038857,0.7847953389894666,2.1273103242973868,bounce_support
EURUSD.a,15m,1,0.55,2020-04-29 15:00:00,1.0843745574793018,2020-04-29 16:00:00,1.0857751268308016,1.0834724365845994,1.0857751268308016,target,4,77.03131433248856,-6.600000000000001,-0.0,0.0,77.03131433248856,117.89484738439303,1.5525295553228249,0.4595365008572288,2.5444954597303835,bounce_support
EURUSD.a,15m,1,0.37,2020-04-29 17:30:00,1.0848673014213983,2020-04-29 21:00:00,1.0871030059641598,1.08354349701792,1.0871030059641598,target,14,82.72106808217372,-4.44,-0.0,0.0,82.72106808217372,126.4596763367736,1.6888480933340617,0.4512006606329925,2.5024078858611225,bounce_support
EURUSD.a,15m,1,0.6,2020-04-30 02:00:00,1.0876415491890807,2020-04-30 03:15:00,1.086782607290996,1.0867988898187229,1.0889322203625542,stop,5,-51.53651388507985,-7.200000000000001,-0.9769516636035519,0.0,-51.53651388507985,-78.8309377831006,-1.0193227872371136,1.3902998415399221,0.2711069489705346,bounce_support
EURUSD.a,15m,-1,0.7,2020-04-30 09:30:00,1.0862789168339826,2020-04-30 09:45:00,1.087132614117174,1.086992612564507,1.0848847748709858,stop,1,-59.75880982339809,-8.4,-1.4001086866929087,0.0,-59.75880982339809,-91.18749019348442,-1.1961642009039721,2.901913346875874,1.1053966000367619,bounce_resistance
EURUSD.a,15m,1,0.36,2020-04-30 13:00:00,1.0862993376802834,2020-04-30 14:45:00,1.0885794424920587,1.0849352787539706,1.0885794424920587,target,7,82.08377322391146,-4.32,-0.0,0.0,82.08377322391146,125.35701469748237,1.6715588804792973,0.1094803731735675,1.671967592984757,bounce_support
EURUSD.a,15m,1,0.3,2020-04-30 15:30:00,1.086770295196308,2020-04-30 16:00:00,1.085060023252383,1.0850979509680165,1.0889131707317072,stop,2,-51.308158317751044,-3.6000000000000005,-1.1378314690018267,0.0,-51.308158317751044,-78.74421915612977,-1.0226793712633175,1.94953595148219,0.8070735563041032,bounce_support
EURUSD.a,15m,-1,0.29,2020-04-30 17:30:00,1.0892698588949907,2020-04-30 17:45:00,1.091168319707477,1.0909916803112145,1.0858866393775712,stop,1,-55.055363562104056,-3.48,-1.6425424916176274,0.0,-55.055363562104056,-84.10021318908721,-1.102588685794113,4.019081793154929,0.23803798183070013,bounce_resistance
EURUSD.a,15m,1,0.47,2020-05-01 02:30:00,1.0943036909469135,2020-05-01 09:00:00,1.0959737765838709,1.0932681117080647,1.0959737765838709,target,26,78.49402493699608,-5.640000000000001,-0.0,0.0,78.49402493699608,121.66221044824094,1.6127067580206988,0.8243608165247431,1.8794400081350635,bounce_support
EURUSD.a,15m,1,0.49,2020-05-01 17:00:00,1.0976468599237108,2020-05-01 17:15:00,1.0992523061655282,1.096638846917236,1.0992523061655282,target,1,78.66686584905035,-5.880000000000001,-0.0,0.0,78.66686584905035,121.9887199730959,1.5926840541787404,0.44330769627026245,2.2550701843010326,bounce_support
EURUSD.a,15m,1,0.37,2020-05-01 20:15:00,1.0985982311628633,2020-05-04 00:00:00,1.0967398399860053,1.09726937934232,1.10087124131536,stop_gap,15,-68.76047354374349,-4.44,-0.7459205178053006,-2.6270000000000002,-71.38747354374348,-111.45063235717839,-1.4519234929213058,1.5263034835848839,0.1142105047307639,bounce_support
EURUSD.a,15m,1,0.6,2020-05-04 01:15:00,1.0968725919240943,2020-05-04 01:15:00,1.0960426031363748,1.0960614910225164,1.0981570179549671,stop,0,-49.79932726316694,-7.200000000000001,-1.1332731684880224,0.0,-49.79932726316694,-78.01379713501728,-1.0232867280813378,1.051153959310941,0.0,bounce_support
EURUSD.a,15m,-1,0.59,2020-05-04 10:15:00,1.0938968175964934,2020-05-04 11:45:00,1.0948689354174024,1.0947233761039294,1.0922532477921414,stop,6,-57.354951433631115,-7.080000000000001,-1.5079994949052529,0.0,-57.354951433631115,-89.42707907202056,-1.1761028555914896,1.2015875398673577,1.8592968104102932,bounce_resistance
EURUSD.a,15m,-1,0.37,2020-05-04 13:00:00,1.0938823586939503,2020-05-04 16:15:00,1.092621603053435,1.0951978723021147,1.0925016030534351,target,13,46.64795869906646,-4.44,-0.0,0.0,46.64795869906646,72.82712550398335,0.9583752176266007,0.4543026406875984,1.2788607305231605,bounce_resistance
EURUSD.a,15m,-1,0.45,2020-05-04 21:45:00,1.0902952249260764,2020-05-05 04:00:00,1.0915147568373398,1.0913826484369766,1.0881647031260464,stop,25,-54.87893600685023,-5.4,-0.5448780163420437,0.7515,-54.12743600685023,-83.986215253926,-1.1061301316426515,1.1171131226672892,0.6577243538576584,bounce_resistance
EURUSD.a,15m,-1,0.27,2020-05-05 15:15:00,1.0842947957309932,2020-05-05 16:00:00,1.0862680107293612,1.086108841717513,1.0807123165649741,stop,3,-53.27680495593601,-3.2400000000000007,-1.057563319902257,0.0,-53.27680495593601,-82.41187519287207,-1.0877425451343958,1.1990899267001507,0.14596969038316787,bounce_resistance
EURUSD.a,15m,-1,0.6,2020-05-06 02:30:00,1.0835988399442287,2020-05-06 02:30:00,1.0836541586073498,1.0844033346550221,1.08353415860735,target,0,-3.3191197872683986,-7.200000000000001,-0.0,0.0,-3.3191197872683986,-5.159520888027979,-0.06876199728719098,0.3867770062333388,0.08556916944882705,bounce_resistance
EURUSD.a,15m,-1,0.73,2020-05-06 02:45:00,1.0838393370910695,2020-05-06 03:15:00,1.0836508510638296,1.084503823684085,1.0835308510638297,target,2,13.759479988510126,-8.760000000000002,-0.0,0.0,13.759479988510126,21.425203575948874,0.283656629375345,0.8136551054805742,0.5558232400047645,bounce_resistance
EURUSD.a,15m,-1,0.68,2020-05-06 03:30:00,1.0839890888444168,2020-05-06 04:00:00,1.0836409284332686,1.0846996957078718,1.0835209284332687,target,2,23.674907958074698,-8.160000000000002,-0.0,0.0,23.674907958074698,36.802281918350225,0.48994799945411616,0.339021712247321,1.0682261647827784,bounce_resistance
EURUSD.a,15m,-1,0.69,2020-05-06 04:30:00,1.0835491217691948,2020-05-06 06:30:00,1.083579123505976,1.0842561212598787,1.083459123505976,target,8,-2.0701198378985097,-8.280000000000001,-0.0,0.0,-2.0701198378985097,-3.219671267106056,-0.042435301830440725,0.9489090722769966,0.2533548772738399,bounce_resistance
EURUSD.a,15m,-1,0.86,2020-05-06 07:30:00,1.0837517019277003,2020-05-06 08:30:00,1.0835248605577688,1.0843163445320105,1.0834048605577689,target,4,19.50835781411442,-10.320000000000002,-0.0,0.0,19.50835781411442,30.258651529523544,0.40174327654336084,0.6345572749284419,0.7822681539235199,bounce_resistance
EURUSD.a,15m,-1,0.79,2020-05-07 01:15:00,1.0795691412396373,2020-05-07 03:15:00,1.080312028679228,1.0801767803616915,1.078386439276617,stop,8,-58.68810772766709,-9.48,-1.2046170854000977,0.0,-58.68810772766709,-91.72166558985245,-1.2225800028795168,1.1204985585208735,0.6075007784052132,bounce_resistance
EURUSD.a,15m,-1,0.4,2020-05-07 16:00:00,1.0794204725343104,2020-05-07 17:00:00,1.0775740425531912,1.0806373166010197,1.0774540425531913,target,4,73.85719924476676,-4.800000000000001,-0.0,0.0,73.85719924476676,114.48776060635669,1.5173924347697674,0.19684318824631544,2.284986721289244,bounce_resistance
EURUSD.a,15m,-1,0.34,2020-05-07 18:30:00,1.0788189748284764,2020-05-07 18:45:00,1.0803985104351657,1.0802443182319723,1.076987659574468,stop,1,-53.704210627433476,-4.080000000000001,-1.1625349085796808,0.0,-53.704210627433476,-82.63330403814909,-1.108178985369539,1.9160471538474988,0.20274049591677124,bounce_resistance
EURUSD.a,15m,1,0.53,2020-05-08 06:30:00,1.0849105434199424,2020-05-08 09:00:00,1.0839806231711775,1.0839935240720653,1.0863529518558697,stop,10,-49.285773184541085,-6.360000000000001,-0.6837477470543456,0.0,-49.285773184541085,-75.59515496808301,-1.0140682973785191,1.0910821263026895,0.0,bounce_support
EURUSD.a,15m,1,0.67,2020-05-08 09:15:00,1.0841789148434067,2020-05-08 09:45:00,1.0834329314976932,1.0834471218691402,1.0852257562617194,stop,2,-49.98088416280577,-8.040000000000001,-0.9507548869481839,0.0,-49.98088416280577,-76.66132515730136,-1.0193912376122942,1.13271768458487,0.37043968188538096,bounce_support
EURUSD.a,15m,1,0.63,2020-05-08 10:00:00,1.0835095845156575,2020-05-08 10:30:00,1.082718969562451,1.0827341821885694,1.0846716356228612,stop,2,-49.80874205200481,-7.560000000000001,-0.958395445462458,0.0,-49.80874205200481,-76.38440383389279,-1.019619010140833,1.0827727572219643,0.33584563167404446,bounce_support
EURUSD.a,15m,1,0.72,2020-05-08 10:45:00,1.083340717339978,2020-05-08 10:45:00,1.0826505975146978,1.082666673524665,1.08429665295067,stop,0,-49.68862742017598,-8.64,-1.1574727176336237,0.0,-49.68862742017598,-76.20020153995826,-1.023850096391375,1.3807964984379764,0.0,bounce_support
EURUSD.a,15m,-1,0.68,2020-05-11 03:00:00,1.0837689057046236,2020-05-11 03:45:00,1.0846166929808903,1.0844804620587283,1.0823790758825433,stop,3,-57.64953478613322,-8.160000000000002,-1.1037027070247925,0.0,-57.64953478613322,-88.21657962682973,-1.1914548600066737,1.1679950443589775,0.4762879323172056,bounce_resistance
EURUSD.a,15m,-1,0.58,2020-05-11 16:15:00,1.0830543671564443,2020-05-11 16:45:00,1.0840127005253313,1.08386694069961,1.0815345796460176,stop,2,-55.58333539544335,-6.96,-1.4940698918388364,0.0,-55.58333539544335,-85.73044712800701,-1.1793804720166425,1.6560136062433575,0.6576231295478565,bounce_resistance
EURUSD.a,15m,-1,0.46,2020-05-11 17:15:00,1.0829326822770513,2020-05-11 17:45:00,1.081663517699115,1.0839650474671727,1.081543517699115,target,2,58.38157058507232,-5.5200000000000005,-0.0,0.0,58.38157058507232,90.01028443143386,1.2293756028204619,0.21050469836472904,1.5040048733808187,bounce_resistance
EURUSD.a,15m,-1,0.74,2020-05-12 02:00:00,1.0809608638831567,2020-05-12 03:00:00,1.0808675,1.081604765265918,1.0807475000000002,target,4,6.908927353589611,-8.88,-0.0,0.0,6.908927353589611,10.730147470941187,0.14499717760542785,0.1539616461422584,1.6320261320923386,bounce_resistance
EURUSD.a,15m,-1,0.66,2020-05-12 06:00:00,1.0800000054988292,2020-05-12 07:00:00,1.080854013952456,1.0807197039091954,1.078590592181609,stop,4,-56.364557939370115,-7.920000000000001,-0.944462855214117,0.0,-56.364557939370115,-87.17202236250192,-1.1866198970654578,1.0698849546979832,0.222322984912434,bounce_resistance
EURUSD.a,15m,-1,0.73,2020-05-12 07:15:00,1.0807500699732195,2020-05-12 08:15:00,1.0815328432600089,1.0813967957865,1.0794864084269997,stop,4,-57.14244993562101,-8.760000000000002,-1.171465566148215,0.0,-57.14244993562101,-88.2536139118135,-1.2103634503449239,1.4997546206799905,1.113408431259213,bounce_resistance
EURUSD.a,15m,-1,0.57,2020-05-12 09:30:00,1.0815079635919538,2020-05-12 09:45:00,1.0824683327723104,1.0823292963468176,1.0799014073063649,stop,1,-54.74104328032502,-6.84,-1.0850762530938765,0.0,-54.74104328032502,-84.61794855673811,-1.1692814814329202,1.1713113867055522,0.4358326023574517,bounce_resistance
EURUSD.a,15m,1,0.27,2020-05-12 18:30:00,1.0870107311764703,2020-05-12 19:30:00,1.0852494757734041,1.0852796866515995,1.090050626696801,stop,4,-47.553895882786136,-3.2400000000000007,-0.8156937112742695,0.0,-47.553895882786136,-73.11709444138218,-1.0174523981106605,1.282885070004818,0.31152799121095204,bounce_support
EURUSD.a,15m,1,0.39,2020-05-12 22:30:00,1.0855343766288412,2020-05-13 10:00:00,1.0843253571933278,1.0843403060660548,1.0875193878678902,stop,46,-47.15175798502403,-4.680000000000001,-0.5830060363545816,-8.307,-55.45875798502403,-85.62943208631694,-1.190900671895878,1.2096241829048235,0.15545427292473663,bounce_support
EURUSD.a,15m,1,0.53,2020-05-13 10:15:00,1.0850104112069263,2020-05-13 10:30:00,1.0841201654741686,1.0841377953695301,1.0858504943820224,stop,1,-47.18302383616102,-6.360000000000001,-0.9343844541637865,0.0,-47.18302383616102,-72.85153295889977,-1.020203501479171,1.9830160452848604,0.05682774818935867,bounce_support
EURUSD.a,15m,-1,0.52,2020-05-13 13:30:00,1.085355728525415,2020-05-13 13:45:00,1.0863744172330088,1.0862321819648368,1.0836156360703266,stop,1,-52.97181279487795,-6.240000000000001,-1.1562339449467947,0.0,-52.97181279487795,-81.5477890250284,-1.1622850248220131,1.385437514382991,0.2689572712160917,bounce_resistance
EURUSD.a,15m,1,0.28,2020-05-13 18:00:00,1.083982480916493,2020-05-13 19:15:00,1.0823406946076493,1.082373027573436,1.0867739448531277,stop,5,-45.970016647626906,-3.3600000000000008,-0.9053230420312124,0.0,-45.970016647626906,-71.266923985531,-1.0200894085723153,1.076440596409207,0.40232237007690014,bounce_support
EURUSD.a,15m,-1,0.49,2020-05-14 00:00:00,1.081727841954117,2020-05-14 04:45:00,1.0812905223880596,1.0826545101629304,1.0811705223880597,target,19,21.428658736813322,-5.880000000000001,-0.0,0.0,21.428658736813322,33.357189814466565,0.47192680389609454,0.7145578531618131,0.9257271868811267,bounce_resistance
EURUSD.a,15m,-1,0.4,2020-05-14 17:15:00,1.0811599276544093,2020-05-14 18:30:00,1.0791412906298776,1.0822743546850613,1.0790212906298777,target,5,80.74548098126577,-4.800000000000001,-0.0,0.0,80.74548098126577,125.75023123960969,1.8113676077567993,0.4307795238148457,2.0727491265693097,bounce_resistance
EURUSD.a,15m,1,0.62,2020-05-15 03:45:00,1.080478909516083,2020-05-15 04:00:00,1.080714623655914,1.0797458710183014,1.080714623655914,target,1,14.614276669524084,-7.440000000000001,-0.0,0.0,14.614276669524084,22.607321127288046,0.3215576542629189,0.7078884910592824,0.3288919813169536,bounce_support
EURUSD.a,15m,1,0.73,2020-05-15 04:45:00,1.0803585915318838,2020-05-15 06:30:00,1.0807098924731182,1.0797308167387516,1.0807098924731182,target,7,25.644968710108795,-8.760000000000002,-0.0,0.0,25.644968710108795,39.72453600710813,0.5595970801592208,0.8101496546974755,0.5916269212769668,bounce_support
EURUSD.a,15m,1,0.75,2020-05-18 07:00:00,1.0824971296696044,2020-05-18 08:00:00,1.0818782494225305,1.0818879188894288,1.0833341622211425,stop,4,-46.41601853054289,-9.000000000000002,-0.7252100173634426,0.0,-46.41601853054289,-72.21248429538232,-1.0158721204761023,1.2263894433861875,0.0,bounce_support
EURUSD.a,15m,1,0.82,2020-05-18 09:00:00,1.0819960402721795,2020-05-18 09:45:00,1.0827258141373057,1.0814420929313473,1.0827258141373057,target,3,59.84145694034693,-9.840000000000002,-0.0,0.0,59.84145694034693,92.96193522082106,1.3174065679776887,0.5705240351993661,1.5596423416752427,bounce_support
EURUSD.a,15m,1,0.68,2020-05-18 10:00:00,1.0820881317787827,2020-05-18 10:30:00,1.081396310671037,1.0814094851910443,1.0830610296179115,stop,2,-47.043835326713975,-8.160000000000002,-0.8958673605048153,0.0,-47.043835326713975,-72.99389490405433,-1.019412931922754,1.220269568498595,0.636366894080185,bounce_support
EURUSD.a,15m,1,0.29,2020-05-18 22:15:00,1.0916102320186387,2020-05-19 03:15:00,1.0922729067245118,1.0900284257258732,1.0922729067245118,target,20,19.217566470320246,-3.48,-0.0,-2.059,17.158566470320245,26.22992306212585,0.3740500392362693,0.45532251447780425,0.4866385883541995,bounce_support
EURUSD.a,15m,1,0.48,2020-05-19 03:45:00,1.0919210203792116,2020-05-19 05:00:00,1.0909440287676408,1.0909596382242435,1.0923794736842105,stop,5,-46.895597355394614,-5.760000000000001,-0.7492539169289161,0.0,-46.895597355394614,-71.88056184821602,-1.01623647424903,1.0932389100216178,0.09255385106592315,bounce_support
EURUSD.a,15m,1,0.37,2020-05-19 15:00:00,1.0949577287281496,2020-05-19 16:00:00,1.0936863999084439,1.093714446136761,1.097061107726478,stop,4,-47.039166329111204,-4.44,-1.0377104477328316,0.0,-47.039166329111204,-71.80346251638841,-1.0225582088186134,1.31726185140284,0.28333966412012246,bounce_support
EURUSD.a,15m,1,0.39,2020-05-19 18:30:00,1.0929899258555429,2020-05-19 21:15:00,1.0949510809105576,1.0917994595447214,1.0949510809105576,target,11,76.48504714557359,-4.680000000000001,-0.0,0.0,76.48504714557359,116.47587358080831,1.6473839177030736,0.47874169169023967,2.0412792217363864,bounce_support
EURUSD.a,15m,1,0.37,2020-05-19 22:30:00,1.093795376091411,2020-05-19 22:45:00,1.092541981984738,1.0925657343977748,1.0955447761194028,stop,1,-46.37558194690183,-4.44,-0.8788392823616633,0.0,-46.37558194690183,-70.97036031356926,-1.0193165319294213,1.0371932718381138,0.0688199733523575,bounce_support
EURUSD.a,15m,1,0.45,2020-05-19 23:00:00,1.0926959753033083,2020-05-20 04:15:00,1.0943398238727833,1.0916850880636084,1.0943398238727833,target,21,73.97318562637368,-5.4,-0.0,-9.585,64.38818562637368,98.21710210408298,1.4154383528471113,0.836864162574132,1.7747030788758058,bounce_support
EURUSD.a,15m,1,0.7,2020-05-20 09:30:00,1.0942783740560604,2020-05-20 10:00:00,1.0952477426712903,1.0936161286643549,1.0952477426712903,target,2,67.8558030660925,-8.4,-0.0,0.0,67.8558030660925,103.91394037686447,1.4637604540114015,0.7072515142071755,2.614779907308718,bounce_support
EURUSD.a,15m,1,0.58,2020-05-20 11:00:00,1.09439210546227,2020-05-20 12:15:00,1.0955971790402936,1.0935914104798532,1.0955971790402936,target,5,69.89426752536731,-6.96,-0.0,0.0,69.89426752536731,106.42932684457199,1.5050345068806548,0.6645545107125178,1.5335359465144092,bounce_support
EURUSD.a,15m,1,0.46,2020-05-20 13:30:00,1.0946033825391008,2020-05-20 14:00:00,1.096266720046948,1.093571639976526,1.096266720046948,target,2,76.513525360971,-5.5200000000000005,-0.0,0.0,76.513525360971,116.26251745296531,1.6121633130034407,0.76897335428419,1.6638040565228023,bounce_support
EURUSD.a,15m,1,0.44,2020-05-20 22:30:00,1.0984041317279545,2020-05-21 03:15:00,1.0973068157453056,1.0973185852779737,1.100172829444053,stop,19,-48.28190323654891,-5.280000000000001,-0.5178594373963152,-3.124,-51.40590323654891,-78.15297864958177,-1.0762468825442502,1.2105716231468462,0.033041674122960246,bounce_support
EURUSD.a,15m,-1,0.9,2020-05-21 07:30:00,1.0962429963065,2020-05-21 08:45:00,1.0953625608183497,1.0967687195908251,1.0952425608183498,target,5,79.23919393351797,-10.8,-0.0,0.0,79.23919393351797,120.87437103732434,1.674712751747875,0.3366860452590323,1.9268621662824228,bounce_resistance
EURUSD.a,15m,-1,0.91,2020-05-21 09:15:00,1.0961616876408014,2020-05-21 09:45:00,1.0968210105965757,1.0966878259891428,1.0951343480217146,stop,2,-59.998388975462284,-10.920000000000002,-1.1997992764066094,0.0,-59.998388975462284,-91.45956460337844,-1.253136095957778,1.0801576448287753,1.6377586684522687,bounce_resistance
EURUSD.a,15m,1,0.3,2020-05-21 17:30:00,1.0974617952870935,2020-05-21 17:30:00,1.0958629454566309,1.095895638387271,1.100168723225458,stop,0,-47.96549491387969,-3.6000000000000005,-0.9807879192092692,0.0,-47.96549491387969,-73.03129649788313,-1.0208746203167378,1.2462322819092075,0.0,bounce_support
EURUSD.a,15m,1,0.37,2020-05-21 17:45:00,1.0960435241951583,2020-05-21 17:45:00,1.094724066999644,1.0947593532923816,1.098181293415237,stop,0,-48.81991623402482,-4.44,-1.3055928312848986,0.0,-48.81991623402482,-74.33222119130426,-1.0274778790433792,1.809357454007308,0.0,bounce_support
EURUSD.a,15m,-1,0.79,2020-05-22 01:15:00,1.09511904818952,2020-05-22 05:00:00,1.0941046052637733,1.0957176973681133,1.0939846052637734,target,15,80.14099113399854,-9.48,-0.0,0.0,80.14099113399854,122.4236826464186,1.6945532743078517,0.4191967841158225,2.002922967902185,bounce_resistance
EURUSD.a,15m,-1,0.4,2020-05-22 14:45:00,1.0904344573162248,2020-05-25 09:00:00,1.0882719087802613,1.0915990456098692,1.0881519087802614,target,73,86.50194143854151,-4.800000000000001,-0.0,0.668,87.16994143854151,133.59787493646016,1.8712608978267322,0.37398854698448586,1.9959476914805943,bounce_resistance
EURUSD.a,15m,-1,0.69,2020-05-25 11:30:00,1.0882107290397127,2020-05-25 11:45:00,1.0890334258200416,1.0888992055539273,1.0868615888921453,stop,1,-56.766077842691935,-8.280000000000001,-0.9811983618894861,0.0,-56.766077842691935,-86.83811816229453,-1.1949525704118464,1.3207000406175173,0.030108564758202228,bounce_resistance
EURUSD.a,15m,1,0.91,2020-05-26 01:15:00,1.0894859687174834,2020-05-26 03:00:00,1.0901873328679688,1.0889613335660155,1.0901873328679688,target,7,63.82413769416994,-10.920000000000002,-0.0,0.0,63.82413769416994,97.2721335296887,1.3368607660449259,0.4497767959755046,1.3610054158951241,bounce_support
EURUSD.a,15m,1,1.0,2020-05-26 08:45:00,1.0918667290163153,2020-05-26 08:45:00,1.0919074245939675,1.091383360659932,1.0919074245939675,target,0,4.069557765218335,-12.000000000000002,-0.0,0.0,4.069557765218335,6.1864305816459435,0.0841916462150528,0.5311249959269408,0.7515406809058268,bounce_support
EURUSD.a,15m,1,0.37,2020-05-26 19:00:00,1.0970670463480454,2020-05-26 21:45:00,1.099265945945946,1.0957569448954538,1.099265945945946,target,11,81.35928512231993,-4.44,-0.0,0.0,81.35928512231993,121.90117935081348,1.6784193266489211,0.2114693846781437,1.8341737177690456,bounce_support
EURUSD.a,15m,1,0.47,2020-05-26 22:45:00,1.0984335433626016,2020-05-27 03:00:00,1.0973867972367901,1.0974013381676004,1.099258093220339,stop,17,-49.1970679131386,-5.640000000000001,-0.6834237480823407,-10.011000000000001,-59.208067913138606,-89.17414891429996,-1.2204415671537818,1.1175523705829353,0.47127900513791743,bounce_support
EURUSD.a,15m,-1,0.78,2020-05-27 09:15:00,1.096270422842744,2020-05-27 09:30:00,1.0957490212765957,1.0968977141054708,1.0956290212765958,target,1,40.66932215956953,-9.360000000000001,-0.0,0.0,40.66932215956953,61.22777074141417,0.8311953268436386,0.19062461787875132,1.8498947963977095,bounce_resistance
EURUSD.a,15m,-1,0.75,2020-05-27 11:00:00,1.0965074861097257,2020-05-27 11:00:00,1.0972963088124896,1.0971575379770782,1.0953853362255965,stop,0,-59.16170270729437,-9.000000000000002,-1.4078126558627626,0.0,-59.16170270729437,-88.96229091951275,-1.2134765583808902,1.7421900422912033,0.18073343932420172,bounce_resistance
EURUSD.a,15m,1,0.38,2020-05-28 01:00:00,1.1007752372576536,2020-05-28 04:45:00,1.1029333241036003,1.0994933379482,1.1029333241036003,target,15,82.00730014597691,-4.5600000000000005,-0.0,0.0,82.00730014597691,123.70804505283812,1.6835073004809777,0.10549756650634083,2.1489696749430225,bounce_support
EURUSD.a,15m,1,0.46,2020-05-28 05:45:00,1.1018224396633796,2020-05-28 07:15:00,1.1007535559846882,1.1007701025467123,1.1035297949065757,stop,6,-49.16864921980446,-5.5200000000000005,-0.7611418531036361,0.0,-49.16864921980446,-74.49569591800923,-1.015723632438721,1.171145295418903,0.2827614192330181,bounce_support
EURUSD.a,15m,-1,0.37,2020-05-28 14:45:00,1.1015420341905269,2020-05-28 15:45:00,1.1029825312247472,1.102832867034656,1.099681811023622,stop,4,-53.29839026615235,-4.44,-1.097575033377549,0.0,-53.29839026615235,-80.3509471539413,-1.1159438968196258,1.0984891002131232,0.7142940270852257,bounce_resistance
EURUSD.a,15m,1,0.36,2020-05-28 21:30:00,1.1084968253588907,2020-05-28 22:30:00,1.107122034041756,1.107148126828952,1.110783746342096,stop,4,-49.492487416848974,-4.32,-0.9393403390583647,0.0,-49.492487416848974,-74.60204307504895,-1.019346641682181,1.1320731245700377,0.6400056216776847,bounce_support
EURUSD.a,15m,1,0.45,2020-05-29 01:45:00,1.1078525886832062,2020-05-29 07:45:00,1.1095619607555576,1.1067990196222213,1.1095619607555576,target,24,76.92174325581003,-5.4,-0.0,0.0,76.92174325581003,115.6839716298107,1.6224584943233422,0.8187300815381734,2.0667001314163413,bounce_support
EURUSD.a,15m,1,0.27,2020-05-29 18:15:00,1.111018035790685,2020-05-29 19:30:00,1.1091706532691938,1.1092101841022288,1.1141896317955424,stop,5,-49.8793280802592,-3.2400000000000007,-1.0673324919460672,0.0,-49.8793280802592,-75.10702757112406,-1.0218661925020762,1.143918941963054,1.0133376653698118,bounce_support
EURUSD.a,15m,1,0.64,2020-06-01 10:00:00,1.1138425067885167,2020-06-01 10:45:00,1.1149918288677287,1.1130690855661356,1.1149918288677287,target,3,73.55661306957018,-7.6800000000000015,-0.0,0.0,73.55661306957018,108.64922684978092,1.4860234577914075,0.8565924613201163,2.026700543149708,bounce_support
EURUSD.a,15m,-1,0.4,2020-06-01 16:30:00,1.1118817552340945,2020-06-01 17:15:00,1.1132598525888748,1.1131107400429414,1.1094785199141175,stop,3,-55.12389419121355,-4.800000000000001,-1.1645018373414568,0.0,-55.12389419121355,-81.21264392600264,-1.1213298527858282,1.6015208257555205,0.38385766097231244,bounce_resistance
EURUSD.a,15m,1,0.49,2020-06-01 23:30:00,1.1133924975222986,2020-06-02 00:00:00,1.11355,1.1123899935545374,1.1134874107142858,target_gap,2,7.717621407369091,-5.880000000000001,-0.0,-3.479,4.238621407369091,6.231800469549945,0.08628641928927613,0.38154215304778616,0.24688428740491292,bounce_support
EURUSD.a,15m,1,0.55,2020-06-02 00:15:00,1.1136412661284585,2020-06-02 02:45:00,1.112732597159956,1.1127452853906874,1.1135526339285715,stop,10,-49.9767932676376,-6.600000000000001,-0.6978526902223927,0.0,-49.9767932676376,-73.67079404999794,-1.0141612762379033,1.3742104897495724,0.0,bounce_support
EURUSD.a,15m,1,0.32,2020-06-02 15:30:00,1.1163710209985873,2020-06-02 17:00:00,1.119000637454697,1.1148446812726516,1.119000637454697,target,6,84.14772659551062,-3.8400000000000007,-0.0,0.0,84.14772659551062,122.0717603985183,1.7228251426775807,0.4330759314949285,2.0892983044503723,bounce_support
EURUSD.a,15m,1,0.33,2020-06-02 18:30:00,1.1176821672717963,2020-06-02 22:15:00,1.116131000210688,1.1161567073428322,1.1203365853143357,stop,15,-51.1885130165759,-3.9600000000000004,-0.8483353607654323,0.0,-51.1885130165759,-74.297158100608,-1.0168520533750074,1.0109523315002245,0.4705680657841349,bounce_support
EURUSD.a,15m,1,0.45,2020-06-02 22:30:00,1.1164164425103749,2020-06-03 02:30:00,1.118250588854979,1.1152947055725104,1.118250588854979,target,16,82.53658550718468,-5.4,-0.0,-9.585,72.95158550718469,105.51742989598144,1.445210806457388,0.2731857176410114,2.0803072546293038,bounce_support
EURUSD.a,15m,1,0.45,2020-06-03 14:15:00,1.1195490685184109,2020-06-03 14:30:00,1.1183958879284457,1.1184243119362325,1.121381376127535,stop,1,-51.89312654843237,-5.4,-1.2790803504010722,0.0,-51.89312654843237,-75.51386284696211,-1.0252712526756218,1.0305060995206945,0.17864441495422936,bounce_support
EURUSD.a,15m,1,0.45,2020-06-03 21:30:00,1.123598638303319,2020-06-03 22:45:00,1.1254152788189866,1.1224823605905065,1.1254152788189866,target,5,81.74882320504452,-5.4,-0.0,0.0,81.74882320504452,118.01135120257032,1.62740910690647,0.24961378348838406,1.9630972396287052,bounce_support
EURUSD.a,15m,1,0.45,2020-06-03 23:15:00,1.1239876701818228,2020-06-04 03:00:00,1.122848439883304,1.1228639132864566,1.124623779527559,stop,15,-51.26536343334154,-5.4,-0.6963031418699319,-3.1950000000000003,-54.46036343334154,-78.87205235896471,-1.0769502759085452,1.0390772120178096,0.0,bounce_support
EURUSD.a,15m,-1,0.78,2020-06-04 07:45:00,1.1217409297551497,2020-06-04 09:30:00,1.1206285298445207,1.1223857350777398,1.1205085298445208,target,7,86.76719302906655,-9.360000000000001,-0.0,0.0,86.76719302906655,125.91379049349375,1.7251717249491691,0.603391800935431,2.0485714197331255,bounce_resistance
EURUSD.a,15m,-1,0.3,2020-06-04 15:00:00,1.1266845004594965,2020-06-04 15:15:00,1.1235698859469758,1.128355057026512,1.123449885946976,target,1,93.43843537562124,-3.6000000000000005,-0.0,0.0,93.43843537562124,135.1301363408698,1.8644172690812872,0.24871922849388006,2.061887952498594,bounce_resistance
EURUSD.a,15m,1,0.25,2020-06-04 22:15:00,1.1344174511614227,2020-06-05 09:15:00,1.1379882397067775,1.132410880146611,1.1379882397067775,target,44,89.26971363387159,-3.0000000000000004,-0.0,-1.7750000000000001,87.49471363387158,125.1694734465481,1.7441638095641723,0.905749733254897,1.810326577910018,bounce_support
EURUSD.a,15m,1,0.3,2020-06-05 13:15:00,1.13246291726192,2020-06-05 15:30:00,1.1306818091639836,1.1307211217940465,1.135517756411907,stop,9,-53.43324293809237,-3.6000000000000005,-1.1793789018833754,0.0,-53.43324293809237,-76.62217927339161,-1.0225701758834191,2.235002521089673,1.0834123597667424,bounce_support
EURUSD.a,15m,-1,0.89,2020-06-08 00:00:00,1.12920196181117,2020-06-08 00:00:00,1.1299335479940018,1.1297864907107569,1.1266470185784865,stop,0,-65.11117027203618,-10.680000000000001,-2.4080982088075475,0.0,-65.11117027203618,-93.42703649204525,-1.2515825707657122,2.6654596375492443,0.0,bounce_resistance
EURUSD.a,15m,-1,0.55,2020-06-08 02:15:00,1.1307350783707044,2020-06-08 02:30:00,1.131814404558983,1.1316723351467501,1.1289053297064995,stop,1,-59.362940355326415,-6.600000000000001,-1.213817672815088,0.0,-59.362940355326415,-84.80541201349507,-1.1515800321362584,1.0295168346144208,0.05876550814269255,bounce_resistance
EURUSD.a,15m,-1,0.56,2020-06-08 06:30:00,1.129437591911264,2020-06-08 10:30:00,1.1304996198118071,1.1303575303431899,1.1276349393136205,stop,16,-59.473562430413914,-6.7200000000000015,-1.2370102425740181,0.0,-59.473562430413914,-85.12884134722803,-1.1544554110211616,1.513588345060277,1.4322609704496352,bounce_resistance
EURUSD.a,15m,-1,0.63,2020-06-08 11:00:00,1.1299942665979716,2020-06-08 11:00:00,1.130954804666441,1.1308112045633987,1.1284075908732025,stop,0,-60.51389831357268,-7.560000000000001,-1.4868064916805552,0.0,-60.51389831357268,-86.47683998109763,-1.1757784668108926,1.3290279653742179,0.2377984696428917,bounce_resistance
EURUSD.a,15m,1,0.31,2020-06-08 19:45:00,1.1290427408404873,2020-06-09 09:45:00,1.127414718804838,1.1274326425257983,1.1318347149484034,stop,56,-50.468683105127305,-3.7200000000000006,-0.555635349768092,-2.201,-52.669683105127305,-75.77608457439871,-1.0552287522749821,1.529559293379635,1.5323655313491737,bounce_support
EURUSD.a,15m,1,0.29,2020-06-09 19:45:00,1.1346420339234993,2020-06-10 14:15:00,1.1377022355020312,1.1328988822489845,1.1377022355020312,target,74,88.74584577742594,-3.48,-0.0,-6.1770000000000005,82.56884577742593,117.78386604865187,1.6333642219197462,0.8788873314341205,2.436945756704248,bounce_support
EURUSD.a,15m,1,0.29,2020-06-10 18:00:00,1.1351642282812062,2020-06-10 21:00:00,1.1333790059227522,1.1334259557982835,1.1382080884034327,stop,12,-51.771448395166566,-3.48,-1.361546390410186,0.0,-51.771448395166566,-73.74535047671262,-1.0270095028210953,1.6880139966736494,3.1788869541919387,bounce_support
EURUSD.a,15m,1,0.37,2020-06-11 07:00:00,1.135878114944668,2020-06-11 07:15:00,1.13451261156824,1.1345395573840276,1.1381408852319448,stop,1,-50.52362492783358,-4.44,-0.996995184139914,0.0,-50.52362492783358,-72.88252636656989,-1.0201304871601173,1.111730259814904,0.0014082736428231624,bounce_support
EURUSD.a,15m,-1,0.32,2020-06-12 01:45:00,1.1292396592460774,2020-06-12 08:45:00,1.1309100971822565,1.1307699370731799,1.12624012585364,stop,28,-53.45401395773308,-3.8400000000000007,-0.6451234904585021,0.0,-53.45401395773308,-77.83053866880181,-1.091591282703273,1.385592025428045,1.0388043386130195,bounce_resistance
EURUSD.a,15m,1,0.32,2020-06-12 12:45:00,1.1315592969186412,2020-06-12 13:45:00,1.1299972274757666,1.1300298582270152,1.13420028354597,stop,4,-49.986222171988004,-3.8400000000000007,-1.0441840399536728,0.0,-49.986222171988004,-72.56790187855754,-1.021335115573613,1.307209585835542,0.7785229233953879,bounce_support
EURUSD.a,15m,1,0.35,2020-06-12 14:15:00,1.1298824632549693,2020-06-12 16:30:00,1.132255369064083,1.1284823154679584,1.132255369064083,target,9,83.05170331898148,-4.2,-0.0,0.0,83.05170331898148,120.59899416109761,1.6947538189375801,0.5302749194457029,1.72662969399237,bounce_support
EURUSD.a,15m,-1,0.24,2020-06-12 19:45:00,1.1249007951621113,2020-06-15 16:45:00,1.1270978201276196,1.126942390190192,1.1209052196196159,stop,84,-52.728599172199964,-2.8800000000000003,-0.8503184982634383,0.4008,-52.32779917219997,-76.24957986244476,-1.0679517414175819,1.7482433042776815,1.7833091832781058,bounce_resistance
EURUSD.a,15m,1,0.38,2020-06-16 00:15:00,1.1323171516014756,2020-06-16 05:30:00,1.1343278932643477,1.1310160533678262,1.1343278932643477,target,21,76.40818318913878,-4.5600000000000005,-0.0,0.0,76.40818318913878,109.56777444811688,1.5454187938078816,0.24375684577339227,1.7699266196566257,bounce_support
EURUSD.a,15m,1,0.5,2020-06-16 07:00:00,1.1340933828137836,2020-06-16 09:15:00,1.1330780491866546,1.133097069520713,1.1356858609585743,stop,9,-50.76668135645113,-6.000000000000001,-0.9510167029236549,0.0,-50.76668135645113,-73.28177342290422,-1.0190907159331464,1.0372066908781095,0.6188988850245497,bounce_support
EURUSD.a,15m,-1,0.46,2020-06-16 22:00:00,1.1272099445650159,2020-06-17 09:00:00,1.128419542854238,1.1282817637625286,1.1251264724749426,stop,44,-55.641521304220284,-5.5200000000000005,-0.8178382186350976,2.3045999999999998,-53.33692130422028,-77.35594097783942,-1.081803994473031,1.0450040805234193,1.7446455235689338,bounce_resistance
EURUSD.a,15m,1,0.34,2020-06-17 12:00:00,1.1258907995511973,2020-06-17 12:00:00,1.1244042999526196,1.1244354992794157,1.1283790014411688,stop,0,-50.540986351642395,-4.080000000000001,-1.0607771110676973,0.0,-50.540986351642395,-73.51095421529591,-1.0214384119903148,1.1412074768350162,0.0956506718935489,bounce_support
EURUSD.a,15m,-1,0.31,2020-06-17 19:45:00,1.1229273950101577,2020-06-17 23:45:00,1.1246228010385717,1.12448179721979,1.1198864055604196,stop,16,-52.55758688083412,-3.7200000000000006,-0.6511183822344498,0.0,-52.55758688083412,-76.3563268259445,-1.090712569699084,1.0824772246305607,0.07552421723936285,bounce_resistance
EURUSD.a,15m,-1,0.82,2020-06-18 01:45:00,1.1246994280422238,2020-06-18 04:30:00,1.123634411384762,1.125292794307619,1.1235144113847622,target,11,87.33136591186152,-9.840000000000002,-0.0,0.0,87.33136591186152,127.40734686973744,1.7948722729500144,0.5402598301786211,3.723548457464606,bounce_resistance
EURUSD.a,15m,-1,0.65,2020-06-18 06:15:00,1.1245775824978792,2020-06-18 07:45:00,1.1254771918942548,1.1253387543876954,1.1230924912246092,stop,6,-58.47461076441185,-7.800000000000001,-1.1984379263722151,0.0,-58.47461076441185,-85.02058938949337,-1.1818741711452727,2.0395097649964398,0.23330143986534244,bounce_resistance
EURUSD.a,15m,1,0.49,2020-06-18 10:45:00,1.1246543469520573,2020-06-18 11:00:00,1.1236429100646983,1.1236656790336357,1.1262286419327285,stop,1,-49.56040748059354,-5.880000000000001,-1.1156794779280792,0.0,-49.56040748059354,-71.87563627484452,-1.0230299461660797,1.6126213082777574,0.16755175813435316,bounce_support
EURUSD.a,15m,1,0.39,2020-06-18 14:45:00,1.124179098033447,2020-06-18 15:00:00,1.1229020542225272,1.1229330479119715,1.1262539041760569,stop,1,-49.80470862587039,-4.680000000000001,-1.2087538883273874,0.0,-49.80470862587039,-72.62278889744881,-1.0248735495547785,2.2062499622340375,0.0,bounce_support
EURUSD.a,15m,-1,0.5,2020-06-19 00:30:00,1.1204762990088568,2020-06-19 06:15:00,1.1215728921121106,1.1214393102140925,1.118591379571815,stop,23,-54.82965516269145,-6.000000000000001,-0.6790949009161175,0.0,-54.82965516269145,-79.88934485763411,-1.1387127141323994,1.011100375415625,0.6088184703035491,bounce_resistance
EURUSD.a,15m,-1,1.02,2020-06-19 09:30:00,1.1213301176319694,2020-06-19 09:30:00,1.121936353104654,1.1218015295526083,1.1204169408947835,stop,0,-61.83601821382601,-12.240000000000002,-1.5120023086789869,0.0,-61.83601821382601,-90.01531146928599,-1.2859994542841566,1.7816315864314831,0.4032940696785489,bounce_resistance
EURUSD.a,15m,1,0.31,2020-06-19 17:45:00,1.1196258749076697,2020-06-19 17:45:00,1.1180454213262436,1.1180842336877483,1.1222715326245034,stop,0,-48.99406102420945,-3.7200000000000006,-1.2031832066469497,0.0,-48.99406102420945,-71.426161215572,-1.0251760013958975,1.8200570089925827,0.0,bounce_support
EURUSD.a,15m,-1,0.3,2020-06-19 20:45:00,1.1191380474978398,2020-06-19 21:15:00,1.1177613592233007,1.120679328870885,1.1176413592233008,target,2,41.30064823617552,-3.6000000000000005,-0.0,0.0,41.30064823617552,60.303481246606,0.8932102201554992,0.11805274840943585,1.0757591227901666,bounce_resistance
EURUSD.a,15m,-1,0.34,2020-06-19 22:15:00,1.1187816755533146,2020-06-19 23:30:00,1.1175909708737861,1.1201899631876113,1.1174709708737862,target,5,40.48395910397007,-4.080000000000001,-0.0,0.0,40.48395910397007,59.234704958621805,0.8454982139520016,0.09822172922390869,1.12311967725584,bounce_resistance
EURUSD.a,15m,-1,0.65,2020-06-22 03:45:00,1.118367680498883,2020-06-22 05:15:00,1.119234307500604,1.1190966928300718,1.116946614339856,stop,6,-56.33075511186636,-7.800000000000001,-1.1449535845917214,0.0,-56.33075511186636,-82.20707661933417,-1.1887686458028057,1.2651631003453465,0.5043542929968812,bounce_resistance
EURUSD.a,15m,-1,0.65,2020-06-22 06:30:00,1.119449469924528,2020-06-22 07:45:00,1.1203113716570094,1.1201768280385243,1.1180263439229512,stop,5,-56.02361261128785,-7.800000000000001,-0.9453352015503754,0.0,-56.02361261128785,-81.55413437846693,-1.1849757580155422,1.2930770378081884,0.5904518231997903,bounce_resistance
EURUSD.a,15m,1,0.61,2020-06-22 23:00:00,1.1257022965181098,2020-06-22 23:45:00,1.126417937219731,1.1249235106982625,1.126417937219731,target,3,43.65408279888783,-7.320000000000001,-0.0,0.0,43.65408279888783,63.183457756998486,0.9189185054260169,0.3496423678634296,1.17837723608013,bounce_support
EURUSD.a,15m,1,0.35,2020-06-23 13:45:00,1.1287186833854128,2020-06-23 13:45:00,1.129470835164835,1.1273641234199887,1.129470835164835,target,0,26.325312279777968,-4.2,-0.0,0.0,26.325312279777968,37.96774010582954,0.5552738886585447,0.2795619205343563,0.6284820431117689,bounce_support
EURUSD.a,15m,1,0.36,2020-06-23 14:15:00,1.1287282004700754,2020-06-23 14:30:00,1.12949778021978,1.1273905491352565,1.12949778021978,target,1,27.704870989369468,-4.32,-0.0,0.0,27.704870989369468,39.88206053143142,0.5753216325305756,0.1257431332793071,1.1077621584590138,bounce_support
EURUSD.a,15m,1,0.31,2020-06-23 18:15:00,1.1337506971143247,2020-06-23 18:45:00,1.1321454718569106,1.1321756709307949,1.1364786581384103,stop,2,-49.76198297983814,-3.7200000000000006,-0.9361712904135305,0.0,-49.76198297983814,-71.57114109400261,-1.0191736964121825,1.289310067070479,0.0,bounce_support
EURUSD.a,15m,1,0.4,2020-06-23 19:00:00,1.1323895803790711,2020-06-23 19:45:00,1.1311618315933187,1.1311906760318133,1.1343686479363733,stop,3,-49.10995143009523,-4.800000000000001,-1.1537775397852088,0.0,-49.10995143009523,-70.7401746252614,-1.0240589990023616,1.4176113240047428,0.500806942857577,bounce_support
EURUSD.a,15m,1,0.71,2020-06-24 06:00:00,1.1319104486684932,2020-06-24 10:15:00,1.1312183856726032,1.1312383409272795,1.132863318145441,stop,17,-49.13647270818822,-8.520000000000001,-1.416823082020105,0.0,-49.13647270818822,-71.02493814603253,-1.0296905591954708,3.2144380075011676,0.8920464603249167,bounce_support
EURUSD.a,15m,-1,0.38,2020-06-24 14:00:00,1.1306899463286444,2020-06-24 15:00:00,1.1283740854787019,1.1319379572606492,1.128254085478702,target,4,88.00271229781532,-4.5600000000000005,-0.0,0.0,88.00271229781532,127.29295613998225,1.855641477612996,0.34459126945681906,2.572049848544177,bounce_resistance
EURUSD.a,15m,-1,0.87,2020-06-25 08:00:00,1.124841285489135,2020-06-25 09:15:00,1.1239154281420274,1.1253922859289862,1.1237954281420275,target,5,80.54958919836075,-10.440000000000001,-0.0,0.0,80.54958919836075,117.35421952615279,1.6803205227160403,0.923256088511367,1.907957622354621,bounce_resistance
EURUSD.a,15m,-1,0.36,2020-06-25 19:15:00,1.122590847252542,2020-06-26 11:45:00,1.1240451116462629,1.1239060412402995,1.1200179175194014,stop,66,-52.3535181739474,-4.32,-0.6865346146896066,0.6012,-51.7523181739474,-75.1449370900935,-1.0930436172173015,1.0258203428669677,1.5897633900435506,bounce_resistance
EURUSD.a,15m,-1,0.38,2020-06-26 19:30:00,1.1220924969144368,2020-06-26 19:45:00,1.123472682235954,1.1233261172239197,1.1196777655521604,stop,1,-52.44704221765284,-4.5600000000000005,-1.0094704573078985,0.0,-52.44704221765284,-76.36213595651385,-1.1188088514007057,1.1409532371861622,0.0,bounce_resistance
EURUSD.a,15m,1,0.5,2020-06-29 11:00:00,1.1244524439000023,2020-06-29 12:30:00,1.12596847926886,1.12349576036557,1.12596847926886,target,6,75.80176844288466,-6.000000000000001,-0.0,0.0,75.80176844288466,110.21703881190065,1.58467801973538,0.4102128717362306,1.9625675914991003,bounce_support
EURUSD.a,15m,1,0.47,2020-06-29 16:30:00,1.1276542325407628,2020-06-29 16:30:00,1.1266237238058505,1.1266450726169948,1.128741356993737,stop,0,-48.43391054087731,-5.640000000000001,-1.0033941237769495,0.0,-48.43391054087731,-70.65383516050431,-1.0211550326577836,1.123937360223136,0.0,bounce_support
EURUSD.a,15m,-1,0.4,2020-06-29 20:30:00,1.123242881207332,2020-06-29 20:45:00,1.1230783333333332,1.1244267585192185,1.1229583333333333,target,1,6.581914959955526,-4.800000000000001,-0.0,0.0,6.581914959955526,9.603167481223137,0.1389906473811002,0.08203450787749965,0.5514770836276781,bounce_resistance
EURUSD.a,15m,-1,0.51,2020-06-30 00:00:00,1.1241171988212417,2020-06-30 02:30:00,1.125178224454197,1.125043272262817,1.1227390000000002,stop,10,-54.11230728071992,-6.120000000000001,-0.7625617603900201,0.0,-54.11230728071992,-78.74660896244004,-1.1457251502110795,1.1368441545710095,1.292768767027133,bounce_resistance
EURUSD.a,15m,-1,0.38,2020-06-30 16:15:00,1.1215217201495309,2020-06-30 16:30:00,1.1229028833972257,1.1227547436055008,1.1191105127889984,stop,1,-52.48420341240134,-4.5600000000000005,-1.0693120855471774,0.0,-52.48420341240134,-76.41846740303049,-1.120143530934191,1.2962282612959966,0.1230472533156876,bounce_resistance
EURUSD.a,15m,-1,0.34,2020-06-30 17:15:00,1.122387195111171,2020-06-30 18:00:00,1.1239332377735076,1.12377416335254,1.1196816732949197,stop,3,-52.5654505194444,-4.080000000000001,-1.3285303129042814,0.0,-52.5654505194444,-76.27798894177353,-1.114692187047211,2.128963591779507,1.1876228034934189,bounce_resistance
EURUSD.a,15m,1,0.41,2020-06-30 23:15:00,1.123465793448135,2020-07-01 06:45:00,1.1223031663717493,1.1223160670784402,1.1253578658431194,stop,30,-47.66771013180925,-4.920000000000001,-0.5289289743282518,-8.733,-56.40071013180925,-81.76385928067447,-1.1964821479661285,1.0748587496197222,0.5255220440194356,bounce_support
EURUSD.a,15m,-1,0.73,2020-07-01 10:00:00,1.1233203608369067,2020-07-01 11:00:00,1.1241032822682842,1.1239647447447092,1.1220905105105816,stop,4,-57.15326449055613,-8.760000000000002,-1.3532392209821065,0.0,-57.15326449055613,-82.67505350868817,-1.2149922148853702,1.7996091290483116,1.552429886584401,bounce_resistance
EURUSD.a,15m,-1,0.64,2020-07-01 11:30:00,1.124127010403115,2020-07-01 12:15:00,1.1228301979876665,1.1248549010061666,1.1227101979876666,target,3,82.99599458869977,-7.6800000000000015,-0.0,0.0,82.99599458869977,120.35731110052463,1.7816034580080617,0.23765878575696375,2.6473901366989177,bounce_resistance
EURUSD.a,15m,-1,0.36,2020-07-01 17:00:00,1.1238790314575682,2020-07-01 17:00:00,1.125326201453862,1.1251747486402146,1.1213505027195705,stop,0,-52.09811986658064,-4.32,-1.1323012913162183,0.0,-52.09811986658064,-75.24063410441731,-1.1168872464422719,1.9456163553245136,0.1767603769059828,bounce_resistance
EURUSD.a,15m,1,0.33,2020-07-01 20:30:00,1.1256181690321436,2020-07-02 10:15:00,1.1280015626427793,1.1242042186786103,1.1280015626427793,target,55,78.65198915097693,-3.9600000000000004,-0.0,-2.3430000000000004,76.30898915097693,110.09968279873743,1.6354135807224348,0.9110426182394413,1.8471871811692375,bounce_support
EURUSD.a,15m,1,0.35,2020-07-02 17:30:00,1.1258435214205793,2020-07-02 17:30:00,1.1244530667157613,1.1244883488466304,1.1280933023067394,stop,0,-48.6659146686308,-4.2,-1.2348745804177927,0.0,-48.6659146686308,-70.42110736774973,-1.026035157106455,1.8326237324465164,0.0,bounce_support
EURUSD.a,15m,-1,0.42,2020-07-02 21:30:00,1.1233436323309243,2020-07-03 04:15:00,1.12460181819368,1.1244683659416843,1.1211432681166311,stop,27,-52.84380623574503,-5.040000000000001,-0.5649945838278524,0.7013999999999999,-52.14240623574503,-75.34267665950703,-1.103804359431293,1.4015475789066314,0.465561201261242,bounce_resistance
EURUSD.a,15m,-1,0.68,2020-07-03 17:15:00,1.124067441379889,2020-07-03 17:45:00,1.1248974194534382,1.1247575581769171,1.1227248836461656,stop,2,-56.43850900134773,-8.160000000000002,-1.3505668034354734,0.0,-56.43850900134773,-81.35984229460959,-1.202663197191246,1.1049703809482927,0.6918269225512865,bounce_resistance
EURUSD.a,15m,-1,0.63,2020-07-03 18:00:00,1.1241569620669154,2020-07-03 23:30:00,1.125029934514771,1.124896422715993,1.1227471545680139,stop,22,-54.99726421490015,-7.560000000000001,-0.8512433230116874,0.0,-54.99726421490015,-79.2936233436182,-1.1805529461838251,1.3293985749084472,0.7802471539696947,bounce_resistance
EURUSD.a,15m,1,0.5,2020-07-06 11:15:00,1.1287944735421314,2020-07-06 14:00:00,1.1302598276862246,1.1278600861568877,1.1302598276862246,target,11,73.26770720466058,-6.000000000000001,-0.0,0.0,73.26770720466058,105.0357783738235,1.5682512063356946,0.6041108335212613,2.670762145636001,bounce_support
EURUSD.a,15m,1,0.47,2020-07-06 22:45:00,1.1309427953551063,2020-07-07 03:15:00,1.1320088235294117,1.1299443240357272,1.1320088235294117,target,18,50.103324192351195,-5.640000000000001,-0.0,-3.337,46.76632419235119,66.91705781096798,0.9965515833985782,0.5135804555960126,1.9201399255872384,bounce_support
EURUSD.a,15m,1,0.61,2020-07-07 05:45:00,1.131180581488538,2020-07-07 08:30:00,1.1303946153636655,1.1304088940815433,1.1323622118369132,stop,11,-47.94393361722759,-7.320000000000001,-0.8710017905434301,0.0,-47.94393361722759,-68.91565728589974,-1.0185032407532137,1.102235802772153,0.5435083009780647,bounce_support
EURUSD.a,15m,-1,0.46,2020-07-07 15:45:00,1.129195368292039,2020-07-07 16:15:00,1.1303489609789663,1.1302061796628027,1.1272176406743948,stop,2,-53.0652635986546,-5.5200000000000005,-1.0479405435344438,0.0,-53.0652635986546,-76.29142503688338,-1.141254165013759,1.4786455229839568,0.11413434333627978,bounce_resistance
EURUSD.a,15m,-1,0.73,2020-07-08 01:45:00,1.127470410707072,2020-07-08 03:15:00,1.1282442251974798,1.1281101775471583,1.1262496449056838,stop,6,-56.48845779976197,-8.760000000000002,-1.025478473485095,0.0,-56.48845779976197,-81.45298236472722,-1.209525786462289,1.2498135927462715,0.485193491788916,bounce_resistance
EURUSD.a,15m,-1,0.71,2020-07-08 07:00:00,1.1278012879700396,2020-07-08 09:00:00,1.1266466463914273,1.1284516768042863,1.1265266463914274,target,8,81.97955208147589,-8.520000000000001,-0.0,0.0,81.97955208147589,118.20450454404343,1.7753096575678806,0.7206643246011386,2.4159208880941083,bounce_resistance
EURUSD.a,15m,1,0.38,2020-07-08 20:00:00,1.1337396714692813,2020-07-09 06:45:00,1.1357836407477886,1.1325081796261056,1.1357836407477886,target,43,77.67083258327555,-4.5600000000000005,-0.0,-2.6980000000000004,74.97283258327556,107.3063957509526,1.6020969115146004,0.9498004195179717,2.160248600476623,bounce_support
EURUSD.a,15m,1,0.35,2020-07-09 12:00:00,1.133077262517035,2020-07-09 13:45:00,1.1317182018454586,1.131742193138662,1.1353356137226762,stop,7,-47.56712350517889,-4.2,-0.839695262122602,0.0,-47.56712350517889,-68.1809527637802,-1.0179700722614446,1.0840354370188454,0.2716993504913662,bounce_support
EURUSD.a,15m,-1,0.32,2020-07-09 20:30:00,1.1292802719206143,2020-07-09 22:30:00,1.1285823333333334,1.1307502190045673,1.1284623333333335,target,8,22.334034792990565,-3.8400000000000007,-0.0,0.0,22.334034792990565,32.08405969313839,0.47480524632496174,0.3059484822924256,0.578437094706643,bounce_resistance
EURUSD.a,15m,-1,0.35,2020-07-10 00:00:00,1.1280867613518581,2020-07-10 00:00:00,1.12822,1.1293981287991615,1.128357074074074,target_gap,0,-4.663352684964872,-4.2,-0.0,0.0,-4.663352684964872,-6.700411915521814,-0.10160283329881682,0.3303716658765088,0.0,bounce_resistance
EURUSD.a,15m,-1,0.61,2020-07-10 00:30:00,1.1283282217778774,2020-07-10 03:00:00,1.1284099206349205,1.1290948485652164,1.1282899206349206,target,10,-4.983630279630447,-7.320000000000001,-0.0,0.0,-4.983630279630447,-7.177507099735644,-0.10656926993994915,0.9154105148849865,0.34987269204139704,bounce_resistance
EURUSD.a,15m,1,0.43,2020-07-10 19:30:00,1.1304668852088018,2020-07-13 04:00:00,1.132170549958876,1.129394725020562,1.132170549958876,target,34,73.25758425318664,-5.160000000000001,-0.0,-3.0530000000000004,70.20458425318664,100.83098878750272,1.522780614298493,0.9204643295159073,1.5978160819520268,bounce_support
EURUSD.a,15m,1,0.5,2020-07-13 23:45:00,1.1345043216785822,2020-07-14 05:30:00,1.1335489941441663,1.133564452349844,1.1359810953003122,stop,23,-47.766376720792536,-6.000000000000001,-0.7729102838833071,-3.5500000000000003,-51.31637672079253,-73.9706182731175,-1.0919896022075746,1.0366565317014569,0.5593100076194499,bounce_support
EURUSD.a,15m,-1,0.81,2020-07-14 06:15:00,1.1341704843591172,2020-07-14 09:15:00,1.1348795312141882,1.1347458531903956,1.1330482936192088,stop,12,-57.432795260751405,-9.72,-1.1079199272116853,0.0,-57.432795260751405,-82.67518175383113,-1.232334489679583,1.2505294026513714,0.8350893079305226,bounce_resistance
EURUSD.a,15m,-1,0.78,2020-07-14 09:30:00,1.134510989794795,2020-07-14 10:15:00,1.1334395251897738,1.135105237405113,1.1333195251897739,target,3,83.57423919165097,-9.360000000000001,-0.0,0.0,83.57423919165097,120.56295324819817,1.8030608561434078,0.33489441396101816,2.340757910748065,bounce_resistance
EURUSD.a,15m,-1,0.69,2020-07-14 11:45:00,1.134896755168094,2020-07-14 11:45:00,1.1357215151634121,1.1355816479155532,1.133566704168894,stop,0,-56.908439676953684,-8.280000000000001,-1.37084010227723,0.0,-56.908439676953684,-81.95103781134426,-1.2042177382923793,1.3918162156664573,0.0,bounce_resistance
EURUSD.a,15m,1,0.37,2020-07-14 21:45:00,1.1397948456979266,2020-07-15 03:00:00,1.141854152084428,1.138547923957786,1.141854152084428,target,21,76.19433630055683,-4.44,-0.0,-7.881,68.31333630055683,97.68956556014933,1.4806914716985162,0.8940783226708388,2.025110494736334,bounce_support
EURUSD.a,15m,1,0.56,2020-07-15 06:30:00,1.1399514123704617,2020-07-15 08:00:00,1.1390852885933451,1.1391007548383814,1.1412584903232375,stop,6,-48.50293151852903,-6.7200000000000015,-0.8661097220248634,0.0,-48.50293151852903,-69.29881201658647,-1.0181815177706226,1.0008873587229752,0.2334519146061276,bounce_support
EURUSD.a,15m,1,0.38,2020-07-15 18:45:00,1.1414486665743266,2020-07-15 19:30:00,1.140197984601667,1.1402237280038878,1.1434825439922245,stop,3,-47.525914961066725,-4.5600000000000005,-0.9782492843912032,0.0,-47.525914961066725,-67.90677548840031,-1.021016076105443,1.0193707704699215,0.0,bounce_support
EURUSD.a,15m,-1,0.53,2020-07-15 22:45:00,1.140798166434163,2020-07-16 02:30:00,1.1418070444072956,1.1416758984430264,1.139108203113947,stop,15,-53.470532576024524,-6.360000000000001,-0.5907361062761944,0.8851,-52.58543257602452,-75.03522006824177,-1.1303882769610158,1.084423897300487,0.4308449849662436,bounce_resistance
EURUSD.a,15m,-1,1.09,2020-07-16 02:45:00,1.1417328858316427,2020-07-16 05:15:00,1.1410166947515203,1.1421616526242397,1.1408966947515204,target,10,78.064827733334,-13.080000000000004,-0.0,0.0,78.064827733334,111.68392190525336,1.6703510917538975,0.31978728466063533,3.4351676880601167,bounce_resistance
EURUSD.a,15m,1,0.31,2020-07-16 19:00:00,1.1433586314212691,2020-07-16 19:30:00,1.141806096684868,1.1418340388547241,1.143875863453815,stop,2,-48.128576828435854,-3.7200000000000006,-0.8662072655390884,0.0,-48.128576828435854,-68.87416366638884,-1.018327630915487,1.2781325739276206,0.15831677526657872,bounce_support
EURUSD.a,15m,-1,0.6,2020-07-17 00:00:00,1.138315911582281,2020-07-17 00:15:00,1.1379515891472867,1.1390964951574045,1.1376915891472867,target,1,21.85934609965745,-15.600000000000001,-0.0,0.0,21.85934609965745,31.366096195573963,0.46673084933489795,0.030859498568279724,0.9940147435950621,bounce_resistance
EURUSD.a,15m,-1,0.63,2020-07-17 01:15:00,1.1382976617408664,2020-07-17 03:00:00,1.139171903300494,1.139037066975318,1.1377650387596898,stop,7,-55.07721825652956,-7.560000000000001,-0.9346884860844368,0.0,-55.07721825652956,-78.90153750666795,-1.1823578180047152,1.382649474874115,0.17265463499351677,bounce_resistance
EURUSD.a,15m,-1,1.02,2020-07-17 07:00:00,1.1391713016175515,2020-07-17 08:15:00,1.1384032927009704,1.1396283536495149,1.1382832927009705,target,5,78.33690949127536,-12.240000000000002,-0.0,0.0,78.33690949127536,112.19677388074557,1.6803533577611194,0.43473908560240027,1.9938684303335341,bounce_resistance
EURUSD.a,15m,-1,0.7,2020-07-17 10:15:00,1.138940415418692,2020-07-17 11:00:00,1.139748304022462,1.1396108745444373,1.1380585039370077,stop,3,-56.55220226390866,-8.4,-1.220063461738218,0.0,-56.55220226390866,-80.87666933228743,-1.2049781601107574,1.1478471270750106,1.0297651149492715,bounce_resistance
EURUSD.a,15m,1,0.4,2020-07-17 20:45:00,1.143874189900336,2020-07-17 21:30:00,1.144109338842975,1.1427105438280536,1.144109338842975,target,3,9.40595770556385,-4.800000000000001,-0.0,0.0,9.40595770556385,13.435355033729735,0.20207943655743815,0.304379406051843,0.4346769277293252,bounce_support
EURUSD.a,15m,1,0.51,2020-07-17 22:00:00,1.1438130629292584,2020-07-17 22:30:00,1.1441483884297519,1.1428961847960968,1.1441483884297519,target,2,17.101600525164518,-6.120000000000001,-0.0,0.0,17.101600525164518,24.420043302486782,0.365725267475977,0.4286970264008184,0.41110923808577915,bounce_support
EURUSD.a,15m,1,0.54,2020-07-17 22:45:00,1.1438226302680687,2020-07-17 23:45:00,1.1429357181912856,1.1429544398470923,1.1441718181818181,stop,4,-47.89325214629026,-6.480000000000001,-1.0109694135625598,0.0,-47.89325214629026,-68.4570720062467,-1.0215639971997,1.4658423282734694,0.2042981904035362,bounce_support
EURUSD.a,15m,1,0.38,2020-07-20 13:15:00,1.1454977453729738,2020-07-20 15:00:00,1.144248401268245,1.1442774799167887,1.1475250401664223,stop,7,-47.47507597969314,-4.5600000000000005,-1.1049886446650845,0.0,-47.47507597969314,-67.89136823546096,-1.0238297727730852,1.022519621980175,0.7639769054356687,bounce_support
EURUSD.a,15m,1,0.27,2020-07-20 16:00:00,1.1419814364445553,2020-07-20 16:30:00,1.1402565038851382,1.1402909362254177,1.1449381275491646,stop,2,-46.57317910426118,-3.2400000000000007,-0.929673187547902,0.0,-46.57317910426118,-66.5483240515849,-1.0203681371286715,1.0360462688663064,0.555198718591957,bounce_support
EURUSD.a,15m,1,0.63,2020-07-21 04:30:00,1.146049554058275,2020-07-21 06:30:00,1.145300252149053,1.1453187558364786,1.147122488327043,stop,8,-47.206020280983196,-7.560000000000001,-1.165732307820227,0.0,-47.206020280983196,-67.21727531501688,-1.025319830937925,2.0108889354748944,1.2595076373648466,bounce_support
EURUSD.a,15m,1,0.44,2020-07-21 07:15:00,1.1439047525270345,2020-07-21 07:15:00,1.142845842559569,1.1428679713501209,1.1455740572997581,stop,0,-46.59203856848659,-5.280000000000001,-0.9736667842817983,0.0,-46.59203856848659,-66.38082686530167,-1.0213437425801286,1.0655599770080346,0.0,bounce_support
EURUSD.a,15m,-1,0.3,2020-07-21 17:00:00,1.1459071910786438,2020-07-21 17:15:00,1.147591090375762,1.1474342422353017,1.1431676744186046,stop,1,-50.51697891354623,-3.6000000000000005,-1.1054442138121834,0.0,-50.51697891354623,-71.08459588769065,-1.102713088409975,1.3901360881729314,0.515497516381021,bounce_resistance
EURUSD.a,15m,1,0.43,2020-07-21 23:45:00,1.1523161226294865,2020-07-22 02:45:00,1.154049403099025,1.1512452984504875,1.154049403099025,target,12,74.53106019015411,-5.160000000000001,-0.0,-9.159,65.3720601901541,91.58316081557034,1.4197293069714618,0.15513529928111217,1.796632358742577,bounce_support
EURUSD.a,15m,1,0.48,2020-07-22 03:30:00,1.1534712203361792,2020-07-22 04:00:00,1.1536434022988507,1.1524941250490006,1.1536434022988507,target,2,8.26473420822893,-5.760000000000001,-0.0,0.0,8.26473420822893,11.58255792618447,0.17621818970043185,0.543673010349952,0.5821127901078249,bounce_support
EURUSD.a,15m,1,0.55,2020-07-22 04:45:00,1.153512363304131,2020-07-22 05:00:00,1.1540575,1.1526637262573431,1.1540575,target,1,29.98251827278753,-6.600000000000001,-0.0,0.0,29.98251827278753,41.999381230441436,0.642367308771378,0.30915843837364737,0.6570968095011457,bounce_support
EURUSD.a,15m,1,0.47,2020-07-22 05:15:00,1.1537022530530519,2020-07-22 05:30:00,1.1541525,1.1527156928408828,1.1541525,target,1,21.16160650655896,-5.640000000000001,-0.0,0.0,21.16160650655896,29.643086382247663,0.4563806054555554,0.23541700768697105,0.49439146332067035,bounce_support
EURUSD.a,15m,1,0.56,2020-07-22 07:30:00,1.1539498345806243,2020-07-22 09:00:00,1.1530976130098887,1.1531153609129337,1.155229278174133,stop,6,-47.72440796119427,-6.7200000000000015,-0.993882570523091,0.0,-47.72440796119427,-66.72875833500318,-1.0212683799766877,1.485768369486805,0.4795422969824208,bounce_support
EURUSD.a,15m,1,0.25,2020-07-22 19:30:00,1.1579930200862998,2020-07-23 15:00:00,1.1561102609167475,1.1561349335624214,1.1612801328751574,stop,78,-47.06897923880682,-3.0000000000000004,-0.6168161418463307,-1.7750000000000001,-48.84397923880682,-68.87291027624025,-1.05148987651778,1.05647399142772,0.9886406742059387,bounce_support
EURUSD.a,15m,1,0.39,2020-07-23 22:15:00,1.160140456847883,2020-07-23 22:45:00,1.158922020672016,1.1589515569523139,1.162096886095372,stop,2,-47.51901085880994,-4.680000000000001,-1.1519149316175543,0.0,-47.51901085880994,-66.92535647621922,-1.024843370251658,1.0601875335178854,0.0,bounce_support
EURUSD.a,15m,1,0.44,2020-07-23 23:45:00,1.1591972457691515,2020-07-24 03:30:00,1.160846778247399,1.1581666108763005,1.160846778247399,target,15,72.57942904289028,-5.280000000000001,-0.0,-3.124,69.45542904289029,97.536061006727,1.5316117173956838,0.13316623578682193,1.6327355521540716,bounce_support
EURUSD.a,15m,1,0.29,2020-07-24 11:45:00,1.1602208998327395,2020-07-24 13:30:00,1.158627729952954,1.1586590811712811,1.1629218376574377,stop,7,-46.2019265137803,-3.48,-0.9091853314864616,0.0,-46.2019265137803,-65.37700086851606,-1.0200735329272663,1.1274675326873103,0.6204946778876369,bounce_support
EURUSD.a,15m,-1,0.32,2020-07-24 15:30:00,1.1609007529096638,2020-07-24 17:00:00,1.1624784499667962,1.16232533050528,1.1581093389894397,stop,6,-50.486305828236766,-3.8400000000000007,-1.059822768521349,0.0,-50.486305828236766,-71.11949319354929,-1.1074841145805316,1.0173170593134564,0.7797068500035789,bounce_resistance
EURUSD.a,15m,1,0.43,2020-07-27 01:15:00,1.1645530995267233,2020-07-27 03:00:00,1.1662795113659523,1.1634902443170239,1.1662795113659523,target,7,74.23570908684951,-5.160000000000001,-0.0,0.0,74.23570908684951,104.29732791049005,1.624315168683541,0.332217900896605,1.7659041948034062,bounce_support
EURUSD.a,15m,1,0.27,2020-07-27 18:45:00,1.1758941021873008,2020-07-28 06:00:00,1.1741477377805538,1.1741706995299555,1.1784465217391304,stop,45,-47.151838982169686,-3.2400000000000007,-0.6199672338445394,-1.9170000000000003,-49.06883898216969,-68.76913231702898,-1.0545210656378892,1.6386780972305335,0.850583470120149,bounce_support
EURUSD.a,15m,-1,0.49,2020-07-28 09:00:00,1.1735133537897795,2020-07-28 10:30:00,1.1718039776464289,1.1744530111767855,1.171683977646429,target,6,83.75943102418182,-5.880000000000001,-0.0,0.0,83.75943102418182,117.53235252112793,1.81914830553,0.5817505590653461,2.557691583138853,bounce_resistance
EURUSD.a,15m,-1,0.35,2020-07-28 14:00:00,1.1737712130053206,2020-07-28 14:45:00,1.1712866638248238,1.1751016680875879,1.171166663824824,target,3,86.95922131738753,-4.2,-0.0,0.0,86.95922131738753,121.95046954350559,1.8674431129706488,0.4049644380035693,2.81949616737758,bounce_resistance
EURUSD.a,15m,-1,0.77,2020-07-29 05:45:00,1.1726994623540374,2020-07-29 07:15:00,1.1734460150018313,1.173310873244138,1.1715082535117238,stop,6,-57.484553880129184,-9.240000000000002,-1.1659153423983668,0.0,-57.484553880129184,-80.27784138440262,-1.2210326310529698,1.0312829819875717,0.3425885234117509,bounce_resistance
EURUSD.a,15m,1,0.38,2020-07-29 14:15:00,1.1733364917362221,2020-07-29 14:45:00,1.1720818650995286,1.1721075878297955,1.175384824340409,stop,2,-47.67581219435346,-4.5600000000000005,-0.9774637501434115,0.0,-47.67581219435346,-66.51108689102198,-1.0209314415328896,1.0631357988121466,0.2957987698443009,bounce_support
EURUSD.a,15m,1,0.36,2020-07-30 02:00:00,1.1791068734880357,2020-07-30 03:15:00,1.1778065442608492,1.1778291863517374,1.1812516272965254,stop,5,-46.81185217871331,-4.32,-0.8151152719730619,0.0,-46.81185217871331,-65.1639853817856,-1.0177211542990108,1.3672153678378234,0.0,bounce_support
EURUSD.a,15m,1,0.55,2020-07-30 07:30:00,1.177091984737097,2020-07-30 08:15:00,1.1762299177301359,1.1762480004200424,1.1783839991599152,stop,3,-47.413685382867726,-6.600000000000001,-0.9945479448632669,0.0,-47.413685382867726,-66.24150967890206,-1.0214253861607947,1.2582991361774,0.5189850735988283,bounce_support
EURUSD.a,15m,-1,0.33,2020-07-30 12:45:00,1.175440574548022,2020-07-30 15:45:00,1.1769824610049366,1.1768282935680427,1.1726934128639148,stop,12,-50.882253078180284,-3.9600000000000004,-1.127525417503319,0.0,-50.882253078180284,-71.1888815364537,-1.1110941297695822,1.7794851957431255,0.865142388841988,bounce_resistance
EURUSD.a,15m,-1,0.25,2020-07-30 16:30:00,1.1791640399759824,2020-07-30 20:00:00,1.181162062508336,1.1810037508460252,1.1755924983079498,stop,14,-49.95056330884262,-3.0000000000000004,-0.9577915577753875,0.0,-49.95056330884262,-69.69132922516201,-1.0860524688356443,1.6502375854021885,0.9588680507939844,bounce_resistance
EURUSD.a,15m,1,0.34,2020-07-31 08:45:00,1.1892569505539041,2020-07-31 09:15:00,1.187868245389953,1.1878937304175792,1.1900436226415094,stop,2,-47.215975574339986,-4.080000000000001,-0.8664909392900748,0.0,-47.215975574339986,-65.39608805310247,-1.0186947265134525,1.142112350321839,0.01690808804945232,bounce_support
EURUSD.a,15m,1,0.28,2020-07-31 11:30:00,1.1869523353588698,2020-07-31 11:45:00,1.185327349744719,1.185360495423145,1.18970900915371,stop,1,-45.49959719622266,-3.3600000000000008,-0.9280789959278001,0.0,-45.49959719622266,-63.272096336057984,-1.0208222432934786,1.0945418064764751,0.004814957181440849,bounce_support
EURUSD.a,15m,-1,0.27,2020-07-31 17:15:00,1.1840315537450197,2020-07-31 19:00:00,1.1808929674123931,1.1857035162938032,1.1807729674123932,target,7,84.74183098091648,-3.2400000000000007,-0.0,0.0,84.74183098091648,118.59634307514833,1.877186982991963,0.650999184026096,3.24262869940732,bounce_resistance
EURUSD.a,15m,-1,0.32,2020-07-31 22:30:00,1.1787839038200698,2020-07-31 22:45:00,1.178020070671378,1.18020192310536,1.177900070671378,target,1,24.442660758140278,-3.8400000000000007,-0.0,0.0,24.442660758140278,34.20706844607134,0.5386620313387195,0.074819983783557,0.9265768341090844,bounce_resistance
EURUSD.a,15m,-1,0.25,2020-07-31 23:00:00,1.177875035436693,2020-08-03 02:00:00,1.179799625516942,1.1796531365931004,1.174393726813799,stop,12,-48.11475200622861,-3.0000000000000004,-0.6622230960402632,0.4175,-47.69725200622862,-66.75612597092878,-1.072992992200646,1.0094839412475376,0.5258617786301676,bounce_resistance
EURUSD.a,15m,-1,0.35,2020-08-03 11:30:00,1.1771603474153312,2020-08-03 11:30:00,1.178596405432631,1.178446926555628,1.174616146888744,stop,0,-50.2620306054946,-4.2,-1.0317606951082192,0.0,-50.2620306054946,-70.53528109895674,-1.1161831964479032,1.0412515971304714,0.21790141511739575,bounce_resistance
EURUSD.a,15m,-1,0.31,2020-08-03 12:00:00,1.177889494455056,2020-08-03 12:30:00,1.1752230273063378,1.179313486346831,1.1751030273063379,target,2,82.66048161026451,-3.7200000000000006,-0.0,0.0,82.66048161026451,116.29708852408586,1.8725297272544585,0.06355762660363955,2.001060870861971,bounce_resistance
EURUSD.a,15m,-1,0.33,2020-08-03 20:00:00,1.1748989681263615,2020-08-03 21:30:00,1.1763933999477818,1.1762454439551355,1.1722691120897288,stop,6,-49.316250106869354,-3.9600000000000004,-0.9225477573337783,0.0,-49.316250106869354,-69.27023359674882,-1.1098838831596352,1.0479444513483902,0.14776954930012168,bounce_resistance
EURUSD.a,15m,1,0.62,2020-08-04 03:15:00,1.1754512003815694,2020-08-04 05:15:00,1.1765169999472114,1.1747215000263942,1.1765169999472114,target,8,66.07957306980471,-7.440000000000001,-0.0,0.0,66.07957306980471,92.67822309930534,1.4605989404872401,0.33054716207637347,1.464710289436656,bounce_support
EURUSD.a,15m,1,0.35,2020-08-04 14:45:00,1.1759093237164513,2020-08-04 15:30:00,1.1745632718135834,1.1745956877784396,1.1781186244431208,stop,3,-47.11181660037477,-4.2,-1.13455876996714,0.0,-47.11181660037477,-66.17199927014828,-1.024676521034596,1.3773402996190351,0.9140099237587317,bounce_support
EURUSD.a,15m,1,0.49,2020-08-05 01:45:00,1.1795322852086576,2020-08-05 02:45:00,1.1810020412473368,1.1785989793763316,1.1810020412473368,target,4,72.01804589527882,-5.880000000000001,-0.0,0.0,72.01804589527882,100.35819720360477,1.5747850144858078,0.18459673420048434,2.0976133690960816,bounce_support
EURUSD.a,15m,1,0.29,2020-08-05 19:45:00,1.1875350981002444,2020-08-05 21:30:00,1.1859146639593154,1.1859445939678008,1.1902647311827956,stop,7,-46.992590086939224,-3.48,-0.867970246075447,0.0,-46.992590086939224,-65.33826935699678,-1.0188179382089424,1.31096679204541,0.2168506781719468,bounce_support
EURUSD.a,15m,1,0.58,2020-08-06 04:45:00,1.187632160878425,2020-08-06 05:00:00,1.1868165729852307,1.1868355042087513,1.1888289915824974,stop,1,-47.30409780527278,-6.96,-1.0980109641957423,0.0,-47.30409780527278,-65.82263908562155,-1.023763340270964,1.697294367696386,0.0,bounce_support
EURUSD.a,15m,1,0.34,2020-08-06 10:15:00,1.1874914652548825,2020-08-06 10:15:00,1.1861110405299793,1.1861432384123032,1.1897635231753934,stop,0,-46.93444064670827,-4.080000000000001,-1.094727999013749,0.0,-46.93444064670827,-65.31826685228344,-1.0238816505554025,1.3732594519038115,0.31043347595487014,bounce_support
EURUSD.a,15m,-1,0.23,2020-08-06 19:00:00,1.1853880621911017,2020-08-06 19:00:00,1.1875262419533958,1.1873583352400487,1.1815433295199023,stop,0,-49.1781345327651,-2.7600000000000002,-1.1018544069878822,0.0,-49.1781345327651,-67.96596671056719,-1.0852200223907205,1.858594071951227,0.0,bounce_resistance
EURUSD.a,15m,1,0.28,2020-08-06 22:30:00,1.1874139554776741,2020-08-07 05:15:00,1.1857914717240254,1.1858130566966651,1.1889057039711193,stop,27,-45.4295451021638,-3.3600000000000008,-0.6043792339090011,-1.9880000000000004,-47.4175451021638,-65.72351601891111,-1.057833120830635,1.7639812780007615,0.5597134140867325,bounce_support
EURUSD.a,15m,-1,0.41,2020-08-07 10:15:00,1.1846124616131015,2020-08-07 11:00:00,1.1825930863060259,1.1857084568469871,1.182473086306026,target,3,82.79438759010094,-4.920000000000001,-0.0,0.0,82.79438759010094,114.76586120443146,1.8425037305284726,0.41746384724361746,2.2832778243292493,bounce_resistance
EURUSD.a,15m,-1,0.26,2020-08-07 15:45:00,1.1840755713486522,2020-08-07 16:00:00,1.181450110701107,1.1857947795842452,1.1813301107011072,target,1,68.26197683617252,-3.1200000000000006,-0.0,0.0,68.26197683617252,95.0962314175873,1.5271335916090938,0.20615806974987094,2.6439911434488077,bounce_resistance
EURUSD.a,15m,-1,0.29,2020-08-07 21:00:00,1.1780994262735613,2020-08-10 04:15:00,1.17977283039892,1.1796359514905104,1.175118097018979,stop,29,-48.528719635397835,-3.48,-0.48948834388042434,0.48429999999999995,-48.04441963539784,-67.05151163998414,-1.078214732230788,1.0351758037507874,0.507265526763744,bounce_resistance
EURUSD.a,15m,-1,0.81,2020-08-10 05:15:00,1.1795995006385693,2020-08-10 06:00:00,1.1790937391304346,1.180160833236256,1.1789737391304347,target,3,40.96668215891475,-9.72,-0.0,0.0,40.96668215891475,57.18089743581424,0.9010014921972885,0.42844360441877355,1.1214396619106362,bounce_resistance
EURUSD.a,15m,-1,0.82,2020-08-10 06:30:00,1.179430540999651,2020-08-10 08:00:00,1.179083304347826,1.1799883111100293,1.178963304347826,target,6,28.47340544966004,-9.840000000000002,-0.0,0.0,28.47340544966004,39.74012958961052,0.6225443876682983,0.33967219975330964,0.8436109983231818,bounce_resistance
EURUSD.a,15m,-1,0.98,2020-08-10 08:15:00,1.1793720528862166,2020-08-10 09:00:00,1.1799702357109252,1.1798375321710297,1.1789486956521738,stop,3,-58.62191682144102,-11.760000000000002,-1.2449469097685086,0.0,-58.62191682144102,-81.95545418143833,-1.285090108679604,1.49941605685756,0.7133569571196634,bounce_resistance
EURUSD.a,15m,1,0.68,2020-08-10 09:30:00,1.1791402870688514,2020-08-10 09:30:00,1.1784589111742811,1.1784743417775585,1.1800813164448827,stop,0,-46.333560830779774,-8.160000000000002,-1.0492810228581595,0.0,-46.333560830779774,-64.77591023330366,-1.0231709773747284,1.8474296386461628,0.0,bounce_support
EURUSD.a,15m,-1,0.94,2020-08-11 02:30:00,1.174061172997898,2020-08-11 03:00:00,1.1732484274208095,1.1745407862895951,1.1731284274208096,target,2,76.39808424632344,-11.280000000000001,-0.0,0.0,76.39808424632344,106.90130166278152,1.6945851817673052,0.497957429946921,2.087458824077641,bounce_resistance
EURUSD.a,15m,1,0.27,2020-08-11 19:00:00,1.1764692032976471,2020-08-11 21:30:00,1.1747397976264062,1.1747733970950138,1.1794432058099726,stop,10,-46.69395312350466,-3.2400000000000007,-0.9071856524037917,0.0,-46.69395312350466,-65.28705292641973,-1.0198132714430563,1.2437761427996996,0.6373350331391883,bounce_support
EURUSD.a,15m,-1,0.51,2020-08-12 01:30:00,1.1743169134691365,2020-08-12 04:45:00,1.1726751218510498,1.175202439074475,1.17255512185105,target,13,83.7313725224187,-6.120000000000001,-0.0,0.0,83.7313725224187,117.39085132196601,1.8540306550016097,0.17287645884039168,2.0743764585261166,bounce_resistance
EURUSD.a,15m,-1,0.43,2020-08-12 09:45:00,1.1734144640212993,2020-08-12 10:30:00,1.1746021886499458,1.174457154532669,1.1713456909346618,stop,3,-51.072159031798186,-5.160000000000001,-1.0764670429128005,0.0,-51.072159031798186,-71.64100917644824,-1.1390960363553455,1.1274064220231141,0.9633386036859353,bounce_resistance
EURUSD.a,15m,-1,0.37,2020-08-12 10:45:00,1.173742616975019,2020-08-12 10:45:00,1.1751114542042818,1.1749653796668103,1.1713492406663792,stop,0,-50.64697748272518,-4.44,-0.9647578864469375,0.0,-50.64697748272518,-71.04458960390127,-1.1194627039671208,1.0610260140342656,0.018496618494047382,bounce_resistance
EURUSD.a,15m,1,0.26,2020-08-12 20:00:00,1.179301399517946,2020-08-13 09:00:00,1.1823175608186065,1.1775812195906967,1.1823175608186065,target,52,78.42019381717336,-3.1200000000000006,-0.0,-1.8460000000000003,76.57419381717335,106.84423365356479,1.7121239784317863,0.896068773695622,2.0396706335624537,bounce_support
EURUSD.a,15m,1,0.31,2020-08-13 14:45:00,1.1835492127584848,2020-08-13 16:45:00,1.186045515711027,1.1820922421444866,1.186045515711027,target,8,77.38539152880874,-3.7200000000000006,-0.0,0.0,77.38539152880874,107.85721069410818,1.7133516136553477,0.8436771110376586,1.7987921076343787,bounce_support
EURUSD.a,15m,1,0.32,2020-08-13 17:45:00,1.1835743088027664,2020-08-13 18:30:00,1.1821009235770845,1.1821363316891536,1.1860173366216928,stop,3,-47.14832722181938,-3.8400000000000007,-1.13305958620615,0.0,-47.14832722181938,-65.84410136276203,-1.0246235574501423,1.2408464542829343,0.3725311009211649,bounce_support
EURUSD.a,15m,1,0.44,2020-08-13 21:00:00,1.1817966418886998,2020-08-13 21:15:00,1.1807444163904728,1.180771431878305,1.18343713624339,stop,1,-46.29792192198945,-5.280000000000001,-1.188681464612002,0.0,-46.29792192198945,-64.82940827835812,-1.0263511744503167,2.035331168777816,0.061800129395623425,bounce_support
EURUSD.a,15m,-1,0.53,2020-08-14 00:30:00,1.1815082267348118,2020-08-14 09:00:00,1.1825013294723858,1.1823652958178201,1.1798294083643595,stop,34,-52.63444509142335,-6.360000000000001,-0.8497836919832477,0.0,-52.63444509142335,-73.61254942718155,-1.158719591293898,1.0988300521616785,1.5730665841771432,bounce_resistance
EURUSD.a,15m,1,0.57,2020-08-17 03:30:00,1.184511318955305,2020-08-17 05:15:00,1.1856988653748841,1.183720567312558,1.1856988653748841,target,7,67.69014591601373,-6.84,-0.0,0.0,67.69014591601373,94.11343350761044,1.5017944388376583,0.48222341212008496,1.8952613737086885,bounce_support
EURUSD.a,15m,1,0.53,2020-08-17 10:45:00,1.1850431362581457,2020-08-17 11:00:00,1.1841692377207615,1.1841910275088934,1.186347944982213,stop,1,-46.31662248136138,-6.360000000000001,-1.1548587709860345,0.0,-46.31662248136138,-64.50872920425267,-1.0255716047405343,1.4941006758383915,0.41880070139803605,bounce_support
EURUSD.a,15m,1,0.42,2020-08-18 10:00:00,1.188705031235797,2020-08-18 10:00:00,1.1904426869319975,1.187633656534001,1.1904426869319975,target,0,72.98153924042295,-5.040000000000001,-0.0,0.0,72.98153924042295,101.00412317374744,1.6218935292086483,0.41538337152342436,1.759392639235795,bounce_support
EURUSD.a,15m,1,0.34,2020-08-18 22:15:00,1.1934457654255732,2020-08-19 02:15:00,1.1941025,1.192091339235646,1.1941025,target,16,22.328975530512274,-4.080000000000001,-0.0,-7.242000000000001,15.086975530512273,20.796426447374458,0.32761812915820876,0.49154795626704917,0.5051840990046521,bounce_support
EURUSD.a,15m,1,0.56,2020-08-19 05:30:00,1.1935719616686207,2020-08-19 10:00:00,1.192723616328928,1.1927446399082786,1.194830720183443,stop,18,-47.50733902278448,-6.7200000000000015,-1.1773204436267009,0.0,-47.50733902278448,-65.37407323900437,-1.025411611731122,1.1627418916468475,1.43600517758432,bounce_support
EURUSD.a,15m,1,0.42,2020-08-19 17:30:00,1.1931406240287217,2020-08-19 17:30:00,1.1920086465213406,1.192039582564423,1.1949208348711542,stop,0,-47.54305531000335,-5.040000000000001,-1.2993138094612156,0.0,-47.54305531000335,-65.6926094484101,-1.0280970736211623,2.6707659285064365,0.21740867990916743,bounce_support
EURUSD.a,15m,-1,0.55,2020-08-20 03:45:00,1.1849755443993615,2020-08-20 04:15:00,1.1834812255916032,1.1858043872041983,1.1833612255916033,target,2,82.18753442670646,-6.600000000000001,-0.0,0.0,82.18753442670646,114.52793181169207,1.8028977256458463,0.04157073022453097,2.226651891759766,bounce_resistance
EURUSD.a,15m,-1,0.48,2020-08-20 06:00:00,1.184425809279735,2020-08-20 10:00:00,1.1855191799562743,1.1853739942490822,1.183199285714286,stop,16,-52.48179247388407,-5.760000000000001,-1.2089139452219555,0.0,-52.48179247388407,-73.18003301060303,-1.15311960417607,1.5020178196303215,1.2189702611831745,bounce_resistance
EURUSD.a,15m,-1,0.35,2020-08-20 14:15:00,1.183827016815312,2020-08-20 15:00:00,1.1852587693675252,1.1851049416032615,1.1813401167934772,stop,3,-50.111339327461025,-4.2,-1.1839717492322763,0.0,-50.111339327461025,-70.09363191330642,-1.120373096847483,1.097860529757113,0.26372194865459864,bounce_resistance
EURUSD.a,15m,1,0.32,2020-08-20 22:30:00,1.1855473479514789,2020-08-21 08:00:00,1.1878897463048435,1.1841551268475783,1.1878897463048435,target,38,74.95674730766666,-3.8400000000000007,-0.0,-2.2720000000000002,72.68474730766665,100.9286093474598,1.6314925459762197,0.42906112384400263,1.732951786006918,bounce_support
EURUSD.a,15m,1,0.58,2020-08-21 09:30:00,1.1874203456296093,2020-08-21 09:30:00,1.1866110630381512,1.1866265814825654,1.188616837034869,stop,0,-46.938390304568145,-6.96,-0.9000697760264968,0.0,-46.938390304568145,-65.23932604737887,-1.019550447663777,1.1090770890672048,0.0,bounce_support
EURUSD.a,15m,1,0.4,2020-08-21 10:30:00,1.1843955609258454,2020-08-21 10:30:00,1.183254543591743,1.183277884980511,1.1862242300389783,stop,0,-45.64069336409738,-4.800000000000001,-0.9336555507241029,0.0,-45.64069336409738,-63.44889461595843,-1.0208838607160364,1.0249490745752354,0.47816997080913415,bounce_support
EURUSD.a,15m,1,0.38,2020-08-21 10:45:00,1.1840655351454277,2020-08-21 11:00:00,1.1828495829872314,1.1828755283683632,1.1860389432632734,stop,1,-46.20618201145765,-4.5600000000000005,-0.9859244830038632,0.0,-46.20618201145765,-64.34415620372596,-1.0218027171204576,1.710523994198604,0.36509443723015983,bounce_support
EURUSD.a,15m,-1,0.25,2020-08-21 18:00:00,1.177934417520696,2020-08-21 23:00:00,1.179839408373576,1.1796975989031557,1.1745148021936884,stop,20,-47.62477132199683,-3.0000000000000004,-0.5452367605065277,0.0,-47.62477132199683,-66.51318583558677,-1.0804281804645466,1.0410627616446662,1.0120442164644015,bounce_resistance
EURUSD.a,15m,1,0.54,2020-08-24 06:00:00,1.1792506536150738,2020-08-24 09:00:00,1.1805121841874555,1.1784239079062722,1.1805121841874555,target,12,68.12265090861526,-6.480000000000001,-0.0,0.0,68.12265090861526,94.90874640708758,1.5258991476477282,0.944248765688112,1.5474484733411007,bounce_support
EURUSD.a,15m,-1,0.84,2020-08-24 09:30:00,1.1802093228947865,2020-08-24 09:45:00,1.180880726556022,1.1807442691594747,1.1791714616810507,stop,1,-56.397907543774835,-10.080000000000002,-1.3824213099781564,0.0,-56.397907543774835,-78.5737876252488,-1.255086175107242,1.2537279900520828,1.045568371455874,bounce_resistance
EURUSD.a,15m,-1,0.36,2020-08-24 20:30:00,1.1801733326791288,2020-08-24 21:45:00,1.1792952136752137,1.1814164108327712,1.1791752136752138,target,5,31.612284140943636,-4.32,-0.0,0.0,31.612284140943636,44.14506932124513,0.7064069152387034,0.01340810376435906,0.807135638406099,bounce_resistance
EURUSD.a,15m,-1,0.65,2020-08-25 02:15:00,1.179251215411118,2020-08-25 03:45:00,1.1800741592024042,1.1799389080391833,1.1779021839216333,stop,6,-53.49134643359733,-7.800000000000001,-0.9913256093642615,0.0,-53.49134643359733,-74.53993260165174,-1.1966738593685426,1.1615430444983255,1.2087019362947693,bounce_resistance
EURUSD.a,15m,1,0.45,2020-08-26 00:00:00,1.1835413021804209,2020-08-26 00:00:00,1.18341,1.1825469687836376,1.183385,target_gap,0,-5.908598118935515,-5.4,-0.0,0.0,-5.908598118935515,-8.213687331705287,-0.13205045797070178,0.33319023729119746,0.0,bounce_support
EURUSD.a,15m,1,0.53,2020-08-26 00:45:00,1.1835394674527642,2020-08-26 01:00:00,1.1833788235294116,1.1826964019481199,1.1833788235294116,target,1,-8.514127937686577,-6.360000000000001,-0.0,0.0,-8.514127937686577,-11.838660610259709,-0.19054738032527396,0.2840437088754881,0.03621610309951151,bounce_support
EURUSD.a,15m,1,0.6,2020-08-26 01:45:00,1.1835781773042062,2020-08-26 02:30:00,1.183695590551181,1.1828347475677514,1.183695590551181,target,3,7.044794818487077,-7.200000000000001,-0.0,0.0,7.044794818487077,9.787699814503553,0.15793455819334537,0.5759485842578098,0.29837748601709874,bounce_support
EURUSD.a,15m,1,0.77,2020-08-26 03:45:00,1.1830686569140487,2020-08-26 05:00:00,1.1824745878347598,1.1824883159818522,1.1838433680362959,stop,5,-45.74331910524832,-9.240000000000002,-1.0570673261250365,0.0,-45.74331910524832,-63.60394208101937,-1.0236553141969171,1.2727982347426685,0.7260268276381812,bounce_support
EURUSD.a,15m,-1,0.46,2020-08-26 11:45:00,1.1817046424899966,2020-08-26 14:45:00,1.179955235186448,1.1826623824067761,1.179835235186448,target,12,80.47273596323868,-5.5200000000000005,-0.0,0.0,80.47273596323868,111.75682359109348,1.8265995526543712,0.9035412379105265,2.270598157074964,bounce_resistance
EURUSD.a,15m,-1,0.37,2020-08-26 16:45:00,1.181488481623713,2020-08-26 17:30:00,1.182865038424482,1.1827129190334276,1.179104161933145,stop,3,-50.93260162845637,-4.44,-1.1884174690228868,0.0,-50.93260162845637,-70.49885340151201,-1.1242361511071357,1.0466181171202846,0.48878090375605726,bounce_resistance
EURUSD.a,15m,-1,0.34,2020-08-26 17:45:00,1.1818883879960138,2020-08-26 19:30:00,1.1833566144047774,1.1832056572617353,1.1793186854765294,stop,7,-49.91969789796036,-4.080000000000001,-1.0525428634325966,0.0,-49.91969789796036,-69.0213590016735,-1.1145985463794648,1.2765894170203136,0.6364590883813468,bounce_resistance
EURUSD.a,15m,1,0.67,2020-08-27 08:45:00,1.1827989465853674,2020-08-27 09:45:00,1.1837495623402676,1.1821302188298664,1.1837495623402676,target,4,63.69125557831246,-8.040000000000001,-0.0,0.0,63.69125557831246,87.98349990097039,1.4215287866852147,0.5816217170110357,1.7212586215598604,bounce_support
EURUSD.a,15m,1,0.52,2020-08-27 10:15:00,1.1828834145343046,2020-08-27 10:15:00,1.1819939207569594,1.1820140425584165,1.184221914883167,stop,0,-46.25367642194789,-6.240000000000001,-1.0463336757692003,0.0,-46.25367642194789,-63.75596353028048,-1.0231452151842095,1.4072394420752574,0.019077525104892894,bounce_support
EURUSD.a,15m,1,0.44,2020-08-27 13:00:00,1.1826446338951413,2020-08-27 13:30:00,1.1816098338883076,1.1816334307884013,1.1835586567164178,stop,2,-45.531200300680474,-5.280000000000001,-1.0382636041225652,0.0,-45.531200300680474,-62.82505250325014,-1.0233354703287605,1.992313791080248,0.0,bounce_support
EURUSD.a,15m,1,0.27,2020-08-27 23:45:00,1.1823902478737438,2020-08-28 06:45:00,1.1851952998647153,1.1807773500676424,1.1851952998647153,target,28,75.73640375622982,-3.2400000000000007,-0.0,-1.9170000000000003,73.81940375622982,101.27924562161951,1.6951179303666142,0.7999563697482286,2.225653796958867,bounce_support
EURUSD.a,15m,1,0.25,2020-08-28 17:00:00,1.1880471488636712,2020-08-31 01:00:00,1.1911704444277573,1.1862497777861212,1.1911704444277573,target,32,78.08238910215204,-3.0000000000000004,-0.0,-1.7750000000000001,76.30738910215203,103.62360855273975,1.6982000001060178,0.7272559795793885,1.8376011373403545,bounce_support
EURUSD.a,15m,1,0.43,2020-08-31 04:00:00,1.1909147705569316,2020-08-31 04:15:00,1.1898268140989599,1.1898489302318291,1.19158843575419,stop,1,-46.78212769278622,-5.160000000000001,-0.9509937133803524,0.0,-46.78212769278622,-63.473844609834366,-1.0207499494515382,1.167877145961735,0.0,bounce_support
EURUSD.a,15m,1,0.47,2020-08-31 08:00:00,1.190251193871859,2020-08-31 10:45:00,1.189254121012464,1.1892756909754736,1.191808618049053,stop,11,-46.86242439155919,-5.640000000000001,-1.0137882614495928,0.0,-46.86242439155919,-63.76620863991399,-1.0221116339986585,1.0673406257602087,0.9931350606244231,bounce_support
EURUSD.a,15m,1,0.34,2020-08-31 20:45:00,1.1945075139380252,2020-08-31 22:15:00,1.1931406932744095,1.1931638060520269,1.1967523878959465,stop,6,-46.471902562934105,-4.080000000000001,-0.7858344389887166,0.0,-46.471902562934105,-63.017876115933646,-1.0172007456815504,1.31540043520105,0.15813411842626493,bounce_support
EURUSD.a,15m,1,0.72,2020-09-01 03:00:00,1.1938006850591727,2020-09-01 03:00:00,1.1941913745019919,1.1931716372097185,1.1941913745019919,target,0,28.12963988298023,-8.64,-0.0,0.0,28.12963988298023,38.14653975804536,0.6210806430038286,0.20775058572425464,1.5091299360629182,bounce_support
EURUSD.a,15m,1,0.55,2020-09-01 03:45:00,1.1940309696337472,2020-09-01 04:30:00,1.1952995528197639,1.193200223590118,1.1952995528197639,target,3,69.772075230915,-6.600000000000001,-0.0,0.0,69.772075230915,94.29805683247287,1.5270408998575449,0.48266210452904545,2.3100084327448087,bounce_support
EURUSD.a,15m,1,0.24,2020-09-01 16:45:00,1.1973058408199262,2020-09-01 17:00:00,1.1954047170746904,1.1954491739310162,1.2005816521379675,stop,1,-45.6269698856584,-2.8800000000000003,-1.0669645518184836,0.0,-45.6269698856584,-61.8352169535133,-1.0239444439879652,1.9959642960519937,0.17459199709437018,bounce_support
EURUSD.a,15m,-1,0.52,2020-09-02 05:30:00,1.1907661078118623,2020-09-02 09:30:00,1.1892867567567567,1.191631300972973,1.1891667567567568,target,16,76.92625486549431,-6.240000000000001,-0.0,0.0,76.92625486549431,104.56483099376673,1.7098506109391756,0.674869167236553,1.9603805116590374,bounce_resistance
EURUSD.a,15m,-1,0.34,2020-09-02 20:15:00,1.184368630120459,2020-09-02 21:30:00,1.1826088846153846,1.1857011290525281,1.1824888846153847,target,5,59.83134717252981,-4.080000000000001,-0.0,0.0,59.83134717252981,81.77032550571246,1.3206355838063404,0.023542142350670963,1.4999112362181155,bounce_resistance
EURUSD.a,15m,-1,0.35,2020-09-02 22:30:00,1.183851915277478,2020-09-02 23:15:00,1.1853005043715574,1.185154734909797,1.1822303076923077,stop,3,-50.70061829277938,-4.2,-0.9019311616198218,0.0,-50.70061829277938,-69.10077181047181,-1.1118876766547474,1.3110676874599363,0.3084964852446309,bounce_resistance
EURUSD.a,15m,-1,0.5,2020-09-03 01:30:00,1.185217986429959,2020-09-03 03:45:00,1.183560936801017,1.1861245315994915,1.183440936801017,target,9,82.85248144710434,-6.000000000000001,-0.0,0.0,82.85248144710434,113.15707869146578,1.8278732098883217,0.2779933957079902,2.4686982018924213,bounce_resistance
EURUSD.a,15m,-1,0.33,2020-09-03 11:45:00,1.1833613837982615,2020-09-03 14:00:00,1.1807307438851562,1.184764628057422,1.1806107438851563,target,9,86.81111713247502,-3.9600000000000004,-0.0,0.0,86.81111713247502,119.13966531596104,1.874684251107578,0.17004609153451186,2.260036894901489,bounce_resistance
EURUSD.a,15m,-1,0.53,2020-09-04 11:15:00,1.1844657549659376,2020-09-04 11:30:00,1.185479735633413,1.1853367657645406,1.1831425954198473,stop,1,-53.74097537619505,-6.360000000000001,-1.2174030502431246,0.0,-53.74097537619505,-73.71471438630947,-1.1641424757324752,1.0611177674774128,0.6150956644820329,bounce_resistance
EURUSD.a,15m,-1,0.26,2020-09-04 20:30:00,1.184015933610223,2020-09-07 20:45:00,1.1817791139626055,1.1857631675943268,1.1805936648113464,signal,97,58.15731083805398,-3.1200000000000006,-0.4739260554909067,0.4342,58.59151083805398,80.49279559018832,1.289764088908407,0.8379337874017407,1.5715889429836973,bounce_resistance
EURUSD.a,15m,-1,1.55,2020-09-08 00:30:00,1.1812843533070587,2020-09-08 01:00:00,1.1817135414203788,1.1815852800088453,1.1806994399823092,stop,2,-66.52415756460695,-18.6,-1.280518787706546,0.0,-66.52415756460695,-91.39440232539286,-1.4262214378848612,1.3812223723370136,0.0,bounce_resistance
EURUSD.a,15m,-1,1.58,2020-09-08 01:15:00,1.1815041429357174,2020-09-08 01:15:00,1.1819253580338573,1.1817965724374333,1.1809368551251336,stop,0,-66.55198550611541,-18.96,-1.388124234999603,0.0,-66.55198550611541,-91.43263382166761,-1.4403987821623612,1.7982353394472756,0.0,bounce_resistance
EURUSD.a,15m,-1,0.52,2020-09-08 10:00:00,1.1816462753885988,2020-09-08 12:45:00,1.1800640162080702,1.1825179918959647,1.1799440162080703,target,11,82.27747738748548,-6.240000000000001,-0.0,0.0,82.27747738748548,113.44079938712167,1.8151075116262876,0.5663820831993416,2.943933454183805,bounce_resistance
EURUSD.a,15m,-1,0.29,2020-09-08 16:00:00,1.1800281667778556,2020-09-08 16:45:00,1.1770308448773124,1.1816195775613438,1.1769108448773125,target,3,86.92233511575421,-3.48,-0.0,0.0,86.92233511575421,120.20291664811887,1.883436967778602,0.1393940674815458,2.1918707690354626,bounce_resistance
EURUSD.a,15m,-1,0.22,2020-09-08 18:15:00,1.1797136969543434,2020-09-09 01:00:00,1.175843877822757,1.1817480610886215,1.175723877822757,target,27,85.13602089490213,-2.6400000000000006,-0.0,1.1022,86.23822089490213,119.70880190852598,1.926852260879712,0.43566588238698806,1.982780214405698,bounce_resistance
EURUSD.a,15m,-1,0.5,2020-09-09 03:45:00,1.1773871944696492,2020-09-09 11:00:00,1.1784568587287783,1.1783165615243785,1.175566876951243,stop,29,-53.483212956451084,-6.000000000000001,-1.014860219995574,0.0,-53.483212956451084,-73.98731854476058,-1.1509599503079662,1.4556202777650593,1.4065427249624873,bounce_resistance
EURUSD.a,15m,-1,0.4,2020-09-09 15:30:00,1.1775417869612934,2020-09-09 15:45:00,1.1788514626870732,1.1786974373831607,1.175352694063927,stop,1,-52.3870290311912,-4.800000000000001,-1.3610121565073579,0.0,-52.3870290311912,-72.1992158535691,-1.1332801866360576,3.849099134597615,0.036158824937651574,bounce_resistance
EURUSD.a,15m,1,0.24,2020-09-09 19:00:00,1.181094163463159,2020-09-10 13:00:00,1.1844285927358251,1.1792107036320874,1.1844285927358251,target,72,80.02630254398468,-2.8800000000000003,-0.0,-1.704,78.32230254398469,107.72467546555262,1.7326779253949063,0.7349046899351346,1.7817404340029581,bounce_support
EURUSD.a,15m,1,0.25,2020-09-10 21:30:00,1.1823879818541616,2020-09-11 11:30:00,1.1856756526704155,1.1805221736647922,1.1856756526704155,target,56,82.19177040634796,-3.0000000000000004,-0.0,-1.7750000000000001,80.41677040634795,110.24755340729341,1.7240093781242438,0.9690073526650497,1.893023176745813,bounce_support
EURUSD.a,15m,1,0.36,2020-09-11 15:45:00,1.1841567795723367,2020-09-11 17:45:00,1.1828357950778343,1.1828644790719773,1.1863310418560455,stop,8,-47.55544180208471,-4.32,-1.032623789147415,0.0,-47.55544180208471,-65.36560939354351,-1.0221960713743001,1.05763293595926,1.2328560015417502,bounce_support
EURUSD.a,15m,-1,0.38,2020-09-11 20:45:00,1.1830441478959164,2020-09-11 22:15:00,1.1844109114438661,1.184267420989117,1.1806451580217658,stop,6,-51.93701482208989,-4.5600000000000005,-0.8926372804647714,0.0,-51.93701482208989,-71.34989397473609,-1.1173004258383525,1.1002057607285751,0.3385571858142477,bounce_resistance
EURUSD.a,15m,-1,0.47,2020-09-11 22:30:00,1.1840246725756316,2020-09-14 05:30:00,1.1851495744372536,1.1850158965142346,1.1820882069715308,stop,28,-52.870387496231736,-5.640000000000001,-0.6428623819019034,0.7848999999999999,-52.085487496231735,-71.51652821122029,-1.118013617774267,1.0444939675565195,0.8420625684323468,bounce_resistance
EURUSD.a,15m,1,0.83,2020-09-14 09:15:00,1.1850382620310311,2020-09-14 09:15:00,1.184466244842974,1.184478637889521,1.185772724220958,stop,0,-47.477426608748985,-9.96,-1.0286228634029233,0.0,-47.477426608748985,-65.21624534168816,-1.0221453036560277,1.3728178862297258,0.0,bounce_support
EURUSD.a,15m,1,0.43,2020-09-14 17:00:00,1.1880066409776806,2020-09-14 17:45:00,1.1869163884818752,1.1869416396633428,1.1897267206733144,stop,3,-46.880857319632646,-5.160000000000001,-1.0858008031054365,0.0,-46.880857319632646,-64.276704672086,-1.0237100002860247,1.0578775467344388,0.6040922331813104,bounce_support
EURUSD.a,15m,1,0.56,2020-09-14 23:45:00,1.1863690414228085,2020-09-15 05:00:00,1.187622430442355,1.1855487847788224,1.187622430442355,target,21,70.18978509460538,-6.7200000000000015,-0.0,-3.976000000000001,66.21378509460538,90.61072199056501,1.4414866715380763,0.7668836667407262,2.0371167846581506,bounce_support
EURUSD.a,15m,1,0.48,2020-09-15 15:45:00,1.1885059861035083,2020-09-15 15:45:00,1.1875193968096587,1.1875433759649217,1.1900232480701565,stop,0,-47.356286104783145,-5.760000000000001,-1.1509994526191307,0.0,-47.356286104783145,-64.57088369891348,-1.0249105575577908,1.7410850315466229,0.06650033479344382,bounce_support
EURUSD.a,15m,-1,0.57,2020-09-15 22:00:00,1.1853864944162646,2020-09-16 03:00:00,1.1839357014607095,1.1861921492696452,1.1838157014607096,target,20,82.69519846664464,-6.84,-0.0,2.8556999999999997,85.55089846664464,117.23797959031496,1.8629478234473855,0.029175748941121904,2.937355129600138,bounce_resistance
EURUSD.a,15m,-1,0.71,2020-09-16 05:15:00,1.1846605298983972,2020-09-16 09:45:00,1.1854520572520888,1.1853182941586966,1.1833734116826065,stop,18,-56.1984421121029,-8.520000000000001,-0.977179630859613,0.0,-56.1984421121029,-76.83155665062944,-1.203360233241171,1.2306386200344255,0.8369714373757917,bounce_resistance
EURUSD.a,15m,1,0.32,2020-09-16 16:45:00,1.1848591347924669,2020-09-16 17:15:00,1.183382317381066,1.1834166993703028,1.1873266012593944,stop,2,-47.25815716482629,-3.8400000000000007,-1.1002236555756746,0.0,-47.25815716482629,-64.46169408122311,-1.0238360682970427,2.6407662581886533,0.333370354155461,bounce_support
EURUSD.a,15m,-1,0.3,2020-09-17 00:45:00,1.1812888291024999,2020-09-17 03:15:00,1.178443816389615,1.1828030918051926,1.178323816389615,target,10,85.35038138654859,-3.6000000000000005,-0.0,0.0,85.35038138654859,117.3217245412976,1.8788105312412644,0.4168173041426859,2.5219065989732576,bounce_resistance
EURUSD.a,15m,-1,0.35,2020-09-17 11:00:00,1.1793802399343407,2020-09-17 11:15:00,1.1808431802562158,1.1806933215933333,1.1768133568133334,stop,1,-51.20291126562871,-4.2,-1.0450532008941107,0.0,-51.20291126562871,-70.1688496329072,-1.114127451142303,1.1726308528599758,0.1981902135015947,bounce_resistance
EURUSD.a,15m,-1,0.4,2020-09-17 11:30:00,1.180750230351549,2020-09-17 12:15:00,1.178639274691236,1.1819103626543819,1.178519274691236,target,3,84.43822641251764,-4.800000000000001,-0.0,0.0,84.43822641251764,115.67672636826856,1.819581831449858,0.39630794464429214,2.068928126290175,bounce_resistance
EURUSD.a,15m,1,0.38,2020-09-17 14:45:00,1.18003960450315,2020-09-17 14:45:00,1.18030889380531,1.1788086805996008,1.18030889380531,target,0,10.232993482074626,-4.5600000000000005,-0.0,0.0,10.232993482074626,13.999006104236267,0.21877006481341463,0.1459103220209268,0.6177437083295575,bounce_support
EURUSD.a,15m,1,0.33,2020-09-17 20:15:00,1.1824462835140082,2020-09-17 22:30:00,1.1848169176400363,1.1810565411799818,1.1848169176400363,target,9,78.2309261589278,-3.9600000000000004,-0.0,0.0,78.2309261589278,106.95174877495393,1.7058083847528491,0.10525945020645662,1.945480410140933,bounce_support
EURUSD.a,15m,1,0.45,2020-09-17 23:30:00,1.1847632003213562,2020-09-18 09:45:00,1.1864377269152817,1.1837261365423593,1.1864377269152817,target,41,75.35369672664882,-5.4,-0.0,-3.1950000000000003,72.15869672664883,98.52092614435547,1.5462179148484954,0.46593115210671393,1.8097244515270046,bounce_support
EURUSD.a,15m,1,0.52,2020-09-18 11:00:00,1.1850029761068968,2020-09-18 11:00:00,1.1840729446024911,1.1840924087628362,1.186425182474328,stop,0,-48.36163822909256,-6.240000000000001,-1.012136337945831,0.0,-48.36163822909256,-66.1726755912273,-1.021375860305116,1.101484819809306,0.0,bounce_support
EURUSD.a,15m,1,0.42,2020-09-18 13:15:00,1.1846542163474774,2020-09-18 14:45:00,1.1835058345867584,1.1835284548229226,1.186503090354155,stop,6,-48.23203395019648,-5.040000000000001,-0.9500499188966102,0.0,-48.23203395019648,-66.10840876409557,-1.0200932752370608,1.416122609189217,0.21832657020313678,bounce_support
EURUSD.a,15m,1,0.42,2020-09-18 15:00:00,1.1843357315747682,2020-09-18 15:00:00,1.1831955526604443,1.1832191500225968,1.1861616999548061,stop,0,-47.88751440160554,-5.040000000000001,-0.9910892104039892,0.0,-47.88751440160554,-65.65329641020776,-1.0211335769488816,1.07088602032051,0.01277866825224746,bounce_support
EURUSD.a,15m,-1,0.68,2020-09-21 02:00:00,1.1848196719915969,2020-09-21 03:15:00,1.1856438064115635,1.1855077772895162,1.1834744454209678,stop,5,-56.04114055773213,-8.160000000000002,-1.0899802992338898,0.0,-56.04114055773213,-76.6741559142593,-1.1976864913824694,1.0758934870021863,0.7697542704560563,bounce_resistance
EURUSD.a,15m,1,0.71,2020-09-21 06:00:00,1.1859896069086917,2020-09-21 07:00:00,1.1869168978591285,1.1853315510704356,1.1869168978591285,target,4,65.83765748100956,-8.520000000000001,-0.0,0.0,65.83765748100956,89.94092632752223,1.4091371833949473,0.500879848684683,1.7937582537623964,bounce_support
EURUSD.a,15m,1,0.69,2020-09-21 08:00:00,1.186788657034077,2020-09-21 09:00:00,1.1860945548375172,1.1861088520112317,1.1877622959775367,stop,4,-47.8930515626299,-8.280000000000001,-0.9865049862980606,0.0,-47.8930515626299,-65.45985944266293,-1.0210312857863888,1.2778032007489308,0.3255977206469488,bounce_support
EURUSD.a,15m,1,0.65,2020-09-21 09:15:00,1.1861097077742042,2020-09-21 10:15:00,1.1853746046775893,1.1853926723345178,1.1871846553309646,stop,4,-47.78170127997195,-7.800000000000001,-1.1743977003586554,0.0,-47.78170127997195,-65.58105557305474,-1.0251977181720338,1.6870962120551034,1.0045420155395484,bounce_support
EURUSD.a,15m,-1,0.41,2020-09-21 20:00:00,1.1740506043425345,2020-09-21 20:15:00,1.1753151996458795,1.1751658271229812,1.1730418796992481,stop,1,-51.84840743714481,-4.920000000000001,-1.2042734388353595,0.0,-51.84840743714481,-71.90382126413824,-1.1339396266981077,1.2727462910118617,0.3771482702012798,bounce_resistance
EURUSD.a,15m,-1,0.42,2020-09-21 21:45:00,1.1754241607757523,2020-09-21 22:00:00,1.1766569859394242,1.1765103813056506,1.173299237388699,stop,1,-51.77865687422223,-5.040000000000001,-1.117394618496235,0.0,-51.77865687422223,-71.70565970671962,-1.134967651354763,1.901859859379682,0.05906790931151009,bounce_resistance
EURUSD.a,15m,-1,0.67,2020-09-22 03:15:00,1.1769991559136144,2020-09-22 03:30:00,1.176073092783505,1.177678823736235,1.1759530927835051,target,1,62.0462297173261,-8.040000000000001,-0.0,0.0,62.0462297173261,86.00331242698783,1.3625231315772333,0.11894646722250163,2.0880139773902813,bounce_resistance
EURUSD.a,15m,-1,0.52,2020-09-22 04:00:00,1.1768078592354998,2020-09-22 04:15:00,1.1760174226804123,1.1776856419443673,1.1758974226804124,target,1,41.102700864549035,-6.240000000000001,-0.0,0.0,41.102700864549035,56.98182643803673,0.9004922825459577,0.253070335353064,1.7405893509464192,bounce_resistance
EURUSD.a,15m,-1,0.64,2020-09-22 06:45:00,1.1768287958950263,2020-09-22 08:30:00,1.1758132989690722,1.1775439553340743,1.1756932989690723,target,7,64.99180326106568,-7.6800000000000015,-0.0,0.0,64.99180326106568,90.15620250397527,1.4199587819269683,0.0995639588684303,1.8440585735424673,bounce_resistance
EURUSD.a,15m,-1,0.33,2020-09-22 13:45:00,1.176251659167204,2020-09-22 15:15:00,1.1736755389496476,1.177627230525176,1.1735555389496477,target,6,85.0119671793641,-3.9600000000000004,-0.0,0.0,85.0119671793641,117.83813700478785,1.8727637811204119,0.35500945113875104,2.022184564314546,bounce_resistance
EURUSD.a,15m,-1,0.29,2020-09-22 20:15:00,1.1709978199620714,2020-09-23 03:15:00,1.1703127322404372,1.1725750389475948,1.1701927322404373,target,28,19.86754392739254,-3.48,-0.0,1.4528999999999999,21.32044392739254,29.881491138602016,0.46612913513099685,0.4198402656868526,0.8545547412517597,bounce_resistance
EURUSD.a,15m,-1,0.67,2020-09-23 09:45:00,1.1688864883755006,2020-09-23 10:15:00,1.1676612963143433,1.1695793518428284,1.1675412963143434,target,2,82.08786809753454,-8.040000000000001,-0.0,0.0,82.08786809753454,115.21912849678509,1.7683022975399936,0.8710397545232913,2.04439755059342,bounce_resistance
EURUSD.a,15m,-1,0.4,2020-09-23 10:45:00,1.1695830649180723,2020-09-23 12:00:00,1.1708840167285923,1.1707338278871475,1.1673323442257049,stop,5,-52.038072420801385,-4.800000000000001,-1.2075536577932757,0.0,-52.038072420801385,-72.98057951980448,-1.1305124039275363,1.6310353499087458,1.2105576521911445,bounce_resistance
EURUSD.a,15m,-1,0.41,2020-09-23 23:45:00,1.1658154144675015,2020-09-24 03:15:00,1.167058592496618,1.1669210918258885,1.1651414253393666,stop,14,-50.97029919377416,-4.920000000000001,-0.7175274999064738,0.6847,-50.28559919377416,-71.09917031045748,-1.1092549013625406,1.116587513648125,0.565639209989671,bounce_resistance
EURUSD.a,15m,-1,0.33,2020-09-24 15:15:00,1.1644216488411374,2020-09-24 15:30:00,1.163516776859504,1.1657727547079755,1.1633967768595042,target,1,29.860775393900862,-3.9600000000000004,-0.0,0.0,29.860775393900862,42.52036309952136,0.669726928024517,0.4058535843278739,1.318659688235263,bounce_resistance
EURUSD.a,15m,-1,0.32,2020-09-24 16:30:00,1.1646072767681854,2020-09-24 18:45:00,1.1661695050936844,1.1660144003057162,1.1625878151260505,stop,9,-49.991306415968495,-3.8400000000000007,-1.1233532149856058,0.0,-49.991306415968495,-70.95595199132553,-1.110228266268918,1.4588081124822057,1.0782825585079463,bounce_resistance
EURUSD.a,15m,1,0.43,2020-09-25 11:15:00,1.1666552403178867,2020-09-25 11:15:00,1.1655820517306699,1.1656049122075,1.1683501755849999,stop,0,-46.14710925032384,-5.160000000000001,-0.9830005036998578,0.0,-46.14710925032384,-65.27726433689399,-1.021765081410403,1.2426976913015522,0.07117745528663992,bounce_support
EURUSD.a,15m,-1,0.41,2020-09-25 21:30:00,1.1628645640010034,2020-09-28 07:15:00,1.1640902888649969,1.1639560679621614,1.160982694063927,stop,39,-50.254719423734606,-4.920000000000001,-0.5830570162532498,0.6847,-49.57001942373461,-70.20652554136278,-1.1076687827231937,1.0585724286064686,1.2501686201446005,bounce_resistance
EURUSD.a,15m,1,0.47,2020-09-28 23:30:00,1.1664423767035037,2020-09-29 03:00:00,1.1679453932444723,1.1654923033777638,1.1679453932444723,target,14,70.64177742552546,-5.640000000000001,-0.0,-3.337,67.30477742552546,94.97738968379636,1.5072694940186344,0.4024707284627803,1.8815635046949373,bounce_support
EURUSD.a,15m,1,0.68,2020-09-29 07:30:00,1.167468146690738,2020-09-29 09:00:00,1.1667842983368302,1.1667972551141086,1.168171230769231,stop,6,-46.50168806572896,-8.160000000000002,-0.881060854929035,0.0,-46.50168806572896,-65.59696440362387,-1.0193127738218344,1.1449639815082189,0.673511674617055,bounce_support
EURUSD.a,15m,1,0.81,2020-09-29 09:15:00,1.166979092290696,2020-09-29 09:45:00,1.1676331516587677,1.1664156589114685,1.1676331516587677,target,2,52.97880881380968,-9.72,-0.0,0.0,52.97880881380968,74.73382538271926,1.1608459707667578,0.8148120214769956,2.2379002661020797,bounce_support
EURUSD.a,15m,1,0.5,2020-09-29 10:15:00,1.167192992979867,2020-09-29 11:45:00,1.168620768365192,1.166279615817404,1.168620768365192,target,6,71.38876926624516,-6.000000000000001,-0.0,0.0,71.38876926624516,100.4301580775223,1.5631827069934778,0.6930247502138742,1.5951866107578687,bounce_support
EURUSD.a,15m,1,0.37,2020-09-29 23:00:00,1.174104391007077,2020-09-29 23:30:00,1.1743724703087886,1.1728702815316066,1.1743724703087886,target,2,9.918934163328341,-4.44,-0.0,0.0,9.918934163328341,13.906477530393323,0.21722489539219278,0.39250246165740277,0.29625329048183763,bounce_support
EURUSD.a,15m,1,0.46,2020-09-30 00:00:00,1.1744023895656268,2020-09-30 01:30:00,1.1744266270783847,1.1733943787404824,1.1744266270783847,target,6,1.1149255868647678,-5.5200000000000005,-0.0,0.0,1.1149255868647678,1.5607990520694466,0.0240448933219108,0.6670459769422765,0.02739100978336618,bounce_support
EURUSD.a,15m,1,0.52,2020-09-30 08:45:00,1.1733209164584912,2020-09-30 09:00:00,1.1724119714368257,1.1724293836468673,1.1747112327062652,stop,1,-47.26514112660585,-6.240000000000001,-0.9054349221594586,0.0,-47.26514112660585,-66.42560765456517,-1.0195306440935963,1.1451249412029625,0.021405315945750594,bounce_support
EURUSD.a,15m,-1,0.31,2020-09-30 22:45:00,1.1723191192683575,2020-10-01 04:30:00,1.1739286381568195,1.1737885498856377,1.171291791044776,stop,23,-49.895085542320366,-3.7200000000000006,-0.6227364066391254,0.5176999999999999,-49.37738554232037,-68.81961496650877,-1.0839701240267519,1.3888922060301339,0.40772205323061983,bounce_resistance
EURUSD.a,15m,1,0.48,2020-10-01 09:45:00,1.1747318868048373,2020-10-01 10:30:00,1.1737569970065853,1.1737803258933717,1.1761793482132565,stop,3,-46.794710316095944,-5.760000000000001,-1.1197865657421022,0.0,-46.794710316095944,-65.14647127397458,-1.0245164408344847,2.5346635993300417,1.1014672655567352,bounce_support
EURUSD.a,15m,1,0.31,2020-10-01 21:30:00,1.1743278636068464,2020-10-02 05:00:00,1.1728649499689543,1.1728780754907928,1.1768138490184146,stop,30,-45.350322774654565,-3.7200000000000006,-0.40689117699321203,-2.201,-47.551322774654565,-66.40318778753605,-1.0580260804368544,1.1021359529389978,0.5118930034920096,bounce_support
EURUSD.a,15m,-1,0.33,2020-10-02 13:45:00,1.1721605349553414,2020-10-05 04:30:00,1.1736778892466588,1.1735413736762752,1.1694872526474498,stop,59,-50.07269161347372,-3.9600000000000004,-0.5450138226603157,0.5511,-49.521591613473724,-68.90152298286384,-1.0867701409058195,1.0207311131204686,1.6587997719187473,bounce_resistance
EURUSD.a,15m,1,0.39,2020-10-05 20:15:00,1.1784537926423462,2020-10-05 21:30:00,1.1772748400131616,1.1772927020721846,1.1803745958556309,stop,5,-45.979152538197404,-4.680000000000001,-0.6966203018990883,0.0,-45.979152538197404,-64.0824425619476,-1.015383863655445,1.1142908878901383,0.0,bounce_support
EURUSD.a,15m,1,0.76,2020-10-06 07:30:00,1.1793571068371145,2020-10-06 08:15:00,1.178752762206291,1.178763870800209,1.179424052863436,stop,3,-45.93019194258474,-9.120000000000001,-0.8442531377783603,0.0,-45.93019194258474,-64.04008859690292,-1.0187254199458458,1.0233815873382353,0.10601709770282002,bounce_support
EURUSD.a,15m,1,0.68,2020-10-06 09:30:00,1.1783986968648499,2020-10-06 10:00:00,1.1793313673458394,1.1777393163270802,1.1793313673458394,target,2,63.42159270728943,-8.160000000000002,-0.0,0.0,63.42159270728943,88.64202033220974,1.4144646794462938,0.9686316599672445,2.4588277061286927,bounce_support
EURUSD.a,15m,1,0.3,2020-10-06 17:00:00,1.1781386137033354,2020-10-06 21:45:00,1.176631350155507,1.1766626852050113,1.1806746295899773,stop,19,-45.21790643485124,-3.6000000000000005,-0.9400514851296866,0.0,-45.21790643485124,-63.488678266337985,-1.0212307368140363,3.115742875455672,0.9359439147851952,bounce_support
EURUSD.a,15m,-1,0.48,2020-10-07 02:30:00,1.1735567764114012,2020-10-07 09:30:00,1.1746216359851598,1.1744842442932515,1.1717115114134968,stop,28,-51.11325954041134,-5.760000000000001,-0.8348012116031933,0.0,-51.11325954041134,-71.61728953399376,-1.1481363339873314,1.9658077915987695,1.1394210323411686,bounce_resistance
EURUSD.a,15m,1,0.43,2020-10-07 13:30:00,1.1754341545413807,2020-10-07 14:00:00,1.176188205128205,1.1744080033273643,1.176188205128205,target,2,32.42417523345042,-5.160000000000001,-0.0,0.0,32.42417523345042,45.47570158969204,0.7348337910872305,0.5010514379925435,1.038682646437336,bounce_support
EURUSD.a,15m,1,0.49,2020-10-07 23:00:00,1.1761617792100294,2020-10-08 05:45:00,1.1770944387755102,1.1752555639043882,1.1770944387755102,target,27,45.70031870856073,-5.880000000000001,-0.0,-3.479,42.22131870856073,59.12521874885973,0.9508331630651375,0.31094068735685265,1.1235969902870695,bounce_support
EURUSD.a,15m,1,0.59,2020-10-08 10:15:00,1.1769696238360474,2020-10-08 11:00:00,1.1761904464615784,1.1762069970635078,1.1781360058729842,stop,3,-45.97146509366956,-7.080000000000001,-0.9764855138375069,0.0,-45.97146509366956,-64.16204705392896,-1.0217020992775865,1.6254659299718546,0.6167842264260579,bounce_support
EURUSD.a,15m,1,0.49,2020-10-08 11:30:00,1.1763115770466872,2020-10-08 12:30:00,1.1753732746034278,1.1753916313465986,1.1777267373068026,stop,4,-45.976819719712125,-5.880000000000001,-0.8994804153769436,0.0,-45.976819719712125,-64.21253853956247,-1.019954159434723,1.077864755052188,0.4874450234069746,bounce_support
EURUSD.a,15m,-1,0.54,2020-10-08 15:15:00,1.176476908128129,2020-10-08 16:00:00,1.174999039979349,1.1772954800103255,1.1748790399793492,target,3,79.80488003411601,-6.480000000000001,-0.0,0.0,79.80488003411601,111.47022758386437,1.8054225669398327,0.5168658746691618,3.8932538454382595,bounce_resistance
EURUSD.a,15m,-1,0.69,2020-10-08 20:45:00,1.1756574889181446,2020-10-09 01:00:00,1.1764475686341416,1.1763142098656274,1.1743815802687452,stop,17,-54.51550040379182,-8.280000000000001,-0.9217550274849337,1.1522999999999999,-53.36320040379182,-74.4017963607097,-1.1776382631943105,1.252451417924211,0.5595815384802535,bounce_resistance
EURUSD.a,15m,1,0.77,2020-10-09 08:15:00,1.1776564956085782,2020-10-09 09:00:00,1.1770661794853559,1.1770762163942736,1.1784375672114527,stop,3,-45.45434148812144,-9.240000000000002,-0.7728419866613742,0.0,-45.45434148812144,-63.33599215255123,-1.0172966886807995,1.1141112634080588,0.14390381279099906,bounce_support
EURUSD.a,15m,1,0.52,2020-10-09 15:00:00,1.1800329405195424,2020-10-09 15:45:00,1.1806365306122448,1.1791809328762801,1.1806365306122448,target,3,31.386684820524202,-6.240000000000001,-0.0,0.0,31.386684820524202,43.5237052729348,0.7084327206165124,0.8250401567419098,1.1350361561954527,bounce_support
EURUSD.a,15m,1,0.65,2020-10-09 23:15:00,1.1825402064083006,2020-10-12 00:00:00,1.1809920421579607,1.1818411933991857,1.1835476132016285,stop_gap,3,-100.6306762720921,-15.600000000000001,-1.1672597325444904,-4.615,-105.2456762720921,-145.62441370391312,-2.3163578205648605,2.5181311153700148,0.7865284115320427,bounce_support
EURUSD.a,15m,1,0.53,2020-10-12 04:15:00,1.1813112464682995,2020-10-12 08:45:00,1.1825945886305025,1.1804727056847486,1.1825945886305025,target,18,68.01713459675575,-6.360000000000001,-0.0,0.0,68.01713459675575,94.07625808679911,1.5304469232473175,0.5500584793817238,1.62037858903736,bounce_support
EURUSD.a,15m,1,0.69,2020-10-12 09:30:00,1.1814387051368038,2020-10-12 10:15:00,1.1807696666550582,1.1807857568803997,1.182358486239201,stop,3,-46.163655240446296,-8.280000000000001,-1.1102255485559476,0.0,-46.163655240446296,-63.84308131942012,-1.0246424202586075,1.3151197332738407,1.2578253408917892,bounce_support
EURUSD.a,15m,1,0.45,2020-10-12 11:30:00,1.1812430919903631,2020-10-12 12:15:00,1.1802412126507515,1.1802616133629389,1.1825801711491442,stop,3,-45.084570282521994,-5.4,-0.9180320484304085,0.0,-45.084570282521994,-62.52540743145091,-1.0207856917280809,1.429569581199489,0.2006238384972814,bounce_support
EURUSD.a,15m,-1,0.58,2020-10-12 17:45:00,1.181287674822575,2020-10-13 03:15:00,1.179906600529325,1.1820566997353374,1.1797866005293252,target,38,80.10230900849136,-6.96,-0.0,0.9685999999999999,81.07090900849136,112.88854558029848,1.8175929934814194,0.31510705752635076,2.0645297651952412,bounce_resistance
EURUSD.a,15m,-1,0.86,2020-10-13 07:00:00,1.1795123002457,2020-10-13 08:15:00,1.1801642385979259,1.1800335002835145,1.1784929994329707,stop,5,-56.06669829142552,-10.320000000000002,-0.9234950393768168,0.0,-56.06669829142552,-78.02863903390977,-1.2508409534265483,1.2427085711966328,0.5991945952449861,bounce_resistance
EURUSD.a,15m,-1,0.43,2020-10-13 15:30:00,1.1792573160850741,2020-10-13 16:15:00,1.177697462913938,1.180281268543031,1.1775774629139382,target,3,67.07368635885014,-5.160000000000001,-0.0,0.0,67.07368635885014,93.60773489107397,1.5233648388796959,0.6081179942361232,2.7318808244822583,bounce_resistance
EURUSD.a,15m,-1,0.5,2020-10-13 19:30:00,1.173533488235962,2020-10-13 21:30:00,1.1745593878855636,1.174419671909746,1.1718106561805084,stop,8,-51.2949824800768,-6.000000000000001,-0.9857987908915059,0.0,-51.2949824800768,-71.7131507662409,-1.1576602909203488,1.0567919402521424,0.4891629678879827,bounce_resistance
EURUSD.a,15m,-1,0.46,2020-10-13 21:45:00,1.1743673234435412,2020-10-14 11:30:00,1.1754618034613986,1.1753242794858985,1.172491441028203,stop,55,-50.34608082143999,-5.5200000000000005,-0.8061028730131086,2.3045999999999998,-48.04148082143999,-66.94650411984225,-1.0913563127568586,1.0477770264023247,1.5437735675948008,bounce_resistance
EURUSD.a,15m,-1,0.57,2020-10-14 14:15:00,1.1742555203662908,2020-10-14 15:00:00,1.1751724309670346,1.1750314418151073,1.1727471163697851,stop,3,-52.26390424239868,-6.84,-1.1963816598549577,0.0,-52.26390424239868,-72.74333548011563,-1.1817054447229463,1.0496934128468076,0.4581911826681353,bounce_resistance
EURUSD.a,15m,-1,1.01,2020-10-15 03:15:00,1.175031798529321,2020-10-15 04:15:00,1.1755975162741996,1.1754637005462194,1.1741925989075614,stop,4,-57.137492232735454,-12.120000000000001,-1.3953885260153092,0.0,-57.137492232735454,-79.99088930804346,-1.3098289027247252,1.292426172694241,1.161834188514724,bounce_resistance
EURUSD.a,15m,-1,0.74,2020-10-15 07:45:00,1.1750918448792627,2020-10-15 08:45:00,1.175804381937635,1.1756730913762787,1.1739538172474426,stop,4,-52.72774231954757,-8.88,-0.8355015403712361,0.0,-52.72774231954757,-73.98411977093487,-1.2258775958740253,1.1839299234836624,0.07199162399695984,bounce_resistance
EURUSD.a,15m,-1,0.35,2020-10-15 18:30:00,1.1702520213265957,2020-10-16 04:00:00,1.171584011377222,1.171451386232554,1.1686821518987343,stop,38,-46.61965177192196,-4.2,-0.4418800633824368,0.5844999999999999,-46.03515177192196,-65.00212051781529,-1.0966554416359457,1.0905594009849682,0.9855393639779593,bounce_resistance
EURUSD.a,15m,1,0.31,2020-10-16 17:15:00,1.1730573407813791,2020-10-16 17:30:00,1.1716519024967242,1.1716790128707881,1.1754019742584236,stop,1,-43.56858682430165,-3.7200000000000006,-0.8404215959821183,0.0,-43.56858682430165,-61.52017343166005,-1.019669030754999,1.2387043520341698,0.4009635257142395,bounce_support
EURUSD.a,15m,1,0.34,2020-10-16 19:45:00,1.1717952686448996,2020-10-19 07:15:00,1.1705352672303537,1.1705459989466125,1.1738880021067748,stop,46,-42.840048094558995,-4.080000000000001,-0.36487835280062875,-2.414,-45.254048094558996,-63.86853164146355,-1.0654235961784915,1.0288159927851501,0.5721193398674039,bounce_support
EURUSD.a,15m,1,0.77,2020-10-20 09:45:00,1.1774186856071178,2020-10-20 09:45:00,1.176866596339044,1.1768796247497209,1.1779716097560977,stop,0,-42.51087364169259,-9.240000000000002,-1.003187622128872,0.0,-42.51087364169259,-60.4414275338991,-1.0241687195391533,1.388870285876425,0.07664142613067922,bounce_support
EURUSD.a,15m,1,0.33,2020-10-20 18:00:00,1.1831975627145987,2020-10-21 09:00:00,1.1853175231106376,1.1819312384446812,1.1853175231106376,target,60,69.95869306928371,-3.9600000000000004,-0.0,-7.029000000000002,62.92969306928371,88.85864596058134,1.5059021147585099,0.9772873694345321,1.7708239024331913,bounce_support
EURUSD.a,15m,1,0.32,2020-10-21 12:00:00,1.1851962356410637,2020-10-21 17:15:00,1.1874396360514163,1.183885181974292,1.1874396360514163,target,21,71.78881313128471,-3.8400000000000007,-0.0,0.0,71.78881313128471,100.78027477613566,1.7111430807227257,0.7980113000559533,1.7876952090813099,bounce_support
EURUSD.a,15m,1,0.49,2020-10-22 01:45:00,1.1862895987811617,2020-10-22 02:30:00,1.1854153026556364,1.1854294773944551,1.18762104521109,stop,3,-42.84051015073742,-5.880000000000001,-0.6945622021198518,0.0,-42.84051015073742,-60.303074449955545,-1.0164799283424195,1.3714329156240765,0.0,bounce_support
EURUSD.a,15m,-1,0.9,2020-10-22 08:00:00,1.1844930757655265,2020-10-22 08:30:00,1.18509293693554,1.1849627384996266,1.183574523000747,stop,2,-53.987505301218434,-10.8,-0.9178592322189554,0.0,-53.987505301218434,-76.05587921393332,-1.2772168759842335,1.0793367190284224,0.49626199526567777,bounce_resistance
EURUSD.a,15m,-1,1.18,2020-10-22 08:45:00,1.1848333295396725,2020-10-22 09:00:00,1.1853219749523236,1.1851915268111533,1.1841369463776932,stop,1,-57.66015869283514,-14.160000000000002,-1.2328806581015128,0.0,-57.66015869283514,-81.1771908951642,-1.3641796059224183,1.442418749287299,0.5118116587393289,bounce_resistance
EURUSD.a,15m,-1,0.99,2020-10-22 09:15:00,1.1852328606745137,2020-10-22 09:15:00,1.1857854919884816,1.1856547830002522,1.1844404339994954,stop,0,-54.710500082819856,-11.88,-1.06018983473162,0.0,-54.710500082819856,-77.0244968081372,-1.3097939602998092,1.0597669244066545,0.05418218738156114,bounce_resistance
EURUSD.a,15m,-1,0.71,2020-10-22 10:30:00,1.1860584598854311,2020-10-22 10:30:00,1.1867826028130883,1.1866452926412354,1.1848894147175288,stop,0,-51.41414786366205,-8.520000000000001,-1.2290222015721834,0.0,-51.41414786366205,-72.27076912562664,-1.233985186571139,1.0761841569380908,0.5767569756175928,bounce_resistance
EURUSD.a,15m,-1,0.63,2020-10-22 11:00:00,1.1861174087787647,2020-10-22 11:15:00,1.1849648711348713,1.1867725644325642,1.1848448711348714,target,1,72.6098715652872,-7.560000000000001,-0.0,0.0,72.6098715652872,102.22567059269763,1.7591814055323762,0.019218671413704754,2.438212613293883,bounce_resistance
EURUSD.a,15m,-1,1.0,2020-10-23 00:45:00,1.1821820971049974,2020-10-23 02:45:00,1.181489267177844,1.182600366411078,1.1813692671778442,target,8,69.28299271533601,-12.000000000000002,-0.0,0.0,69.28299271533601,97.21063646551333,1.6564206770168586,0.35360685771709066,2.1089214345254788,bounce_resistance
EURUSD.a,15m,-1,0.6,2020-10-23 06:45:00,1.180210000520821,2020-10-23 10:30:00,1.1810502426963791,1.1809101839485336,1.1788396321029329,stop,15,-50.41453053349353,-7.200000000000001,-1.20352487073816,0.0,-50.41453053349353,-70.66797103096934,-1.2000315093189713,3.599056160770881,1.5281717311079523,bounce_resistance
EURUSD.a,15m,-1,0.57,2020-10-23 11:00:00,1.1828355522844016,2020-10-23 11:00:00,1.1837153771771407,1.1835737056037432,1.1814025887925135,stop,0,-50.15001888612747,-6.84,-1.2352796836582292,0.0,-50.15001888612747,-70.19584687950879,-1.1919270288236004,1.4555888152840553,0.11590042632060461,bounce_resistance
EURUSD.a,15m,1,0.4,2020-10-23 13:30:00,1.1844342616961119,2020-10-23 17:00:00,1.183374340494988,1.1833982163631958,1.1861035672736082,stop,14,-42.3968480449588,-4.800000000000001,-0.9550347283168703,0.0,-42.3968480449588,-59.68528879826393,-1.0230451964303944,1.8476621005799527,1.530568454398484,bounce_support
EURUSD.a,15m,1,0.61,2020-10-26 02:45:00,1.1842703616095491,2020-10-26 04:30:00,1.183574947534113,1.183590526940066,1.185238946119868,stop,7,-42.420258601599144,-7.320000000000001,-0.9503437631191299,0.0,-42.420258601599144,-59.57985168555618,-1.0229164628581149,1.3096737332120651,1.1615153299715768,bounce_support
EURUSD.a,15m,-1,0.99,2020-10-26 09:30:00,1.1836419194976608,2020-10-26 10:00:00,1.182950139837161,1.1840599300814196,1.182830139837161,target,2,68.48618638949367,-11.88,-0.0,0.0,68.48618638949367,96.32781466094725,1.6549333614460016,0.019330855851989657,2.0141104803858227,bounce_resistance
EURUSD.a,15m,-1,0.83,2020-10-27 01:15:00,1.1809024041780039,2020-10-27 03:15:00,1.1815355063047552,1.1814048920874136,1.1805695683453237,stop,8,-52.54747652036484,-9.96,-0.8809800393707214,0.0,-52.54747652036484,-73.700159217331,-1.2599350449944966,1.2887789136198944,0.522209933990581,bounce_resistance
EURUSD.a,15m,1,0.6,2020-10-27 11:15:00,1.1803919648467989,2020-10-27 11:15:00,1.1796833018018134,1.1797012490720118,1.1813775018559767,stop,0,-42.519782699130815,-7.200000000000001,-1.0768362119087358,0.0,-42.519782699130815,-59.686102695336565,-1.0259835823265653,1.1031525188979505,0.547309279736319,bounce_support
EURUSD.a,15m,1,0.51,2020-10-27 11:30:00,1.1804529387863132,2020-10-27 12:30:00,1.181656436718268,1.179651781640866,1.181656436718268,target,4,61.37839452969706,-6.120000000000001,-0.0,0.0,61.37839452969706,86.15116082489587,1.5021995856794539,0.4655001686404752,1.556575037461296,bounce_support
EURUSD.a,15m,-1,0.41,2020-10-27 13:30:00,1.1809957384226357,2020-10-27 14:15:00,1.1821462218818015,1.1820052387811444,1.1801876738609112,stop,3,-47.169821825797655,-4.920000000000001,-0.8603071269461828,0.0,-47.169821825797655,-66.11603193793123,-1.139656315591019,1.0641517541917873,0.2533316808461795,bounce_resistance
EURUSD.a,15m,1,0.48,2020-10-27 21:45:00,1.1824217061455942,2020-10-27 21:45:00,1.1815497602146467,1.181567319433038,1.1834961882352941,stop,0,-41.85340468547594,-5.760000000000001,-0.8428424827846923,0.0,-41.85340468547594,-58.68643477077827,-1.0205518392705015,1.4416260546810795,0.0,bounce_support
EURUSD.a,15m,-1,0.42,2020-10-28 04:00:00,1.1778870205425915,2020-10-28 11:00:00,1.1760934562555303,1.1788632718722347,1.1759734562555304,target,28,75.3297000565718,-5.040000000000001,-0.0,0.0,75.3297000565718,105.7347987992979,1.83719523098296,0.9351889515399945,2.332412231821215,bounce_resistance
EURUSD.a,15m,-1,0.28,2020-10-28 18:30:00,1.1734805105065134,2020-10-28 18:45:00,1.1750802999877292,1.1749297467646589,1.1706705064706824,stop,1,-44.79410547404417,-3.3600000000000008,-0.855490245974374,0.0,-44.79410547404417,-63.39117426948216,-1.1038845269183293,1.179579577779881,0.2763597061986049,bounce_resistance
EURUSD.a,15m,-1,0.4,2020-10-28 21:30:00,1.1755446176561652,2020-10-29 10:45:00,1.1737047379716472,1.1765476310141763,1.1735847379716473,target,53,73.59518738072168,-4.800000000000001,-0.0,0.668,74.26318738072169,105.19163061378748,1.851001952954717,0.33437475299417574,2.0185350872895684,bounce_resistance
EURUSD.a,15m,-1,0.28,2020-10-29 21:00:00,1.1657713329518102,2020-10-29 21:30:00,1.1673752403216613,1.1672278367669873,1.1629143264660258,stop,2,-44.909406355829525,-3.3600000000000008,-0.7672995308763283,0.0,-44.909406355829525,-63.927070583805964,-1.1012036859348031,1.1388003456675637,0.00778092833828265,bounce_resistance
EURUSD.a,15m,-1,0.47,2020-10-30 00:45:00,1.1672385255065925,2020-10-30 04:30:00,1.1682313168136984,1.1680963383148286,1.1655573233703425,stop,15,-46.6611914339794,-5.640000000000001,-0.703989446887001,0.0,-46.6611914339794,-66.16731627053233,-1.157351927569525,1.202447064795389,0.49955596661432045,bounce_resistance
EURUSD.a,15m,1,0.71,2020-10-30 08:00:00,1.1682784842992413,2020-10-30 08:15:00,1.1676990878987774,1.1677123838870063,1.1690252322259875,stop,1,-41.13714443293647,-8.520000000000001,-0.9440151642566263,0.0,-41.13714443293647,-58.54404547360279,-1.023486978531533,1.375169991782492,0.09100099495669974,bounce_support
EURUSD.a,15m,-1,0.45,2020-10-30 12:45:00,1.168233813242607,2020-10-30 13:15:00,1.1666063911618836,1.1691318044190582,1.1664863911618837,target,2,73.23399363255878,-5.4,-0.0,0.0,73.23399363255878,104.03738156688087,1.8122918391639862,0.0180255194231097,1.9753125521982506,bounce_resistance
EURUSD.a,15m,-1,0.39,2020-10-30 15:15:00,1.1674346716467543,2020-10-30 15:45:00,1.1686282032072133,1.1684810708727855,1.1669383333333334,stop,2,-46.54773085790032,-4.680000000000001,-1.0581610426822032,0.0,-46.54773085790032,-65.86445955668485,-1.1406082217642688,2.862510100094821,0.34850144923880366,bounce_resistance
EURUSD.a,15m,1,0.31,2020-10-30 17:30:00,1.1679182923860039,2020-10-30 18:30:00,1.1665854854307705,1.1666145125485075,1.1701109749029852,stop,4,-41.31701561223577,-3.7200000000000006,-0.8998406498485527,0.0,-41.31701561223577,-58.83770842789407,-1.0222638185544737,1.5020115587645362,0.6839403312973039,bounce_support
EURUSD.a,15m,-1,0.55,2020-11-02 04:45:00,1.1643004887738242,2020-11-02 06:00:00,1.163912911392405,1.1650290846502949,1.163792911392405,target,5,21.316755978059156,-6.600000000000001,-0.0,0.0,21.316755978059156,30.453378636616982,0.5319511047697485,0.5757804013493756,0.9339728590290564,bounce_resistance
EURUSD.a,15m,-1,0.76,2020-11-02 09:00:00,1.1643008788858824,2020-11-02 09:30:00,1.1633956972126769,1.1648271513936614,1.163275697212677,target,2,68.79380716361983,-9.120000000000001,-0.0,0.0,68.79380716361983,98.14647277705309,1.7199866225685123,0.11233935507510515,2.395866907818287,bounce_resistance
EURUSD.a,15m,-1,0.49,2020-11-02 11:15:00,1.1642961565870935,2020-11-02 13:15:00,1.1652679394880663,1.1651259859696879,1.1626780280606241,stop,8,-47.61736214766587,-5.880000000000001,-1.0757224005508417,0.0,-47.61736214766587,-67.62965266892851,-1.1710634997457252,1.1976478945579254,0.6461046069703928,bounce_resistance
EURUSD.a,15m,-1,0.65,2020-11-02 23:45:00,1.1638313860405456,2020-11-03 00:00:00,1.1627638355229442,1.164453082238528,1.1626438355229443,target,1,69.39078364409323,-7.800000000000001,-0.0,1.0855,70.47628364409323,99.97628650233816,1.7440198623061274,0.41598124661817193,2.4471535220628926,bounce_resistance
EURUSD.a,15m,-1,0.57,2020-11-03 00:15:00,1.1637698114329196,2020-11-03 02:15:00,1.1646168157909862,1.1644837814944426,1.1623424370111146,stop,8,-48.279248409797134,-6.84,-0.7429549029895554,0.0,-48.279248409797134,-68.44334114432745,-1.18633035712975,1.0927468939188636,0.06976683702006888,bounce_resistance
EURUSD.a,15m,1,0.59,2020-11-03 07:00:00,1.1650779128842113,2020-11-03 08:45:00,1.166075029026579,1.1643874854867104,1.166075029026579,target,7,58.82985239969063,-7.080000000000001,-0.0,0.0,58.82985239969063,83.47501617528042,1.4442012961492847,0.22871758099824507,2.204557816359043,bounce_support
EURUSD.a,15m,1,0.39,2020-11-03 15:45:00,1.1706038247041084,2020-11-03 17:00:00,1.1723069238062265,1.1695515380968866,1.1723069238062265,target,5,66.42086498260502,-4.680000000000001,-0.0,0.0,66.42086498260502,92.6914859228628,1.6184745585753921,0.35524989251289096,1.6879197014404486,bounce_support
EURUSD.a,15m,1,0.34,2020-11-03 20:00:00,1.1710857220666682,2020-11-03 21:00:00,1.1698594328791605,1.1698807868467567,1.1730884263064865,stop,4,-41.6938323752607,-4.080000000000001,-0.7260348982673349,0.0,-41.6938323752607,-58.38818112152797,-1.0177220876635509,1.0006530199662498,0.1612351685978622,bounce_support
EURUSD.a,15m,1,0.36,2020-11-03 21:30:00,1.170503284083414,2020-11-04 00:45:00,1.172415127371664,1.1693474363141678,1.172415127371664,target,13,68.82635837700411,-4.32,-0.0,-7.668,61.15835837700411,85.37735174710554,1.4697811714064235,0.8074455029858005,1.8918719011001028,bounce_support
EURUSD.a,15m,-1,0.13,2020-11-04 06:30:00,1.1656252199341341,2020-11-04 10:30:00,1.1689246029962659,1.1687473404048827,1.1596053191902345,stop,16,-42.89197980771254,-1.5600000000000003,-0.7444136879828794,0.0,-42.89197980771254,-60.61442555003043,-1.0567763457701158,1.257087963977552,0.9017012509639882,bounce_resistance
EURUSD.a,15m,-1,0.17,2020-11-04 11:45:00,1.167614540401888,2020-11-04 13:00:00,1.170174054059321,1.1700057720971129,1.1629084558057743,stop,5,-43.51173217636118,-2.0400000000000005,-0.8207933575404389,0.0,-43.51173217636118,-61.01600316406941,-1.070374595044155,1.2150472929553513,0.16499463547426726,bounce_resistance
EURUSD.a,15m,1,0.23,2020-11-04 21:15:00,1.1716632689367323,2020-11-05 09:15:00,1.174845259007371,1.1698423704963146,1.174845259007371,target,48,73.18577162468976,-2.7600000000000002,-0.0,-1.6330000000000002,71.55277162468977,99.47971085223875,1.7084918090900905,0.32031931259088714,1.7610707945534922,bounce_support
EURUSD.a,15m,1,0.27,2020-11-05 17:15:00,1.18233650203526,2020-11-05 17:15:00,1.180757090114035,1.1807968431669251,1.18497631366615,stop,0,-42.644121873078426,-3.2400000000000007,-1.0733324280337266,0.0,-42.644121873078426,-58.63749999735776,-1.0258193900660335,1.4525958192796233,0.19062532017717992,bounce_support
EURUSD.a,15m,1,0.23,2020-11-06 02:45:00,1.181363233729624,2020-11-06 03:00:00,1.1795393633133664,1.1795740602939144,1.184511879412171,stop,1,-41.94901957392583,-2.7600000000000002,-0.7980305526036832,0.0,-41.94901957392583,-57.71424188807142,-1.019392742959137,1.0246260608586477,0.031727651016325256,bounce_support
EURUSD.a,15m,1,0.34,2020-11-06 20:45:00,1.1882591638018352,2020-11-09 09:00:00,1.1896552500000002,1.1870389816646327,1.1896552500000002,target,49,47.466930737610106,-4.080000000000001,-0.0,-2.414,45.052930737610104,61.831536475639695,1.0859740999020782,0.892623952299679,1.3037694534787236,bounce_support
EURUSD.a,15m,-1,0.36,2020-11-10 03:30:00,1.1823430518338567,2020-11-10 04:00:00,1.183647870950148,1.1835012456434268,1.181027194805195,stop,2,-46.973488186483614,-4.32,-0.9585110419592345,0.0,-46.973488186483614,-64.52224964490483,-1.1265982476417011,1.3011191682181882,0.4775123379929311,bounce_resistance
EURUSD.a,15m,-1,0.38,2020-11-10 06:00:00,1.1830650212860678,2020-11-10 10:30:00,1.1843144602396156,1.1841665286522811,1.1810256363636364,stop,18,-47.47868023481594,-4.5600000000000005,-1.061400318713348,0.0,-47.47868023481594,-65.18483769899356,-1.134299226561741,1.1484069491799822,1.5115843408217653,bounce_resistance
EURUSD.a,15m,-1,0.32,2020-11-10 11:00:00,1.1834418369446953,2020-11-10 11:45:00,1.1810783317618772,1.1847258341190614,1.1809583317618773,target,3,75.6321658501804,-3.8400000000000007,-0.0,0.0,75.6321658501804,103.75351987788136,1.84074017451398,0.4736482816677496,2.6494115505937454,bounce_resistance
EURUSD.a,15m,-1,0.4,2020-11-11 00:45:00,1.1817266472058514,2020-11-11 03:30:00,1.182910409039074,1.1827735196849243,1.1796729606301515,stop,11,-47.35047332890652,-4.800000000000001,-0.6755741659966754,0.0,-47.35047332890652,-64.94016694860592,-1.130760294960687,1.0157424284286507,0.04455863229173665,bounce_resistance
EURUSD.a,15m,1,0.47,2020-11-11 09:45:00,1.1815808880581882,2020-11-11 10:00:00,1.1806761866161832,1.18069385926866,1.1829622814626797,stop,1,-42.5209677742322,-5.640000000000001,-0.8306146664077276,0.0,-42.5209677742322,-58.28223169021779,-1.019923426032388,1.9738796292277727,0.0,bounce_support
EURUSD.a,15m,-1,0.41,2020-11-11 19:00:00,1.1765825430110548,2020-11-11 20:30:00,1.1777319860634883,1.1775902134121414,1.1746195731757174,stop,6,-47.127165149772445,-4.920000000000001,-0.8926787052218211,0.0,-47.127165149772445,-64.75646524922014,-1.140693475955996,1.2081896894384365,0.3002400494532379,bounce_resistance
EURUSD.a,15m,-1,0.51,2020-11-11 22:00:00,1.1773776960859408,2020-11-11 23:00:00,1.1783338043257228,1.1781965096221054,1.175776980755789,stop,4,-48.76152022888114,-6.120000000000001,-0.8820298844913447,0.0,-48.76152022888114,-66.98471080277648,-1.16767517579208,1.0042627261767525,0.4490596084466292,bounce_resistance
EURUSD.a,15m,1,0.59,2020-11-12 05:15:00,1.1780184911038996,2020-11-12 05:45:00,1.1773011043177877,1.1773141527608415,1.1790416944783173,stop,2,-42.32582038060117,-7.080000000000001,-0.7698581401789415,0.0,-42.32582038060117,-58.18062156263478,-1.018525816722086,1.1052800285151132,0.17251495293135488,bounce_support
EURUSD.a,15m,-1,0.68,2020-11-12 09:15:00,1.1771199214196773,2020-11-12 10:00:00,1.177864676869327,1.1777251543250657,1.1763526086956522,stop,3,-50.64337057618662,-8.160000000000002,-1.3275330097754392,0.0,-50.64337057618662,-69.73845767111447,-1.2305270302045896,2.891578704233641,0.941656368322266,bounce_resistance
EURUSD.a,15m,1,0.28,2020-11-12 16:15:00,1.1794494062811134,2020-11-13 10:30:00,1.1819229618233518,1.1780035190883242,1.1819229618233518,target,73,69.25955518267469,-3.3600000000000008,-0.0,-1.9880000000000004,67.27155518267469,92.96145261200122,1.661647986246971,0.4975535330149651,1.9576864177255233,bounce_support
EURUSD.a,15m,1,0.56,2020-11-13 23:45:00,1.1834488656029136,2020-11-13 23:45:00,1.183453345724907,1.1827137495866906,1.183453345724907,target,0,0.25088683162977077,-6.7200000000000015,-0.0,0.0,0.25088683162977077,0.3451320369633538,0.0060944420941982085,0.2297128605374968,0.09676621855114341,bounce_support
EURUSD.a,15m,1,0.3,2020-11-16 00:00:00,1.18414088948842,2020-11-16 00:00:00,1.18401,1.1827636087431967,1.1834534200743494,target_gap,0,-3.926684652599821,-3.6000000000000005,-0.0,0.0,-3.926684652599821,-5.404636568667687,-0.09503471886465477,1.4019578035319349,0.0,bounce_support
EURUSD.a,15m,1,0.51,2020-11-16 03:00:00,1.1841100645340192,2020-11-16 05:00:00,1.1853508785855853,1.1832945607072074,1.1853508785855853,target,8,63.281516629869245,-6.120000000000001,-0.0,0.0,63.281516629869245,86.82974290596768,1.5215306302325424,0.35568752038004653,1.6062897841961052,bounce_support
EURUSD.a,15m,-1,0.42,2020-11-16 21:15:00,1.1843967378885951,2020-11-16 23:15:00,1.185531548884939,1.1853953039197234,1.1837117142857143,stop,8,-47.66206184644073,-5.040000000000001,-0.6822885390629206,0.0,-47.66206184644073,-65.10321246611218,-1.1364406168129344,1.094832066507985,0.1970204097298528,bounce_resistance
EURUSD.a,15m,1,0.68,2020-11-17 05:30:00,1.1862172808427451,2020-11-17 07:15:00,1.1855980749952209,1.1856076084675695,1.1870547830648612,stop,7,-42.10599763165135,-8.160000000000002,-0.6482761197039311,0.0,-42.10599763165135,-57.538361595063265,-1.0156370416913183,1.225708877706417,0.037264534494088425,bounce_support
EURUSD.a,15m,1,0.32,2020-11-17 17:00:00,1.1872955802374916,2020-11-17 17:30:00,1.1859826932090733,1.1860070564244005,1.189465887151199,stop,2,-42.01238490938408,-3.8400000000000007,-0.7796228904693884,0.0,-42.01238490938408,-57.541753286287296,-1.0189078502699354,1.1684535607300228,0.0655166490916344,bounce_support
EURUSD.a,15m,1,0.34,2020-11-17 19:00:00,1.18626517457499,2020-11-18 03:30:00,1.1850620792817221,1.1850738717732219,1.1882122564535564,stop,34,-40.905239971104734,-4.080000000000001,-0.4009447109890925,-7.242000000000001,-48.14723997110474,-66.15267507227712,-1.1886946720566085,1.0284325472680103,0.5748542049877315,bounce_support
EURUSD.a,15m,-1,0.93,2020-11-18 06:45:00,1.186793824860274,2020-11-18 07:00:00,1.1873648305892017,1.1872348152160122,1.185930369567976,stop,1,-53.10353279027181,-11.160000000000002,-0.9314297066425028,0.0,-53.10353279027181,-72.80440470286784,-1.2948258879085204,1.3292243970845043,0.16740697231465426,bounce_resistance
EURUSD.a,15m,1,0.4,2020-11-18 12:30:00,1.188512919401983,2020-11-18 12:30:00,1.187475862647011,1.1874952417499856,1.1901495165000289,stop,0,-41.4822701988804,-4.800000000000001,-0.7751641189817914,0.0,-41.4822701988804,-56.63881785756472,-1.019042476698317,1.1034136396520486,0.0,bounce_support
EURUSD.a,15m,1,0.38,2020-11-18 14:00:00,1.1873641195533118,2020-11-18 14:00:00,1.1862873073074989,1.186308486637467,1.1890730267250662,stop,0,-40.91886534089051,-4.5600000000000005,-0.8048145387816147,0.0,-40.91886534089051,-55.933710619621785,-1.020063157988101,1.1217152625106066,0.0,bounce_support
EURUSD.a,15m,1,0.46,2020-11-18 14:15:00,1.1871537110137895,2020-11-18 14:30:00,1.18626823686905,1.1862893057811141,1.1884813884377716,stop,1,-40.73181065801679,-5.5200000000000005,-0.9691699549527664,0.0,-40.73181065801679,-55.67801774019464,-1.0243738830674292,1.2074325493833176,0.0,bounce_support
EURUSD.a,15m,-1,0.72,2020-11-19 04:00:00,1.1842702909643308,2020-11-19 04:30:00,1.1849561915091489,1.1848218540574034,1.1831962918851933,stop,2,-49.384839226902955,-8.64,-1.0322965256883163,0.0,-49.384839226902955,-67.71354032098799,-1.243557724279852,1.5224170112462947,0.0005275268314825524,bounce_resistance
EURUSD.a,15m,-1,0.79,2020-11-19 08:00:00,1.1850319828933265,2020-11-19 10:00:00,1.18429578313253,1.1855323124862294,1.1841757831325301,target,8,58.15978110291708,-9.48,-0.0,0.0,58.15978110291708,80.00410077984631,1.4714295761019927,0.3757865002200087,2.2424875706765284,bounce_resistance
EURUSD.a,15m,-1,0.51,2020-11-19 19:15:00,1.1846566818875104,2020-11-19 21:00:00,1.1855766233651024,1.1854379506144508,1.183134098771098,stop,7,-46.917015357192064,-6.120000000000001,-0.9523102832410696,0.0,-46.917015357192064,-64.34745358403563,-1.177496866148313,2.743381423807073,0.22614739515087376,bounce_resistance
EURUSD.a,15m,1,0.59,2020-11-20 04:00:00,1.1877981079491469,2020-11-20 04:30:00,1.1871178430813052,1.1871291561685948,1.1887516876628104,stop,2,-40.135627202658725,-7.080000000000001,-0.6674721500832883,0.0,-40.135627202658725,-55.113943675293136,-1.016911663319435,1.103379900622657,0.0,bounce_support
EURUSD.a,15m,1,0.61,2020-11-20 09:00:00,1.1885093778689568,2020-11-20 09:00:00,1.187846545682591,1.1878606124860265,1.1894487750279472,stop,0,-40.43276336831125,-7.320000000000001,-0.858075009564494,0.0,-40.43276336831125,-55.51205910306888,-1.0216824198786185,1.6020858946914391,0.1550978731149687,bounce_support
EURUSD.a,15m,-1,0.51,2020-11-20 21:45:00,1.1856894818017663,2020-11-23 00:00:00,1.1852099999999999,1.1864652106741178,1.1850385393258427,target_gap,9,24.453571890085346,-11.73,-0.0,0.8517,25.305271890085347,34.65810925313686,0.6396330205710236,0.8643718470877703,0.9146002257407265,bounce_resistance
EURUSD.a,15m,1,0.66,2020-11-23 05:30:00,1.1874568734593336,2020-11-23 09:30:00,1.1868470535216848,1.1868578944656318,1.1882742110687363,stop,16,-40.24811588481736,-7.920000000000001,-0.7155023004999929,0.0,-40.24811588481736,-55.01382707055407,-1.0180990386323732,1.1634355572752209,0.7398031405538739,bounce_support
EURUSD.a,15m,-1,0.34,2020-11-23 22:00:00,1.184173689882991,2020-11-24 06:45:00,1.1854424441570852,1.1853104435006971,1.1819191129986057,stop,35,-43.13764531920006,-4.080000000000001,-0.4080223171975902,0.5678,-42.56984531920006,-58.18334629836679,-1.10142976859027,1.193143435730509,0.5926437114408318,bounce_resistance
EURUSD.a,15m,1,0.24,2020-11-24 16:45:00,1.1844718327595414,2020-11-24 17:30:00,1.187280168976259,1.1828549155118706,1.187280168976259,target,3,67.40006920122532,-2.8800000000000003,-0.0,0.0,67.40006920122532,91.79069183584643,1.7368459769745412,0.11245644129484593,1.8233259894441056,bounce_support
EURUSD.a,15m,1,0.42,2020-11-24 21:45:00,1.1880750952884616,2020-11-24 22:15:00,1.1885146153846153,1.1871316822696523,1.1885146153846153,target,2,18.459844038458684,-5.040000000000001,-0.0,0.0,18.459844038458684,25.074836711254818,0.4658830092343956,0.3127954380298335,0.4821904112714882,bounce_support
EURUSD.a,15m,1,0.59,2020-11-25 01:00:00,1.189310153754879,2020-11-25 01:30:00,1.1895932524271846,1.188641600698813,1.1895932524271846,target,2,16.70282166603587,-7.080000000000001,-0.0,0.0,16.70282166603587,22.674334364188574,0.4234498215767156,0.52374864149056,0.6279924103430059,bounce_support
EURUSD.a,15m,1,0.56,2020-11-25 03:00:00,1.189789412688059,2020-11-25 05:30:00,1.1908508664063864,1.1890795667968068,1.1908508664063864,target,10,59.4414082263306,-6.7200000000000015,-0.0,0.0,59.4414082263306,80.79461775200909,1.4953298052551125,0.3090990463746531,1.5786346385185972,bounce_support
EURUSD.a,15m,1,0.57,2020-11-25 06:15:00,1.1907685568089919,2020-11-25 06:15:00,1.1906979812206573,1.1900645051568375,1.1906979812206573,target,0,-4.022808535070199,-6.84,-0.0,0.0,-4.022808535070199,-5.469859997376027,-0.10024206053434642,0.5092762837708201,0.35713742058371734,bounce_support
EURUSD.a,15m,1,0.72,2020-11-25 06:45:00,1.1908384505138756,2020-11-25 07:45:00,1.1902658147037226,1.1902788505348922,1.1915722989302153,stop,4,-41.229778331015154,-8.64,-0.9385798442095754,0.0,-41.229778331015154,-56.19968966783686,-1.0232949100414732,2.1952297355466355,0.0,bounce_support
EURUSD.a,15m,1,0.6,2020-11-25 08:30:00,1.1893790682024001,2020-11-25 09:00:00,1.1903164670458217,1.188716766477089,1.1903164670458217,target,2,56.24393060529531,-7.200000000000001,-0.0,0.0,56.24393060529531,76.51298562801196,1.4153652445661968,0.40626227007615,1.5867870449926442,bounce_support
EURUSD.a,15m,1,0.32,2020-11-25 11:45:00,1.189786723429703,2020-11-25 13:00:00,1.1885001833659727,1.1885263432271487,1.1919273135457025,stop,5,-41.16928203936965,-3.8400000000000007,-0.8371155576323359,0.0,-41.16928203936965,-56.0950540104775,-1.0207555316426875,1.2271879759523272,0.5421194088197383,bounce_support
EURUSD.a,15m,1,0.32,2020-11-25 23:15:00,1.191944258427354,2020-11-26 02:15:00,1.1924397199999999,1.1907003504151914,1.1924397199999999,target,12,15.854770324665424,-3.8400000000000007,-0.0,-2.2720000000000002,13.582770324665423,18.442572641401004,0.3412322844579317,0.6545969793524943,0.5271624318151532,bounce_support
EURUSD.a,15m,1,0.55,2020-11-26 04:30:00,1.1923681685687026,2020-11-26 05:00:00,1.1928269599999999,1.1916419679464194,1.1928269599999999,target,2,25.233528721347877,-6.600000000000001,-0.0,0.0,25.233528721347877,34.26932044239387,0.6317695375346218,0.23157315422559702,0.6497260079642683,bounce_support
EURUSD.a,15m,1,0.55,2020-11-26 05:15:00,1.1925379683474633,2020-11-26 08:00:00,1.192888025210084,1.191810359107958,1.192888025210084,target,11,19.253127444137654,-6.600000000000001,-0.0,0.0,19.253127444137654,26.144576315011548,0.4811055764749911,0.7256207299158255,1.1710016946954453,bounce_support
EURUSD.a,15m,1,0.55,2020-11-26 10:00:00,1.1927505804263645,2020-11-26 10:45:00,1.192001682366652,1.1920197299231696,1.1937905401536606,stop,3,-41.189393284191134,-6.600000000000001,-0.9926156084748624,0.0,-41.189393284191134,-55.98058289732139,-1.0246939099566765,1.7521783466885166,0.9433113483835422,bounce_support
EURUSD.a,15m,-1,0.48,2020-11-26 17:45:00,1.190146486030625,2020-11-26 18:45:00,1.1911198378726737,1.1909804670188893,1.1885190659622218,stop,4,-46.720888418338546,-5.760000000000001,-0.9298009816584671,0.0,-46.720888418338546,-63.4492950612325,-1.1671151450041182,1.0114306935588155,0.2835628556919194,bounce_resistance
EURUSD.a,15m,1,0.79,2020-11-26 23:45:00,1.1913471158438411,2020-11-27 00:30:00,1.1908294787319347,1.1908398391777726,1.191917328244275,stop,3,-40.893331840609065,-9.48,-0.8184752211948068,-5.609000000000001,-46.50233184060907,-63.20999869591272,-1.160386730319106,1.3545189238967223,0.0648248941033347,bounce_support
EURUSD.a,15m,1,0.68,2020-11-27 04:30:00,1.1913061093581931,2020-11-27 05:30:00,1.1920895489194974,1.1907252255402512,1.1920895489194974,target,4,53.27389016868711,-8.160000000000002,-0.0,0.0,53.27389016868711,72.27988626102315,1.3487026787557879,0.23431425353749363,1.8142881747692767,bounce_support
EURUSD.a,15m,1,0.55,2020-11-30 05:45:00,1.1969582233911717,2020-11-30 08:15:00,1.1976110845986985,1.19623540714203,1.1976110845986985,target,10,35.90736641396975,-6.600000000000001,-0.0,0.0,35.90736641396975,48.65035350843382,0.9032187755905254,0.6062721911579484,0.9570573567622129,bounce_support
EURUSD.a,15m,1,0.66,2020-11-30 08:45:00,1.1971282852247982,2020-11-30 08:45:00,1.1965029634113438,1.196515391248541,1.1977768980477224,stop,0,-41.27123968799218,-7.920000000000001,-0.8202372550174848,0.0,-41.27123968799218,-55.91778515315916,-1.0202773035444375,1.3677491658788896,0.0,bounce_support
EURUSD.a,15m,-1,0.59,2020-12-01 01:15:00,1.1932282528671605,2020-12-01 02:00:00,1.1940395458765596,1.193903329777335,1.1919133404453304,stop,3,-47.86628755454591,-7.080000000000001,-0.9567498542626556,0.0,-47.86628755454591,-65.02688161193576,-1.2017786376213846,1.0543200665174495,0.21960885482259204,bounce_resistance
EURUSD.a,15m,1,0.75,2020-12-01 07:30:00,1.195826590511537,2020-12-01 09:15:00,1.1965053501517553,1.1952973249241223,1.1965053501517553,target,7,50.906973016368035,-9.000000000000002,-0.0,0.0,50.906973016368035,69.1323288786453,1.2824556448752618,0.8060046254297013,1.8580642910612641,bounce_support
EURUSD.a,15m,1,0.47,2020-12-02 02:00:00,1.2071914029688966,2020-12-02 03:15:00,1.2063219854722076,1.2063377131922348,1.2085045736155304,stop,5,-40.86262234438331,-5.640000000000001,-0.739202841275146,0.0,-40.86262234438331,-55.441526028958144,-1.0184232263958064,1.3253092631855812,0.033498153410229846,bounce_support
EURUSD.a,15m,1,0.33,2020-12-02 13:00:00,1.2050670863195894,2020-12-02 15:30:00,1.2070698441432244,1.203860077928388,1.2070698441432244,target,10,66.09100817995551,-3.9600000000000004,-0.0,0.0,66.09100817995551,89.83418265591342,1.6592741510615747,0.8840753116282943,2.322199001135844,bounce_support
EURUSD.a,15m,1,0.36,2020-12-02 22:30:00,1.209834598349301,2020-12-02 22:45:00,1.2104134934497817,1.2087122818289533,1.2104134934497817,target,1,20.840223617301312,-4.32,-0.0,0.0,20.840223617301312,28.143068449178692,0.515803777263483,0.2268507543861854,0.5483316333152233,bounce_support
EURUSD.a,15m,1,0.46,2020-12-03 00:30:00,1.2113123433769182,2020-12-03 02:45:00,1.2104190266439856,1.2104341002172185,1.2126717995655627,stop,9,-41.09256971489872,-5.5200000000000005,-0.69338436871548,0.0,-41.09256971489872,-55.538004750505095,-1.017163325516925,1.0274413947349046,0.2478318455178824,bounce_support
EURUSD.a,15m,1,0.57,2020-12-03 07:00:00,1.2118680628598264,2020-12-03 10:00:00,1.2128950023680127,1.2111624988159937,1.2128950023680127,target,12,58.53555196662085,-6.84,-0.0,0.0,58.53555196662085,78.79437328086372,1.4554873043244583,0.7625996031537572,2.936568491952356,bounce_support
EURUSD.a,15m,1,0.24,2020-12-03 18:15:00,1.2155315242498919,2020-12-03 19:00:00,1.2138246951493135,1.2138561222140072,1.2173217117117117,stop,3,-40.963898413881594,-2.8800000000000003,-0.7542495526478853,0.0,-40.963898413881594,-55.03163536128753,-1.018757924379105,1.0454351924950993,0.16621428417994738,bounce_support
EURUSD.a,15m,1,0.42,2020-12-03 22:45:00,1.2142553888392646,2020-12-04 08:30:00,1.2157675013713518,1.2132962493143242,1.2157675013713518,target,39,63.5087263476608,-5.040000000000001,-0.0,-2.982,60.5267263476608,81.42316824642272,1.5025056257343559,0.3809548347905189,1.579135382653999,bounce_support
EURUSD.a,15m,1,0.34,2020-12-04 14:45:00,1.2165569824513573,2020-12-04 15:15:00,1.2153591619343043,1.2153836183190956,1.218492763361809,stop,2,-40.72589757980483,-4.080000000000001,-0.8315170829014467,0.0,-40.72589757980483,-54.87999781671338,-1.0208429626565916,1.1138762600814116,0.0,bounce_support
EURUSD.a,15m,1,0.37,2020-12-04 15:30:00,1.2157178539524898,2020-12-04 15:45:00,1.2145940571382972,1.2146242608578366,1.2174914782843271,stop,1,-41.58048212512666,-4.44,-1.117537622956586,0.0,-41.58048212512666,-56.03158932895829,-1.0276187913832915,2.3389448644067654,1.21813685000697,bounce_support
EURUSD.a,15m,-1,0.35,2020-12-07 01:00:00,1.212645158567161,2020-12-07 01:15:00,1.212552741116751,1.2137810537415026,1.212432741116751,target,1,3.2346107643499433,-4.2,-0.0,0.0,3.2346107643499433,4.353270748623802,0.0813608971123258,0.5764981202765057,0.25984665999832374,bounce_resistance
EURUSD.a,15m,-1,0.43,2020-12-07 15:45:00,1.2137317917133623,2020-12-07 16:30:00,1.2148238284397166,1.214672814624624,1.2119043707507524,stop,3,-46.95757923323374,-5.160000000000001,-1.333594048991765,0.0,-46.95757923323374,-63.11841931452462,-1.1604783616694012,3.0904755366036443,0.5970011002272396,bounce_resistance
EURUSD.a,15m,1,0.34,2020-12-07 19:45:00,1.2132770501028898,2020-12-07 20:30:00,1.212087460366491,1.2121118030465468,1.2151963939069068,stop,3,-40.44605103755617,-4.080000000000001,-0.8276511218963141,0.0,-40.44605103755617,-54.40904399902628,-1.020890574168954,1.2332578701376382,0.10551401648344064,bounce_support
EURUSD.a,15m,1,0.38,2020-12-07 22:00:00,1.2120749658353163,2020-12-07 22:45:00,1.211007221866589,1.211028211994244,1.2137635760115122,stop,3,-40.57427081163434,-4.5600000000000005,-0.7976248508881865,0.0,-40.57427081163434,-54.666833930605,-1.0200525919574197,1.189358745548812,0.0,bounce_support
EURUSD.a,15m,-1,0.94,2020-12-08 02:45:00,1.2109112992301103,2020-12-08 02:45:00,1.2109238532110091,1.2113341578797157,1.2108038532110093,target,0,-1.180074204490289,-11.280000000000001,-0.0,0.0,-1.180074204490289,-1.5917050465885554,-0.02968836255460228,0.20976458675386178,1.1618521474464374,bounce_resistance
EURUSD.a,15m,-1,0.62,2020-12-08 03:00:00,1.2107715349993882,2020-12-08 03:45:00,1.2108083863080685,1.211412816272263,1.2106883863080686,target,3,-2.2847811381825345,-7.440000000000001,-0.0,0.0,-2.2847811381825345,-3.0801746338926277,-0.05746512527203228,0.5589824867407475,0.22070658441897956,bounce_resistance
EURUSD.a,15m,-1,0.71,2020-12-08 04:45:00,1.2110518847993346,2020-12-08 06:30:00,1.2117390722893382,1.211608731366487,1.2107899082568807,stop,7,-48.7903117902575,-8.520000000000001,-0.7342055224515713,0.0,-48.7903117902575,-65.71439779955486,-1.2340697250192056,1.020236514289024,0.07521784600170542,bounce_resistance
EURUSD.a,15m,-1,0.54,2020-12-09 00:30:00,1.2104900966971408,2020-12-09 02:15:00,1.211346154169935,1.211212700592329,1.2100010421286032,stop,7,-46.227103530890545,-6.480000000000001,-0.7264931907387987,0.0,-46.227103530890545,-62.3494153528237,-1.184684276537596,1.342233704132721,0.5398485944215088,bounce_resistance
EURUSD.a,15m,-1,0.31,2020-12-09 20:00:00,1.2072212216029052,2020-12-10 04:15:00,1.20861620542809,1.2084834521512648,1.2047530956974706,stop,33,-43.24449858072787,-3.7200000000000006,-0.39535158158388956,0.5176999999999999,-42.72679858072787,-57.174129318124834,-1.0919430107090828,1.2824744252929348,0.9041308692681558,bounce_resistance
EURUSD.a,15m,1,0.66,2020-12-10 08:15:00,1.2093572918101216,2020-12-10 08:30:00,1.2087496394886839,1.2087612102242107,1.2101675795515787,stop,1,-40.10505321489344,-7.920000000000001,-0.7636685447682408,0.0,-40.10505321489344,-53.77309969549413,-1.0194113285837199,1.0691352076371972,0.10520068286033175,bounce_support
EURUSD.a,15m,1,0.62,2020-12-10 10:00:00,1.2091600744058844,2020-12-10 11:00:00,1.208516831144688,1.208533685836996,1.2100226283260083,stop,4,-39.881082194167305,-7.440000000000001,-1.0449909230809147,0.0,-39.881082194167305,-53.267817379913325,-1.0269077265214834,1.3251748948061055,1.2610791980408,bounce_support
EURUSD.a,15m,1,0.43,2020-12-10 11:15:00,1.2088227624285715,2020-12-10 11:30:00,1.21022124109056,1.20792437945472,1.21022124109056,target,1,60.13458246550551,-5.160000000000001,-0.0,0.0,60.13458246550551,80.31973509130016,1.5566620279915018,0.2590904272968872,2.2565405071489413,bounce_support
EURUSD.a,15m,1,0.38,2020-12-10 13:45:00,1.208882748498604,2020-12-10 14:45:00,1.2105466646763385,1.2078516676618307,1.2105466646763385,target,4,63.228814753912395,-4.5600000000000005,-0.0,0.0,63.228814753912395,84.3838445935038,1.613759191705751,0.7397562551845135,2.8778068562325085,bounce_support
EURUSD.a,15m,1,0.3,2020-12-11 00:15:00,1.2141331246233087,2020-12-11 03:15:00,1.2157642268324973,1.2128328865837514,1.2157642268324973,target,12,48.933066275658184,-3.6000000000000005,-0.0,0.0,48.933066275658184,64.72799052310668,1.2544643054313451,0.2792754959179033,1.4281041780038208,bounce_support
EURUSD.a,15m,1,0.48,2020-12-11 05:15:00,1.2155201086367173,2020-12-11 09:30:00,1.2146735009855045,1.2146894650159097,1.2167910699681805,stop,17,-40.637167258214646,-5.760000000000001,-0.7662734594463954,0.0,-40.637167258214646,-53.78132246984468,-1.019218868363349,2.492174242793339,0.9389000815106521,bounce_support
EURUSD.a,15m,-1,0.32,2020-12-11 14:00:00,1.2121824127898315,2020-12-14 00:00:00,1.2136208089363392,1.2134100805475279,1.2097798389049441,stop_gap,40,-46.02867668824473,-3.8400000000000007,-0.6658859628566359,0.5344,-45.49427668824473,-60.27248802777485,-1.1580463342748328,1.5375391251705044,1.3378316564356818,bounce_resistance
EURUSD.a,15m,-1,0.47,2020-12-14 00:15:00,1.213775861134647,2020-12-14 02:45:00,1.2122482092754945,1.2146208953622526,1.2121282092754946,target,10,71.79963738016704,-5.640000000000001,-0.0,0.0,71.79963738016704,95.4046578173311,1.8077987958914299,0.6320913968970153,2.610380813682744,bounce_resistance
EURUSD.a,15m,1,0.33,2020-12-14 15:00:00,1.2158949363690366,2020-12-14 15:00:00,1.2162699769053118,1.2146731185903252,1.2162699769053118,target,0,12.376337697082906,-3.9600000000000004,-0.0,0.0,12.376337697082906,16.335164913987864,0.3069529211391899,0.1922842940494684,0.39700161465571354,bounce_support
EURUSD.a,15m,1,0.34,2020-12-14 15:45:00,1.216096168441244,2020-12-14 15:45:00,1.2163230484988452,1.214929064702239,1.2163230484988452,target,0,7.713921958444115,-4.080000000000001,-0.0,0.0,7.713921958444115,10.181379209983653,0.19439579363763204,0.15951319066341035,1.3656297255246772,bounce_support
EURUSD.a,15m,1,0.26,2020-12-14 17:15:00,1.214060525750287,2020-12-14 17:45:00,1.2125018679462154,1.2125331525263061,1.216693694947388,stop,2,-40.52510290586176,-3.1200000000000006,-0.8133990823558578,0.0,-40.52510290586176,-53.767500637993074,-1.0204826034655623,1.1395549712142365,0.0,bounce_support
EURUSD.a,15m,-1,0.49,2020-12-15 00:45:00,1.214409126768029,2020-12-15 02:30:00,1.2153541130638763,1.2152202562573229,1.2128194874853544,stop,7,-46.304328496516334,-5.880000000000001,-0.6789835211255708,0.0,-46.304328496516334,-61.421351536738385,-1.1650252004398898,1.307896268072546,0.09755133930343375,bounce_resistance
EURUSD.a,15m,1,0.5,2020-12-15 05:30:00,1.2156393571559099,2020-12-15 06:15:00,1.2148347583452688,1.2148481588945765,1.2161422596153846,stop,3,-40.229940532054975,-6.000000000000001,-0.6700274653927349,0.0,-40.229940532054975,-53.573489582324555,-1.0169370307831314,1.0735073589247892,0.0008124943160244736,bounce_support
EURUSD.a,15m,1,0.32,2020-12-15 21:00:00,1.2152958742830835,2020-12-16 10:15:00,1.2173668232461075,1.2140565883769463,1.2173668232461075,target,53,66.27036681676657,-3.8400000000000007,-0.0,-6.816000000000001,59.454366816766566,78.47828880630232,1.4992093057969984,0.6341347700249871,1.8430982758741508,bounce_support
EURUSD.a,15m,1,0.34,2020-12-16 13:45:00,1.2197968092399505,2020-12-16 14:30:00,1.2186220452563223,1.2186458815355707,1.2216882369288584,stop,3,-39.94197544335698,-4.080000000000001,-0.8104334944458904,0.0,-39.94197544335698,-52.761416909973164,-1.0207104922035457,1.0137988993663138,0.24605434291998732,bounce_support
EURUSD.a,15m,1,0.38,2020-12-16 15:15:00,1.219025873470726,2020-12-16 15:30:00,1.2179524187691615,1.2179769496748158,1.2207161006503684,stop,1,-40.79127865945109,-4.5600000000000005,-0.9321744148616451,0.0,-40.79127865945109,-53.95529041487141,-1.0233867376734134,1.0733605959898103,0.003934060119669246,bounce_support
EURUSD.a,15m,1,0.37,2020-12-16 15:45:00,1.2190663857987383,2020-12-16 18:15:00,1.2179796758574883,1.2180088199987908,1.2207723600024185,stop,10,-40.20826782624742,-4.44,-1.0783332281901985,0.0,-40.20826782624742,-53.153197560012984,-1.0275577569773484,1.622958872936009,1.497414346549849,bounce_support
EURUSD.a,15m,1,0.38,2020-12-17 11:15:00,1.2231846507519997,2020-12-17 14:45:00,1.2248331414828095,1.222143429258595,1.2248331414828095,target,14,62.642647770774666,-4.5600000000000005,-0.0,0.0,62.642647770774666,82.1165992931437,1.583227719800175,0.743982675066308,1.6474393381869195,bounce_support
EURUSD.a,15m,1,0.3,2020-12-17 18:00:00,1.2246688592427841,2020-12-17 18:45:00,1.2257641791044778,1.2233530051114985,1.2257641791044778,target,3,32.859595850809335,-3.6000000000000005,-0.0,0.0,32.859595850809335,43.12735700704711,0.8324021908290573,0.5843043119322987,1.0344161445052629,bounce_support
EURUSD.a,15m,1,0.41,2020-12-18 01:15:00,1.226591148968228,2020-12-18 02:30:00,1.2256050963214593,1.225621203869078,1.2276381818181819,stop,5,-40.4281585175148,-4.920000000000001,-0.6604094523583502,0.0,-40.4281585175148,-53.119459869546965,-1.0166066591116543,1.3517764761912618,0.019435153379850863,bounce_support
EURUSD.a,15m,1,0.51,2020-12-18 05:45:00,1.224878783843494,2020-12-18 06:30:00,1.2240977086736438,1.2241097825279568,1.2260304349440865,stop,3,-39.834833662363515,-6.120000000000001,-0.6157665699656343,0.0,-39.834833662363515,-52.46395751549299,-1.0157006939638007,1.0127210809125453,0.0,bounce_support
EURUSD.a,15m,1,0.37,2020-12-18 12:00:00,1.2250730904948015,2020-12-18 14:45:00,1.2268173646416443,1.2240013176791777,1.2268173646416443,target,11,64.53814343318176,-4.44,-0.0,0.0,64.53814343318176,84.76580825772194,1.627466307612588,0.7119890369279314,1.6859071986695777,bounce_support
EURUSD.a,15m,1,0.33,2020-12-18 15:00:00,1.2255847776996456,2020-12-18 16:45:00,1.224358660809824,1.2243838747809814,1.227582250438037,stop,7,-40.46185736411112,-3.9600000000000004,-0.8320610481954615,0.0,-40.46185736411112,-53.22597951053173,-1.0209958446811405,2.302249129947176,0.39572083052556334,bounce_support
EURUSD.a,15m,-1,0.56,2020-12-21 08:00:00,1.2191270873575877,2020-12-21 08:00:00,1.2185596145124715,1.2198269290583608,1.2184396145124716,target,0,31.778479326504797,-6.7200000000000015,-0.0,0.0,31.778479326504797,42.026131144869865,0.8108588620673706,0.018450804514716018,1.0103532796152792,bounce_resistance
EURUSD.a,15m,-1,0.34,2020-12-21 10:30:00,1.2197192113994355,2020-12-21 10:30:00,1.2210222613927806,1.2208710784919339,1.2174778430161324,stop,0,-44.3036997737325,-4.080000000000001,-1.060218628788918,0.0,-44.3036997737325,-58.74809352993847,-1.131250299475776,1.9366718739451587,0.13822028641360617,bounce_resistance
EURUSD.a,15m,1,0.27,2020-12-21 20:00:00,1.223762861905916,2020-12-22 06:30:00,1.2222872182657551,1.222303170101018,1.2262536597979636,stop,42,-39.84237828434267,-3.2400000000000007,-0.43069955210026745,-1.9170000000000003,-41.759378284342674,-55.264320215373495,-1.0595686260422692,1.2625006866055404,1.0599073646180506,bounce_support
EURUSD.a,15m,-1,0.56,2020-12-22 08:00:00,1.2218504796514318,2020-12-22 08:15:00,1.2226815814523582,1.2225472495382812,1.220455500923438,stop,1,-46.54170085187737,-6.7200000000000015,-0.802587188310071,0.0,-46.54170085187737,-61.659337129219374,-1.1927923646131973,1.0182993868700971,0.3164310852019404,bounce_resistance
EURUSD.a,15m,-1,0.69,2020-12-22 09:45:00,1.2225282368881203,2020-12-22 10:00:00,1.2215626617845734,1.2230886691077132,1.2214426617845735,target,1,66.62468214473537,-8.280000000000001,-0.0,0.0,66.62468214473537,88.19321474205148,1.7229114775882952,0.2707965505444007,3.119443934522969,bounce_resistance
EURUSD.a,15m,-1,0.36,2020-12-22 11:00:00,1.2221655577086574,2020-12-22 12:45:00,1.223389252826654,1.223243588008387,1.2200528239832262,stop,7,-44.05302424787294,-4.32,-0.9239334576147432,0.0,-44.05302424787294,-58.36925025886468,-1.1351212654259262,1.1821952422509936,1.619210247703907,bounce_resistance
EURUSD.a,15m,1,0.23,2020-12-22 17:00:00,1.2208609987803678,2020-12-22 17:45:00,1.2191489012460035,1.2191857445698746,1.2237885108602509,stop,3,-39.37824329037887,-2.7600000000000002,-0.8473964490347138,0.0,-39.37824329037887,-52.366077941406516,-1.0219926764787886,2.58527855249674,0.18445034651864453,bounce_support
EURUSD.a,15m,-1,0.44,2020-12-23 00:00:00,1.2161866615115846,2020-12-23 01:15:00,1.217199864409063,1.2170620366749554,1.2146859266500891,stop,5,-44.58092748904541,-5.280000000000001,-0.7844203007406257,0.0,-44.58092748904541,-59.01710042368234,-1.1574499024815874,1.4774676533374302,0.19038866826281933,bounce_resistance
EURUSD.a,15m,1,0.59,2020-12-23 08:45:00,1.2185494300587667,2020-12-23 09:45:00,1.2194624930289493,1.2178987534855255,1.2194624930289493,target,4,53.87071524077136,-7.080000000000001,-0.0,0.0,53.87071524077136,71.12678440535439,1.4032516425699446,0.9519784240596623,2.367643164958396,bounce_support
EURUSD.a,15m,1,0.48,2020-12-23 10:15:00,1.218523143217288,2020-12-23 10:15:00,1.2176966227190897,1.2177163375450217,1.2197373249099568,stop,0,-39.67298391351903,-5.760000000000001,-0.9463116447394658,0.0,-39.67298391351903,-52.43449011857872,-1.024435656081364,1.6399775841576305,0.08286602959075563,bounce_support
EURUSD.a,15m,1,0.32,2020-12-23 13:00:00,1.2181261715184808,2020-12-23 15:00:00,1.216906896579498,1.2169329322216544,1.2199039316239317,stop,8,-39.01679804744873,-3.8400000000000007,-0.8331405490061409,0.0,-39.01679804744873,-51.587685169569404,-1.021819296620272,1.5807152207419222,1.3776184591735294,bounce_support
EURUSD.a,15m,-1,0.26,2020-12-23 16:30:00,1.2193682090312532,2020-12-23 16:30:00,1.2209592017247328,1.2208065152716125,1.2165569694567748,stop,0,-41.36581003047013,-3.1200000000000006,-0.849847781127395,0.0,-41.36581003047013,-54.57950921027857,-1.106157123452464,1.7394007608016535,0.0,bounce_resistance
EURUSD.a,15m,1,0.64,2020-12-24 07:45:00,1.220408949005091,2020-12-24 10:30:00,1.2197928458359977,1.2198077488612336,1.221224502277533,stop,11,-39.43060282196598,-7.6800000000000015,-0.953793615099952,0.0,-39.43060282196598,-51.91174325205837,-1.0247887918659844,1.7281250107906896,0.9498517269892209,bounce_support
EURUSD.a,15m,-1,0.87,2020-12-24 23:30:00,1.218472581638358,2020-12-28 00:30:00,1.2192254060412269,1.218912443855151,1.2176151122896979,stop,4,-65.49572304959827,-26.1,-1.1277101885973142,1.4528999999999999,-64.04282304959827,-84.30347789118733,-1.673534063088471,1.2672567462284816,0.847041696543737,bounce_resistance
EURUSD.a,15m,-1,0.63,2020-12-28 01:15:00,1.2195885599555858,2020-12-28 01:15:00,1.2203279890041547,1.2201908289375336,1.218448342124933,stop,0,-46.58403005984324,-7.560000000000001,-1.0810841971362646,0.0,-46.58403005984324,-61.208601127154196,-1.2277388853357991,1.895232991615691,0.1802516132157412,bounce_resistance
EURUSD.a,15m,1,0.53,2020-12-28 07:00:00,1.2211498317998,2020-12-28 07:45:00,1.22220268512055,1.220443657439725,1.22220268512055,target,3,55.801225999756014,-6.360000000000001,-0.0,0.0,55.801225999756014,73.28573717495733,1.4909254431701768,0.3254604143027499,1.7420176513765606,bounce_support
EURUSD.a,15m,1,0.59,2020-12-28 09:15:00,1.2223901905215007,2020-12-28 09:45:00,1.22329119643313,1.221744401783435,1.22329119643313,target,2,53.15934878612438,-7.080000000000001,-0.0,0.0,53.15934878612438,69.78582052658271,1.3952022674286468,0.6816323908326669,1.408834538094332,bounce_support
EURUSD.a,15m,1,0.52,2020-12-28 10:30:00,1.223251347548082,2020-12-28 11:45:00,1.2243243965807735,1.2225178017096132,1.2243243965807735,target,5,55.79854969996134,-6.240000000000001,-0.0,0.0,55.79854969996134,73.30340212816782,1.4628247839719573,0.3835446039328274,2.4519973498488623,bounce_support
EURUSD.a,15m,1,0.32,2020-12-28 12:30:00,1.2215967349998904,2020-12-28 13:15:00,1.2203627332845466,1.2203874785805156,1.2236050428389689,stop,3,-39.48805489100238,-3.8400000000000007,-0.7918494710086282,0.0,-39.48805489100238,-52.08681328945599,-1.020463233084805,1.1881144287273964,0.4988726877475732,bounce_support
EURUSD.a,15m,1,0.36,2020-12-28 19:45:00,1.2211276051773754,2020-12-29 02:15:00,1.2228330301952557,1.2200684849023722,1.2228330301952557,target,26,61.39530064369047,-4.32,-0.0,-2.556,58.83930064369047,77.51498629071162,1.5431911336749125,0.8191753078967977,1.8528536077912996,bounce_support
EURUSD.a,15m,1,0.5,2020-12-29 10:00:00,1.224160291745271,2020-12-29 10:15:00,1.225322126902217,1.2233839365488914,1.225322126902217,target,1,58.091757847300585,-6.000000000000001,-0.0,0.0,58.091757847300585,76.41540869930753,1.4965252533429754,0.2966319364447513,2.009013737529583,bounce_support
EURUSD.a,15m,1,0.38,2020-12-29 11:15:00,1.2240519557587182,2020-12-29 14:30:00,1.2257125748195008,1.2230237125902494,1.2257125748195008,target,13,63.103524309739974,-4.5600000000000005,-0.0,0.0,63.103524309739974,82.97745441720467,1.6150061694605298,0.39091507830473937,2.0501417426590662,bounce_support
EURUSD.a,15m,1,0.28,2020-12-29 17:30:00,1.2246290722816575,2020-12-30 02:45:00,1.2269962628803246,1.2232218685598377,1.2269962628803246,target,37,66.28133676267822,-3.3600000000000008,-0.0,-5.964000000000001,60.317336762678224,79.17635205980261,1.530830657469611,0.7312887719815719,2.26045999525142,bounce_support
EURUSD.a,15m,1,0.46,2020-12-30 07:00:00,1.2286310426099878,2020-12-30 08:15:00,1.22775248162358,1.2277682172439417,1.2299635655121164,stop,5,-40.413805374754475,-5.5200000000000005,-0.7238385366347637,0.0,-40.413805374754475,-52.797446436415804,-1.0182373177479944,1.1601914470538555,0.5087441877420046,bounce_support
EURUSD.a,15m,1,0.43,2020-12-31 01:00:00,1.2297617912913992,2020-12-31 04:45:00,1.2288252305185459,1.2288433866965394,1.2312032266069213,stop,15,-40.27211323269242,-5.160000000000001,-0.7807156537206121,0.0,-40.27211323269242,-52.33679008251341,-1.0197692586634668,1.3303410046480748,1.282886339196281,bounce_support
EURUSD.a,15m,1,0.38,2020-12-31 05:00:00,1.2291018681101862,2020-12-31 11:15:00,1.2280475576194854,1.2280712256021529,1.230767548795694,stop,25,-40.06379864663101,-4.5600000000000005,-0.8993833413616842,0.0,-40.06379864663101,-52.00794278712128,-1.0229642989523804,1.27286435399368,1.278941902298571,bounce_support
EURUSD.a,15m,-1,0.38,2021-01-04 03:45:00,1.225023639700106,2021-01-04 06:30:00,1.2245266666666665,1.2260667054743155,1.2244066666666666,target,11,18.884975270698323,-4.5600000000000005,-0.0,0.0,18.884975270698323,24.51766321852144,0.4764541659091899,0.8018289168080441,0.6266524281283761,bounce_resistance
EURUSD.a,15m,1,0.36,2021-01-04 15:15:00,1.2296769576518674,2021-01-04 15:45:00,1.2301718390804597,1.2285739896857744,1.2301718390804597,target,2,17.81573142932391,-4.32,-0.0,0.0,17.81573142932391,23.083352460901672,0.44868159711413264,0.9492185485457432,0.6646089194496574,bounce_support
EURUSD.a,15m,1,0.29,2021-01-04 17:00:00,1.2290625706190041,2021-01-04 17:00:00,1.2276797654477327,1.227713621376239,1.2313327572475221,stop,0,-40.101349966871425,-3.48,-0.9818219266817582,0.0,-40.101349966871425,-52.18540154972597,-1.025098000304921,1.2769721531352691,0.020333886647686063,bounce_support
EURUSD.a,15m,-1,0.44,2021-01-05 00:15:00,1.2250454068349335,2021-01-05 03:00:00,1.2260646096948,1.2259281783006735,1.2233236433986532,stop,11,-44.8449258341288,-5.280000000000001,-0.7229813415747331,0.0,-44.8449258341288,-58.42682574736014,-1.1545489398121742,1.0813593349058996,0.49322712823357,bounce_resistance
EURUSD.a,15m,1,0.52,2021-01-05 07:45:00,1.2269191167328874,2021-01-05 09:00:00,1.2261515630947952,1.2261670385588057,1.2280359228823887,stop,5,-39.912789180795556,-6.240000000000001,-0.8047241285464172,0.0,-39.912789180795556,-51.8166216791457,-1.0205769354088474,1.0359517929618371,0.6925919207117237,bounce_support
EURUSD.a,15m,1,0.35,2021-01-05 23:00:00,1.2295031153055391,2021-01-06 02:45:00,1.2305084191176472,1.2283976625631448,1.2305084191176472,target,15,35.185633423782114,-4.2,-0.0,-7.455,27.730633423782116,35.709122711129865,0.7167233674701968,0.4913057652403184,2.7743245611911376,bounce_support
EURUSD.a,15m,1,0.32,2021-01-06 03:30:00,1.2293381073400815,2021-01-06 04:45:00,1.2280798020509103,1.2281066328608616,1.2313567342782767,stop,5,-40.265769253480244,-3.8400000000000007,-0.8585859184446767,0.0,-40.265769253480244,-52.06197053797451,-1.021787548507183,1.34644068396106,0.22890661940227494,bounce_support
EURUSD.a,15m,1,0.26,2021-01-06 14:45:00,1.2339292276809242,2021-01-06 15:45:00,1.232397868566345,1.2324287124801394,1.2346587969924812,stop,4,-39.81533697905748,-3.1200000000000006,-0.8019417586522647,0.0,-39.81533697905748,-51.187710655358465,-1.0205555490395863,1.5056346511801857,0.3737198522098543,bounce_support
EURUSD.a,15m,-1,0.28,2021-01-06 20:15:00,1.2302475879755346,2021-01-06 20:45:00,1.231774721318118,1.231622628725251,1.227564742549498,stop,2,-42.75973359233732,-3.3600000000000008,-0.8985926002806821,0.0,-42.75973359233732,-54.81665738393349,-1.1106095167713763,1.0999034208821314,0.0,bounce_resistance
EURUSD.a,15m,1,0.32,2021-01-07 03:15:00,1.2332441632390267,2021-01-07 04:15:00,1.2320113044018401,1.2320333246435304,1.235293350712939,stop,4,-39.45148278997124,-3.8400000000000007,-0.7046477340866854,0.0,-39.45148278997124,-50.609319448861804,-1.0181859430085844,1.1266268221880589,0.3929811642468663,bounce_support
EURUSD.a,15m,-1,0.21,2021-01-07 18:15:00,1.2272560953739113,2021-01-08 03:00:00,1.2250909417040357,1.2290633706132439,1.2249709417040358,target,35,45.4682270673894,-2.5200000000000005,-0.0,0.35069999999999996,45.8189270673894,59.099081720890766,1.2072614189532478,0.3673511436662802,1.9455229050832485,bounce_resistance
EURUSD.a,15m,-1,0.37,2021-01-08 05:15:00,1.2262255025308524,2021-01-08 09:45:00,1.2242937123211102,1.2272731438394449,1.2241737123211103,target,18,71.47623776046186,-4.44,-0.0,0.0,71.47623776046186,92.03739088393235,1.8439423817084981,0.653370064289653,2.8497373159744552,bounce_resistance
EURUSD.a,15m,-1,0.26,2021-01-08 15:45:00,1.2271470906695567,2021-01-08 16:45:00,1.22497,1.22863112299563,1.22485,target,4,56.60435740847802,-3.1200000000000006,-0.0,0.0,56.60435740847802,72.87145153453149,1.4670102741747644,0.8846905201299607,1.8915293287339818,bounce_resistance
EURUSD.a,15m,-1,0.19,2021-01-11 00:00:00,1.2215396938560492,2021-01-11 01:30:00,1.2194603813685319,1.223599809315734,1.219340381368532,target,6,39.50693726282983,-2.2800000000000002,-0.0,0.0,39.50693726282983,51.17147498585562,1.0093184232671217,0.2962485141702745,1.412393583267509,bounce_resistance
EURUSD.a,15m,-1,0.34,2021-01-11 07:00:00,1.2173753983421685,2021-01-11 08:15:00,1.2186601031696878,1.2185199133451137,1.2164088167053364,stop,5,-43.67996413565623,-4.080000000000001,-0.6864540355232881,0.0,-43.67996413565623,-56.6727614184501,-1.1224884114348297,1.0088130385886291,0.3192604214258815,bounce_resistance
EURUSD.a,15m,-1,0.23,2021-01-11 18:00:00,1.2150282696592136,2021-01-11 18:30:00,1.2168612092093811,1.2167087722635173,1.2117324554729654,stop,2,-42.15760965385252,-2.7600000000000002,-0.7460497548717646,0.0,-42.15760965385252,-54.655028461965564,-1.0907091399165263,1.0661871848326268,0.17748836476045296,bounce_resistance
EURUSD.a,15m,-1,0.32,2021-01-11 20:15:00,1.2169529787912685,2021-01-12 03:15:00,1.214681532101553,1.2181742339492236,1.214561532101553,target,28,72.68629407089833,-3.8400000000000007,-0.0,0.5344,73.22069407089833,95.04860656960905,1.8736024775910503,0.1695151151526296,2.3279154833039035,bounce_resistance
EURUSD.a,15m,-1,0.65,2021-01-12 07:30:00,1.2142805320691838,2021-01-12 07:45:00,1.2150205255080244,1.214885580890102,1.2136958239277653,stop,1,-48.099573524637016,-7.800000000000001,-0.971400164965233,0.0,-48.099573524637016,-62.41267147370083,-1.223030957597152,2.0485420150644837,0.050462157975061976,bounce_resistance
EURUSD.a,15m,-1,0.7,2021-01-12 08:00:00,1.2153199342841432,2021-01-12 08:45:00,1.2160144840875904,1.2158793932469907,1.2142312135060187,stop,3,-48.61848624130305,-8.4,-1.0563588419929502,0.0,-48.61848624130305,-62.98873661195431,-1.2414669342540028,1.4658192473723304,0.8042310768483758,bounce_resistance
EURUSD.a,15m,1,0.43,2021-01-13 02:15:00,1.221271715853658,2021-01-13 09:45:00,1.2203535490816828,1.2203703001876398,1.22267939962472,stop,30,-39.481171194929004,-5.160000000000001,-0.7202975561527868,0.0,-39.481171194929004,-50.86141216738036,-1.0185831094227582,1.1001759688054589,1.1185562713771338,bounce_support
EURUSD.a,15m,-1,0.35,2021-01-13 17:30:00,1.21766939703728,2021-01-13 17:45:00,1.2159327777777778,1.2187766845666055,1.2158127777777779,target,1,60.781674082580615,-4.2,-0.0,0.0,60.781674082580615,78.53436795992069,1.5683543917091431,0.16310394358913233,1.7334224277313612,bounce_resistance
EURUSD.a,15m,-1,0.31,2021-01-13 20:15:00,1.2172802014475774,2021-01-13 21:15:00,1.2157228174603174,1.218552459165532,1.2156028174603175,target,4,48.27890360506059,-3.7200000000000006,-0.0,0.0,48.27890360506059,62.35811992077264,1.224110465420458,0.023421789470749955,1.4542662398245514,bounce_resistance
EURUSD.a,15m,-1,0.57,2021-01-14 02:30:00,1.2170276376793618,2021-01-14 04:15:00,1.2157745855926978,1.2177177072036511,1.215654585592698,target,7,71.42396893985037,-6.84,-0.0,0.0,71.42396893985037,92.22421937847064,1.8158345537061154,0.2352840038913063,3.155678671079721,bounce_resistance
EURUSD.a,15m,-1,0.35,2021-01-14 10:45:00,1.2158639380112077,2021-01-14 14:45:00,1.213792383220795,1.2169838083896025,1.2136723832207952,target,16,72.50441766444293,-4.2,-0.0,0.0,72.50441766444293,93.50703215729236,1.849816577327469,0.7822887413523176,3.003863729327029,bounce_resistance
EURUSD.a,15m,-1,0.26,2021-01-14 19:00:00,1.2154403496208275,2021-01-14 19:45:00,1.2171126749375658,1.2169612387405677,1.2124575225188645,stop,3,-43.480458235196636,-3.1200000000000006,-0.817341121952579,0.0,-43.480458235196636,-55.7599043771277,-1.0995708332925371,1.5843695295710802,0.3224098420213893,bounce_resistance
EURUSD.a,15m,1,0.27,2021-01-14 22:00:00,1.215648968841781,2021-01-15 07:15:00,1.2141399540087447,1.2141537178840298,1.2167173851590105,stop,37,-40.74340049198111,-3.2400000000000007,-0.37162463269688273,-1.9170000000000003,-42.660400491981115,-55.0151535173789,-1.0566887283005284,1.1763703160749086,0.5892195913011143,bounce_support
EURUSD.a,15m,-1,0.37,2021-01-15 13:30:00,1.2136052380086677,2021-01-15 15:00:00,1.2116446521108502,1.2146676739445748,1.2115246521108503,target,6,72.54167821924962,-4.44,-0.0,0.0,72.54167821924962,93.95738497707411,1.8453685832301236,0.013894476676948852,2.0756432779967766,bounce_resistance
EURUSD.a,15m,-1,0.32,2021-01-15 20:45:00,1.2082029614729175,2021-01-15 23:15:00,1.2077084999999999,1.209427971971108,1.2075885,target,10,15.822767133364835,-3.8400000000000007,-0.0,0.0,15.822767133364835,20.54051190851183,0.4036385595454133,0.2343151568958292,0.5493515965059265,bounce_resistance
EURUSD.a,15m,-1,0.47,2021-01-18 16:45:00,1.2066671030473342,2021-01-18 17:30:00,1.2076440425211803,1.207505286068006,1.205029427863988,stop,3,-45.91615527076853,-5.640000000000001,-0.8815532991964036,0.0,-45.91615527076853,-59.7508722259695,-1.1655443378739327,1.2084436545303008,0.0,bounce_resistance
EURUSD.a,15m,-1,0.54,2021-01-18 17:45:00,1.2072472174337492,2021-01-18 18:30:00,1.2081195705982115,1.207981550646652,1.205816898706696,stop,3,-47.10707088096555,-6.480000000000001,-0.9730773842186915,0.0,-47.10707088096555,-61.28546266957074,-1.1879527565066692,1.147684118656952,0.5953937886329788,bounce_resistance
EURUSD.a,15m,1,0.72,2021-01-19 07:15:00,1.2095762951094762,2021-01-19 07:15:00,1.2096516150442478,1.2090295617097222,1.2096516150442478,target,0,5.423035303556034,-8.64,-0.0,0.0,5.423035303556034,7.034224403081956,0.13776355131313553,0.23099944055565627,0.15310001284254857,bounce_support
EURUSD.a,15m,1,0.4,2021-01-19 15:00:00,1.2127434952084055,2021-01-19 16:00:00,1.2142536411016254,1.2117581794491874,1.2142536411016254,target,4,60.40583572879399,-4.800000000000001,-0.0,0.0,60.40583572879399,78.41451272008982,1.5326517201127487,0.4095085302662096,1.7623840635335601,bounce_support
EURUSD.a,15m,1,0.34,2021-01-19 16:45:00,1.21327498030567,2021-01-19 17:00:00,1.2120981067597822,1.2121207078998226,1.215178584200355,stop,1,-40.0137005601815,-4.080000000000001,-0.7684387613702364,0.0,-40.0137005601815,-51.93953784470398,-1.0195804213337218,1.1132383475170888,0.09098345745593305,bounce_support
EURUSD.a,15m,1,0.35,2021-01-19 19:30:00,1.2121954534932047,2021-01-20 02:00:00,1.21402933092078,1.21107533453961,1.21402933092078,target,26,64.18570996513328,-4.2,-0.0,-7.455,56.730709965133286,73.5873684577501,1.447058298918527,0.36197360280668933,1.7449454814800884,bounce_support
EURUSD.a,15m,1,0.47,2021-01-20 05:15:00,1.214650039225182,2021-01-20 10:30:00,1.213779483702098,1.2137978878748144,1.2159642242503714,stop,21,-40.91610958494351,-5.640000000000001,-0.8649961176632637,0.0,-40.91610958494351,-52.90830628823481,-1.0215973051128973,1.5960066537420285,1.372949505170814,bounce_support
EURUSD.a,15m,-1,0.25,2021-01-20 18:45:00,1.2106290338246586,2021-01-21 03:00:00,1.2123225775686346,1.212186187299113,1.2075776254017738,stop,33,-42.33859359940028,-3.0000000000000004,-0.4097567380412171,0.4175,-41.92109359940029,-53.9830709789331,-1.0768647866026382,1.5804262172702823,0.4681836675822845,bounce_resistance
EURUSD.a,15m,1,0.59,2021-01-21 08:45:00,1.213108641595084,2021-01-21 09:45:00,1.21242096180763,1.2124375565414856,1.2140648869170287,stop,4,-40.57310745978526,-7.080000000000001,-0.9790892974775388,0.0,-40.57310745978526,-52.29638897668982,-1.0247282125663937,1.9798408382954422,0.6278763066716736,bounce_support
EURUSD.a,15m,1,0.26,2021-01-21 16:30:00,1.214640566599903,2021-01-22 02:00:00,1.217187599271156,1.2131562003644218,1.217187599271156,target,38,66.22284945258095,-3.1200000000000006,-0.0,-1.8460000000000003,64.37684945258094,82.95237472467811,1.6680739645432672,0.7144911912922199,2.0206828533289696,bounce_support
EURUSD.a,15m,1,0.47,2021-01-22 03:00:00,1.2170402814628436,2021-01-22 03:15:00,1.2161725398533014,1.2161882104622623,1.2183535790754751,stop,1,-40.78385564848208,-5.640000000000001,-0.736518621160626,0.0,-40.78385564848208,-52.61482525541461,-1.018391200909566,1.0448442233525146,0.0,bounce_support
EURUSD.a,15m,1,0.59,2021-01-22 03:30:00,1.2167508008531662,2021-01-22 09:00:00,1.2160683134468764,1.2160799190952438,1.2177001618095125,stop,22,-40.266756971100826,-7.080000000000001,-0.6847332536768589,0.0,-40.266756971100826,-52.0874925246434,-1.0172990966446627,1.283088775333601,1.3701358487975495,bounce_support
EURUSD.a,15m,1,0.38,2021-01-22 14:30:00,1.216976485935575,2021-01-22 14:45:00,1.2159221926863661,1.215946483810917,1.2181435146443516,stop,1,-40.06314346993456,-4.5600000000000005,-0.9230627329355751,0.0,-40.06314346993456,-51.950444085602015,-1.023583567421284,1.0062949490703341,0.07137273085668286,bounce_support
EURUSD.a,15m,1,0.34,2021-01-22 19:45:00,1.2165863628092433,2021-01-25 11:15:00,1.215441821131561,1.215461657963822,1.218416778242678,stop,62,-38.914417041198135,-4.080000000000001,-0.6744522968730703,-2.414,-41.328417041198136,-53.51619537616624,-1.0807650403844484,1.5527298707326451,1.5591976845266307,bounce_support
EURUSD.a,15m,-1,0.56,2021-01-25 22:45:00,1.2139495927046657,2021-01-26 08:00:00,1.2127250476819598,1.21463747615902,1.2126050476819599,target,37,68.5745212715343,-6.7200000000000015,-0.0,0.9352,69.50972127153429,90.49448812218861,1.80444087562949,0.9891316487225621,2.0927857699633674,bounce_resistance
EURUSD.a,15m,-1,0.68,2021-01-26 08:30:00,1.2129719695506418,2021-01-26 09:30:00,1.2119767724645838,1.213541613767708,1.211856772464584,target,4,67.67340185194382,-8.160000000000002,-0.0,0.0,67.67340185194382,88.21059184538677,1.7470502749655406,0.27741956228775205,3.1808793916559193,bounce_resistance
EURUSD.a,15m,-1,0.5,2021-01-26 10:15:00,1.212647611581343,2021-01-26 10:45:00,1.213579406149565,1.2134391757203327,1.2111016485593349,stop,2,-46.589728411106094,-6.000000000000001,-1.0115214616266983,0.0,-46.589728411106094,-60.55017728621607,-1.1771561170158191,1.8979995993434218,0.3001798207359508,bounce_resistance
EURUSD.a,15m,-1,0.36,2021-01-26 13:30:00,1.2140752943145139,2021-01-26 15:30:00,1.2152880089691338,1.21514429086353,1.2119814182729398,stop,8,-43.65772756631702,-4.32,-0.853851801742021,0.0,-43.65772756631702,-56.4308505995179,-1.134442066942273,1.875315394920023,0.48203552667051763,bounce_resistance
EURUSD.a,15m,1,0.47,2021-01-26 22:45:00,1.2168005389106284,2021-01-26 23:00:00,1.216823961038961,1.215973707487889,1.216823961038961,target,1,1.1008400316330214,-5.640000000000001,-0.0,0.0,1.1008400316330214,1.4208787645632472,0.028327574023508943,0.36348269110619824,0.047725676947214676,bounce_support
EURUSD.a,15m,1,0.55,2021-01-26 23:45:00,1.216329382143546,2021-01-27 02:00:00,1.2165170588235295,1.2156155419209473,1.2165170588235295,target,9,10.322217399094669,-6.600000000000001,-0.0,-11.715000000000002,-1.392782600905333,-1.7963739322679801,-0.035474773226250624,0.7415975267109853,0.5051800739686405,bounce_support
EURUSD.a,15m,1,0.55,2021-01-27 03:15:00,1.2162285866626363,2021-01-27 05:00:00,1.215509967424915,1.2155222516322575,1.2167877272727274,stop,7,-39.524058074672524,-6.600000000000001,-0.6756314038369771,0.0,-39.524058074672524,-51.082493989728356,-1.0173914740372725,1.0598181180889608,0.6957227324547407,bounce_support
EURUSD.a,15m,-1,0.26,2021-01-27 20:45:00,1.2114201091256291,2021-01-28 02:45:00,1.2086376768992548,1.2129011615503726,1.208517676899255,target,24,72.34323788573205,-3.1200000000000006,-0.0,0.4342,72.77743788573206,95.45833930447542,1.88996161081812,0.9857118154501867,2.1471955161748673,bounce_resistance
EURUSD.a,15m,-1,0.52,2021-01-28 07:45:00,1.2094976922400495,2021-01-28 07:45:00,1.2103743250279668,1.2102358633880412,1.208389,stop,0,-45.584904971698315,-6.240000000000001,-0.9600052761365822,0.0,-45.584904971698315,-59.692670785033016,-1.187573898414072,1.4526546626317818,0.172984599028153,bounce_resistance
EURUSD.a,15m,-1,0.44,2021-01-28 09:00:00,1.2103255461431337,2021-01-28 09:15:00,1.208761950271168,1.211189024864416,1.208641950271168,target,1,68.79821836649303,-5.280000000000001,-0.0,0.0,68.79821836649303,90.33260903414218,1.8108099637289004,0.01673910023492718,2.2994731592056836,bounce_resistance
EURUSD.a,15m,-1,0.34,2021-01-28 10:15:00,1.2104623546374325,2021-01-28 12:45:00,1.2117362944421695,1.2115895964459398,1.2082608071081204,stop,10,-43.31395336105803,-4.080000000000001,-0.9077318718157709,0.0,-43.31395336105803,-56.88276910285246,-1.1301388886772565,1.1334261672386212,1.3859977740722969,bounce_resistance
EURUSD.a,15m,1,0.34,2021-01-28 22:30:00,1.2130448222603085,2021-01-28 23:15:00,1.2119001279079955,1.2119216859833772,1.213922946708464,stop,3,-38.91960797864247,-4.080000000000001,-0.7329745629772615,0.0,-38.91960797864247,-50.697036536417656,-1.0191945321547589,1.0638266120056343,0.30733379980795417,bounce_support
EURUSD.a,15m,1,0.41,2021-01-28 23:30:00,1.212103631189522,2021-01-29 02:30:00,1.2111504432420166,1.2111672618940568,1.2135754762118864,stop,12,-39.08070584771806,-4.920000000000001,-0.6895647336462187,-2.911,-41.99170584771806,-54.768694614284485,-1.0937863431292347,1.2213463160961227,0.6368948804346771,bounce_support
EURUSD.a,15m,-1,0.54,2021-01-29 08:00:00,1.2099405763402695,2021-01-29 08:30:00,1.2107788942320266,1.210644834039467,1.2085903319210656,stop,2,-45.26916615487986,-6.480000000000001,-0.7592503982153803,0.0,-45.26916615487986,-59.10352924533556,-1.190356729805307,1.0357340225907186,0.21380858234303873,bounce_resistance
EURUSD.a,15m,-1,0.49,2021-01-29 10:15:00,1.2105285113198871,2021-01-29 10:15:00,1.2114371880608257,1.2112999550406565,1.209020089918687,stop,0,-44.52516030598797,-5.880000000000001,-0.8444179882944027,0.0,-44.52516030598797,-58.15417207302122,-1.1778911623421597,1.0389464046885932,0.42583964460764345,bounce_resistance
EURUSD.a,15m,-1,0.56,2021-01-29 10:30:00,1.2106377605113239,2021-01-29 10:45:00,1.2114548243943586,1.2113147551065597,1.2092904897868804,stop,1,-45.75557744994363,-6.7200000000000015,-1.1238801167448975,0.0,-45.75557744994363,-59.76121604140801,-1.206898679523526,1.9678731529784157,0.6761656807088309,bounce_resistance
EURUSD.a,15m,-1,0.39,2021-01-29 11:00:00,1.2117063761551718,2021-01-29 12:15:00,1.2128191163184743,1.212674576259967,1.2098108474800655,stop,5,-43.3968663687947,-4.680000000000001,-0.9570622817798212,0.0,-43.3968663687947,-56.678290084233026,-1.149287381597356,1.2328276344079216,1.1530427952265823,bounce_resistance
EURUSD.a,15m,1,0.24,2021-01-29 17:45:00,1.2131244491489044,2021-02-01 10:15:00,1.2115857144124176,1.2116034529766293,1.2157330940467412,stop,66,-36.92963367568325,-2.8800000000000003,-0.4257255410837942,-1.704,-38.63363367568325,-50.655766813540914,-1.058342398113329,1.2126586394662486,1.581562725103664,bounce_support
EURUSD.a,15m,-1,0.36,2021-02-02 00:00:00,1.2059077107201015,2021-02-02 03:00:00,1.207060146356913,1.2069254667198142,1.2043290665603714,stop,12,-41.48768292521598,-4.32,-0.5284669355618451,0.0,-41.48768292521598,-54.21879915474062,-1.1323299859071567,1.2599181731775753,0.06652942367384122,bounce_resistance
EURUSD.a,15m,-1,0.32,2021-02-02 18:15:00,1.2030520628668875,2021-02-02 18:45:00,1.2025082987551867,1.2041984610137508,1.2023882987551868,target,2,17.40045157442438,-3.8400000000000007,-0.0,0.0,17.40045157442438,22.939096400269438,0.47432396256793613,0.19010597121852843,1.0311102387261566,bounce_resistance
EURUSD.a,15m,-1,0.45,2021-02-02 21:30:00,1.2022463625562911,2021-02-02 22:45:00,1.2032084372020193,1.2030675257745254,1.2006449484509496,stop,5,-43.293359057767766,-5.4,-0.9410142372300706,0.0,-43.293359057767766,-56.977691138501726,-1.171599779879276,2.172086381979235,0.6531741125040179,bounce_resistance
EURUSD.a,15m,-1,0.57,2021-02-03 02:45:00,1.2042800494610824,2021-02-03 03:15:00,1.205056157466077,1.2049210117435483,1.2030279765129037,stop,2,-44.238156284692955,-6.84,-0.8633061841403954,0.0,-44.238156284692955,-58.085814449439276,-1.210848167241253,1.1388354024659526,0.1404910453323815,bounce_resistance
EURUSD.a,15m,1,0.72,2021-02-03 08:15:00,1.2039571973520602,2021-02-03 09:00:00,1.2034337596855824,1.203446050273671,1.2045978994526578,stop,3,-37.68751198639997,-8.64,-0.8849223423768516,0.0,-37.68751198639997,-49.43272820881423,-1.0240451107093016,1.8139541264367873,0.3380683471463805,bounce_support
EURUSD.a,15m,1,0.54,2021-02-04 05:30:00,1.202479102651703,2021-02-04 05:45:00,1.2017862180829904,1.201800011062148,1.203449977875704,stop,1,-37.41576671048241,-6.480000000000001,-0.7448208745157291,0.0,-37.41576671048241,-49.061493398479485,-1.0203109261988528,1.1914484940584507,0.0,bounce_support
EURUSD.a,15m,1,0.45,2021-02-04 06:00:00,1.2019789956537643,2021-02-04 08:00:00,1.2011554927077353,1.2011686662314667,1.203212667537067,stop,8,-37.0576325713079,-5.4,-0.5928085679117967,0.0,-37.0576325713079,-48.55750693987958,-1.0162569979182934,1.0230353618579073,0.12464603093064389,bounce_support
EURUSD.a,15m,-1,0.31,2021-02-04 13:30:00,1.199224933281497,2021-02-04 17:15:00,1.197150920556154,1.2003595397219229,1.197030920556154,target,15,64.29439448563711,-3.7200000000000006,-0.0,0.0,64.29439448563711,84.6101336846611,1.8279578287645766,0.5068424592117603,2.093178036787542,bounce_resistance
EURUSD.a,15m,-1,0.58,2021-02-05 00:15:00,1.1962502396049128,2021-02-05 01:30:00,1.1970060251366088,1.1968728630405334,1.194974273918933,stop,5,-43.83556083836648,-6.96,-0.7634015723843841,0.0,-43.83556083836648,-57.67685171227926,-1.2138726049440527,1.027523794457736,0.6749498667585865,bounce_resistance
EURUSD.a,15m,-1,0.59,2021-02-05 02:15:00,1.1964213535410404,2021-02-05 02:30:00,1.197161238887602,1.1970280813197653,1.1952338373604696,stop,1,-43.65323544713817,-7.080000000000001,-0.7762965023658481,0.0,-43.65323544713817,-57.42788887196855,-1.2194683884699506,1.2833538965299829,0.11760388026130363,bounce_resistance
EURUSD.a,15m,1,0.34,2021-02-05 21:00:00,1.2043836780701236,2021-02-08 00:00:00,1.2033218304225566,1.2033389659853828,1.2060720680292345,stop,12,-36.10282001727816,-4.080000000000001,-0.5826091360912607,-2.414,-38.516820017278164,-50.22077060731229,-1.084363495084965,1.2000225597415501,0.5995163059990242,bounce_support
EURUSD.a,15m,1,0.52,2021-02-08 00:30:00,1.204050714320128,2021-02-08 01:00:00,1.2050470279169403,1.20335648604153,1.2050470279169403,target,2,51.80830703423922,-6.240000000000001,-0.0,0.0,51.80830703423922,67.47191122516014,1.4351383075670168,0.18828723081099444,2.0300032760377396,bounce_support
EURUSD.a,15m,1,0.43,2021-02-08 03:00:00,1.2033620104239429,2021-02-08 09:30:00,1.2046575814059834,1.2025162092970083,1.2046575814059834,target,26,55.7095522277451,-5.160000000000001,-0.0,0.0,55.7095522277451,72.57817065028414,1.5317678598231907,0.4753013576605702,1.617389162172479,bounce_support
EURUSD.a,15m,1,0.45,2021-02-08 10:30:00,1.2032228370699778,2021-02-08 11:30:00,1.2023959874395378,1.2024149879974682,1.2044400240050637,stop,4,-37.208233369799835,-5.4,-0.8550251068673143,0.0,-37.208233369799835,-48.541764559045866,-1.0235199353158049,1.0185529673527751,0.4173588130450573,bounce_support
EURUSD.a,15m,1,0.51,2021-02-09 07:30:00,1.207948303506819,2021-02-09 10:15:00,1.2072207767528902,1.207237403070524,1.2090451938589521,stop,11,-37.10386445037095,-6.120000000000001,-0.8479421993198485,0.0,-37.10386445037095,-48.0184605284987,-1.0233876880430992,1.7137470236595502,1.0433197889797856,bounce_support
EURUSD.a,15m,1,0.38,2021-02-09 21:00:00,1.2106514174839722,2021-02-10 04:30:00,1.212181692283474,1.2097041538582631,1.212181692283474,target,30,58.15044238107037,-4.5600000000000005,-0.0,-8.094000000000001,50.05644238107037,64.73848292322961,1.390610558402693,0.13873380166349203,2.1204049870745845,bounce_support
EURUSD.a,15m,-1,0.99,2021-02-11 03:30:00,1.2115239563133162,2021-02-11 04:00:00,1.212023914392447,1.2118948624813535,1.210800275037293,stop,2,-49.495849833941726,-11.88,-0.8961391982627679,0.0,-49.495849833941726,-64.07312694525719,-1.3479368158701182,1.1756172430109315,0.3072375795720801,bounce_resistance
EURUSD.a,15m,-1,1.03,2021-02-11 04:15:00,1.2119540964359896,2021-02-11 06:00:00,1.2124368894552369,1.2123083075509935,1.2112633848980128,stop,7,-49.727680982466936,-12.360000000000001,-0.8839361370722918,0.0,-49.727680982466936,-64.29499887833022,-1.3630092303623838,1.5694130998804485,0.6891269800691308,bounce_resistance
EURUSD.a,15m,-1,0.89,2021-02-11 06:15:00,1.2124544445354684,2021-02-11 08:00:00,1.2129885920963224,1.2128608395941838,1.2116583208116327,stop,7,-47.53913291600731,-10.680000000000001,-0.6899726903460879,0.0,-47.53913291600731,-61.33765085157839,-1.3143554514230624,1.1209670362910962,0.7245278434220198,bounce_resistance
EURUSD.a,15m,1,0.95,2021-02-12 00:00:00,1.2130485021952002,2021-02-12 02:45:00,1.2126563556660992,1.212667612566131,1.2141147748677377,stop,11,-37.25392026459717,-11.400000000000002,-1.0694055030316316,0.0,-37.25392026459717,-48.0677138492667,-1.0295542308657986,1.4925641230757727,1.1591226725672146,bounce_support
EURUSD.a,15m,-1,0.55,2021-02-12 14:45:00,1.2113292539059595,2021-02-12 15:15:00,1.2102207826327378,1.211974608683631,1.210100782632738,target,2,60.96592002719171,-6.600000000000001,-0.0,0.0,60.96592002719171,78.94276690732858,1.7176153513904193,0.20259568622434737,3.0049423558257415,bounce_resistance
EURUSD.a,15m,-1,0.32,2021-02-12 19:00:00,1.2124854419062325,2021-02-15 05:45:00,1.2137280714429386,1.2135971996594928,1.2103056006810142,stop,43,-39.764145174594034,-3.8400000000000007,-0.3478970702725959,0.5344,-39.229745174594036,-50.400515410085355,-1.1026948389710192,1.1554298497136863,1.048287635336859,bounce_resistance
EURUSD.a,15m,1,0.72,2021-02-15 09:45:00,1.2133172989788736,2021-02-15 10:00:00,1.2139317753347538,1.212819112332623,1.2139317753347538,target,1,44.24229762337362,-8.64,-0.0,0.0,44.24229762337362,56.85720589538203,1.233425987036867,0.4963982489991609,2.394084687140466,bounce_support
EURUSD.a,15m,1,0.38,2021-02-15 12:00:00,1.2135812053718125,2021-02-15 14:00:00,1.212618444422523,1.2126351297045925,1.215109740590815,stop,8,-36.58491607300052,-4.5600000000000005,-0.634040718645888,0.0,-36.58491607300052,-47.038824409844324,-1.0176363082231898,1.1956817102552793,0.48494496168125734,bounce_support
EURUSD.a,15m,-1,0.49,2021-02-15 18:30:00,1.2131800456709745,2021-02-16 02:15:00,1.2140420509274783,1.21391228699986,1.21174542600028,stop,31,-42.23825756868704,-5.880000000000001,-0.47843245330181294,0.8182999999999999,-41.41995756868704,-53.19457724097739,-1.1544080116188042,1.0924736114569518,0.9287179569741452,bounce_resistance
EURUSD.a,15m,-1,0.44,2021-02-16 21:45:00,1.211318540250373,2021-02-16 21:45:00,1.2114455555555552,1.2121394716867993,1.2113255555555553,target,0,-5.588673428017721,-5.280000000000001,-0.0,0.0,-5.588673428017721,-7.199672044751263,-0.1547209663880756,0.33067286448267424,0.08349083410843242,bounce_resistance
EURUSD.a,15m,-1,0.61,2021-02-16 22:00:00,1.2115289730896321,2021-02-16 22:00:00,1.2115411111111107,1.212117736936684,1.2114211111111108,target,0,-0.7404193101940848,-7.320000000000001,-0.0,0.0,-0.7404193101940848,-0.9541731877034006,-0.02061611211247197,0.15460682720852678,0.3039811131889204,bounce_resistance
EURUSD.a,15m,-1,0.52,2021-02-16 22:15:00,1.2113992892975156,2021-02-17 00:00:00,1.2104284347826086,1.212092282337565,1.2103084347826087,target,7,50.48443477516251,-6.240000000000001,-0.0,2.6052,53.08963477516251,68.50452240723955,1.4732536344580536,0.5638017698654456,1.6295824521341395,bounce_resistance
EURUSD.a,15m,-1,0.72,2021-02-17 06:15:00,1.2091805993735876,2021-02-17 09:00:00,1.2083251633094445,1.2096824183452777,1.2082051633094446,target,11,61.59139661830082,-8.64,-0.0,0.0,61.59139661830082,79.52818301565067,1.704670633041225,0.6763407634216569,2.970392626981336,bounce_resistance
EURUSD.a,15m,-1,0.29,2021-02-17 19:00:00,1.2040840119331069,2021-02-18 10:15:00,1.2054650470872639,1.2053294638634164,1.201641072273167,stop,61,-40.05001947055287,-3.48,-0.45191349157779365,0.48429999999999995,-39.56571947055287,-50.87006540480967,-1.0954538838105834,1.297511391299909,0.509061745120412,bounce_resistance
EURUSD.a,15m,1,0.3,2021-02-18 16:15:00,1.2079049430212414,2021-02-18 17:15:00,1.206682703841088,1.2067064898376652,1.2098970203246697,stop,4,-36.66717540460551,-3.6000000000000005,-0.7135798973187228,0.0,-36.66717540460551,-47.37055152070991,-1.0198472471876496,1.4059314492480792,0.30460679128841545,bounce_support
EURUSD.a,15m,1,0.59,2021-02-19 01:45:00,1.2094574415806536,2021-02-19 02:30:00,1.2088331033532693,1.208844153145195,1.21030169370961,stop,3,-36.83595541567252,-7.080000000000001,-0.6519377236204326,0.0,-36.83595541567252,-47.380481594536654,-1.0180172840164743,1.1046051767584066,0.0,bounce_support
EURUSD.a,15m,1,0.59,2021-02-19 04:00:00,1.2089081987307597,2021-02-19 04:15:00,1.2082911141400525,1.208303348086468,1.209733303827064,stop,1,-36.40799085172452,-7.080000000000001,-0.7218028385114451,0.0,-36.40799085172452,-46.884284143615375,-1.020226392301855,1.1047334363712193,0.0,bounce_support
EURUSD.a,15m,1,0.35,2021-02-19 16:00:00,1.2132037079199935,2021-02-19 16:15:00,1.2121710453051482,1.2121916170508535,1.2140582817869416,stop,1,-36.14319151958755,-4.2,-0.7200110996844346,0.0,-36.14319151958755,-45.99131092876373,-1.0203259868581125,1.317774876406923,0.035858519341636266,bounce_support
EURUSD.a,15m,1,0.4,2021-02-19 20:15:00,1.2118042570543195,2021-02-19 20:15:00,1.2108966961090009,1.2109180816904803,1.2131738366190394,stop,0,-36.302437812745225,-4.800000000000001,-0.8554232591791441,0.0,-36.302437812745225,-46.171034788422695,-1.0241324486688639,1.0881108792532102,0.0,bounce_support
EURUSD.a,15m,-1,0.29,2021-02-22 00:00:00,1.2112199039483584,2021-02-22 01:00:00,1.2125630886954715,1.2124298134717002,1.2104803730565998,stop,4,-38.952357666278026,-3.48,-0.38498148936868964,0.0,-38.952357666278026,-49.416248228706664,-1.1101530496290017,1.0745398945623186,0.0,bounce_resistance
EURUSD.a,15m,1,0.63,2021-02-22 01:15:00,1.212279017995668,2021-02-22 01:15:00,1.2116954562306832,1.2117089832241852,1.2122507457627119,stop,0,-36.764391194039405,-7.560000000000001,-0.8522005906230321,0.0,-36.764391194039405,-46.64052165434749,-1.023730119948302,1.1911869760184843,0.0,bounce_support
EURUSD.a,15m,1,0.44,2021-02-22 04:45:00,1.211860888318074,2021-02-22 09:15:00,1.2110492199481266,1.2110618465143275,1.213066306971345,stop,18,-35.713408277680436,-5.280000000000001,-0.5555689128346568,0.0,-35.713408277680436,-45.39820798769552,-1.015802134683845,1.66560536862239,0.7247576775217042,bounce_support
EURUSD.a,15m,1,0.44,2021-02-23 03:15:00,1.2166998412255305,2021-02-23 03:30:00,1.217439702970297,1.2158926892546411,1.217439702970297,target,1,32.55391676972508,-5.280000000000001,-0.0,0.0,32.55391676972508,41.03865965297835,0.916632519587604,0.297145065837052,1.0285036825898795,bounce_support
EURUSD.a,15m,1,0.58,2021-02-23 05:15:00,1.2167891483781879,2021-02-23 09:45:00,1.2176344407279296,1.2161727796360353,1.2176344407279296,target,18,49.02695628502052,-6.96,-0.0,0.0,49.02695628502052,61.936349640613614,1.3714069061804222,0.8422691526745447,1.9807163120384872,bounce_support
EURUSD.a,15m,1,0.46,2021-02-23 10:00:00,1.2171302496404834,2021-02-23 10:00:00,1.216334467024883,1.2163498414856082,1.2183003170287838,stop,0,-36.606000317619625,-5.5200000000000005,-0.7072251933593489,0.0,-36.606000317619625,-46.25123230184674,-1.0197005382749371,1.2304454207516398,0.3200253072142659,bounce_support
EURUSD.a,15m,-1,0.5,2021-02-24 00:00:00,1.2149194882740981,2021-02-24 01:15:00,1.2145689938398356,1.2156287230477467,1.2144489938398357,target,5,17.52472171312469,-6.000000000000001,-0.0,0.0,17.52472171312469,22.163553450265198,0.49418675914522303,0.5929090641434265,0.9016595038174886,bounce_resistance
EURUSD.a,15m,-1,0.53,2021-02-24 02:00:00,1.2150591799030594,2021-02-24 02:45:00,1.2158675778573442,1.2157322801789667,1.2145790965092402,stop,3,-42.845091577093264,-6.360000000000001,-0.8107769540111271,0.0,-42.845091577093264,-54.09392282948458,-1.2010067195339214,1.1006088148485496,0.20677439609105455,bounce_resistance
EURUSD.a,15m,1,0.39,2021-02-24 06:15:00,1.215239941032426,2021-02-24 10:30:00,1.2166586741285859,1.214335662935707,1.2166586741285859,target,17,55.33059075023683,-4.680000000000001,-0.0,0.0,55.33059075023683,69.83893008638178,1.5689123747523208,0.917794023140925,2.444003648427127,bounce_support
EURUSD.a,15m,1,0.33,2021-02-24 12:30:00,1.215184136417433,2021-02-24 13:45:00,1.2169218663919013,1.2141140668040493,1.2169218663919013,target,5,57.345089157454076,-3.9600000000000004,-0.0,0.0,57.345089157454076,72.36064702072464,1.6239410527446827,0.19076928723123543,1.668922806732307,bounce_support
EURUSD.a,15m,1,0.33,2021-02-24 15:15:00,1.214696668941894,2021-02-24 15:15:00,1.213581366482185,1.2136063698950261,1.216467260209948,stop,0,-36.8049811703981,-3.9600000000000004,-0.8251126237548649,0.0,-36.8049811703981,-46.56736318943026,-1.0229326191863493,1.4919475042804342,0.0,bounce_support
EURUSD.a,15m,1,0.42,2021-02-25 02:30:00,1.2165301333276608,2021-02-25 03:00:00,1.2156567186242166,1.2156724711679008,1.2178550576641982,stop,2,-36.68341754465443,-5.040000000000001,-0.6616068347313683,0.0,-36.68341754465443,-46.088169390474704,-1.0183668400253791,1.0028812835830885,0.0,bounce_support
EURUSD.a,15m,1,0.54,2021-02-25 04:00:00,1.2158799632271304,2021-02-25 05:45:00,1.2168480082566262,1.2152159958716868,1.2168480082566262,target,7,52.274431592771464,-6.480000000000001,-0.0,0.0,52.274431592771464,65.65654951489796,1.4579708197385737,0.42165209604826454,1.641702357703119,bounce_support
EURUSD.a,15m,1,0.34,2021-02-25 15:00:00,1.222716079039142,2021-02-25 15:45:00,1.221638142198808,1.2216653302722384,1.224409339455523,stop,3,-36.649852571355005,-4.080000000000001,-0.9243944966340958,0.0,-36.649852571355005,-45.961691210628295,-1.0258749515457475,1.4999580192576694,0.6604061624578108,bounce_support
EURUSD.a,15m,-1,0.35,2021-02-26 08:30:00,1.2156956277164206,2021-02-26 09:30:00,1.2138666169523025,1.2166916915238488,1.2137466169523026,target,4,64.01537674413427,-4.2,-0.0,0.0,64.01537674413427,81.8150615307682,1.8362385526691418,0.1650218413253556,2.8066753310098007,bounce_resistance
EURUSD.a,15m,-1,0.38,2021-03-01 01:30:00,1.208633600974369,2021-03-01 02:30:00,1.2097039028022576,1.209560231916258,1.2068295361674841,stop,4,-40.67146945976629,-4.5600000000000005,-0.8994936679916471,0.0,-40.67146945976629,-52.50031555817978,-1.155046501800138,1.5932977832807647,0.27368066714028416,bounce_resistance
EURUSD.a,15m,-1,0.39,2021-03-01 02:45:00,1.209764032308667,2021-03-01 04:15:00,1.2081354893204443,1.210662255339778,1.2080154893204444,target,6,63.51317654068023,-4.680000000000001,-0.0,0.0,63.51317654068023,81.8943672757143,1.8130719563138857,0.24043882627460422,2.0307120230604903,bounce_resistance
EURUSD.a,15m,-1,0.44,2021-03-01 07:15:00,1.2081787331500184,2021-03-01 08:45:00,1.2091210121149047,1.2089858788166725,1.2077643859649123,stop,6,-41.460274454997226,-5.280000000000001,-0.6658651222232899,0.0,-41.460274454997226,-53.426811750982225,-1.167421202659001,1.364396657850662,0.4940039530550558,bounce_resistance
EURUSD.a,15m,-1,0.38,2021-03-01 21:45:00,1.204465231699651,2021-03-02 04:45:00,1.2027628270595379,1.205398586470231,1.202642827059538,target,28,64.69137632429644,-4.5600000000000005,-0.0,0.6345999999999999,65.32597632429645,84.32857811723395,1.8418555240732408,0.7229494310398192,3.1555329146927495,bounce_resistance
EURUSD.a,15m,-1,0.32,2021-03-02 11:45:00,1.201203307237753,2021-03-02 12:15:00,1.2024685805135324,1.2023228426807284,1.2002545270270268,stop,2,-40.488744824941136,-3.8400000000000007,-0.8236106497314152,0.0,-40.488744824941136,-51.977283881203554,-1.1301770602426846,1.0510544973187064,0.5120938701407038,bounce_resistance
EURUSD.a,15m,-1,0.4,2021-03-02 15:00:00,1.2033440408829361,2021-03-02 16:15:00,1.204372464676497,1.2042277918634987,1.2016844162730023,stop,5,-41.13695174243759,-4.800000000000001,-0.9869125199360929,0.0,-41.13695174243759,-52.67080451516938,-1.1637031428313094,1.4324839744539097,1.5321520572166702,bounce_resistance
EURUSD.a,15m,1,0.42,2021-03-02 22:45:00,1.2090319976381467,2021-03-03 00:45:00,1.2081775409671947,1.2081933472124922,1.210313305575016,stop,8,-35.887180179987155,-5.040000000000001,-0.6638623024923648,-8.946000000000002,-44.83318017998715,-57.36591068799298,-1.2728267205241435,1.0636107856864612,0.09300938682800935,bounce_support
EURUSD.a,15m,1,0.48,2021-03-03 04:30:00,1.20859893594059,2021-03-03 09:30:00,1.2096943495184032,1.2078578252407983,1.2096943495184032,target,20,52.579851735032435,-5.760000000000001,-0.0,0.0,52.579851735032435,67.14492993695718,1.478070115734558,0.9430924972294853,2.9159801093380495,bounce_support
EURUSD.a,15m,1,0.34,2021-03-03 11:00:00,1.2076933392972529,2021-03-03 11:30:00,1.2093389860837944,1.2066555069581026,1.2093389860837944,target,2,55.95199074241287,-4.080000000000001,-0.0,0.0,55.95199074241287,71.45209335361189,1.5856576486034424,0.1766559880017812,3.5040926800612566,bounce_support
EURUSD.a,15m,-1,0.31,2021-03-03 20:15:00,1.2073134821584652,2021-03-04 01:15:00,1.20521577091164,1.20844711454418,1.20509577091164,target,20,65.0290486515821,-3.7200000000000006,-0.0,0.5176999999999999,65.5467486515821,84.54590425598765,1.865164821920762,0.47327321298834607,2.6141474042282096,bounce_resistance
EURUSD.a,15m,-1,0.45,2021-03-04 02:15:00,1.205607327556879,2021-03-04 10:30:00,1.2041611361620819,1.2064094319189589,1.204041136162082,target,33,65.07861276587313,-5.4,-0.0,0.0,65.07861276587313,83.42556246266169,1.8029965465431992,0.8885033878547526,2.3529700698614278,bounce_resistance
EURUSD.a,15m,-1,0.37,2021-03-05 00:30:00,1.1973039324550396,2021-03-05 01:15:00,1.1963000943396225,1.1982755773348353,1.1961800943396226,target,3,37.14201027043473,-4.44,-0.0,0.0,37.14201027043473,48.14758532373381,1.0331327178179621,0.43850130209089394,1.280233633610447,bounce_resistance
EURUSD.a,15m,-1,0.3,2021-03-05 01:45:00,1.196654501936003,2021-03-05 02:30:00,1.1961715566037734,1.1978439681518596,1.1960515566037735,target,3,14.488359966891018,-3.6000000000000005,-0.0,0.0,14.488359966891018,18.79018489727261,0.4060185365432655,0.17276494385254712,0.8865337425693951,bounce_resistance
EURUSD.a,15m,-1,0.42,2021-03-05 03:00:00,1.196634972562631,2021-03-05 03:00:00,1.1958502912621358,1.1974877104284656,1.195730291262136,target,0,32.956614620800465,-5.040000000000001,-0.0,0.0,32.956614620800465,42.80302174242878,0.9201905203627182,0.029349508649405144,1.38960941000495,bounce_resistance
EURUSD.a,15m,-1,0.4,2021-03-05 04:00:00,1.196055665747639,2021-03-05 04:00:00,1.1957153398058251,1.1969543039970199,1.1955953398058252,target,0,13.613037672559614,-4.800000000000001,-0.0,0.0,13.613037672559614,17.662753882810378,0.37871294934141747,0.1272305651797442,0.9855642671000894,bounce_resistance
EURUSD.a,15m,-1,0.4,2021-03-05 05:00:00,1.1963166725796106,2021-03-05 10:00:00,1.194657311956788,1.1972263440216058,1.1945373119567881,target,20,66.3744249129028,-4.800000000000001,-0.0,0.0,66.3744249129028,86.45317474816385,1.8241318197074856,0.17954550714613865,3.415158964204376,bounce_resistance
EURUSD.a,15m,-1,0.34,2021-03-05 12:15:00,1.193413643599665,2021-03-05 13:15:00,1.1924435087719296,1.1944832393702653,1.1923235087719297,target,4,32.98458414300143,-4.080000000000001,-0.0,0.0,32.98458414300143,43.014206725090865,0.9070107178815516,0.7725875728464757,1.0692297324839375,bounce_resistance
EURUSD.a,15m,-1,0.22,2021-03-05 16:15:00,1.193416311177011,2021-03-05 16:45:00,1.191337543859649,1.1950713452763277,1.191217543859649,target,2,45.732880981966595,-2.6400000000000006,-0.0,0.0,45.732880981966595,59.53639391000012,1.2560268807877761,0.7393737829897787,1.5264405597770734,bounce_resistance
EURUSD.a,15m,-1,0.3,2021-03-05 21:15:00,1.1912207584596763,2021-03-08 01:00:00,1.1925962761996254,1.1924567289741617,1.1899844811320754,stop,15,-41.26553219847118,-3.6000000000000005,-0.5864167639162774,0.501,-40.76453219847118,-52.886004409018135,-1.0993933302000143,1.4071869190568276,0.3727908184510139,bounce_resistance
EURUSD.a,15m,-1,0.52,2021-03-08 02:45:00,1.1929567754633517,2021-03-08 04:15:00,1.1916955833704093,1.1936672083147954,1.1915755833704094,target,6,65.5819888330047,-6.240000000000001,-0.0,0.0,65.5819888330047,85.21789655786884,1.7752446137299567,0.3845888265063879,2.233533345377923,bounce_resistance
EURUSD.a,15m,-1,0.44,2021-03-08 13:30:00,1.1878064058088047,2021-03-08 14:00:00,1.1863358956887882,1.1886370521556058,1.1862158956887883,target,2,64.70244528072745,-5.280000000000001,-0.0,0.0,64.70244528072745,84.60379627957091,1.7703203363015427,0.24510333667195114,2.3432424837605494,bounce_resistance
EURUSD.a,15m,-1,0.31,2021-03-08 16:00:00,1.1871042426269593,2021-03-08 16:30:00,1.1884351408945764,1.1882901322513837,1.1862437457044674,stop,2,-41.257846296127276,-3.7200000000000006,-0.7752679389792018,0.0,-41.257846296127276,-53.760354289752,-1.122278364028236,1.286593070397563,0.028875054013481324,bounce_resistance
EURUSD.a,15m,-1,0.66,2021-03-09 04:15:00,1.184818912646332,2021-03-09 04:45:00,1.1855195893990569,1.1853825095819404,1.1837249808361194,stop,2,-46.24466567984298,-7.920000000000001,-1.1272679296957648,0.0,-46.24466567984298,-60.445012456171305,-1.2432231413191706,1.4391266212128233,0.3529342226058585,bounce_resistance
EURUSD.a,15m,1,0.3,2021-03-09 20:00:00,1.188756074583732,2021-03-10 07:00:00,1.1874964593897386,1.1875091089528926,1.1908417820942148,stop,44,-37.78845581980273,-3.6000000000000005,-0.3794868946218535,-6.39,-44.17845581980273,-57.53976454473584,-1.1809589274743388,1.1275969032006337,1.3905158036319643,bounce_support
EURUSD.a,15m,-1,0.43,2021-03-10 11:00:00,1.1896070586995635,2021-03-10 12:00:00,1.1906028348096425,1.1904637400594698,1.1879325198810602,stop,4,-42.81837273339484,-5.160000000000001,-0.8210742574335177,0.0,-42.81837273339484,-55.640793624059306,-1.1623646278330733,1.0073071982456199,0.38177403509680063,bounce_resistance
EURUSD.a,15m,1,0.39,2021-03-10 12:45:00,1.1895622043163578,2021-03-10 13:30:00,1.1885960616397027,1.1886148378148331,1.189852972972973,stop,3,-37.679564389552006,-4.680000000000001,-0.7322708300883096,0.0,-37.679564389552006,-48.972023225006176,-1.019819336128357,1.0684400543282648,0.18767360188061338,bounce_support
EURUSD.a,15m,1,0.3,2021-03-10 15:30:00,1.188897318468077,2021-03-10 15:30:00,1.1897053153153154,1.1876895183856044,1.1897053153153154,target,0,24.239905417156038,-3.6000000000000005,-0.0,0.0,24.239905417156038,31.372020574581367,0.6689822752657099,0.15509062368459478,1.898229322215142,bounce_support
EURUSD.a,15m,1,0.48,2021-03-11 03:45:00,1.1919197334824796,2021-03-11 04:15:00,1.1930201629327901,1.1911547213137628,1.1930201629327901,target,2,52.8206136149052,-5.760000000000001,-0.0,0.0,52.8206136149052,68.23487096616095,1.4384469885705222,0.18265524156813048,1.987244882745383,bounce_support
EURUSD.a,15m,1,0.73,2021-03-11 07:45:00,1.1927374393382346,2021-03-11 08:00:00,1.1922131778189946,1.1922254683258215,1.1930579633401222,stop,1,-38.27109090452074,-8.760000000000002,-0.897206998367978,0.0,-38.27109090452074,-49.30824946469895,-1.0240062552936557,1.6357163158272556,0.3175192693024897,bounce_support
EURUSD.a,15m,1,0.44,2021-03-11 13:30:00,1.19647193206686,2021-03-11 14:45:00,1.1956153895975825,1.1956358327634715,1.1977483344730568,stop,5,-37.6878686482085,-5.280000000000001,-0.899499299116198,0.0,-37.6878686482085,-48.44012267934205,-1.0244506433699392,2.669458110794564,0.28473643283177563,bounce_support
EURUSD.a,15m,1,0.49,2021-03-12 01:45:00,1.1983697985749309,2021-03-12 04:15:00,1.1976033633935557,1.1976173603883271,1.1992221839080461,stop,10,-37.555323887384915,-5.880000000000001,-0.685852743803343,0.0,-37.555323887384915,-48.28962452248899,-1.018602185562412,1.5015167957255129,0.6514839807396932,bounce_support
EURUSD.a,15m,1,0.37,2021-03-12 22:00:00,1.1950225117725264,2021-03-15 04:30:00,1.1965498703746529,1.1940450648126735,1.1965498703746529,target,26,56.51226827868028,-4.44,-0.0,-2.6270000000000002,53.88526827868028,69.4576801736018,1.4899617697369985,0.7391825870891174,1.7571165475126953,bounce_support
EURUSD.a,15m,1,0.41,2021-03-15 05:30:00,1.194911720364836,2021-03-15 08:00:00,1.1939964995828238,1.1940117731268574,1.1962864537462856,stop,10,-37.52405206250131,-4.920000000000001,-0.6262153053771843,0.0,-37.52405206250131,-48.52269026483042,-1.0169715994326816,1.1019761192482662,0.5759000231257957,bounce_support
EURUSD.a,15m,-1,0.38,2021-03-15 15:15:00,1.1929257705222773,2021-03-16 13:15:00,1.1940150958008453,1.1938754334158246,1.1910691331683505,stop,88,-41.3943605855831,-4.5600000000000005,-0.7471706307908912,0.6345999999999999,-40.7597605855831,-52.66391103620743,-1.1294800353433037,1.1206392130870628,1.9225459209609872,bounce_resistance
EURUSD.a,15m,-1,0.43,2021-03-16 22:30:00,1.1907463269037686,2021-03-17 11:00:00,1.1892164408346,1.1915917795827,1.1890964408346,target,50,65.78510097424962,-5.160000000000001,-0.0,2.1543,67.93940097424962,87.9565533961441,1.8688048527630603,0.31187209266942767,2.51501586872494,bounce_resistance
EURUSD.a,15m,-1,0.43,2021-03-17 16:00:00,1.1911569770952843,2021-03-17 21:00:00,1.1921472795971433,1.192000629674414,1.189538740651172,stop,20,-42.583007579934495,-5.160000000000001,-1.1459466773640619,0.0,-42.583007579934495,-54.638430994578236,-1.1738273862455322,5.835367574879087,1.7388402899188677,bounce_resistance
EURUSD.a,15m,1,0.32,2021-03-18 02:00:00,1.1979748395990206,2021-03-18 04:30:00,1.1968178389131212,1.1968377482024153,1.1989079816513761,stop,10,-37.02402194878118,-3.8400000000000007,-0.6370972574100585,0.0,-37.02402194878118,-47.315044024001516,-1.0175089613319652,1.1299352038511068,0.708087672972507,bounce_support
EURUSD.a,15m,1,0.34,2021-03-18 11:45:00,1.1945667025233706,2021-03-18 11:45:00,1.1934854204207237,1.1935104742057794,1.1962690515884415,stop,0,-36.763591489994866,-4.080000000000001,-0.8518286918955092,0.0,-36.763591489994866,-47.08572387867884,-1.023720046734612,1.0004489614332552,0.21141023480477572,bounce_support
EURUSD.a,15m,-1,0.4,2021-03-18 14:15:00,1.1944350090219458,2021-03-18 14:30:00,1.1940745454545454,1.1953414489348517,1.1939545454545455,target,1,14.41854269601528,-4.800000000000001,-0.0,0.0,14.41854269601528,18.478204147142485,0.39766956669501946,0.6122755299631296,0.7667458284329283,bounce_resistance
EURUSD.a,15m,-1,0.37,2021-03-18 15:00:00,1.1940943580981105,2021-03-18 16:00:00,1.192259380262707,1.1950653098686466,1.1921393802627072,target,4,67.89417990992685,-4.44,-0.0,0.0,67.89417990992685,87.32482721311766,1.8898753687737853,0.6958552653100278,3.0530436094408664,bounce_resistance
EURUSD.a,15m,-1,0.29,2021-03-18 18:00:00,1.1919720728050467,2021-03-18 19:00:00,1.1933581621314835,1.193209995812174,1.1895500083756523,stop,4,-40.19659046666724,-3.48,-0.816823259976011,0.0,-40.19659046666724,-51.63802842473599,-1.119689446319688,1.4281398639289455,0.3409523876820294,bounce_resistance
EURUSD.a,15m,-1,0.35,2021-03-18 19:15:00,1.19352174942138,2021-03-18 21:30:00,1.1916226299947503,1.1945586850026249,1.1915026299947504,target,9,66.46917993203493,-4.2,-0.0,0.0,66.46917993203493,85.63850228307943,1.8314729101584724,0.33584591455717694,2.4994314673512945,bounce_resistance
EURUSD.a,15m,-1,0.38,2021-03-18 23:30:00,1.1914555994629756,2021-03-19 03:30:00,1.1908722676579926,1.1924111644478295,1.1907522676579927,target,16,22.166608589355707,-4.5600000000000005,-0.0,0.6345999999999999,22.801208589355706,29.445610627436828,0.6279340646568693,0.6115759223991958,0.863990912247425,bounce_resistance
EURUSD.a,15m,-1,0.61,2021-03-19 06:45:00,1.1915496376210486,2021-03-19 09:30:00,1.192285983262161,1.1921515639948195,1.1906164312267657,stop,11,-44.917084107860546,-7.320000000000001,-0.8795753078483519,0.0,-44.917084107860546,-57.910452287637845,-1.2233151315492223,1.8945213711228879,0.8965176549218727,bounce_resistance
EURUSD.a,15m,-1,0.31,2021-03-19 19:45:00,1.1905843116674633,2021-03-22 00:00:00,1.18719,1.1917740259213447,1.1882519481573108,target_gap,17,105.22366169136198,-3.7200000000000006,-0.0,0.5176999999999999,105.74136169136199,137.01327056515237,2.8670848116131733,0.5511309378681607,2.953912383580878,bounce_resistance
EURUSD.a,15m,-1,0.58,2021-03-22 05:15:00,1.1888590356711248,2021-03-22 06:00:00,1.1896293619629987,1.1894932334477626,1.187623533104475,stop,3,-44.67892492868629,-6.96,-0.9354538836995321,0.0,-44.67892492868629,-57.83080707329505,-1.2146467872496167,1.2629566964448788,0.42421415059369405,bounce_resistance
EURUSD.a,15m,1,0.51,2021-03-23 01:00:00,1.1934878861896527,2021-03-23 04:45:00,1.1927519357117824,1.192765716161544,1.1942485676769121,stop,15,-37.53347437138732,-6.120000000000001,-0.7028029378397216,0.0,-37.53347437138732,-48.5788467589756,-1.01908200177957,1.1740811119968768,0.8060619905143963,bounce_support
EURUSD.a,15m,1,0.52,2021-03-23 05:00:00,1.1930891450403285,2021-03-23 05:30:00,1.1923787855587147,1.192393007332813,1.1940639853343737,stop,2,-36.93869304391751,-6.240000000000001,-0.7395322531195235,0.0,-36.93869304391751,-47.903273260517324,-1.0204295413749909,1.1048748430444646,0.3028925992589996,bounce_support
EURUSD.a,15m,-1,0.39,2021-03-23 15:30:00,1.1888358510373942,2021-03-23 17:00:00,1.1871601117193884,1.1897549441403057,1.1870401117193885,target,6,65.35383340222612,-4.680000000000001,-0.0,0.0,65.35383340222612,85.10167771629158,1.8232530661990678,0.7117330774581284,2.9222839654502315,bounce_resistance
EURUSD.a,15m,-1,0.33,2021-03-23 19:00:00,1.1872138176990366,2021-03-23 19:30:00,1.1863405172413792,1.1882968247527295,1.1862205172413793,target,2,28.818915102691633,-3.9600000000000004,-0.0,0.0,28.818915102691633,37.60247792003188,0.8063663617697459,0.04264265944155317,1.277755019524558,bounce_resistance
EURUSD.a,15m,-1,0.44,2021-03-23 20:00:00,1.1863351301984117,2021-03-23 20:00:00,1.1862346632124352,1.1871696146264659,1.1861146632124353,target,0,4.420547382967932,-5.280000000000001,-0.0,0.0,4.420547382967932,5.776001702491647,0.12039408118233767,0.07773638357688482,0.46151873595742104,bounce_resistance
EURUSD.a,15m,-1,0.59,2021-03-23 23:30:00,1.1849186979012623,2021-03-23 23:30:00,1.1848807575757574,1.1855347458760959,1.1847607575757575,target,0,2.238479204786703,-7.080000000000001,-0.0,0.0,2.238479204786703,2.9355179395275104,0.061586641064937685,0.01834613406665143,0.35500141254621315,bounce_resistance
EURUSD.a,15m,-1,0.44,2021-03-24 00:00:00,1.1848786374760882,2021-03-24 00:00:00,1.1848524025974025,1.185709885576995,1.1847324025974026,target,0,1.1543346621705197,-5.280000000000001,-0.0,0.0,1.1543346621705197,1.512750681026013,0.03156082841822598,0.38660241576642274,0.38332415525594143,bounce_resistance
EURUSD.a,15m,-1,0.55,2021-03-24 00:15:00,1.1849391347992249,2021-03-24 00:45:00,1.184838225108225,1.1856066007718586,1.184718225108225,target,2,5.550033004991795,-6.600000000000001,-0.0,0.0,5.550033004991795,7.273294723933316,0.15118327396026882,0.4957034730468901,0.44816486755807605,bounce_resistance
EURUSD.a,15m,-1,0.69,2021-03-24 01:15:00,1.1850398646761937,2021-03-24 02:00:00,1.184781515151515,1.185570603974182,1.1846615151515152,target,3,17.82611720282512,-8.280000000000001,-0.0,0.0,17.82611720282512,23.43537396019867,0.4867729328841195,0.24519632199764932,0.941827142042157,bounce_resistance
EURUSD.a,15m,-1,0.57,2021-03-24 03:15:00,1.1843407180805685,2021-03-24 04:45:00,1.1851181015649435,1.1849841455595838,1.1830817088808325,stop,6,-44.31085860937212,-6.84,-0.7954923055144786,0.0,-44.31085860937212,-58.23403373509629,-1.2081913031826377,1.148974738478465,0.5606196383165836,bounce_resistance
EURUSD.a,15m,-1,0.5,2021-03-24 05:00:00,1.1848107034252533,2021-03-24 09:15:00,1.1835545673846088,1.1855277163076956,1.183434567384609,target,17,62.80680203222255,-6.000000000000001,-0.0,0.0,62.80680203222255,82.65031652725,1.7519016344110536,0.22216696331059238,2.0372066681395182,bounce_resistance
EURUSD.a,15m,-1,0.62,2021-03-24 10:00:00,1.1846602242699087,2021-03-24 10:15:00,1.1836339834095388,1.1852480082952304,1.183513983409539,target,1,63.626933342930236,-7.440000000000001,-0.0,0.0,63.626933342930236,83.790209311697,1.745948879451469,0.11870981021164209,4.253644471777409,bounce_resistance
EURUSD.a,15m,-1,0.33,2021-03-24 12:30:00,1.1843227581975584,2021-03-24 13:45:00,1.1820940550399952,1.1854329724800023,1.1819740550399953,target,5,73.54720419958505,-3.9600000000000004,-0.0,0.0,73.54720419958505,96.58328303665846,2.0074531491858107,0.13262466964250677,2.200258307054936,bounce_resistance
EURUSD.a,15m,-1,0.34,2021-03-24 18:00:00,1.182834603083017,2021-03-24 22:45:00,1.1816638056680162,1.1839265856852892,1.1815438056680163,target,19,39.80711211002763,-4.080000000000001,-0.0,0.0,39.80711211002763,52.462685807329805,1.0721758868361537,0.9848114015235581,1.4694401537883526,bounce_resistance
EURUSD.a,15m,-1,0.62,2021-03-25 06:15:00,1.182511138003587,2021-03-25 10:00:00,1.181484148240201,1.1831129258798996,1.181364148240201,target,15,63.67336532993884,-7.440000000000001,-0.0,0.0,63.67336532993884,83.91655617636286,1.7065643955459655,0.4135377368149503,2.3282921752638073,bounce_resistance
EURUSD.a,15m,-1,0.56,2021-03-25 13:15:00,1.181608365714564,2021-03-25 15:15:00,1.1804069921559501,1.1822865039220247,1.1802869921559502,target,8,67.27691928237434,-6.7200000000000015,-0.0,0.0,67.27691928237434,88.63305353056364,1.7715762736806626,0.2973350907200366,1.9588421651361025,bounce_resistance
EURUSD.a,15m,-1,0.42,2021-03-25 16:30:00,1.1810951143279262,2021-03-25 17:30:00,1.17943290860812,1.1820085456959402,1.17931290860812,target,4,69.81264023186684,-5.040000000000001,-0.0,0.0,69.81264023186684,92.05860121562186,1.8197379442097588,0.4979965523440687,1.9652426999845243,bounce_resistance
EURUSD.a,15m,-1,0.58,2021-03-26 01:15:00,1.1770283970077278,2021-03-26 02:45:00,1.1778270633053627,1.1776929370420857,1.1757041259158287,stop,6,-46.32264526282537,-6.96,-0.8193232700696659,0.0,-46.32264526282537,-61.009450212474306,-1.2018332325254435,1.0256763430827127,0.26845185918736864,bounce_resistance
EURUSD.a,15m,-1,0.81,2021-03-26 06:30:00,1.1781717189340082,2021-03-26 09:00:00,1.1787782622928487,1.178647163782534,1.177245672434932,stop,10,-49.13001206607826,-9.72,-0.8989793354926455,0.0,-49.13001206607826,-64.48015862939111,-1.2757386281945644,1.0480312649026162,1.4969537186385466,bounce_resistance
EURUSD.a,15m,1,0.43,2021-03-26 14:30:00,1.1774516627858964,2021-03-26 17:00:00,1.1788443671104472,1.1765728164447764,1.1788443671104472,target,10,59.886285955681906,-5.160000000000001,-0.0,0.0,59.886285955681906,78.54866273485645,1.5846960491135083,0.30911295090596935,1.6821338895484432,bounce_support
EURUSD.a,15m,1,0.42,2021-03-29 01:00:00,1.179328593847576,2021-03-29 03:30:00,1.17839598420956,1.178407703762635,1.18006459247473,stop,10,-39.16960479667209,-5.040000000000001,-0.4922212291553195,0.0,-39.16960479667209,-51.381429035551655,-1.012726332128833,1.2798420428769723,0.03410412701538117,bounce_support
EURUSD.a,15m,-1,0.61,2021-03-29 10:30:00,1.1788198478749141,2021-03-29 11:15:00,1.1777539380840478,1.1794430309579762,1.177633938084048,target,3,65.02049724284386,-7.320000000000001,-0.0,0.0,65.02049724284386,85.23030783720095,1.7104279943364602,0.930949733479991,4.011418061335658,bounce_resistance
EURUSD.a,15m,-1,0.43,2021-03-29 15:30:00,1.1784668338728497,2021-03-29 17:45:00,1.1768314809059008,1.1793642595470495,1.176711480905901,target,9,70.32017757879981,-5.160000000000001,-0.0,0.0,70.32017757879981,92.18087117886847,1.8222712074813197,0.8838237527108027,2.4256425188532513,bounce_resistance
EURUSD.a,15m,-1,0.6,2021-03-30 00:30:00,1.1764311633139108,2021-03-30 01:00:00,1.1772113779946793,1.1770771402399671,1.1762382035928143,stop,2,-46.812880846109906,-7.200000000000001,-0.8542652827369863,0.0,-46.812880846109906,-61.307910009704294,-1.207805804352404,1.236633467647353,0.1411247216947189,bounce_resistance
EURUSD.a,15m,-1,0.81,2021-03-30 04:00:00,1.1770121479342954,2021-03-30 07:15:00,1.1762330269358638,1.177488486532068,1.176113026935864,target,13,63.10880087295811,-9.72,-0.0,0.0,63.10880087295811,82.48007014789204,1.6356453205236134,0.7512556559093149,2.0408758367288296,bounce_resistance
EURUSD.a,15m,-1,0.58,2021-03-30 23:00:00,1.1719711632445702,2021-03-31 00:00:00,1.171615,1.1726406329846821,1.1714950000000002,target,4,20.657468185066197,-6.96,-0.0,2.9057999999999997,23.563268185066196,31.018993450932278,0.606843327231147,0.10282280334026725,0.8531576714351156,bounce_resistance
EURUSD.a,15m,-1,0.99,2021-03-31 01:15:00,1.171803148113935,2021-03-31 02:00:00,1.171632077922078,1.1721966400188788,1.171512077922078,target,3,16.93594899385653,-11.88,-0.0,0.0,16.93594899385653,22.259540762652506,0.4347489483464452,0.3477883136744542,0.7704049565603913,bounce_resistance
EURUSD.a,15m,1,0.48,2021-03-31 23:15:00,1.1727127509213158,2021-04-01 07:45:00,1.1718824723345618,1.1718947743017134,1.173950451396573,stop,34,-39.853372164191825,-5.760000000000001,-0.5904944232791614,-3.408,-43.261372164191826,-57.346923518905356,-1.1018390564660925,1.543749406834531,0.7057036409729938,bounce_support
EURUSD.a,15m,-1,0.63,2021-04-01 09:30:00,1.1722802579283034,2021-04-01 09:45:00,1.173029610272826,1.1728933195301057,1.1711480561555074,stop,1,-47.20919770492115,-7.560000000000001,-1.02631679138327,0.0,-47.20919770492115,-62.55193675127352,-1.2223116605567614,1.7449177514162624,0.6528837022684921,bounce_resistance
EURUSD.a,15m,1,0.44,2021-04-02 01:00:00,1.177808598404345,2021-04-02 01:00:00,1.1777171217712177,1.1769266793264772,1.1777171217712177,target,0,-4.024971857599091,-5.280000000000001,-0.0,0.0,-4.024971857599091,-5.2830859443980405,-0.10372452010951128,0.3272390989009964,0.22836743269236656,bounce_support
EURUSD.a,15m,1,0.63,2021-04-02 02:15:00,1.177927262308384,2021-04-02 03:00:00,1.1780760869565219,1.177315790232299,1.1780760869565219,target,3,9.375952832682222,-7.560000000000001,-0.0,0.0,9.375952832682222,12.290528842359308,0.24338748073447275,0.5842659417441425,0.7894680893797003,bounce_support
EURUSD.a,15m,1,0.61,2021-04-02 03:30:00,1.1778977092109442,2021-04-02 03:30:00,1.1772519040105627,1.177263467826979,1.1780920289855072,stop,0,-39.3941172232708,-7.320000000000001,-0.7053928014071343,0.0,-39.3941172232708,-51.640035161459245,-1.018232516371186,1.3838725020702225,0.0,bounce_support
EURUSD.a,15m,1,0.81,2021-04-02 08:30:00,1.1778758536762621,2021-04-02 10:00:00,1.177386638736096,1.1773975385449684,1.1781557971014494,stop,6,-39.62641015345181,-9.72,-0.8828845186634933,0.0,-39.62641015345181,-52.00589289917031,-1.0227879240259152,1.9356562560712247,0.5731500130393395,bounce_support
EURUSD.a,15m,1,0.67,2021-04-02 14:45:00,1.17755732445806,2021-04-02 15:15:00,1.1769699758654466,1.1769819546925804,1.1783560906148394,stop,2,-39.35235570509344,-8.040000000000001,-0.8025814179624927,0.0,-39.35235570509344,-51.68760189806717,-1.0208193545307163,1.8724036657748917,0.10893089227187738,bounce_support
EURUSD.a,15m,-1,0.83,2021-04-05 03:00:00,1.1767323931280917,2021-04-05 08:00:00,1.175987721486823,1.1771911392565884,1.1758677214868232,target,20,61.80774622530039,-9.96,-0.0,0.0,61.80774622530039,81.26930722693436,1.6232761325073044,0.9757180368475887,1.923488991576747,bounce_resistance
EURUSD.a,15m,-1,0.65,2021-04-05 15:45:00,1.1778191773192117,2021-04-05 16:30:00,1.1785481176403434,1.1784118666765906,1.1766962666468188,stop,3,-47.38112087355972,-7.800000000000001,-1.056312643932049,0.0,-47.38112087355972,-61.99526459701378,-1.2298859631213255,1.840462743606974,0.2516956266456959,bounce_resistance
EURUSD.a,15m,1,0.6,2021-04-05 21:15:00,1.1812596370121655,2021-04-06 03:00:00,1.1817762004662005,1.1806153667045973,1.1817762004662005,target,23,30.99380724209677,-7.200000000000001,-0.0,-4.26,26.733807242096773,34.92606506335803,0.6915784396718977,0.728944057562055,1.3819711654805233,bounce_support
EURUSD.a,15m,1,0.89,2021-04-06 03:30:00,1.1818757954819314,2021-04-06 03:30:00,1.1814325035833513,1.1814411968062486,1.1821603422982885,stop,0,-39.45297897363487,-10.680000000000001,-0.7736968378652881,0.0,-39.45297897363487,-51.54287595844857,-1.0200028747985872,1.3018803636305911,0.0,bounce_support
EURUSD.a,15m,1,0.75,2021-04-06 03:45:00,1.1814457958046505,2021-04-06 04:45:00,1.1809255118995146,1.1809349290997682,1.1820901418004635,stop,4,-39.02129288519407,-9.000000000000002,-0.7062900190253497,0.0,-39.02129288519407,-51.025568016834576,-1.0184337717913567,1.1466705484073385,0.517168554584941,bounce_support
EURUSD.a,15m,1,0.39,2021-04-06 19:30:00,1.1850423728329156,2021-04-06 21:00:00,1.1866295529464939,1.184065223526753,1.1866295529464939,target,6,61.90002442955289,-4.680000000000001,-0.0,0.0,61.90002442955289,80.76409382403207,1.6242964136273454,0.13546837937748293,1.7066247261981262,bounce_support
EURUSD.a,15m,1,0.56,2021-04-07 00:00:00,1.1875998417578555,2021-04-07 00:00:00,1.1876403664921467,1.186913822186161,1.1876403664921467,target,0,2.2693851203055004,-6.7200000000000015,-0.0,0.0,2.2693851203055004,2.9623730472482936,0.05907227135090991,0.5391125459321551,0.32092122619887137,bounce_support
EURUSD.a,15m,1,0.45,2021-04-07 00:15:00,1.1874594244894372,2021-04-07 04:00:00,1.1876441336633665,1.186600346317753,1.1876441336633665,target,15,8.311912826819423,-5.4,-0.0,0.0,8.311912826819423,10.846529944174005,0.21500857549110736,0.7210339057072683,0.34988144323754033,bounce_support
EURUSD.a,15m,1,0.65,2021-04-07 05:00:00,1.1874277355616827,2021-04-07 05:15:00,1.186822987667954,1.1868343407717263,1.1877295545657016,stop,1,-39.30861309237033,-7.800000000000001,-0.7379517452122789,0.0,-39.30861309237033,-51.37440611178389,-1.0191324628469725,1.0578717108870914,0.12178138322149999,bounce_support
EURUSD.a,15m,1,0.67,2021-04-07 09:15:00,1.1871083265641726,2021-04-07 09:30:00,1.1878945989733058,1.186537700513347,1.1878945989733058,target,1,52.68025141192467,-8.040000000000001,-0.0,0.0,52.68025141192467,68.9495987277167,1.377911870647373,0.7506256742975238,1.8955907012350113,bounce_support
EURUSD.a,15m,1,0.62,2021-04-07 10:00:00,1.1871405713052068,2021-04-07 10:00:00,1.1879815935132614,1.1865242032433692,1.1879815935132614,target,0,52.14337689938508,-7.440000000000001,-0.0,0.0,52.14337689938508,68.27819782815682,1.3644805111205722,0.3254083357413064,1.5403599790078437,bounce_support
EURUSD.a,15m,1,0.42,2021-04-07 10:15:00,1.1874108447834062,2021-04-07 10:45:00,1.1881649888641426,1.1865029609355529,1.1881649888641426,target,2,31.674051390927715,-5.040000000000001,-0.0,0.0,31.674051390927715,41.47501131470586,0.8306614139237313,0.9922467345754147,0.8361809920825769,bounce_support
EURUSD.a,15m,1,0.4,2021-04-07 11:15:00,1.1874825178378505,2021-04-07 11:45:00,1.188247928730512,1.1865229610002608,1.188247928730512,target,2,30.616435706463108,-4.800000000000001,-0.0,0.0,30.616435706463108,40.09276060246073,0.7976712401780873,0.940556934717424,1.3104822068778896,bounce_support
EURUSD.a,15m,-1,0.96,2021-04-08 05:30:00,1.1864224045630725,2021-04-08 05:45:00,1.1869590354765422,1.1868274061179647,1.185635187764071,stop,1,-51.51656769309909,-11.520000000000001,-1.116418423463587,0.0,-51.51656769309909,-67.63722355525968,-1.325009514130417,1.450847360533791,0.37630611841253875,bounce_resistance
EURUSD.a,15m,-1,0.78,2021-04-08 06:00:00,1.1869722437304042,2021-04-08 08:00:00,1.1875984037775666,1.1874691395387984,1.186001720922403,stop,8,-48.84048367866934,-9.360000000000001,-0.7226106239371941,0.0,-48.84048367866934,-63.95495918219825,-1.2601435483748362,1.041981560015464,0.06489032481138346,bounce_resistance
EURUSD.a,15m,-1,0.8,2021-04-08 10:00:00,1.1881202324637907,2021-04-08 10:00:00,1.188736411360285,1.1886017600559713,1.1872464798880575,stop,0,-49.2943117195388,-9.600000000000001,-1.1721043451068875,0.0,-49.2943117195388,-64.55599434190967,-1.2796336212093518,2.429284541955367,0.8519396820709151,bounce_resistance
EURUSD.a,15m,1,0.41,2021-04-08 11:45:00,1.1877315951425167,2021-04-08 12:15:00,1.1867790539216534,1.186797309373837,1.189235381252326,stop,2,-39.054190055395345,-4.920000000000001,-0.7484735395311181,0.0,-39.054190055395345,-51.192426241522824,-1.0195394736767764,1.0078234883609685,0.44783391924578464,bounce_support
EURUSD.a,15m,1,0.43,2021-04-08 12:30:00,1.1872417724227804,2021-04-08 13:00:00,1.1863376024397414,1.1863555621804294,1.1886188756391416,stop,2,-38.87930927067673,-5.160000000000001,-0.7722688495790616,0.0,-38.87930927067673,-50.931813653684664,-1.0202657787392773,1.0965483993983693,0.12212404240825951,bounce_support
EURUSD.a,15m,1,0.56,2021-04-08 23:00:00,1.1914603688291818,2021-04-09 04:30:00,1.1907682444433485,1.1907808130440478,1.1924583739119046,stop,22,-38.75896560666625,-6.7200000000000015,-0.703841639163049,-3.976000000000001,-42.73496560666625,-55.90727980045036,-1.1229753355463437,1.1189203974354895,0.808809494145941,bounce_support
EURUSD.a,15m,-1,0.49,2021-04-09 11:00:00,1.1898583167626728,2021-04-09 13:45:00,1.1884967282878574,1.1906166358560712,1.1883767282878575,target,11,66.71783526595898,-5.880000000000001,-0.0,0.0,66.71783526595898,87.47126840857827,1.795535001912625,0.04178087773718452,2.134084156341614,bounce_resistance
EURUSD.a,15m,-1,0.48,2021-04-09 14:15:00,1.1892765358321857,2021-04-09 15:15:00,1.1885625974025973,1.1900735833951206,1.1884425974025974,target,4,34.26904462024538,-5.760000000000001,-0.0,0.0,34.26904462024538,44.98844028756302,0.8957287654950056,0.9453189531623547,2.329266054524703,bounce_resistance
EURUSD.a,15m,-1,0.41,2021-04-09 19:00:00,1.1895945657557478,2021-04-09 20:15:00,1.1906683596053154,1.190528173318023,1.187773653363954,stop,5,-44.02554783226819,-4.920000000000001,-0.8276377789897056,0.0,-44.02554783226819,-57.736908975854,-1.1501554753376775,1.3661352968735365,0.3048023251378356,bounce_resistance
EURUSD.a,15m,1,0.67,2021-04-09 23:45:00,1.1902582238037678,2021-04-12 00:00:00,1.1889453739876088,1.1896956379617503,1.1909987240764992,stop_gap,1,-87.96093768265158,-21.44,-0.9799428302064378,-4.757000000000001,-92.71793768265158,-121.73139942054405,-2.4598020653991037,2.894178420716478,0.05648239585684815,bounce_support
EURUSD.a,15m,-1,0.96,2021-04-12 08:45:00,1.1886929591265882,2021-04-12 09:00:00,1.1892147975504304,1.189083790619607,1.1879324187607863,stop,1,-50.096488688843976,-11.520000000000001,-1.0566653590566404,0.0,-50.096488688843976,-65.82462445647384,-1.3352005484805167,1.2717523594954043,0.16109020821700729,bounce_resistance
EURUSD.a,15m,-1,0.69,2021-04-12 09:15:00,1.189022057614252,2021-04-12 10:15:00,1.1880834335274286,1.1895632832362857,1.1879634335274287,target,4,64.7650619908171,-8.280000000000001,-0.0,0.0,64.7650619908171,85.06608260434373,1.7342565625341393,0.7167849598294092,2.9600550103901146,bounce_resistance
EURUSD.a,15m,-1,0.43,2021-04-12 12:30:00,1.1903271984894033,2021-04-12 13:30:00,1.1913290028738843,1.191189244757052,1.1886115104858963,stop,4,-43.07758853268529,-5.160000000000001,-0.8495990237893553,0.0,-43.07758853268529,-56.47223887034162,-1.1621236841654756,1.430087405817772,0.29835810333571383,bounce_resistance
EURUSD.a,15m,1,0.31,2021-04-12 18:00:00,1.1908145155490062,2021-04-13 05:30:00,1.1896243563915267,1.1896364834026847,1.192827033194631,stop,46,-36.89493388186271,-3.7200000000000006,-0.3759373458973486,-2.201,-39.09593388186271,-51.371045111178915,-1.0705642977719299,1.0394585180293325,0.9299274679511641,bounce_support
EURUSD.a,15m,-1,0.49,2021-04-13 10:30:00,1.1898288713391578,2021-04-13 10:30:00,1.1907124890630374,1.1905757960717744,1.1885448113207548,stop,0,-43.297268470098956,-5.880000000000001,-0.81795657189265,0.0,-43.297268470098956,-56.90644472642302,-1.1830077185743915,1.3671105216518102,0.0,bounce_resistance
EURUSD.a,15m,1,0.44,2021-04-14 01:00:00,1.1951489251819944,2021-04-14 04:45:00,1.196068048445567,1.1943159757772166,1.196068048445567,target,15,40.44142359719327,-5.280000000000001,-0.0,0.0,40.44142359719327,52.89572113948502,1.1034562943444417,0.33486449524354933,1.1538213635699521,bounce_support
EURUSD.a,15m,1,0.58,2021-04-14 08:45:00,1.1961775683192142,2021-04-14 09:00:00,1.1964740308370043,1.1955371476764123,1.1964740308370043,target,1,17.194826031828203,-6.96,-0.0,0.0,17.194826031828203,22.383850180723535,0.4629184288830719,0.23042405155559686,0.8157633372032358,bounce_support
EURUSD.a,15m,1,0.4,2021-04-14 13:00:00,1.1958023328736218,2021-04-14 17:45:00,1.1973019675866288,1.1948690162066857,1.1973019675866288,target,19,59.98538852027835,-4.800000000000001,-0.0,0.0,59.98538852027835,77.71033996227325,1.6067801702609745,0.7417984679248539,1.7332457285785403,bounce_support
EURUSD.a,15m,1,0.47,2021-04-15 00:30:00,1.1980986982438802,2021-04-15 04:45:00,1.1972862693681878,1.1972988394995814,1.1992223210008373,stop,17,-38.18415715753942,-5.640000000000001,-0.5907961755011939,0.0,-38.18415715753942,-49.43124931394024,-1.0157154391111547,1.0860645708658396,1.1268261584238446,bounce_support
EURUSD.a,15m,-1,0.45,2021-04-15 23:00:00,1.1973982666178924,2021-04-16 03:30:00,1.1962371119133572,1.1982344128827245,1.1961171119133573,target,18,52.25196170408175,-5.4,-0.0,0.7515,53.00346170408175,68.48965835465215,1.4086706525821653,0.19342714176932285,1.6842347770041122,bounce_resistance
EURUSD.a,15m,1,0.32,2021-04-16 15:30:00,1.1984339541788211,2021-04-16 17:15:00,1.1991001538461536,1.1972692365250057,1.1991001538461536,target,7,21.31838935464003,-3.8400000000000007,-0.0,0.0,21.31838935464003,27.558092704878653,0.5719838324336699,0.6215705381038383,0.803667582536045,bounce_support
EURUSD.a,15m,1,0.4,2021-04-16 17:45:00,1.1982644768696245,2021-04-16 21:00:00,1.1973057860882705,1.1973213913703489,1.1992995384615384,stop,13,-38.34763125415641,-4.800000000000001,-0.6242112831298882,0.0,-38.34763125415641,-49.594722400036744,-1.016547049117309,1.022682323464072,0.11189137194511133,bounce_support
EURUSD.a,15m,1,0.37,2021-04-19 16:15:00,1.2034052161681612,2021-04-19 16:15:00,1.202362993087375,1.202385817339617,1.2050683653207659,stop,0,-38.562253989092184,-4.44,-0.844497332954734,0.0,-38.562253989092184,-49.61370728734922,-1.0223899141365258,1.064564857025435,0.0,bounce_support
EURUSD.a,15m,1,0.54,2021-04-19 23:45:00,1.2036981984611952,2021-04-20 00:00:00,1.20372,1.2029929916243653,1.2037108,target_gap,1,1.1772830954543956,-7.5600000000000005,-0.0,-3.8340000000000005,-2.656716904545605,-3.426562759786936,-0.06976458341846738,0.3235908236808716,0.07345580913221733,bounce_support
EURUSD.a,15m,1,0.49,2021-04-20 00:15:00,1.2038281119384797,2021-04-20 01:30:00,1.2038641379310344,1.203049589716927,1.2038641379310344,target,5,1.7652736351803089,-5.880000000000001,-0.0,0.0,1.7652736351803089,2.2742510115695813,0.04627484169026447,0.7682657243705588,0.053804580473940856,bounce_support
EURUSD.a,15m,1,0.41,2021-04-20 12:45:00,1.2059443980482658,2021-04-20 13:15:00,1.2049947094622668,1.2050160666318352,1.2073978667363297,stop,2,-38.937232025958004,-4.920000000000001,-0.8756439523053601,0.0,-38.937232025958004,-50.11936313501011,-1.023005975226534,1.1142551355669388,0.03835047603056769,bounce_support
EURUSD.a,15m,1,0.38,2021-04-20 13:30:00,1.2054038496763995,2021-04-20 15:15:00,1.2043952242310654,1.2044155267801515,1.2069189464396968,stop,7,-38.32776692269535,-4.5600000000000005,-0.7714968652718146,0.0,-38.32776692269535,-49.32090299017559,-1.0205424251155304,1.167482490570514,0.5323668262649275,bounce_support
EURUSD.a,15m,-1,0.41,2021-04-20 16:45:00,1.2048941902854613,2021-04-20 19:30:00,1.2032034730496937,1.2058082634751532,1.2030834730496938,target,11,69.31940666647307,-4.920000000000001,-0.0,0.0,69.31940666647307,89.64334609258364,1.8496519259441708,0.8377991206554758,2.520794080217794,bounce_resistance
EURUSD.a,15m,-1,0.51,2021-04-21 00:00:00,1.2035198031024699,2021-04-21 03:30:00,1.2043976494506188,1.2042650360915153,1.2024199278169698,stop,14,-44.770163755594616,-6.120000000000001,-0.6432813142809455,0.0,-44.770163755594616,-57.954904537986565,-1.1779488576765782,1.1274284819389053,0.616992416101757,bounce_resistance
EURUSD.a,15m,-1,0.41,2021-04-21 15:30:00,1.2008671485218911,2021-04-21 17:15:00,1.2019166826297267,1.201773104538494,1.1990937909230117,stop,7,-43.03089842125928,-4.920000000000001,-0.9667017405403346,0.0,-43.03089842125928,-55.533055120548326,-1.1584824081979628,1.117991888730783,1.0565066121864668,bounce_resistance
EURUSD.a,15m,1,0.46,2021-04-21 21:00:00,1.2029517418999645,2021-04-22 04:30:00,1.2041862927705913,1.2021368536147043,1.2041862927705913,target,30,56.789340048835065,-5.5200000000000005,-0.0,-3.2660000000000005,53.52334004883507,69.03921271423144,1.4278655021472686,0.3580145956709523,1.6177163469894738,bounce_support
EURUSD.a,15m,1,0.61,2021-04-22 07:00:00,1.2037570012301482,2021-04-22 08:00:00,1.2031347822125724,1.2031447261370152,1.2046005477259696,stop,4,-37.95536007212097,-7.320000000000001,-0.6065793910117399,0.0,-37.95536007212097,-49.01197049640496,-1.0162409422729806,1.1057141434319095,0.0,bounce_support
EURUSD.a,15m,1,0.75,2021-04-22 08:15:00,1.2032664700484645,2021-04-22 09:30:00,1.2038856612154427,1.2027671693922788,1.2038856612154427,target,5,46.43933752336294,-9.000000000000002,-0.0,0.0,46.43933752336294,59.87691472622158,1.240116870080414,0.6738826482521431,1.96981505902448,bounce_support
EURUSD.a,15m,1,0.52,2021-04-22 12:00:00,1.2027311368005633,2021-04-22 12:45:00,1.2038141818762123,1.2020079090618938,1.2038141818762123,target,3,56.318343933744686,-6.240000000000001,-0.0,0.0,56.318343933744686,72.68571272520674,1.4975159520863652,0.6929170076984705,2.1277712636791546,bounce_support
EURUSD.a,15m,1,0.23,2021-04-22 16:30:00,1.203120851155842,2021-04-22 17:15:00,1.2014493903524206,1.2014829290127989,1.2059741419744021,stop,3,-38.44359847869217,-2.7600000000000002,-0.7713891887001483,0.0,-38.44359847869217,-49.73556002728753,-1.0204763459122297,1.7466343977294474,0.14600745534440726,bounce_support
EURUSD.a,15m,-1,0.57,2021-04-23 00:45:00,1.2015796673787948,2021-04-23 04:15:00,1.2023709206520148,1.202239332675114,1.200291334649772,stop,14,-45.10143657353648,-6.84,-0.6605146833482992,0.0,-45.10143657353648,-58.41095730506965,-1.1994768826480318,1.2132404503783358,0.4542718564506382,bounce_resistance
EURUSD.a,15m,1,0.41,2021-04-23 17:00:00,1.2062635382371714,2021-04-23 17:15:00,1.2053253364428311,1.2053471718446058,1.2076656563107886,stop,1,-38.466273567949514,-4.920000000000001,-0.8952514727640217,0.0,-38.466273567949514,-49.78228470402039,-1.0238282437590955,1.3133810307052116,0.20347948630746485,bounce_support
EURUSD.a,15m,1,0.34,2021-04-23 17:30:00,1.2061251171534795,2021-04-23 17:45:00,1.2050193154929398,1.2050432643852864,1.2078534712294273,stop,1,-37.59725645834777,-4.080000000000001,-0.8142623397837297,0.0,-37.59725645834777,-48.65762007835972,-1.0221369238501663,1.3912402849357597,0.49441371529137607,bounce_support
EURUSD.a,15m,1,0.62,2021-04-26 01:15:00,1.2092688888674283,2021-04-26 03:30:00,1.2100898054744742,1.208665097262763,1.2100898054744742,target,9,50.8968296368435,-7.440000000000001,-0.0,0.0,50.8968296368435,65.6157560293465,1.3596025527730642,0.6772019754315123,2.1052149827029547,bounce_support
EURUSD.a,15m,-1,0.38,2021-04-26 19:00:00,1.2082462499345916,2021-04-26 21:45:00,1.209358320834956,1.2092232978363662,1.2063934043272677,stop,11,-42.25869421384987,-4.5600000000000005,-0.5708739464177394,0.0,-42.25869421384987,-54.138250526986525,-1.1381948606047705,1.1399134713718062,0.22132992067115842,bounce_resistance
EURUSD.a,15m,-1,0.59,2021-04-27 13:45:00,1.2075880297772716,2021-04-27 13:45:00,1.2083614378425536,1.2082234825084612,1.2063530349830776,stop,0,-45.63107585163339,-7.080000000000001,-1.0593647114528926,0.0,-45.63107585163339,-58.633680936000964,-1.2170977121053126,1.466623994177686,0.31163573237140907,bounce_resistance
EURUSD.a,15m,1,0.35,2021-04-27 16:30:00,1.207963916451862,2021-04-28 09:15:00,1.2068860250311886,1.206897575668955,1.2096948486620898,stop,67,-37.72619972357227,-4.2,-0.40427232182749184,-7.455,-45.18119972357227,-58.40760096124655,-1.2105805586412222,1.4009746938398877,1.2435832609935311,bounce_support
EURUSD.a,15m,-1,0.44,2021-04-28 14:45:00,1.2073073187734666,2021-04-28 15:15:00,1.206652222222222,1.2081319693144867,1.2065322222222221,target,2,28.824248254763592,-5.280000000000001,-0.0,0.0,28.824248254763592,37.205540323420536,0.7943929199807072,0.19727292767208143,1.1730044732282507,bounce_resistance
EURUSD.a,15m,-1,0.44,2021-04-28 16:15:00,1.2073168787592274,2021-04-28 16:30:00,1.2067055555555555,1.2081499685641124,1.2065855555555556,target,1,26.898220961566466,-5.280000000000001,-0.0,0.0,26.898220961566466,34.69126723272604,0.7338022864850595,0.09977464648492174,1.9168146697558928,bounce_resistance
EURUSD.a,15m,-1,0.35,2021-04-28 17:30:00,1.2094635988586413,2021-04-28 21:00:00,1.2074093709708238,1.2105153145145882,1.207289370970824,target,14,71.8979760736127,-4.2,-0.0,0.0,71.8979760736127,92.25258683228891,1.9532160391470845,0.7572399791287624,2.7513129069437183,bounce_resistance
EURUSD.a,15m,1,0.46,2021-04-29 09:30:00,1.2128796222707972,2021-04-29 09:30:00,1.212043158605818,1.212057592012014,1.213954815975972,stop,0,-38.47732858904029,-5.5200000000000005,-0.6639366850129397,0.0,-38.47732858904029,-49.4167044540286,-1.0175582419768436,1.1552157121356368,0.0,bounce_support
EURUSD.a,15m,-1,0.52,2021-04-29 13:15:00,1.212187494210505,2021-04-29 14:15:00,1.2130508241574085,1.2129117631208446,1.2107764737583107,stop,4,-44.893157238977466,-6.240000000000001,-0.9911739013340706,0.0,-44.893157238977466,-57.57156792810468,-1.1920019409624114,1.370355368463354,0.9354180482321547,bounce_resistance
EURUSD.a,15m,1,0.34,2021-04-29 16:00:00,1.2123852843033323,2021-04-29 16:00:00,1.2112838161860842,1.2113067426410826,1.2141965147178346,stop,0,-37.449915986435215,-4.080000000000001,-0.7794994699460606,0.0,-37.449915986435215,-48.19560896020182,-1.0212569025387872,1.0340669650219318,0.0878183013071443,bounce_support
EURUSD.a,15m,1,0.38,2021-04-29 16:30:00,1.212335391057465,2021-04-29 16:45:00,1.211347965319168,1.2113734528634945,1.2138230942730113,stop,1,-37.52217805528257,-4.5600000000000005,-0.9685266844014288,0.0,-37.52217805528257,-48.28860554834059,-1.0264960311235856,2.209488167521691,0.35824437026723416,bounce_support
EURUSD.a,15m,1,0.57,2021-04-30 01:30:00,1.2121583518227905,2021-04-30 09:00:00,1.2115002154863521,1.2115089897618165,1.213102020476367,stop,30,-37.51377117698929,-6.84,-0.5001337014769338,0.0,-37.51377117698929,-48.25046454827042,-1.013512146754089,1.244839930405137,0.772524616632383,bounce_support
EURUSD.a,15m,-1,0.53,2021-04-30 14:45:00,1.2086590168289426,2021-04-30 16:45:00,1.2074431969630537,1.209343401518473,1.2073231969630538,target,8,64.43845289211292,-6.360000000000001,-0.0,0.0,64.43845289211292,83.07992688702319,1.7765152910174633,0.80507816654312,2.7017214984916027,bounce_resistance
EURUSD.a,15m,-1,0.34,2021-04-30 21:15:00,1.202364043881717,2021-04-30 21:15:00,1.2024052229299362,1.2034459448306303,1.2022852229299363,target,0,-1.4000876394568706,-4.080000000000001,-0.0,0.0,-1.4000876394568706,-1.8174695131522953,-0.038061754415391814,0.24582298273265538,0.12389663014126773,bounce_resistance
EURUSD.a,15m,-1,0.32,2021-04-30 21:45:00,1.2025550368163782,2021-04-30 21:45:00,1.2023842675159235,1.2036953128649888,1.2022642675159236,target,0,5.464617614549638,-3.8400000000000007,-0.0,0.0,5.464617614549638,7.093681592197882,0.1497613675765279,0.06574125950748747,0.37274905221082394,bounce_resistance
EURUSD.a,15m,-1,0.38,2021-04-30 23:00:00,1.2022669525544853,2021-05-03 03:45:00,1.2033670968695247,1.203233646569893,1.2004027068602143,stop,19,-41.80548397149541,-4.5600000000000005,-0.5111113860114094,0.6345999999999999,-41.170883971495414,-53.2508361527458,-1.1207727551540858,1.1617403517710583,0.38993988633156085,bounce_resistance
EURUSD.a,15m,1,0.54,2021-05-03 23:15:00,1.2063685825177666,2021-05-04 02:15:00,1.2056877771886068,1.205697003803421,1.207415992393158,stop,12,-36.76348777463012,-6.480000000000001,-0.4982371999617319,-3.8340000000000005,-40.597487774630125,-52.327139325930766,-1.119459734354955,1.0104288645119226,0.09145239555896183,bounce_support
EURUSD.a,15m,-1,0.52,2021-05-04 13:30:00,1.201208279076362,2021-05-04 14:30:00,1.202036893602768,1.2018978399441356,1.1998643201117287,stop,4,-43.08795537311383,-6.240000000000001,-0.9907902488959978,0.0,-43.08795537311383,-55.9104603497182,-1.2016553797223495,1.3801840680298538,0.5775836405104187,bounce_resistance
EURUSD.a,15m,-1,0.29,2021-05-04 20:15:00,1.2020919996858859,2021-05-05 09:30:00,1.2003377230046948,1.203306400212689,1.2002177230046949,target,53,50.874023754541966,-3.48,-0.0,1.4528999999999999,52.326923754541966,67.82315915924664,1.4858167806803426,0.45948622534202577,1.7061913595675864,bounce_resistance
EURUSD.a,15m,-1,0.34,2021-05-05 17:45:00,1.2005752941155796,2021-05-06 09:30:00,1.2017745211103328,1.2016416470157771,1.1985167059684454,stop,63,-40.77371782160766,-4.080000000000001,-0.43771921489245885,0.5678,-40.20591782160766,-51.90807403120179,-1.1089452605550445,1.3548102923083618,1.3647396798096476,bounce_resistance
EURUSD.a,15m,1,0.38,2021-05-06 18:00:00,1.2061053546523386,2021-05-06 18:15:00,1.2051338319829359,1.2051568473915506,1.20687625,stop,1,-36.91786143730269,-4.5600000000000005,-0.8745855273572148,0.0,-36.91786143730269,-47.53535928783309,-1.0242648734134017,1.1864481157516302,0.0,bounce_support
EURUSD.a,15m,1,0.36,2021-05-06 19:00:00,1.2050350061595545,2021-05-07 03:00:00,1.206643950049928,1.2040280249750361,1.206643950049928,target,32,57.92198005344495,-4.32,-0.0,-2.556,55.36598005344495,71.15901094188746,1.5272816553261284,0.6107424537913392,1.931509615421194,bounce_support
EURUSD.a,15m,1,0.58,2021-05-07 04:30:00,1.206336739439684,2021-05-07 06:15:00,1.2068300840336135,1.2057039983605597,1.2068300840336135,target,7,28.61398644790913,-6.96,-0.0,0.0,28.61398644790913,36.79498295901696,0.7796942702254788,0.3583447434735957,0.905995484139177,bounce_support
EURUSD.a,15m,1,0.71,2021-05-07 08:30:00,1.2065256000999163,2021-05-07 09:00:00,1.2060037796093566,1.2060129511671567,1.207113781512605,stop,2,-37.04925482973942,-8.520000000000001,-0.6511806038006078,0.0,-37.04925482973942,-47.70884122453793,-1.0178905235416043,1.239835020225094,0.0,bounce_support
EURUSD.a,15m,1,0.35,2021-05-10 01:30:00,1.2164725756178272,2021-05-10 05:15:00,1.2154020493323774,1.2154182551939163,1.2181834896121673,stop,15,-37.46841999074268,-4.2,-0.5672051538635599,0.0,-37.46841999074268,-47.79318084970431,-1.015370907336528,1.1121624804323083,1.1547005583529357,bounce_support
EURUSD.a,15m,1,0.34,2021-05-10 19:45:00,1.2160865762926074,2021-05-10 20:15:00,1.2150079842512436,1.2150316137929578,1.2177867724140847,stop,2,-36.67212940637077,-4.080000000000001,-0.8034044182804756,0.0,-36.67212940637077,-46.66140244092372,-1.0223984660327226,1.1057988250718223,0.0,bounce_support
EURUSD.a,15m,1,0.38,2021-05-10 21:15:00,1.215974369044858,2021-05-10 21:15:00,1.2150122968181967,1.2150338503854836,1.217482299229033,stop,0,-36.558744613126585,-4.5600000000000005,-0.8190355569059455,0.0,-36.558744613126585,-46.62034815109616,-1.0229166822711275,1.2592722462793153,0.0,bounce_support
EURUSD.a,15m,-1,0.54,2021-05-11 05:30:00,1.2140705269772039,2021-05-11 06:00:00,1.2148689470655103,1.214734971497761,1.212770057004478,stop,2,-43.11468476854774,-6.480000000000001,-0.7546806584590043,0.0,-43.11468476854774,-55.04517627422279,-1.2016354467590884,1.2935211235926725,0.0,bounce_resistance
EURUSD.a,15m,-1,0.59,2021-05-11 06:30:00,1.214380925609015,2021-05-11 09:45:00,1.213313704349417,1.2149881478252915,1.2131937043494172,target,13,62.96605431627644,-7.080000000000001,-0.0,0.0,62.96605431627644,80.40512101272675,1.7575464648545032,0.5748709148449898,2.3400421969539895,bounce_resistance
EURUSD.a,15m,-1,0.39,2021-05-11 11:15:00,1.2146372207677107,2021-05-11 11:30:00,1.2157035115279895,1.2155621547401583,1.2128256905196835,stop,1,-41.58533965087141,-4.680000000000001,-0.8329147254248996,0.0,-41.58533965087141,-52.99183134867335,-1.1528290581187894,1.2787715312903103,0.5159511726529352,bounce_resistance
EURUSD.a,15m,1,0.26,2021-05-11 18:15:00,1.2160991346460845,2021-05-11 22:00:00,1.2146859524778184,1.2147059880396092,1.2184680239207815,stop,15,-36.74273637491954,-3.1200000000000006,-0.5209246065610195,0.0,-36.74273637491954,-46.864539648120626,-1.0143815171336803,1.0689001711399513,0.7830226545038967,bounce_support
EURUSD.a,15m,-1,0.43,2021-05-12 11:00:00,1.2133678197397086,2021-05-12 14:45:00,1.211902080565908,1.214193959717046,1.211782080565908,target,15,63.02678447342847,-5.160000000000001,-0.0,0.0,63.02678447342847,80.74663310925433,1.7742019682002106,0.37787816696347,1.9946011389254124,bounce_resistance
EURUSD.a,15m,-1,0.21,2021-05-12 16:00:00,1.2129854497049364,2021-05-12 16:00:00,1.2148291109079032,1.214672285465308,1.209715429069384,stop,0,-38.7168852623041,-2.5200000000000005,-0.7733342945025539,0.0,-38.7168852623041,-49.76463401324435,-1.092970190862362,1.3246993854169058,0.24036110358904086,bounce_resistance
EURUSD.a,15m,-1,0.26,2021-05-12 21:00:00,1.2074593962261464,2021-05-13 04:30:00,1.2089410344614913,1.2088055612976984,1.206473188976378,stop,30,-38.52259411896641,-3.1200000000000006,-0.40230225861370633,0.4342,-38.08839411896641,-49.196463645479156,-1.0882307573586583,1.0330113321468777,0.46011907397980234,bounce_resistance
EURUSD.a,15m,-1,0.4,2021-05-13 23:45:00,1.2079883466847978,2021-05-14 08:30:00,1.2089901359066784,1.2088600641657679,1.206369871668464,stop,35,-40.071568875221786,-4.800000000000001,-0.4028696364261399,0.668,-39.40356887522179,-50.92940179557935,-1.1300556010237979,1.41290422882374,1.0420195816046882,bounce_resistance
EURUSD.a,15m,1,0.3,2021-05-14 18:30:00,1.2136454304917847,2021-05-17 12:45:00,1.2155069606537536,1.212466519673123,1.2155069606537536,target,73,55.845904859066486,-3.6000000000000005,-0.0,-2.13,53.715904859066484,69.22866385589556,1.518800348275243,0.886776569725264,1.9463469771360784,bounce_support
EURUSD.a,15m,1,0.3,2021-05-17 15:30:00,1.213874733098927,2021-05-17 21:00:00,1.215834576930043,1.2127077115349787,1.215834576930043,target,22,58.79531493347745,-3.6000000000000005,-0.0,0.0,58.79531493347745,75.66672449387727,1.6793552849917173,0.1411568594924822,1.8382410122869668,bounce_support
EURUSD.a,15m,1,0.56,2021-05-18 02:00:00,1.2154366800846557,2021-05-18 04:15:00,1.216241013215859,1.2148007916994084,1.216241013215859,target,9,45.04265534738572,-6.7200000000000015,-0.0,0.0,45.04265534738572,57.841914099272806,1.2648967175119858,0.2935736663646067,1.7665363000891192,bounce_support
EURUSD.a,15m,1,0.74,2021-05-18 07:45:00,1.2165963245130262,2021-05-18 09:00:00,1.2171936406111998,1.2161081796944,1.2171936406111998,target,5,44.20139126484601,-8.88,-0.0,0.0,44.20139126484601,56.639404491089195,1.2236452695627955,0.5865564932800503,2.527273546497084,bounce_support
EURUSD.a,15m,1,0.34,2021-05-18 17:00:00,1.2213439942238442,2021-05-18 18:30:00,1.2202500454919236,1.2202729880823835,1.222850199556541,stop,6,-37.19425688530009,-4.080000000000001,-0.7800480756351355,0.0,-37.19425688530009,-47.799541060362785,-1.021421530252462,1.4509666786082356,0.9579830931281166,bounce_support
EURUSD.a,15m,1,0.51,2021-05-19 04:30:00,1.222538428311816,2021-05-19 05:00:00,1.221819958113241,1.2218322778940847,1.2233383618581906,stop,2,-36.64198012732301,-6.120000000000001,-0.6283088230270151,0.0,-36.64198012732301,-47.08071661525802,-1.0174463974450194,1.130677390776157,0.0,bounce_support
EURUSD.a,15m,-1,0.37,2021-05-20 01:00:00,1.2175648001281623,2021-05-20 07:45:00,1.218658743742268,1.21852500424723,1.2156599915055402,stop,27,-40.47591372191284,-4.44,-0.5083613164083726,0.0,-40.47591372191284,-52.23439936237768,-1.1392823592215813,1.0052028028944096,0.6923529226344448,bounce_resistance
EURUSD.a,15m,1,0.35,2021-05-20 13:15:00,1.2185228168292932,2021-05-20 14:15:00,1.2201674703315286,1.2175012648342358,1.2201674703315286,target,4,57.56287257823955,-4.2,-0.0,0.0,57.56287257823955,74.20764803176428,1.6099557439981678,0.14959280588029367,1.6515881510388042,bounce_support
EURUSD.a,15m,1,0.72,2021-05-21 07:15:00,1.2232769666917924,2021-05-21 09:00:00,1.2238700621930567,1.2227749689034715,1.2238700621930567,target,7,42.702876091029296,-8.64,-0.0,0.0,42.702876091029296,55.13676882984841,1.1814703472062198,0.41228606302146,1.4004709274897802,bounce_support
EURUSD.a,15m,1,0.69,2021-05-21 09:30:00,1.2232682560698656,2021-05-21 09:30:00,1.2227345268185146,1.2227469109233131,1.2239261781533735,stop,0,-36.827318343217506,-8.280000000000001,-0.8545032311042624,0.0,-36.827318343217506,-47.55041168151623,-1.0237541384636049,1.9723134983901274,0.0,bounce_support
EURUSD.a,15m,1,0.52,2021-05-21 09:45:00,1.2225883520648753,2021-05-21 10:30:00,1.2218766835949795,1.221895946506713,1.2235881069865744,stop,3,-37.006760434580954,-6.240000000000001,-1.0016714101406938,0.0,-37.006760434580954,-47.786421366417386,-1.0278202731136528,2.1495380089457834,1.4321778955046813,bounce_support
EURUSD.a,15m,-1,0.4,2021-05-21 22:30:00,1.2185379531126492,2021-05-24 09:30:00,1.2195598326749792,1.219427787861395,1.21679442427721,stop,44,-40.875182493200775,-4.800000000000001,-0.4817925433706881,0.668,-40.207182493200776,-51.97748367035199,-1.1296249823315745,1.0249620939575332,1.6159777022372799,bounce_resistance
EURUSD.a,15m,1,0.28,2021-05-24 18:45:00,1.221104981252784,2021-05-25 07:15:00,1.2231494154882954,1.2198652922558524,1.2231494154882954,target,50,57.244158594315316,-3.3600000000000008,-0.0,-1.9880000000000004,55.256158594315316,71.21189601556217,1.591878479518322,0.5122101223417851,1.6496224071338514,bounce_support
EURUSD.a,15m,1,0.71,2021-05-25 09:00:00,1.22248708681252,2021-05-25 09:15:00,1.2231170021018622,1.2219814989490687,1.2231170021018622,target,1,44.72398554330392,-8.520000000000001,-0.0,0.0,44.72398554330392,57.547976662854396,1.2459066660390135,0.8842910299864297,2.6956999683036016,bounce_support
EURUSD.a,15m,1,0.31,2021-05-25 16:30:00,1.225005329147979,2021-05-25 18:15:00,1.2238400731462102,1.2238643472595918,1.2269113054808163,stop,7,-36.122936054831406,-3.7200000000000006,-0.7524975148292649,0.0,-36.122936054831406,-46.66684243447718,-1.0212747578455297,1.3543853445065448,0.5211921925085213,bounce_support
EURUSD.a,15m,-1,0.56,2021-05-26 23:15:00,1.2195887190886732,2021-05-27 03:45:00,1.2184639018571077,1.220228049071446,1.2183439018571078,target,18,62.98976496766429,-6.7200000000000015,-0.0,0.9352,63.924964967664295,82.65553597494704,1.7854899071280477,0.15841727129313027,2.484975101249762,bounce_resistance
EURUSD.a,15m,-1,0.58,2021-05-27 07:00:00,1.2193509072581639,2021-05-27 09:00:00,1.2201120907388796,1.2199781525473112,1.2180936949053773,stop,8,-44.14864188151313,-6.96,-0.8084151109730264,0.0,-44.14864188151313,-56.98510710885346,-1.2135339936158591,1.3855707756970115,0.8464109134809491,bounce_resistance
EURUSD.a,15m,-1,0.65,2021-05-27 10:00:00,1.2198089551577573,2021-05-27 10:15:00,1.2205014666015717,1.220364068428448,1.2187018631431041,stop,1,-45.01324384793115,-7.800000000000001,-1.1308812530359644,0.0,-45.01324384793115,-58.06736909393974,-1.247513760484743,1.8213307006418882,0.5565623703661342,bounce_resistance
EURUSD.a,15m,-1,0.42,2021-05-27 21:15:00,1.2204457150942651,2021-05-28 03:00:00,1.2189024340134793,1.2212987829932604,1.2187824340134794,target,23,64.81780539300486,-5.040000000000001,-0.0,0.7013999999999999,65.51920539300487,84.65341730687864,1.8286716480869607,0.028467728962029076,2.0229516270598813,bounce_resistance
EURUSD.a,15m,-1,0.69,2021-05-28 05:45:00,1.2184028044511075,2021-05-28 07:00:00,1.2190581512057244,1.218927392131376,1.2179526482213439,stop,5,-45.21892606856404,-8.280000000000001,-0.7423761300465457,0.0,-45.21892606856404,-58.40352091516182,-1.2492606655984488,1.1193468146108092,0.3865978152665943,bounce_resistance
EURUSD.a,15m,-1,0.98,2021-05-28 07:30:00,1.218863065362024,2021-05-28 08:30:00,1.2182707736583431,1.2192296131708282,1.2181507736583432,target,4,58.04458696072956,-11.760000000000002,-0.0,0.0,58.04458696072956,75.1230644277296,1.6158648052301527,0.20988977734407038,3.0911802902888588,bounce_resistance
EURUSD.a,15m,-1,0.57,2021-05-28 10:15:00,1.218589206790684,2021-05-28 11:00:00,1.2193577443630341,1.219219565237196,1.2174209433962264,stop,3,-43.80664162395397,-6.84,-1.036210172780256,0.0,-43.80664162395397,-56.66508204060896,-1.219207225036394,1.9366651086714528,1.2837248317392806,bounce_resistance
EURUSD.a,15m,1,0.56,2021-05-31 02:45:00,1.2193777772985093,2021-05-31 03:00:00,1.2187315086645751,1.2187432627589276,1.2195259119496855,stop,1,-36.191043500311444,-6.7200000000000015,-0.6582292837394088,0.0,-36.191043500311444,-46.9288288233917,-1.0185245469083353,1.257303416617195,0.0,bounce_support
EURUSD.a,15m,1,0.58,2021-05-31 03:30:00,1.2186378423195425,2021-05-31 04:00:00,1.219472394412297,1.2180288027938515,1.219472394412297,target,2,48.40402137975541,-6.96,-0.0,0.0,48.40402137975541,62.6548720209118,1.3702757498497493,0.30842385693993973,1.5141179538571903,bounce_support
EURUSD.a,15m,1,0.56,2021-05-31 09:45:00,1.2184687470893811,2021-05-31 10:00:00,1.2194307933556088,1.2178246033221958,1.2194307933556088,target,1,53.87459090874814,-6.7200000000000015,-0.0,0.0,53.87459090874814,69.66301710554998,1.493527245371622,0.19987322076207548,1.8648832323067888,bounce_support
EURUSD.a,15m,-1,0.58,2021-05-31 15:00:00,1.2199093241226027,2021-05-31 16:45:00,1.2206721245882253,1.220536103729817,1.2187024223602483,stop,7,-44.24242700611103,-6.96,-0.9292097876870331,0.0,-44.24242700611103,-57.16297402497646,-1.2170154498369463,1.0221709034931123,0.8445139511722056,bounce_resistance
EURUSD.a,15m,1,0.65,2021-05-31 21:30:00,1.2228677427600356,2021-06-01 01:30:00,1.223226652173913,1.2223128707408173,1.223226652173913,target,16,23.329111902030686,-7.800000000000001,-0.0,-4.615,18.714111902030687,24.167822793644508,0.5188753512620492,0.8609963081370547,0.7609993391975524,bounce_support
EURUSD.a,15m,1,0.65,2021-06-01 03:15:00,1.222726437542478,2021-06-01 04:15:00,1.2233976521739132,1.222168487555331,1.2233976521739132,target,4,43.628951043285234,-7.800000000000001,-0.0,0.0,43.628951043285234,56.19752823247921,1.203001428259214,0.6029887090744319,1.6552782127377772,bounce_support
EURUSD.a,15m,1,0.58,2021-06-01 05:45:00,1.2229671810509544,2021-06-01 07:45:00,1.2223297706035339,1.222339549179372,1.2234720000000001,stop,8,-36.969805950388675,-6.96,-0.5671573986086048,0.0,-36.969805950388675,-47.733771401405654,-1.0155801135680347,1.1586107778769674,0.38688116400681044,bounce_support
EURUSD.a,15m,1,0.48,2021-06-01 22:00:00,1.2230003294800376,2021-06-01 22:00:00,1.2222407556285253,1.2222562498485818,1.224097500302836,stop,0,-36.45954487258862,-5.760000000000001,-0.7437225627157563,0.0,-36.45954487258862,-47.011817407984914,-1.0208233358386927,1.0890359657502124,0.0,bounce_support
EURUSD.a,15m,1,0.46,2021-06-01 22:15:00,1.2223899773743205,2021-06-01 23:15:00,1.2215950684470427,1.2216089953858693,1.223562009228261,stop,4,-36.56581065478104,-5.5200000000000005,-0.6406391860227363,0.0,-36.56581065478104,-47.170735383757375,-1.0178325992565382,1.075540008273933,0.0,bounce_support
EURUSD.a,15m,-1,0.87,2021-06-02 02:00:00,1.2214532074409157,2021-06-02 03:00:00,1.2219949464242243,1.2218650912852196,1.2205598174295609,stop,4,-47.13129154785434,-10.440000000000001,-0.8573970934220471,0.0,-47.13129154785434,-60.726809704497164,-1.3152712610620176,1.546048887060417,0.10490200456537208,bounce_resistance
EURUSD.a,15m,-1,0.75,2021-06-02 04:45:00,1.222532619816184,2021-06-02 08:00:00,1.221725798445282,1.2230071007773589,1.2216057984452822,target,13,60.511602817653326,-9.000000000000002,-0.0,0.0,60.511602817653326,78.14200110753549,1.7004293889990116,0.24738649897624942,2.0077092531288088,bounce_resistance
EURUSD.a,15m,1,0.49,2021-06-02 21:45:00,1.2209405020269035,2021-06-02 22:30:00,1.2213559595959596,1.2202048359139834,1.2213559595959596,target,3,20.35742088374559,-5.880000000000001,-0.0,0.0,20.35742088374559,26.255443772886903,0.5647365860131209,0.49003484131214897,0.5974150030533404,bounce_support
EURUSD.a,15m,1,0.46,2021-06-02 23:15:00,1.2210790878236821,2021-06-02 23:45:00,1.2211371717171717,1.220300765537994,1.2211371717171717,target,2,2.6718591005217007,-5.5200000000000005,-0.0,0.0,2.6718591005217007,3.44711534062921,0.07462704660737376,0.3585761692989335,0.20674234732430607,bounce_support
EURUSD.a,15m,1,0.45,2021-06-03 00:00:00,1.2211583387567893,2021-06-03 00:00:00,1.22103,1.220365605403656,1.2210277777777778,target_gap,0,-5.775244055513662,-5.4,-0.0,0.0,-5.775244055513662,-7.452600951716493,-0.1618939789551438,0.288039800377624,0.0,bounce_support
EURUSD.a,15m,1,0.51,2021-06-03 00:45:00,1.221147251183916,2021-06-03 05:30:00,1.2204399835597541,1.2204494417451732,1.2219511165096535,stop,19,-36.07064883225975,-6.120000000000001,-0.48236745637789186,0.0,-36.07064883225975,-46.60832504071501,-1.0135541093226341,1.128175029180557,0.376533766234755,bounce_support
EURUSD.a,15m,-1,0.45,2021-06-03 23:30:00,1.212899867146514,2021-06-04 07:00:00,1.2114407955195114,1.2136746022402443,1.2113207955195116,target,30,65.65822321511928,-5.4,-0.0,0.7515,66.40972321511927,86.68771305231735,1.9048725673406235,0.4003082550353906,2.0779582073183263,bounce_resistance
EURUSD.a,15m,-1,0.67,2021-06-04 12:45:00,1.2113602069432199,2021-06-04 15:15:00,1.2120296800432786,1.2118936602673847,1.2103226794652309,stop,10,-44.854697703933915,-8.040000000000001,-1.0733249849010766,0.0,-44.854697703933915,-58.135074011008754,-1.2549797137489298,1.1993421500968424,1.8187288358149614,bounce_resistance
EURUSD.a,15m,1,0.36,2021-06-04 20:00:00,1.2162650830324406,2021-06-07 09:45:00,1.2152544432060066,1.2152654059455,1.217859188109,stop,55,-36.38303375162444,-4.32,-0.39465862176239175,-2.556,-38.939033751624436,-50.333540693912305,-1.0819892148815093,1.1054399934507602,1.0052415731911695,bounce_support
EURUSD.a,15m,-1,0.53,2021-06-07 14:30:00,1.2162973854442698,2021-06-07 14:30:00,1.2171051131323245,1.2169661912987293,1.2150735632183909,stop,0,-42.809567466899345,-6.360000000000001,-1.0028571805508846,0.0,-42.809567466899345,-55.17194523590961,-1.2077162343434897,1.9327201565464667,0.16056295493477196,bounce_resistance
EURUSD.a,15m,-1,0.53,2021-06-07 14:45:00,1.2163473721982507,2021-06-07 16:00:00,1.2171588713080457,1.217019472467361,1.2150620689655174,stop,5,-43.00945281913204,-6.360000000000001,-1.0281385562931795,0.0,-43.00945281913204,-55.42383837725293,-1.2074078037033222,1.1346934926222516,0.5168457955099043,bounce_resistance
EURUSD.a,15m,1,0.49,2021-06-07 22:45:00,1.2194878079265006,2021-06-08 03:15:00,1.2187674425452515,1.2187761116499614,1.2205277767000773,stop,18,-35.297903681205334,-5.880000000000001,-0.42478613078880667,-3.479,-38.77690368120533,-50.0114832867382,-1.1119425622082457,1.036689316527454,0.017131006443840587,bounce_support
EURUSD.a,15m,-1,0.41,2021-06-08 14:45:00,1.21774855361167,2021-06-08 15:30:00,1.2187355130342457,1.218598329552926,1.2169656818181818,stop,3,-40.46533632560622,-4.920000000000001,-0.7045227341155599,0.0,-40.46533632560622,-52.2787699773991,-1.1614348849615375,1.2843931386393619,0.19835065160900506,bounce_resistance
EURUSD.a,15m,-1,0.42,2021-06-08 16:15:00,1.2181775203818126,2021-06-08 17:30:00,1.2191441999961703,1.2190028936905508,1.217062803030303,stop,5,-40.60054380302347,-5.040000000000001,-0.8948648360223304,0.0,-40.60054380302347,-52.41688137033899,-1.1712029019153796,1.0570727317571793,1.317610310751537,bounce_resistance
EURUSD.a,15m,-1,1.16,2021-06-09 02:45:00,1.2171854634861325,2021-06-09 03:00:00,1.2176128671901447,1.2174854341886867,1.2165991316226266,stop,1,-49.57882966541227,-13.92,-0.8622281691431127,0.0,-49.57882966541227,-64.03299839256626,-1.4248181584833293,1.5486062802532319,0.1848963437437234,bounce_resistance
EURUSD.a,15m,-1,1.21,2021-06-09 04:45:00,1.2177449621800136,2021-06-09 04:45:00,1.218158423093286,1.2180308663633064,1.2171882672733876,stop,0,-50.028770505964545,-14.520000000000001,-0.9143643275602913,0.0,-50.028770505964545,-64.62496513029238,-1.4461520237674854,1.0669232484580644,0.0,bounce_resistance
EURUSD.a,15m,1,0.34,2021-06-09 19:00:00,1.2185027389358523,2021-06-09 19:30:00,1.2174949445921133,1.2175128212259836,1.2201143575480329,stop,2,-34.265007687125596,-4.080000000000001,-0.6078055515920887,0.0,-34.265007687125596,-44.32386578936382,-1.0180587069936238,1.1038684579116438,0.0,bounce_support
EURUSD.a,15m,-1,1.09,2021-06-10 02:15:00,1.2176946505852813,2021-06-10 03:00:00,1.2181355045649886,1.2180072761771588,1.2170854476456825,stop,3,-48.05308378810547,-13.080000000000004,-0.8968942734631988,0.0,-48.05308378810547,-62.21833126785891,-1.4101659977988357,1.1366613097307083,0.590644496415757,bounce_resistance
EURUSD.a,15m,-1,0.87,2021-06-10 03:30:00,1.2179143098723018,2021-06-10 04:00:00,1.217275081738606,1.2183024591306968,1.217155081738606,target,2,55.61284763153185,-10.440000000000001,-0.0,0.0,55.61284763153185,71.92556600042919,1.6468616643477019,0.3238190592401793,2.149456309028203,bounce_resistance
EURUSD.a,15m,-1,0.48,2021-06-10 13:30:00,1.2169193173608137,2021-06-10 14:15:00,1.217760881527133,1.2176250651869587,1.2155398696260828,stop,3,-40.39507998332681,-5.760000000000001,-0.7591843283738172,0.0,-40.39507998332681,-52.20149126206894,-1.1924431576590453,1.3895652283381348,0.4807912234986044,bounce_resistance
EURUSD.a,15m,1,0.19,2021-06-10 19:15:00,1.216762591994449,2021-06-11 13:45:00,1.2149894575552322,1.2150070656835206,1.219845868632959,stop,74,-33.68955434511678,-2.2800000000000002,-0.3345544374775358,-1.3490000000000002,-35.03855434511678,-45.206371400522244,-1.0504738252777708,1.0609877977071513,1.4453830681747621,bounce_support
EURUSD.a,15m,-1,0.45,2021-06-11 21:45:00,1.2100094643918649,2021-06-11 22:30:00,1.2108924896880047,1.2107582974516309,1.2085434050967385,stop,3,-39.73613832629175,-5.4,-0.6386506368252315,0.0,-39.73613832629175,-51.565862944356596,-1.1792018055609281,1.015627713301915,0.14617996686615198,bounce_resistance
EURUSD.a,15m,-1,0.32,2021-06-14 00:00:00,1.210141855522504,2021-06-14 01:15:00,1.2112958629599262,1.2111630798735926,1.2095338402528149,stop,5,-36.92823799750755,-3.8400000000000007,-0.4090587626772908,0.0,-36.92823799750755,-47.910218217270234,-1.1300234235425757,1.006776303757431,0.0,bounce_resistance
EURUSD.a,15m,-1,0.65,2021-06-14 02:30:00,1.2110225417476423,2021-06-14 03:45:00,1.2101125618339998,1.211533719083,1.209992561834,target,5,59.14869438676252,-7.800000000000001,-0.0,0.0,59.14869438676252,76.83744188254268,1.7801648287199723,0.21021716912098376,2.254680847373515,bounce_resistance
EURUSD.a,15m,-1,0.74,2021-06-14 08:45:00,1.2105237535138922,2021-06-14 09:00:00,1.2097570745099524,1.210976462745024,1.2096370745099525,target,1,56.73424629154411,-8.88,-0.0,0.0,56.73424629154411,73.61296245221175,1.6935351683091968,0.3672257481745188,2.349749995671498,bounce_resistance
EURUSD.a,15m,1,0.41,2021-06-14 20:00:00,1.2123599239124019,2021-06-15 03:00:00,1.2115338718162862,1.2115420462950588,1.2135759074098826,stop,28,-33.86813594074112,-4.920000000000001,-0.3351536296781442,-2.911,-36.77913594074112,-47.692643568527195,-1.096804799512366,1.198130247879026,9.303054223338253e-05,bounce_support
EURUSD.a,15m,1,0.55,2021-06-15 12:00:00,1.2131502095878806,2021-06-15 12:00:00,1.212528558487958,1.2125438728697788,1.2140622542604422,stop,0,-34.190810495744465,-6.600000000000001,-0.8422910001476732,0.0,-34.190810495744465,-44.47585105137491,-1.0252572231957875,1.7815341799889826,0.0,bounce_support
EURUSD.a,15m,1,0.48,2021-06-15 13:00:00,1.2124602722053168,2021-06-15 13:45:00,1.2117471409968004,1.2117635056661233,1.2134929886677532,stop,3,-34.230298008790065,-5.760000000000001,-0.7855041275005225,0.0,-34.230298008790065,-44.47746002363543,-1.023486588982759,1.6652237730299344,0.3871135875661807,bounce_support
EURUSD.a,15m,-1,0.33,2021-06-15 18:00:00,1.2125459098329066,2021-06-16 18:15:00,1.2120404731206609,1.2135440190307851,1.2106519619384297,signal,97,16.679411504107346,-3.9600000000000004,-0.6912259636243554,1.6533000000000002,18.332711504107348,23.774752307232976,0.5565891121196369,0.9358596925854376,1.538819435960644,bounce_resistance
EURUSD.a,15m,-1,0.32,2021-06-17 02:45:00,1.1991357234205766,2021-06-17 05:00:00,1.2002860184895794,1.20014482359384,1.19704035281232,stop,9,-36.80944220808868,-3.8400000000000007,-0.6782366636677286,0.0,-36.80944220808868,-48.239250135099056,-1.1399215850720654,1.2726948359054089,0.7191787691699235,bounce_resistance
EURUSD.a,15m,-1,0.23,2021-06-17 16:45:00,1.1939608923680878,2021-06-17 17:00:00,1.1924477674418603,1.195363826452535,1.1923277674418604,target,1,34.801873303231595,-2.7600000000000002,-0.0,0.0,34.801873303231595,45.982524018275214,1.078543135420098,0.08489895087207884,1.3050451823680875,bounce_resistance
EURUSD.a,15m,-1,0.24,2021-06-17 17:45:00,1.193340188435156,2021-06-17 18:15:00,1.1921273953488372,1.194674682551426,1.1920073953488373,target,2,29.10703407165194,-2.8800000000000003,-0.0,0.0,29.10703407165194,38.52786846991573,0.908803621936233,0.7042455664554035,1.5213168873537692,bounce_resistance
EURUSD.a,15m,-1,0.37,2021-06-18 00:30:00,1.1905271068951806,2021-06-18 02:45:00,1.1915509981219443,1.1914163865335432,1.1893272269329136,stop,9,-37.88397539025756,-4.44,-0.5406287708455334,0.0,-37.88397539025756,-50.13229857910433,-1.1513714950777092,1.1390040445370417,0.0,bounce_resistance
EURUSD.a,15m,-1,0.52,2021-06-18 03:45:00,1.1911595443204859,2021-06-18 05:30:00,1.1919177206404716,1.191783045032004,1.1899439099359923,stop,7,-39.42516863925949,-6.240000000000001,-0.7631316403227731,0.0,-39.42516863925949,-52.195952284775515,-1.2159991255499818,1.331924188975313,1.1059238710523558,bounce_resistance
EURUSD.a,15m,-1,0.35,2021-06-18 10:15:00,1.1904250495051418,2021-06-18 10:45:00,1.1914741291013866,1.1913296145582921,1.1890140983606559,stop,2,-36.71778586856744,-4.2,-0.8580090083076868,0.0,-36.71778586856744,-48.69926637474626,-1.159761359994181,1.707948465925826,1.1000308951538988,bounce_resistance
EURUSD.a,15m,-1,0.35,2021-06-18 12:30:00,1.1920628206116108,2021-06-18 15:00:00,1.1903996273436783,1.1929801863281608,1.1902796273436784,target,10,58.211764377638076,-4.2,-0.0,0.0,58.211764377638076,77.50820778871707,1.8130100546894432,0.18223853951920652,2.67376529050519,bounce_resistance
EURUSD.a,15m,-1,0.28,2021-06-18 21:00:00,1.1877217925462902,2021-06-21 00:00:00,1.18566,1.188842208151459,1.185595583697082,target_gap,12,57.73019129612678,-3.640000000000001,-0.0,0.4676,58.19779129612678,77.7660666463471,1.8551085299969754,0.14120425758086688,1.9562317198894443,bounce_resistance
EURUSD.a,15m,-1,0.39,2021-06-21 02:00:00,1.1871968785382951,2021-06-21 06:15:00,1.1857345907415673,1.1880227046292162,1.1856145907415674,target,17,57.02922407238642,-4.680000000000001,-0.0,0.0,57.02922407238642,76.1262568710607,1.7706970181783757,0.5486887211320337,2.1153104237078333,bounce_resistance
EURUSD.a,15m,-1,0.31,2021-06-21 08:15:00,1.1861660767462523,2021-06-21 09:00:00,1.1873456902587602,1.1872041542227816,1.184161691554437,stop,3,-36.56801888774641,-3.7200000000000006,-0.6676171153418181,0.0,-36.56801888774641,-48.781424019511505,-1.1363443858274187,1.3524262740403565,0.5549458101898445,bounce_resistance
EURUSD.a,15m,1,0.31,2021-06-21 20:45:00,1.191732645321543,2021-06-22 03:45:00,1.1906781362994339,1.1906903092000503,1.1920639179954442,stop,28,-32.68977968538644,-3.7200000000000006,-0.37735991910719396,-2.201,-34.89077968538644,-46.35724398510123,-1.079794702401055,1.1921733267415915,0.28527715036004186,bounce_support
EURUSD.a,15m,1,0.6,2021-06-22 07:45:00,1.1907879143750189,2021-06-22 07:45:00,1.1902379313210631,1.1902498028835917,1.191366961451247,stop,0,-32.998983237342294,-7.200000000000001,-0.7122937517111778,0.0,-32.998983237342294,-43.88746274417116,-1.022061529474294,1.0368007074877823,0.0,bounce_support
EURUSD.a,15m,-1,0.43,2021-06-22 10:45:00,1.1909969594719958,2021-06-22 11:00:00,1.1896551243694948,1.1917474378152524,1.189535124369495,target,1,57.69890940754152,-5.160000000000001,-0.0,0.0,57.69890940754152,76.93803425279557,1.7879731168234283,0.1772743067133891,2.167896631015109,bounce_resistance
EURUSD.a,15m,-1,0.38,2021-06-22 16:15:00,1.1906147897817572,2021-06-22 19:15:00,1.191624047080377,1.1914783192694152,1.18893336146117,stop,12,-38.35177734755168,-4.5600000000000005,-0.9776568165482807,0.0,-38.35177734755168,-50.857681139837794,-1.168758349361079,2.7505837984579995,1.1404240339586718,bounce_resistance
EURUSD.a,15m,1,0.32,2021-06-23 00:15:00,1.1939621027233815,2021-06-23 04:30:00,1.1929515956205243,1.1929643832709167,1.1952912334581667,stop,17,-32.33622729143093,-3.8400000000000007,-0.40920481255688845,0.0,-32.33622729143093,-42.878281607434864,-1.0128168798962207,1.2750104453098587,0.3988067744249572,bounce_support
EURUSD.a,15m,-1,0.74,2021-06-23 07:45:00,1.192153226312787,2021-06-23 08:45:00,1.1927219458107514,1.1925907946960925,1.1912084106078147,stop,4,-42.08524284936876,-8.88,-0.8251824847693651,0.0,-42.08524284936876,-55.79081428715004,-1.2997271276048912,1.683790957763383,1.2643196672659591,bounce_resistance
EURUSD.a,15m,-1,0.56,2021-06-23 09:00:00,1.1926524540718777,2021-06-23 09:30:00,1.1933596629194252,1.1932264042827978,1.191557191434404,stop,2,-39.60369546265952,-6.7200000000000015,-0.7424836511413047,0.0,-39.60369546265952,-52.44411179440055,-1.232178042784859,1.8077281066922515,0.7360465487076977,bounce_resistance
EURUSD.a,15m,-1,0.32,2021-06-23 10:45:00,1.1933965729457106,2021-06-23 11:00:00,1.194535142254396,1.194394726000207,1.1914705479995857,stop,1,-36.43421787793244,-3.8400000000000007,-0.6533201340489839,0.0,-36.43421787793244,-48.170471571649,-1.1406760752335319,1.1255058021699929,0.427362260515909,bounce_resistance
EURUSD.a,15m,1,0.3,2021-06-23 14:00:00,1.194453098310268,2021-06-23 16:45:00,1.1961328949519434,1.1934135525240284,1.1961328949519434,target,11,50.39389925026505,-3.6000000000000005,-0.0,0.0,50.39389925026505,66.32259748926081,1.6158948108981286,0.5320576713304078,2.45963354724502,bounce_support
EURUSD.a,15m,1,0.27,2021-06-23 18:00:00,1.1948558310124162,2021-06-23 19:30:00,1.1936475318043092,1.1936694804818127,1.1968210390363747,stop,6,-32.6240786188905,-3.2400000000000007,-0.5926142925943312,0.0,-32.6240786188905,-43.05558599336233,-1.018501005341419,1.1765755368323647,0.18052757769232228,bounce_support
EURUSD.a,15m,1,0.36,2021-06-23 19:45:00,1.194184601562264,2021-06-23 20:00:00,1.193275874872351,1.193297841334076,1.1954943173318477,stop,1,-32.71416083686151,-4.32,-0.790792622098234,0.0,-32.71416083686151,-43.16535709724694,-1.0247715910419313,1.4824769091755667,0.0,bounce_support
EURUSD.a,15m,-1,0.35,2021-06-23 22:00:00,1.1929080778036094,2021-06-24 09:45:00,1.1939501204453047,1.1938165798056504,1.1911568403886994,stop,47,-36.47149245933456,-4.2,-0.4739223879033435,0.5844999999999999,-35.886992459334564,-47.339320994267844,-1.128608015603525,1.0147717829123433,1.2416899479308972,bounce_resistance
EURUSD.a,15m,-1,0.59,2021-06-24 10:30:00,1.1937302373456462,2021-06-24 10:30:00,1.1944002141174341,1.1942655701359033,1.1926888597281935,stop,0,-39.52862953548775,-7.080000000000001,-0.8639949103206311,0.0,-39.52862953548775,-52.200926437440906,-1.2515145419472378,1.0456349107347875,0.2806428979886927,bounce_resistance
EURUSD.a,15m,1,0.33,2021-06-24 12:00:00,1.1926421377012737,2021-06-24 12:45:00,1.1941941003097862,1.191682949845107,1.1941941003097862,target,3,51.21476608091369,-3.9600000000000004,-0.0,0.0,51.21476608091369,67.6040050172442,1.617996515004556,0.14818546790389053,1.9786137684339613,bounce_support
EURUSD.a,15m,1,0.28,2021-06-24 17:45:00,1.1930062658456257,2021-06-25 09:30:00,1.1948559829035172,1.1918770085482415,1.1948559829035172,target,63,51.79207762096194,-3.3600000000000008,-0.0,-1.9880000000000004,49.80407762096194,65.57050572175886,1.5751211544186283,0.8910864228698643,1.6592623830852864,bounce_support
EURUSD.a,15m,1,0.43,2021-06-25 12:45:00,1.1940901715008216,2021-06-25 15:00:00,1.194958091286307,1.1933455648651572,1.194958091286307,target,9,37.32055077586716,-5.160000000000001,-0.0,0.0,37.32055077586716,49.042748529353155,1.1656084486955967,0.42998743965790537,1.1950316537056598,bounce_support
EURUSD.a,15m,1,0.25,2021-06-25 18:15:00,1.194814964275538,2021-06-25 19:15:00,1.193509845730163,1.1935307623537172,1.1969784752925654,stop,4,-32.627963634374034,-3.0000000000000004,-0.5229155888562121,0.0,-32.627963634374034,-42.978468109084965,-1.0162876438657302,1.1719062633111226,0.0,bounce_support
EURUSD.a,15m,1,0.31,2021-06-25 19:30:00,1.193483462671724,2021-06-28 04:30:00,1.1924551343959093,1.1924685033527893,1.1950229932944212,stop,36,-31.87817655025138,-3.7200000000000006,-0.4144376632795511,-2.201,-34.079176550251375,-44.942141595235825,-1.083125456662185,1.234988090990455,0.7552394603172717,bounce_support
EURUSD.a,15m,-1,0.88,2021-06-28 08:30:00,1.1925634376530323,2021-06-28 09:15:00,1.1930579646604644,1.1929267068563714,1.191856586287257,stop,3,-43.51837665402769,-10.560000000000002,-0.9906867602011242,0.0,-43.51837665402769,-57.29042094499505,-1.3613237865653935,1.8348991349689499,0.6976579646796125,bounce_resistance
EURUSD.a,15m,-1,0.57,2021-06-28 10:45:00,1.194070146141558,2021-06-28 11:15:00,1.1931118386560753,1.1946240806719624,1.1929918386560754,target,2,54.6235266725108,-6.84,-0.0,0.0,54.6235266725108,72.01899463717375,1.7300013501288634,0.23442094925404372,2.744270411248947,bounce_resistance
EURUSD.a,15m,-1,0.52,2021-06-28 12:00:00,1.1941279170660615,2021-06-28 14:15:00,1.193033535685748,1.1947382321571258,1.192913535685748,target,9,56.90783177630099,-6.240000000000001,-0.0,0.0,56.90783177630099,75.27490975701188,1.793141602323726,0.429422339011041,2.552643853758649,bounce_resistance
EURUSD.a,15m,-1,0.9,2021-06-29 03:00:00,1.1928533748795902,2021-06-29 03:15:00,1.1923003389830509,1.1932094030353357,1.192180338983051,target,1,49.77323068853901,-10.8,-0.0,0.0,49.77323068853901,65.834123443917,1.5533487664233894,0.32757274537927594,2.340755544586084,bounce_resistance
EURUSD.a,15m,-1,0.61,2021-06-30 02:30:00,1.1898829763990104,2021-06-30 03:00:00,1.190538349516944,1.1904072848085214,1.1892944,stop,2,-39.977760193944164,-7.320000000000001,-0.6749472137751084,0.0,-39.977760193944164,-53.19374651579291,-1.2499763613266044,1.0433241028879507,0.23454973595632533,bounce_resistance
EURUSD.a,15m,1,0.55,2021-06-30 06:15:00,1.1901071948848212,2021-06-30 09:00:00,1.1895112636686744,1.1895220703044933,1.1905560572687226,stop,11,-32.776216888071865,-6.600000000000001,-0.5943649700390534,0.0,-32.776216888071865,-43.56222340254102,-1.0184689486345218,1.1744420041902648,0.6884091503266527,bounce_support
EURUSD.a,15m,-1,0.57,2021-06-30 09:45:00,1.190241909285983,2021-06-30 09:45:00,1.1909307871917663,1.190798651120741,1.1893772018348623,stop,0,-39.26604062964255,-6.84,-0.6917560484562604,0.0,-39.26604062964255,-52.18772013509112,-1.2373381391086402,1.0024228092357461,0.4165472603364069,bounce_resistance
EURUSD.a,15m,-1,0.38,2021-06-30 22:15:00,1.1850780080509058,2021-06-30 22:30:00,1.1860478418143818,1.1859094030281436,1.1834511939437127,stop,1,-36.853683012089355,-4.5600000000000005,-0.700673877051672,0.0,-36.853683012089355,-49.14872907832252,-1.1665138592707687,1.2773615166914578,0.08179992995849468,bounce_resistance
EURUSD.a,15m,-1,0.47,2021-07-01 00:45:00,1.1856509340569923,2021-07-01 08:15:00,1.184470847163273,1.1863145764183634,1.184350847163273,target,30,55.46408400480662,-5.640000000000001,-0.0,0.0,55.46408400480662,74.12308926564826,1.7781970567419292,0.5561217373847357,2.668506653694548,bounce_resistance
EURUSD.a,15m,-1,0.37,2021-07-01 13:00:00,1.1854282938782965,2021-07-01 13:45:00,1.1864137793399772,1.1862753661023409,1.1837692677953184,stop,3,-36.462962082183914,-4.44,-0.6812897925444872,0.0,-36.462962082183914,-48.68869285910524,-1.163401931626857,1.4776852388420652,0.588254300108404,bounce_resistance
EURUSD.a,15m,1,0.27,2021-07-01 19:45:00,1.1850357877243796,2021-07-02 09:15:00,1.183881943974328,1.1838916557896249,1.18685668842075,stop,54,-31.153781251392235,-3.2400000000000007,-0.262219013012685,-1.9170000000000003,-33.07078125139223,-44.319518154079034,-1.0705441504123012,1.3073559778752328,0.3707721659839354,bounce_support
EURUSD.a,15m,1,0.33,2021-07-02 23:45:00,1.1866208079606013,2021-07-05 02:45:00,1.185675146632992,1.1856877176795952,1.1881245646408098,stop,12,-31.206823811107398,-3.9600000000000004,-0.41484453790521,-2.3430000000000004,-33.5498238111074,-44.62540244357937,-1.0895637306532977,1.1368760153171762,0.2670610170005064,bounce_support
EURUSD.a,15m,1,0.5,2021-07-05 07:00:00,1.1854373902545399,2021-07-05 09:30:00,1.1859793534482759,1.1848114804665055,1.1859793534482759,target,10,27.098159686800294,-6.000000000000001,-0.0,0.0,27.098159686800294,36.00749390329178,0.8658806813646945,0.4751327750820707,1.8255182572690665,bounce_support
EURUSD.a,15m,1,0.38,2021-07-05 10:30:00,1.1855813201560341,2021-07-05 10:30:00,1.1868428000204903,1.1847535999897547,1.1868428000204903,target,0,47.93623484933285,-4.5600000000000005,-0.0,0.0,47.93623484933285,63.663720316262285,1.5240414766338963,0.27946661862063943,1.991832398353508,bounce_support
EURUSD.a,15m,1,0.53,2021-07-05 22:15:00,1.186906686630878,2021-07-05 22:15:00,1.1869451599147123,1.1863093603051307,1.1869451599147123,target,0,2.039084043219397,-6.360000000000001,-0.0,0.0,2.039084043219397,2.707120060565029,0.06440915488899156,0.6641037131282136,0.12273587478378332,bounce_support
EURUSD.a,15m,1,0.66,2021-07-05 22:30:00,1.1867864947286726,2021-07-05 23:30:00,1.1862966961737154,1.1863055754328373,1.1869468443496802,stop,4,-32.32670462717735,-7.920000000000001,-0.5860311020428104,0.0,-32.32670462717735,-42.949943702571346,-1.0184630959889884,1.406669964235155,0.0,bounce_support
EURUSD.a,15m,-1,0.64,2021-07-06 05:15:00,1.1868627925202075,2021-07-06 06:00:00,1.1874873233882506,1.187356573005723,1.1858968539885544,stop,3,-39.969975554754456,-7.6800000000000015,-0.6880244817803454,0.0,-39.969975554754456,-52.815845496385286,-1.2647945521604749,1.047444147681739,0.5727089840587734,bounce_resistance
EURUSD.a,15m,-1,0.34,2021-07-06 15:45:00,1.1843364355939119,2021-07-06 16:00:00,1.1826438534744932,1.1852630732627534,1.1825238534744933,target,1,57.54779206023564,-4.080000000000001,-0.0,0.0,57.54779206023564,76.2757857306926,1.8265846256118767,0.06859682940310705,2.2408279565278386,bounce_resistance
EURUSD.a,15m,-1,0.27,2021-07-06 17:15:00,1.1842029557542477,2021-07-06 17:15:00,1.1826216,1.185376083508995,1.1825016000000002,target,0,42.69660536468711,-3.2400000000000007,-0.0,0.0,42.69660536468711,56.92273539447407,1.347982560167357,0.014528891404500276,1.502782409770464,bounce_resistance
EURUSD.a,15m,-1,0.41,2021-07-06 23:30:00,1.1824188208160475,2021-07-07 08:30:00,1.1833153787083976,1.1831829205866866,1.1808941588266268,stop,36,-36.75887358635421,-4.920000000000001,-0.5107829901609532,2.0541,-34.704773586354214,-46.242203312930336,-1.107784513064505,1.3495347382317606,1.1370515336247098,bounce_resistance
EURUSD.a,15m,-1,0.36,2021-07-07 13:00:00,1.1828657967828995,2021-07-07 13:30:00,1.1820521951219511,1.1837415123213597,1.1819321951219512,target,2,29.289659794140555,-4.32,-0.0,0.0,29.289659794140555,38.96767041953669,0.9290707144227602,0.18750748375351878,1.1371235739980547,bounce_resistance
EURUSD.a,15m,-1,0.4,2021-07-07 15:15:00,1.1830863965706822,2021-07-07 15:30:00,1.182039463414634,1.1838721504675471,1.1819194634146342,target,1,41.87732624192364,-4.800000000000001,-0.0,0.0,41.87732624192364,55.77693958700538,1.332393208898081,0.6790974011668685,1.9298619793453349,bounce_resistance
EURUSD.a,15m,-1,0.33,2021-07-07 20:45:00,1.1801566624531998,2021-07-07 21:00:00,1.1812651295166912,1.1811216879336484,1.178266624132703,stop,1,-36.57941309521373,-3.9600000000000004,-0.7735722404188955,0.0,-36.57941309521373,-48.861152349879426,-1.1486402027189313,1.9723184365200879,0.37995105893942094,bounce_resistance
EURUSD.a,15m,-1,0.77,2021-07-08 07:30:00,1.1793630901153778,2021-07-08 08:15:00,1.1799053399528758,1.1797749160371425,1.1785901679257154,stop,3,-41.75323748735105,-9.240000000000002,-0.8026415114722736,0.0,-41.75323748735105,-55.958985562161324,-1.3166967129570062,1.0123449316541397,0.517427641428549,bounce_resistance
EURUSD.a,15m,1,0.24,2021-07-08 19:15:00,1.183827293498379,2021-07-09 09:30:00,1.1825075755662422,1.1825191412960692,1.1860917174078618,stop,57,-31.673230371280777,-2.8800000000000003,-0.27757751584664525,-1.704,-33.377230371280774,-44.9852153367847,-1.0631163022782715,1.0069879453270612,0.8888159187961197,bounce_support
EURUSD.a,15m,-1,0.42,2021-07-09 11:00:00,1.1840184167705312,2021-07-09 12:45:00,1.1849001482339077,1.1847591209163135,1.1825417581673732,stop,7,-37.032721461810695,-5.040000000000001,-0.8831473389618316,0.0,-37.032721461810695,-49.64637628438419,-1.190396284936659,2.0542388457428857,1.5234379029152216,bounce_resistance
EURUSD.a,15m,1,0.35,2021-07-09 18:15:00,1.1863637761717816,2021-07-09 20:30:00,1.1870613793103448,1.1854765484127099,1.1870613793103448,target,9,24.416109849714207,-4.2,-0.0,0.0,24.416109849714207,32.61700288511991,0.7862728949026259,0.9059411899179324,0.81853145462701,bounce_support
EURUSD.a,15m,1,0.58,2021-07-12 04:45:00,1.1873671403494586,2021-07-12 06:30:00,1.1868177538477005,1.1868277080050984,1.18793431372549,stop,7,-31.864417101967742,-6.96,-0.5773411290836923,0.0,-31.864417101967742,-42.6490933331117,-1.0184530228896707,1.1255171400199908,0.17214327526382153,bounce_support
EURUSD.a,15m,-1,0.42,2021-07-12 21:00:00,1.1859586908505404,2021-07-13 03:00:00,1.1868187341098322,1.1866897624022739,1.184500475195452,stop,24,-36.12181689025506,-5.040000000000001,-0.37681171745840125,0.7013999999999999,-35.42041689025506,-47.29406479858875,-1.1535714353706041,1.096074861016863,0.5727084435820133,bounce_resistance
EURUSD.a,15m,1,0.51,2021-07-13 05:15:00,1.1865365765927673,2021-07-13 05:30:00,1.1873594039775717,1.1859352980112141,1.1873594039775717,target,1,41.964196625020605,-6.120000000000001,-0.0,0.0,41.964196625020605,55.94927820518986,1.3684628224720463,0.3768246528623598,1.3694540808447644,bounce_support
EURUSD.a,15m,1,0.59,2021-07-13 08:00:00,1.1864966801530874,2021-07-13 08:45:00,1.1859591048077438,1.1859700341971389,1.187169931605722,stop,3,-31.716945375272363,-7.080000000000001,-0.6448339743128734,0.0,-31.716945375272363,-42.37174416233249,-1.0207528212675245,1.7595884723321538,0.006303754686065949,bounce_support
EURUSD.a,15m,-1,0.35,2021-07-13 15:15:00,1.1843176659518517,2021-07-13 15:30:00,1.1827112783312654,1.1851843608343673,1.1825912783312655,target,1,56.223566720520196,-4.2,-0.0,0.0,56.223566720520196,75.66287172379852,1.8534638348432246,0.8795875728901575,4.289474908472051,bounce_resistance
EURUSD.a,15m,-1,0.29,2021-07-13 19:30:00,1.1813713230781784,2021-07-13 20:30:00,1.179444793034599,1.1824226034827003,1.1793247930345991,target,4,55.869371263800986,-3.48,-0.0,0.0,55.869371263800986,75.00855386902018,1.8325558388538412,0.036790300337878994,2.2556523150040326,bounce_resistance
EURUSD.a,15m,-1,0.32,2021-07-13 23:15:00,1.1778173658248037,2021-07-14 08:30:00,1.1789016228563018,1.1787729940490281,1.1759740119019437,stop,37,-34.69622500794145,-3.8400000000000007,-0.2761218327644693,1.6032,-33.09302500794145,-44.36359676646082,-1.0821750606387144,1.0177955721072098,0.6564957050246771,bounce_resistance
EURUSD.a,15m,-1,0.38,2021-07-14 13:00:00,1.1793384634017723,2021-07-14 14:00:00,1.1802989730608802,1.1801619572374482,1.1777414414414413,stop,4,-36.49936704609935,-4.5600000000000005,-0.6466012904197415,0.0,-36.49936704609935,-48.91955213855778,-1.1663835447165052,1.3619247037923716,0.20457153954766277,bounce_resistance
EURUSD.a,15m,1,0.27,2021-07-14 17:30:00,1.1821544433518054,2021-07-15 08:45:00,1.183995437886744,1.181032281056628,1.183995437886744,target,61,49.70685244334461,-3.2400000000000007,-0.0,-1.9170000000000003,47.78985244334461,63.92778164073065,1.5773070816453787,0.4406166148429848,1.9387183632389176,bounce_support
EURUSD.a,15m,1,0.46,2021-07-15 10:45:00,1.182760347958156,2021-07-15 11:00:00,1.1837106330656888,1.1820896834671557,1.1837106330656888,target,1,43.713114946504206,-5.5200000000000005,-0.0,0.0,43.713114946504206,58.501779883171004,1.4169307012440906,0.283819943817614,1.9527678286505343,bounce_support
EURUSD.a,15m,1,0.34,2021-07-15 13:30:00,1.182841718745764,2021-07-15 13:45:00,1.1819116064062096,1.1819299860878099,1.18427002782438,stop,1,-31.623819544850388,-4.080000000000001,-0.6249091744046509,0.0,-31.623819544850388,-42.3945887669925,-1.0201590690427556,1.263219799922983,0.1736048970661709,bounce_support
EURUSD.a,15m,-1,0.37,2021-07-15 21:30:00,1.180399275612792,2021-07-15 22:45:00,1.181364170571159,1.18123021194278,1.1801258904109588,stop,5,-35.70111345958482,-4.44,-0.5164692500321528,0.0,-35.70111345958482,-48.10368710616815,-1.1612140708554402,1.096021866345921,0.04726669345698869,bounce_resistance
EURUSD.a,15m,-1,0.59,2021-07-15 23:45:00,1.1811520160977174,2021-07-16 03:00:00,1.1818029617144454,1.1816732983030285,1.180133403393943,stop,13,-38.40579138695622,-7.080000000000001,-0.5701412736045901,0.9853,-37.420491386956215,-50.39186009366705,-1.2167029878749438,1.051223112355355,1.116508662270762,bounce_resistance
EURUSD.a,15m,-1,0.41,2021-07-16 11:30:00,1.1806591463687517,2021-07-16 11:30:00,1.1815484622770003,1.1814121818301278,1.179504520547945,stop,0,-36.461952238192154,-4.920000000000001,-0.6674983217744201,0.0,-36.461952238192154,-48.99417132018134,-1.1809748064500112,1.1564576648979104,0.21133980657533333,bounce_resistance
EURUSD.a,15m,-1,0.51,2021-07-16 11:45:00,1.1814488359138409,2021-07-16 12:15:00,1.1821823864296677,1.1820457048182322,1.1802885903635354,stop,2,-37.411076307166674,-6.120000000000001,-0.8507621832100127,0.0,-37.411076307166674,-50.294520739899276,-1.2289977085919817,1.1412289719693556,0.41690212374956814,bounce_resistance
EURUSD.a,15m,-1,0.36,2021-07-16 20:00:00,1.181107068175798,2021-07-19 10:00:00,1.179589279930739,1.1819453600346304,1.1794692799307391,target,56,54.64037682212375,-4.32,-0.0,0.6012,55.24157682212375,74.98110163982375,1.8304940324678884,0.9101028671143858,3.074189673495801,bounce_resistance
EURUSD.a,15m,-1,0.35,2021-07-19 14:15:00,1.1777880438679729,2021-07-19 15:45:00,1.1788015815824309,1.1786611974560637,1.1761868493150682,stop,6,-35.47382000603005,-4.2,-0.7134444228546081,0.0,-35.47382000603005,-48.27552326560253,-1.160778273469784,1.2276833613786415,1.6125958676429788,bounce_resistance
EURUSD.a,15m,1,0.44,2021-07-20 01:45:00,1.1796487924126764,2021-07-20 07:15:00,1.17895759188176,1.1789684229712551,1.1806231540574894,stop,22,-30.412823360317805,-5.280000000000001,-0.47656793777941414,0.0,-30.412823360317805,-41.52318086413419,-1.0159194238242704,1.188754760923375,0.8248571337232035,bounce_support
EURUSD.a,15m,-1,0.24,2021-07-20 19:15:00,1.1776826551816792,2021-07-21 10:00:00,1.1755804140786748,1.1788988946512673,1.1754604140786749,target,59,50.453786472107964,-2.8800000000000003,-0.0,1.2024,51.65618647210796,70.72217860120749,1.7696688496168653,0.7624689393074787,1.8521477373549473,bounce_resistance
EURUSD.a,15m,-1,0.42,2021-07-21 11:45:00,1.1773678670021006,2021-07-21 11:45:00,1.1782235157849663,1.178085316288117,1.1759693674237661,stop,0,-35.93724888035954,-5.040000000000001,-0.7643788676696772,0.0,-35.93724888035954,-49.097955981090976,-1.192626154270173,1.2016640265772178,0.03884177271300121,bounce_resistance
EURUSD.a,15m,-1,0.42,2021-07-21 12:00:00,1.1779480479305218,2021-07-21 15:30:00,1.1766564370521535,1.1786567814739233,1.1765364370521536,target,14,54.24765689146716,-5.040000000000001,-0.0,0.0,54.24765689146716,74.11489588144815,1.8224209794971566,0.10152203200792544,2.4805485035801973,bounce_resistance
EURUSD.a,15m,1,0.31,2021-07-21 20:30:00,1.1798135862958645,2021-07-22 03:30:00,1.1788268718985702,1.178837814838061,1.1813943703238778,stop,28,-30.588146316125275,-3.7200000000000006,-0.33923112421529866,-2.201,-32.789146316125276,-44.63902076963171,-1.083977594174794,1.0182571829894054,0.682960849905892,bounce_support
EURUSD.a,15m,-1,0.25,2021-07-22 16:00:00,1.1799678173866452,2021-07-22 16:00:00,1.1813084682521946,1.1811551943321623,1.1776296113356755,stop,0,-33.516271638733826,-3.0000000000000004,-0.8318480008080176,0.0,-33.516271638733826,-45.45010596088283,-1.1290861512942167,1.930459086315389,0.2676634305938602,bounce_resistance
EURUSD.a,15m,-1,0.56,2021-07-23 02:15:00,1.177479883537205,2021-07-23 04:30:00,1.178152512505562,1.1780206166533749,1.17642876669325,stop,9,-37.667222228002124,-6.7200000000000015,-0.6661677224917151,0.0,-37.667222228002124,-51.01402038002915,-1.24392042625653,1.035846420434528,0.4806133181664979,bounce_resistance
EURUSD.a,15m,-1,0.43,2021-07-23 11:00:00,1.1776988329615061,2021-07-23 11:30:00,1.178531074582755,1.178393674356948,1.1763726512861041,stop,2,-35.78638971370496,-5.160000000000001,-0.7482097097028584,0.0,-35.78638971370496,-48.55288540105956,-1.1977432932296725,1.3688980603823317,0.3868983098440128,bounce_resistance
EURUSD.a,15m,1,0.45,2021-07-23 23:00:00,1.1773081031622685,2021-07-26 03:30:00,1.1766415301914344,1.1766505989547658,1.1782988020904686,stop,18,-29.995783687537525,-5.4,-0.40809434991755095,-3.1950000000000003,-33.190783687537525,-45.1317392612895,-1.121776807536341,1.2138373460754193,0.4439467221663742,bounce_support
EURUSD.a,15m,1,0.38,2021-07-26 15:30:00,1.1789224220151435,2021-07-26 15:45:00,1.1781285232403684,1.1781474753328898,1.1800450493342203,stop,1,-30.16815344145352,-4.5600000000000005,-0.7201795158126741,0.0,-30.16815344145352,-41.02947644632455,-1.024455995432128,1.2935367530423303,0.0,bounce_support
EURUSD.a,15m,1,0.32,2021-07-26 20:15:00,1.181220997831125,2021-07-26 21:45:00,1.1802999139143113,1.1803136775796133,1.181740888324873,stop,6,-29.474685338037435,-3.8400000000000007,-0.44043728966274626,0.0,-29.474685338037435,-39.94780008679159,-1.015169577973149,1.3236757684223048,0.031964644045574704,bounce_support
EURUSD.a,15m,1,0.5,2021-07-27 04:30:00,1.180796261006938,2021-07-27 05:15:00,1.1801981113957094,1.1802077271567752,1.1811885714285715,stop,3,-29.907480561430777,-6.000000000000001,-0.48078805328817226,0.0,-29.907480561430777,-40.52009993555092,-1.016338501282773,1.0641036310228678,0.0,bounce_support
EURUSD.a,15m,1,0.62,2021-07-27 06:15:00,1.1803463201817264,2021-07-27 09:00:00,1.1798686125751008,1.1798779531170807,1.1809040937658388,stop,11,-29.617871610785773,-7.440000000000001,-0.5791136027485162,0.0,-29.617871610785773,-40.213261840528126,-1.0199427813886528,2.12722084222581,0.6483799592171066,bounce_support
EURUSD.a,15m,-1,0.45,2021-07-27 15:00:00,1.1798583600915444,2021-07-27 15:00:00,1.1806319164718273,1.1804944566091442,1.1785910867817113,stop,0,-34.81003711272912,-5.4,-0.7856938207485137,0.0,-34.81003711272912,-47.19173177979356,-1.2160990649686076,1.983409551141941,0.0,bounce_resistance
EURUSD.a,15m,-1,0.44,2021-07-27 15:15:00,1.1809283629421485,2021-07-27 15:30:00,1.181724161324784,1.1815862811370623,1.1795274377258755,stop,1,-35.01512883595925,-5.280000000000001,-0.786728259760314,0.0,-35.01512883595925,-47.46977324127171,-1.2095704128379037,1.5376335016605214,0.0,bounce_resistance
EURUSD.a,15m,1,0.31,2021-07-27 21:30:00,1.1832620029977163,2021-07-27 21:45:00,1.182339147046476,1.1823569155075808,1.1846761689848384,stop,1,-28.60853448845302,-3.7200000000000006,-0.5508222942526982,0.0,-28.60853448845302,-38.866594873385715,-1.0196317607950203,1.0960299512789349,0.0,bounce_support
EURUSD.a,15m,1,0.42,2021-07-28 00:45:00,1.1817980285248793,2021-07-28 05:45:00,1.1824687521250346,1.1811206239374827,1.1824687521250346,target,20,28.170391206522538,-5.040000000000001,-0.0,0.0,28.170391206522538,38.24069612375117,0.990137375262114,0.8237743517856437,1.0067417431313288,bounce_support
EURUSD.a,15m,-1,0.27,2021-07-28 18:30:00,1.1806952509815785,2021-07-28 20:00:00,1.1818990009772028,1.1817594770602993,1.1786110458794012,stop,6,-32.5012498818571,-3.2400000000000007,-0.5271457563970521,0.0,-32.5012498818571,-44.25430936229555,-1.1311036439468147,1.0192843796173956,0.1270885804085687,bounce_resistance
EURUSD.a,15m,1,0.3,2021-07-29 02:15:00,1.184600849487981,2021-07-29 09:00:00,1.1861254576800107,1.1836572711599946,1.1861254576800107,target,27,45.73824576089125,-3.6000000000000005,-0.0,0.0,45.73824576089125,61.96083036778463,1.615772794700978,0.5625918614662093,1.7159683133826777,bounce_support
EURUSD.a,15m,1,0.32,2021-07-29 14:15:00,1.187520365447023,2021-07-29 18:00:00,1.188930620675812,1.186619689662094,1.188930620675812,target,15,45.128167321244916,-3.8400000000000007,-0.0,0.0,45.128167321244916,60.98400989357421,1.5657745577117181,0.5777500136344237,1.6428048557935344,bounce_support
EURUSD.a,15m,1,0.35,2021-07-29 19:45:00,1.1881611284657208,2021-07-29 21:00:00,1.1888953454545454,1.1873266164301997,1.1888953454545454,target,5,25.69759460886445,-4.2,-0.0,0.0,25.69759460886445,34.719910569438824,0.8798159374253127,0.3728268167233798,1.0891053640847645,bounce_support
EURUSD.a,15m,1,0.44,2021-07-29 22:45:00,1.188928516936065,2021-07-30 00:00:00,1.1882607352927255,1.1882725495965005,1.1892536,stop,5,-29.382392306941615,-7.040000000000001,-0.5198293661068415,-3.124,-32.50639230694161,-43.96141934590375,-1.126247602251108,1.2935353406898733,0.30715410933222587,bounce_support
EURUSD.a,15m,1,0.48,2021-07-30 06:00:00,1.1882067389057491,2021-07-30 08:30:00,1.1875971660113545,1.1876053989505986,1.189029202098803,stop,10,-29.25949893094426,-5.760000000000001,-0.39518108371273813,0.0,-29.25949893094426,-39.65024111844359,-1.0136909898861828,1.058866786241905,0.18834786094092246,bounce_support
EURUSD.a,15m,-1,0.36,2021-07-30 20:45:00,1.186117558680069,2021-07-30 23:30:00,1.1870379969377516,1.1869036095347396,1.1845827809305205,stop,11,-33.135777276574345,-4.32,-0.5179465084350291,0.0,-33.135777276574345,-45.10171266326525,-1.170965278154017,1.1226262457291392,0.9255872896084569,bounce_resistance
EURUSD.a,15m,-1,0.55,2021-08-02 03:30:00,1.1868821013290203,2021-08-02 08:30:00,1.1875248995292058,1.1873952925399314,1.1858794149201373,stop,20,-35.35390101020442,-6.600000000000001,-0.5283844101032982,0.0,-35.35390101020442,-48.13460000300133,-1.2525510696965125,1.048144745161725,1.9332001560565457,bounce_resistance
EURUSD.a,15m,1,0.29,2021-08-02 15:00:00,1.189111527428409,2021-08-02 15:15:00,1.1881197699550698,1.1881374974446397,1.1906650051107204,stop,1,-28.7609667268347,-3.48,-0.5140971975235139,0.0,-28.7609667268347,-39.05140154901587,-1.0182001477010498,1.1000969644306255,0.0,bounce_support
EURUSD.a,15m,1,0.28,2021-08-02 15:30:00,1.1887618884459241,2021-08-02 15:45:00,1.1877305173850219,1.187750290577559,1.1903894188448823,stop,1,-28.878389705262467,-3.3600000000000008,-0.5536493910417452,0.0,-28.878389705262467,-39.21083749305825,-1.019546494862681,1.5835229551372785,0.0,bounce_support
EURUSD.a,15m,1,0.26,2021-08-02 18:45:00,1.1877737337807028,2021-08-02 19:45:00,1.1866763139629752,1.1866948560851633,1.1895002878296732,stop,4,-28.532915260917505,-3.1200000000000006,-0.482095176893196,0.0,-28.532915260917505,-38.74438550447763,-1.0171864913555668,1.0230388349543367,0.0,bounce_support
EURUSD.a,15m,-1,0.52,2021-08-03 01:15:00,1.1873328880194212,2021-08-03 07:30:00,1.188002402287923,1.187872378585888,1.186632798264642,stop,25,-34.81474196209433,-6.240000000000001,-0.5212325058268953,0.0,-34.81474196209433,-47.048220170942905,-1.2410120030207323,1.6999592533843153,0.9877615152958009,bounce_resistance
EURUSD.a,15m,1,0.29,2021-08-03 16:45:00,1.1871723471600995,2021-08-03 16:45:00,1.1861968131730476,1.1862153339131967,1.188689332173607,stop,0,-28.290485624503866,-3.48,-0.5371014643263102,0.0,-28.290485624503866,-38.426673581950865,-1.0193526476347265,1.0578193806362073,0.0,bounce_support
EURUSD.a,15m,1,0.32,2021-08-03 17:00:00,1.1870428652200922,2021-08-03 17:30:00,1.1861754233077557,1.1861955831714976,1.1883388336570044,stop,2,-27.758141194766495,-3.8400000000000007,-0.6451156397405862,0.0,-27.758141194766495,-37.63764721124662,-1.023793568830323,1.0774041791709508,0.610345493293062,bounce_support
EURUSD.a,15m,-1,0.37,2021-08-03 21:15:00,1.1863393296802085,2021-08-04 04:45:00,1.187211246582078,1.1870807827873116,1.184888434425377,stop,30,-32.26092536917546,-4.44,-0.38716040636574695,1.8537,-30.40722536917546,-41.06476341941667,-1.1083868878512717,1.052892370822518,0.5925252399643445,bounce_resistance
EURUSD.a,15m,1,0.48,2021-08-04 10:30:00,1.1871386569813915,2021-08-04 11:00:00,1.1865508580459279,1.186567237356044,1.1878955252879115,stop,2,-28.214348902256603,-5.760000000000001,-0.7862068855803471,0.0,-28.214348902256603,-38.04729071451616,-1.0286642414604883,2.027681462090088,1.2098692238440794,bounce_support
EURUSD.a,15m,1,0.33,2021-08-04 11:15:00,1.1862117252872149,2021-08-04 11:15:00,1.185379425719508,1.1853970136503302,1.1874459726993396,stop,0,-27.465885734324623,-3.9600000000000004,-0.5804017171338783,0.0,-27.465885734324623,-37.037981733540946,-1.0215879214508794,1.4995800132260602,0.0,bounce_support
EURUSD.a,15m,-1,0.3,2021-08-04 20:30:00,1.18410550339536,2021-08-05 14:15:00,1.1851401971461069,1.1850031852002454,1.1823536295995094,stop,71,-31.04081252240487,-3.6000000000000005,-0.5103583758440114,0.501,-30.53981252240487,-41.19486412950006,-1.1340251581425658,1.5534419847331675,1.4431654828133091,bounce_resistance
EURUSD.a,15m,-1,0.37,2021-08-05 22:45:00,1.1835506135276495,2021-08-06 03:15:00,1.1830341463414633,1.184285549503731,1.1829141463414634,target,18,19.10928588888727,-4.44,-0.0,0.6179,19.72718588888727,26.686127306639705,0.7254607252033443,0.17605135217418827,1.075758369953169,bounce_resistance
EURUSD.a,15m,-1,0.82,2021-08-06 06:45:00,1.1824648716058137,2021-08-06 09:45:00,1.1829254247346779,1.1827968123185235,1.181838292682927,stop,12,-37.76535656686208,-9.840000000000002,-0.706218124664264,0.0,-37.76535656686208,-51.07636912436208,-1.3874559860537405,1.4313652287713319,1.4908433550492712,bounce_resistance
EURUSD.a,15m,-1,0.62,2021-08-06 10:00:00,1.1828036399328568,2021-08-06 10:15:00,1.182069677785596,1.1832401611072019,1.181949677785596,target,1,45.50565313017252,-7.440000000000001,-0.0,0.0,45.50565313017252,61.55235104852228,1.6813895645771608,0.4269210249028934,2.0700941580038426,bounce_resistance
EURUSD.a,15m,-1,0.48,2021-08-06 10:45:00,1.1827318130949294,2021-08-06 11:15:00,1.181751530529402,1.1832942347352988,1.181631530529402,target,2,47.05356314531528,-5.760000000000001,-0.0,0.0,47.05356314531528,63.647823754619736,1.7429673667667662,0.405722128545322,2.9191854955134184,bounce_resistance
EURUSD.a,15m,-1,0.38,2021-08-06 20:15:00,1.1760383303485848,2021-08-09 02:00:00,1.1747731678066304,1.1767484160966848,1.1746531678066305,target,23,48.07617659426766,-4.5600000000000005,-0.0,0.6345999999999999,48.71077659426766,66.40869338005133,1.8052221796937036,0.5797463933288325,2.2790632721684396,bounce_resistance
EURUSD.a,15m,-1,0.59,2021-08-09 05:30:00,1.1757517408594622,2021-08-09 07:45:00,1.1763439894585472,1.1762144752336414,1.1748210495327174,stop,9,-34.94266734601625,-7.080000000000001,-0.5613392694477235,0.0,-34.94266734601625,-47.50937109412263,-1.2798889214477398,1.3360994450312071,0.0685941249089533,bounce_resistance
EURUSD.a,15m,-1,0.46,2021-08-09 21:00:00,1.1743399723333687,2021-08-09 22:00:00,1.1739423456790123,1.1749329642529256,1.1738223456790124,target,4,18.290826100393787,-5.5200000000000005,-0.0,0.0,18.290826100393787,24.955420771678153,0.670543124185452,0.8769557383174739,0.9105896987134215,bounce_resistance
EURUSD.a,15m,-1,0.88,2021-08-10 03:00:00,1.1736050746486717,2021-08-10 03:00:00,1.1733410031347962,1.1739181699495773,1.1732210031347963,target,0,23.238293221046646,-10.560000000000002,-0.0,0.0,23.238293221046646,31.689589970199023,0.8434221564862544,0.17542694243368626,1.2298959695592708,bounce_resistance
EURUSD.a,15m,-1,1.13,2021-08-10 03:45:00,1.1736251246367098,2021-08-10 04:00:00,1.1739962243758912,1.1738689194055942,1.173239012345679,stop,1,-41.934270527507195,-13.56,-0.8254616435777167,0.0,-41.934270527507195,-57.30604368578113,-1.5221808937062502,1.0454505010771977,0.02102028986553367,bounce_resistance
EURUSD.a,15m,-1,1.0,2021-08-10 08:15:00,1.1737955366975907,2021-08-10 08:30:00,1.174195606939776,1.1740686830542775,1.173262633891445,stop,1,-40.00702421853575,-12.000000000000002,-0.6923885498673731,0.0,-40.00702421853575,-54.58356534352377,-1.4646735436569804,1.4075358978710228,0.20332212468212885,bounce_resistance
EURUSD.a,15m,-1,0.55,2021-08-10 11:45:00,1.1738608075728525,2021-08-10 12:00:00,1.1730285513870196,1.1743507243064901,1.1729085513870197,target,1,45.77409022081147,-6.600000000000001,-0.0,0.0,45.77409022081147,62.43311949590337,1.6987706863030314,0.039174875708035274,2.5939256318450923,bounce_resistance
EURUSD.a,15m,-1,0.32,2021-08-10 18:30:00,1.1721186241356447,2021-08-11 15:30:00,1.173117064250113,1.1729787169112105,1.1704025661775792,stop,84,-31.950083662984245,-3.8400000000000007,-0.5871148448845368,1.6032,-30.346883662984244,-41.14720097486745,-1.1026021162013044,3.2919423866719297,1.7656515422370576,bounce_resistance
EURUSD.a,15m,1,0.35,2021-08-11 21:30:00,1.1743705653864243,2021-08-12 05:00:00,1.1735879449805757,1.1735968240201227,1.1755563519597547,stop,30,-27.39171420469866,-4.2,-0.31076638414547686,-2.485,-29.876714204698658,-40.564701847470076,-1.1032373904587163,1.1251374481701626,0.12851143535330348,bounce_support
EURUSD.a,15m,1,0.52,2021-08-12 10:30:00,1.1735672023455566,2021-08-12 10:45:00,1.174195031045776,1.173047484477112,1.174195031045776,target,1,32.6470924114135,-6.240000000000001,-0.0,0.0,32.6470924114135,44.30749618149845,1.208018308276397,0.4371647760283191,1.4292324731231554,bounce_support
EURUSD.a,15m,-1,0.5,2021-08-12 20:45:00,1.1741003102346812,2021-08-12 21:45:00,1.1731845540387231,1.1746477229806385,1.1730645540387232,target,4,45.78780979790365,-6.000000000000001,-0.0,0.0,45.78780979790365,62.44672176248059,1.6728806603811943,0.14557528283242302,2.0282871432589924,bounce_resistance
EURUSD.a,15m,1,0.69,2021-08-13 07:45:00,1.174004147735025,2021-08-13 08:45:00,1.1735977222134248,1.1736040773959027,1.1741929411764704,stop,4,-28.043360990405827,-8.280000000000001,-0.4385075909764421,0.0,-28.043360990405827,-38.22444079657306,-1.0158851628235352,1.0101916975690735,0.0,bounce_support
EURUSD.a,15m,1,0.41,2021-08-13 22:45:00,1.1796976747230217,2021-08-16 06:30:00,1.179030737901215,1.1790392921025448,1.1806314157949105,stop,31,-27.344409694071814,-4.920000000000001,-0.35072225451634353,-2.911,-30.255409694071815,-41.22832962331786,-1.1208327784717325,1.07486847467067,0.6110812534614403,bounce_support
EURUSD.a,15m,-1,0.36,2021-08-16 17:45:00,1.178658207807484,2021-08-17 03:45:00,1.1773573842625127,1.1794013078687435,1.1772373842625128,target,40,46.82964761897068,-4.32,-0.0,0.6012,47.43084761897068,64.74317174306672,1.7730096034959426,0.5272401563953742,1.9219589419270202,bounce_resistance
EURUSD.a,15m,-1,0.5,2021-08-17 10:30:00,1.1771413110581586,2021-08-17 11:00:00,1.1778169293421357,1.177682056144397,1.1760858877112057,stop,2,-33.78091419885543,-6.000000000000001,-0.7436598869324204,0.0,-33.78091419885543,-46.298056848384725,-1.2494210325180082,2.0872846939632046,0.557214602271152,bounce_resistance
EURUSD.a,15m,-1,0.3,2021-08-17 20:15:00,1.171567272615273,2021-08-18 10:15:00,1.1725980937319678,1.172464900179885,1.16990019964023,stop,56,-30.924633500841736,-3.6000000000000005,-0.3958065624860825,1.5030000000000001,-29.421633500841736,-40.540184502496395,-1.0925701876352953,1.5404243800429687,1.5343475062158338,bounce_resistance
EURUSD.a,15m,-1,0.32,2021-08-18 17:00:00,1.1718380514292355,2021-08-18 17:30:00,1.170864345991561,1.1726763536666154,1.1707443459915612,target,2,31.158574005580423,-3.8400000000000007,-0.0,0.0,31.158574005580423,43.05335489634171,1.1615207430647938,0.10968427216874324,1.4291402024406499,bounce_resistance
EURUSD.a,15m,-1,0.54,2021-08-19 02:15:00,1.171371022687748,2021-08-19 02:45:00,1.1705300442098783,1.171864977895061,1.1704100442098784,target,2,45.41283780496874,-6.480000000000001,-0.0,0.0,45.41283780496874,62.80558978379512,1.7025399579138392,0.11939809800314424,2.228992976382851,bounce_resistance
EURUSD.a,15m,-1,0.57,2021-08-19 08:00:00,1.1676708574853596,2021-08-19 10:00:00,1.168279034054214,1.1681424713534787,1.1667550572930427,stop,8,-34.666064424698995,-6.84,-0.9440739419119524,0.0,-34.666064424698995,-48.34202262543438,-1.2895646416842925,1.2704090255653886,1.6557135787245147,bounce_resistance
EURUSD.a,15m,1,0.29,2021-08-19 16:30:00,1.1695825299509357,2021-08-19 17:45:00,1.1686633450088952,1.1686845927909004,1.1711608144181993,stop,5,-26.656363319173423,-3.48,-0.6161856781529524,0.0,-26.656363319173423,-37.246204056524455,-1.023662883051137,1.5619466632616053,0.6096975082785109,bounce_support
EURUSD.a,15m,-1,0.46,2021-08-19 23:30:00,1.1677014245300232,2021-08-20 03:45:00,1.1684003373859047,1.1682726505300516,1.166584698939897,stop,17,-32.149991370545195,-5.5200000000000005,-0.35359536924392204,0.7682,-31.381791370545194,-43.867916421635236,-1.1942958756211433,1.170421986995508,0.5451861960202329,bounce_resistance
EURUSD.a,15m,1,0.35,2021-08-20 11:00:00,1.1680786256399633,2021-08-20 11:30:00,1.167323085518253,1.1673370809250425,1.169145838149915,stop,2,-26.443904259860762,-4.2,-0.4898392376333282,0.0,-26.443904259860762,-37.143966766199995,-1.018873314727857,1.346682971194888,0.5277825492672303,bounce_support
EURUSD.a,15m,-1,0.43,2021-08-20 13:45:00,1.1682900767461049,2021-08-20 14:30:00,1.1672395331564194,1.16889023342179,1.1671195331564195,target,3,45.173374356475726,-5.160000000000001,-0.0,0.0,45.173374356475726,63.374543148815555,1.7504488948423174,0.09984601741990971,2.2328781806431586,bounce_resistance
EURUSD.a,15m,-1,0.37,2021-08-20 17:45:00,1.168176543322842,2021-08-20 18:45:00,1.1690146047425665,1.1688740705579959,1.166851858884008,stop,4,-31.008272529807755,-4.44,-0.759764829118638,0.0,-31.008272529807755,-43.47157231152075,-1.2014748349426012,1.266555100121788,0.9555803547868547,bounce_resistance
EURUSD.a,15m,1,0.18,2021-08-23 00:15:00,1.169998520132666,2021-08-23 00:45:00,1.1693154285714285,1.1686066233240222,1.1693154285714285,target,2,-12.295648102274457,-7.380000000000001,-0.0,0.0,-12.295648102274457,-17.27086666143365,-0.49076307740304853,0.6599053370637765,0.0,bounce_support
EURUSD.a,15m,1,0.48,2021-08-23 08:45:00,1.1721771092755553,2021-08-23 09:00:00,1.171627107865585,1.1716381672136802,1.1728736655726397,stop,1,-26.400067678569172,-5.760000000000001,-0.5308487085652919,0.0,-26.400067678569172,-36.87005806819431,-1.0205204768330944,1.3305869522604388,0.02391857187750348,bounce_support
EURUSD.a,15m,1,0.4,2021-08-23 23:45:00,1.1746377105279369,2021-08-24 03:45:00,1.1739729471286806,1.173981548495702,1.175566903008596,stop,16,-26.590535970250073,-4.800000000000001,-0.3440546808513081,-2.8400000000000003,-29.430535970250073,-40.86893291430605,-1.121313582790167,1.2004817243902128,0.3082919494354559,bounce_support
EURUSD.a,15m,1,0.24,2021-08-24 18:45:00,1.1747942564334375,2021-08-25 04:45:00,1.173691854501416,1.173702345891822,1.176575308216356,stop,40,-26.45764636851311,-2.8800000000000003,-0.251793369743779,-5.112,-31.569646368513112,-43.5629667423493,-1.2046792130748636,1.1761553575052799,1.0126686430983607,bounce_support
EURUSD.a,15m,-1,0.44,2021-08-25 11:15:00,1.1745393026290045,2021-08-25 11:15:00,1.1752702028315096,1.1751341567750164,1.173381686449967,stop,0,-32.15960891022451,-5.280000000000001,-0.7060264857016211,0.0,-32.15960891022451,-44.312241006165365,-1.2287048975035262,1.917608507300731,0.0,bounce_resistance
EURUSD.a,15m,1,0.29,2021-08-25 22:30:00,1.1768008086705304,2021-08-26 09:45:00,1.1758980446886877,1.1759078732062562,1.1781942535874879,stop,45,-26.180155473436436,-3.48,-0.2850270094845062,-2.059,-28.239155473436437,-38.94572463202697,-1.090519999263531,1.2887926581186475,0.7382295315209638,bounce_support
EURUSD.a,15m,-1,0.39,2021-08-26 23:00:00,1.1754804226119995,2021-08-27 03:00:00,1.1751929225352113,1.1761316029436146,1.1750729225352115,target,16,11.212502994736973,-4.680000000000001,-0.0,0.6513,11.863802994736972,16.414581596570056,0.46715181957907986,0.4293394232393221,0.660988348545403,bounce_resistance
EURUSD.a,15m,-1,0.67,2021-08-27 05:30:00,1.1755833553800712,2021-08-27 06:45:00,1.1760969303089646,1.1759673812440274,1.1748052375119453,stop,5,-34.409520235855645,-8.040000000000001,-0.6397873507962901,0.0,-34.409520235855645,-47.53549703103547,-1.3373446350787372,1.0068192177098128,0.9461742402659032,bounce_resistance
EURUSD.a,15m,1,0.25,2021-08-27 22:00:00,1.1795736869449192,2021-08-30 03:45:00,1.1805668518518517,1.1785538039274233,1.1805668518518517,target,23,24.829122673314387,-3.0000000000000004,-0.0,-1.7750000000000001,23.05412267331439,31.525712002672556,0.9041869421424004,0.7978238003383559,0.9768895432017098,bounce_support
EURUSD.a,15m,1,0.3,2021-08-30 12:30:00,1.1798504177156741,2021-08-30 15:45:00,1.1789853914879376,1.1790016337983873,1.1811567324032257,stop,13,-25.950786832096284,-3.6000000000000005,-0.48726931349259384,0.0,-25.950786832096284,-35.57924104320969,-1.0191359780963338,1.732381688350544,0.506115014171169,bounce_support
EURUSD.a,15m,-1,0.3,2021-08-30 18:15:00,1.1800881014932114,2021-08-31 06:00:00,1.1810681182642837,1.180939245774001,1.178421508451998,stop,47,-29.400503132168687,-3.6000000000000005,-0.26617470848910335,0.501,-28.899503132168686,-39.549894119648954,-1.1317902179625428,1.11837502556646,1.1374117350744748,bounce_resistance
EURUSD.a,15m,1,0.39,2021-08-31 10:45:00,1.1826478051816776,2021-08-31 13:45:00,1.1835862887960478,1.1819868556019761,1.1835862887960478,target,12,36.60086096043825,-4.680000000000001,-0.0,0.0,36.60086096043825,49.96090713828779,1.4199019761751965,0.9952426053052669,1.6070738993469398,bounce_support
EURUSD.a,15m,1,0.27,2021-08-31 16:30:00,1.182343899815175,2021-08-31 17:45:00,1.181361512008112,1.181388161549995,1.18388367690001,stop,5,-26.524470790699528,-3.2400000000000007,-0.7195376308399868,0.0,-26.524470790699528,-36.30157361147923,-1.027883723874979,2.504765062142044,0.9899155650599497,bounce_support
EURUSD.a,15m,-1,0.32,2021-08-31 21:00:00,1.1808273549119568,2021-09-01 11:30:00,1.1817614854462064,1.1816246450122798,1.1793007099754402,stop,58,-29.892177095987904,-3.8400000000000007,-0.5388938856515656,1.6032,-28.288977095987903,-38.505168367163805,-1.1087940686726752,1.0443439442002238,1.8404278585201288,bounce_resistance
EURUSD.a,15m,1,0.26,2021-09-01 19:30:00,1.1856922066445572,2021-09-01 20:00:00,1.1847035631748795,1.184721334523835,1.1872373309523299,stop,2,-25.704730211621566,-3.1200000000000006,-0.4620550728443381,0.0,-25.704730211621566,-34.85670727329894,-1.01830452082846,1.2176749330054186,0.0,bounce_support
EURUSD.a,15m,1,0.27,2021-09-01 20:15:00,1.185151301311258,2021-09-01 21:00:00,1.1841829562359591,1.184199039024316,1.186571921951368,stop,3,-26.145317033069215,-3.2400000000000007,-0.4342352856368823,0.0,-26.145317033069215,-35.454161739354,-1.0168890321263264,1.114505242737347,0.0,bounce_support
EURUSD.a,15m,1,0.33,2021-09-01 22:15:00,1.1844394255740878,2021-09-02 07:15:00,1.1836529831617744,1.183660344545448,1.1856093109091037,stop,36,-25.952599606342336,-3.9600000000000004,-0.24292566123430087,-2.3430000000000004,-28.295599606342336,-38.4054503587903,-1.1005818147190267,1.00044224597379,0.21894311328567476,bounce_support
EURUSD.a,15m,1,0.51,2021-09-03 01:15:00,1.187555851037495,2021-09-03 03:30:00,1.1880489130434784,1.187054792810788,1.1880489130434784,target,9,25.14616230514899,-6.120000000000001,-0.0,0.0,25.14616230514899,33.96156598888347,0.9840413343248886,0.49066360832089073,1.4452391436899024,bounce_support
EURUSD.a,15m,1,0.36,2021-09-03 23:00:00,1.18814061353022,2021-09-06 05:30:00,1.1874191063531931,1.1874285754789973,1.1892328490420052,stop,26,-25.97425837296452,-4.32,-0.3408885289456177,-2.556,-28.53025837296452,-38.36826527113668,-1.1130123954273974,1.194618080816557,0.701348009312804,bounce_support
EURUSD.a,15m,-1,0.4,2021-09-06 13:30:00,1.1863713530798885,2021-09-06 16:00:00,1.1871350830526821,1.1870025639909978,1.1851348720180044,stop,10,-30.54919891174457,-4.800000000000001,-0.5007624673764663,0.0,-30.54919891174457,-41.0651668348002,-1.2099441871995407,1.0593082412604538,0.5724759720224897,bounce_resistance
EURUSD.a,15m,-1,0.55,2021-09-06 17:30:00,1.186691878039974,2021-09-07 01:15:00,1.1872781957778429,1.1871524988965065,1.185765002206987,stop,31,-32.247475582788404,-6.600000000000001,-0.3133284735001409,0.9185,-31.328975582788402,-42.12978979168189,-1.2366303648446435,1.0814142541780078,1.9796716258972493,bounce_resistance
EURUSD.a,15m,1,0.84,2021-09-07 02:30:00,1.1872931370701965,2021-09-07 03:00:00,1.1875257870468001,1.1869921064766,1.1875257870468001,target,2,19.54259803470748,-10.080000000000002,-0.0,0.0,19.54259803470748,26.22956276636443,0.7728449584614572,0.6748054002405186,1.3183474977148009,bounce_support
EURUSD.a,15m,1,0.49,2021-09-07 09:00:00,1.1873056405012494,2021-09-07 09:15:00,1.186783071756431,1.1867921067403142,1.1878057865193716,stop,1,-25.6058684961058,-5.880000000000001,-0.44271421028379665,0.0,-25.6058684961058,-34.48787610929316,-1.017593748591753,1.2572503511231274,0.20321837956787397,bounce_support
EURUSD.a,15m,-1,0.29,2021-09-07 19:45:00,1.1848460937361678,2021-09-08 09:15:00,1.1832703533896907,1.1856998233051546,1.1831503533896908,target,54,45.69647004783639,-3.48,-0.0,1.4528999999999999,47.14937004783639,63.97993058842835,1.9043973707115547,0.5785277701209979,2.15067370613274,bounce_resistance
EURUSD.a,15m,-1,0.38,2021-09-08 14:30:00,1.1820493058250603,2021-09-08 15:00:00,1.18284542648778,1.1827091322360082,1.1813608510638296,stop,2,-30.252585183345282,-4.5600000000000005,-0.6191815673274453,0.0,-30.252585183345282,-40.997106980899396,-1.2065607703940804,1.1074036486202257,0.30205796820699593,bounce_resistance
EURUSD.a,15m,-1,0.74,2021-09-09 02:45:00,1.1818648378841374,2021-09-09 05:00:00,1.182334192568123,1.182205428779,1.1811991424419999,stop,9,-34.732246614932016,-8.88,-0.6485203951129647,0.0,-34.732246614932016,-47.19888922626553,-1.3780599865269736,1.5419147246272573,1.8932916113263343,bounce_resistance
EURUSD.a,15m,1,0.43,2021-09-09 13:45:00,1.183438986931569,2021-09-09 14:00:00,1.1828434400190704,1.1828568575308986,1.1842762849382027,stop,1,-25.608517237436512,-5.160000000000001,-0.5769530086161937,0.0,-25.608517237436512,-34.686257754319456,-1.0230490193637585,1.0633150135626581,0.0,bounce_support
EURUSD.a,15m,1,0.29,2021-09-09 15:30:00,1.1832930591859798,2021-09-09 15:30:00,1.182423593514416,1.182443182293386,1.1845936354132278,stop,0,-25.21450447534912,-3.48,-0.5680745901288703,0.0,-25.21450447534912,-34.16229199456579,-1.0230489605503115,1.9215243998409461,0.23172863709597058,bounce_support
EURUSD.a,15m,1,0.17,2021-09-09 17:30:00,1.1813576482385921,2021-09-09 20:00:00,1.1837588584990997,1.1799655707504502,1.1837588584990997,target,10,40.8205744286283,-2.0400000000000005,-0.0,0.0,40.8205744286283,55.359689746841205,1.7249113508131622,0.6017252959891929,1.8837685285091534,bounce_support
EURUSD.a,15m,-1,0.72,2021-09-10 02:45:00,1.1824448066402247,2021-09-10 02:45:00,1.1825189999999999,1.18279100721371,1.182399,target,0,-5.341921903815106,-8.64,-0.0,0.0,-5.341921903815106,-7.2502638524072065,-0.2143074433074356,0.0438860040653406,0.38938884146708347,bounce_resistance
EURUSD.a,15m,-1,0.78,2021-09-10 03:15:00,1.1826546536846836,2021-09-10 03:30:00,1.1824936708860758,1.1829730744531817,1.182373670886076,target,1,12.556658291405842,-9.360000000000001,-0.0,0.0,12.556658291405842,17.040071505117236,0.5055662649364394,0.330839963151083,1.0823844383934682,bounce_resistance
EURUSD.a,15m,-1,0.63,2021-09-10 05:15:00,1.1824240425312638,2021-09-10 05:30:00,1.1829533863811825,1.1828245313354426,1.1820309090909091,stop,1,-33.348662544882,-7.560000000000001,-0.5578678816178925,0.0,-33.348662544882,-45.15362671263269,-1.3217444392836155,1.1135329229756703,0.03506348022036322,bounce_resistance
EURUSD.a,15m,-1,0.39,2021-09-10 22:00:00,1.181540651605155,2021-09-10 22:00:00,1.1815735106382976,1.1821701915023297,1.1814535106382977,target,0,-1.2815022925634079,-4.680000000000001,-0.0,0.0,-1.2815022925634079,-1.743303349970627,-0.052195314848379026,0.23723420154175684,0.22341968441744992,bounce_resistance
EURUSD.a,15m,-1,0.36,2021-09-10 22:15:00,1.1814710479190724,2021-09-10 22:15:00,1.181563829787234,1.1821462518590455,1.181443829787234,target,0,-3.34014725381504,-4.32,-0.0,0.0,-3.34014725381504,-4.543799828343137,-0.1374131024253555,0.05768935668412361,0.2237071055576408,bounce_resistance
EURUSD.a,15m,-1,0.47,2021-09-13 00:15:00,1.181383083032712,2021-09-13 04:00:00,1.1804793265997526,1.1819053367001235,1.1803593265997527,target,15,42.47655234908509,-5.640000000000001,-0.0,0.0,42.47655234908509,57.73074785474413,1.730493224563405,0.16642672462005076,2.1313072596091467,bounce_resistance
EURUSD.a,15m,-1,0.62,2021-09-13 06:00:00,1.180494138278261,2021-09-13 06:00:00,1.1804290000000002,1.1808980869860841,1.1803090000000003,target,0,4.038573252171052,-7.440000000000001,-0.0,0.0,4.038573252171052,5.49062355843469,0.16125383495308981,0.2620672369756708,0.5053569285096509,bounce_resistance
EURUSD.a,15m,-1,0.66,2021-09-13 06:15:00,1.1805142998298137,2021-09-13 07:30:00,1.180426125,1.1808909635486597,1.1803061250000002,target,5,5.819538767697807,-7.920000000000001,-0.0,0.0,5.819538767697807,7.922266829613939,0.23409430057065006,0.43991539905645993,1.1530174213333524,bounce_resistance
EURUSD.a,15m,-1,0.47,2021-09-13 13:15:00,1.1791710137498779,2021-09-13 13:30:00,1.1782300051564305,1.1796999974217848,1.1781100051564306,target,1,44.22740389202628,-5.640000000000001,-0.0,0.0,44.22740389202628,60.172519954866296,1.7788991294479497,0.016987764649953767,2.270417431881115,bounce_resistance
EURUSD.a,15m,-1,0.33,2021-09-13 17:00:00,1.1800186456512576,2021-09-13 17:45:00,1.1809280217344211,1.1807885501031237,1.1784528997937527,stop,3,-30.00941074439712,-3.9600000000000004,-0.6425638328160171,0.0,-30.00941074439712,-40.70618098314902,-1.1811544678815804,1.391541958415298,1.0243422405807205,bounce_resistance
EURUSD.a,15m,1,0.33,2021-09-13 21:45:00,1.1804683936055158,2021-09-14 05:15:00,1.1816106252667364,1.1797046873666317,1.1816106252667364,target,30,37.6936448202807,-3.9600000000000004,-0.0,-2.3430000000000004,35.3506448202807,47.96494595769487,1.4026750164904485,0.3252475793293278,1.5341060931963955,bounce_support
EURUSD.a,15m,1,0.37,2021-09-14 13:30:00,1.1807296102819649,2021-09-14 14:00:00,1.1800409757256793,1.180055444126078,1.1817191117478438,stop,2,-25.47947858256494,-4.44,-0.53533081474702,0.0,-25.47947858256494,-34.760069552345726,-1.0214611787796062,1.0674079018668678,0.3417402609480487,bounce_support
EURUSD.a,15m,1,0.24,2021-09-14 20:00:00,1.182332354227816,2021-09-14 21:30:00,1.1812652404761168,1.1812820646560551,1.1840658706878897,stop,6,-25.610730040778407,-2.8800000000000003,-0.4037803185205829,0.0,-25.610730040778407,-34.99355082293086,-1.0160186108580584,1.2304742068886905,0.2643516413464574,bounce_support
EURUSD.a,15m,-1,0.56,2021-09-15 04:00:00,1.180543594728102,2021-09-15 04:30:00,1.1811203755010689,1.1809905528662417,1.1796688942675166,stop,2,-32.299723286143944,-6.7200000000000015,-0.5500675503291219,0.0,-32.299723286143944,-44.19594609710048,-1.2904581520039935,1.4686057057381956,0.11990995023612411,bounce_resistance
EURUSD.a,15m,1,0.22,2021-09-15 19:30:00,1.181143541437436,2021-09-16 09:45:00,1.1800259412805354,1.180037711648965,1.1829545767020695,stop,57,-24.58720345181442,-2.6400000000000006,-0.2589481054527171,-1.562,-26.149203451814422,-35.76693127043417,-1.0748491036257444,1.8389280688918201,0.8377949049870749,bounce_support
EURUSD.a,15m,-1,0.27,2021-09-16 17:15:00,1.1758482602008618,2021-09-16 17:45:00,1.1768674572409015,1.1767288463272203,1.1740923073455596,stop,2,-27.51832008107247,-3.2400000000000007,-0.5024946693940867,0.0,-27.51832008107247,-37.811836268426106,-1.157407560183081,1.1262269180181792,0.5204036120314981,bounce_resistance
EURUSD.a,15m,-1,0.28,2021-09-16 19:00:00,1.176308009159411,2021-09-17 07:15:00,1.1773096867004813,1.1771805420274053,1.1746289159451897,stop,49,-28.046971149970904,-3.3600000000000008,-0.2560508461307006,0.4676,-27.579371149970903,-37.76857816818343,-1.1288715614054479,1.1483703105561587,1.1094242921025415,bounce_resistance
EURUSD.a,15m,1,0.26,2021-09-17 14:30:00,1.1778811715779531,2021-09-17 16:00:00,1.176956583562053,1.1769749293445573,1.1792701413108855,stop,6,-24.039288413403085,-3.1200000000000006,-0.47699034510844823,0.0,-24.039288413403085,-32.972085934881065,-1.0202437955639232,1.4578569937117214,1.1131995231193206,bounce_support
EURUSD.a,15m,-1,0.38,2021-09-17 22:00:00,1.172910271681941,2021-09-17 23:30:00,1.1726361133603238,1.1735349712740646,1.172516113360324,target,6,10.418016221455773,-4.5600000000000005,-0.0,0.0,10.418016221455773,14.341390390616814,0.43886425583426225,0.49580361819353147,0.6727580540150729,bounce_resistance
EURUSD.a,15m,-1,0.45,2021-09-20 02:15:00,1.1727134176301375,2021-09-20 05:00:00,1.1718509487833957,1.173244525608302,1.1717309487833958,target,11,38.81109810338068,-5.4,-0.0,0.0,38.81109810338068,53.66949886383279,1.6239048973101866,0.4831077302761473,2.1152339567937695,bounce_resistance
EURUSD.a,15m,-1,0.33,2021-09-20 16:45:00,1.171669450767452,2021-09-20 17:30:00,1.1725282378931439,1.172390892741591,1.170318214516818,stop,3,-28.339975147828156,-3.9600000000000004,-0.5723900012515936,0.0,-28.339975147828156,-39.0696818834914,-1.1903758811883614,1.262124003298776,0.5259615895028997,bounce_resistance
EURUSD.a,15m,1,0.45,2021-09-21 08:45:00,1.1735858331536448,2021-09-21 09:00:00,1.1730365727269727,1.1730460046195497,1.174257990760901,stop,1,-24.716719200246207,-5.4,-0.42443516596252595,0.0,-24.716719200246207,-33.993562371401744,-1.0174720156146804,1.0852208000207546,0.04476763421871922,bounce_support
EURUSD.a,15m,1,0.41,2021-09-21 10:45:00,1.1724195305805956,2021-09-21 11:30:00,1.1731974522938076,1.1718362738530963,1.1731974522938076,target,3,31.894790241692167,-4.920000000000001,-0.0,0.0,31.894790241692167,43.82537098491579,1.3337552342471553,0.9936114806259173,1.6638803697392517,bounce_support
EURUSD.a,15m,1,0.24,2021-09-21 17:30:00,1.1724935929906921,2021-09-22 17:00:00,1.174017793363813,1.1714861033180937,1.174017793363813,target,94,36.580808954900235,-2.8800000000000003,-0.0,-5.112,31.468808954900233,43.361593092334935,1.3014529168711808,0.996132286005268,1.5349110282386031,bounce_support
EURUSD.a,15m,-1,0.42,2021-09-23 04:45:00,1.1692003943069538,2021-09-23 05:30:00,1.1699025416129236,1.1697681816779988,1.1684926050420168,stop,3,-29.490186850733565,-5.040000000000001,-0.6031172668452421,0.0,-29.490186850733565,-40.8264738426115,-1.2366377657846503,1.1088758312594422,0.44100013442177644,bounce_resistance
EURUSD.a,15m,1,0.24,2021-09-23 13:00:00,1.1723333472114683,2021-09-23 13:15:00,1.1713102272644675,1.1713302108804415,1.1739095782391171,stop,1,-24.554878728018537,-2.8800000000000003,-0.47960678337531537,0.0,-24.554878728018537,-33.763549113134964,-1.0199211366948904,1.2195223855724973,0.2558503571184656,bounce_support
EURUSD.a,15m,1,0.27,2021-09-23 14:30:00,1.1712935776581506,2021-09-23 15:30:00,1.1725838168746228,1.1704180915626887,1.1725838168746228,target,4,34.8364588447494,-3.2400000000000007,-0.0,0.0,34.8364588447494,47.74864832472025,1.4737403862383052,0.17541987125389835,2.2346698045698563,bounce_support
EURUSD.a,15m,1,0.38,2021-09-24 00:30:00,1.173967856563232,2021-09-24 03:45:00,1.1747227882575886,1.1733386058712056,1.1747227882575886,target,13,28.687404385546067,-4.5600000000000005,-0.0,0.0,28.687404385546067,39.24298156759879,1.199731210346811,0.8547572057489489,1.2588678038904892,bounce_support
EURUSD.a,15m,1,0.57,2021-09-24 07:15:00,1.1742352037998487,2021-09-24 07:45:00,1.173800211804681,1.173808275392751,1.1746834492144977,stop,2,-24.794543724553805,-6.84,-0.4596245199838615,0.0,-24.794543724553805,-33.985147038055025,-1.0188874479558436,1.5112693114870608,0.0,bounce_support
EURUSD.a,15m,-1,0.45,2021-09-24 13:30:00,1.173681118290781,2021-09-24 13:30:00,1.173265,1.1742227049179195,1.173145,target,0,18.72532308514141,-5.4,-0.0,0.0,18.72532308514141,25.77328582754069,0.7683319157628884,0.03486369173996009,1.5715275232657369,bounce_resistance
EURUSD.a,15m,-1,0.26,2021-09-24 19:00:00,1.171357611160074,2021-09-24 19:15:00,1.1724112414040095,1.1722723569483984,1.1695652861032033,stop,1,-27.39438634232183,-3.1200000000000006,-0.49099584589289363,0.0,-27.39438634232183,-37.736953070298554,-1.1518284723295489,1.2925873559820726,0.08484451206510817,bounce_resistance
EURUSD.a,15m,-1,0.41,2021-09-27 04:30:00,1.1723118566824975,2021-09-27 09:45:00,1.1712747352329247,1.1729026323835376,1.1711547352329248,target,21,42.5219794324847,-4.920000000000001,-0.0,0.0,42.5219794324847,58.46070643489427,1.7555248933677772,0.3353951713883775,2.1020781327176103,bounce_resistance
EURUSD.a,15m,-1,0.27,2021-09-27 19:45:00,1.1705578413122566,2021-09-28 03:45:00,1.1689168248642354,1.1714415875678823,1.1687968248642355,target,32,44.307444096571615,-3.2400000000000007,-0.0,0.4509,44.75834409657161,61.55226373366468,1.8757832776869672,0.31927568116679933,2.20407305813994,bounce_resistance
EURUSD.a,15m,-1,0.81,2021-09-28 07:15:00,1.1691947516749988,2021-09-28 07:30:00,1.1696272858477408,1.1694993542522034,1.1686012914955932,stop,1,-35.03526799210422,-9.72,-0.6424592385324405,0.0,-35.03526799210422,-47.94360390840251,-1.419995118594847,1.5930539047122465,0.0,bounce_resistance
EURUSD.a,15m,-1,0.29,2021-09-28 22:45:00,1.1679475656026475,2021-09-28 23:00:00,1.1689233648091584,1.1687846954699885,1.1675813603818617,stop,1,-28.29817698881665,-3.48,-0.5414108359251489,0.0,-28.29817698881665,-39.08803937899421,-1.1656485386315094,1.161629079656643,0.06876543878454595,bounce_resistance
EURUSD.a,15m,-1,0.26,2021-09-29 23:15:00,1.1593983460947292,2021-09-30 03:45:00,1.16044323282581,1.1603125948991948,1.1576048102016105,stop,18,-27.16705500810157,-3.1200000000000006,-0.2765860919980967,0.4342,-26.73285500810157,-37.17595156114196,-1.1246246383465368,1.0518514222536666,0.16226009156892013,bounce_resistance
EURUSD.a,15m,-1,0.23,2021-09-30 21:45:00,1.1574726960833328,2021-09-30 22:00:00,1.1586386427065352,1.1584929979654632,1.1554240040690735,stop,1,-26.816772333654093,-2.7600000000000002,-0.5898290446565362,0.0,-26.816772333654093,-37.10893563087814,-1.1427467141076082,1.3695004793577756,0.012443457720929618,bounce_resistance
EURUSD.a,15m,-1,0.21,2021-09-30 22:15:00,1.1586731961126697,2021-10-01 04:00:00,1.156584408566213,1.1598027957168935,1.156464408566213,target,23,43.86453847559291,-2.5200000000000005,-0.0,0.35069999999999996,44.21523847559291,61.18655255883773,1.8639237643002287,0.12996099394981506,2.1009179746485724,bounce_resistance
EURUSD.a,15m,-1,0.46,2021-10-01 05:00:00,1.1575707858924922,2021-10-01 07:45:00,1.1582220372796894,1.1580907458987708,1.156588508202458,stop,11,-29.95756381107295,-5.5200000000000005,-0.5194035222608778,0.0,-29.95756381107295,-41.527556260930915,-1.2525028450904605,1.1524234561737416,0.8092658808585278,bounce_resistance
EURUSD.a,15m,1,0.31,2021-10-01 11:15:00,1.1578198092804217,2021-10-01 14:00:00,1.1589526998348796,1.1570586500825604,1.1589526998348796,target,11,35.11960718819385,-3.7200000000000006,-0.0,0.0,35.11960718819385,48.37544724123784,1.488375306560021,0.7091936640039953,1.5899311510372502,bounce_support
EURUSD.a,15m,1,0.32,2021-10-01 22:00:00,1.1598306344580431,2021-10-04 01:00:00,1.160097210884354,1.1590829522592134,1.160097210884354,target,12,8.53044564194505,-3.8400000000000007,-0.0,-2.2720000000000002,6.25844564194505,8.600191892299199,0.2615769462171304,0.9638245489474103,0.9888767488570028,bounce_support
EURUSD.a,15m,1,0.33,2021-10-04 06:00:00,1.1595977992439201,2021-10-04 06:30:00,1.158862984163833,1.1588742301247197,1.1606615397505606,stop,2,-24.248897642878077,-3.9600000000000004,-0.3711167092632243,0.0,-24.248897642878077,-33.39194651933802,-1.0155423450066234,1.0611277119849054,0.0,bounce_support
EURUSD.a,15m,1,0.25,2021-10-04 20:30:00,1.1619417821387072,2021-10-05 04:15:00,1.1609795013128053,1.1609902629805013,1.1634194740389971,stop,31,-24.057020647549887,-3.0000000000000004,-0.26904169240213727,-1.7750000000000001,-25.832020647549886,-35.55338184558939,-1.0859275054957938,1.4732043244934874,0.8914353998841852,bounce_support
EURUSD.a,15m,-1,0.58,2021-10-05 09:45:00,1.1597834112086103,2021-10-05 09:45:00,1.1603278810451325,1.1601979978580481,1.158974004283904,stop,0,-31.579250518289466,-6.96,-0.5732248509062563,0.0,-31.579250518289466,-43.50118538486578,-1.313283573555779,1.0048292484924428,0.17707084564784484,bounce_resistance
EURUSD.a,15m,-1,0.68,2021-10-05 10:00:00,1.1598729104079952,2021-10-05 10:00:00,1.1593426032139684,1.1602236983930159,1.1592226032139685,target,0,36.060889193822554,-8.160000000000002,-0.0,0.0,36.060889193822554,49.612559941972286,1.5117598568708106,0.04871772333893988,1.8897751242995107,bounce_resistance
EURUSD.a,15m,-1,0.53,2021-10-05 10:15:00,1.1597823882359957,2021-10-05 10:15:00,1.1603671699735165,1.16023575232751,1.1588984953449804,stop,0,-30.99343208860539,-6.360000000000001,-0.605135238350407,0.0,-30.99343208860539,-42.64075406012986,-1.2898721986727992,1.5608024041798754,0.02732513718569683,bounce_resistance
EURUSD.a,15m,-1,0.36,2021-10-05 11:45:00,1.1603010755618934,2021-10-05 13:45:00,1.159141441630493,1.1609542791847534,1.1590214416304931,target,8,41.746821530414195,-4.32,-0.0,0.0,41.746821530414195,57.44158610071163,1.775302357208567,0.05959005238836307,1.9612193151724473,bounce_resistance
EURUSD.a,15m,-1,0.25,2021-10-05 18:15:00,1.1604157996051512,2021-10-06 07:15:00,1.1586962896456503,1.161356855177175,1.1585762896456504,target,52,42.98774898752189,-3.0000000000000004,-0.0,1.2525,44.24024898752189,60.94537675647043,1.8804521349311476,0.9608363434948454,2.078304048447644,bounce_resistance
EURUSD.a,15m,-1,0.25,2021-10-06 17:30:00,1.1546056527447084,2021-10-06 20:45:00,1.1557212467353963,1.1555798871730414,1.152670225653917,stop,13,-27.889849767198662,-3.0000000000000004,-0.533989058875174,0.0,-27.889849767198662,-38.39250284565644,-1.1450980977923628,1.1540828599286863,1.4120346240096184,bounce_resistance
EURUSD.a,15m,1,0.46,2021-10-07 05:00:00,1.1557871077490678,2021-10-07 06:15:00,1.155253751029049,1.155263044280953,1.1564839114380938,stop,5,-24.534409120862577,-5.5200000000000005,-0.42748958758834715,0.0,-24.534409120862577,-33.680292567592254,-1.0177330656865866,1.0439723093767828,0.0,bounce_support
EURUSD.a,15m,-1,0.68,2021-10-07 09:15:00,1.1553940173937718,2021-10-07 09:30:00,1.155882111683023,1.155751121624348,1.1546977567513041,stop,1,-33.19041166907599,-8.160000000000002,-0.7473239899029094,0.0,-33.19041166907599,-45.48875016319828,-1.3668118365993105,3.853168034465557,0.09525900524047566,bounce_resistance
EURUSD.a,15m,1,0.35,2021-10-07 11:30:00,1.1565084713400478,2021-10-07 12:00:00,1.1558100659833943,1.1558230995788135,1.1574638008423728,stop,2,-24.444187482870472,-4.2,-0.45617583967049874,0.0,-24.444187482870472,-33.563349557696654,-1.0190168258401568,1.4714223682510927,0.0,bounce_support
EURUSD.a,15m,1,0.3,2021-10-07 16:00:00,1.1557205675187459,2021-10-07 16:15:00,1.1549075697392595,1.154924024497513,1.1569219510049737,stop,1,-24.389933384592055,-3.6000000000000005,-0.49364274760617205,0.0,-24.389933384592055,-33.428726832954666,-1.0206577144170392,1.2184746998896192,0.0,bounce_support
EURUSD.a,15m,-1,0.44,2021-10-08 00:45:00,1.1552924513080733,2021-10-08 02:45:00,1.1559602761111867,1.1558313923647816,1.1542372152704368,stop,8,-29.384291336986834,-5.280000000000001,-0.390884841829965,0.0,-29.384291336986834,-40.16112858019686,-1.239142564480552,1.3128498620018463,0.0,bounce_resistance
EURUSD.a,15m,-1,0.42,2021-10-08 11:45:00,1.1551412092825222,2021-10-08 12:00:00,1.1558358365976373,1.1557018780982935,1.1540462438034127,stop,1,-29.174347234836695,-5.040000000000001,-0.586256972440913,0.0,-29.174347234836695,-39.96869184008973,-1.2389262530314686,1.7457555868009456,0.10917190469717976,bounce_resistance
EURUSD.a,15m,1,0.37,2021-10-11 02:15:00,1.1569467945450431,2021-10-11 04:30:00,1.157834408808997,1.1563127955955015,1.157834408808997,target,9,32.84172776629002,-4.44,-0.0,0.0,32.84172776629002,44.83267502974584,1.4000248180150845,0.9255449799519445,1.5507998170464028,bounce_support
EURUSD.a,15m,1,0.38,2021-10-11 05:00:00,1.1575274534785391,2021-10-11 05:00:00,1.1575627716186252,1.1569039659867935,1.1575627716186252,target,0,1.3420893232702902,-4.5600000000000005,-0.0,0.0,1.3420893232702902,1.832679225014393,0.0566461084683101,0.39688603510908477,0.0842783891522727,bounce_support
EURUSD.a,15m,-1,0.6,2021-10-12 01:00:00,1.1553337880484726,2021-10-12 05:45:00,1.1558630884408474,1.1557337204668616,1.1545525590662769,stop,19,-31.758023542485248,-7.200000000000001,-0.5620784391545631,0.0,-31.758023542485248,-43.26529371072742,-1.3234745872987634,1.015701485675155,1.5597336444629797,bounce_resistance
EURUSD.a,15m,-1,0.25,2021-10-12 17:45:00,1.1541359638218502,2021-10-13 04:45:00,1.1552045024268183,1.1550746403619134,1.1523007192761732,stop,44,-26.713465124200695,-3.0000000000000004,-0.24655162262088434,1.2525,-25.460965124200694,-34.6808760119876,-1.0849728969464503,1.1442026430931456,1.8067606352835526,bounce_resistance
EURUSD.a,15m,1,0.43,2021-10-13 07:00:00,1.1552656413059523,2021-10-13 09:30:00,1.1547135985792538,1.1547218074754493,1.1559763850491016,stop,10,-23.73783724803591,-5.160000000000001,-0.3529825364032721,0.0,-23.73783724803591,-32.314842832687944,-1.0150944934555972,1.0217115500859058,0.15511851105279367,bounce_support
EURUSD.a,15m,1,0.54,2021-10-13 09:45:00,1.1551455245547875,2021-10-13 10:00:00,1.154705990273701,1.1547149280464408,1.1556301439071182,stop,1,-23.734851178674354,-6.480000000000001,-0.4826397279563733,0.0,-23.734851178674354,-32.30022478794039,-1.0207567236767257,1.3830222569015491,0.24262956895258955,bounce_support
EURUSD.a,15m,1,0.29,2021-10-13 12:45:00,1.1550897368066901,2021-10-13 13:00:00,1.1561863637974052,1.1542868181012973,1.1561863637974052,target,1,31.8021827307382,-3.48,-0.0,0.0,31.8021827307382,43.241213296084354,1.3658007757816129,0.22385430241296328,1.6816935316622585,bounce_support
EURUSD.a,15m,1,0.44,2021-10-14 02:00:00,1.1598473002471479,2021-10-14 03:00:00,1.159867027027027,1.1593153997974546,1.159867027027027,target,4,0.8679783146829934,-5.280000000000001,-0.0,0.0,0.8679783146829934,1.1746421375272265,0.037087353264192914,0.7469447476061929,0.24948230994848952,bounce_support
EURUSD.a,15m,1,0.41,2021-10-14 03:30:00,1.1598167744326922,2021-10-14 04:00:00,1.1599302702702703,1.1592365799978945,1.1599302702702703,target,2,4.653329340703616,-4.920000000000001,-0.0,0.0,4.653329340703616,6.309855778138251,0.19561690145774285,0.3736237710859882,0.43644949368759156,bounce_support
EURUSD.a,15m,1,0.39,2021-10-14 04:15:00,1.1598466105060585,2021-10-14 04:45:00,1.1592388228470734,1.1592492354148582,1.159961891891892,stop,2,-23.70371870042165,-4.680000000000001,-0.40609014361196927,0.0,-23.70371870042165,-32.141942994863044,-1.017430535585219,1.5009171277246964,0.0,bounce_support
EURUSD.a,15m,1,0.42,2021-10-14 07:15:00,1.1595457755544654,2021-10-14 07:45:00,1.1589771446968558,1.1589860855287792,1.1600883783783784,stop,2,-23.882496019603572,-5.040000000000001,-0.37551494078797965,0.0,-23.882496019603572,-32.32650146808101,-1.0159746136489154,1.0644741323290157,0.0,bounce_support
EURUSD.a,15m,1,0.27,2021-10-14 16:45:00,1.1595927330231484,2021-10-14 17:30:00,1.158727180123169,1.1587454547870852,1.1609490904258297,stop,3,-23.369928299439735,-3.2400000000000007,-0.4934159257338215,0.0,-23.369928299439735,-31.483555348232812,-1.021568669108087,1.0536480050477643,0.3154418058622499,bounce_support
EURUSD.a,15m,-1,0.32,2021-10-14 20:30:00,1.15885025552681,2021-10-14 21:45:00,1.1597020012472252,1.1595687683365963,1.1573824633268077,stop,5,-27.2558630532842,-3.8400000000000007,-0.4234531401270677,0.0,-27.2558630532842,-36.74485420255096,-1.1854287200093083,1.5027490929648444,0.09777908737782497,bounce_resistance
EURUSD.a,15m,-1,0.47,2021-10-14 22:15:00,1.1597817351636182,2021-10-15 03:15:00,1.1589381179548526,1.1602759410225738,1.1588181179548527,target,20,39.65000881198222,-5.640000000000001,-0.0,0.7848999999999999,40.43490881198222,54.53270325832418,1.7408073845655816,0.866571750660361,1.9662558547397846,bounce_resistance
EURUSD.a,15m,-1,0.58,2021-10-15 04:00:00,1.1593836870451153,2021-10-15 04:15:00,1.1599136423877687,1.1597839922006081,1.158572015598784,stop,1,-30.737409873899054,-6.96,-0.5597108553212229,0.0,-30.737409873899054,-41.455250281740156,-1.3238783847312292,1.2648174722142922,0.059172470777170874,bounce_resistance
EURUSD.a,15m,-1,0.7,2021-10-15 04:45:00,1.1601533303345914,2021-10-15 05:30:00,1.160617825361206,1.16048730630787,1.1595053873842602,stop,3,-32.5146518630226,-8.4,-0.7363337335305563,0.0,-32.5146518630226,-43.80788707107503,-1.3908037217611249,1.8464491902065456,1.3573740953316769,bounce_resistance
EURUSD.a,15m,1,0.55,2021-10-15 08:00:00,1.1609354890032952,2021-10-15 08:45:00,1.1605073353185578,1.160515567902508,1.161368864194984,stop,3,-23.54845266056116,-6.600000000000001,-0.4527921172722679,0.0,-23.54845266056116,-31.725342414465498,-1.019605073274235,1.2513993755261748,0.0,bounce_support
EURUSD.a,15m,-1,0.38,2021-10-15 22:00:00,1.1605099403946528,2021-10-18 00:00:00,1.1595,1.1611202519590083,1.1594394960819836,target_gap,8,38.37773499680841,-9.120000000000001,-0.0,0.6345999999999999,39.012334996808406,52.59711885456561,1.682157859383065,0.1311782539000987,2.0644216302596354,bounce_resistance
EURUSD.a,15m,-1,0.38,2021-10-18 10:30:00,1.1579312391440646,2021-10-18 10:30:00,1.1586696760605193,1.1585365347766161,1.1567769304467679,stop,0,-28.060602825278558,-4.5600000000000005,-0.49936878832219417,0.0,-28.060602825278558,-37.89157089363116,-1.219960754287865,1.5013504262450674,0.10117228800494896,bounce_resistance
EURUSD.a,15m,-1,0.37,2021-10-18 11:00:00,1.1592705684456475,2021-10-18 11:30:00,1.1581897875980436,1.1598851062009783,1.1580697875980437,target,2,39.98889136134353,-4.44,-0.0,0.0,39.98889136134353,54.11143470500201,1.7586890931087917,0.5686087654037156,2.0187017557281517,bounce_resistance
EURUSD.a,15m,-1,0.31,2021-10-18 14:45:00,1.159398792400463,2021-10-18 15:00:00,1.160286427900042,1.1601486744578298,1.1579326510843406,stop,1,-27.516700486950317,-3.7200000000000006,-0.5503567085812286,0.0,-27.516700486950317,-37.261267044402445,-1.1837001443879671,1.3084825672219633,0.5984839829865346,bounce_resistance
EURUSD.a,15m,1,0.19,2021-10-18 17:45:00,1.160364046057841,2021-10-19 03:45:00,1.1623591908444182,1.159165404577791,1.1623591908444182,target,40,37.907750944965684,-2.2800000000000002,-0.0,-1.3490000000000002,36.55875094496568,49.23074460674075,1.6052713164046997,0.9377666938358508,1.815350109582468,bounce_support
EURUSD.a,15m,1,0.28,2021-10-19 10:45:00,1.1649014670991766,2021-10-19 11:45:00,1.1656453798767967,1.1640730944022337,1.1656453798767967,target,4,20.8295577733626,-3.3600000000000008,-0.0,0.0,20.8295577733626,27.889881198851974,0.8980411599337856,0.20699269762196,1.4347803895633968,bounce_support
EURUSD.a,15m,1,0.3,2021-10-19 15:30:00,1.1650615683555907,2021-10-19 16:15:00,1.164258837311866,1.1642758011295955,1.166238397740809,stop,3,-24.081931311739076,-3.6000000000000005,-0.5089145318833947,0.0,-24.081931311739076,-32.23819452709381,-1.0215888588480322,1.1473733260492613,0.2398059351107741,bounce_support
EURUSD.a,15m,-1,0.48,2021-10-20 01:15:00,1.1632527030120594,2021-10-20 04:00:00,1.163873496633301,1.1637422576510772,1.1623254846978457,stop,11,-29.798093819600524,-5.760000000000001,-0.5394711467549018,0.0,-29.798093819600524,-39.809348874579875,-1.2680783139696143,1.7307506055717734,0.9860043672097435,bounce_resistance
EURUSD.a,15m,-1,0.45,2021-10-20 13:30:00,1.1626806374262488,2021-10-20 13:45:00,1.163337695797845,1.1632033693558343,1.1616632612883313,stop,1,-29.56762672182589,-5.4,-0.644689890477663,0.0,-29.56762672182589,-39.478772577376176,-1.2569700345588648,1.5292017351705782,0.1925220568192208,bounce_resistance
EURUSD.a,15m,1,0.31,2021-10-21 00:30:00,1.1649481881019224,2021-10-21 04:30:00,1.1658882634683476,1.1642108682658263,1.1658882634683476,target,16,29.142336359183172,-3.7200000000000006,-0.0,0.0,29.142336359183172,38.650826084143254,1.274989930289647,0.4451095519958563,1.8605384406055536,bounce_support
EURUSD.a,15m,1,0.45,2021-10-21 07:30:00,1.1655971445633788,2021-10-21 07:45:00,1.1650674222910402,1.165077909361461,1.1662541812770781,stop,1,-23.837502255237286,-5.4,-0.47191816893075555,0.0,-23.837502255237286,-31.749470238728403,-1.0201971483866898,1.0537509039408977,0.024758407314707975,bounce_support
EURUSD.a,15m,1,0.4,2021-10-21 08:15:00,1.1654369588942213,2021-10-21 08:30:00,1.164841148172703,1.1648513980610828,1.1662272038778345,stop,1,-23.83242886073056,-4.800000000000001,-0.4099955351930346,0.0,-23.83242886073056,-31.786743572250533,-1.0175043954441,1.0706981388441932,0.0,bounce_support
EURUSD.a,15m,-1,0.34,2021-10-21 13:15:00,1.1641906575664838,2021-10-21 15:45:00,1.1650000523500628,1.164863361804719,1.1628732763905616,stop,10,-27.519422641685946,-4.080000000000001,-0.5674785416860921,0.0,-27.519422641685946,-36.70920502852753,-1.2031956059951268,1.3517715242908896,1.6064378742708343,bounce_resistance
EURUSD.a,15m,-1,0.29,2021-10-21 16:00:00,1.1643090820433586,2021-10-21 17:30:00,1.1638298113207546,1.1651041053576108,1.1637098113207547,target,6,13.898850955516238,-3.48,-0.0,0.0,13.898850955516238,18.522663426731132,0.6028385759414107,0.8564754573038716,0.9547921799909891,bounce_resistance
EURUSD.a,15m,-1,0.24,2021-10-21 17:45:00,1.1643970126232392,2021-10-21 18:30:00,1.1639425157232701,1.1653419733983352,1.1638225157232702,target,3,10.907925599259016,-2.8800000000000003,-0.0,0.0,10.907925599259016,14.561180066023702,0.4809690644809688,0.8074275640523046,0.652950513397277,bounce_resistance
EURUSD.a,15m,-1,0.6,2021-10-22 01:45:00,1.1624138846142964,2021-10-22 03:30:00,1.162925559850236,1.1627969112230916,1.1616661775538168,stop,7,-30.700514156372094,-7.200000000000001,-0.5189176286674013,0.0,-30.700514156372094,-41.10226414305503,-1.335873864087432,1.0602798248951977,0.34954389909764816,bounce_resistance
EURUSD.a,15m,-1,0.63,2021-10-22 08:45:00,1.1627646584352,2021-10-22 08:45:00,1.1627955813953488,1.1631270485054783,1.1626755813953489,target,0,-1.9481464893698064,-7.560000000000001,-0.0,0.0,-1.9481464893698064,-2.60642525068207,-0.08533059453031329,0.37346929703694426,0.647529980663641,bounce_resistance
EURUSD.a,15m,1,0.2,2021-10-22 19:15:00,1.162575879418647,2021-10-25 01:45:00,1.1644656252732386,1.1614271873633806,1.1644656252732386,target,26,37.79491709183347,-2.4000000000000004,-0.0,-1.4200000000000002,36.37491709183347,48.69466812829112,1.5833189114988266,0.18793498018649754,1.6837589957079744,bounce_support
EURUSD.a,15m,1,0.41,2021-10-25 02:45:00,1.1637381965622726,2021-10-25 03:00:00,1.1644844421206384,1.1631727789396809,1.1644844421206384,target,1,30.59606789299685,-4.920000000000001,-0.0,0.0,30.59606789299685,40.94050538985033,1.3198130524215483,0.24441502484338046,1.8779100532104565,bounce_support
EURUSD.a,15m,-1,0.23,2021-10-25 17:15:00,1.161046070673841,2021-10-26 13:45:00,1.1621691633066833,1.1620334291495527,1.1590831417008944,stop,82,-25.83113055537223,-2.7600000000000002,-0.361885614006234,0.3841,-25.44703055537223,-33.89096431427346,-1.1205581964998552,1.4421604322914054,1.6570179059452426,bounce_resistance
EURUSD.a,15m,-1,0.34,2021-10-26 22:15:00,1.1597313285322859,2021-10-27 03:30:00,1.160541457897728,1.1604126878125323,1.1584246243749357,stop,21,-27.544398425031872,-4.080000000000001,-0.2981828966584971,1.7033999999999998,-25.840998425031874,-34.31739498676212,-1.1154605029629792,1.0107317646940994,1.5723401197360674,bounce_resistance
EURUSD.a,15m,1,0.49,2021-10-27 09:00:00,1.1597455905270064,2021-10-27 09:30:00,1.1602857454844233,1.1592721272577884,1.1602857454844233,target,2,26.46759291342726,-5.880000000000001,-0.0,0.0,26.46759291342726,35.15699605949108,1.1408592651949212,0.4553479457076866,1.9101998651072136,bounce_support
EURUSD.a,15m,1,0.3,2021-10-27 12:00:00,1.159610228202817,2021-10-27 12:15:00,1.1588166528249628,1.1588324849646006,1.160775030070799,stop,1,-23.807261335622165,-3.6000000000000005,-0.4749641891342332,0.0,-23.807261335622165,-31.741322243643225,-1.020356512097808,1.0031950963742666,0.15399914945929424,bounce_support
EURUSD.a,15m,-1,0.5,2021-10-28 00:45:00,1.1603024820173886,2021-10-28 03:15:00,1.1595157062682282,1.1607671468658858,1.1593957062682283,target,10,39.33878745802089,-6.000000000000001,-0.0,0.0,39.33878745802089,52.48040589925278,1.693211250442195,0.42507623128862027,2.22199294981723,bounce_resistance
EURUSD.a,15m,1,0.41,2021-10-28 08:30:00,1.1605662984621197,2021-10-28 09:15:00,1.1599884574179247,1.1599987220979233,1.1613525558041533,stop,3,-23.69148281199518,-4.920000000000001,-0.42085187994513695,0.0,-23.69148281199518,-31.54658164047294,-1.0180851082711744,1.4029803077638798,0.0,bounce_support
EURUSD.a,15m,-1,0.18,2021-10-28 15:45:00,1.1619382333014818,2021-10-28 15:45:00,1.1633485011218427,1.1631958510740652,1.1595782978518698,stop,0,-25.384820766496397,-2.16,-0.5877008599955621,0.0,-25.384820766496397,-33.79910893615125,-1.1213803200824406,1.3213606985726445,0.26099607419474075,bounce_resistance
EURUSD.a,15m,1,0.18,2021-10-28 20:00:00,1.1680008813881866,2021-10-29 07:45:00,1.166760224994895,1.166771138392509,1.1700377232149817,stop,47,-22.331815079249306,-2.16,-0.19644115705366416,-1.278,-23.609815079249305,-31.288683876128847,-1.0666101761928888,1.3099333713211923,0.8043295349435156,bounce_support
EURUSD.a,15m,-1,0.3,2021-10-29 14:30:00,1.1653482971159668,2021-10-29 15:30:00,1.1640190432579602,1.1661054783710199,1.1638990432579603,target,4,39.877615740195886,-3.6000000000000005,-0.0,0.0,39.877615740195886,53.013235144234244,1.755529272727884,0.041869610244234946,2.797609029317915,bounce_resistance
EURUSD.a,15m,-1,0.25,2021-10-29 22:45:00,1.1556764817193688,2021-11-01 11:00:00,1.1567247843501054,1.1565876510083566,1.153864697983287,stop,49,-26.207565768415762,-3.0000000000000004,-0.42833354372188165,0.4175,-25.79006576841576,-34.38308682862596,-1.1321744962262625,1.3098754480159511,1.1704539784846753,bounce_resistance
EURUSD.a,15m,1,0.27,2021-11-01 14:30:00,1.1569119896002902,2021-11-01 17:45:00,1.1582294294818283,1.1560552852590857,1.1582294294818283,target,13,35.57087680152859,-3.2400000000000007,-0.0,0.0,35.57087680152859,47.253941231639025,1.5377999365404278,0.4225373712724424,1.7135554579376953,bounce_support
EURUSD.a,15m,1,0.3,2021-11-01 23:45:00,1.160729098451887,2021-11-02 00:00:00,1.1599355255345423,1.1599498269496706,1.161900346100659,stop,1,-23.807187520341607,-11.700000000000001,-0.4290424538525661,-2.13,-25.937187520341606,-34.487271992795456,-1.1094630239727257,1.1024379172645762,0.21930937757506813,bounce_support
EURUSD.a,15m,1,0.38,2021-11-02 00:30:00,1.1602892974120975,2021-11-02 03:15:00,1.159671255486186,1.15968195113255,1.1611460977348997,stop,11,-23.485593184633835,-4.5600000000000005,-0.4064345618327827,0.0,-23.485593184633835,-31.220462857605632,-1.017610458356443,1.0032125537204652,0.5609692516044823,bounce_support
EURUSD.a,15m,1,0.27,2021-11-02 11:15:00,1.1597609770840704,2021-11-02 11:45:00,1.1589202127937677,1.1589384862162773,1.1610130275674453,stop,2,-22.700635838174943,-3.2400000000000007,-0.4933824077609454,0.0,-22.700635838174943,-30.418389663631533,-1.02221717374033,1.2413233071021417,1.0322581674462652,bounce_support
EURUSD.a,15m,-1,0.26,2021-11-02 22:00:00,1.1581279680574226,2021-11-03 12:15:00,1.159131481116079,1.1589995731317921,1.156480853736416,stop,57,-26.091339525069927,-3.1200000000000006,-0.3096075914663444,1.3026,-24.78873952506993,-33.31148226173477,-1.0938590041437566,1.2528976421657654,0.7319462405426128,bounce_resistance
EURUSD.a,15m,1,0.23,2021-11-03 16:15:00,1.1578820342254084,2021-11-03 16:15:00,1.1569159119531673,1.15693396329128,1.1593488,stop,0,-22.22081226154349,-2.7600000000000002,-0.41518077659358177,0.0,-22.22081226154349,-29.912114180870798,-1.0190400712255994,1.0991099799577435,0.0,bounce_support
EURUSD.a,15m,-1,0.23,2021-11-03 21:15:00,1.158572577807446,2021-11-03 21:45:00,1.1596662361267398,1.1595137890562683,1.1567724218874635,stop,2,-25.154141343756375,-2.7600000000000002,-0.7462826208460024,0.0,-25.154141343756375,-33.79070853932158,-1.1619690273168897,3.237766438052232,1.4476854257223588,bounce_resistance
EURUSD.a,15m,1,0.23,2021-11-04 03:15:00,1.161401469188427,2021-11-04 04:45:00,1.1604211773934416,1.160435881670622,1.1619902155172415,stop,6,-22.546711284661125,-2.7600000000000002,-0.33819837514850076,0.0,-22.546711284661125,-30.244555567769925,-1.0152283215236022,1.1407243446256807,0.15382428711467683,bounce_support
EURUSD.a,15m,1,0.35,2021-11-04 07:45:00,1.1595776903700026,2021-11-04 08:00:00,1.1589353946212217,1.158946856208011,1.1604562875839783,stop,1,-22.480351207329054,-4.2,-0.4011555376212976,0.0,-22.480351207329054,-30.23177946117409,-1.0181689380185646,1.13768469313195,0.0,bounce_support
EURUSD.a,15m,-1,0.32,2021-11-04 14:30:00,1.1552284167796307,2021-11-04 15:45:00,1.156039997076595,1.155900187275878,1.153919625448244,stop,5,-25.97056950286003,-3.8400000000000007,-0.6339136229485378,0.0,-25.97056950286003,-35.03901766464743,-1.2081213770149901,1.5653906002773699,1.0843238631344327,bounce_resistance
EURUSD.a,15m,-1,0.2,2021-11-04 20:30:00,1.1548057595290222,2021-11-05 10:00:00,1.15601393951798,1.155882993686134,1.152694012627732,stop,54,-24.163599779156723,-2.4000000000000004,-0.2189166369258589,0.334,-23.829599779156723,-32.24748265015255,-1.106054780283295,1.0529191480698281,0.6644419175690203,bounce_resistance
EURUSD.a,15m,-1,0.2,2021-11-05 18:15:00,1.1535333786310746,2021-11-05 18:30:00,1.154736599826048,1.154590341490759,1.151439317018482,stop,1,-24.064423899465837,-2.4000000000000004,-0.5251667057794842,0.0,-24.064423899465837,-32.49051373027548,-1.1383760403204641,1.945783950761903,0.3437950801630981,bounce_resistance
EURUSD.a,15m,1,0.25,2021-11-08 03:15:00,1.1561099864531434,2021-11-08 09:30:00,1.155247421085085,1.1552602967538095,1.157419406492381,stop,25,-21.56413420146275,-3.0000000000000004,-0.32189171811374956,0.0,-21.56413420146275,-29.127732499645763,-1.0151533774443027,1.1768842836710964,0.9062291180651499,bounce_support
EURUSD.a,15m,1,0.27,2021-11-08 22:00:00,1.1590395607925497,2021-11-08 22:00:00,1.1589524726477025,1.1582463846746773,1.1589524726477025,target,0,-2.351379910872975,-3.2400000000000007,-0.0,0.0,-2.351379910872975,-3.1674388583341977,-0.1097967309968415,0.9702268830459414,0.050983894420479854,bounce_support
EURUSD.a,15m,1,0.33,2021-11-08 22:30:00,1.15897894170378,2021-11-08 22:30:00,1.1589407877461708,1.1583303917744807,1.1589407877461708,target,0,-1.2590806010999156,-3.9600000000000004,-0.0,0.0,-1.2590806010999156,-1.696051243466668,-0.05882963806705933,0.35300551805988256,0.0,bounce_support
EURUSD.a,15m,1,0.36,2021-11-08 22:45:00,1.1589888315820813,2021-11-08 22:45:00,1.158934945295405,1.1583970417951244,1.158934945295405,target,0,-1.9399063203486833,-4.32,-0.0,0.0,-1.9399063203486833,-2.6131611621702184,-0.09105646610334625,0.40357503178531634,0.2216469780478733,bounce_support
EURUSD.a,15m,1,0.37,2021-11-08 23:00:00,1.1590286007547899,2021-11-08 23:00:00,1.159028752997602,1.1584509605784659,1.159028752997602,target,0,0.0056329840489866,-4.44,-0.0,0.0,0.0056329840489866,0.007587430192193801,0.00026355994332599746,0.29187851139926846,0.19285231494651628,bounce_support
EURUSD.a,15m,1,0.29,2021-11-08 23:15:00,1.159238429272305,2021-11-09 00:00:00,1.1584582942540522,1.1585109146414552,1.16030817071709,stop_gap,3,-22.623915529331295,-9.86,-0.339466632488211,-2.059,-24.682915529331297,-33.26000583373484,-1.1699215138237666,1.1662023502041334,0.0,bounce_support
EURUSD.a,15m,1,0.26,2021-11-09 00:15:00,1.1588077035570155,2021-11-09 02:00:00,1.1590707194244605,1.1580086270338052,1.1590707194244605,target,7,6.838412553570983,-3.1200000000000006,-0.0,0.0,6.838412553570983,9.237977107154316,0.3291497870421707,0.47267507684745935,0.34076391318660126,bounce_support
EURUSD.a,15m,1,0.38,2021-11-09 02:30:00,1.158636907997335,2021-11-09 02:45:00,1.1580676295512369,1.1580779156903824,1.1591462589928059,stop,1,-21.632580951732372,-4.5600000000000005,-0.39087328753458145,0.0,-21.632580951732372,-29.223344750736068,-1.0184012177227073,1.3003899844307787,0.0,bounce_support
EURUSD.a,15m,1,0.19,2021-11-09 21:00:00,1.1591233698070087,2021-11-10 07:15:00,1.1580353691770842,1.1580454059962257,1.1601801587301588,stop,41,-20.672011968566164,-2.2800000000000002,-0.19069956369049929,-4.047000000000001,-24.719011968566164,-33.60570445451923,-1.206905665023746,1.1348894970047267,0.674076611591978,bounce_support
EURUSD.a,15m,-1,0.28,2021-11-11 05:45:00,1.147679223634535,2021-11-11 08:30:00,1.1485391087323256,1.1484056413983506,1.1462887172032987,stop,11,-24.07678273813563,-3.3600000000000008,-0.3770853513028014,0.0,-24.07678273813563,-32.91336222951612,-1.183733576769886,1.1161295962895528,0.8386684149008067,bounce_resistance
EURUSD.a,15m,-1,0.26,2021-11-11 13:45:00,1.1471354179498219,2021-11-11 15:45:00,1.1457500707095631,1.1479099646452182,1.1456300707095632,target,8,36.0190282467272,-3.1200000000000006,-0.0,0.0,36.0190282467272,49.27700697274397,1.7885909894042615,0.45779299335410567,2.021076274840822,bounce_resistance
EURUSD.a,15m,-1,0.31,2021-11-12 00:45:00,1.1449014101186497,2021-11-12 09:45:00,1.1456980740978293,1.1455671931542126,1.143595613691575,stop,36,-24.696583354569366,-3.7200000000000006,-0.3373092521171537,0.0,-24.696583354569366,-33.801302083884494,-1.1965819743454629,1.0492755808348055,1.9396861284662335,bounce_resistance
EURUSD.a,15m,-1,0.21,2021-11-12 17:30:00,1.14506481775161,2021-11-15 04:00:00,1.1461949776550857,1.146063153455816,1.1430836930883679,stop,42,-23.73335797298859,-2.5200000000000005,-0.24830818466422527,0.35069999999999996,-23.38265797298859,-31.859520625929708,-1.1153161194020997,1.33740809105076,1.0966428897590312,bounce_resistance
EURUSD.a,15m,1,0.32,2021-11-15 09:45:00,1.1455876538216432,2021-11-15 09:45:00,1.1449289064716306,1.1449403872040957,1.1464992255918083,stop,0,-21.079915200402866,-3.8400000000000007,-0.36738343888235386,0.0,-21.079915200402866,-28.665726369586558,-1.0177372540988658,1.0623965503562456,0.03452391603557092,bounce_support
EURUSD.a,15m,-1,0.22,2021-11-15 23:45:00,1.1371354527358208,2021-11-16 04:15:00,1.1381978232423908,1.1380607335798707,1.135328532840259,stop,18,-23.37215114453972,-2.6400000000000006,-0.3759725754445323,0.3674,-23.00475114453972,-31.243295819070394,-1.130111482685836,1.2802029478904138,1.281181539036538,bounce_resistance
EURUSD.a,15m,-1,0.42,2021-11-16 07:00:00,1.138351042354222,2021-11-16 09:00:00,1.1375464733118252,1.1388417633440875,1.1374264733118253,target,8,33.79189978066499,-5.040000000000001,-0.0,0.0,33.79189978066499,46.02923118296918,1.6395651684215922,0.22203583712177935,2.508640102310695,bounce_resistance
EURUSD.a,15m,-1,0.3,2021-11-16 10:00:00,1.1379494679189248,2021-11-16 11:00:00,1.1367217758841974,1.1386391120579014,1.1366017758841975,target,4,36.8307610418217,-3.6000000000000005,-0.0,0.0,36.8307610418217,50.18908895920323,1.7801819305668747,0.0442722258475,2.0582614115032163,bounce_resistance
EURUSD.a,15m,-1,0.32,2021-11-16 15:15:00,1.1368778174014764,2021-11-16 16:00:00,1.1355492255797601,1.1375153872101198,1.1354292255797602,target,3,42.51493829492148,-3.8400000000000007,-0.0,0.0,42.51493829492148,58.124983997213,2.0838374146719305,0.9601812856008219,6.113553917758587,bounce_resistance
EURUSD.a,15m,-1,0.23,2021-11-16 23:45:00,1.1317974640507846,2021-11-17 05:30:00,1.1301899619853375,1.1326950190073313,1.1300699619853376,target,23,36.972547505284005,-2.7600000000000002,-0.0,1.1522999999999999,38.124847505284,52.40744979900752,1.8467972945353477,0.9721253755564258,6.069226191724099,bounce_resistance
EURUSD.a,15m,-1,0.23,2021-11-17 10:45:00,1.1316239459956714,2021-11-17 14:00:00,1.1326725896577976,1.132530270562743,1.129859458874514,stop,13,-24.11880422890267,-2.7600000000000002,-0.5133391862621312,0.0,-24.11880422890267,-33.06980959086102,-1.157028839585078,1.4631116186259894,1.0194427352408457,bounce_resistance
EURUSD.a,15m,1,0.34,2021-11-18 02:00:00,1.1319190167661723,2021-11-18 02:00:00,1.1318803797468355,1.131304348568913,1.1318803797468355,target,0,-1.3136586574518105,-4.080000000000001,-0.0,0.0,-1.3136586574518105,-1.809447186572742,-0.06285833480418625,0.2587034222386111,0.4245920563179396,bounce_support
EURUSD.a,15m,1,0.26,2021-11-18 03:15:00,1.1320302599258536,2021-11-18 04:00:00,1.133258040470516,1.131235979764742,1.133258040470516,target,3,31.9222941612205,-3.1200000000000006,-0.0,0.0,31.9222941612205,43.92956109543603,1.5457776799360483,0.23953755257763318,2.2155155829193807,bounce_support
EURUSD.a,15m,1,0.28,2021-11-18 07:15:00,1.1320789561523337,2021-11-18 09:30:00,1.1331920036073548,1.1313289981963226,1.1331920036073548,target,9,31.16532874059264,-3.3600000000000008,-0.0,0.0,31.16532874059264,42.7519667763075,1.484146472612038,0.9319937827598699,2.2015152108631804,bounce_support
EURUSD.a,15m,1,0.25,2021-11-18 12:30:00,1.1331724891644201,2021-11-18 13:00:00,1.13449770577044,1.13234114711478,1.13449770577044,target,2,33.130415150495196,-3.0000000000000004,-0.0,0.0,33.130415150495196,45.46696742077373,1.5940690195971252,0.21951152897798112,1.6569724052524322,bounce_support
EURUSD.a,15m,1,0.2,2021-11-18 15:30:00,1.1335047333537067,2021-11-18 17:15:00,1.135162836821207,1.1324735815893965,1.135162836821207,target,7,33.16206935000565,-2.4000000000000004,-0.0,0.0,33.16206935000565,45.68218609233074,1.608011085166919,0.7804218365906451,2.3326019792074035,bounce_support
EURUSD.a,15m,1,0.27,2021-11-18 22:45:00,1.137090162257261,2021-11-19 02:45:00,1.1362915783501748,1.1363022154515126,1.1382755690969748,stop,16,-21.56176549132449,-3.2400000000000007,-0.28720173611662553,-1.9170000000000003,-23.47876549132449,-32.278985236295824,-1.1036073764652399,1.0535765247152855,0.3805304375264774,bounce_support
EURUSD.a,15m,-1,0.63,2021-11-19 07:30:00,1.1357040867111665,2021-11-19 08:45:00,1.136172503755495,1.1360429710936462,1.1350440578127077,stop,5,-29.510273792697994,-7.560000000000001,-0.6005576964928426,0.0,-29.510273792697994,-40.50715669123428,-1.3822326095439879,1.0207413109521728,1.7235574767205333,bounce_resistance
EURUSD.a,15m,-1,0.46,2021-11-19 09:45:00,1.1356320773938797,2021-11-19 09:45:00,1.135343692307692,1.13609690956032,1.1352236923076922,target,0,13.26571396463283,-5.5200000000000005,-0.0,0.0,13.26571396463283,18.21612924946835,0.6204069059940099,0.01704401436099304,2.69361176845493,bounce_resistance
EURUSD.a,15m,-1,0.15,2021-11-19 17:45:00,1.131954315188195,2021-11-19 20:15:00,1.12932776250736,1.13336611874632,1.12920776250736,target,10,39.398290212526724,-1.8000000000000003,-0.0,0.0,39.398290212526724,54.45137200266287,1.8604236161038201,0.1811050909550834,1.9863352603525977,bounce_resistance
EURUSD.a,15m,-1,0.23,2021-11-19 22:45:00,1.1289954753110176,2021-11-22 01:15:00,1.1274333750848025,1.1299183124575989,1.1273133750848026,target,10,35.92830520294887,-2.7600000000000002,-0.0,0.3841,36.31240520294887,50.21698663128551,1.710811308435072,0.18911753783311028,1.988948231892691,bounce_resistance
EURUSD.a,15m,-1,0.23,2021-11-22 03:30:00,1.12856687901642,2021-11-22 03:45:00,1.1268543659570724,1.1295028170214636,1.1267343659570725,target,1,39.38780036499501,-2.7600000000000002,-0.0,0.0,39.38780036499501,54.438379009847566,1.8297291595375822,0.43071333935330297,2.2190348134473212,bounce_resistance
EURUSD.a,15m,-1,0.23,2021-11-22 09:45:00,1.1269063940502337,2021-11-22 09:45:00,1.1265199259259258,1.1278530805530185,1.1263999259259259,target,0,8.888766859083574,-2.7600000000000002,-0.0,0.0,8.888766859083574,12.26189024718044,0.40823242242406893,0.3207037904028751,0.9574384419421208,bounce_resistance
EURUSD.a,15m,-1,0.27,2021-11-22 10:15:00,1.12702494180862,2021-11-22 10:15:00,1.127958073610246,1.127815486323176,1.125459027353648,stop,0,-25.194558643899523,-3.2400000000000007,-0.6098567508896078,0.0,-25.194558643899523,-34.76789987428348,-1.1803659179774852,1.0816066339544033,0.360437398999576,bounce_resistance
EURUSD.a,15m,-1,0.2,2021-11-22 11:15:00,1.127583856674198,2021-11-22 11:30:00,1.1287991591855158,1.1286552166960062,1.1254595666079878,stop,1,-24.30605022635479,-2.4000000000000004,-0.4788497901944049,0.0,-24.30605022635479,-33.502481359551744,-1.1343549195223965,1.1164718688896733,0.03160158444295169,bounce_resistance
EURUSD.a,15m,-1,0.19,2021-11-22 11:45:00,1.1283041213160179,2021-11-22 16:00:00,1.1262325735284833,1.1294237132357583,1.1261125735284834,target,17,39.3594079631574,-2.2800000000000002,-0.0,0.0,39.3594079631574,54.27012473375719,1.8502703985349256,0.657274021906824,2.9511836033828494,bounce_resistance
EURUSD.a,15m,-1,0.24,2021-11-22 23:30:00,1.1235383698604289,2021-11-23 09:15:00,1.124564417133431,1.1244280410114138,1.1217939179771725,stop,39,-24.625134552051616,-2.8800000000000003,-0.39302692841471826,0.4008,-24.224334552051616,-33.51921205486594,-1.134517256049871,2.7556588036568863,1.0547378763377833,bounce_resistance
EURUSD.a,15m,1,0.17,2021-11-23 14:45:00,1.1238370064662009,2021-11-23 15:00:00,1.1258640809755072,1.1226179595122463,1.1258640809755072,target,1,34.460266658206784,-2.0400000000000005,-0.0,0.0,34.460266658206784,47.75006465220982,1.6628354656319513,0.33387267396110293,1.6758940475357789,bounce_support
EURUSD.a,15m,1,0.22,2021-11-23 21:30:00,1.1249621286708682,2021-11-24 03:00:00,1.1239696462419417,1.1239809891510433,1.1265280216979134,stop,22,-21.834613436382266,-2.6400000000000006,-0.24954400023592702,-4.686,-26.520613436382266,-36.72503037691067,-1.2286554608885527,1.0825460083983036,0.415711854318703,bounce_support
EURUSD.a,15m,-1,0.43,2021-11-24 07:00:00,1.1242722927996391,2021-11-24 10:00:00,1.124909071474298,1.124774041557895,1.1232919168842097,stop,12,-27.38148301032983,-5.160000000000001,-0.6462864053265275,0.0,-27.38148301032983,-37.93027055414236,-1.2691185861072567,2.486717066720711,1.1206660512597506,bounce_resistance
EURUSD.a,15m,-1,0.2,2021-11-24 20:00:00,1.1195433138519135,2021-11-25 02:00:00,1.1207570437397965,1.1206253618776698,1.1173992762446605,stop,24,-24.27459775765861,-2.4000000000000004,-0.23363724253638127,0.334,-23.94059775765861,-33.22544966714123,-1.1062631781489338,1.050495099135639,0.6407422179149934,bounce_resistance
EURUSD.a,15m,1,0.45,2021-11-25 06:30:00,1.1214366444052284,2021-11-25 10:00:00,1.1220370897938399,1.1209614551030802,1.1220370897938399,target,14,27.020042487516662,-5.4,-0.0,0.0,27.020042487516662,37.56801369174904,1.2635919746026594,0.918885175348981,1.5222472212686458,bounce_support
EURUSD.a,15m,1,0.28,2021-11-25 13:15:00,1.1219899662559334,2021-11-25 17:00:00,1.1212061960256612,1.121222776458832,1.1231644470823356,stop,15,-21.945566447621804,-3.3600000000000008,-0.46425212878740285,0.0,-21.945566447621804,-30.529563940878656,-1.0216119052071888,1.1078956721593385,1.2774332346043824,bounce_support
EURUSD.a,15m,-1,0.38,2021-11-25 21:15:00,1.1207121703002125,2021-11-25 23:15:00,1.1207349568965514,1.1212746120398305,1.1206149568965516,target,8,-0.865890660878943,-4.5600000000000005,-0.0,0.0,-0.865890660878943,-1.2047174412228772,-0.04051370076907509,0.47619100952480625,0.21721414256264363,bounce_resistance
EURUSD.a,15m,-1,0.52,2021-11-26 00:30:00,1.1209034663817854,2021-11-26 02:00:00,1.1214447365211029,1.1213142297303655,1.1204799137931034,stop,6,-28.146047244509198,-6.240000000000001,-0.546353118343925,0.0,-28.146047244509198,-39.24817988999093,-1.3177177106683255,1.2331519352092106,0.8848559226174177,bounce_resistance
EURUSD.a,15m,1,0.12,2021-11-26 15:30:00,1.1281712526988843,2021-11-26 15:30:00,1.1289864545454544,1.1264991983417418,1.1289864545454544,target,0,9.782422158841618,-1.4400000000000002,-0.0,0.0,9.782422158841618,13.692625112105619,0.48754506280723675,0.0844785328185201,0.6391821513160688,bounce_support
EURUSD.a,15m,1,0.12,2021-11-26 19:15:00,1.1298807267923232,2021-11-29 01:00:00,1.1281096665620545,1.1281377346868682,1.1329745306262637,stop,23,-21.252722763224874,-1.4400000000000002,-0.3368174977635304,-0.852,-22.104722763224874,-30.948159276478645,-1.056837965303259,1.0503356765607812,1.7666592969868162,bounce_support
EURUSD.a,15m,1,0.16,2021-11-29 03:15:00,1.1286652696380404,2021-11-29 06:45:00,1.127379277245503,1.1273952269707246,1.130799546058551,stop,14,-20.57587828059937,-1.9200000000000004,-0.255195603546229,0.0,-20.57587828059937,-28.818160311207958,-1.0125584168407389,1.090726850120756,0.19269459858143545,bounce_support
EURUSD.a,15m,-1,0.36,2021-11-29 07:15:00,1.1275694775389031,2021-11-29 07:15:00,1.1282861539744795,1.1281503702828344,1.1264092594343311,stop,0,-25.800351680749678,-4.32,-0.5682128992268143,0.0,-25.800351680749678,-36.13899551875515,-1.2337500219510418,1.1370816179020995,0.0,bounce_resistance
EURUSD.a,15m,-1,0.19,2021-11-29 11:45:00,1.1285261245541018,2021-11-29 15:45:00,1.1265630175910535,1.1295884912044734,1.1264430175910536,target,16,37.29903229791876,-2.2800000000000002,-0.0,0.0,37.29903229791876,52.1986009543198,1.8478619997736618,0.897877814184608,2.2083943931047036,bounce_resistance
EURUSD.a,15m,1,0.19,2021-11-30 13:15:00,1.136145133820666,2021-11-30 13:45:00,1.1350111080216927,1.1350335989581155,1.137992802083769,stop,2,-21.546490180494036,-2.2800000000000002,-0.4273277920346047,0.0,-21.546490180494036,-30.21439614720389,-1.0202341259645298,1.5520285317075386,0.0,bounce_support
EURUSD.a,15m,1,0.17,2021-12-01 01:30:00,1.1337759816311543,2021-12-01 03:00:00,1.132547515675688,1.132569366852538,1.1357812662949238,stop,6,-20.883921242929482,-2.0400000000000005,-0.37147000645409617,0.0,-20.883921242929482,-29.270506871852724,-1.0181094888256061,1.2812553422619037,0.2022338638397288,bounce_support
EURUSD.a,15m,1,0.31,2021-12-01 09:15:00,1.1330109215458462,2021-12-01 09:15:00,1.1323354544077862,1.1323518367265555,1.1337796170212766,stop,0,-20.939481279859784,-3.7200000000000006,-0.5078518818491105,0.0,-20.939481279859784,-29.280254607293376,-1.0248561615892733,1.2455476470079043,0.0,bounce_support
EURUSD.a,15m,-1,0.39,2021-12-02 02:45:00,1.1317612485189377,2021-12-02 03:15:00,1.1324252875782248,1.132291809004504,1.1307263819909918,stop,2,-25.8975233121983,-4.680000000000001,-0.5256643751128636,0.0,-25.8975233121983,-36.388258131513695,-1.251580314312962,1.3358542528961521,0.492401009959986,bounce_resistance
EURUSD.a,15m,-1,0.44,2021-12-02 04:00:00,1.1328105427778268,2021-12-02 04:00:00,1.133414393578067,1.1332802077448074,1.131899584510385,stop,0,-26.569435210567427,-5.280000000000001,-0.6241766634280002,0.0,-26.569435210567427,-37.32658323227747,-1.2857054340718077,1.3615178204246277,0.3205322696188734,bounce_resistance
EURUSD.a,15m,-1,0.32,2021-12-02 04:15:00,1.1332504611508392,2021-12-02 04:30:00,1.1340176878295505,1.1338834587182194,1.132013082563561,stop,1,-24.55125371876221,-3.8400000000000007,-0.4553315625949328,0.0,-24.55125371876221,-34.491302059204294,-1.2120531235003458,1.0577273652596932,0.0,bounce_resistance
EURUSD.a,15m,-1,0.24,2021-12-02 12:00:00,1.1324273276403518,2021-12-02 12:15:00,1.1334150558666045,1.1332758193656662,1.1307683612686672,stop,1,-23.705477430064903,-2.8800000000000003,-0.4616760225218171,0.0,-23.705477430064903,-33.36168294030751,-1.1640988318261807,1.0049271362455288,0.18542035904168652,bounce_resistance
EURUSD.a,15m,-1,0.24,2021-12-02 12:30:00,1.1326369631184667,2021-12-02 13:00:00,1.1335986924212957,1.1334589090056393,1.1310021819887217,stop,2,-23.081503267896153,-2.8800000000000003,-0.4748019757581781,0.0,-23.081503267896153,-32.48353871298153,-1.1700640125316595,1.4393123683639362,0.17879901920585306,bounce_resistance
EURUSD.a,15m,1,0.2,2021-12-02 15:30:00,1.1337141692511283,2021-12-02 17:15:00,1.1326882931144029,1.1327110733255499,1.1353478533489005,stop,7,-20.51752273450891,-2.4000000000000004,-0.455604222940685,0.0,-20.51752273450891,-28.914209039612327,-1.0227099029774767,1.280205829156113,1.0126955189114957,bounce_support
EURUSD.a,15m,-1,0.42,2021-12-03 01:45:00,1.1304820727595617,2021-12-03 03:00:00,1.1298081904761903,1.130955081905633,1.1296881904761904,target,5,28.303055901598654,-5.040000000000001,-0.0,0.0,28.303055901598654,40.02242130942427,1.4246707256473916,0.5452901758467226,2.8584495052398657,bounce_resistance
EURUSD.a,15m,-1,0.44,2021-12-03 06:30:00,1.1298926496998143,2021-12-03 08:45:00,1.1291342119105805,1.1303428940447096,1.1290142119105806,target,9,33.371262726286766,-5.280000000000001,-0.0,0.0,33.371262726286766,47.241311900179454,1.6845026435817028,0.7492604937975424,3.6927719774047927,bounce_resistance
EURUSD.a,15m,-1,0.28,2021-12-03 10:30:00,1.1296802403864106,2021-12-03 12:00:00,1.1305195984127814,1.1303819690865966,1.1283360618268066,stop,6,-23.50202473838259,-3.3600000000000008,-0.4936211331779485,0.0,-23.50202473838259,-33.32438814375411,-1.1961289685718817,1.0256949920940759,1.6819041120843774,bounce_resistance
EURUSD.a,15m,-1,0.22,2021-12-03 12:15:00,1.1302579151790284,2021-12-03 12:30:00,1.1313001890644616,1.1311614709209656,1.1285470581580688,stop,1,-22.930025479530602,-2.6400000000000006,-0.4117991569161116,0.0,-22.930025479530602,-32.513329286821126,-1.153524721339894,1.330393649421364,0.40718592329404013,bounce_resistance
EURUSD.a,15m,1,0.18,2021-12-03 15:15:00,1.129184358822981,2021-12-03 15:30:00,1.130947430713664,1.1281012846431682,1.130947430713664,target,1,31.735294032292583,-2.16,-0.0,0.0,31.735294032292583,44.921572392340096,1.6278403857688526,0.2625478737109017,3.8461273056464176,bounce_support
EURUSD.a,15m,1,0.12,2021-12-03 16:15:00,1.1293435051370042,2021-12-03 17:00:00,1.127699278529194,1.1277366256789745,1.1320667486420513,stop,3,-19.730719293723276,-1.4400000000000002,-0.4481657973669432,0.0,-19.730719293723276,-28.124867140467078,-1.0232420357319991,1.078802226477984,0.7632774548625607,bounce_support
EURUSD.a,15m,1,0.19,2021-12-06 01:15:00,1.1303629893230318,2021-12-06 02:45:00,1.1293305795358994,1.1293479402982851,1.1319341194034296,stop,6,-19.615785955515054,-2.2800000000000002,-0.3298544853295411,0.0,-19.615785955515054,-27.958645888704467,-1.017103373297668,1.2245608761035895,0.48964204176463005,bounce_support
EURUSD.a,15m,-1,0.26,2021-12-06 10:30:00,1.1289691991228168,2021-12-06 11:45:00,1.1298422987417474,1.1297056780021784,1.1275286439956436,stop,5,-22.700590092194606,-3.1200000000000006,-0.43213922879775946,0.0,-22.700590092194606,-32.314007248675594,-1.1855053055797415,1.3588996307004653,0.6642405322484409,bounce_resistance
EURUSD.a,15m,-1,0.27,2021-12-06 22:30:00,1.1280794288701739,2021-12-07 04:30:00,1.128920037552295,1.1287890817294788,1.12708807860262,stop,24,-22.69643441726976,-3.2400000000000007,-0.29580721604134275,0.4509,-22.24553441726976,-31.54142243827949,-1.1610024131067453,1.677681015746576,0.7037650361375642,bounce_resistance
EURUSD.a,15m,-1,0.18,2021-12-07 17:00:00,1.124523436303457,2021-12-07 21:15:00,1.1257510032410833,1.1256118605830874,1.1224562788338253,stop,17,-22.096204877272818,-2.16,-0.34456784393121737,0.0,-22.096204877272818,-31.053185785138034,-1.1278386201043167,1.3106687559629653,0.7932901898791341,bounce_resistance
EURUSD.a,15m,1,0.25,2021-12-08 02:00:00,1.1274279863584973,2021-12-08 04:15:00,1.1284344132680535,1.1266577933659734,1.1284344132680535,target,9,25.16067273890532,-3.0000000000000004,-0.0,0.0,25.16067273890532,35.23854391241764,1.306720418551436,0.1921419175890888,1.612600547601375,bounce_support
EURUSD.a,15m,1,0.4,2021-12-08 06:45:00,1.129185954612127,2021-12-08 09:15:00,1.1286846085406037,1.1286943824239204,1.1298212351521593,stop,10,-20.053842860932036,-4.800000000000001,-0.39095533267069466,0.0,-20.053842860932036,-28.131530540263213,-1.0198829054026552,1.2326869311662567,0.7812593899464821,bounce_support
EURUSD.a,15m,1,0.31,2021-12-08 09:45:00,1.1291075764839473,2021-12-08 09:45:00,1.1284709508135808,1.1284823155395018,1.1293628571428571,stop,0,-19.735395781361074,-3.7200000000000006,-0.3523065035538015,0.0,-19.735395781361074,-27.684812980614808,-1.0181759728029751,1.16363654312784,0.4197023952701683,bounce_support
EURUSD.a,15m,1,0.18,2021-12-08 20:30:00,1.1346756306778756,2021-12-09 03:00:00,1.1336061042636227,1.1336186045246512,1.1363827909506978,stop,26,-19.251475456551148,-2.16,-0.22500469851247282,-1.278,-20.529475456551147,-28.662443918396015,-1.0789954541557887,1.1405873678697185,0.7609739074769605,bounce_support
EURUSD.a,15m,-1,0.21,2021-12-09 20:45:00,1.1290370345736647,2021-12-10 04:45:00,1.1300678953859615,1.1299368994747472,1.127276201050506,stop,32,-21.64807705823413,-2.5200000000000005,-0.23091413550414333,0.35069999999999996,-21.29737705823413,-29.781959500264474,-1.1270145230432411,1.259039468004922,0.37453908165457467,bounce_resistance
EURUSD.a,15m,-1,0.44,2021-12-10 06:45:00,1.1297240763238199,2021-12-10 07:45:00,1.1302952359867429,1.13016583350931,1.1288583329813795,stop,4,-25.13102516861121,-5.280000000000001,-0.4137090070477805,0.0,-25.13102516861121,-35.182239039928334,-1.2929267065325982,1.2584372013398204,0.5751492724175088,bounce_resistance
EURUSD.a,15m,-1,0.52,2021-12-10 08:30:00,1.1297535430410788,2021-12-10 09:00:00,1.1291188963995102,1.1301255518002449,1.1289988963995103,target,2,33.001625361563924,-6.240000000000001,-0.0,0.0,33.001625361563924,46.154828342653246,1.7059991893501996,0.5280976699624315,2.267535428385074,bounce_resistance
EURUSD.a,15m,-1,0.11,2021-12-10 17:45:00,1.1296780871970056,2021-12-10 18:00:00,1.131474979468973,1.1313214794933737,1.1264570410132524,stop,1,-19.76581499164065,-1.3200000000000003,-0.36849973159170296,0.0,-19.76581499164065,-27.54241620795743,-1.0934043417012769,1.0660344501225125,0.0,bounce_resistance
EURUSD.a,15m,1,0.22,2021-12-13 04:00:00,1.1306596119686343,2021-12-13 04:30:00,1.1297873088902166,1.1298014748802614,1.1319870502394773,stop,2,-19.19066772518896,-2.6400000000000006,-0.3116517809874985,0.0,-19.19066772518896,-26.78427853171567,-1.0165078403401009,1.08329074833138,0.0,bounce_support
EURUSD.a,15m,-1,0.45,2021-12-13 07:30:00,1.129873059005679,2021-12-13 08:15:00,1.1293750000000002,1.1302968210767936,1.1292550000000003,target,3,22.412655255540372,-5.4,-0.0,0.0,22.412655255540372,31.315274700004714,1.1753270045346793,0.25236093933503323,1.9894631047588651,bounce_resistance
EURUSD.a,15m,-1,0.27,2021-12-13 13:00:00,1.12703913815156,2021-12-13 13:30:00,1.1278927966257863,1.127755680918748,1.1256386381625045,stop,2,-23.048778804108718,-3.2400000000000007,-0.4621240900389881,0.0,-23.048778804108718,-32.28934297737345,-1.1913573248064229,1.2153661837348904,0.9896661916541,bounce_resistance
EURUSD.a,15m,-1,0.17,2021-12-13 18:45:00,1.1296931542249438,2021-12-14 02:45:00,1.127760488880769,1.1308047555596155,1.1276404888807692,target,32,32.85531085096971,-2.0400000000000005,-0.0,0.2839,33.13921085096971,46.5667264118172,1.7536550950169734,0.9147576053933568,2.0899167286713505,bounce_resistance
EURUSD.a,15m,-1,0.42,2021-12-14 05:00:00,1.1282819739227554,2021-12-14 05:45:00,1.127649973045822,1.1287434509231375,1.1275299730458221,target,3,26.54403683120199,-5.040000000000001,-0.0,0.0,26.54403683120199,37.397555342785076,1.3695176063163526,0.21241812086701345,2.496275917979796,bounce_resistance
EURUSD.a,15m,-1,0.48,2021-12-14 08:15:00,1.1281730548370423,2021-12-14 09:00:00,1.127533967201638,1.128578016399181,1.1274139672016381,target,3,30.6762064994075,-5.760000000000001,-0.0,0.0,30.6762064994075,43.08032426504066,1.5781439404501125,0.3134745981503411,2.0324270597327994,bounce_resistance
EURUSD.a,15m,-1,0.31,2021-12-14 10:45:00,1.128230530286606,2021-12-14 11:15:00,1.128997312661946,1.1288615796397758,1.126996840720448,stop,2,-23.770253635536644,-3.7200000000000006,-0.48772368727740323,0.0,-23.770253635536644,-33.38753232043914,-1.2150909774144771,1.6789015123334827,0.7456315171585416,bounce_resistance
EURUSD.a,15m,-1,0.23,2021-12-14 22:00:00,1.1255785269250107,2021-12-15 02:30:00,1.126539429646746,1.1264085836365532,1.123952832726894,stop,18,-22.100762599909896,-2.7600000000000002,-0.2494582344344125,1.1522999999999999,-20.948462599909895,-29.463793583467975,-1.0972777029206915,1.0739905630457376,0.2632674635022316,bounce_resistance
EURUSD.a,15m,1,0.24,2021-12-15 13:30:00,1.1265191385337443,2021-12-15 15:15:00,1.1257166511191419,1.1257333317895521,1.1277033364208957,stop,7,-19.25969795045823,-2.8800000000000003,-0.4003360898478552,0.0,-19.25969795045823,-26.944554275323142,-1.0212274462309716,1.2078523641587007,1.3500284568648517,bounce_support
EURUSD.a,15m,-1,0.26,2021-12-15 16:00:00,1.127326658884137,2021-12-15 16:15:00,1.1260266447703942,1.128071677614803,1.1259066447703943,target,1,33.800366957315916,-3.1200000000000006,-0.0,0.0,33.800366957315916,47.45909429558539,1.7449415165454407,0.15213190111557912,1.928352704438619,bounce_resistance
EURUSD.a,15m,-1,0.15,2021-12-15 22:00:00,1.1272345344490426,2021-12-15 22:15:00,1.1287082361191805,1.1285489519589187,1.1246520960821629,stop,1,-22.10552505206742,-1.8000000000000003,-0.5892624039268445,0.0,-22.10552505206742,-30.819403078475617,-1.1211823176920455,1.4572733066665335,0.6805557916883729,bounce_resistance
EURUSD.a,15m,1,0.17,2021-12-16 01:30:00,1.129366283780971,2021-12-16 02:15:00,1.1282224547013868,1.1282453788268207,1.1311392423463587,stop,3,-19.445094352931626,-2.0400000000000005,-0.3897101323778259,0.0,-19.445094352931626,-27.103821073737684,-1.020451444477109,1.1207763658457754,0.06576491499660114,bounce_support
EURUSD.a,15m,1,0.25,2021-12-16 06:00:00,1.128689192166335,2021-12-16 09:15:00,1.12984272698303,1.127918636508485,1.12984272698303,target,13,28.838370417377803,-3.0000000000000004,-0.0,0.0,28.838370417377803,40.20125519952297,1.4970168669111592,0.44019164985614884,1.9866285038209577,bounce_support
EURUSD.a,15m,1,0.29,2021-12-17 04:00:00,1.132238986067855,2021-12-17 06:30:00,1.1332404915180097,1.1315597542409952,1.1332404915180097,target,10,29.04365805448483,-3.48,-0.0,0.0,29.04365805448483,40.5184961697612,1.4744677892741946,0.30768002851262977,1.5768017483758117,bounce_support
EURUSD.a,15m,1,0.32,2021-12-17 09:45:00,1.1324891613182486,2021-12-17 09:45:00,1.1318598793477037,1.1318736213250766,1.1333027573498466,stop,0,-20.13702305743692,-3.8400000000000007,-0.43974327593161755,0.0,-20.13702305743692,-28.128655320561705,-1.0223250763969072,1.2495716391796596,0.0,bounce_support
EURUSD.a,15m,-1,0.24,2021-12-17 22:30:00,1.124867821645443,2021-12-20 09:30:00,1.1258070222565684,1.1256731079804194,1.1232937840391615,stop,44,-22.54081466700697,-2.8800000000000003,-0.33394262757584076,0.4008,-22.14001466700697,-31.216093996484975,-1.1455560228181365,1.020976414036825,1.7358069853304754,bounce_resistance
EURUSD.a,15m,1,0.15,2021-12-20 18:45:00,1.1293659915429248,2021-12-20 19:15:00,1.1281069653022289,1.1281315742620834,1.131426851475833,stop,2,-18.885393610439394,-1.8000000000000003,-0.369134397816841,0.0,-18.885393610439394,-26.53971192742927,-1.0199356896865477,1.0255782729012124,0.44070061681600703,bounce_support
EURUSD.a,15m,1,0.18,2021-12-20 21:00:00,1.1282228291389527,2021-12-21 10:15:00,1.1299051772133997,1.1271824113933002,1.1299051772133997,target,53,30.282265340046077,-2.16,-0.0,-1.278,29.00426534004608,40.73117912068148,1.548751048490172,0.9830946686816371,1.6792974440777204,bounce_support
EURUSD.a,15m,1,0.22,2021-12-21 13:30:00,1.1278418391453364,2021-12-21 14:45:00,1.1291977834172018,1.126966108291399,1.1291977834172018,target,5,29.83077398103795,-2.6400000000000006,-0.0,0.0,29.83077398103795,41.811417572166555,1.5483573129449186,0.287575964925809,2.0076497781923957,bounce_support
EURUSD.a,15m,1,0.22,2021-12-21 16:45:00,1.1276741185287884,2021-12-21 17:00:00,1.1267628583811553,1.1267849663319678,1.1290500673360644,stop,1,-20.04772324792814,-2.6400000000000006,-0.4863749178763454,0.0,-20.04772324792814,-28.107962604352167,-1.0248640793910537,1.6578922416875146,0.06284803817761676,bounce_support
EURUSD.a,15m,-1,0.19,2021-12-21 20:15:00,1.1270451867881917,2021-12-21 21:30:00,1.1282170741450548,1.1280777044120605,1.125024591175879,stop,5,-22.26585978039952,-2.2800000000000002,-0.3680249268930093,0.0,-22.26585978039952,-31.12452092649993,-1.134980488247861,1.0603336800257663,0.48927667335947694,bounce_resistance
EURUSD.a,15m,-1,0.21,2021-12-21 21:45:00,1.1279975520700511,2021-12-22 02:00:00,1.129041637178174,1.1289071703715212,1.1262456592569576,stop,17,-21.925787270579143,-2.5200000000000005,-0.3038029397119811,1.0520999999999998,-20.873687270579143,-29.209900883809553,-1.092749680296005,1.0250980311652427,0.7668623959344643,bounce_resistance
EURUSD.a,15m,1,0.28,2021-12-22 04:15:00,1.1283191520462048,2021-12-22 04:30:00,1.127633485183952,1.1276479898197374,1.1292740203605254,stop,1,-19.19867214307836,-3.3600000000000008,-0.406129801990314,0.0,-19.19867214307836,-26.888896558933276,-1.0216112218675983,1.443990749160143,0.0,bounce_support
EURUSD.a,15m,-1,0.32,2021-12-22 10:30:00,1.127240281580343,2021-12-22 11:15:00,1.1279686554401773,1.1278334519955784,1.1263691129032258,stop,3,-23.30796351469644,-3.8400000000000007,-0.48651022716742565,0.0,-23.30796351469644,-32.58123446936794,-1.227933560282678,1.2976345412498915,0.5568072376164521,bounce_resistance
EURUSD.a,15m,-1,0.29,2021-12-22 11:30:00,1.1274191312009625,2021-12-22 11:30:00,1.1282187481922978,1.1280824449937417,1.1263242741935484,stop,0,-23.18889274872515,-3.48,-0.4727927581297322,0.0,-23.18889274872515,-32.41479038933874,-1.2054882621769223,1.0264656131826961,0.5112681277763013,bounce_resistance
EURUSD.a,15m,1,0.17,2021-12-22 21:30:00,1.1326724057039192,2021-12-23 10:45:00,1.131556325678891,1.1315695284501477,1.1344509430997047,stop,53,-18.973360425480703,-2.0400000000000005,-0.22444711136264398,-1.207,-20.180360425480703,-27.897701626388578,-1.0763482708241223,1.3350585469815528,1.4032334883944475,bounce_support
EURUSD.a,15m,1,0.22,2021-12-24 02:30:00,1.1325693290417262,2021-12-24 10:30:00,1.1338721429551637,1.1317089285224182,1.1338721429551637,target,32,28.66190609562391,-2.6400000000000006,-0.0,0.0,28.66190609562391,39.592096052966326,1.5141947083960807,0.3478950035581943,1.6163065073371603,bounce_support
EURUSD.a,15m,1,0.32,2021-12-24 14:00:00,1.1328769294061805,2021-12-24 14:45:00,1.1322714094135478,1.1322842165411235,1.1336815669177527,stop,3,-19.376639764246306,-3.8400000000000007,-0.4098280824273699,0.0,-19.376639764246306,-26.7918086421281,-1.021607642301736,2.677399968411647,0.5788141510754934,bounce_support
EURUSD.a,15m,-1,0.14,2021-12-27 00:30:00,1.1304133397049794,2021-12-27 01:00:00,1.1318646754149653,1.131717051002783,1.128215897994434,stop,2,-20.31869993980262,-1.6800000000000004,-0.38674177055213804,0.0,-20.31869993980262,-28.105263074628425,-1.1132339747542328,1.4548161837792737,0.12528824844470998,bounce_resistance
EURUSD.a,15m,-1,0.21,2021-12-27 03:30:00,1.1322767410114911,2021-12-27 10:00:00,1.1333070653337713,1.1331745574232084,1.1305072566371681,stop,26,-21.636810767884818,-2.5200000000000005,-0.262666121822703,0.0,-21.636810767884818,-29.97203320111486,-1.147589093754159,1.2956535137110081,1.0767691466476748,bounce_resistance
EURUSD.a,15m,1,0.24,2021-12-27 21:00:00,1.1326990157416899,2021-12-28 02:45:00,1.1330936842105261,1.1319320369859343,1.1330936842105261,target,23,9.47204325207096,-2.8800000000000003,-0.0,-1.704,7.768043252070961,10.729341508385305,0.42200447718714723,0.6767015876190379,0.5358482946575535,bounce_support
EURUSD.a,15m,1,0.33,2021-12-28 03:15:00,1.1327462383947933,2021-12-28 03:30:00,1.132168991336791,1.1321789448152533,1.1335021103694933,stop,1,-19.049152914076828,-3.9600000000000004,-0.32846478925699707,0.0,-19.049152914076828,-26.348469388877586,-1.0175455510538358,1.1920430958194612,0.0,bounce_support
EURUSD.a,15m,-1,0.28,2021-12-28 11:45:00,1.1326507789246223,2021-12-28 14:30:00,1.1334480287780195,1.133316635993531,1.1312867280129384,stop,11,-22.322995895122766,-3.3600000000000008,-0.31899796568461747,0.0,-22.322995895122766,-30.764030615367222,-1.197328812178788,1.0050521450116583,0.046224521837365834,bounce_resistance
EURUSD.a,15m,1,0.25,2021-12-28 15:00:00,1.1329884448318999,2021-12-28 15:45:00,1.1322413426089075,1.1322554851903677,1.1339490296192645,stop,3,-18.677555574808657,-3.0000000000000004,-0.35356453650153113,0.0,-18.677555574808657,-25.745810347653432,-1.0192951707826485,1.1712034104705609,0.3704912968091993,bounce_support
EURUSD.a,15m,-1,0.37,2021-12-29 01:30:00,1.1313408805029785,2021-12-29 03:15:00,1.1304860355188977,1.1318419822405512,1.1303660355188978,target,7,31.62926441099101,-4.44,-0.0,0.0,31.62926441099101,43.82301962035471,1.7059309916219603,0.17784711235105252,1.9574478183409914,bounce_resistance
EURUSD.a,15m,-1,0.26,2021-12-29 15:30:00,1.1311656812511055,2021-12-29 15:30:00,1.1320363713564994,1.1318948932331576,1.129750213533685,stop,0,-22.63794274024056,-3.1200000000000006,-0.5584312068867252,0.0,-22.63794274024056,-31.309391928856716,-1.194015083163627,1.198991199286064,0.5014745507560004,bounce_resistance
EURUSD.a,15m,1,0.15,2021-12-29 19:45:00,1.1339563400369466,2021-12-30 07:30:00,1.1327035900095497,1.1327136474750272,1.1360327050499457,stop,47,-18.791250410953307,-1.8000000000000003,-0.15086198216416227,-1.065,-19.856250410953308,-27.389820554456595,-1.0652272878759008,1.2041112040096629,1.6284477955898364,bounce_support
EURUSD.a,15m,-1,0.23,2021-12-30 12:15:00,1.1307889552304236,2021-12-30 12:45:00,1.1317324855798192,1.1315957440028415,1.1292685119943169,stop,2,-21.701198036099935,-2.7600000000000002,-0.385056270490963,0.0,-21.701198036099935,-29.880756252719323,-1.1694886959915551,1.1540130470410561,0.20941693315493715,bounce_resistance
EURUSD.a,15m,-1,0.24,2021-12-30 13:00:00,1.1316387790237756,2021-12-30 13:15:00,1.13255353892567,1.1324166239945004,1.1301167520109994,stop,1,-21.95423764546511,-2.8800000000000003,-0.4059583480726193,0.0,-21.95423764546511,-30.22126456805714,-1.1760182765494516,1.0686203646080954,0.34554317877148755,bounce_resistance
EURUSD.a,15m,-1,0.31,2021-12-30 13:30:00,1.1323487431378474,2021-12-30 14:30:00,1.1330895758712878,1.132950301627225,1.1311493967455497,stop,4,-22.965814736652046,-3.7200000000000006,-0.5975015659443252,0.0,-22.965814736652046,-31.571602013488835,-1.2315223648605746,2.5122359485210586,0.9786964164637219,bounce_resistance
EURUSD.a,15m,-1,0.27,2021-12-31 11:15:00,1.132697265210073,2021-12-31 11:15:00,1.1335103589516344,1.133371256766744,1.1314774864665123,stop,0,-21.95353102215658,-3.2400000000000007,-0.5157589920462028,0.0,-21.95353102215658,-30.206985734354166,-1.20638564906883,1.3245489221505278,0.08496428405697064,bounce_resistance
EURUSD.a,15m,1,0.2,2021-12-31 23:15:00,1.137981654374346,2022-01-03 00:00:00,1.1364817587862037,1.1370933114668402,1.138624780487805,stop_gap,3,-29.99791176284461,-3.2,-0.3648242759270623,-1.4200000000000002,-31.41791176284461,-43.2426010086637,-1.7683437047445658,1.780454778196881,0.23453288577388726,bounce_support
EURUSD.a,15m,-1,0.25,2022-01-03 10:00:00,1.1347781225191427,2022-01-03 11:00:00,1.1356235021866994,1.1354830324450254,1.1334639351099496,stop,4,-21.13449168891779,-3.0000000000000004,-0.5117435418511288,0.0,-21.13449168891779,-29.130129684802334,-1.1992733206276496,1.2084912548089504,1.7706127737949826,bounce_resistance
EURUSD.a,15m,-1,0.19,2022-01-03 12:30:00,1.1355242123730298,2022-01-03 13:00:00,1.13576,1.136456842501192,1.1337063149976159,ruin,2,-4.47996491243563,-2.2800000000000002,-0.2952085214351604,0.0,-4.47996491243563,-6.18088176547734,-0.2528200836004696,0.4351002768588508,0.4548559608145202,bounce_resistance
