symbol,tf,side,lots,entry_time,entry_price,exit_time,exit_price,stop_price,target_price,exit_reason,bars_held,gross_ccy,spread_ccy,slippage_ccy,swap_ccy,net_ccy,net_acct,r_multiple,mae_r,mfe_r,tag
USDJPY.a,1h,-1,0.24,2007-01-05 03:00:00,118.39628076118457,2007-01-05 16:00:00,118.91097930160208,118.8737693029777,,stop,13,-12352.764970020302,-720.0,-173.0399669850912,0.0,-12352.764970020302,-133.39102062140776,-1.0779285686828008,1.3271925571985332,0.8927560011885077,cross_dn
USDJPY.a,1h,1,0.26,2007-01-09 05:00:00,118.93313953003398,2007-01-24 10:00:00,120.90608452372419,118.50084200243539,,signal,266,51296.56983594535,-780.0,-203.60476634213484,0.0,51296.56983594535,543.2023970863402,4.563859073286611,0.2385845938257479,6.60855148960913,cross_up
USDJPY.a,1h,1,0.19,2007-01-26 04:00:00,121.38438829943348,2007-01-31 06:00:00,121.54732011704796,120.77234430703136,,signal,73,3095.7045346750792,-570.0,-101.83555217725922,0.0,3095.7045346750792,32.99736269495355,0.26620932422685956,0.38295988906542516,1.283586981195891,cross_up
USDJPY.a,1h,1,0.21,2007-02-02 21:00:00,121.08377333819686,2007-02-05 07:00:00,120.78674939278152,120.53743524272896,,signal,9,-6237.50285372229,-630.0,-136.5255031765826,0.0,-6237.50285372229,-66.80677629494544,-0.5436632515273637,0.7207502853331593,0.17613024352755735,cross_up
USDJPY.a,1h,1,0.29,2007-02-07 17:00:00,120.66290404466785,2007-02-13 13:00:00,121.29689159272365,120.25984014086526,,signal,91,18385.63889361818,-869.9999999999999,-180.28762202784554,0.0,18385.63889361818,195.6450353199982,1.5729206760382846,0.28011450195042725,3.4413797470971423,cross_up
USDJPY.a,1h,1,0.31,2007-02-20 09:00:00,119.93272460469339,2007-02-26 09:00:00,120.90729056515109,119.55207244512232,,signal,92,30211.54477418857,-930.0,-167.9849606327886,0.0,30211.54477418857,315.6864449718122,2.560253333531232,0.6901960177749537,4.406320450661856,cross_up
USDJPY.a,1h,1,0.19,2007-03-07 02:00:00,116.81447020224633,2007-03-07 03:00:00,116.21758982799864,116.22478046684172,,stop,1,-11340.727110706097,-570.0,-136.62213801864837,0.0,-11340.727110706097,-125.75796039772116,-1.0121939359147076,1.0250648196065115,0.02633554023628448,cross_up
USDJPY.a,1h,-1,0.24,2007-03-07 15:00:00,116.27618610618242,2007-03-08 07:00:00,116.78214580574593,116.74456262929044,,stop,16,-12143.032789524112,-720.0,-181.99623493163062,0.0,-12143.032789524112,-133.99739705571682,-1.080241375477346,1.1610613832840488,1.571782678809953,cross_dn
USDJPY.a,1h,1,0.17,2007-03-08 12:00:00,116.86499305080682,2007-03-13 10:00:00,117.3061061598068,116.21208931446729,,signal,69,7498.922852999755,-510.0,-132.39056656867683,0.0,7498.922852999755,81.59461358372414,0.6756173758065259,0.16080938883188253,2.4888920965649644,cross_up
USDJPY.a,1h,1,0.16,2007-03-15 05:00:00,117.26513633364208,2007-03-16 12:00:00,116.6053899961933,116.54972431741326,,signal,31,-10555.941399180485,-480.0,-147.52012181468592,0.0,-10555.941399180485,-113.87120457924959,-0.9221907411152191,0.9856366927677507,0.7056963748236083,cross_up
USDJPY.a,1h,1,0.17,2007-03-19 09:00:00,117.22483214952902,2007-03-21 05:00:00,117.21656741884482,116.56221064032309,,signal,44,-140.50042163145804,-510.0,-116.70775927605715,0.0,-140.50042163145804,-1.494019289990337,-0.012472777550049082,0.4600396233655642,1.2000332609544782,cross_up
USDJPY.a,1h,1,0.26,2007-03-21 11:00:00,117.74338310113838,2007-03-21 20:00:00,117.27988353934582,117.2857363852186,,stop,9,-12050.988606606552,-780.0,-152.17399269241633,0.0,-12050.988606606552,-127.01225429222782,-1.012789004420184,1.2310436883745193,0.4296259363873276,cross_up
USDJPY.a,1h,-1,0.3,2007-03-28 00:00:00,117.84654855616374,2007-03-29 20:00:00,117.8745994545678,118.2465405164193,,signal,44,-841.5269521218249,-900.0,-275.96727406760726,0.0,-841.5269521218249,-8.835714522784903,-0.07012865555132308,0.4586378279179694,3.666445083613029,cross_dn
USDJPY.a,1h,-1,0.42,2007-04-11 00:00:00,119.04763811188401,2007-04-11 03:00:00,119.19258100152727,119.3425618617677,,signal,3,-6087.601365016952,-1260.0,-216.80412829062348,0.0,-6087.601365016952,-61.96194632914484,-0.49145885911331505,0.686149854651554,0.19543394489846164,cross_dn
USDJPY.a,1h,-1,0.37,2007-04-11 05:00:00,118.91721944256068,2007-04-11 09:00:00,119.25278189559103,119.25315196298662,,signal,4,-12415.810762122901,-1110.0,-205.8602737355863,0.0,-12415.810762122901,-126.36934881544539,-0.9988983877026132,0.9906172734255543,0.08102651843937536,cross_dn
USDJPY.a,1h,-1,0.32,2007-04-12 19:00:00,118.9969778027245,2007-04-13 17:00:00,119.41266950320748,119.37568040247085,,stop,22,-13302.134415455384,-960.0,-223.65122357211658,0.0,-13302.134415455384,-134.09834292692057,-1.0976732157672233,1.037812250401088,2.078089253286406,cross_dn
USDJPY.a,1h,1,0.2,2007-04-16 03:00:00,119.29466489960444,2007-04-17 19:00:00,118.94595225734383,118.69780197632619,,signal,40,-6974.252845212164,-600.0,-161.90970624666707,0.0,-6974.252845212164,-70.08999187695252,-0.5842424259582324,0.7617576530088429,0.9639317135592071,cross_up
USDJPY.a,1h,1,0.26,2007-04-20 11:00:00,118.74356099648735,2007-04-23 08:00:00,118.27406116291039,118.27909662670294,,stop,20,-12206.995673000989,-780.0,-130.92205860623014,0.0,-12206.995673000989,-123.61189647106583,-1.0108414425737104,1.1272360821355785,0.5736478852755317,cross_up
USDJPY.a,1h,-1,0.32,2007-04-23 13:00:00,118.42670927545328,2007-04-23 15:00:00,118.70330067575713,118.80913599667444,,signal,2,-8850.924809723438,-960.0,-211.2432484559758,0.0,-8850.924809723438,-89.57571415604774,-0.723253331829548,0.8976640634590676,0.22673435364661065,cross_dn
USDJPY.a,1h,-1,0.27,2007-04-24 03:00:00,118.42651867495701,2007-04-24 13:00:00,118.91114241106816,118.87594760194222,,stop,10,-13084.840875000951,-810.0,-140.25984640052133,0.0,-13084.840875000951,-133.30003364275973,-1.0783100664259173,1.1425195269193051,0.41501261658476624,cross_dn
USDJPY.a,1h,1,0.26,2007-04-24 15:00:00,118.883326948103,2007-04-24 17:00:00,118.42397387880469,118.42944929382567,,stop,2,-11943.17980175623,-780.0,-142.36079054558368,0.0,-11943.17980175623,-121.83571412583638,-1.0120636364654252,1.197077985626077,0.0,cross_up
USDJPY.a,1h,-1,0.3,2007-04-25 04:00:00,118.46688914604354,2007-04-25 17:00:00,118.72324544365345,118.86607649413928,,signal,13,-7690.688928297362,-900.0,-194.7266192074153,0.0,-7690.688928297362,-77.85651610987806,-0.6421954474078934,0.9346760505720708,0.4932249155259452,cross_dn
USDJPY.a,1h,-1,0.3,2007-04-25 18:00:00,118.47670065946465,2007-04-25 20:00:00,118.68317239056366,118.87568045668212,,signal,2,-6194.151932970016,-900.0,-190.34343381876496,0.0,-6194.151932970016,-62.64575534718081,-0.5174992130903885,0.5847397340978124,0.09198626025831858,cross_dn
USDJPY.a,1h,-1,0.41,2007-05-07 05:00:00,119.93757205943896,2007-05-10 02:00:00,120.11286151360639,120.22799199860077,,signal,69,-7186.86762086449,-1230.0,-234.64411572376068,0.0,-7186.86762086449,-72.27951223338434,-0.6035723809919395,0.6970180530485346,1.4378215925674322,cross_dn
USDJPY.a,1h,-1,0.3,2007-05-11 05:00:00,119.92675774243384,2007-05-11 23:00:00,120.1232390738843,120.32953467236926,,signal,18,-5894.439943514129,-900.0,-194.34443305826508,0.0,-5894.439943514129,-58.997888100450915,-0.48781674631158856,0.7032236369932285,1.1340216096961244,cross_dn
USDJPY.a,1h,-1,0.4,2007-05-24 14:00:00,121.37760063551282,2007-05-24 17:00:00,121.71182130077057,121.67760675788882,,stop,3,-13368.826610309838,-1200.0,-168.58171526942172,0.0,-13368.826610309838,-134.04430385946557,-1.1140461488277893,1.007977310903618,0.42532677167466487,cross_dn
USDJPY.a,1h,1,0.28,2007-05-25 18:00:00,121.6730044333367,2007-05-29 09:00:00,121.40811487880586,121.24671089698266,,signal,38,-7416.907526863497,-840.0000000000001,-105.56678687169202,0.0,-7416.907526863497,-74.77084071491792,-0.62137830377716,0.7577042713320666,0.462112487907156,cross_up
USDJPY.a,1h,1,0.34,2007-05-29 20:00:00,121.71261126538347,2007-05-29 22:00:00,121.54745661301119,121.36079119838023,,signal,2,-5615.25818065752,-1020.0,-172.95031523844935,0.0,-5615.25818065752,-56.39014786049668,-0.4694293130549498,0.7180126691896408,0.0,cross_up
USDJPY.a,1h,1,0.35,2007-05-29 23:00:00,121.68243314506104,2007-05-30 04:00:00,121.33780922666743,121.3420766263999,,stop,5,-12061.837143776302,-1050.0,-149.35899063652494,0.0,-12061.837143776302,-121.15463091128778,-1.0125380285039243,1.153006108432267,0.25727979379803806,cross_up
USDJPY.a,1h,-1,0.32,2007-05-30 06:00:00,121.4272051341674,2007-05-30 12:00:00,121.73276941226587,121.79700116977463,,signal,6,-9778.056899151125,-960.0,-177.24238501510274,0.0,-9778.056899151125,-98.16963981651404,-0.8263049050720882,0.7106481425661348,0.1546937464417487,cross_dn
USDJPY.a,1h,-1,0.34,2007-05-30 21:00:00,121.49730355762597,2007-05-30 23:00:00,121.69256989163884,121.8460595503509,,signal,2,-6639.05535643761,-1020.0,-174.7526314408809,0.0,-6639.05535643761,-66.28012424936422,-0.559893845800894,0.5238517650881847,0.13563511054353414,cross_dn
USDJPY.a,1h,-1,0.38,2007-05-31 06:00:00,121.53757778044465,2007-05-31 11:00:00,121.65232979035032,121.84452955552906,,signal,5,-4360.576376415537,-1140.0,-177.06406662394238,0.0,-4360.576376415537,-43.46291333763032,-0.3738437735833725,0.4639889100370558,0.18757923921049702,cross_dn
USDJPY.a,1h,-1,0.41,2007-06-05 00:00:00,121.75780804415012,2007-06-08 16:00:00,121.77444392799435,122.04584021056183,,signal,88,-682.0712376134566,-1230.0,-364.4020955370336,0.0,-682.0712376134566,-6.6523833937868755,-0.0577570347488602,0.5978219654944823,3.4642243489008853,cross_dn
USDJPY.a,1h,-1,0.48,2007-06-20 07:00:00,123.30803709201841,2007-06-20 13:00:00,123.59872505026408,123.56500684367505,,stop,6,-13953.021995792142,-1440.0,-178.47391627343148,0.0,-13953.021995792142,-133.50949320842827,-1.1312146911130718,1.0583459968665174,0.8484932199714466,cross_dn
USDJPY.a,1h,1,0.36,2007-06-20 16:00:00,123.58232920307971,2007-06-25 14:00:00,123.42717675746191,123.24183804696173,,signal,69,-5585.488042240853,-1080.0,-203.27346274270272,0.0,-5585.488042240853,-53.30303442824983,-0.4556724685208636,0.8291821916863159,1.6084728988688417,cross_up
USDJPY.a,1h,1,0.25,2007-06-28 23:00:00,123.21358497101589,2007-07-02 09:00:00,122.72376533182336,122.72856159401572,,stop,33,-12245.490979813312,-750.0,-119.90655480904992,0.0,-12245.490979813312,-116.88596228305005,-1.0098887237601244,1.0588870462128315,0.6936058032188105,cross_up
USDJPY.a,1h,-1,0.31,2007-07-02 10:00:00,122.79667374245234,2007-07-05 00:00:00,122.73205642980481,123.18968851603017,,signal,62,2003.1366920733547,-930.0,-127.49864789786626,0.0,2003.1366920733547,19.056214680611426,0.16441446223326478,0.18657379436435248,1.823528759308623,cross_dn
USDJPY.a,1h,-1,0.32,2007-07-10 16:00:00,122.68630180763483,2007-07-12 21:00:00,122.45380241772878,123.06244897223404,,signal,53,7439.980476993696,-960.0,-243.35473464203596,0.0,7439.980476993696,70.23010308931798,0.6181075169177164,0.1693438057230566,4.58943193011775,cross_dn
USDJPY.a,1h,-1,0.25,2007-07-13 19:00:00,121.97630768412776,2007-07-17 19:00:00,122.40304140545592,122.46204252126266,,signal,47,-10668.343033204053,-750.0,-152.07027279557676,0.0,-10668.343033204053,-99.88983102536118,-0.8785322540282384,0.851683437639348,0.8570677915204608,cross_dn
USDJPY.a,1h,-1,0.35,2007-07-18 07:00:00,121.77700466663323,2007-07-18 11:00:00,122.16798731207494,122.1328333378342,,stop,4,-13684.39259045985,-1050.0,-180.38909842602638,0.0,-13684.39259045985,-128.16810631042586,-1.0987946646404108,1.0201407664582303,0.5817537578817678,cross_dn
USDJPY.a,1h,1,0.3,2007-07-19 22:00:00,122.06293242212786,2007-07-20 17:00:00,121.641696714349,121.64832779048089,,stop,19,-12637.071233365872,-900.0,-198.93228395688828,0.0,-12637.071233365872,-118.29619276344296,-1.0159937338508611,2.973754579706902,0.8129855581525651,cross_up
USDJPY.a,1h,-1,0.22,2007-07-20 19:00:00,121.12555764671329,2007-07-31 14:00:00,119.32527467929503,121.67954755782532,,signal,161,39606.22528320161,-660.0,-232.08588898145925,0.0,39606.22528320161,385.98094393118885,3.249667424095394,0.838358865334635,5.696056161707217,cross_dn
USDJPY.a,1h,-1,0.16,2007-08-01 00:00:00,118.54430717630288,2007-08-02 10:00:00,118.78551592050492,119.27826472845808,,signal,34,-3859.3399072326524,-480.0,-176.50945615742882,0.0,-3859.3399072326524,-38.051404381172205,-0.3286412729097915,0.7979927748917889,1.3274707419276728,cross_dn
USDJPY.a,1h,-1,0.2,2007-08-03 21:00:00,118.64492204682062,2007-08-07 05:00:00,118.65484848310022,119.22933985107095,,signal,31,-198.5287255919843,-600.0,-193.939324008495,0.0,-198.5287255919843,-1.9501001365804203,-0.016985170895559266,0.7102417998914838,2.5579680084152683,cross_dn
USDJPY.a,1h,-1,0.18,2007-08-09 18:00:00,118.6249062700724,2007-08-20 16:00:00,115.21948636546563,119.26992518256127,,signal,164,61297.55828292192,-540.0,-341.5091567622091,0.0,61297.55828292192,666.5048247620724,5.279565976548882,0.37997913732775157,10.906511629135897,cross_dn
USDJPY.a,1h,-1,0.1,2007-08-20 21:00:00,114.3409233933539,2007-08-20 22:00:00,114.88897113474279,115.43838935620407,,signal,1,-5480.47741388885,-300.0,-179.42269485590836,0.0,-5480.47741388885,-59.106486286460544,-0.4993756161380913,0.5276488075695861,0.00995328668375044,cross_dn
USDJPY.a,1h,-1,0.11,2007-08-21 13:00:00,114.08224139187755,2007-08-22 09:00:00,115.06119886881262,115.02250493956137,,stop,20,-10768.532246285873,-330.0,-95.63322176371923,0.0,-10768.532246285873,-116.6191227853858,-1.041152216680704,1.0186065497080365,0.11937226765201445,cross_dn
USDJPY.a,1h,1,0.15,2007-08-22 14:00:00,115.06529972391648,2007-08-28 03:00:00,115.61559622691772,114.34119101124342,,signal,84,8254.447545018522,-450.0,-132.11319246842822,0.0,8254.447545018522,86.73344224495884,0.7599639299599191,0.3663810685789527,2.8099375694188065,cross_up
USDJPY.a,1h,1,0.13,2007-08-30 01:00:00,116.10639061378907,2007-08-30 08:00:00,115.28088780152646,115.28972506685422,,stop,7,-10731.536559413968,-390.0,-114.88444926089949,0.0,-10731.536559413968,-114.20813732801915,-1.0108211560545493,1.1098675794405362,0.0,cross_up
USDJPY.a,1h,-1,0.25,2007-09-04 11:00:00,115.3862607724995,2007-09-04 16:00:00,115.87145964979345,115.83528062506693,,stop,5,-12129.971932348837,-750.0,-154.47561816287393,0.0,-12129.971932348837,-126.85469663762574,-1.080573329931083,1.077322583254516,0.1475675788512122,cross_dn
USDJPY.a,1h,1,0.18,2007-09-04 21:00:00,116.24449146031388,2007-09-05 09:00:00,115.63374830197733,115.6403803423617,,stop,12,-10993.37685005784,-540.0,-119.37672691853982,0.0,-10993.37685005784,-115.48944847393,-1.0109781796548318,1.0337360822472124,0.3567365891504241,cross_up
USDJPY.a,1h,-1,0.2,2007-09-05 15:00:00,115.6255934036736,2007-09-12 00:00:00,114.29466854585982,116.16511873624572,,signal,104,26618.497156275684,-600.0,-186.74183439271584,0.0,26618.497156275684,279.2965831755217,2.4668440524725437,0.23058527341673454,5.644949773079546,cross_dn
USDJPY.a,1h,-1,0.2,2007-09-20 16:00:00,115.10541450010312,2007-09-21 15:00:00,115.71964882419095,115.68150960150338,,stop,23,-12284.686481756638,-600.0,-162.78445375141524,0.0,-12284.686481756638,-122.91203277734493,-1.0662029977253322,1.2056785385062567,1.9708803240009984,cross_dn
USDJPY.a,1h,1,0.18,2007-09-21 22:00:00,115.40483918919521,2007-09-24 05:00:00,115.1159608720431,114.75357068526122,,signal,6,-5199.809708738001,-540.0,-145.40860644849738,0.0,-5199.809708738001,-52.10367163098558,-0.4435625481765815,0.46806990873017457,0.19218004563210334,cross_up
USDJPY.a,1h,1,0.23,2007-09-26 14:00:00,115.23396106863969,2007-09-28 17:00:00,114.7098281490947,114.71716383696537,,stop,51,-12055.057149534592,-690.0,-168.7208210252958,0.0,-12055.057149534592,-118.45120278725797,-1.0141945185095103,1.0525618855916976,1.2307320790006588,cross_up
USDJPY.a,1h,-1,0.19,2007-09-28 18:00:00,114.99515885988959,2007-10-01 12:00:00,115.65819149133011,115.62130732255542,,stop,17,-12597.61999737006,-570.0,-130.79920671907874,0.0,-12597.61999737006,-122.35924479097747,-1.0589064271078072,1.1097066934447357,0.5352705945529973,cross_dn
USDJPY.a,1h,1,0.19,2007-10-01 14:00:00,115.80488987932966,2007-10-16 02:00:00,117.31673545380873,115.18443932100627,,signal,250,28725.06591510229,-570.0,-124.05275526790352,0.0,28725.06591510229,272.0516426147107,2.4366898444969194,0.8782164380705508,3.4251079190143447,cross_up
USDJPY.a,1h,1,0.19,2007-10-24 02:00:00,114.87477026784762,2007-10-24 08:00:00,114.22970498179687,114.23669471282,,stop,6,-12256.240434964284,-570.0,-132.80488943947185,0.0,-12256.240434964284,-119.52528129497138,-1.0109543939868106,1.0104920377645605,0.10222885305416615,cross_up
USDJPY.a,1h,-1,0.2,2007-10-24 09:00:00,114.27530159508092,2007-10-26 14:00:00,114.38353350715728,114.87247758526085,,signal,53,-2164.638241527257,-600.0,-141.3402862916082,0.0,-2164.638241527257,-20.7583015871051,-0.1812395572764933,0.5437231406795863,0.8628973762418821,cross_dn
USDJPY.a,1h,-1,0.27,2007-10-26 19:00:00,114.00624424928425,2007-10-29 12:00:00,114.49600163582772,114.46135105789048,,stop,16,-13223.44943667379,-810.0,-125.56560430565446,0.0,-13223.44943667379,-124.87439738487346,-1.0761372435700531,1.1288685227301403,0.07963899594306262,cross_dn
USDJPY.a,1h,1,0.28,2007-10-29 13:00:00,114.52336464348495,2007-11-02 00:00:00,114.51488886477638,114.0924518385628,,signal,83,-237.32180384001825,-840.0000000000001,-286.22357252228,0.0,-237.32180384001825,-2.268694734588234,-0.019669359118031252,0.3559064426332214,3.2179024170923163,cross_up
USDJPY.a,1h,1,0.29,2007-11-07 03:00:00,114.74321955391572,2007-11-07 04:00:00,114.30589270410528,114.31159851134503,,stop,1,-12682.47864450295,-869.9999999999999,-165.46840995293937,0.0,-12682.47864450295,-118.66355785713556,-1.0132194834750556,1.4439044727844514,0.06204620128057707,cross_up
USDJPY.a,1h,-1,0.26,2007-11-07 05:00:00,114.43611069075634,2007-11-14 04:00:00,111.08581697446017,114.90548393664639,,signal,118,87107.63662370027,-780.0,-302.48267192915824,0.0,87107.63662370027,869.6716551861131,7.137802901277709,0.24264124604651574,11.32597722027296,cross_dn
USDJPY.a,1h,-1,0.14,2007-11-15 19:00:00,110.77327121005742,2007-11-19 04:00:00,110.90604536568453,111.61810633842423,,signal,32,-1858.8381787796493,-420.00000000000006,-169.27023916685752,0.0,-1858.8381787796493,-18.74449134764215,-0.15715984239882358,0.647142586269446,1.1993715413044108,cross_dn
USDJPY.a,1h,-1,0.17,2007-11-19 08:00:00,110.42449356285621,2007-11-27 21:00:00,108.67707490642483,111.1266357693565,,signal,156,29706.117159333433,-510.0,-240.5468184443169,0.0,29706.117159333433,312.8649665799314,2.4886962217256654,0.49207473065307483,4.578123253519186,cross_dn
USDJPY.a,1h,-1,0.23,2007-12-04 12:00:00,109.99595237723605,2007-12-05 09:00:00,110.53131925891854,110.49525691053194,,stop,21,-12313.43827869732,-690.0,-139.43401289182907,0.0,-12313.43827869732,-128.00283226927627,-1.0722251571572206,1.3499729680293422,0.8931470625598864,cross_dn
USDJPY.a,1h,1,0.2,2007-12-05 15:00:00,110.35454254176739,2007-12-11 23:00:00,110.60523125524318,109.77542706977464,,signal,103,5013.774269515921,-600.0,-190.74979027251433,0.0,5013.774269515921,51.90128826490635,0.43288208586997357,0.1805210650091137,3.065809055529489,cross_up
USDJPY.a,1h,1,0.17,2007-12-12 19:00:00,112.37575298534506,2007-12-13 09:00:00,111.65690878338037,111.66402120355093,,stop,13,-12220.351433399657,-510.0,-120.91114289957483,0.0,-12220.351433399657,-124.39540110804876,-1.0099931186894988,1.3850062770278144,0.0,cross_up
USDJPY.a,1h,-1,0.27,2007-12-20 17:00:00,113.02640378552266,2007-12-21 13:00:00,113.33290849970909,113.45602887195055,,signal,20,-8275.627283033644,-810.0,-157.0589842911317,0.0,-8275.627283033644,-84.4700898623574,-0.7134236893261027,0.8230343749647026,0.5037037928160651,cross_dn
USDJPY.a,1h,-1,0.24,2007-12-27 23:00:00,113.67606913782171,2008-01-08 12:00:00,109.614648250417,114.16800067784683,,signal,140,97474.10129771299,-720.0,-223.1160200162244,0.0,97474.10129771299,1011.9037866854242,8.256069304272113,0.6991437511014639,11.761939755938894,cross_dn
USDJPY.a,1h,-1,0.16,2008-01-09 01:00:00,108.90432237869476,2008-01-09 08:00:00,109.67693503151419,109.63929517570514,,stop,7,-12361.802445110925,-480.0,-122.23769294483586,0.0,-12361.802445110925,-127.9295271222013,-1.0512125835978596,1.0825946545801226,0.11472857095903256,cross_dn
USDJPY.a,1h,1,0.18,2008-01-09 10:00:00,109.60514774024398,2008-01-11 07:00:00,109.2647854394029,108.94203496715667,,signal,45,-6126.521415139421,-540.0,-187.72418149539183,0.0,-6126.521415139421,-62.8965467903236,-0.5132796632108707,0.7617825515441792,0.7311761730944498,cross_up
USDJPY.a,1h,1,0.14,2008-01-18 15:00:00,107.44627282280638,2008-01-18 17:00:00,107.03368720890676,106.62865846837272,,signal,2,-5776.198594594718,-420.00000000000006,-176.75815061103208,0.0,-5776.198594594718,-61.33676303277478,-0.5046212944553924,0.5091310109088277,0.07794283068546326,cross_up
USDJPY.a,1h,1,0.12,2008-01-23 02:00:00,107.0974646538087,2008-01-23 06:00:00,106.1859297043487,106.19629660267609,,stop,4,-10938.419393520064,-360.0,-124.40277992869807,0.0,-10938.419393520064,-119.27228890971908,-1.0115038458302656,1.1290509606170813,0.28023113544016603,cross_up
USDJPY.a,1h,-1,0.13,2008-01-23 13:00:00,105.96334631331337,2008-01-23 23:00:00,106.84212618128606,106.79991936166162,,stop,10,-11424.13828364505,-390.0,-158.68865511773535,0.0,-11424.13828364505,-122.65506658009893,-1.0504520432588327,1.0240034488058374,1.1873993732820418,cross_dn
USDJPY.a,1h,1,0.12,2008-01-24 08:00:00,106.59686146167655,2008-01-24 12:00:00,106.06297587966097,105.70403400507946,,signal,4,-6406.626984187028,-360.0,-168.57888813661947,0.0,-6406.626984187028,-69.165391498553,-0.5979717335871704,0.7357092983902048,0.02591602459409228,cross_up
USDJPY.a,1h,1,0.12,2008-01-24 14:00:00,106.70732385886376,2008-01-28 08:00:00,106.24478410630819,105.7575574606488,,signal,41,-5550.477030666855,-360.0,-125.1814486033497,0.0,-5550.477030666855,-59.50839005478821,-0.487003702620867,0.7131478436558236,1.2452284512897294,cross_up
USDJPY.a,1h,1,0.17,2008-01-29 02:00:00,107.0152791097592,2008-01-29 04:00:00,106.70463893087089,106.32858137856958,,signal,2,-5280.883041101447,-510.0,-182.27635038953227,0.0,-5280.883041101447,-55.86918337293577,-0.4523681450791631,0.47368601203283334,0.09424945984410203,cross_up
USDJPY.a,1h,1,0.15,2008-01-29 18:00:00,106.9556510073099,2008-01-31 00:00:00,106.18909120406003,106.19736440059195,,stop,30,-11498.397048747933,-450.0,-124.09794797870059,0.0,-11498.397048747933,-121.48433483852558,-1.0109103819830414,1.1415881536621724,0.6519289518112065,cross_up
USDJPY.a,1h,-1,0.16,2008-01-31 01:00:00,106.24450706881358,2008-02-04 03:00:00,106.96763424772188,106.9294330443261,,stop,49,-11570.034862532793,-480.0,-131.21925433222992,0.0,-11570.034862532793,-119.80142949630283,-1.055774207376478,1.044628115689462,0.7949867405833461,cross_dn
USDJPY.a,1h,1,0.17,2008-02-04 05:00:00,106.90497756249621,2008-02-06 06:00:00,106.56584406004161,106.23109735628013,,signal,49,-5765.269541728217,-510.0,-141.30195858498345,0.0,-5765.269541728217,-60.422761827576984,-0.5032548802091632,0.7790369232597429,1.1946076321547954,cross_up
USDJPY.a,1h,1,0.15,2008-02-07 21:00:00,107.7359793209282,2008-02-11 09:00:00,106.99293572619918,106.99932218274334,,stop,35,-11145.653920935245,-450.0,-95.796848162492,0.0,-11145.653920935245,-115.9650239307827,-1.0086695101603167,1.5963726677865953,0.10048185951770859,cross_up
USDJPY.a,1h,-1,0.2,2008-02-11 13:00:00,106.68566872682635,2008-02-12 15:00:00,107.29182088302105,107.256132927221,,stop,26,-12123.043123893922,-600.0,-113.75911600074274,0.0,-12123.043123893922,-124.70624622792897,-1.0625595011489828,1.445018412379557,0.46570622072788403,cross_dn
USDJPY.a,1h,1,0.22,2008-02-12 16:00:00,107.41384968692383,2008-02-15 18:00:00,107.58562876298109,106.89600368333025,,signal,74,3779.1396732597773,-660.0,-192.3344288323959,0.0,3779.1396732597773,38.718885963271816,0.33171845464714844,0.8377967270445951,2.271235666422683,cross_up
USDJPY.a,1h,1,0.28,2008-02-18 11:00:00,108.14321582901253,2008-02-19 09:00:00,107.72135028170905,107.72556147908189,,stop,22,-11812.235324497522,-840.0000000000001,-117.91352643955422,0.0,-11812.235324497522,-119.15903686570685,-1.010082972614888,1.1809186929201907,0.3753921658268379,cross_up
USDJPY.a,1h,-1,0.26,2008-02-19 13:00:00,107.28649658461465,2008-02-19 15:00:00,107.7743035253451,107.73892130187475,,stop,2,-12682.980458991722,-780.0,-139.93781022896533,0.0,-12682.980458991722,-127.93861272358095,-1.0782057701989094,1.0244873847572673,0.03646260689416145,cross_dn
USDJPY.a,1h,1,0.2,2008-02-20 17:00:00,108.0145296429049,2008-02-21 19:00:00,107.41815585000438,107.42447114741732,,stop,26,-11927.475858010439,-600.0,-126.30594825885808,0.0,-11927.475858010439,-120.79990570965101,-1.0107028327890117,1.3465269104351463,0.5854849302858071,cross_up
USDJPY.a,1h,-1,0.21,2008-02-21 20:00:00,107.28579053017295,2008-02-25 13:00:00,107.86152136026382,107.82627478441191,,stop,40,-12090.347431908398,-630.0,-110.17809289018662,0.0,-12090.347431908398,-121.18719414239433,-1.0652129559288348,1.2659193389277659,1.065323412582489,cross_dn
USDJPY.a,1h,1,0.24,2008-02-25 16:00:00,107.73349733409783,2008-02-26 20:00:00,107.25022707491358,107.25574348683104,,stop,28,-11598.486220422046,-720.0,-132.3938860187752,0.0,-11598.486220422046,-116.11443662634053,-1.0115465567656106,1.0329531345924463,0.9973811171342839,cross_up
USDJPY.a,1h,-1,0.25,2008-02-26 23:00:00,107.26651541375543,2008-03-05 18:00:00,103.99516114690051,107.72407891753778,,signal,138,81783.85667137285,-750.0,-258.0573450256573,0.0,81783.85667137285,844.2834841757978,7.149508734444394,0.22616442393054217,10.176763171151801,cross_dn
USDJPY.a,1h,-1,0.2,2008-03-06 16:00:00,103.27551541844865,2008-03-11 18:00:00,102.88757842397972,103.83984751652817,,signal,73,7758.739889378603,-600.0,-303.1369591891099,0.0,7758.739889378603,81.53556626629498,0.6874267754556597,0.4155081420130671,3.305704964855266,cross_dn
USDJPY.a,1h,-1,0.14,2008-03-12 21:00:00,102.01365919179347,2008-03-18 23:00:00,99.86911831967421,102.79626264318769,,signal,97,30023.572209669514,-420.00000000000006,-255.3129508778682,0.0,30023.572209669514,323.0846914888882,2.7402650324359152,0.008102198112255383,7.978062428258231,cross_dn
USDJPY.a,1h,-1,0.14,2008-03-26 12:00:00,99.3333513118838,2008-03-27 14:00:00,100.17650863098696,100.13655416948842,,stop,26,-11804.202467444185,-420.00000000000006,-139.36246097949027,0.0,-11804.202467444185,-128.12331828757706,-1.0497439234936172,1.0167402672740544,0.9752845180605871,cross_dn
USDJPY.a,1h,1,0.14,2008-03-28 07:00:00,99.83610422956221,2008-03-28 22:00:00,99.19411965186134,99.04981525124155,,signal,15,-8987.784087812146,-420.00000000000006,-164.64974788232053,0.0,-8987.784087812146,-98.75111652874484,-0.8164740895542104,0.9361751847703325,0.6917250342226979,cross_up
USDJPY.a,1h,1,0.12,2008-03-31 06:00:00,100.00665703208256,2008-03-31 12:00:00,99.34376185783965,99.12232260427078,,signal,6,-7954.742090914862,-360.0,-149.71541184813267,0.0,-7954.742090914862,-87.64072649428,-0.7495978369667122,0.8556231763529207,0.0,cross_up
USDJPY.a,1h,1,0.13,2008-03-31 20:00:00,99.88608812124716,2008-04-04 23:00:00,101.58383810258384,99.06544521672902,,signal,99,22070.749757376903,-390.0,-160.2093328201319,0.0,22070.749757376903,235.7066527056272,2.0688048016860185,0.3851713327525346,3.72136511744536,cross_up
USDJPY.a,1h,1,0.14,2008-04-07 08:00:00,102.49581214212596,2008-04-08 13:00:00,102.01511237288757,101.71182702150512,,signal,29,-6729.796769337384,-420.00000000000006,-136.85355914796182,0.0,-6729.796769337384,-71.02645304814831,-0.6131490975973072,0.9513090523138307,0.45177880109963736,cross_up
USDJPY.a,1h,1,0.18,2008-04-08 18:00:00,102.59475290826266,2008-04-09 18:00:00,101.94955447824144,101.95710850310405,,stop,24,-11613.571740382042,-540.0,-135.9724475270113,0.0,-11613.571740382042,-122.88281461395326,-1.0118467672600922,1.3091197876268008,0.36893147628076317,cross_up
USDJPY.a,1h,-1,0.18,2008-04-09 19:00:00,101.82466655603743,2008-04-11 09:00:00,102.09635246376372,102.44950207188431,,signal,38,-4890.3463390732895,-540.0,-228.6886954937558,0.0,-4890.3463390732895,-51.53549664384663,-0.43481188382523245,0.680712656651868,2.888226597669378,cross_dn
USDJPY.a,1h,-1,0.12,2008-04-11 15:00:00,101.12287272234744,2008-04-15 20:00:00,101.51547224600084,102.02444122245875,,signal,52,-4711.194283840826,-360.0,-131.3339040200146,0.0,-4711.194283840826,-50.129732694738436,-0.43546277804174705,0.6179533530550197,0.9127123698818747,cross_dn
USDJPY.a,1h,-1,0.15,2008-04-22 19:00:00,102.70394916962564,2008-04-23 17:00:00,103.50957876497655,103.4722271657774,,stop,22,-12084.443930263616,-450.0,-110.27398798737013,0.0,-12084.443930263616,-123.01972325715855,-1.0486172965856715,1.2444074087285324,0.04418865279975734,cross_dn
USDJPY.a,1h,1,0.18,2008-04-23 18:00:00,103.64492241855186,2008-04-29 13:00:00,104.24646657984769,103.0073667334035,,signal,90,10827.794903325013,-540.0,-127.20312548327752,0.0,10827.794903325013,111.36460962241792,0.9435162689449742,0.6664867531578529,1.827413053617483,cross_up
USDJPY.a,1h,1,0.19,2008-04-30 17:00:00,104.6748051538505,2008-04-30 21:00:00,104.0361805300585,104.0446908278169,,stop,4,-12133.867852047957,-570.0,-161.69565740941775,0.0,-12133.867852047957,-123.33308551300178,-1.0135059582154902,1.2613665822416398,0.18281578658054978,cross_up
USDJPY.a,1h,-1,0.18,2008-05-01 02:00:00,103.90497667665059,2008-05-01 20:00:00,104.59469955134033,104.55698583549692,,stop,18,-12415.011744415238,-540.0,-138.84688518129298,0.0,-12415.011744415238,-127.58828488883437,-1.0578423099303402,1.035297302485448,0.5751095234828892,cross_dn
USDJPY.a,1h,1,0.17,2008-05-01 22:00:00,104.39488305434536,2008-05-06 13:00:00,104.66625551664147,103.73381960735556,,signal,62,4613.331859033934,-510.0,-127.31243418986286,0.0,4613.331859033934,46.56952790712088,0.41050895119345615,0.11327665247012057,1.9742688112579656,cross_up
USDJPY.a,1h,1,0.24,2008-05-07 12:00:00,105.2537262626016,2008-05-07 21:00:00,104.75079907105255,104.75723388055293,,stop,9,-12070.25259717716,-720.0,-154.43542800898186,0.0,-12070.25259717716,-121.96514821494009,-1.0129605402480188,1.034711268845303,0.6772988862605249,cross_up
USDJPY.a,1h,-1,0.19,2008-05-08 06:00:00,104.26552111223668,2008-05-13 01:00:00,103.85461556139359,104.85792719890686,,signal,66,7807.205466018843,-570.0,-175.39133295638598,0.0,7807.205466018843,79.51498121836563,0.6936214196459913,0.46332894603788466,2.8452123470079926,cross_dn
USDJPY.a,1h,-1,0.24,2008-05-16 09:00:00,104.53593424089657,2008-05-16 15:00:00,105.05117574314819,105.0138521870023,,stop,6,-12365.796054039038,-720.0,-175.76534750140783,0.0,-12365.796054039038,-124.0761380708146,-1.0780961594977125,1.1593323992500937,0.8075324311240171,cross_dn
USDJPY.a,1h,1,0.19,2008-05-22 21:00:00,104.0947830140811,2008-05-23 12:00:00,103.46514118603953,103.4715173352363,,stop,15,-11963.194732789845,-570.0,-121.14683473867332,0.0,-11963.194732789845,-120.25942251154851,-1.0102302267126053,1.0345235362168157,0.4576170252909343,cross_up
USDJPY.a,1h,-1,0.2,2008-05-23 19:00:00,103.21544960741419,2008-05-27 09:00:00,103.83249242959431,103.79832207885855,,stop,37,-12340.85644360249,-600.0,-83.40701471515753,0.0,-12340.85644360249,-123.84140252197946,-1.058624059995644,1.3288505299735103,0.2666957439746277,cross_dn
USDJPY.a,1h,1,0.31,2008-05-27 11:00:00,103.892867650593,2008-06-02 15:00:00,104.79601763964496,103.52050857401873,,signal,99,27997.649660610576,-930.0,-246.90634201214382,0.0,27997.649660610576,279.7794423492703,2.425481332054528,0.571673054277057,5.309746623062768,cross_up
USDJPY.a,1h,1,0.17,2008-06-04 01:00:00,105.1653102198812,2008-06-09 01:00:00,104.43496880561909,104.46016270829834,,signal,71,-12415.804042455933,-510.0,-171.06060895095962,0.0,-12415.804042455933,-123.30204066763243,-1.0357285564586267,0.9009607343789755,1.7793295154688367,cross_up
USDJPY.a,1h,1,0.15,2008-06-09 18:00:00,106.09563344133181,2008-06-18 01:00:00,107.94672674972762,105.33203674379475,,signal,150,27766.399625937054,-450.0,-98.19750817152152,0.0,27766.399625937054,272.4161978653129,2.424176681704343,0.20381628395434545,3.2535061593133525,cross_up
USDJPY.a,1h,1,0.31,2008-06-18 12:00:00,108.3029553896065,2008-06-18 17:00:00,107.90246539180211,107.907159091432,,stop,5,-12415.189931935942,-930.0,-145.50468852694786,0.0,-12415.189931935942,-121.95068458458036,-1.011858877032315,1.0938843834654073,0.2957193155503105,cross_up
USDJPY.a,1h,-1,0.28,2008-06-18 21:00:00,107.76667130960833,2008-06-23 20:00:00,107.89346065841134,108.1992467834941,,signal,70,-3550.1017664844317,-840.0000000000001,-193.79687103515428,0.0,-3550.1017664844317,-34.57607717350514,-0.29310341537415646,0.6780982928984314,1.4949329045388242,cross_dn
USDJPY.a,1h,-1,0.26,2008-06-26 15:00:00,107.55627205750599,2008-07-02 14:00:00,106.76466434658526,108.03145379726965,,signal,94,20581.80048393896,-780.0,-242.54602243376897,0.0,20581.80048393896,201.15136360669163,1.665905157286676,0.21829109541455802,5.4216562673207225,cross_dn
USDJPY.a,1h,-1,0.2,2008-07-02 23:00:00,105.9652800196133,2008-07-03 13:00:00,106.41390255620654,106.56461274436296,,signal,14,-8972.450731864683,-600.0,-156.10224826140265,0.0,-8972.450731864683,-87.81144283448265,-0.7485366943388988,0.6752843014800396,0.3091438394102265,cross_dn
USDJPY.a,1h,-1,0.21,2008-07-08 13:00:00,106.64535715432432,2008-07-08 15:00:00,107.24676168158763,107.20922922557341,,stop,2,-12629.495072529564,-630.0,-158.1815762986019,0.0,-12629.495072529564,-123.71359239188355,-1.0665620056887668,1.1964466411347587,0.1691113271722834,cross_dn
USDJPY.a,1h,1,0.18,2008-07-08 16:00:00,107.22500580610404,2008-07-10 00:00:00,106.75619442927574,106.57229533214841,,signal,32,-8438.60478290938,-540.0,-137.00054607385252,0.0,-8438.60478290938,-82.70164684742296,-0.7182531850410805,0.8349886019158388,0.6664427970027267,cross_up
USDJPY.a,1h,1,0.27,2008-07-11 11:00:00,107.23313268888614,2008-07-11 14:00:00,106.77185932041513,106.77752264994292,,stop,3,-12454.380948717331,-810.0,-152.9098972504595,0.0,-12454.380948717331,-121.19229592752268,-1.012430212338885,1.6749689946609132,0.0,cross_up
USDJPY.a,1h,-1,0.26,2008-07-11 15:00:00,106.57565127219708,2008-07-17 15:00:00,105.6355882132274,107.04194412731623,,signal,95,24441.639533211797,-780.0,-290.5870878246588,0.0,24441.639533211797,236.7114128069949,2.0160357351593436,0.4811326730399769,6.038375328478068,cross_dn
USDJPY.a,1h,-1,0.29,2008-07-25 06:00:00,107.05656654430744,2008-07-25 15:00:00,107.51538884423586,107.47834980476719,,stop,9,-13305.84669792401,-869.9999999999999,-204.13214459127792,0.0,-13305.84669792401,-129.179123596866,-1.0878153377360062,1.691469345926397,1.1535937765218292,cross_dn
USDJPY.a,1h,1,0.21,2008-07-25 19:00:00,107.91430947012121,2008-07-29 03:00:00,107.42713708797277,107.33103286829882,,signal,31,-10230.620025117318,-630.0,-120.24230514412314,0.0,-10230.620025117318,-99.44039373440741,-0.8352338849635339,0.9674817545536485,0.2669240106535093,cross_up
USDJPY.a,1h,1,0.3,2008-07-29 15:00:00,107.85288236901897,2008-08-01 03:00:00,107.73667724609722,107.44698878590614,,signal,60,-3486.15368765266,-900.0,-199.36523416637004,0.0,-3486.15368765266,-34.50558861125711,-0.2862945554117156,0.6969372781149482,1.2740226810564974,cross_up
USDJPY.a,1h,1,0.26,2008-08-04 15:00:00,108.10341227068321,2008-08-12 23:00:00,109.32579338574368,107.64488663879747,,signal,151,31781.90899157227,-780.0,-218.74394132839348,0.0,31781.90899157227,333.05470748452603,2.6658948378377483,0.9452301911689274,5.008635438485391,cross_up
USDJPY.a,1h,1,0.18,2008-08-14 13:00:00,109.76450095467129,2008-08-19 06:00:00,109.75651780519892,109.15064071732625,,signal,64,-143.69669050259404,-540.0,-125.35901283869973,0.0,-143.69669050259404,-1.5078348726292377,-0.01300483234896218,0.7241077490110412,1.458799561935734,cross_up
USDJPY.a,1h,1,0.27,2008-08-20 15:00:00,110.11301884268691,2008-08-20 17:00:00,109.79669803870362,109.68477117676113,,signal,2,-8540.66170754878,-810.0,-178.30591000411656,0.0,-8540.66170754878,-89.34585808948141,-0.7386398786306735,0.8243333724277405,0.0,cross_up
USDJPY.a,1h,1,0.26,2008-08-20 20:00:00,110.00325962425953,2008-08-20 21:00:00,109.90671606318759,109.56620442660271,,signal,1,-2510.13258787043,-780.0,-170.7647142455288,0.0,-2510.13258787043,-26.220935162462393,-0.2208955792987663,0.28202301430199966,0.015422252787782262,cross_up
USDJPY.a,1h,1,0.19,2008-08-22 18:00:00,109.94445648016476,2008-08-25 18:00:00,109.34814056795841,109.35470459320436,,stop,23,-11330.002331920654,-570.0,-124.71647967305765,0.0,-11330.002331920654,-119.71147039488034,-1.0111301470857201,1.4488406040863264,0.5520008109055786,cross_up
USDJPY.a,1h,-1,0.24,2008-08-26 01:00:00,109.31625217219143,2008-08-26 08:00:00,109.8150521665657,109.77951528192199,,stop,7,-11971.199864982735,-720.0,-132.88523144922246,0.0,-11971.199864982735,-127.20213075666348,-1.0767099384718704,1.0658043289821728,0.3804580345150627,cross_dn
USDJPY.a,1h,1,0.23,2008-08-26 11:00:00,109.84365039736693,2008-08-26 16:00:00,109.35902742381785,109.36513881599137,,stop,5,-11146.32839162883,-690.0,-140.56201999109595,0.0,-11146.32839162883,-119.06261612499806,-1.0127716703448528,1.366007475697684,0.15955643625927265,cross_up
USDJPY.a,1h,-1,0.22,2008-08-27 05:00:00,109.29624359098234,2008-08-27 17:00:00,109.83209491230187,109.7945165985298,,stop,12,-11788.729069029585,-660.0,-166.7229029857136,0.0,-11788.729069029585,-125.2258245509611,-1.075417117128293,1.1314207281516586,1.1966202903847967,cross_dn
USDJPY.a,1h,1,0.19,2008-08-28 02:00:00,109.58406150275927,2008-08-28 03:00:00,109.39595717600925,109.02787462855953,,signal,1,-3573.9822082504134,-570.0,-153.62731164859946,0.0,-3573.9822082504134,-37.92284617163263,-0.33820346267731133,0.34891420808607004,0.0,cross_up
USDJPY.a,1h,1,0.21,2008-08-28 04:00:00,109.5839969079914,2008-08-28 07:00:00,109.19588556601417,109.05464700115593,,signal,3,-8150.338181521959,-630.0,-172.80622740512155,0.0,-8150.338181521959,-86.18329868191508,-0.7331848687712369,0.7631944443072535,0.011340498847888902,cross_up
USDJPY.a,1h,1,0.13,2008-09-02 18:00:00,108.8757737741955,2008-09-03 19:00:00,108.10017775525914,108.10853039676014,,stop,25,-10082.748246172612,-390.0,-108.58433951311945,0.0,-10082.748246172612,-111.48887850127399,-1.0108865605708135,1.011118240979368,0.2792154772591189,cross_up
USDJPY.a,1h,-1,0.15,2008-09-03 20:00:00,108.36460074573748,2008-09-08 06:00:00,108.64861549824447,109.05605345841744,,signal,57,-4260.221287604863,-450.0,-258.464947334038,0.0,-4260.221287604863,-47.14101953408949,-0.41075079654571706,0.976782998861613,4.113948348994479,cross_dn
USDJPY.a,1h,-1,0.11,2008-09-09 09:00:00,107.46298106743832,2008-09-09 14:00:00,108.09694170756163,108.36716399868709,,signal,5,-6973.567041356361,-330.0,-152.71756635569963,0.0,-6973.567041356361,-79.46349174342957,-0.701142012543569,0.7819423571568812,0.014356682690735785,cross_dn
USDJPY.a,1h,-1,0.11,2008-09-09 18:00:00,107.4326076189695,2008-09-11 02:00:00,107.78725905622183,108.33474360025899,,signal,32,-3901.1658097756194,-330.0,-159.6992368800331,0.0,-3901.1658097756194,-45.5541480260475,-0.39312414603550055,0.5402648726346518,0.9007595704230461,cross_dn
USDJPY.a,1h,-1,0.1,2008-09-11 03:00:00,107.3929880192226,2008-09-12 20:00:00,107.43632045653173,108.31738202772746,,signal,41,-433.3243730913239,-300.0,-126.40913063456351,0.0,-433.3243730913239,-4.915218755158025,-0.04687658824100273,0.3970298134785837,1.442012828900314,cross_dn
USDJPY.a,1h,-1,0.09,2008-09-15 03:00:00,106.36088667146669,2008-09-17 07:00:00,105.99108290852236,107.46756345640836,,signal,52,3328.233866498962,-270.0,-199.49235340238187,0.0,3328.233866498962,39.35122647663096,0.33415697155319,0.31546096681851643,2.5489706749521854,cross_dn
USDJPY.a,1h,-1,0.06,2008-09-17 18:00:00,104.72915523810211,2008-09-19 03:00:00,105.94021253701969,106.1117948708697,,signal,33,-7266.343793505484,-180.0,-122.55044423618868,0.0,-7266.343793505484,-85.14322828987295,-0.8759023466537265,0.8829811709173719,0.5345971723829204,cross_dn
USDJPY.a,1h,-1,0.08,2008-09-22 23:00:00,105.14109447211877,2008-09-24 10:00:00,106.34505773480515,106.30574413785868,,stop,35,-9631.70610149109,-240.0,-74.50877557176221,0.0,-9631.70610149109,-108.42006313580147,-1.0337557276689677,1.0294130184801613,0.0,cross_dn
USDJPY.a,1h,1,0.13,2008-09-24 14:00:00,106.1560853106759,2008-09-24 17:00:00,105.53340735147415,105.39159279362866,,signal,3,-8094.813469622778,-390.0,-171.40886167231662,0.0,-8094.813469622778,-91.1399508387183,-0.8144984356508376,0.832036019309526,0.0836040744662299,cross_up
USDJPY.a,1h,1,0.11,2008-09-24 18:00:00,106.02647888791687,2008-09-25 12:00:00,105.82471233688769,105.17591893426771,,signal,18,-2219.432061320987,-330.0,-116.32858847097592,0.0,-2219.432061320987,-24.977041815211038,-0.23721614233487318,0.6660070057219494,0.3450916197310193,cross_up
USDJPY.a,1h,1,0.15,2008-09-25 14:00:00,105.94509803605092,2008-09-26 11:00:00,105.35418745731754,105.27411053160606,,signal,21,-8863.658681000785,-450.0,-174.3762804737253,0.0,-8863.658681000785,-101.47090140597886,-0.8806580969376896,0.9465124638593091,1.587066758910983,cross_up
USDJPY.a,1h,1,0.13,2008-09-29 02:00:00,106.32557254830247,2008-09-29 16:00:00,105.57081647544716,105.5798492669759,,stop,14,-9811.828947119096,-390.0,-117.42628987357658,0.0,-9811.828947119096,-114.42992781411208,-1.0121127927140352,1.375272267855275,0.8507545192486526,cross_up
USDJPY.a,1h,-1,0.1,2008-09-29 18:00:00,104.8327219667743,2008-09-30 17:00:00,105.79181419520218,105.74896601115223,,stop,23,-9590.922284278777,-300.0,-128.48184049937413,0.0,-9590.922284278777,-114.43567416472528,-1.0467650341771504,1.5031781561655553,1.4654632409490007,cross_dn
USDJPY.a,1h,1,0.09,2008-09-30 22:00:00,106.37781570377479,2008-10-01 17:00:00,105.32429975879248,105.33442449185613,,stop,19,-9481.643504840775,-270.0,-91.12259757278751,0.0,-9481.643504840775,-113.5913222172515,-1.0097036786854185,1.004240491778718,0.14585545142302672,cross_up
USDJPY.a,1h,-1,0.11,2008-10-02 13:00:00,105.31381042399853,2008-10-03 20:00:00,106.16311889075969,106.12128907711981,,stop,31,-9342.393134372742,-330.0,-130.12795003863968,0.0,-9342.393134372742,-113.8828997634188,-1.0518029962503495,1.023172034093858,0.9830729529877862,cross_dn
USDJPY.a,1h,1,0.05,2008-10-13 11:00:00,100.59046942524903,2008-10-15 21:00:00,100.62066905383558,99.2179619857078,,signal,58,150.99814293279223,-150.0,-93.30946164405877,0.0,150.99814293279223,2.224199814505232,0.022003253109253107,0.4374981205564502,1.79199799133555,cross_up
USDJPY.a,1h,1,0.06,2008-10-17 03:00:00,101.44935000838373,2008-10-21 15:00:00,101.0139755773507,100.22865271757468,,signal,59,-2612.2465861981536,-180.0,-72.29307179142867,0.0,-2612.2465861981536,-37.95045988939726,-0.3566604385141768,0.6957908523093416,0.7869682343438013,cross_up
USDJPY.a,1h,1,0.03,2008-10-28 17:00:00,95.02471259469498,2008-11-05 23:00:00,98.19004957077276,93.1536891756768,,signal,148,9496.010928233345,-90.0,-59.70257536348561,0.0,9496.010928233345,142.30603621518625,1.691767694569428,0.05062074249432385,2.947738306877635,cross_up
USDJPY.a,1h,1,0.06,2008-11-10 03:00:00,99.21886088080838,2008-11-10 18:00:00,98.02037138780359,98.0318045065658,,stop,15,-7190.936958028714,-180.0,-68.59871257328754,0.0,-7190.936958028714,-108.70760801541303,-1.0096314876111152,1.0941863495212205,0.21998881001607942,cross_up
USDJPY.a,1h,-1,0.08,2008-11-11 02:00:00,97.98291382829878,2008-11-14 05:00:00,97.151650355611,98.83583080593249,,signal,75,6650.107781502243,-240.0,-186.40568977585414,0.0,6650.107781502243,103.65166183032592,0.974612411859821,0.36004227815137785,4.118705478280927,cross_dn
USDJPY.a,1h,-1,0.06,2008-11-17 18:00:00,96.57045902032414,2008-11-17 19:00:00,97.07937376684188,97.75320880251961,,signal,1,-3053.488479106477,-180.0,-112.48520210243979,0.0,-3053.488479106477,-47.95271790947531,-0.4302809894186378,0.51535919841339,0.01729784323964326,cross_dn
USDJPY.a,1h,-1,0.06,2008-11-18 00:00:00,96.41133300445496,2008-11-18 20:00:00,97.00818219114193,97.54863401567918,,signal,20,-3581.0951201218013,-180.0,-98.18629370310339,0.0,-3581.0951201218013,-57.15323606276598,-0.5247943867072631,0.8781026181187004,0.3528819551676545,cross_dn
USDJPY.a,1h,-1,0.06,2008-11-18 22:00:00,96.40179086580109,2008-11-19 00:00:00,97.0281415493858,97.4250757575449,,signal,2,-3758.1041015082237,-180.0,-97.69859262948619,0.0,-3758.1041015082237,-59.620790255145856,-0.6120980468277208,0.7409560527242984,0.031067463281813118,cross_dn
USDJPY.a,1h,-1,0.07,2008-11-19 05:00:00,96.54293868496738,2008-11-19 17:00:00,96.83651105662454,97.43863856208209,,signal,12,-2055.006601600141,-210.00000000000003,-91.15479274367797,0.0,-2055.006601600141,-32.52357645633842,-0.3277575214175969,0.5995996301379835,0.23773441351060207,cross_dn
USDJPY.a,1h,-1,0.07,2008-11-19 21:00:00,96.38302600769852,2008-11-24 16:00:00,95.84789774374511,97.26226819443025,,signal,66,3745.897847673874,-210.00000000000003,-110.56841243148585,0.0,3745.897847673874,61.05113838336405,0.6086244177415545,0.08754583601999218,3.2221224714310934,cross_dn
USDJPY.a,1h,-1,0.05,2008-11-25 22:00:00,95.60061968039491,2008-11-28 21:00:00,95.66369807446665,96.7896584083765,,signal,71,-315.3919703586894,-150.0,-36.98074466660056,0.0,-315.3919703586894,-5.03898813198116,-0.053049907111784936,0.2770139540906484,0.8078960405483046,cross_dn
USDJPY.a,1h,-1,0.15,2008-12-01 08:00:00,95.22662887808598,2008-12-08 11:00:00,93.60676379232198,95.67265102688906,,signal,122,24297.976286459856,-450.0,-202.913769659528,0.0,24297.976286459856,392.21956695643706,3.6318041382271384,0.18692148391678937,8.13105108752601,cross_dn
USDJPY.a,1h,-1,0.1,2008-12-09 10:00:00,92.53478168636862,2008-12-10 19:00:00,92.95481725621364,93.19477298884064,,signal,33,-4200.355698450267,-300.0,-96.34512427271846,0.0,-4200.355698450267,-68.39745945229456,-0.6364259169352197,0.6745820921636457,0.9163479641373731,cross_dn
USDJPY.a,1h,-1,0.11,2008-12-11 06:00:00,92.43549744462075,2008-12-19 00:00:00,89.47874621346574,93.02919014720588,,signal,137,32524.263542705114,-330.0,-192.41669624619564,0.0,32524.263542705114,528.5346180008993,4.980272147999053,0.26023994350359797,8.936437017869514,cross_dn
USDJPY.a,1h,-1,0.14,2008-12-29 17:00:00,90.27609345359487,2008-12-30 02:00:00,90.71446114060574,90.77203509299845,,signal,9,-6137.147618152142,-420.00000000000006,-124.91193696019832,0.0,-6137.147618152142,-98.28811145005,-0.8839098236196629,0.9555691814364492,0.5970328564283179,cross_dn
USDJPY.a,1h,-1,0.13,2008-12-30 08:00:00,90.19551896692892,2008-12-31 15:00:00,90.76689618962355,90.73129291341594,,stop,31,-7427.903895030269,-390.0,-72.84259069884608,0.0,-7427.903895030269,-118.86462483515913,-1.0664520483705004,1.0909097706288686,0.3275989212983681,cross_dn
USDJPY.a,1h,1,0.13,2008-12-31 16:00:00,90.80376869479518,2009-01-07 22:00:00,92.70319689211247,90.28306031603304,,signal,87,24692.56656512479,-390.0,-176.88080507538385,0.0,24692.56656512479,375.06786390028503,3.6477772872269494,0.48735281617411264,7.309717800687683,cross_up
USDJPY.a,1h,1,0.07,2009-01-15 23:00:00,89.84659343370532,2009-01-20 20:00:00,90.10470222566737,88.93549930889914,,signal,68,1806.7615437343109,-210.00000000000003,-74.1688406569513,0.0,1806.7615437343109,30.871363880783065,0.2832954191389959,0.12797078867139175,1.584256255193983,cross_up
USDJPY.a,1h,1,0.06,2009-01-26 14:00:00,89.48732449180382,2009-01-27 17:00:00,88.49644151913417,88.50785687256368,,stop,27,-5945.297836017914,-180.0,-68.49212057706404,0.0,-5945.297836017914,-101.25052242342188,-1.0116546511648528,1.0896985983383862,0.5846803885568566,cross_up
USDJPY.a,1h,-1,0.07,2009-01-27 22:00:00,88.87263609914407,2009-01-28 08:00:00,89.2259956406888,89.81514049983569,,signal,10,-2473.5167908130366,-210.00000000000003,-83.93896964319481,0.0,-2473.5167908130366,-41.456135245353565,-0.3749155349146604,0.6125848329538343,0.055847059287422146,cross_dn
USDJPY.a,1h,-1,0.09,2009-01-30 10:00:00,89.47429157765592,2009-01-30 19:00:00,89.8756190231556,90.18536454631948,,signal,9,-3611.9470094970725,-270.0,-101.14241680050785,0.0,-3611.9470094970725,-62.96982260340648,-0.5643969932564847,0.6549375983443235,0.45605949311420185,cross_dn
USDJPY.a,1h,-1,0.1,2009-02-02 10:00:00,89.33488563706265,2009-02-02 17:00:00,89.98425219110413,89.94616424156611,,stop,7,-6493.665540414782,-300.0,-80.87949538017058,0.0,-6493.665540414782,-114.55427668390419,-1.0623086580446626,1.038993281064126,0.8750275784593332,cross_dn
USDJPY.a,1h,1,0.11,2009-02-05 12:00:00,89.80431600843586,2009-02-10 20:00:00,90.71265690235055,89.20399886440305,,signal,79,9991.74983306152,-330.0,-161.54814828813278,0.0,9991.74983306152,169.09963904246118,1.5131017045633997,0.4236360912957089,4.317191366806063,cross_up
USDJPY.a,1h,1,0.09,2009-02-13 02:00:00,90.69542010503734,2009-02-23 04:00:00,92.94817988034411,89.98075509112712,,signal,144,20274.837977760937,-270.0,-122.76215380595282,0.0,20274.837977760937,335.5977867126907,3.152189811252986,0.2384615193416282,5.260618362150509,cross_up
USDJPY.a,1h,1,0.07,2009-02-23 13:00:00,94.81295745067273,2009-03-02 13:00:00,97.0834492624655,93.8066508709807,,signal,119,15893.442682549465,-210.00000000000003,-91.7103254829184,0.0,15893.442682549465,258.6111318206421,2.256262512451879,0.6687399886411185,3.862682235981101,cross_up
USDJPY.a,1h,1,0.1,2009-03-03 11:00:00,97.8365554994066,2009-03-06 00:00:00,98.06831620501109,97.11829815680451,,signal,61,2317.607056044864,-300.0,-133.67589977822087,0.0,2317.607056044864,37.103037466789054,0.32267084770044796,0.4170587359697168,2.548452193975641,cross_up
USDJPY.a,1h,1,0.08,2009-03-09 13:00:00,98.991286350383,2009-03-10 14:00:00,98.14485982201815,98.15318360228801,,stop,25,-6771.412226918869,-240.0,-66.59024215892187,0.0,-6771.412226918869,-107.11647397171461,-1.0099316942806618,1.3116367329443592,0.22516767788429912,cross_up
USDJPY.a,1h,-1,0.1,2009-03-10 19:00:00,98.26923799835667,2009-03-10 20:00:00,98.6748218586688,98.95819252891074,,signal,1,-4055.8386031213445,-300.0,-116.4371733762577,0.0,-4055.8386031213445,-63.92335204275365,-0.5886946704392175,0.6702358155217647,0.0,cross_dn
USDJPY.a,1h,-1,0.11,2009-03-11 13:00:00,98.42285845120372,2009-03-13 11:00:00,98.51306575746146,99.0530161841147,,signal,46,-992.2803688351252,-330.0,-177.44666415226865,0.0,-992.2803688351252,-15.363003015851762,-0.14315035989645286,0.3556911818900881,4.406608546047991,cross_dn
USDJPY.a,1h,-1,0.13,2009-03-18 19:00:00,97.96647557870025,2009-03-23 07:00:00,96.16659916874485,98.5509797903509,,signal,58,23398.39332942023,-390.0,-171.57838736614025,0.0,23398.39332942023,349.4472591554255,3.0793215413667485,0.5979844359250914,7.585019047476363,cross_dn
USDJPY.a,1h,-1,0.1,2009-03-30 06:00:00,97.68908605337177,2009-03-31 09:00:00,97.98839912465448,98.45768512302976,,signal,27,-2993.1307128271105,-300.0,-147.98249308955351,0.0,-2993.1307128271105,-44.32899368762423,-0.3894267936284349,0.9613776230005406,2.222336873412848,cross_dn
USDJPY.a,1h,-1,0.11,2009-04-08 08:00:00,100.06630077421867,2009-04-09 19:00:00,100.45587457944461,100.77293423979337,,signal,35,-4285.311857485297,-330.0,-107.24074778120028,0.0,-4285.311857485297,-59.49630695971399,-0.5513095886409796,0.640642211040989,1.0688720687809348,cross_dn
USDJPY.a,1h,-1,0.22,2009-04-13 22:00:00,100.06697827734804,2009-04-17 04:00:00,99.70552046133317,100.45123189545522,,signal,78,7952.071952327288,-660.0,-198.90029865886615,0.0,7952.071952327288,110.84409895640408,0.940675113992172,0.8952985904117122,5.030475150422323,cross_dn
USDJPY.a,1h,-1,0.14,2009-04-17 23:00:00,99.22639664619115,2009-04-29 13:00:00,97.08243608593726,99.82360532042097,,signal,180,30015.44784355443,-420.00000000000006,-124.21040624332123,0.0,30015.44784355443,430.9955549060321,3.589968888209492,0.2839934534232599,6.048801368884698,cross_dn
USDJPY.a,1h,-1,0.18,2009-05-05 19:00:00,98.76220290986377,2009-05-07 12:00:00,99.28497187241904,99.24791597987667,,stop,40,-9409.841325994705,-540.0,-127.0060657626217,0.0,-9409.841325994705,-125.26369435376814,-1.0762917344212826,1.37693863193443,1.701010248379434,cross_dn
USDJPY.a,1h,1,0.14,2009-05-07 13:00:00,99.33769507633575,2009-05-08 19:00:00,98.70993327543403,98.71700895480268,,stop,30,-8788.665212624126,-420.00000000000006,-99.05951116123734,0.0,-8788.665212624126,-116.47857310686146,-1.011399770549368,1.0096811489643736,0.6111058560925816,cross_up
USDJPY.a,1h,-1,0.14,2009-05-08 23:00:00,98.44337143918422,2009-05-18 20:00:00,96.31139663814142,99.05888318673912,,signal,139,29847.647214599223,-420.00000000000006,-151.1058679595816,0.0,29847.647214599223,406.29125064657933,3.4637434777028773,0.6362649654884792,6.315673835026943,cross_dn
USDJPY.a,1h,-1,0.17,2009-05-20 09:00:00,95.49581578448557,2009-05-20 10:00:00,96.06556416888208,96.02902901155839,,stop,1,-9685.722534740578,-510.0,-111.09767450248623,0.0,-9685.722534740578,-130.793880448959,-1.0685188503748315,1.0205752368556962,0.010907052170299608,cross_dn
USDJPY.a,1h,1,0.16,2009-05-25 11:00:00,95.0040654587901,2009-05-29 21:00:00,95.48413886292215,94.45580362441117,,signal,106,7681.174466112907,-480.0,-187.55638649080538,0.0,7681.174466112907,101.0858921583832,0.8756279828886718,0.9011487355303056,4.041745024473848,cross_up
USDJPY.a,1h,1,0.11,2009-06-01 22:00:00,96.53653600149258,2009-06-02 13:00:00,95.67042405825823,95.67976902984597,,stop,15,-9527.231375577785,-330.0,-102.7946874650464,0.0,-9527.231375577785,-122.2901037401892,-1.010907250042304,1.221494334079268,0.2841659477599995,cross_up
USDJPY.a,1h,-1,0.12,2009-06-02 22:00:00,95.62418195372814,2009-06-03 11:00:00,96.42412569598977,96.38627545967319,,stop,13,-9599.32490713959,-360.0,-94.20283579894686,0.0,-9599.32490713959,-121.28000371470883,-1.0496661315459572,1.018008997871987,0.320409440342026,cross_dn
USDJPY.a,1h,1,0.13,2009-06-03 12:00:00,96.39557395581502,2009-06-03 16:00:00,95.69700114996726,95.70581364028509,,stop,4,-9081.446476020887,-390.0,-114.56237413166751,0.0,-9081.446476020887,-116.83944293343654,-1.0127761631387158,1.2113975492676126,0.0,cross_up
USDJPY.a,1h,-1,0.13,2009-06-03 19:00:00,95.72426364401646,2009-06-03 20:00:00,96.01576947341329,96.41489407470733,,signal,1,-3789.5757821587354,-390.0,-150.00630874547292,0.0,-3789.5757821587354,-49.6281916635244,-0.4220865696653669,0.4137326467032561,0.09305069855114463,cross_dn
USDJPY.a,1h,-1,0.12,2009-06-03 21:00:00,95.77429977468766,2009-06-03 23:00:00,95.99521192896829,96.49118417666092,,signal,2,-2650.94585136751,-360.0,-125.08629523900133,0.0,-2650.94585136751,-34.50732593345486,-0.308155894691744,0.27298714377612576,0.08969336550032395,cross_dn
USDJPY.a,1h,-1,0.14,2009-06-09 22:00:00,97.39517556378755,2009-06-10 12:00:00,98.06875259793425,98.03213564398459,,stop,14,-9430.078478053843,-420.00000000000006,-92.63735529532066,0.0,-9430.078478053843,-118.99933319352829,-1.0574870468151374,1.1222436985239699,0.4948121139554764,cross_dn
USDJPY.a,1h,1,0.16,2009-06-10 19:00:00,98.16417549707356,2009-06-11 20:00:00,97.57930764780905,97.58676000932824,,stop,25,-9357.885588232193,-480.0,-119.23778430710152,0.0,-9357.885588232193,-116.85930540837063,-1.0129064108555508,1.513945357591679,0.6508736099095038,cross_up
USDJPY.a,1h,-1,0.16,2009-06-11 22:00:00,97.5254130983104,2009-06-12 11:00:00,98.15209815074272,98.11631368898523,,stop,13,-10026.960838917148,-480.0,-92.55138811984106,0.0,-10026.960838917148,-125.66945678160805,-1.0605591910419645,1.006238462226895,0.11070068187898818,cross_dn
USDJPY.a,1h,1,0.18,2009-06-12 13:00:00,98.26374753073816,2009-06-15 20:00:00,97.73062156510143,97.73667855447994,,stop,30,-9596.267381461104,-540.0,-109.0258088130871,0.0,-9596.267381461104,-123.90422934580639,-1.0114918343733816,1.0126711204429932,0.5810481797581587,cross_up
USDJPY.a,1h,-1,0.18,2009-06-15 22:00:00,97.65603356733004,2009-06-19 07:00:00,96.62353788468188,98.14548132095574,,signal,76,18584.922287666897,-540.0,-127.36384854747192,0.0,18584.922287666897,239.88482691711255,2.1095115362154817,0.4780212615887983,4.364170744490876,cross_dn
USDJPY.a,1h,-1,0.15,2009-06-22 01:00:00,96.23553946561971,2009-06-25 04:00:00,96.03511023109436,96.82622578196134,,signal,75,3006.43851788017,-450.0,-153.30693283089852,0.0,3006.43851788017,39.05097198785608,0.33931585848591683,0.12605765923520698,2.29485503238866,cross_dn
USDJPY.a,1h,-1,0.18,2009-06-26 15:00:00,95.45792413595176,2009-06-29 19:00:00,95.99948512029623,95.96398169880185,,stop,27,-9748.097718200483,-540.0,-99.06158689891697,0.0,-9748.097718200483,-126.01805867993644,-1.070156883526114,1.100815213413318,0.8199148998286289,cross_dn
USDJPY.a,1h,1,0.18,2009-06-29 22:00:00,96.03070720773158,2009-06-30 09:00:00,95.51271018519901,95.51868357459568,,stop,11,-9323.94640558624,-540.0,-107.52100914001238,0.0,-9323.94640558624,-120.15702058137983,-1.011666237669711,1.3645995272763956,0.5357033826515302,cross_up
USDJPY.a,1h,-1,0.16,2009-07-02 21:00:00,95.80584612288656,2009-07-14 06:00:00,92.99481948396436,96.33802191911747,,signal,175,44976.42622275521,-480.0,-154.22348685959287,0.0,44976.42622275521,615.6333960365465,5.282139208192293,0.5903197389629771,7.640043293367793,cross_dn
USDJPY.a,1h,-1,0.21,2009-07-21 10:00:00,93.99648887431611,2009-07-21 13:00:00,94.26351171396774,94.43842076513755,,signal,3,-5607.479632684245,-630.0,-147.49198664513347,0.0,-5607.479632684245,-73.18090961944927,-0.604217177346728,0.6188988198509412,0.308845949230813,cross_dn
USDJPY.a,1h,-1,0.17,2009-07-21 18:00:00,93.65540672819691,2009-07-23 05:00:00,94.21206871349825,94.17601735810814,,stop,35,-9463.253750122889,-510.0,-102.87304163193386,0.0,-9463.253750122889,-122.73453180901672,-1.0692482122315892,1.257356715737262,1.0668370876169295,cross_dn
USDJPY.a,1h,1,0.18,2009-07-23 08:00:00,94.21377646447816,2009-07-28 19:00:00,94.145549076328,93.69893747409472,,signal,82,-1228.0929867029326,-540.0,-160.23325219258103,0.0,-1228.0929867029326,-15.847937528430187,-0.1325217969589851,0.3375355552397614,2.265219917887852,cross_up
USDJPY.a,1h,1,0.13,2009-07-29 19:00:00,95.18498719737036,2009-07-31 23:00:00,94.62541396821943,94.50326189245304,,signal,52,-7274.451978962063,-390.0,-119.23682629459324,0.0,-7274.451978962063,-91.9568901251216,-0.8208192143003872,0.9901160958844227,1.0341596498536043,cross_up
USDJPY.a,1h,1,0.19,2009-08-04 00:00:00,95.29366118732374,2009-08-04 11:00:00,94.79018875049167,94.79637862949888,,stop,11,-9565.976299809323,-570.0,-117.60770113709081,0.0,-9565.976299809323,-120.22953994842263,-1.0124474082386563,1.8574172224416492,0.33449557009164566,cross_up
USDJPY.a,1h,-1,0.17,2009-08-04 12:00:00,94.58581102728125,2009-08-04 17:00:00,95.15218040660676,95.11582325060127,,stop,5,-9628.279448533633,-510.0,-108.07165209329591,0.0,-9628.279448533633,-120.04760340984986,-1.0685968255180063,1.4795677122436277,0.18077135406631586,cross_dn
USDJPY.a,1h,1,0.19,2009-08-05 01:00:00,95.25351196921667,2009-08-05 09:00:00,94.88661068875453,94.76685029775533,,signal,8,-6971.1243287807465,-570.0,-128.79382732800207,0.0,-6971.1243287807465,-87.31323878233576,-0.7539144789447108,0.7880463815139983,0.3010058925402049,cross_up
USDJPY.a,1h,1,0.2,2009-08-05 14:00:00,95.39346908419904,2009-08-05 17:00:00,94.92595541055971,94.93185405012893,,stop,3,-9350.273472786625,-600.0,-117.97279138442921,0.0,-9350.273472786625,-117.47965446380155,-1.0127782657276463,1.1339948779041171,0.0,cross_up
USDJPY.a,1h,-1,0.19,2009-08-05 19:00:00,94.96629295888708,2009-08-06 11:00:00,95.4929062511349,95.4578709190469,,stop,16,-10005.652552708512,-570.0,-95.6713096720234,0.0,-10005.652552708512,-124.64687591615568,-1.0712711612957793,1.0043311155618218,0.6637664527941812,cross_dn
USDJPY.a,1h,1,0.2,2009-08-06 13:00:00,95.35355568409139,2009-08-11 19:00:00,95.95566804102647,94.90250406461895,,signal,77,12042.247138701612,-600.0,-173.2783589411445,0.0,12042.247138701612,151.60723980015635,1.3349078707207127,0.6508250307021145,5.40169730187057,cross_up
USDJPY.a,1h,1,0.15,2009-08-24 02:00:00,94.54460123229516,2009-08-25 06:00:00,93.94157191217265,93.94675719103573,,stop,28,-9045.439801837743,-450.0,-77.7791829461917,0.0,-9045.439801837743,-115.0090629834754,-1.0086732968888634,1.0447561390414801,0.8620956840501145,cross_up
USDJPY.a,1h,-1,0.2,2009-08-25 07:00:00,93.98660435117999,2009-08-25 17:00:00,94.52623114015276,94.43210657192328,,stop_gap,10,-10792.535779455364,-600.0,-124.62280305525448,0.0,-10792.535779455364,-136.39069311079342,-1.2112774389147463,1.4666495887043127,0.41886289785190395,cross_dn
USDJPY.a,1h,1,0.23,2009-09-04 11:00:00,92.89275815397389,2009-09-04 15:00:00,92.498082924279,92.50371004197663,,stop,4,-9077.53028298231,-690.0,-129.42370704558556,0.0,-9077.53028298231,-116.13921555865868,-1.0144638092927385,1.5493152013500415,0.8668384079666138,cross_up
USDJPY.a,1h,-1,0.25,2009-09-08 10:00:00,92.46700500202955,2009-09-15 15:00:00,91.24352603281268,92.82740357294423,,signal,124,30586.974230421758,-750.0,-176.30164063459193,0.0,30586.974230421758,390.176556481019,3.3947941749927337,0.3135278746629539,6.29027189612863,cross_dn
USDJPY.a,1h,-1,0.22,2009-09-16 03:00:00,90.90662728815164,2009-09-16 17:00:00,91.36486548969945,91.32709582574097,,stop,14,-10081.24043405192,-660.0,-170.93260708664832,0.0,-10081.24043405192,-127.23809492742579,-1.0898275627827714,1.0544729800482622,1.8708350752272758,cross_dn
USDJPY.a,1h,1,0.17,2009-09-17 07:00:00,91.07376468326635,2009-09-17 10:00:00,90.53233738721939,90.53860032953142,,stop,3,-9204.26403279835,-510.0,-106.47001930455161,0.0,-9204.26403279835,-116.09045251272809,-1.0117028390779859,1.0347562938405956,0.17982385422725827,cross_up
USDJPY.a,1h,-1,0.17,2009-09-17 11:00:00,90.54573722618778,2009-09-17 14:00:00,91.11902445813274,91.08191185933605,,stop,3,-9745.882943064316,-510.0,-120.91417954387002,0.0,-9745.882943064316,-122.51060381940906,-1.0692173715469935,1.6865079358615853,0.0,cross_dn
USDJPY.a,1h,1,0.14,2009-09-17 15:00:00,91.28501732306462,2009-09-22 17:00:00,91.13619536296403,90.66728343360849,,signal,73,-2083.507441408273,-420.00000000000006,-106.52983700717843,0.0,-2083.507441408273,-26.15607448284721,-0.24091597148995197,0.4937681553025401,1.9992147071980797,cross_up
USDJPY.a,1h,1,0.15,2009-09-29 19:00:00,90.2845306281356,2009-09-30 05:00:00,89.67658400756693,89.6828000586702,,stop,10,-9119.19930853003,-450.0,-93.24076654899076,0.0,-9119.19930853003,-115.59141504921482,-1.010330289698907,1.0212720764404015,0.19189547236563645,cross_up
USDJPY.a,1h,-1,0.18,2009-09-30 08:00:00,89.67612287068177,2009-10-01 10:00:00,90.10338493170528,90.1630751005323,,signal,26,-7690.717098423221,-540.0,-121.85754139042164,0.0,-7690.717098423221,-96.98310170181809,-0.8774208943547916,0.9936850057484208,0.6697225121689556,cross_dn
USDJPY.a,1h,-1,0.2,2009-10-01 18:00:00,89.60638218395482,2009-10-05 09:00:00,89.92405825520044,90.05047523685057,,signal,38,-6353.521424912287,-600.0,-162.33020801759108,0.0,-6353.521424912287,-80.94409563527985,-0.7153367276839311,0.7512340350063774,2.2661516035718487,cross_dn
USDJPY.a,1h,-1,0.2,2009-10-05 23:00:00,89.53660009481816,2009-10-09 08:00:00,89.19410174579174,89.97614108217198,,signal,81,6849.966980528279,-600.0,-164.0698316698936,0.0,6849.966980528279,84.97623768273768,0.7792182273793474,0.2124941879576184,3.4959199233477154,cross_dn
USDJPY.a,1h,-1,0.17,2009-10-14 06:00:00,89.09579315686933,2009-10-14 14:00:00,89.66326677931092,89.62630580605061,,stop,8,-9647.051581506901,-510.0,-118.33654542514014,0.0,-9647.051581506901,-117.925389474502,-1.0696702959247955,1.2897088206786078,0.5010119123069474,cross_dn
USDJPY.a,1h,1,0.16,2009-10-15 13:00:00,90.17441995262583,2009-10-20 08:00:00,90.1462080499329,89.58385253113924,,signal,66,-451.39044308689336,-480.0,-121.34240214760722,0.0,-451.39044308689336,-5.392646344866526,-0.047770841510213234,0.2953429977338978,1.9228626674253084,cross_up
USDJPY.a,1h,1,0.17,2009-10-20 23:00:00,90.74387753626358,2009-10-28 03:00:00,91.53685255433982,90.19340857990207,,signal,122,13480.575307295981,-510.0,-107.01315244631982,0.0,13480.575307295981,161.24397271466498,1.4405444828671836,0.47936860601141756,2.8632358746517825,cross_up
USDJPY.a,1h,1,0.2,2009-10-30 01:00:00,91.5614377447428,2009-10-30 07:00:00,91.07622697572432,91.08145743846949,,stop,6,-9704.21538036959,-600.0,-104.6092549032518,0.0,-9704.21538036959,-116.59321747791806,-1.010897244484406,1.234295942978655,0.00950508843294192,cross_up
USDJPY.a,1h,-1,0.2,2009-10-30 11:00:00,90.93129856211883,2009-11-04 12:00:00,90.96250965587919,91.39311663784991,,signal,71,-624.2218752072404,-560.0,-140.38623516760455,0.0,-624.2218752072404,-7.566004928463501,-0.06758309256508165,0.7723851807153476,3.2270251868326802,cross_dn
USDJPY.a,1h,-1,0.18,2009-11-05 12:00:00,90.18788123887506,2009-11-05 21:00:00,90.67572942551126,90.70506399758696,,signal,9,-8781.26735945159,-306.0,-134.25931840540997,0.0,-8781.26735945159,-106.29700225140063,-0.9432800657377703,0.928334815956999,0.1370525944283178,cross_dn
USDJPY.a,1h,-1,0.18,2009-11-06 17:00:00,90.02947740248437,2009-11-12 17:00:00,90.31553119499117,90.54442658864248,,signal,94,-5148.968265122249,-252.0,-127.12301968213501,0.0,-5148.968265122249,-61.313102301393805,-0.5554990670845806,0.7680808284532071,1.439904018523337,cross_dn
USDJPY.a,1h,-1,0.22,2009-11-13 17:00:00,89.66974611444456,2009-11-19 03:00:00,89.36557413935779,90.08886920938608,,signal,81,6691.783451909032,-396.00000000000006,-113.26213174246637,0.0,6691.783451909032,80.9932511391318,0.7257342264310711,0.10558684570128558,2.2374002429415802,cross_dn
USDJPY.a,1h,-1,0.29,2009-11-19 04:00:00,89.17246401345348,2009-12-01 08:00:00,87.39416795027594,89.49576741972292,,signal,194,51570.58583214852,-434.99999999999994,-357.74111600465034,0.0,51570.58583214852,650.3697075614027,5.500393836542129,0.15012519387462,13.465568036190856,cross_dn
USDJPY.a,1h,-1,0.17,2009-12-08 13:00:00,88.6626013040017,2009-12-11 05:00:00,88.70668596337593,89.21936292284883,,signal,64,-749.439209361995,-323.0,-125.32275478174495,0.0,-749.439209361995,-9.217735764198041,-0.07918049283914282,0.15338466788558375,2.32703056414781,cross_dn
USDJPY.a,1h,-1,0.17,2009-12-14 20:00:00,88.53467706844538,2009-12-15 03:00:00,88.71250926565922,89.09070232466156,,signal,7,-3023.147352635377,-306.00000000000006,-119.31503241354697,0.0,-3023.147352635377,-37.268015799919,-0.31982755320147344,0.41602953996875447,0.008411611510604216,cross_dn
USDJPY.a,1h,-1,0.21,2010-01-05 06:00:00,92.1408973403193,2010-01-06 17:00:00,92.61020460482969,92.59328111086278,,stop,35,-9855.452554718211,-210.0,-145.39337330515485,0.0,-9855.452554718211,-116.05664051191644,-1.037409595721311,1.311060869774714,1.9759712848350053,cross_dn
USDJPY.a,1h,1,0.16,2010-01-06 18:00:00,92.66459025817,2010-01-11 04:00:00,92.33766861669952,92.06804216942399,,signal,55,-5230.746263527635,-304.0,-170.60426561572646,0.0,-5230.746263527635,-60.90234846292196,-0.5480222762220135,0.9413998112884929,1.816131444000484,cross_up
USDJPY.a,1h,1,0.21,2010-01-14 12:00:00,91.88660536668618,2010-01-14 15:00:00,91.41130022051293,91.41796986916972,,stop,3,-9981.408069638363,-210.0,-140.06262179285287,0.0,-9981.408069638363,-117.7577618645505,-1.0142320602944979,1.62728894999979,0.1651488923138977,cross_up
USDJPY.a,1h,-1,0.16,2010-01-14 18:00:00,91.08450654079228,2010-01-19 21:00:00,91.07739457872783,91.66308104719371,,signal,74,113.79139303107877,-272.0,-108.62651929055122,0.0,113.79139303107877,1.3519817749512981,0.012292214720411244,0.39319647978038913,1.3386461591774501,cross_dn
USDJPY.a,1h,-1,0.13,2010-01-21 22:00:00,90.37262786112244,2010-01-28 04:00:00,90.32205466798412,91.06467254121104,,signal,101,657.451510798154,-221.00000000000003,-105.42136758712353,0.0,657.451510798154,8.110881936408429,0.07307793065014942,0.2591915580574995,1.7926990797235822,cross_dn
USDJPY.a,1h,-1,0.26,2010-02-03 11:00:00,90.12706946145718,2010-02-03 13:00:00,90.49053828491003,90.47599557307022,,stop,2,-9450.189409774055,-260.0,-118.11050783491199,0.0,-9450.189409774055,-117.23600370410679,-1.0416784853749692,1.3152656773700337,0.07757935149092018,cross_dn
USDJPY.a,1h,1,0.24,2010-02-03 15:00:00,90.61814945000314,2010-02-04 18:00:00,90.22519520328484,90.23426634572942,,stop,27,-9430.901921239298,-288.0,-217.7074186700363,0.0,-9430.901921239298,-122.44797830517123,-1.023629960119617,5.330136771385934,1.6850195874617868,cross_up
USDJPY.a,1h,-1,0.11,2010-02-04 19:00:00,89.10156595943907,2010-02-05 15:00:00,89.8805336104119,89.86192853704873,,stop,20,-8568.64416070114,-110.0,-94.655806994931,0.0,-8568.64416070114,-109.76840859966897,-1.0244686862702588,1.0040394714859908,0.4571055568406671,cross_dn
USDJPY.a,1h,1,0.19,2010-02-09 22:00:00,89.64144397371433,2010-02-12 06:00:00,89.65563388805617,89.18142661537864,,signal,56,269.6083724949858,-285.0,-89.91225386565152,0.0,269.6083724949858,3.3852229212669496,0.030846475865996533,0.8770190220081316,1.0642120724679767,cross_up
USDJPY.a,1h,1,0.25,2010-02-12 10:00:00,90.06120475851802,2010-02-12 12:00:00,89.69270649396664,89.69859019949887,,stop,2,-9212.456613784425,-275.0,-147.09263830550196,0.0,-9212.456613784425,-116.3877463831867,-1.0162257840615727,1.282918037754367,0.7495431022327714,cross_up
USDJPY.a,1h,-1,0.36,2010-02-16 10:00:00,89.82293723431172,2010-02-16 16:00:00,90.09057519326409,90.07421845803715,,stop,6,-9634.966522285082,-468.00000000000006,-120.8424681692632,0.0,-9634.966522285082,-119.10124386807148,-1.0650933443591,1.3931115126643436,0.1708732299021245,cross_dn
USDJPY.a,1h,1,0.3,2010-02-16 17:00:00,90.08244797895,2010-02-22 20:00:00,91.15074788043013,89.787272064423,,signal,98,32048.99704440393,-300.0,-195.12717419218652,0.0,32048.99704440393,390.4863510363595,3.619197396887834,0.19462285411074212,6.973983715265684,cross_up
USDJPY.a,1h,1,0.19,2010-03-04 22:00:00,89.10753341103519,2010-03-16 02:00:00,90.34327075690837,88.62484851449246,,signal,170,23479.00957159034,-323.0,-103.71123748202626,0.0,23479.00957159034,285.1625236896322,2.560132613894137,0.28493415066492755,4.086447707588813,cross_up
USDJPY.a,1h,1,0.2,2010-03-17 12:00:00,90.61656462393802,2010-03-17 18:00:00,90.14894211482249,90.15449293141975,,stop,6,-9352.450182310577,-280.0,-111.01633194531442,0.0,-9352.450182310577,-112.32488405426315,-1.012012890395887,1.0659917755480177,0.055046384519589375,cross_up
USDJPY.a,1h,-1,0.2,2010-03-17 20:00:00,90.13048289794239,2010-03-18 17:00:00,90.60776581935177,90.58895604621698,,stop,21,-9545.658428187664,-260.0,-116.19546269581171,0.0,-9545.658428187664,-114.71943918838379,-1.0410269897061128,1.4472321979044498,0.8037175117651403,cross_dn
USDJPY.a,1h,1,0.22,2010-03-19 04:00:00,90.45814287326581,2010-03-22 15:00:00,90.02469878967258,90.02957475267957,,stop,34,-9535.769839051056,-220.0,-107.27118615350994,0.0,-9535.769839051056,-116.14498040716306,-1.0113773348337507,1.4656780173162756,0.7183388403063348,cross_up
USDJPY.a,1h,-1,0.22,2010-03-22 17:00:00,90.12775490561843,2010-03-24 01:00:00,90.41326011567861,90.53887808982566,,signal,32,-6281.114621323951,-374.0,-99.44508985881524,0.0,-6281.114621323951,-75.68777767666866,-0.6944517386211679,0.8227341764580949,0.4226346562125681,cross_dn
USDJPY.a,1h,-1,0.25,2010-04-06 12:00:00,93.81596654726928,2010-04-07 05:00:00,94.22027148091458,94.19808017528815,,stop,17,-10107.62334113231,-425.00000000000006,-129.78264066051403,0.0,-10107.62334113231,-115.69395976697757,-1.058075148330814,1.1384923772183195,0.6829553518473012,cross_dn
USDJPY.a,1h,1,0.24,2010-04-09 14:00:00,93.69506734197677,2010-04-09 18:00:00,93.41441202014269,93.29135781082016,,signal,4,-6735.7277240178055,-312.0,-172.22303315081726,0.0,-6735.7277240178055,-77.43841683304194,-0.6951912208513178,0.9810700798716517,0.15836301372442133,cross_up
USDJPY.a,1h,1,0.26,2010-04-14 10:00:00,93.36986478096819,2010-04-14 18:00:00,92.98982317410264,92.99601025428314,,stop,8,-9881.08177850421,-338.00000000000006,-160.8640846927765,0.0,-9881.08177850421,-113.555421435974,-1.01654943230287,1.4681239407074838,0.9098063411128646,cross_up
USDJPY.a,1h,-1,0.23,2010-04-15 14:00:00,93.15083746167203,2010-04-15 17:00:00,93.4216375060884,93.5585340056889,,signal,3,-6228.401021576644,-299.0,-167.32528006624358,0.0,-6228.401021576644,-71.63899326649593,-0.6642196221441825,0.7460513040684122,0.2841266706132188,cross_dn
USDJPY.a,1h,-1,0.21,2010-04-15 18:00:00,93.11525374434649,2010-04-20 10:00:00,92.73199444784451,93.57668826104957,,signal,63,8048.4452265414875,-273.0,-125.76680946955351,0.0,8048.4452265414875,93.19067172793387,0.8305822010029492,0.09047059581017365,3.2946251078237685,cross_dn
USDJPY.a,1h,-1,0.22,2010-04-27 17:00:00,93.60527253573554,2010-04-28 15:00:00,94.04811234903015,94.03185095867701,,stop,22,-9742.475892481452,-220.0,-137.75058776885166,0.0,-9742.475892481452,-111.98088199815393,-1.038120517772573,1.3168210909287639,1.8619613487682232,cross_dn
USDJPY.a,1h,1,0.16,2010-04-28 19:00:00,94.09233168020053,2010-05-03 10:00:00,93.91191459566426,93.51419689608157,,signal,62,-2886.673352580374,-192.0,-98.73293874385439,0.0,-2886.673352580374,-33.149968374146425,-0.31206751347995393,0.46413342973205285,0.8400607144570984,cross_up
USDJPY.a,1h,1,0.26,2010-05-03 14:00:00,94.10286494672097,2010-05-05 21:00:00,93.99312392227291,93.73591101832942,,signal,55,-2853.2666356494474,-442.00000000000006,-253.5560418089529,0.0,-2853.2666356494474,-33.65608977224416,-0.29905940761849037,0.31302280159379003,2.3848635634313866,cross_up
USDJPY.a,1h,1,0.08,2010-05-10 14:00:00,93.3386445568965,2010-05-11 14:00:00,92.37609309589011,92.19823272547048,,signal,24,-7700.411688051076,-72.00000000000001,-94.51046575831043,0.0,-7700.411688051076,-93.2507314744114,-0.8440384731915376,0.9651290231882309,0.17042566356092015,cross_up
USDJPY.a,1h,1,0.12,2010-05-11 21:00:00,93.02676586597289,2010-05-12 00:00:00,92.61671414448162,92.29282573441819,,signal,3,-4920.620657895255,-204.00000000000003,-126.8605324412284,0.0,-4920.620657895255,-59.36459220101031,-0.5586991416079943,0.563759696715878,0.045281805147664576,cross_up
USDJPY.a,1h,1,0.14,2010-05-12 13:00:00,92.88989565183749,2010-05-13 21:00:00,92.86768874976646,92.23573917572377,,signal,32,-310.8966289944704,-252.00000000000006,-120.71500653922332,0.0,-310.8966289944704,-3.7296158603349654,-0.03394738549859266,0.4660897858091236,1.1206865252145897,cross_up
USDJPY.a,1h,1,0.16,2010-05-18 11:00:00,92.75919796437542,2010-05-18 20:00:00,92.20443015431924,92.21096633408034,,stop,9,-8876.284960898829,-208.00000000000003,-104.57887617769146,0.0,-8876.284960898829,-111.00836581461064,-1.0119222959784007,1.0418916618655798,0.293310394254405,cross_up
USDJPY.a,1h,-1,0.15,2010-05-19 00:00:00,92.22637420293354,2010-05-26 11:00:00,90.19155885882056,92.79201114356017,,signal,131,30522.230161694777,-210.0,-136.7657646169517,0.0,30522.230161694777,407.5756215606017,3.597387649149552,0.011713869074961726,5.712806167422002,cross_dn
USDJPY.a,1h,-1,0.14,2010-05-27 02:00:00,89.95352914220805,2010-05-27 11:00:00,90.28300373546517,90.53784624122275,,signal,9,-4612.644305599645,-238.00000000000006,-112.1045930249315,0.0,-4612.644305599645,-61.28077475011303,-0.5638626591840165,0.7452646149261288,0.08647554948033102,cross_dn
USDJPY.a,1h,-1,0.15,2010-06-01 13:00:00,90.90477673000395,2010-06-01 18:00:00,91.29856082771808,91.45440173023891,,signal,5,-5906.76146571198,-225.0,-136.82483154232463,0.0,-5906.76146571198,-77.19728412609943,-0.7164595816161686,0.9828942820379329,0.16880005451768942,cross_dn
USDJPY.a,1h,-1,0.14,2010-06-04 22:00:00,91.41850054483628,2010-06-07 14:00:00,92.0013732913715,91.98315742588582,,stop,16,-8160.218451493024,-154.0,-101.02211679951508,0.0,-8160.218451493024,-108.72332813814894,-1.0322600611043893,1.0192020578834093,0.781891728682459,cross_dn
USDJPY.a,1h,1,0.18,2010-06-11 07:00:00,91.50760845917034,2010-06-15 09:00:00,91.46281305280074,91.0522074193759,,signal,49,-806.3173146528299,-252.0,-114.7300991730517,0.0,-806.3173146528299,-10.400778442669036,-0.0983647432817055,0.5700655828267785,1.309596352917552,cross_up
USDJPY.a,1h,1,0.22,2010-06-16 12:00:00,91.70993400603261,2010-06-16 14:00:00,91.31128495444663,91.31622995714699,,stop,2,-8770.279134891496,-308.0,-108.79005940783233,0.0,-8770.279134891496,-111.44073502009812,-1.012560202808048,1.1174231184003436,0.043347265581082164,cross_up
USDJPY.a,1h,-1,0.2,2010-06-16 16:00:00,91.22554470933211,2010-06-21 16:00:00,91.23460981567122,91.6598275899085,,signal,72,-181.30212678215685,-200.0,-144.39262684870098,0.0,-181.30212678215685,-2.2483348457280328,-0.02087373632383673,0.6089470768842914,2.1657420805623366,cross_dn
USDJPY.a,1h,-1,0.25,2010-06-22 11:00:00,90.77025645463678,2010-07-08 05:00:00,88.17569742620151,91.11343879889462,,signal,280,64863.97571088176,-475.0,-184.87131007516177,0.0,64863.97571088176,840.6580677406132,7.560292864267867,0.1770007880055318,11.093975311784423,cross_dn
USDJPY.a,1h,-1,0.22,2010-07-13 15:00:00,88.28177950731072,2010-07-13 23:00:00,88.69000435683624,88.67845093894074,,stop,8,-8980.946689561533,-132.0,-122.17519370102492,0.0,-8980.946689561533,-114.66041196830403,-1.02912591372669,1.1375169894012938,0.6473355196151567,cross_dn
USDJPY.a,1h,1,0.19,2010-07-14 03:00:00,88.83261840584674,2010-07-14 16:00:00,88.37272573833343,88.37759921293684,,stop,13,-8737.960682752999,-380.0,-92.59601746495791,0.0,-8737.960682752999,-112.44174094612154,-1.010710481402439,1.2035061693654368,0.5810339393872552,cross_up
USDJPY.a,1h,-1,0.19,2010-07-14 21:00:00,88.28521892635766,2010-07-20 22:00:00,87.22664295134669,88.73660606723814,,signal,96,20112.943525208382,-361.0,-138.43215117424333,0.0,20112.943525208382,260.5281459695809,2.345162010920578,0.4403782377464071,4.482225440474726,cross_dn
USDJPY.a,1h,-1,0.2,2010-07-22 02:00:00,86.876659318712,2010-07-23 04:00:00,87.13064474906918,87.30224555799953,,signal,26,-5079.708607143516,-380.0,-145.78996276690165,0.0,-5079.708607143516,-65.67831523010705,-0.5967895737944275,0.8020482096870456,1.2680375183545445,cross_dn
USDJPY.a,1h,-1,0.19,2010-07-23 05:00:00,86.7964584472929,2010-07-23 12:00:00,87.10647958376973,87.25459363364658,,signal,7,-5890.40159305958,-361.0,-132.2241832491598,0.0,-5890.40159305958,-75.65932279497324,-0.676702304715554,0.8088039594955795,0.1450629623580089,cross_dn
USDJPY.a,1h,-1,0.19,2010-07-26 22:00:00,86.86355668302359,2010-07-27 11:00:00,87.33387660772483,87.31336959297923,,stop,13,-8936.078569323627,-304.0,-85.63328016641913,0.0,-8936.078569323627,-113.13056646097802,-1.0455900982202277,1.328204023835887,0.09016344823805791,cross_dn
USDJPY.a,1h,1,0.23,2010-07-27 14:00:00,87.45394852560644,2010-07-29 06:00:00,87.15066681496637,87.06350616836455,,signal,40,-6975.479344721479,-345.0,-153.32651154708103,0.0,-6975.479344721479,-89.25019140446958,-0.7767643674279426,0.7707886196885924,1.6802774141309096,cross_up
USDJPY.a,1h,1,0.21,2010-08-05 04:00:00,86.29711323352215,2010-08-05 15:00:00,85.88620166837717,85.89110317970992,,stop,11,-8629.142868044695,-336.0,-102.93173798776867,0.0,-8629.142868044695,-109.92847549414324,-1.012072389062104,1.2317754913365695,0.10316682083250919,cross_up
USDJPY.a,1h,-1,0.21,2010-08-05 19:00:00,85.82277456623672,2010-08-10 00:00:00,85.93712322402476,86.22811608351718,,signal,53,-2401.3218135488896,-357.0,-89.17540903988504,0.0,-2401.3218135488896,-30.516913528143597,-0.28210447958856083,0.8590914547802095,1.9903575919130239,cross_dn
USDJPY.a,1h,-1,0.18,2010-08-10 23:00:00,85.33536818336461,2010-08-12 17:00:00,85.82296498223229,85.79997531630302,,stop,42,-8776.742379618327,-288.0,-125.8139867269393,0.0,-8776.742379618327,-114.08491871471409,-1.0494819478639408,1.3810201590694287,1.3266438237105582,cross_dn
USDJPY.a,1h,1,0.14,2010-08-12 18:00:00,85.95354836462289,2010-08-16 15:00:00,85.34992346099921,85.35452783922713,,stop,44,-8450.748650731555,-224.00000000000003,-64.4612951909189,0.0,-8450.748650731555,-110.79308466387965,-1.007686511618082,1.1160692101179661,0.6868740183907205,cross_up
USDJPY.a,1h,-1,0.21,2010-08-16 16:00:00,85.3539339563351,2010-08-19 05:00:00,85.76411912129161,85.74169818566024,,stop,61,-8613.88846408684,-399.0,-71.83964825884728,0.0,-8613.88846408684,-112.22192840787415,-1.0578210519067075,1.1477748848559164,0.6290780270259491,cross_dn
USDJPY.a,1h,1,0.27,2010-08-19 06:00:00,85.77536629348609,2010-08-19 12:00:00,85.46695058987936,85.47092203071887,,stop,6,-8327.223997381623,-432.0,-107.22890266669397,0.0,-8327.223997381623,-108.1414961976731,-1.01304488645445,1.0128825903409038,0.4356584200613659,cross_up
USDJPY.a,1h,-1,0.2,2010-08-19 18:00:00,85.03060496926176,2010-08-19 19:00:00,85.46591353505049,85.44479259937935,,stop,1,-8706.17131577461,-320.0,-102.41871342258197,0.0,-8706.17131577461,-114.35719963283516,-1.0509936418553554,1.0029151054566754,0.0135324400203891,cross_dn
USDJPY.a,1h,1,0.2,2010-08-20 18:00:00,85.75518505554524,2010-08-23 05:00:00,85.34343006425208,85.34747329198777,,stop,10,-8235.099825863303,-300.0,-80.86455471396742,0.0,-8235.099825863303,-108.45762219876936,-1.0099168777972307,1.1262492196414289,0.1368980476985889,cross_up
USDJPY.a,1h,-1,0.29,2010-08-23 10:00:00,85.35877785675157,2010-08-26 10:00:00,84.70600223978512,85.64267312959721,,signal,72,18930.492892027087,-463.99999999999994,-174.1299075372043,0.0,18930.492892027087,251.79601821805863,2.2993535976253408,0.16985891580746082,6.128238203168407,cross_dn
USDJPY.a,1h,-1,0.22,2010-08-26 14:00:00,84.56415908187986,2010-08-27 15:00:00,84.71957560785248,84.92858513155602,,signal,25,-3419.163571397462,-352.0,-157.32674550838777,0.0,-3419.163571397462,-45.193512081050024,-0.4264693100581641,0.7569187723140628,0.8099286045609277,cross_dn
USDJPY.a,1h,-1,0.17,2010-08-30 22:00:00,84.6932068385738,2010-09-03 14:00:00,84.50444827556237,85.16719480737424,,signal,88,3208.8955711943613,-238.0,-83.24136912051075,0.0,3208.8955711943613,41.75307228240996,0.39823492458920057,0.05019781722817407,2.167158042372747,cross_dn
USDJPY.a,1h,-1,0.25,2010-09-06 11:00:00,84.14328202621857,2010-09-10 04:00:00,84.13574132754216,84.47753493211506,,signal,89,188.51746691019855,-475.0,-137.06637710789363,0.0,188.51746691019855,2.425041442404169,0.02255985974507304,0.4269760150585665,2.4091997766145092,cross_dn
USDJPY.a,1h,-1,0.22,2010-09-13 19:00:00,83.53394263122647,2010-09-15 04:00:00,83.94239365208396,83.91622271951535,,stop,33,-8985.922458864963,-418.0,-157.76051650960466,0.0,-8985.922458864963,-113.7115156516393,-1.068460098682518,1.6690834503819774,1.7394121524948098,cross_dn
USDJPY.a,1h,1,0.12,2010-09-15 08:00:00,85.00156620201813,2010-09-21 11:00:00,85.4219863292217,84.28585742063731,,signal,98,5045.041526442844,-192.0,-48.328098679363514,0.0,5045.041526442844,62.46094319121853,0.5874178690283174,0.38362838232668156,1.2860451372499375,cross_up
USDJPY.a,1h,1,0.28,2010-10-05 07:00:00,83.47392725163623,2010-10-05 16:00:00,83.26385244410945,83.161331510509,,signal,9,-5882.094610749847,-420.00000000000006,-176.26312987114378,0.0,-5882.094610749847,-73.17564009063453,-0.6720334921046814,0.7579349954732845,1.593344639206246,cross_up
USDJPY.a,1h,1,0.3,2010-10-19 13:00:00,81.42525421367874,2010-10-20 12:00:00,81.18866802471912,81.1387020047852,,signal,23,-7097.58566878861,-480.0,-139.91851685332188,0.0,-7097.58566878861,-89.36029668979492,-0.8256303096498465,0.9326545229251085,1.70211839652042,cross_up
USDJPY.a,1h,1,0.24,2010-10-22 18:00:00,81.43468420323214,2010-10-25 04:00:00,81.07016176716422,81.07354956490548,,stop,10,-8748.538465629963,-456.0,-81.30714579026731,0.0,-8748.538465629963,-108.9291006605906,-1.009380982552524,1.048595629006391,0.16978652906840494,cross_up
USDJPY.a,1h,-1,0.33,2010-10-25 07:00:00,81.05090771340195,2010-10-26 15:00:00,81.33556387141635,81.31496165742905,,stop,32,-9393.653214475195,-528.0,-151.87306158103874,0.0,-9393.653214475195,-117.31384733020919,-1.0780227466899288,1.348558863265832,2.4461203023563667,cross_dn
USDJPY.a,1h,1,0.21,2010-10-26 17:00:00,81.40714722504714,2010-10-28 17:00:00,81.07106705538804,80.99841201288717,,signal,48,-7057.683562841063,-231.0,-123.18367370224841,0.0,-7057.683562841063,-89.21557380628525,-0.8222442296641805,0.949630013514041,1.3892925249870862,cross_up
USDJPY.a,1h,1,0.36,2010-11-03 13:00:00,80.79175295807575,2010-11-04 18:00:00,80.60574511226652,80.55548641287966,,signal,29,-6696.28244913224,-468.00000000000006,-234.35191681032967,0.0,-6696.28244913224,-81.88757280178375,-0.7872796618533228,0.8877810351934111,3.1965890105069135,cross_up
USDJPY.a,1h,1,0.19,2010-11-05 15:00:00,81.2677337737746,2010-11-09 04:00:00,80.79941291714894,80.80322276111342,,stop,36,-8898.096275887397,-323.0,-72.38703532499535,0.0,-8898.096275887397,-108.86594205980384,-1.0082018377619275,1.1425644587714583,0.3428685690635802,cross_up
USDJPY.a,1h,-1,0.27,2010-11-09 09:00:00,80.87044276987132,2010-11-09 20:00:00,81.1999555820348,81.18181944040097,,stop,11,-8896.845928414123,-351.00000000000006,-138.67582411318202,0.0,-8896.845928414123,-108.28765024310684,-1.0582450239543706,2.140678134283052,1.0933470683343764,cross_dn
USDJPY.a,1h,1,0.18,2010-11-09 22:00:00,81.63484781610924,2010-11-23 01:00:00,83.26806659754341,81.16552475452572,,signal,219,29397.938065814997,-306.0,-69.60248843698997,0.0,29397.938065814997,357.7469485587985,3.479945724217325,0.18931056958816136,4.560083147565271,cross_up
USDJPY.a,1h,1,0.3,2010-11-23 09:00:00,83.66230031815118,2010-11-23 11:00:00,83.3677656654954,83.37157255657357,,stop,2,-8836.039579673525,-390.00000000000006,-114.20673234505776,0.0,-8836.039579673525,-107.93036244397221,-1.0130943500459417,1.0363658307558683,0.39452607217972335,cross_up
USDJPY.a,1h,-1,0.21,2010-11-23 17:00:00,82.80374441984135,2010-11-24 01:00:00,83.22624119975636,83.20378963674091,,stop,8,-8872.432378215164,-378.00000000000006,-93.48282332450287,0.0,-8872.432378215164,-109.3538123940446,-1.0561225633178573,1.18050550339968,0.054354905202664006,cross_dn
USDJPY.a,1h,1,0.23,2010-11-24 21:00:00,83.49793523537618,2010-11-30 16:00:00,83.42684488406834,83.11771831474519,,signal,91,-1635.078080080106,-299.0,-145.1353328562352,0.0,-1635.078080080106,-20.376774145708765,-0.1869731394117162,0.2654674999962225,2.3672401615638945,cross_up
USDJPY.a,1h,1,0.2,2010-12-01 18:00:00,84.2383901502142,2010-12-02 18:00:00,83.81649726532216,83.82171054808748,,stop,24,-8437.857697840911,-260.0,-104.26565530644183,0.0,-8437.857697840911,-103.38215654154672,-1.0125114902162642,1.8032803774870025,0.27985495135982136,cross_up
USDJPY.a,1h,-1,0.21,2010-12-03 00:00:00,83.80585739560657,2010-12-07 23:00:00,83.53126754391528,84.21185059142407,,signal,71,5766.386885517064,-378.00000000000006,-137.23684444142435,0.0,5766.386885517064,70.28954937620375,0.6763410188153007,0.19986198101189168,3.6203990873464913,cross_dn
USDJPY.a,1h,-1,0.29,2010-12-10 14:00:00,83.485527936035,2010-12-10 15:00:00,83.80320162284455,83.78908553375044,,stop,1,-9212.536917477122,-289.99999999999994,-119.36658372923732,0.0,-9212.536917477122,-111.37526038441243,-1.0465021768532679,1.4773870505636475,0.057741714148844034,cross_dn
USDJPY.a,1h,1,0.24,2010-12-10 17:00:00,83.9677006430507,2010-12-13 17:00:00,83.60455182472921,83.6090288200985,,stop,24,-8715.57163971579,-312.0,-107.44788886302527,0.0,-8715.57163971579,-104.78570671723281,-1.0124821496498888,1.1952448327891985,1.0435705650598956,cross_up
USDJPY.a,1h,-1,0.2,2010-12-13 21:00:00,83.2387203952391,2010-12-14 21:00:00,83.69099627842945,83.66717756396793,,stop,24,-9045.51766380706,-360.00000000000006,-116.37428923038352,0.0,-9045.51766380706,-108.1929820766703,-1.055591821540047,1.0696042410039641,0.9352636027260033,cross_dn
USDJPY.a,1h,1,0.21,2010-12-15 06:00:00,83.81797362409377,2010-12-17 12:00:00,83.77111852447395,83.40755060276096,,signal,54,-983.9570920161975,-210.0,-121.02197209405423,0.0,-983.9570920161975,-11.877603668007866,-0.11416294209730762,0.4287615824334518,1.647145361658591,cross_up
USDJPY.a,1h,1,0.22,2010-12-17 18:00:00,84.13187292565736,2010-12-17 23:00:00,83.8660719585476,83.75283693074006,,signal,5,-5847.621276414912,-330.0,-128.8338239057997,0.0,-5847.621276414912,-70.47096764104046,-0.70125521236515,0.8518265546991347,0.17182292767959997,cross_up
USDJPY.a,1h,1,0.24,2010-12-20 03:00:00,84.06575510287178,2010-12-20 04:00:00,83.92326883304764,83.70585153649176,,signal,1,-3419.670475779185,-408.00000000000006,-131.09601371341938,0.0,-3419.670475779185,-41.16990184432404,-0.3959012444841554,0.46055421050413897,0.0,cross_up
USDJPY.a,1h,1,0.29,2011-01-03 22:00:00,81.63922911668706,2011-01-10 18:00:00,82.71423271159344,81.34327275366498,,signal,116,31175.10425228494,-261.0,-160.50272758026668,0.0,31175.10425228494,379.1650640052744,3.6323043840965017,0.10551932848535346,6.875239520229882,cross_up
USDJPY.a,1h,1,0.25,2011-01-11 17:00:00,83.25585291148278,2011-01-12 20:00:00,82.91002459700842,82.91441576193402,,stop,27,-8645.70786185901,-250.0,-109.77912314031676,0.0,-8645.70786185901,-104.80440501105885,-1.012860829383712,1.311670133360288,0.6799116289016334,cross_up
USDJPY.a,1h,-1,0.25,2011-01-13 01:00:00,83.02038883675858,2011-01-17 10:00:00,82.92530397518965,83.36104120557498,,signal,57,2377.121539223381,-250.0,-115.19875948266514,0.0,2377.121539223381,28.95748080243839,0.2791257900225691,0.36873709018333234,1.7976943441971274,cross_dn
USDJPY.a,1h,-1,0.27,2011-01-17 12:00:00,82.75546606220891,2011-01-20 18:00:00,82.99709324684714,83.06606854879904,,signal,78,-6523.933985232291,-270.0,-167.03532974598536,0.0,-6523.933985232291,-79.65432948765931,-0.7779306189428075,0.9708033605957491,2.9280707704347586,cross_dn
USDJPY.a,1h,-1,0.28,2011-01-24 21:00:00,82.46662360708604,2011-01-27 09:00:00,82.7908145634209,82.77547596918691,,stop,60,-9077.346777376079,-280.00000000000006,-149.4806385513409,0.0,-9077.346777376079,-110.46833578772191,-1.0496631922438429,1.8791385921937567,1.5917754481199793,cross_dn
USDJPY.a,1h,1,0.16,2011-01-27 11:00:00,82.86797633478076,2011-01-28 13:00:00,82.3476366350357,82.35210877951373,,stop,26,-8325.435195921045,-160.0,-71.55431164836857,0.0,-8325.435195921045,-101.5270381961869,-1.008669171829801,1.1707972882072857,0.43038889139734804,cross_up
USDJPY.a,1h,-1,0.2,2011-01-28 18:00:00,82.26448968889491,2011-02-03 17:00:00,81.85439269283168,82.68423418722412,,signal,95,8201.939921264626,-200.0,-95.7077132671256,0.0,8201.939921264626,99.18580081315706,0.9770157743475393,0.04886379973227958,2.2811250479903697,cross_dn
USDJPY.a,1h,-1,0.24,2011-02-03 19:00:00,81.47822456587473,2011-02-04 15:00:00,81.84100560496228,81.82661613224836,,stop,20,-8706.744938101223,-240.0,-105.34734513392472,0.0,-8706.744938101223,-104.59892598382929,-1.0413025862356364,1.2737835153258006,1.002390986411514,cross_dn
USDJPY.a,1h,1,0.23,2011-02-04 16:00:00,81.83899443548957,2011-02-17 15:00:00,83.53261015726902,81.46121060717387,,signal,214,38953.16160092739,-230.0,-109.9327656252162,0.0,38953.16160092739,464.7112475092097,4.48302863923588,0.5426236385064666,5.624924640063324,cross_up
USDJPY.a,1h,1,0.34,2011-03-01 08:00:00,82.21297363674991,2011-03-01 18:00:00,81.94715635194466,81.95074120674283,,stop,10,-9037.787683378554,-442.00000000000006,-121.88506313781713,0.0,-9037.787683378554,-108.68390656460889,-1.0136705242676525,1.4375553654433184,0.05730169700857093,cross_up
USDJPY.a,1h,-1,0.38,2011-03-02 08:00:00,81.91924010556461,2011-03-02 10:00:00,82.05603286816114,82.14875502014972,,signal,2,-5198.124978668063,-380.0,-154.4979802461749,0.0,-5198.124978668063,-62.719452415337294,-0.5960081628847775,0.818072737341702,0.19275481789313617,cross_dn
USDJPY.a,1h,-1,0.31,2011-03-02 16:00:00,81.85070567854964,2011-03-03 15:00:00,82.13796983800901,82.12550481062388,,stop,23,-8905.188943240431,-279.00000000000006,-107.41584893893071,0.0,-8905.188943240431,-106.6255912276213,-1.0453605049297086,1.2601725443470773,0.9996599205977135,cross_dn
USDJPY.a,1h,1,0.27,2011-03-03 17:00:00,82.28851384227241,2011-03-07 13:00:00,81.96709363353705,81.97044430948424,,stop,44,-8678.345635854756,-243.00000000000003,-90.46825057419903,0.0,-8678.345635854756,-103.9407633856215,-1.010534413396396,1.0737081268951554,2.3186318766932597,cross_up
USDJPY.a,1h,-1,0.31,2011-03-07 14:00:00,82.03178005774699,2011-03-08 00:00:00,82.334484171527,82.31222299559938,,stop,10,-9383.827527180301,-589.0,-101.09645375579393,0.0,-9383.827527180301,-112.68986980979261,-1.0793786290290788,1.1810600216552418,0.188202484794839,cross_dn
USDJPY.a,1h,1,0.31,2011-03-08 04:00:00,82.24896962421332,2011-03-11 14:00:00,82.22163261319865,81.9757813558992,,signal,81,-847.4473414546395,-310.0,-270.7779816834944,0.0,-847.4473414546395,-10.293187909007846,-0.10006656282631204,0.8820643203325665,3.7996886989054377,cross_up
USDJPY.a,1h,1,0.07,2011-03-18 07:00:00,81.78389371308918,2011-03-18 22:00:00,80.58902638322932,80.59919246876392,,stop,15,-8364.071309019026,-133.0,-71.16259874210694,0.0,-8364.071309019026,-104.21841211690786,-1.0085811385640795,1.079507360370477,0.1461180932661206,cross_up
USDJPY.a,1h,-1,0.27,2011-03-23 11:00:00,80.81947302337792,2011-03-23 16:00:00,81.0166442699674,81.12540069912573,,signal,5,-5323.623657915875,-270.0,-142.79057823898003,0.0,-5323.623657915875,-65.19182859660773,-0.6445028097164177,0.7666092191522061,0.2532396691098453,cross_dn
USDJPY.a,1h,-1,0.25,2011-03-23 18:00:00,80.91130652232404,2011-03-24 05:00:00,81.04826597726111,81.24035276407189,,signal,11,-3423.9863734267574,-450.00000000000006,-113.2988630551828,0.0,-3423.9863734267574,-41.75389905804394,-0.41623163422126097,0.4154233063105838,0.429442748148235,cross_dn
USDJPY.a,1h,-1,0.32,2011-03-24 17:00:00,80.8589145190442,2011-03-24 23:00:00,80.98387690806801,81.12419935943437,,signal,6,-3998.7964487618233,-480.0,-120.12211635267046,0.0,-3998.7964487618233,-48.3677576844724,-0.4710498679080925,0.5280568642737375,0.1919239673451233,cross_dn
USDJPY.a,1h,-1,0.23,2011-04-08 23:00:00,84.83286105748995,2011-04-27 16:00:00,82.30845525941618,85.2260499532756,,signal,304,58061.33335569676,-230.0,-158.9419331440201,0.0,58061.33335569676,651.5328693344525,6.420338481404966,0.7989517147536799,9.076708665331928,cross_dn
USDJPY.a,1h,-1,0.19,2011-04-28 11:00:00,81.57413092297028,2011-05-09 03:00:00,80.80596550261068,82.07060652323233,,signal,159,14595.142986832558,-285.0,-150.68909920514375,0.0,14595.142986832558,168.46816825339738,1.5472370041028463,0.5415554699723576,4.012545474377439,cross_dn
USDJPY.a,1h,-1,0.25,2011-05-10 00:00:00,80.34113441949057,2011-05-10 10:00:00,80.72779481907008,80.70932814549982,,stop,10,-9666.509989487793,-350.0,-111.66683925661114,0.0,-9666.509989487793,-110.93956677006254,-1.0501547752331748,1.4255147316014771,0.5055339250563269,cross_dn
USDJPY.a,1h,1,0.23,2011-05-10 14:00:00,80.6609606331362,2011-05-13 09:00:00,80.60288799314607,80.2707993855117,,signal,67,-1335.6707197729777,-230.0,-143.15231528065405,0.0,-1335.6707197729777,-15.53116121535699,-0.14884266529211831,0.5560794016759996,1.6993983151856102,cross_up
USDJPY.a,1h,1,0.23,2011-05-16 08:00:00,80.92987851605564,2011-05-16 21:00:00,80.74951904765013,80.54123822327963,,signal,13,-4148.267773326793,-414.00000000000006,-114.1238080941777,0.0,-4148.267773326793,-48.484544460499144,-0.46407815081969594,0.5554712675663379,0.2215968996143295,cross_up
USDJPY.a,1h,1,0.28,2011-05-17 05:00:00,80.97357431722817,2011-05-26 09:00:00,81.74557779406008,80.65957268082296,,signal,171,21616.09735129355,-280.00000000000006,-135.64353263538027,0.0,21616.09735129355,249.10508974645234,2.4585969858948995,0.11329341348482735,3.9981501279558422,cross_up
USDJPY.a,1h,1,0.25,2011-05-31 10:00:00,81.56691153117156,2011-05-31 17:00:00,81.19916742796345,81.20379388075341,,stop,7,-9193.602580202765,-325.00000000000006,-115.66131974910135,0.0,-9193.602580202765,-106.23391759326356,-1.0127409196017771,1.0958198553921719,0.5400135978040298,cross_up
USDJPY.a,1h,-1,0.24,2011-06-01 18:00:00,80.84401312358773,2011-06-02 04:00:00,81.24751097598438,81.22531028626656,,stop,10,-9683.948457519704,-432.00000000000006,-100.81655322782913,0.0,-9683.948457519704,-112.03415006857837,-1.0582241146560012,1.211618972369326,0.22558028752021425,cross_dn
USDJPY.a,1h,1,0.24,2011-06-09 21:00:00,80.41074081364178,2011-06-10 05:00:00,80.03724142213227,80.04123662514509,,stop,8,-8963.98539622828,-432.00000000000006,-95.88487230759647,0.0,-8963.98539622828,-105.42204087800252,-1.0108123348454445,1.0385289953085757,0.10624828508154818,cross_up
USDJPY.a,1h,-1,0.37,2011-06-14 06:00:00,80.15704402254944,2011-06-14 09:00:00,80.3019144105171,80.40053542603818,,signal,3,-5360.204354803315,-370.0,-141.6663782648148,0.0,-5360.204354803315,-62.74025171281822,-0.5949712634284473,0.8417380429614902,0.0494638511950734,cross_dn
USDJPY.a,1h,-1,0.32,2011-06-14 14:00:00,80.13875577195492,2011-06-14 15:00:00,80.42797504897882,80.41406915991601,,stop,1,-9255.016864764912,-320.0,-124.98845000974264,0.0,-9255.016864764912,-107.95097955819797,-1.0505093092849425,1.5482146771057763,0.020906255222637955,cross_dn
USDJPY.a,1h,1,0.26,2011-06-14 16:00:00,80.5215836456103,2011-06-17 10:00:00,80.57376687356039,80.1815092447663,,signal,66,1356.763926702115,-260.0,-116.12257485957203,0.0,1356.763926702115,16.035176028064907,0.15344650411960456,0.43103404798041917,1.5450041317008951,cross_up
USDJPY.a,1h,1,0.37,2011-06-23 02:00:00,80.40171023965871,2011-06-24 11:00:00,80.16056651380367,80.16404466132741,,stop,33,-8922.317856636455,-370.0,-128.69145837845576,0.0,-8922.317856636455,-104.97845905744617,-1.014634628826595,1.0001879166841132,1.621142460117659,cross_up
USDJPY.a,1h,-1,0.3,2011-06-24 16:00:00,80.23175728677221,2011-06-27 02:00:00,80.47411777806907,80.51767293450992,,signal,10,-7270.814738905926,-450.0,-127.06668414447137,0.0,-7270.814738905926,-86.33701308904875,-0.8476643136342025,0.9381882920723171,0.11107222365576178,cross_dn
USDJPY.a,1h,-1,0.3,2011-06-30 04:00:00,80.63864439274846,2011-07-01 16:00:00,80.94413724017683,80.9301778992457,,stop,36,-9164.785422851053,-300.0,-118.78022793333821,0.0,-9164.785422851053,-105.9465167613226,-1.0478824581738257,1.1949076160644532,1.3159530009360698,cross_dn
USDJPY.a,1h,1,0.25,2011-07-01 17:00:00,80.92590673486212,2011-07-04 10:00:00,80.57282081327438,80.5760549224074,,stop,16,-8827.148039693711,-225.00000000000003,-80.85272832551911,0.0,-8827.148039693711,-101.94014468787292,-1.0092442257489709,1.1259245224379055,0.5976623750232443,cross_up
USDJPY.a,1h,-1,0.32,2011-07-04 14:00:00,80.67277300671685,2011-07-04 15:00:00,80.77817220804863,80.94771063427012,,signal,1,-3372.7744426169015,-288.00000000000006,-139.02131511288374,0.0,-3372.7744426169015,-38.90679016369868,-0.3833567717512814,0.4772973217633648,0.05373221136851712,cross_dn
USDJPY.a,1h,-1,0.36,2011-07-07 06:00:00,80.80699158069429,2011-07-07 10:00:00,80.94489079403871,81.05459490653827,,signal,4,-4964.371680399324,-360.0,-136.13717078596224,0.0,-4964.371680399324,-57.13130774804095,-0.5569360301376457,0.7310419546616567,0.0,cross_dn
USDJPY.a,1h,-1,0.26,2011-07-08 19:00:00,80.64533313424492,2011-07-20 03:00:00,79.19303524264312,80.9819242362605,,signal,176,37759.74518164685,-650.0,-105.8326174417709,0.0,37759.74518164685,443.8541314902765,4.314724551258638,0.5397256928873604,6.483632874359066,cross_dn
USDJPY.a,1h,-1,0.31,2011-07-20 12:00:00,78.80469691816084,2011-08-04 06:00:00,78.93335494244808,79.08333793988736,,signal,258,-3988.3987529042315,-589.0,-332.0064317799149,0.0,-3988.3987529042315,-47.199777897593805,-0.4617339668439449,0.7906340583813593,9.017684842639753,cross_dn
USDJPY.a,1h,-1,0.14,2011-08-08 06:00:00,78.08745924741153,2011-08-15 09:00:00,76.92259151699129,78.68329361767789,,signal,122,16308.148225883373,-140.00000000000003,-72.56247575625153,0.0,16308.148225883373,203.58535717342602,1.9550193620074356,0.14020801208753764,2.994891426981318,cross_dn
USDJPY.a,1h,-1,0.28,2011-08-15 16:00:00,76.66468393671968,2011-08-16 05:00:00,76.87488263320068,76.96227774927357,,signal,13,-5885.563501468028,-504.0000000000001,-105.42745923785267,0.0,-5885.563501468028,-73.06153322877321,-0.7063275095578164,0.7201630351152408,0.2845621553517732,cross_dn
USDJPY.a,1h,-1,0.36,2011-08-16 15:00:00,76.701178691806,2011-08-22 05:00:00,76.66033463707534,76.92925302611431,,signal,86,1470.3859703041076,-540.0,-240.09386942403907,0.0,1470.3859703041076,18.372698297779806,0.1790822051702584,0.9550452437122833,3.2628778422742544,cross_dn
USDJPY.a,1h,-1,0.38,2011-08-23 17:00:00,76.57614370307734,2011-08-24 03:00:00,76.81917431134404,76.79807843189782,,stop,10,-9235.163114134877,-684.0000000000001,-117.64341895626073,0.0,-9235.163114134877,-114.41665956796055,-1.0950544313561899,1.2745021855117176,0.5188178690612758,cross_dn
USDJPY.a,1h,1,0.29,2011-08-24 04:00:00,76.87005935394289,2011-08-24 05:00:00,76.58465523172809,76.58801004614855,,stop,1,-8276.719544229194,-434.99999999999994,-97.28961819342632,0.0,-8276.719544229194,-103.18066680152796,-1.0118944252928563,1.0248539739500528,0.0,cross_up
USDJPY.a,1h,-1,0.29,2011-08-24 09:00:00,76.62679828344679,2011-08-24 20:00:00,76.925495235056,76.9117695360106,,stop,11,-8662.21159666726,-289.99999999999994,-108.04527231684817,0.0,-8662.21159666726,-107.50036475349465,-1.048165205865233,1.509631981060576,0.5747887970212692,cross_dn
USDJPY.a,1h,1,0.24,2011-08-24 21:00:00,77.05639924226621,2011-08-26 13:00:00,76.71119751730377,76.71552507954928,,stop,39,-8284.841399098468,-384.0,-103.86149389228038,0.0,-8284.841399098468,-102.95904938355979,-1.0126954833156443,1.4386518425377035,1.8558190292031949,cross_up
USDJPY.a,1h,-1,0.23,2011-08-26 16:00:00,76.49357172880141,2011-08-26 16:00:00,76.8710250681463,76.85188266134841,,stop,0,-8681.426804932287,-322.0,-118.2753563512943,0.0,-8681.426804932287,-107.24381902974383,-1.0534240098726881,1.5864106270997593,0.0043864941274227125,cross_dn
USDJPY.a,1h,1,0.22,2011-09-01 05:00:00,76.97672332710977,2011-09-02 14:00:00,76.60301271086088,76.60616750445487,,stop,33,-8221.633557475485,-616.0,-69.4054590678105,0.0,-8221.633557475485,-100.1806750841793,-1.0085136797241228,1.2244398802291474,0.5269831451875362,cross_up
USDJPY.a,1h,-1,0.29,2011-09-02 19:00:00,76.74582954391785,2011-09-05 15:00:00,76.89761825778557,77.0246383187517,,signal,19,-4401.872702163786,-289.99999999999994,-93.85895156287629,0.0,-4401.872702163786,-54.34807242793817,-0.5444187112051005,0.6175216550654069,0.2217632639241673,cross_dn
USDJPY.a,1h,-1,0.22,2011-09-12 10:00:00,77.0090123211931,2011-09-12 22:00:00,77.38484588505864,77.36330291631353,,stop,12,-8268.338405041903,-374.0,-99.94531239250796,0.0,-8268.338405041903,-103.43514065027036,-1.0608059289233638,1.0330155071784923,0.7508308853151417,cross_dn
USDJPY.a,1h,1,0.3,2011-09-16 21:00:00,76.89693464964041,2011-09-19 17:00:00,76.70974338631713,76.63064331763688,,signal,19,-5615.737899698558,-300.0,-135.39682097230622,0.0,-5615.737899698558,-72.16527605641951,-0.7029566524561219,0.9122889874507625,0.2894023991684681,cross_up
USDJPY.a,1h,1,0.2,2011-09-22 05:00:00,76.78982794877962,2011-09-22 11:00:00,76.40110136279344,76.4053915104362,,stop,6,-7774.531719723541,-200.0,-85.8029528552356,0.0,-7774.531719723541,-102.49550331700358,-1.0111595759789311,1.555076182049084,0.23195525274513867,cross_up
USDJPY.a,1h,-1,0.17,2011-09-22 15:00:00,76.27466535945396,2011-09-23 21:00:00,76.71724868099562,76.69650930427441,,stop,30,-7523.916466208249,-289.0,-63.569404260634684,0.0,-7523.916466208249,-100.79626466352452,-1.0491636231261703,1.0675384726399388,0.4282753413252481,cross_dn
USDJPY.a,1h,1,0.2,2011-09-26 01:00:00,76.55565575764498,2011-09-26 16:00:00,76.34126950633745,76.1959557016367,,signal,15,-4287.7250261506115,-200.0,-109.21974650158516,0.0,-4287.7250261506115,-57.75026462921573,-0.596013950308076,0.919254117762439,0.5486355619318368,cross_up
USDJPY.a,1h,1,0.22,2011-09-26 22:00:00,76.49242566984536,2011-09-27 02:00:00,76.3294806597133,76.16112136697012,,signal,4,-3584.790222905383,-374.0,-110.85097261434025,0.0,-3584.790222905383,-47.86766274198044,-0.49182883747037826,0.5898675874395627,0.0047519158096543754,cross_up
USDJPY.a,1h,1,0.27,2011-09-27 16:00:00,76.5471838340792,2011-10-03 22:00:00,76.62937624734354,76.27471464318445,,signal,101,2219.195158137112,-459.00000000000006,-141.68264344871506,0.0,2219.195158137112,30.298121385065244,0.3016576406104054,0.815445714613019,2.57576338673784,cross_up
USDJPY.a,1h,1,0.25,2011-10-04 22:00:00,76.9341042941503,2011-10-05 04:00:00,76.64659850909432,76.64996040284512,,stop,6,-7187.644626399603,-425.00000000000006,-84.04734377033488,0.0,-7187.644626399603,-98.5870244873864,-1.0118316594291865,1.1406343900675542,0.11577129354636036,cross_up
USDJPY.a,1h,-1,0.27,2011-10-05 06:00:00,76.65296523794596,2011-10-05 17:00:00,76.93555426047047,76.91921796881294,,stop,11,-7629.903608161627,-351.00000000000006,-90.07987475294844,0.0,-7629.903608161627,-103.22361838395048,-1.0613563346536543,1.5137300591872203,0.13132349039994234,cross_dn
USDJPY.a,1h,1,0.23,2011-10-05 18:00:00,76.9722638948356,2011-10-06 10:00:00,76.7225530573069,76.66197569520695,,signal,16,-5743.349263160326,-644.0,-66.55936388262899,0.0,-5743.349263160326,-77.17688863498047,-0.8047706545964515,0.903237361817249,0.0,cross_up
USDJPY.a,1h,1,0.31,2011-10-07 21:00:00,76.78465748663531,2011-10-10 13:00:00,76.61037665580008,76.54672295293963,,signal,16,-5402.705755892114,-310.0,-100.647340394283,0.0,-5402.705755892114,-70.86288729888479,-0.7324738789625922,0.9399959020718046,0.4007090180806995,cross_up
USDJPY.a,1h,1,0.24,2011-10-12 16:00:00,77.19751745360641,2011-10-13 11:00:00,76.88677718114586,76.89053509144522,,stop,19,-7457.766539053181,-240.0,-90.1898471844853,0.0,-7457.766539053181,-95.62548549953293,-1.0122414534597362,1.382872457615344,0.9201914546649642,cross_up
USDJPY.a,1h,-1,0.21,2011-10-17 21:00:00,76.78529410252679,2011-10-20 18:00:00,76.8820055463822,77.13490927523904,,signal,69,-2030.9403209636512,-588.0,-84.232948052258,0.0,-2030.9403209636512,-25.934852562768718,-0.2766225593275685,0.8458039597629071,0.4813695619134401,cross_dn
USDJPY.a,1h,-1,0.37,2011-10-21 08:00:00,76.75746230259526,2011-10-31 04:00:00,76.98730525419413,76.96088234294595,,stop,140,-8504.189209158141,-629.0,-348.6477161824627,0.0,-8504.189209158141,-102.15063502063487,-1.129893353686407,10.852115128868256,5.8374892687470625,cross_dn
USDJPY.a,1h,1,0.09,2011-10-31 05:00:00,78.40041608791554,2011-11-07 23:00:00,78.04373763465222,77.57275739598545,,signal,138,-3210.1060793699503,-135.0,-22.722576260244004,0.0,-3210.1060793699503,-39.643645803468125,-0.4309487192499061,0.8764676731949499,1.356336764212057,cross_up
USDJPY.a,1h,1,0.35,2011-11-21 23:00:00,76.97353332837304,2011-11-30 19:00:00,77.55476397188201,76.76766733439763,,signal,164,20343.072522814084,-980.0,-226.52196826004982,0.0,20343.072522814084,255.85500175372343,2.8233446053183786,0.7215049241730396,6.302481758021457,cross_up
USDJPY.a,1h,1,0.27,2011-12-02 06:00:00,77.8509659558591,2011-12-06 02:00:00,77.79222007620426,77.57039055743087,,signal,43,-1586.1387506805756,-756.0,-96.11588496986475,0.0,-1586.1387506805756,-19.91284228016324,-0.20937644563254137,0.5879558820310762,0.855506382546585,cross_up
USDJPY.a,1h,1,0.37,2011-12-09 13:00:00,77.75966489988433,2011-12-09 18:00:00,77.5519733508655,77.55445578480138,,stop,5,-7684.58731369681,-1036.0,-91.85005562753003,0.0,-7684.58731369681,-97.22510031252041,-1.0120970939077345,1.1386672555450466,0.030871436257189085,cross_up
USDJPY.a,1h,-1,0.37,2011-12-09 19:00:00,77.57238182661112,2011-12-12 11:00:00,77.81006841620076,77.7798694946566,,stop,16,-8794.40381481679,-1036.0,-81.36009713390291,0.0,-8794.40381481679,-111.86444740767924,-1.1455456212344672,1.3524571172459872,0.43560095625207595,cross_dn
USDJPY.a,1h,1,0.35,2011-12-12 12:00:00,77.86958980857497,2011-12-13 16:00:00,77.65304151400836,77.6557565379867,,stop,28,-7579.190309831247,-980.0,-95.0258392421016,0.0,-7579.190309831247,-96.1642214901666,-1.0126969202260732,1.0830391731737996,0.591162409279256,cross_up
USDJPY.a,1h,-1,0.3,2011-12-15 19:00:00,77.85607379655835,2011-12-19 05:00:00,78.10929292525189,78.1024504633003,,stop,34,-7596.573860806329,-120.0,-85.27385854750719,0.0,-7596.573860806329,-98.25346881435124,-1.0277723618964247,1.2376423769099205,1.0231236581439924,cross_dn
USDJPY.a,1h,1,0.32,2011-12-19 10:00:00,77.92481227761671,2011-12-20 18:00:00,77.74147482097102,77.69580878236677,,signal,32,-5866.798612662023,-128.0,-97.61145785402083,0.0,-5866.798612662023,-74.91752930978579,-0.8005880279058114,0.8812628706668715,0.5641299153198226,cross_up
USDJPY.a,1h,1,0.32,2011-12-21 22:00:00,78.09451894027956,2011-12-26 12:00:00,77.96378379134336,77.86471957775277,,signal,54,-4183.524765958282,-320.0,-77.83735402493208,0.0,-4183.524765958282,-52.844260139432,-0.5689099721543172,0.6288918241133286,0.5068815615485552,cross_up
USDJPY.a,1h,1,0.37,2012-01-05 16:00:00,77.02157752354948,2012-01-09 01:00:00,76.79365733706706,76.82237182987832,,stop_gap,33,-8433.0468998496,-629.0,-86.67852851910773,0.0,-8433.0468998496,-107.49418440767094,-1.1441449402478503,1.1926241623477767,1.5181417301743452,cross_up
USDJPY.a,1h,-1,0.45,2012-01-09 10:00:00,76.87065986878075,2012-01-11 12:00:00,76.9329576737858,77.03297920259244,,signal,50,-2803.4012252270204,-1215.0,-86.19064072095073,0.0,-2803.4012252270204,-35.338764097368816,-0.3837978110316545,0.4887903945644336,0.6755810673050707,cross_dn
USDJPY.a,1h,-1,0.55,2012-01-12 04:00:00,76.87890064535512,2012-01-12 11:00:00,76.9830652823798,77.01391312527245,,signal,7,-5729.055036357451,-1485.0000000000002,-117.18106177713967,0.0,-5729.055036357451,-72.14027583000072,-0.7715185817522787,0.6525274900425704,0.49551452870194224,cross_dn
USDJPY.a,1h,-1,0.57,2012-01-12 15:00:00,76.84996989509452,2012-01-13 16:00:00,77.00813658592928,76.97893719881576,,stop,25,-9015.5013775814,-1538.9999999999998,-125.36506547088923,0.0,-9015.5013775814,-113.91473208825143,-1.2264092236636646,1.0470103740196597,1.550547226502796,cross_dn
USDJPY.a,1h,1,0.34,2012-01-13 22:00:00,76.96745765274726,2012-01-16 13:00:00,76.787763667705,76.75370059171436,,signal,15,-6109.595491436949,-340.0,-84.07059606050646,0.0,-6109.595491436949,-77.20735681276636,-0.8406458442774497,0.9471390173918106,0.0,cross_up
USDJPY.a,1h,1,0.44,2012-01-18 00:00:00,76.84014585055054,2012-01-18 04:00:00,76.74891620476951,76.67340473357999,,signal,4,-4014.1044143651925,-660.0,-95.37398028246824,0.0,-4014.1044143651925,-50.413057589492404,-0.5471334691678774,0.6305934160745097,0.0,cross_up
USDJPY.a,1h,1,0.43,2012-01-18 21:00:00,76.84023843721376,2012-01-19 05:00:00,76.73182610307597,76.66886422122528,,signal,8,-4661.730367924619,-645.0,-100.95513546624069,0.0,-4661.730367924619,-58.44830113277101,-0.6326058649631997,0.894174402665454,0.0,cross_up
USDJPY.a,1h,1,0.45,2012-01-19 16:00:00,76.85233401511192,2012-01-23 16:00:00,76.90753954595505,76.68972873493279,,signal,48,2484.2488879406233,-450.0,-131.44086404587836,0.0,2484.2488879406233,30.53208782535714,0.33950638492370694,0.12505138264591764,2.833032140042334,cross_up
USDJPY.a,1h,1,0.38,2012-01-23 17:00:00,77.03143899304175,2012-01-23 19:00:00,76.92348841926503,76.83644324438073,,signal,2,-4102.1218035153315,-152.0,-114.88013585790479,0.0,-4102.1218035153315,-50.62783617942842,-0.5536047555805087,0.7920121033522197,0.12595662791063514,cross_up
USDJPY.a,1h,1,0.46,2012-01-24 07:00:00,77.03013565764186,2012-01-26 18:00:00,77.28515439747633,76.87019993282723,,signal,59,11730.862032385574,-460.0,-261.79543217746743,0.0,11730.862032385574,142.1785312860972,1.5945076694405964,0.3009687654065733,7.796033961788613,cross_up
USDJPY.a,1h,1,0.34,2012-02-03 16:00:00,76.546824206508,2012-02-28 04:00:00,80.17130951961144,76.32670297007579,,signal,392,123232.50064551679,-612.0000000000001,-250.95266642190128,0.0,123232.50064551679,1427.9750151005471,16.465859323025775,0.3172079515803676,22.842756450899152,cross_up
USDJPY.a,1h,1,0.18,2012-02-29 19:00:00,81.11670048165911,2012-03-06 12:00:00,80.91985725801406,80.63643516127341,,signal,89,-3543.1780256108427,-180.0,-113.13871149380155,0.0,-3543.1780256108427,-41.33897746707431,-0.4098634968832715,0.6136201577545392,1.5539317261998906,cross_up
USDJPY.a,1h,1,0.22,2012-03-08 04:00:00,81.20082171782656,2012-03-19 10:00:00,83.12904141819462,80.81638413873387,,signal,173,42420.833408097336,-220.0,-130.1775994369573,0.0,42420.833408097336,482.31557336063224,5.01568994612557,0.05416150490722372,7.715630426073098,cross_up
USDJPY.a,1h,1,0.3,2012-03-20 10:00:00,83.47552203850198,2012-03-22 01:00:00,83.17871336767263,83.18330250934886,,stop,39,-8904.260124880493,-450.0,-137.67425028687612,0.0,-8904.260124880493,-102.36215525325913,-1.0157044318342934,1.1652952815605577,2.095951503559823,cross_up
USDJPY.a,1h,-1,0.23,2012-03-22 02:00:00,83.18377195991471,2012-03-27 02:00:00,82.86078818508804,83.5694284730191,,signal,71,7428.626821013353,-345.0,-128.25651404958464,0.0,7428.626821013353,85.02512144664496,0.8374907822164508,0.7058821278395099,3.113578843123715,cross_dn
USDJPY.a,1h,-1,0.21,2012-03-28 21:00:00,82.77789400748712,2012-04-02 01:00:00,82.9722087428202,83.18261437673425,,signal,52,-4080.609441994682,-315.0,-134.76719844889877,0.0,-4080.609441994682,-47.16720796495134,-0.48012096770555135,0.4524259375763477,2.3396252806562488,cross_dn
USDJPY.a,1h,-1,0.16,2012-04-02 19:00:00,82.15194786466479,2012-04-03 21:00:00,82.70112704265935,82.67990283358664,,stop,26,-8786.866847912961,-240.0,-99.58734516344344,0.0,-8786.866847912961,-102.78390707509372,-1.0402007942382958,1.5759907270772782,1.1458323157752954,cross_dn
USDJPY.a,1h,1,0.17,2012-04-04 01:00:00,82.82368626900816,2012-04-04 12:00:00,82.31972533510648,82.32488686428707,,stop,11,-8567.33587632857,-85.0,-87.7459960698793,0.0,-8567.33587632857,-101.3939276287595,-1.0103479056545168,1.2483701125432252,0.20111036629631326,cross_up
USDJPY.a,1h,-1,0.23,2012-04-05 06:00:00,82.17313019899889,2012-04-06 15:00:00,82.43972527041112,82.5360501347649,,signal,33,-6131.6866424812,-207.00000000000003,-171.36243891088733,0.0,-6131.6866424812,-73.10708288490115,-0.7345837060439337,0.8676012805317866,0.9620033638052511,cross_dn
USDJPY.a,1h,-1,0.17,2012-04-06 16:00:00,81.45814510604683,2012-04-13 22:00:00,81.12317981169211,81.92865880138828,,signal,126,5694.410004030189,-272.0,-74.11359753162868,0.0,5694.410004030189,67.79989594665699,0.7119140158324877,0.8455755866244075,1.866353975965692,cross_dn
USDJPY.a,1h,-1,0.35,2012-04-16 01:00:00,80.9428729641809,2012-04-18 01:00:00,80.90022478188307,81.18183174487629,,signal,48,1492.6863804243596,-525.0,-155.73473181516496,0.0,1492.6863804243596,17.726453634631245,0.17847505822439386,0.17629415289323216,2.6442759807449323,cross_dn
USDJPY.a,1h,-1,0.32,2012-04-23 10:00:00,81.22274019116092,2012-04-25 04:00:00,81.42292223136147,81.47974349756772,,signal,42,-6405.825286417439,-512.0,-123.0228071334869,0.0,-6405.825286417439,-76.3576697017018,-0.7789084233946935,0.9737610474277253,1.4658962813676462,cross_dn
USDJPY.a,1h,-1,0.28,2012-04-26 09:00:00,81.14967906388578,2012-05-02 10:00:00,80.55463813097627,81.44831832306689,,signal,97,16661.146121466347,-252.00000000000006,-147.73533467075342,0.0,16661.146121466347,200.8565370281224,1.9925073968545677,0.9453577432798688,5.088678119725122,cross_dn
USDJPY.a,1h,-1,0.37,2012-05-03 04:00:00,80.1222727193777,2012-05-03 08:00:00,80.18353179825732,80.34521085300139,,signal,4,-2266.585918545772,-333.00000000000006,-113.35307104205305,0.0,-2266.585918545772,-27.433640625674308,-0.27478062134950576,0.3172507075065013,0.041593240362177195,cross_dn
USDJPY.a,1h,-1,0.47,2012-05-04 10:00:00,80.17166620349047,2012-05-04 15:00:00,80.35821735619602,80.34616491474469,,stop,5,-8767.90417716073,-423.00000000000006,-143.464748212539,0.0,-8767.90417716073,-107.12992548277559,-1.0690689424850408,1.193898768719344,1.952256271934158,cross_dn
USDJPY.a,1h,1,0.33,2012-05-10 20:00:00,79.96788415173756,2012-05-14 16:00:00,79.7190723850611,79.72201803532748,,stop,44,-8210.788300323444,-264.0,-97.2064587905641,0.0,-8210.788300323444,-103.32157922258948,-1.0119807084822956,1.1098892182541447,0.8667963336069175,cross_up
USDJPY.a,1h,-1,0.38,2012-05-15 00:00:00,79.83740896440133,2012-05-15 13:00:00,79.91441994391126,80.04356248443594,,signal,13,-2926.417221377022,-342.00000000000006,-107.91573725616861,0.0,-2926.417221377022,-36.6418410269278,-0.373561312448096,0.5218976400723084,0.14750640394705516,cross_dn
USDJPY.a,1h,-1,0.24,2012-05-17 18:00:00,79.49798001828317,2012-05-22 12:00:00,79.827333954551,79.81545907726667,,stop,66,-7904.49447042772,-216.00000000000003,-68.99705482398392,0.0,-7904.49447042772,-100.3822897363457,-1.0374036552909933,1.0615502729405002,1.5874433416075318,cross_dn
USDJPY.a,1h,1,0.3,2012-05-22 13:00:00,79.72683825736648,2012-05-23 09:00:00,79.46694434378544,79.47042689297227,,stop,20,-7796.817407431148,-270.00000000000006,-104.476475604766,0.0,-7796.817407431148,-100.27183111394693,-1.0135818831394439,1.1030644372362468,1.5918239177808442,cross_up
USDJPY.a,1h,-1,0.25,2012-05-23 17:00:00,79.39344080458477,2012-05-25 03:00:00,79.68965303457782,79.69327630589662,,signal,34,-7405.3057498261405,-400.0,-82.65172889088208,0.0,-7405.3057498261405,-95.1910665469406,-0.9879158028220516,0.9490510435562738,0.6251454673134839,cross_dn
USDJPY.a,1h,-1,0.38,2012-05-28 07:00:00,79.38147605955092,2012-05-29 02:00:00,79.60018034302384,79.58229967583712,,stop,19,-8310.762771970843,-608.0,-71.46535309498657,0.0,-8310.762771970843,-106.41460166237187,-1.0890366756528977,1.0781796705647584,0.29616068394145356,cross_dn
USDJPY.a,1h,1,0.2,2012-06-05 17:00:00,78.71180601869473,2012-06-12 04:00:00,79.19474222419753,78.35265132955597,,signal,107,9658.724110055915,-320.0,-90.31103209934591,0.0,9658.724110055915,123.233170330003,1.3446468057005083,0.42267586442697574,2.976973470314859,cross_up
USDJPY.a,1h,1,0.25,2012-06-12 09:00:00,79.51641209516687,2012-06-13 21:00:00,79.3020000822932,79.20779488138167,,signal,36,-5360.300321841649,-400.0,-99.99588533954248,0.0,-5360.300321841649,-67.79478189413796,-0.6947506597052625,0.730393785888315,0.711521895165479,cross_up
USDJPY.a,1h,1,0.26,2012-06-20 18:00:00,79.36151343462443,2012-06-25 17:00:00,79.64037226254773,79.05811456978796,,signal,71,7250.3295260058285,-208.0,-136.6423475181405,0.0,7250.3295260058285,91.21974754482677,0.9191162533637263,0.054428135824863645,4.1314807359322225,cross_up
USDJPY.a,1h,1,0.29,2012-06-28 00:00:00,79.73399445103972,2012-06-28 04:00:00,79.45707265769957,79.46013159080604,,stop,4,-8030.7320068643685,-463.99999999999994,-88.70906008785065,0.0,-8030.7320068643685,-99.94209022998294,-1.0111695799272058,1.1647963172791207,0.051140738646832024,cross_up
USDJPY.a,1h,-1,0.3,2012-06-28 05:00:00,79.45493494617217,2012-06-29 10:00:00,79.72348200665951,79.71091109220647,,stop,29,-8056.411814620077,-270.00000000000006,-107.12743359113331,0.0,-8056.411814620077,-99.56892910766327,-1.0491097106030798,1.1175457489288665,1.2381425030506554,cross_dn
USDJPY.a,1h,1,0.21,2012-06-29 19:00:00,79.81583849653677,2012-07-02 17:00:00,79.43418498777082,79.43885623543592,,stop,22,-8014.723684084955,-189.00000000000003,-98.09620096709689,0.0,-8014.723684084955,-98.66557291862148,-1.0123911603995905,1.283451627468862,0.44607272228715905,cross_up
USDJPY.a,1h,-1,0.22,2012-07-02 21:00:00,79.41628437813128,2012-07-03 06:00:00,79.78561167108445,79.76721832848106,,stop,9,-8125.200444969806,-330.0,-74.6535372743899,0.0,-8125.200444969806,-99.23068235052685,-1.0524125482446363,1.1048108097899236,0.032155276284986455,cross_dn
USDJPY.a,1h,1,0.26,2012-07-03 09:00:00,79.7952460043002,2012-07-05 15:00:00,79.62957635779401,79.5005378826652,,signal,54,-4307.4108091609,-234.00000000000003,-126.02939471175179,0.0,-4307.4108091609,-52.40438893066186,-0.5621482217289354,0.8185929962221504,0.96961696920494,cross_up
USDJPY.a,1h,1,0.25,2012-07-05 16:00:00,80.03937052490558,2012-07-06 15:00:00,79.72387968678271,79.7270447242506,,stop,23,-7887.270953071735,-175.0,-79.12593669741476,0.0,-7887.270953071735,-96.9481657454446,-1.0101337688441279,1.6372983718706031,0.16210468359722596,cross_up
USDJPY.a,1h,-1,0.29,2012-07-06 17:00:00,79.57785013152355,2012-07-11 23:00:00,79.68610725215099,79.84502075644438,,signal,78,-3139.456498195827,-434.99999999999994,-122.22062475774155,0.0,-3139.456498195827,-38.40810717883689,-0.40519844073246847,0.6780306350300597,1.691241810949188,cross_dn
USDJPY.a,1h,-1,0.23,2012-07-12 12:00:00,79.29545011098898,2012-07-18 06:00:00,79.09560691680856,79.63086967456024,,signal,90,4596.393466149593,-345.0,-73.91817319422233,0.0,4596.393466149593,56.483009700108205,0.5958006505424297,0.2639973890258978,1.825922449090691,cross_dn
USDJPY.a,1h,-1,0.4,2012-07-18 08:00:00,79.02142321969056,2012-07-27 03:00:00,78.32967235822154,79.21637427242331,,signal,161,27670.03445876071,-640.0,-133.7886577230899,0.0,27670.03445876071,340.296510711618,3.5483309875598246,0.43896546907470474,5.526634529989253,cross_dn
USDJPY.a,1h,-1,0.36,2012-07-27 14:00:00,78.0872570742098,2012-07-27 15:00:00,78.3163405139983,78.30424001021909,,stop,1,-8247.003832385872,-324.00000000000006,-111.61813605140192,0.0,-8247.003832385872,-101.01599308498695,-1.0557670755210486,1.57497604224312,0.06570596965836269,cross_dn
USDJPY.a,1h,1,0.29,2012-07-27 16:00:00,78.40007078805381,2012-07-30 11:00:00,78.1277337697399,78.1306246850662,,stop,19,-7897.773531103254,-261.0,-83.83654446236919,0.0,-7897.773531103254,-96.5624930715617,-1.010729104241018,1.0468542128693554,0.9869477012195268,cross_up
USDJPY.a,1h,-1,0.32,2012-07-30 18:00:00,78.17703543773546,2012-08-01 21:00:00,78.44480690928245,78.42384492022668,,stop,51,-8568.687089503783,-576.0000000000001,-94.78364978428746,0.0,-8568.687089503783,-104.42812276009745,-1.084931862601787,1.0816625016586785,1.0535877110989587,cross_dn
USDJPY.a,1h,1,0.29,2012-08-01 23:00:00,78.48194151751845,2012-08-02 12:00:00,78.21434070738474,78.21683418020912,,stop,13,-7760.423493877724,-173.99999999999997,-72.31071190714677,0.0,-7760.423493877724,-94.30198698936668,-1.009405521739574,1.0220068605732826,0.1737352234344756,cross_up
USDJPY.a,1h,-1,0.41,2012-08-03 04:00:00,78.08349329978351,2012-08-03 09:00:00,78.28633383729792,78.27524810606388,,stop,5,-8316.46203809059,-369.00000000000006,-85.51498059540307,0.0,-8316.46203809059,-101.3559969418635,-1.0578120123770145,1.0195661011522512,0.03386251385021465,cross_dn
USDJPY.a,1h,1,0.32,2012-08-03 16:00:00,78.6699801439095,2012-08-06 04:00:00,78.42244472510279,78.42540370449102,,stop,12,-7921.133401814586,-480.0,-94.68734042325761,0.0,-7921.133401814586,-95.63126648274138,-1.0120983828011425,1.0834246525933964,0.39259650814612185,cross_up
USDJPY.a,1h,-1,0.35,2012-08-06 19:00:00,78.168301195683,2012-08-07 11:00:00,78.39728786389725,78.39006981190458,,stop,16,-8014.533387498658,-175.0,-77.63181974331448,0.0,-8014.533387498658,-96.64535215210759,-1.0325476711522343,1.1800533762429624,0.17270791663657117,cross_dn
USDJPY.a,1h,1,0.33,2012-08-07 16:00:00,78.5488003330687,2012-08-08 11:00:00,78.31270670746177,78.31530131767462,,stop,19,-7791.089645028577,-231.0,-85.62213702418067,0.0,-7791.089645028577,-94.23382563462872,-1.0111118678957767,1.1169226243997277,0.7931496696837772,cross_up
USDJPY.a,1h,-1,0.35,2012-08-10 16:00:00,78.26820492997601,2012-08-14 09:00:00,78.44826558120148,78.48937481092122,,signal,41,-6302.122792891609,-315.00000000000006,-88.59068410313512,0.0,-6302.122792891609,-76.2926563958948,-0.814128264011135,0.8490987526032794,0.5163674614641705,cross_dn
USDJPY.a,1h,-1,0.37,2012-08-21 22:00:00,79.24642027051071,2012-08-27 22:00:00,78.76421622213455,79.45184820048203,,signal,96,17841.54978991796,-555.0,-90.00043795665015,0.0,17841.54978991796,218.51312752009665,2.347314936403626,0.5869685271429573,4.592463501153026,cross_dn
USDJPY.a,1h,-1,0.47,2012-08-28 05:00:00,78.57270599611368,2012-08-29 17:00:00,78.7449938809943,78.7340005231571,,stop,36,-8097.530589389024,-423.00000000000006,-93.68781834786652,0.0,-8097.530589389024,-99.28002153179943,-1.0681570418953772,1.278989483820332,0.7669571831186859,cross_dn
USDJPY.a,1h,1,0.44,2012-08-29 20:00:00,78.74728541719347,2012-08-30 15:00:00,78.57331564555096,78.57507845472581,,stop,19,-7654.669952270183,-396.00000000000006,-77.5636036934767,0.0,-7654.669952270183,-94.31127887587098,-1.0102365731883824,1.4940477057761075,0.033184388857717524,cross_up
USDJPY.a,1h,-1,0.51,2012-08-30 17:00:00,78.5468001539097,2012-09-04 21:00:00,78.43223818273977,78.69447928138733,,signal,76,5842.66052966663,-765.0,-126.29463945617927,0.0,5842.66052966663,72.84283630495577,0.7757492417964561,0.7258970710436663,2.443135736729927,cross_dn
USDJPY.a,1h,-1,0.43,2012-09-05 19:00:00,78.33269042378227,2012-09-06 04:00:00,78.4610803683783,78.5045967985405,,signal,9,-5520.767617629602,-688.0,-92.91168053295108,0.0,-5520.767617629602,-68.9289870436197,-0.7468597064919812,0.7580264338712822,0.0,cross_dn
USDJPY.a,1h,-1,0.25,2012-09-07 20:00:00,78.1556292293102,2012-09-14 16:00:00,78.05787405099974,78.45910374670586,,signal,116,2443.8794577612553,-225.00000000000003,-143.70254998663225,0.0,2443.8794577612553,29.483950596127706,0.3221198904914866,0.5548102428326217,3.3631463955159355,cross_dn
USDJPY.a,1h,-1,0.22,2012-09-19 23:00:00,78.35341696231005,2012-09-28 21:00:00,78.08891770146494,78.69121661210843,,signal,166,5818.983738592493,-330.0,-84.37886445701827,0.0,5818.983738592493,71.95806909846989,0.7830063204712605,0.28887844539858526,2.739543877154364,cross_dn
USDJPY.a,1h,-1,0.29,2012-10-08 14:00:00,78.18688470206314,2012-10-11 15:00:00,78.45545745348394,78.44448241457687,,stop,73,-7788.609791203356,-231.99999999999997,-86.27612830518262,0.0,-7788.609791203356,-96.53591505248558,-1.0426053430365456,1.3552732845725726,0.9506478131093464,cross_dn
USDJPY.a,1h,1,0.3,2012-10-11 18:00:00,78.51092857154491,2012-10-26 17:00:00,79.55237560183926,78.25953844587767,,signal,262,31243.410908830498,-600.0,-157.4638896445064,0.0,31243.410908830498,379.1114361323636,4.142752335757536,0.9583851828127201,7.3991427607510944,cross_up
USDJPY.a,1h,1,0.36,2012-10-31 15:00:00,79.81577704024969,2012-11-06 06:00:00,80.10334036581207,79.59647535100291,,signal,86,10352.279720245973,-540.0,-119.49366153062135,0.0,10352.279720245973,124.0611843733146,1.3112681737658558,0.486895657832929,3.8860756735500024,cross_up
USDJPY.a,1h,1,0.35,2012-11-06 21:00:00,80.37472013238542,2012-11-07 02:00:00,80.14613598313595,80.14878987119351,,stop,5,-8000.445223731489,-525.0,-92.88608201461763,0.0,-8000.445223731489,-95.78950288004434,-1.0117464922297925,1.0344790961264478,0.275659698200752,cross_up
USDJPY.a,1h,-1,0.29,2012-11-07 05:00:00,79.8788302181578,2012-11-07 06:00:00,80.17201183972907,80.15231678644886,,stop,1,-8502.267025566665,-463.99999999999994,-107.15654512566563,0.0,-8502.267025566665,-101.58501950766197,-1.0720147004047424,1.0390630282791906,0.2663027241626497,cross_dn
USDJPY.a,1h,1,0.34,2012-11-14 09:00:00,79.74797800347586,2012-11-26 11:00:00,81.94412842923204,79.51334568593978,,signal,194,74669.11447570988,-170.0,-195.2668122218239,0.0,74669.11447570988,871.1533708916724,9.359965621182786,0.05957407582491493,13.139801153138354,cross_up
USDJPY.a,1h,1,0.31,2012-11-29 10:00:00,82.1961238283186,2012-11-29 16:00:00,81.91773743598797,81.92083080326374,,stop,6,-8629.978162249572,-248.0,-95.89438554872946,0.0,-8629.978162249572,-100.7880806301749,-1.0112366351277897,1.0466078036709505,0.0,cross_up
USDJPY.a,1h,-1,0.3,2012-12-03 19:00:00,82.24185696178223,2012-12-05 15:00:00,82.18329275972522,82.52279360623834,,signal,44,1756.926061710402,-210.0,-137.5655835121511,0.0,1756.926061710402,20.45799806014714,0.20846053091576586,0.320866074243459,1.8895967196090653,cross_dn
USDJPY.a,1h,-1,0.29,2012-12-05 16:00:00,82.05675815168374,2012-12-05 18:00:00,82.28251904268086,82.3455949656503,,signal,2,-6547.065838916551,-144.99999999999997,-146.10447548967102,0.0,-6547.065838916551,-75.97580865312982,-0.7816209017706901,0.8179076796755286,0.02685998220652458,cross_dn
USDJPY.a,1h,-1,0.35,2012-12-10 13:00:00,82.13909849184564,2012-12-10 18:00:00,82.38705052235503,82.37904917462652,,stop,5,-8678.321067828349,-175.0,-105.04717049796206,0.0,-8678.321067828349,-100.43544756778468,-1.0333458010445264,1.1915011236514974,0.11710111227855867,cross_dn
USDJPY.a,1h,1,0.43,2012-12-11 12:00:00,82.47755282101012,2012-12-20 13:00:00,83.96107837464595,82.2809279409449,,signal,169,63791.59880634064,-215.0,-251.25978044842208,0.0,63791.59880634064,723.2270757234058,7.544953380995236,0.8267154235832679,10.845256095172704,cross_up
USDJPY.a,1h,1,0.23,2012-12-20 16:00:00,84.27596111184506,2012-12-21 04:00:00,83.88825203357788,83.8928503285493,,stop,12,-8917.308800145109,-368.0,-105.76078434264424,0.0,-8917.308800145109,-101.74289578863376,-1.0120025203463563,1.1092381900328634,0.45427822902228443,cross_up
USDJPY.a,1h,-1,0.24,2012-12-21 08:00:00,84.00112787740042,2012-12-24 01:00:00,84.38568851937731,84.36540111917542,,stop_gap,17,-9229.455407445357,-120.0,-88.5244650555507,0.0,-9229.455407445357,-105.19870145097057,-1.0556928093401534,1.2542017096105522,0.33800966768916474,cross_dn
USDJPY.a,1h,1,0.27,2012-12-24 02:00:00,84.43144194056691,2013-01-08 06:00:00,87.53601010470413,84.10862338522378,,signal,204,83823.34043170494,-405.0,-215.45434597724326,0.0,83823.34043170494,914.7088548745554,9.617068513417035,0.35141084268323497,12.28417014386917,cross_up
USDJPY.a,1h,1,0.21,2013-01-09 18:00:00,87.84853104283471,2013-01-15 14:00:00,88.38663925431604,87.40124423378884,,signal,91,11300.27244110792,-105.0,-183.15131872655766,0.0,11300.27244110792,121.19714134548542,1.2030495883149412,0.28064999972274435,4.0007192722328,cross_up
USDJPY.a,1h,1,0.15,2013-01-17 13:00:00,89.33412791686044,2013-01-22 08:00:00,89.06427152433353,88.68174196109454,,signal,67,-4047.845887903563,-75.0,-171.85426999378984,0.0,-4047.845887903563,-42.97351366051243,-0.4136453124747234,0.6777091274771384,1.3701583782412359,cross_up
USDJPY.a,1h,1,0.18,2013-01-24 10:00:00,89.27421570386109,2013-02-08 11:00:00,92.86157852159351,88.72803986485378,,signal,265,64572.53071918367,-108.0,-195.17322263386575,0.0,64572.53071918367,674.6684009148877,6.568146302942649,0.04616773950844052,8.734887110367236,cross_up
USDJPY.a,1h,1,0.19,2013-02-11 19:00:00,93.4490766384119,2013-02-13 05:00:00,93.1899520984315,92.92102944455132,,signal,34,-4923.366259627429,-209.0,-191.82025960250076,0.0,-4923.366259627429,-51.19282931345964,-0.4907223123106133,0.9186236458629454,1.85953712661405,cross_up
USDJPY.a,1h,1,0.21,2013-02-14 09:00:00,93.60605040788741,2013-02-14 13:00:00,93.09759419032488,93.10375278438747,,stop,4,-10677.580568813028,-63.0,-129.33047531433897,0.0,-10677.580568813028,-110.75698931570035,-1.0122608465070388,1.0034895335065495,0.09546051955906372,cross_up
USDJPY.a,1h,-1,0.2,2013-02-14 14:00:00,93.24778039415173,2013-02-15 17:00:00,93.77426182594711,93.76221617188229,,stop,27,-10529.6286359075,-60.0,-180.91308129651657,0.0,-10529.6286359075,-108.95091978970905,-1.023415272782854,1.1395389497098989,1.9978789163650532,cross_dn
USDJPY.a,1h,1,0.15,2013-02-15 23:00:00,93.5440724689446,2013-02-19 20:00:00,93.50302374278404,92.87901379591784,,signal,44,-615.7308924085214,-45.0,-89.2877164789147,0.0,-615.7308924085214,-6.366326454427825,-0.06172196202441858,0.2873016723096281,0.9982991846926487,cross_up
USDJPY.a,1h,1,0.22,2013-02-20 22:00:00,93.83276774206449,2013-02-21 05:00:00,93.36425885504747,93.36976549131798,,stop,7,-10307.195514374513,-242.0,-121.14599795130752,0.0,-10307.195514374513,-107.73043423625172,-1.0118933250575608,1.0059729543722826,0.050177419004002945,cross_up
USDJPY.a,1h,-1,0.23,2013-02-21 09:00:00,93.49953828233858,2013-02-25 01:00:00,94.21500498043942,93.94157737749997,,stop_gap,40,-16455.734056319332,-138.0,-138.11455010657824,0.0,-16455.734056319332,-169.61629817448653,-1.618559774310504,1.7927412446903421,1.6481308787237074,cross_dn
USDJPY.a,1h,1,0.2,2013-02-25 02:00:00,94.24506594027201,2013-02-25 13:00:00,93.72489301097049,93.73058496338196,,stop,11,-10403.458586030469,-60.0,-113.8390482294124,0.0,-10403.458586030469,-107.55085871141625,-1.011063484690677,1.1099845590482216,0.11260680633555142,cross_up
USDJPY.a,1h,-1,0.1,2013-02-25 23:00:00,91.31381928267076,2013-02-26 01:00:00,92.29502083904602,92.27144271739824,,stop,2,-9812.015563752539,-110.0,-125.78121647772389,0.0,-9812.015563752539,-103.47601006335903,-1.0246214960836701,1.3817338521020905,0.0843956817888016,cross_dn
USDJPY.a,1h,1,0.19,2013-02-28 11:00:00,92.4014619626409,2013-02-28 12:00:00,92.0736010346906,91.87904349064871,,signal,1,-6229.357631055649,-57.0,-167.16068175730462,0.0,-6229.357631055649,-65.9019118138034,-0.6275829541402655,0.7512405928991864,0.07185434545595526,cross_up
USDJPY.a,1h,1,0.18,2013-02-28 16:00:00,92.36718431872661,2013-03-13 08:00:00,95.71031930346115,91.82434170987801,,signal,208,60176.4297252216,-18.0,-132.50507539855528,0.0,60176.4297252216,608.6727365862408,6.158571435329109,0.307979359028612,7.994611348726583,cross_up
USDJPY.a,1h,1,0.19,2013-03-13 20:00:00,96.05522094813061,2013-03-15 16:00:00,95.50050295093433,95.50675698241876,,stop,44,-10539.641946729276,-76.0,-118.82659820407379,0.0,-10539.641946729276,-106.36543199571494,-1.0114028119902356,1.3952073353395809,0.9677555592562849,cross_up
USDJPY.a,1h,-1,0.2,2013-03-15 17:00:00,95.47344274241439,2013-03-20 17:00:00,95.56131558013658,95.99916929036874,,signal,71,-1757.4567544437516,-80.0,-132.62320546311744,0.0,-1757.4567544437516,-17.71380487589104,-0.16714552092548673,0.5108306944562606,2.216823074560778,cross_dn
USDJPY.a,1h,-1,0.17,2013-03-21 19:00:00,95.10107081689043,2013-03-27 06:00:00,94.84428612938376,95.69742849551938,,signal,82,4365.339687613328,-68.0,-111.72839904753441,0.0,4365.339687613328,43.98969491329045,0.430588381283235,0.05521716964436286,2.6445049228110555,cross_dn
USDJPY.a,1h,-1,0.22,2013-03-27 15:00:00,94.2763121660925,2013-04-04 09:00:00,94.75131062178782,94.74024687216362,,stop,136,-10449.966025297215,-22.0,-221.40249173228113,0.0,-10449.966025297215,-105.19976067318125,-1.0238476438158584,2.756180594325849,3.68222541607091,cross_dn
USDJPY.a,1h,1,0.12,2013-04-04 10:00:00,95.23887422595783,2013-04-12 16:00:00,99.03347087367956,94.39235419798378,,signal,149,45535.159772660794,-60.0,-108.69903169027364,0.0,45535.159772660794,436.52184251368874,4.482583426647585,0.012845798798003474,5.558197819965105,cross_up
USDJPY.a,1h,1,0.15,2013-04-17 11:00:00,98.12070838925881,2013-04-17 18:00:00,97.568777576448,97.39137067669773,,signal,7,-8278.96219216214,-120.0,-186.67270656029729,0.0,-8278.96219216214,-82.19263335137428,-0.7567561683773342,0.7989555170712703,0.24171465112113655,cross_up
USDJPY.a,1h,1,0.13,2013-04-18 02:00:00,98.13320202805258,2013-04-23 11:00:00,98.63358493552369,97.31799622369245,,signal,80,6504.977797124383,-26.0,-114.79167638412102,0.0,6504.977797124383,64.45361932403284,0.6138117574664037,0.6197232960689234,2.1415426173489136,cross_up
USDJPY.a,1h,1,0.15,2013-04-23 21:00:00,99.43250957813744,2013-04-25 14:00:00,99.11948068719136,98.72574909688133,,signal,41,-4695.433364191288,-75.0,-105.5793842595327,0.0,-4695.433364191288,-45.90467637994415,-0.44290661298682943,0.6388438376392918,0.45912360759879084,cross_up
USDJPY.a,1h,1,0.25,2013-04-25 21:00:00,99.36635379808418,2013-04-26 00:00:00,99.23767970321029,98.93506564251416,,signal,3,-3216.8523718471674,-125.0,-166.0148394851457,0.0,-3216.8523718471674,-31.46525077666623,-0.2983483158813472,0.3718019983002792,0.2565482044587815,cross_up
USDJPY.a,1h,1,0.27,2013-04-26 02:00:00,99.3851052559054,2013-04-26 04:00:00,99.17958567220401,98.9762155511952,,signal,2,-5549.028759937485,-54.0,-184.37370098339323,0.0,-5549.028759937485,-54.21864028649281,-0.5026284138091651,0.7363972544107025,0.06332941083207948,cross_up
USDJPY.a,1h,1,0.18,2013-05-02 19:00:00,97.96861585778467,2013-05-08 16:00:00,98.71577799228565,97.37201914437078,,signal,92,13448.918421017679,-72.0,-115.99227771618978,0.0,13448.918421017679,133.61602868939778,1.252373869486337,0.14853561173274046,2.486410181053467,cross_up
USDJPY.a,1h,1,0.28,2013-05-09 19:00:00,99.30005201026341,2013-05-20 23:00:00,102.24540662203911,98.90526784915642,,signal,171,82469.92912971957,-112.00000000000001,-201.2291658093131,0.0,82469.92912971957,822.3033512852971,7.460670670061217,0.10905202007772749,10.147185182160486,cross_up
USDJPY.a,1h,1,0.26,2013-05-21 12:00:00,102.78440229811243,2013-05-21 18:00:00,102.34975741751359,102.35538294640469,,stop,6,-11300.766895569808,-104.0,-146.26375116862616,0.0,-11300.766895569808,-112.61567962023848,-1.0131125294668155,1.1104447764793615,0.2321520031465255,cross_up
USDJPY.a,1h,-1,0.27,2013-05-22 03:00:00,102.42862924225398,2013-05-22 04:00:00,102.6352799893356,102.83837123504212,,signal,1,-5579.57017120387,-27.0,-177.11942412221507,0.0,-5579.57017120387,-55.5749085026131,-0.5043435886945425,0.5231847394681505,0.05278746780821876,cross_dn
USDJPY.a,1h,-1,0.27,2013-05-22 07:00:00,102.4688073846318,2013-05-22 08:00:00,102.59811457141332,102.87912129956366,,signal,1,-3491.2940431009642,-108.0,-168.186856319101,0.0,-3491.2940431009642,-34.82651385718646,-0.31514209505419843,0.30267707442684544,0.0,cross_dn
USDJPY.a,1h,-1,0.11,2013-05-23 12:00:00,101.11792873040137,2013-05-24 02:00:00,102.12988255257372,102.11163244597023,,stop,14,-11131.49204389579,-88.0,-112.75117263846049,0.0,-11131.49204389579,-112.25553674720261,-1.0183657425423245,1.3515812093243202,0.013010649149046325,cross_dn
USDJPY.a,1h,1,0.21,2013-05-28 10:00:00,102.01617029596598,2013-05-29 13:00:00,101.5000874664335,101.50849861996552,,stop,27,-10837.73942018206,-21.0,-176.63422417234744,0.0,-10837.73942018206,-111.31055906916015,-1.0165680969210025,1.7396485518431586,1.0022810570065586,cross_up
USDJPY.a,1h,-1,0.14,2013-05-29 17:00:00,101.14591029699382,2013-06-10 13:00:00,98.73167198600731,101.89619078929302,,signal,187,33799.33635381108,-42.00000000000001,-214.81560820450412,0.0,33799.33635381108,363.1860575863754,3.2177809975949034,0.8731263970341194,8.215474559527497,cross_dn
USDJPY.a,1h,-1,0.09,2013-06-11 15:00:00,97.02942149227562,2013-06-18 13:00:00,95.38291131460947,98.1422221936663,,signal,117,14818.591598995297,-9.0,-88.40366297042476,0.0,14818.591598995297,164.42454163183675,1.4796092198796043,0.23506321248493256,2.912849972348841,cross_dn
USDJPY.a,1h,-1,0.13,2013-06-25 12:00:00,97.05502472530453,2013-06-25 17:00:00,97.8305501625512,97.82055620900643,,stop,5,-10081.830684206723,-13.0,-116.9213960819823,0.0,-10081.830684206723,-111.59861645994512,-1.0130549216558031,1.1076948404458886,0.11759767850330186,cross_dn
USDJPY.a,1h,1,0.14,2013-06-25 20:00:00,97.71659518365837,2013-06-26 17:00:00,97.49875160172931,96.98522527675775,,signal,21,-3049.810147006838,-14.000000000000002,-146.95515157941298,0.0,-3049.810147006838,-33.606522877036824,-0.29785691190416924,0.5299577956398489,0.7074461383491503,cross_up
USDJPY.a,1h,1,0.19,2013-06-27 00:00:00,97.69855681924463,2013-07-04 14:00:00,99.7222127129277,97.17562048629944,,signal,111,38449.46197997834,-19.0,-143.91690874743372,0.0,38449.46197997834,422.3040489921738,3.8697940192561893,0.2592224152434906,6.032174438883311,cross_up
USDJPY.a,1h,1,0.2,2013-07-04 16:00:00,100.11812291589398,2013-07-10 10:00:00,100.52540408685512,99.60026132196506,,signal,89,8145.623419222829,-20.0,-143.8365257951941,0.0,8145.623419222829,88.03429256313458,0.7864672254823536,0.5525084679928198,2.7282909191755484,cross_up
USDJPY.a,1h,1,0.19,2013-07-15 14:00:00,100.09739626472698,2013-07-16 10:00:00,99.55741714204552,99.56346436367593,,stop,20,-10259.603330947712,-19.0,-114.8972109777996,0.0,-10259.603330947712,-112.27800330565101,-1.0113258294147747,1.1563202414233529,0.7221964720855965,cross_up
USDJPY.a,1h,-1,0.19,2013-07-16 18:00:00,99.27265470719843,2013-07-17 10:00:00,99.83587245152677,99.82894326175118,,stop,16,-10701.13714223848,-19.0,-112.65460573604666,0.0,-10701.13714223848,-116.63423417184026,-1.0124561070309297,1.0072925071271368,0.6824780126991183,cross_dn
USDJPY.a,1h,1,0.16,2013-07-17 19:00:00,99.71528756654479,2013-07-22 13:00:00,99.94466925461207,99.07301988820272,,signal,65,3670.107009076446,-16.0,-138.583852414007,0.0,3670.107009076446,39.880625025057185,0.35714344003640086,0.6092281765678296,1.788525987202836,cross_up
USDJPY.a,1h,1,0.22,2013-07-24 13:00:00,100.11267334310429,2013-07-25 13:00:00,99.6299637856759,99.6357038128853,,stop,24,-10619.610263424647,-22.0,-126.28059860683685,0.0,-10619.610263424647,-116.14829343195706,-1.01203436875048,1.0287310027519043,0.7135186533602168,cross_up
USDJPY.a,1h,-1,0.2,2013-07-25 18:00:00,99.61100554073121,2013-08-01 09:00:00,98.42548405845237,100.11360028618223,,signal,111,23710.42964557688,-20.0,-179.36233809437263,0.0,23710.42964557688,268.01107944662476,2.358801983126538,0.14523522167602512,4.033081442011911,cross_dn
USDJPY.a,1h,-1,0.18,2013-08-05 10:00:00,98.45460818996929,2013-08-12 23:00:00,96.79854883857718,99.00870519644162,,signal,132,29809.06832505809,-18.0,-127.75818877830545,0.0,29809.06832505809,336.31824512615367,2.9887534710491304,0.5818327950970561,4.774629999921136,cross_dn
USDJPY.a,1h,-1,0.15,2013-08-15 23:00:00,97.2246278211147,2013-08-19 13:00:00,97.90278496319706,97.89575484994558,,stop,37,-10172.357131235543,-15.0,-90.45169877226216,0.0,-10172.357131235543,-113.37153977125593,-1.0104750858622624,1.265590778492307,0.25871081577083277,cross_dn
USDJPY.a,1h,1,0.2,2013-08-19 14:00:00,97.99192292725091,2013-08-19 22:00:00,97.47677419978854,97.48249056237633,,stop,8,-10302.974549247496,-20.0,-114.32725175573927,0.0,-10302.974549247496,-115.97019123709727,-1.011221043227589,1.0205926499760485,0.2573002458949832,cross_up
USDJPY.a,1h,-1,0.21,2013-08-20 09:00:00,97.24823466294401,2013-08-21 17:00:00,97.74180968091615,97.71467998830515,,stop_gap,32,-10365.07537741481,-21.0,-122.0032992389495,0.0,-10365.07537741481,-117.67283847139265,-1.0581626422989525,1.103592016186344,0.7208447478462466,cross_dn
USDJPY.a,1h,1,0.21,2013-08-21 19:00:00,97.6656670274654,2013-08-27 03:00:00,98.27451623684203,97.18547707196532,,signal,79,12785.833396909211,-21.0,-146.31805263463252,0.0,12785.833396909211,145.13134999768522,1.26793407984255,0.25545521321379755,3.0848895433306396,cross_up
USDJPY.a,1h,1,0.21,2013-08-29 11:00:00,98.14860226000368,2013-09-06 17:00:00,98.71965070790817,97.68346499950579,,signal,149,11992.017405994246,-21.0,-224.6702678566507,0.0,11992.017405994246,131.8593989500253,1.2276987814160918,0.5688691972783386,4.4619038641943,cross_up
USDJPY.a,1h,1,0.28,2013-09-10 04:00:00,99.65301229833969,2013-09-12 04:00:00,99.69130081738095,99.27149830042791,,signal,48,1072.0785331552634,-28.000000000000004,-207.1542266667142,0.0,1072.0785331552634,11.625189350434775,0.10035940817593,0.4587310014773387,2.5031524580682327,cross_up
USDJPY.a,1h,1,0.38,2013-09-18 08:00:00,99.19016298250617,2013-09-18 11:00:00,99.07550204352549,98.91063697032355,,signal,3,-4357.1156812657255,-38.0,-189.844692062632,0.0,-4357.1156812657255,-47.10186898962685,-0.4101977418322302,0.43703618690899904,0.22479846152129299,cross_up
USDJPY.a,1h,1,0.2,2013-09-19 19:00:00,99.3372122186575,2013-09-23 12:00:00,98.94953236070678,98.7987397961059,,signal,40,-7753.597159014305,-20.0,-98.70557172836867,0.0,-7753.597159014305,-83.26380935164738,-0.7199623262295678,0.8806620335548629,0.6124506428384554,cross_up
USDJPY.a,1h,1,0.24,2013-09-26 17:00:00,98.93866772445374,2013-09-27 12:00:00,98.63077650281505,98.49584478507357,,signal,19,-7389.389319328416,-24.0,-154.72786487754513,0.0,-7389.389319328416,-80.49736967692277,-0.695291942349804,0.9748088594008995,0.4388487096406364,cross_up
USDJPY.a,1h,1,0.29,2013-10-09 08:00:00,97.32981825983936,2013-10-17 13:00:00,98.05232499032049,96.9717727139328,,signal,148,20952.695183952743,-28.999999999999996,-213.15056141156367,0.0,20952.695183952743,222.418670733577,2.0179184987534433,0.5804240891006356,4.673097485193358,cross_up
USDJPY.a,1h,1,0.43,2013-10-21 19:00:00,98.1469295029391,2013-10-22 15:00:00,97.88884289046098,97.89195152742973,,stop,20,-11097.724336559324,-43.0,-133.67138965620663,0.0,-11097.724336559324,-116.58932308397885,-1.0121917862220726,1.0782480423647092,0.9846752314952834,cross_up
USDJPY.a,1h,-1,0.36,2013-10-23 06:00:00,97.88628596366199,2013-10-28 06:00:00,97.61840570322529,98.1853125839623,,signal,71,9643.689375721122,-36.0,-173.21063222070867,0.0,9643.689375721122,102.85432601389502,0.895840845767068,0.03248552362413375,3.1511775196323883,cross_dn
USDJPY.a,1h,-1,0.32,2013-11-01 08:00:00,97.93644769081634,2013-11-01 11:00:00,98.27682720015127,98.27192623626107,,stop,3,-10892.144298717994,-32.0,-124.83084448665767,0.0,-10892.144298717994,-117.10837504851771,-1.0146088742685788,1.1224333546709708,0.07287408136315077,cross_dn
USDJPY.a,1h,1,0.33,2013-11-01 14:00:00,98.37346824773246,2013-11-05 11:00:00,98.25366690865837,98.05192818986175,,signal,44,-3953.444189444867,-33.0,-153.98402854726288,0.0,-3953.444189444867,-42.455227767180375,-0.3725860468752542,0.6390129089765705,1.4789191599223936,cross_up
USDJPY.a,1h,1,0.41,2013-11-06 01:00:00,98.53902058826861,2013-11-07 20:00:00,98.26983605632164,98.27680542538008,,stop,43,-11036.56580982603,-41.0,-285.74413139616246,0.0,-11036.56580982603,-119.24928578073495,-1.0265788178748507,3.4552562799495643,3.3139937529118924,cross_up
USDJPY.a,1h,-1,0.18,2013-11-07 22:00:00,97.88639736948682,2013-11-08 15:00:00,98.4878505337731,98.48104641523666,,stop,17,-10826.156957153102,-18.0,-104.4741336558502,0.0,-10826.156957153102,-116.77316662069913,-1.0114422424202438,1.7499441695075812,0.046073174896417324,cross_dn
USDJPY.a,1h,1,0.19,2013-11-08 20:00:00,98.96719700422909,2013-11-19 02:00:00,99.86336570633323,98.42632635377804,,signal,148,17027.20533997855,-19.0,-100.1031593373816,0.0,17027.20533997855,181.86597154889077,1.6569002244007536,0.07801681269616915,2.710080486986158,cross_up
USDJPY.a,1h,1,0.29,2013-11-19 21:00:00,100.23386027354357,2013-11-20 13:00:00,99.85531806242463,99.85938625375167,,stop,16,-10977.724122449274,-28.999999999999996,-117.97754848415502,0.0,-10977.724122449274,-117.00338347978887,-1.0108637478490414,1.1906307246396917,0.05912219616392434,cross_up
USDJPY.a,1h,-1,0.32,2013-11-20 15:00:00,99.94831189001948,2013-11-20 21:00:00,100.09599262255031,100.28501480506856,,signal,6,-4725.783440986561,-32.0,-191.52784321934072,0.0,-4725.783440986561,-50.61164780508118,-0.4386084168867558,0.6881084173172554,0.36029355433944893,cross_dn
USDJPY.a,1h,-1,0.31,2013-11-27 02:00:00,101.24332647500707,2013-11-27 06:00:00,101.58809668915416,101.58308990289362,,stop,4,-10687.876638559786,-31.0,-124.2103740762949,0.0,-10687.876638559786,-115.34627034419081,-1.0147360953227997,1.0379973123849446,0.0009608891960564139,cross_dn
USDJPY.a,1h,1,0.31,2013-11-27 07:00:00,101.57978896292317,2013-12-03 22:00:00,102.34378649790668,101.2381011449562,,signal,110,23683.923584488584,-31.0,-261.23712978623007,0.0,23683.923584488584,253.062769303812,2.2359519269058468,0.4266729899550292,5.262730897976143,cross_up
USDJPY.a,1h,1,0.19,2013-12-06 18:00:00,102.69842302610745,2013-12-11 03:00:00,102.8379852980128,102.14797725476599,,signal,56,2651.6831662016075,-19.0,-114.55867551374175,0.0,2651.6831662016075,28.228646889863526,0.2535440894844718,0.22240706075206193,1.261844508678558,cross_up
USDJPY.a,1h,1,0.24,2013-12-12 17:00:00,102.95352015610466,2013-12-16 08:00:00,102.74951900004379,102.51605590898866,,signal,38,-4896.027745460856,-24.0,-167.08799789799318,0.0,-4896.027745460856,-53.211754742809106,-0.46632646531860783,0.7098183637903589,2.2115632312206124,cross_up
USDJPY.a,1h,1,0.31,2013-12-18 18:00:00,103.21062422269112,2013-12-18 20:00:00,102.87251340701128,102.8771238685021,,stop,2,-10481.435286075053,-31.0,-142.92430621542576,0.0,-10481.435286075053,-114.51197730090834,-1.0138244575542485,1.3721851174758959,0.1210666699502106,cross_up
USDJPY.a,1h,-1,0.43,2013-12-23 18:00:00,103.99203206609857,2013-12-23 19:00:00,104.06597165290847,104.23891417903819,,signal,1,-3179.40223282568,-43.0,-169.56215012821022,0.0,-3179.40223282568,-34.19231691226453,-0.2994934948081237,0.4211238014106715,0.00012988425199179798,cross_dn
USDJPY.a,1h,-1,0.28,2014-01-02 21:00:00,104.6739650552077,2014-01-08 01:00:00,104.68484181803834,105.05112718357964,,signal,75,-304.5493592577487,-28.000000000000004,-159.14181014696703,0.0,-304.5493592577487,-3.2616789723615023,-0.028838427860147835,0.7292220615561702,2.0202586577205075,cross_dn
USDJPY.a,1h,-1,0.22,2014-01-10 17:00:00,104.12873467963918,2014-01-15 00:00:00,104.21631726663762,104.61598543318689,,signal,54,-1926.8169139656095,-22.0,-145.9597320545624,0.0,-1926.8169139656095,-20.641621720747057,-0.17974848958311673,0.3145512228454835,2.6161779542827452,cross_dn
USDJPY.a,1h,-1,0.35,2014-01-17 17:00:00,104.298560795436,2014-01-21 03:00:00,104.60014307811242,104.5955467682301,,stop,33,-10555.379893674724,-35.0,-125.87084588128971,0.0,-10555.379893674724,-114.34941679936472,-1.0154765218002988,1.0419320537355643,1.469971094354313,cross_dn
USDJPY.a,1h,1,0.34,2014-01-21 05:00:00,104.6493141032997,2014-01-21 17:00:00,104.34178241438336,104.34567840196314,,stop,12,-10456.07742315562,-34.0,-132.4635777124065,0.0,-10456.07742315562,-113.90301192915602,-1.0128311248072344,1.5357683607265145,0.32501414117609373,cross_up
USDJPY.a,1h,-1,0.25,2014-01-22 06:00:00,104.02670909457638,2014-01-22 07:00:00,104.43849850221866,104.43212188395003,,stop,1,-10294.735191057214,-25.0,-134.4154567156455,0.0,-10294.735191057214,-111.22978060667158,-1.0157287052499844,1.3400931585384284,0.06341461160140029,cross_dn
USDJPY.a,1h,1,0.24,2014-01-22 09:00:00,104.45549115131767,2014-01-22 13:00:00,104.29575532609371,104.01884501492776,,signal,4,-3833.659805375077,-24.0,-155.7443475021779,0.0,-3833.659805375077,-41.42251129669569,-0.3658244329026257,0.5118358613348725,0.044678853324148476,cross_up
USDJPY.a,1h,1,0.26,2014-01-22 16:00:00,104.43807624947964,2014-01-23 14:00:00,104.03977211409692,104.04431257004852,,stop,22,-10355.907519950619,-26.0,-118.05185474152738,0.0,-10355.907519950619,-113.40276578172039,-1.0115309161021615,1.069362847502801,1.0207232701122646,cross_up
USDJPY.a,1h,-1,0.26,2014-01-23 15:00:00,104.04859067012521,2014-01-29 00:00:00,102.93809725971528,104.43337132929977,,signal,80,28872.82867065818,-26.0,-213.0575051940201,0.0,28872.82867065818,317.75697314527827,2.886042694537106,0.22976552424555047,5.5371563495310685,cross_dn
USDJPY.a,1h,-1,0.17,2014-01-29 16:00:00,102.19534371146538,2014-01-30 16:00:00,102.78848753520008,102.78111576427601,,stop,24,-10083.44500348977,-17.0,-108.32010570908068,0.0,-10083.44500348977,-111.88292454693728,-1.0125847091691997,1.0219953063007479,0.6032102586150822,cross_dn
USDJPY.a,1h,1,0.23,2014-01-31 02:00:00,102.73846777162488,2014-01-31 09:00:00,102.47046890650941,102.29879997357412,,signal,7,-6163.973897655879,-23.0,-162.4303005676144,0.0,-6163.973897655879,-68.58894302325534,-0.6095485416571953,0.9313117163463791,0.440178310154009,cross_up
USDJPY.a,1h,1,0.2,2014-02-06 18:00:00,101.86095503923414,2014-02-13 08:00:00,102.05050016357939,101.34489856463513,,signal,109,3790.902486904884,-40.0,-99.9934568246314,0.0,3790.902486904884,41.553113827230206,0.36729531296458473,0.8195906069442997,1.6258781781932288,cross_up
USDJPY.a,1h,1,0.27,2014-02-18 06:00:00,102.40711660062459,2014-02-19 12:00:00,102.02022889166028,102.0238422236136,,stop,30,-10445.96814203635,-27.0,-97.55996273947694,0.0,-10445.96814203635,-113.27442458028052,-1.0094275333026352,1.0178520246173586,0.8737432488627082,cross_up
USDJPY.a,1h,-1,0.34,2014-02-19 15:00:00,101.92041816805116,2014-02-19 17:00:00,102.2280654731711,102.22316968542094,,stop,2,-10460.008374078057,-34.0,-132.45678350542403,0.0,-10460.008374078057,-113.31843365633003,-1.01617097675576,1.1645914610501884,0.23589697806178725,cross_dn
USDJPY.a,1h,1,0.3,2014-02-19 19:00:00,102.3116399256115,2014-02-20 03:00:00,101.97105052036302,101.97543309076146,,stop,8,-10217.68215745439,-30.0,-131.47711195297148,0.0,-10217.68215745439,-111.88403584157774,-1.013035339987626,1.1440574246001014,0.45614799727942196,cross_up
USDJPY.a,1h,-1,0.27,2014-02-20 06:00:00,101.91109553761775,2014-02-20 16:00:00,102.29023304172767,102.28456224376491,,stop,10,-10236.712610967845,-27.0,-126.11154499460486,0.0,-10236.712610967845,-111.80124399744248,-1.0151842128613473,1.1591514190067167,0.6509162225613815,cross_dn
USDJPY.a,1h,1,0.25,2014-02-20 21:00:00,102.3570387145832,2014-02-25 15:00:00,102.26303721938304,101.95990380610839,,signal,65,-2350.0373800040106,-50.0,-98.13903084799533,0.0,-2350.0373800040106,-25.43567711955656,-0.23669914982082868,0.48356039845681625,1.183379439550348,cross_up
USDJPY.a,1h,1,0.33,2014-02-26 21:00:00,102.55645574027096,2014-02-27 02:00:00,102.24558339287985,102.24907342506258,,stop,5,-10258.787463906672,-33.0,-115.171062029835,0.0,-10258.787463906672,-112.25558371926337,-1.0113540435153505,1.0425314808814201,0.0,cross_up
USDJPY.a,1h,-1,0.3,2014-02-27 12:00:00,101.9152919787025,2014-02-28 16:00:00,102.24825478737064,102.24227209774239,,stop,28,-9988.884260044273,-30.0,-149.4806888476295,0.0,-9988.884260044273,-109.45217700643417,-1.0182967993461542,1.035867325181895,1.1018773244086437,cross_dn
USDJPY.a,1h,1,0.33,2014-03-04 15:00:00,101.87541368916628,2014-03-12 00:00:00,102.99259903741047,101.57173415069106,,signal,128,36867.11649205833,-33.0,-158.46353090923284,0.0,36867.11649205833,399.3197725557575,3.6788298410014355,0.1956460071843949,6.202546013772359,cross_up
USDJPY.a,1h,1,0.24,2014-03-19 21:00:00,102.48946875286462,2014-03-21 09:00:00,102.06334499043759,102.06647557591684,,stop,36,-10226.970298248943,-24.0,-75.13405150212716,0.0,-10226.970298248943,-110.52439846673619,-1.0074010306781884,1.03658587599097,0.4527998501475029,cross_up
USDJPY.a,1h,-1,0.39,2014-03-25 03:00:00,102.18993169566907,2014-03-25 14:00:00,102.45763496421847,102.45357942916152,,stop,11,-10440.427473426482,-39.0,-119.16586722062658,0.0,-10440.427473426482,-111.47216330233476,-1.015382400611706,1.054696358081511,0.3676560931704237,cross_dn
USDJPY.a,1h,1,0.41,2014-03-25 16:00:00,102.41526692321301,2014-03-25 22:00:00,102.25697832689998,102.16345264440352,,signal,6,-6489.83244883415,-82.0,-165.7771942016058,0.0,-6489.83244883415,-69.25022692089014,-0.6285926161986265,0.8707485701352888,0.28883618963488056,cross_up
USDJPY.a,1h,1,0.44,2014-03-26 02:00:00,102.30083425253567,2014-03-26 19:00:00,102.06611504909033,102.06927369712359,,stop,17,-10327.644951594835,-44.0,-138.98051346363943,0.0,-10327.644951594835,-109.6325170180312,-1.013640699849085,1.6446421622108736,0.7391835244121384,cross_up
USDJPY.a,1h,-1,0.37,2014-03-26 21:00:00,102.0488023757904,2014-03-27 13:00:00,102.32939696403865,102.32452633590738,,stop,16,-10381.999765185214,-37.0,-143.21324085669076,0.0,-10381.999765185214,-109.86132002283307,-1.0176648707976101,1.1250296277406946,1.1997592652087752,cross_dn
USDJPY.a,1h,1,0.37,2014-03-28 13:00:00,102.37712466374245,2014-04-04 20:00:00,103.32839821881731,102.09898757313087,,signal,126,35197.12153776993,-37.0,-192.5318075190992,0.0,35197.12153776993,367.20044476294703,3.420160730750301,0.19459707306006827,6.2914131028330145,cross_up
USDJPY.a,1h,1,0.32,2014-04-14 20:00:00,101.81154029681485,2014-04-23 13:00:00,102.23818308735395,101.48449850569514,,signal,160,13652.569297250922,-32.0,-116.2824093472866,0.0,13652.569297250922,143.70379290490945,1.3045512901527672,0.949543163127976,2.7869823610754105,cross_up
USDJPY.a,1h,1,0.38,2014-04-28 18:00:00,102.59119949819429,2014-04-28 20:00:00,102.3119504486117,102.31529832000072,,stop,2,-10611.463884138373,-38.0,-127.21911278317836,0.0,-10611.463884138373,-112.11444998945893,-1.0121343134920429,1.0228281736307234,0.0,cross_up
USDJPY.a,1h,-1,0.34,2014-04-30 18:00:00,102.15149697171566,2014-05-02 09:00:00,102.46505065521995,102.45990765366112,,stop,38,-10660.82523914605,-102.0,-72.86205300045866,0.0,-10660.82523914605,-112.21041164873644,-1.0166758217529726,1.1235117606776721,0.4036726968415252,cross_dn
USDJPY.a,1h,1,0.57,2014-05-02 10:00:00,102.48237804858404,2014-05-02 17:00:00,102.29401781154994,102.29841653676358,,stop,7,-10736.533510943915,-56.99999999999999,-250.72733717798707,0.0,-10736.533510943915,-113.35532659410718,-1.0239111168967812,1.9100628447051378,2.911597899558039,cross_up
USDJPY.a,1h,-1,0.34,2014-05-05 02:00:00,102.23166874355978,2014-05-09 23:00:00,101.81677217707829,102.5388229823374,,signal,117,14106.483260370596,-34.0,-120.50804132427533,0.0,14106.483260370596,147.94669105895125,1.350775975394833,0.02712401584744838,2.6132432577006637,cross_dn
USDJPY.a,1h,-1,0.48,2014-05-14 14:00:00,101.83222837172687,2014-05-15 10:00:00,102.05507221488187,102.05114226753655,,stop,20,-10696.504471440221,-48.0,-140.63747257527035,0.0,-10696.504471440221,-111.82997765680344,-1.01795202324088,1.2871345020423206,0.7593322073596982,cross_dn
USDJPY.a,1h,1,0.33,2014-05-22 02:00:00,101.43229440633398,2014-05-28 16:00:00,101.67714353398688,101.1278299165788,,signal,109,8080.0212125456455,-264.0,-122.52675686585638,0.0,8080.0212125456455,86.05397484546661,0.8041960093598587,0.26043893131099666,2.3047206399349567,cross_up
USDJPY.a,1h,1,0.47,2014-06-02 02:00:00,101.83671539270297,2014-06-06 00:00:00,102.40517575350447,101.61627405921473,,signal,93,26717.63695767028,-235.0,-171.47917057929916,0.0,26717.63695767028,279.4401606913986,2.578737625137003,0.14387225934947329,4.342582183427501,cross_up
USDJPY.a,1h,1,0.4,2014-06-09 02:00:00,102.60802337082029,2014-06-10 06:00:00,102.38274467657449,102.34500777419017,,signal,28,-9011.147769832065,-120.0,-100.42587404110911,0.0,-9011.147769832065,-94.10634164579692,-0.8565221877796356,0.9772172225274507,0.1519933786889582,cross_up
USDJPY.a,1h,1,0.54,2014-06-17 11:00:00,102.04249025923919,2014-06-19 03:00:00,101.907071658729,101.84619587164741,,signal,40,-7312.604427550384,-108.0,-208.26085726973906,0.0,-7312.604427550384,-76.30015956407945,-0.6898750502832254,0.8379773933285787,1.5411023436387006,cross_up
USDJPY.a,1h,1,0.58,2014-06-20 17:00:00,102.11246552057024,2014-06-23 06:00:00,101.92829980242341,101.93021838477515,,stop,13,-10681.611652516096,-231.99999999999997,-111.27777640071022,0.0,-10681.611652516096,-111.02350021558941,-1.010527366278567,1.0450947266704271,0.4418970925299224,cross_up
USDJPY.a,1h,-1,0.69,2014-06-23 12:00:00,101.83276693212856,2014-06-24 10:00:00,101.99091007732521,101.98633605961605,,stop,22,-10911.877018568615,-207.0,-108.60722193196338,0.0,-10911.877018568615,-113.84894331265156,-1.029784747650747,1.1801399854029877,0.10266993364181035,cross_dn
USDJPY.a,1h,1,0.58,2014-06-24 19:00:00,102.13734968393253,2014-06-24 21:00:00,101.95575647478339,101.9579271629308,,stop,2,-10532.40613065023,-173.99999999999997,-125.899912549761,0.0,-10532.40613065023,-110.15495545637708,-1.0120981922185515,1.1222096468624643,0.07050573137001566,cross_up
USDJPY.a,1h,-1,0.66,2014-06-25 06:00:00,101.89077777224561,2014-07-01 14:00:00,101.58033530225514,102.04864604385894,,signal,104,20489.203019371475,-330.0,-176.25989767921433,0.0,20489.203019371475,213.55814149888286,1.966465248640088,0.3814713820512707,4.166624271764634,cross_dn
USDJPY.a,1h,-1,0.72,2014-07-07 18:00:00,101.83987205468746,2014-07-14 15:00:00,101.47113737212028,101.98649263822477,,signal,116,26548.897144836927,-288.0,-163.78158532153807,0.0,26548.897144836927,278.270708380855,2.514890294876921,0.36917016701661926,5.284879080366424,cross_dn
USDJPY.a,1h,-1,0.79,2014-07-17 09:00:00,101.48691587662937,2014-07-22 05:00:00,101.49516399833558,101.62167045373926,,signal,67,-651.6016147911188,-790.0,-183.91173702337358,0.0,-651.6016147911188,-6.847315993354749,-0.061208471601603726,0.6536633134086806,2.989997707467852,cross_dn
USDJPY.a,1h,-1,0.77,2014-07-23 14:00:00,101.40188488801671,2014-07-23 18:00:00,101.5261829683818,101.54080353621353,,signal,4,-9570.952188112215,-539.0,-182.1771307964677,0.0,-9570.952188112215,-99.80505663315928,-0.8947544622589996,0.8574450840791926,0.30870504841045937,cross_dn
USDJPY.a,1h,-1,0.39,2014-08-04 03:00:00,102.5629104279445,2014-08-05 17:00:00,102.75351744839787,102.83040393054743,,signal,38,-7433.673797681451,-390.0,-118.36097503348496,0.0,-7433.673797681451,-77.63464463843493,-0.7125669169479166,0.7442781604719128,0.6052873298565528,cross_dn
USDJPY.a,1h,-1,0.55,2014-08-06 05:00:00,102.56745258405614,2014-08-11 19:00:00,102.14952364994109,102.7603829155196,,signal,85,22986.091376327953,-550.0000000000001,-167.60149351848145,0.0,22986.091376327953,242.9252835378899,2.1662168459717357,0.20498288498171305,5.506923540725786,cross_dn
USDJPY.a,1h,-1,0.4,2014-08-15 23:00:00,102.3230032287919,2014-08-18 16:00:00,102.54045271960268,102.58487304724372,,signal,16,-8697.979632431157,-400.0,-116.21756821478326,0.0,-8697.979632431157,-91.02362732000914,-0.8303724808622472,0.9088362019538955,0.31314501715666054,cross_dn
USDJPY.a,1h,-1,0.52,2014-08-27 16:00:00,103.79129570282018,2014-08-29 15:00:00,103.97953077328631,104.00011692805354,,signal,47,-9788.223664239013,-156.0,-159.2004217766145,0.0,-9788.223664239013,-100.76665601170117,-0.9014173260202636,0.9850737009609036,1.150724513524132,cross_dn
USDJPY.a,1h,-1,0.33,2014-09-16 19:00:00,106.95526390169437,2014-09-17 03:00:00,107.15527489115259,107.27589784883551,,signal,8,-6600.362652121291,-33.0,-150.14281607000916,0.0,-6600.362652121291,-67.80637542178643,-0.623798544232666,0.8225457742611657,0.45305215804369176,cross_dn
USDJPY.a,1h,-1,0.33,2014-09-23 11:00:00,108.43827055174862,2014-09-23 16:00:00,108.76378353187111,108.75815649537887,,stop,5,-10741.928344042393,-33.0,-152.69220424393714,0.0,-10741.928344042393,-111.44212795025788,-1.017590758844805,1.2433476874216935,0.5791769080130761,cross_dn
USDJPY.a,1h,1,0.27,2014-09-23 22:00:00,108.9339198607399,2014-09-24 02:00:00,108.54499873113281,108.5494802850137,,stop,4,-10500.870499391654,-27.0,-121.00195478408459,0.0,-10500.870499391654,-109.27417516021478,-1.0116573687098362,1.2327551341317526,0.021017969455470853,cross_up
USDJPY.a,1h,-1,0.27,2014-09-24 05:00:00,108.6649639859387,2014-09-24 20:00:00,108.87885685119214,109.05134804671376,,signal,15,-5775.107361842927,-27.0,-154.26996437508055,0.0,-5775.107361842927,-59.71508859858763,-0.5535757992304048,0.8489895090477628,0.4476478289289179,cross_dn
USDJPY.a,1h,-1,0.27,2014-09-26 01:00:00,108.74398381532576,2014-09-26 09:00:00,109.1272066885374,109.12117870614703,,stop,8,-10347.017576714179,-27.0,-135.75552453972918,0.0,-10347.017576714179,-108.2119412685885,-1.0159810817618429,1.1161767959198994,0.7051628264281034,cross_dn
USDJPY.a,1h,1,0.24,2014-09-26 11:00:00,108.97638258171419,2014-10-01 23:00:00,109.03927462317304,108.5420370769364,,signal,83,1509.4089950124496,-24.0,-178.8180876941768,0.0,1509.4089950124496,15.8657493386172,0.14479726569525966,0.037717857175885876,2.5592930191702816,cross_up
USDJPY.a,1h,1,0.18,2014-10-03 18:00:00,109.76445434992516,2014-10-06 15:00:00,109.18716284889227,109.19176058699847,,stop,20,-10391.247018591996,-54.0,-82.75928591164048,0.0,-10391.247018591996,-109.04886141251724,-1.0080282664206126,1.0694273092748148,0.22969632042540708,cross_up
USDJPY.a,1h,-1,0.2,2014-10-06 23:00:00,108.81919210618595,2014-10-17 19:00:00,106.73094566471852,109.31460109035191,,signal,211,41764.92882934867,-200.0,-157.82658874056364,0.0,41764.92882934867,446.6157725928218,4.21519695486158,0.8393224731563442,7.31151880962359,cross_dn
USDJPY.a,1h,-1,0.25,2014-10-21 10:00:00,106.38061589649381,2014-10-21 12:00:00,106.80540666629905,106.7901293181418,,stop,2,-10619.76924513104,-250.0,-131.93370393121373,0.0,-10619.76924513104,-112.8453084035442,-1.0373060987739433,1.1193384130403747,0.135809703794304,cross_dn
USDJPY.a,1h,1,0.26,2014-10-22 00:00:00,107.00593291849756,2014-11-10 05:00:00,114.25277011922925,106.61122250994327,,signal,313,188417.76721902395,-260.0,-271.9538000784036,0.0,188417.76721902395,1902.3063626759745,18.359883711389262,0.564801215438179,21.778161647642808,cross_up
USDJPY.a,1h,1,0.23,2014-11-11 01:00:00,114.83774611061301,2014-11-25 22:00:00,117.76097614488857,114.3405235713254,,signal,258,67234.29078833792,-207.00000000000003,-185.09733512584805,0.0,67234.29078833792,669.2046673759235,5.879118107686376,0.41781314039114886,8.318717601404797,cross_up
USDJPY.a,1h,1,0.3,2014-11-28 04:00:00,118.24108565665972,2014-12-09 09:00:00,120.0984715085772,117.83993083426789,,signal,173,55721.57555752454,-30.0,-331.7094853680226,0.0,55721.57555752454,563.4202921815961,4.630097279756165,0.9499715206900655,8.978863377147901,cross_up
USDJPY.a,1h,1,0.1,2014-12-18 00:00:00,118.6950559180394,2014-12-30 12:00:00,119.48308393289162,117.52112641777377,,signal,167,7880.280148522161,-10.0,-78.321342167688,0.0,7880.280148522161,80.62220049077303,0.6712737133481237,0.37315351385264234,1.8118158556193797,cross_up
USDJPY.a,1h,1,0.23,2015-01-02 14:00:00,120.44302008722715,2015-01-02 19:00:00,119.89936987139923,119.9065651809619,,stop,5,-12503.954964042252,-23.0,-165.49211994168465,0.0,-12503.954964042252,-128.1615278297916,-1.0134127015684664,1.1837343266148885,0.5554612499442967,cross_up
USDJPY.a,1h,-1,0.19,2015-01-05 20:00:00,119.6469478644407,2015-01-08 05:00:00,119.70046524330067,120.28444132529013,,signal,57,-1016.8301983393349,-247.00000000000003,-207.67924542510897,0.0,-1016.8301983393349,-10.500562831724064,-0.08394969069746354,0.22596645205952395,2.500336022767754,cross_dn
USDJPY.a,1h,-1,0.26,2015-01-09 15:00:00,119.25842581023824,2015-01-09 16:00:00,119.72577904542828,119.71771785254582,,stop,1,-12151.184114941203,-26.0,-183.59101494406318,0.0,-12151.184114941203,-124.68919750230397,-1.0175513445475,1.1160092981068919,1.000291248091251,cross_dn
USDJPY.a,1h,1,0.13,2015-01-17 00:00:00,117.63472683300525,2015-01-21 17:00:00,117.25573187499683,116.75500324929352,,signal,65,-4926.934454109457,-117.00000000000001,-136.97125008238163,0.0,-4926.934454109457,-51.03186101306352,-0.43081141056758676,0.8169916622819209,1.3905199197156155,cross_up
USDJPY.a,1h,1,0.18,2015-01-22 06:00:00,118.09597088638344,2015-01-22 15:00:00,117.64925351477912,117.45791914069217,,signal,9,-8040.912688877796,-162.00000000000003,-170.87346795179678,0.0,-8040.912688877796,-84.1003197091456,-0.7001271834470795,0.7992625830541925,0.36365250182832687,cross_up
USDJPY.a,1h,1,0.15,2015-01-22 22:00:00,118.29399311472308,2015-01-23 22:00:00,117.72446678286657,117.51223455650975,,signal,24,-8542.894977847624,-135.00000000000003,-165.99651400299953,0.0,-8542.894977847624,-91.5337235037705,-0.7285194717383522,0.9657625193750108,0.6562216427145701,cross_up
USDJPY.a,1h,1,0.18,2015-01-26 17:00:00,118.40689855504769,2015-01-27 15:00:00,117.77873757035071,117.78507912819592,,stop,22,-11306.897724545564,-72.0,-114.14804121365688,0.0,-11306.897724545564,-120.79783600097882,-1.0101983913196644,1.0049518044354298,0.39256001728375567,cross_up
USDJPY.a,1h,-1,0.2,2015-01-27 17:00:00,117.42552305008219,2015-01-27 21:00:00,118.00298236388687,117.99385864278358,,stop,4,-11549.186276093622,-40.0,-142.47442206597356,0.0,-11549.186276093622,-123.73746537775837,-1.0160534043977905,1.0125653879646743,0.16103698458715987,cross_dn
USDJPY.a,1h,1,0.17,2015-01-29 20:00:00,118.31491956599615,2015-01-30 12:00:00,117.66614912931472,117.67194303898054,,stop,16,-11029.097423584333,-119.0,-98.49646431915028,0.0,-11029.097423584333,-120.80479672040836,-1.0090110749341326,1.1103353481811054,0.26296517353228627,cross_up
USDJPY.a,1h,-1,0.23,2015-01-30 14:00:00,117.56822081383154,2015-02-04 05:00:00,117.9573801497916,118.04665967652274,,signal,63,-8950.66472708136,-23.0,-201.48689041353097,0.0,-8950.66472708136,-97.4243805753387,-0.8133940745763408,0.8878442352677857,1.4551928535139085,cross_dn
USDJPY.a,1h,-1,0.22,2015-02-04 16:00:00,117.40407896671039,2015-02-06 03:00:00,117.54591840405433,117.89067755821677,,signal,35,-3120.4676215668314,-220.0,-128.4097783901197,0.0,-3120.4676215668314,-33.91893598112783,-0.2914916726430506,0.5382691973660937,0.7913688478182392,cross_dn
USDJPY.a,1h,-1,0.31,2015-02-06 05:00:00,117.36721862099398,2015-02-06 16:00:00,117.73709143567223,117.72349332773368,,stop,11,-11466.057255025617,-217.0,-204.5413460948183,0.0,-11466.057255025617,-123.49788754036005,-1.0381674805460828,3.6622902336968908,0.6040805505489446,cross_dn
USDJPY.a,1h,1,0.19,2015-02-06 17:00:00,118.59658740015243,2015-02-12 22:00:00,118.96043395150947,118.03415767178812,,signal,101,6913.084475783804,-133.0,-211.5098426398748,0.0,6913.084475783804,74.99064229031657,0.6469191314178985,0.4757703703370204,3.3327054124590028,cross_up
USDJPY.a,1h,1,0.28,2015-02-17 21:00:00,119.10132677500268,2015-02-18 22:00:00,118.7011016238328,118.70724182656292,,stop,25,-11206.304232756567,-196.00000000000003,-171.9256764435464,0.0,-11206.304232756567,-120.73811222638412,-1.0155809115634402,1.366017091325094,0.790878276958522,cross_up
USDJPY.a,1h,-1,0.24,2015-02-19 05:00:00,118.63128499678173,2015-02-19 16:00:00,119.10906562660861,119.09686581784499,,stop,11,-11466.735115845153,-168.0,-124.7954103269769,0.0,-11466.735115845153,-123.63472815853058,-1.0262034177777444,1.1678208779660961,0.4280352363454683,cross_dn
USDJPY.a,1h,1,0.27,2015-02-20 00:00:00,118.98300948773118,2015-02-20 12:00:00,118.60247386772582,118.5851843438808,,signal,12,-10274.461740144745,-189.0,-136.41114280623756,0.0,-10274.461740144745,-110.47603602326133,-0.9565398916778255,0.9602447045801871,0.2639112029286379,cross_up
USDJPY.a,1h,1,0.26,2015-02-23 03:00:00,119.08431696299021,2015-02-24 04:00:00,118.8954751067189,118.65963959747096,,signal,25,-4909.8882630540575,-182.0,-131.29445061666092,0.0,-4909.8882630540575,-52.88532031293028,-0.4446713472483059,0.8201919651741251,0.6279662130890998,cross_up
USDJPY.a,1h,1,0.33,2015-02-24 05:00:00,118.97461168661816,2015-02-25 03:00:00,118.64440747823487,118.6493883398638,,stop,22,-10896.73887664867,-231.0,-164.36843375494732,0.0,-10896.73887664867,-116.87323259581348,-1.0153152031631325,1.0227177413231323,2.590184012890363,cross_up
USDJPY.a,1h,-1,0.26,2015-02-25 04:00:00,118.65770946661065,2015-02-26 03:00:00,119.08082368079901,119.07007180241149,,stop,23,-11000.969568897346,-182.0,-97.54883807546233,0.0,-11000.969568897346,-117.69825334792486,-1.026073861393385,1.0386267032792271,0.0817472006632064,cross_dn
USDJPY.a,1h,1,0.28,2015-02-26 19:00:00,119.37001371689288,2015-03-04 03:00:00,119.63015208946481,118.97715349519014,,signal,80,7283.874432014045,-196.00000000000003,-159.4829899704722,0.0,7283.874432014045,77.85291489809914,0.6621652134808406,0.6491207376190982,2.2704927448267473,cross_up
USDJPY.a,1h,1,0.36,2015-03-05 04:00:00,119.78138425419846,2015-03-12 16:00:00,121.0040795455049,119.4733119348252,,signal,132,44017.03048703171,-288.0,-282.2727236474032,0.0,44017.03048703171,471.9675507241535,3.968858006437932,0.16679283066713055,7.269772728552361,cross_up
USDJPY.a,1h,1,0.3,2015-03-13 03:00:00,121.33192030223863,2015-03-16 09:00:00,121.1633443947694,120.95995931403138,,signal,29,-5057.277224076983,-180.0,-159.33631383608946,0.0,-5057.277224076983,-54.48380337748764,-0.45320856975276597,0.5401649866751084,0.6346894035829104,cross_up
USDJPY.a,1h,1,0.33,2015-03-17 01:00:00,121.40728897808309,2015-03-17 15:00:00,121.21180758588453,121.06848371958418,,signal,14,-6450.885942552446,-66.0,-144.69933162084618,0.0,-6450.885942552446,-69.6133311015499,-0.5769727219248246,0.576404802417533,0.31791425668577666,cross_up
USDJPY.a,1h,1,0.46,2015-03-18 00:00:00,121.35989059790799,2015-03-18 03:00:00,121.29325220714145,121.12026566623109,,signal,3,-3065.3659752609315,-184.0,-160.79694298691612,0.0,-3065.3659752609315,-33.16916601044607,-0.278094563450494,0.3125325790764304,0.15903771709109799,cross_up
USDJPY.a,1h,1,0.54,2015-03-18 09:00:00,121.38557415509533,2015-03-18 12:00:00,121.2713636083293,121.18305604486066,,signal,3,-6167.3695253657,-216.0,-176.7303004363526,0.0,-6167.3695253657,-66.92812732465451,-0.5639522639910693,0.783012220050733,0.10085934971944488,cross_up
USDJPY.a,1h,1,0.26,2015-03-20 15:00:00,121.04327214587695,2015-03-20 16:00:00,120.6245873463458,120.62986497810299,,stop,1,-10885.804787809888,-260.0,-137.21842568666133,0.0,-10885.804787809888,-116.66221036370085,-1.012766183483463,1.0093490834321843,0.0,cross_up
USDJPY.a,1h,-1,0.25,2015-03-20 17:00:00,120.64353289462652,2015-03-30 12:00:00,119.68123867946207,121.0848026464316,,signal,137,24057.3553791112,-175.0,-161.93397310261275,0.0,24057.3553791112,261.36822685535213,2.1807391311732522,0.16195786156005282,5.2564964744084985,cross_dn
USDJPY.a,1h,-1,0.21,2015-04-01 22:00:00,119.63206139024204,2015-04-07 06:00:00,119.60034488330923,120.13581285203279,,signal,80,666.046645589006,-210.0,-98.48509898772998,0.0,666.046645589006,7.313781323610151,0.06296062510680084,0.6152609635239095,1.8184788724694176,cross_dn
USDJPY.a,1h,-1,0.24,2015-04-14 00:00:00,120.04147865849009,2015-04-20 22:00:00,119.40417800307047,120.4956036647964,,signal,118,15295.215730070935,-96.0,-152.54414738225282,0.0,15295.215730070935,166.12976828168908,1.4033595300183817,0.2852107673246038,3.337139856746594,cross_dn
USDJPY.a,1h,-1,0.32,2015-04-24 05:00:00,119.46634280223343,2015-04-30 18:00:00,119.52217986328608,119.81062277626931,,signal,109,-1786.7859536850121,-192.0,-267.5112503093425,0.0,-1786.7859536850121,-18.935379663355683,-0.16218503910667953,0.46955155675050375,2.8300885201410666,cross_dn
USDJPY.a,1h,-1,0.34,2015-05-06 05:00:00,119.96136597632412,2015-05-08 07:00:00,119.94865804497988,120.29265703329146,,signal,49,432.0696657040913,-340.0,-180.74705863056593,0.0,432.0696657040913,4.570818134458768,0.0383588119177349,0.25546727536394515,2.7298230885032857,cross_dn
USDJPY.a,1h,-1,0.38,2015-05-13 03:00:00,119.86967678347679,2015-05-15 15:00:00,119.84367901107198,120.17181760889416,,signal,60,987.915351382668,-380.0,-203.6048414704983,0.0,987.915351382668,10.295292710584011,0.08604521540210444,0.32873153234423386,3.2556897338119573,cross_dn
USDJPY.a,1h,-1,0.33,2015-05-18 04:00:00,119.34897753305692,2015-05-18 05:00:00,119.63101514787571,119.69217824233826,,signal,1,-9307.241289020085,-231.0,-198.99975979758855,0.0,-9307.241289020085,-97.09464639048711,-0.8217862236047839,0.947033202884933,0.0,cross_dn
USDJPY.a,1h,-1,0.23,2015-06-03 03:00:00,124.04624728652635,2015-06-03 16:00:00,124.54236067820744,124.53378835222114,,stop,13,-11410.608008665122,-69.0,-128.16349768499094,0.0,-11410.608008665122,-117.99799602453155,-1.017582777307366,1.2957938477927948,0.5378978407749566,cross_dn
USDJPY.a,1h,1,0.22,2015-06-03 22:00:00,124.39594796469278,2015-06-04 12:00:00,123.87905553516946,123.88508167597071,,stop,14,-11371.633449513127,-66.0,-132.57509762769004,0.0,-11371.633449513127,-118.29062113930385,-1.0117959257329898,1.2115654885764235,0.3309124893132022,cross_up
USDJPY.a,1h,-1,0.23,2015-06-04 15:00:00,124.05523198704073,2015-06-04 19:00:00,124.48996167998047,124.54080943682513,,signal,4,-9998.782937614025,-46.0,-182.2372791016732,0.0,-9998.782937614025,-104.61567917574182,-0.8952839410742046,0.9365509315994743,0.13845780332381422,cross_dn
USDJPY.a,1h,-1,0.21,2015-06-09 03:00:00,124.60904475325266,2015-06-12 14:00:00,123.70546178389311,125.128667831372,,signal,83,18975.242356550494,-126.0,-145.3949235107036,0.0,18975.242356550494,199.15629295043684,1.7389200122324597,0.24047285813321034,4.143474075564797,cross_dn
USDJPY.a,1h,-1,0.22,2015-06-12 20:00:00,123.22898916869097,2015-06-16 05:00:00,123.74756294444312,123.73622729160125,,stop,33,-11408.623066547194,-154.0,-95.38436252091331,0.0,-11408.623066547194,-118.9096399185743,-1.0223477935310277,1.121782463913256,0.17346718378762457,cross_dn
USDJPY.a,1h,1,0.32,2015-06-16 09:00:00,123.58062053208414,2015-06-16 20:00:00,123.38760632027581,123.23219760405838,,signal,11,-6176.454777866638,-224.0,-153.19550234791583,0.0,-6176.454777866638,-64.60072049763535,-0.5539652998785,0.8427130032683431,0.17042353742998018,cross_up
USDJPY.a,1h,1,0.45,2015-06-17 12:00:00,123.65914599190926,2015-06-17 22:00:00,123.40280856880133,123.40869339683243,,stop,10,-11535.184039856504,-315.0,-264.8172613993747,0.0,-11535.184039856504,-120.66419701505893,-1.0234967740274148,1.3980529600895377,3.097807822086111,cross_up
USDJPY.a,1h,-1,0.23,2015-06-18 07:00:00,123.0673413762259,2015-06-22 20:00:00,123.28341771846938,123.54235320035976,,signal,61,-4969.7558716001,-184.0,-157.2150495912786,0.0,-4969.7558716001,-52.13271148263138,-0.4548862391741059,0.6034768172282831,1.2554242777288103,cross_dn
USDJPY.a,1h,-1,0.27,2015-06-25 16:00:00,123.55764037840017,2015-06-26 19:00:00,123.98575503179575,123.97360290767192,,stop,27,-11559.095641680715,-216.0,-112.10735134362433,0.0,-11559.095641680715,-121.9757454010718,-1.0292144682962316,1.0249952618238949,0.8117086387355413,cross_dn
USDJPY.a,1h,1,0.31,2015-06-26 21:00:00,123.86171135706438,2015-06-29 01:00:00,122.73442481430462,123.5062403951792,,stop_gap,4,-34945.88282555263,-341.0,-203.830756556819,0.0,-34945.88282555263,-373.95589985622087,-3.17124790385523,3.8757353055167916,0.14428363617556086,cross_up
USDJPY.a,1h,-1,0.19,2015-06-29 02:00:00,122.70202678980762,2015-07-01 18:00:00,123.1467204720616,123.25393214128178,,signal,64,-8449.179962825696,-152.0,-141.37793834063478,0.0,-8449.179962825696,-89.6697558643571,-0.8057426532759453,0.8787253265383207,1.3897795840516072,cross_dn
USDJPY.a,1h,-1,0.32,2015-07-03 17:00:00,122.77919679667684,2015-07-10 09:00:00,121.77926199699071,123.10477737042497,,signal,112,31997.91358995617,-192.0,-272.7678074054922,0.0,31997.91358995617,350.76540645639267,3.071236063548719,0.5153968536617142,7.2829799683049545,cross_dn
USDJPY.a,1h,-1,0.36,2015-07-21 22:00:00,123.84161930064107,2015-07-22 18:00:00,124.14974498975872,124.13794029831716,,stop,20,-11092.524808235225,-288.0,-136.96889189620765,0.0,-11092.524808235225,-121.21323582461345,-1.0398375124750967,1.0238245069981555,0.9301375967367269,cross_dn
USDJPY.a,1h,1,0.32,2015-07-28 21:00:00,123.5974244029622,2015-07-29 06:00:00,123.3779283832953,123.27444575508865,,signal,9,-7023.872629340985,-288.00000000000006,-132.5834691007718,0.0,-7023.872629340985,-77.65897555265474,-0.6795991658025575,0.7041468668580088,0.10395608892059252,cross_up
USDJPY.a,1h,1,0.36,2015-07-29 15:00:00,123.63017982313832,2015-08-03 01:00:00,123.86276448530022,123.34479303907304,,signal,58,8373.047837828322,-324.00000000000006,-232.95705838438332,0.0,8373.047837828322,92.470403703308,0.8149804936611748,0.40008798414504265,3.3176735214378277,cross_up
USDJPY.a,1h,1,0.31,2015-08-03 10:00:00,124.06856196874695,2015-08-04 00:00:00,123.96573662620631,123.7328888225266,,signal,14,-3187.5856187598547,-124.0,-140.3291752088956,0.0,-3187.5856187598547,-35.28265821969912,-0.3063257925110976,0.6451572643966813,0.5911644511556726,cross_up
USDJPY.a,1h,1,0.36,2015-08-04 01:00:00,124.028171704237,2015-08-04 02:00:00,123.98690913177994,123.74307827578852,,signal,1,-1485.452608454068,-324.00000000000006,-150.54251184511523,0.0,-1485.452608454068,-16.474190743818404,-0.1447335095782982,0.1724757547187152,0.0,cross_up
USDJPY.a,1h,1,0.39,2015-08-04 07:00:00,124.0899939175902,2015-08-04 10:00:00,123.92983441073409,123.82043417054922,,signal,3,-6246.220767388608,-351.00000000000006,-168.91596274168884,0.0,-6246.220767388608,-68.30631144536858,-0.5941521633486543,0.7753157505316569,0.05937860747196268,cross_up
USDJPY.a,1h,1,0.31,2015-08-04 23:00:00,124.34161639280467,2015-08-07 22:00:00,124.17264002502876,124.00021635321782,,signal,71,-5238.267401053265,-279.00000000000006,-208.31844821691692,0.0,-5238.267401053265,-56.94573644100798,-0.4949512249043783,0.9596261125251963,2.1159447083531115,cross_up
USDJPY.a,1h,1,0.34,2015-08-11 00:00:00,124.59432440033645,2015-08-12 15:00:00,124.27821553398059,124.28390764701584,,stop,39,-10747.701456099294,-306.00000000000006,-193.5318431985407,0.0,-10747.701456099294,-117.71823752504827,-1.0183370033168704,1.5409103897250573,2.1960013187802736,cross_up
USDJPY.a,1h,-1,0.21,2015-08-12 16:00:00,124.16504631097817,2015-08-17 14:00:00,124.54284034141868,124.6433427529376,,signal,70,-7933.674639250753,-189.00000000000003,-77.29433958496695,0.0,-7933.674639250753,-86.58614494312022,-0.7898742229668474,0.9595590699810297,0.7883109258215123,cross_dn
USDJPY.a,1h,-1,0.42,2015-08-17 22:00:00,124.35802419395785,2015-08-17 23:00:00,124.42699039132486,124.60651235182883,,signal,1,-2896.5802894147714,-378.00000000000006,-167.19287128824482,0.0,-2896.5802894147714,-31.574441789104462,-0.2775431954500902,0.3902632901021555,0.0,cross_dn
USDJPY.a,1h,-1,0.42,2015-08-18 01:00:00,124.35407665237805,2015-08-18 02:00:00,124.42083453707752,124.60202756449269,,signal,1,-2803.8311573777437,-378.00000000000006,-154.10111451176175,0.0,-2803.8311573777437,-30.5681024729597,-0.2692383106403203,0.2658725755824984,0.0043421997075072695,cross_dn
USDJPY.a,1h,-1,0.44,2015-08-18 13:00:00,124.30209985163756,2015-08-27 08:00:00,120.13488743407258,124.5395968949437,,signal,163,183357.34637285926,-396.00000000000006,-606.0941983871039,0.0,183357.34637285926,2150.7662164963126,17.54637598664091,0.6901144792407443,34.405059271011524,cross_dn
USDJPY.a,1h,-1,0.22,2015-09-01 11:00:00,120.50749968367525,2015-09-03 07:00:00,120.58561716208803,120.9906964283313,,signal,44,-1718.584525081127,-198.00000000000003,-203.1551318730266,0.0,-1718.584525081127,-20.32035327382006,-0.16166805608010323,0.36527629433924125,2.674893194065826,cross_dn
USDJPY.a,1h,-1,0.2,2015-09-03 18:00:00,119.8948718962423,2015-09-08 14:00:00,120.07271520722894,120.41659089046162,,signal,68,-3556.8662197329104,-180.00000000000003,-188.60828915757557,0.0,-3556.8662197329104,-42.458935119265234,-0.3408795021020097,0.9451986782570627,2.4991842556802903,cross_dn
USDJPY.a,1h,-1,0.24,2015-09-14 09:00:00,120.33259564725635,2015-09-16 13:00:00,120.35118143109167,120.76885517702948,,signal,52,-446.0588120476814,-216.00000000000003,-152.7086924002427,0.0,-446.0588120476814,-5.175009695374829,-0.04260258531197137,0.7252663406761366,2.146877221784536,cross_dn
USDJPY.a,1h,-1,0.19,2015-09-18 04:00:00,120.0863610098067,2015-09-21 17:00:00,120.45468111057949,120.62751791063562,,signal,37,-6998.081914683041,-171.00000000000003,-139.8822020206674,0.0,-6998.081914683041,-81.35457936389135,-0.680616102665628,0.8955609536734213,1.9132362688543119,cross_dn
USDJPY.a,1h,-1,0.23,2015-09-22 17:00:00,119.85912469704212,2015-09-23 04:00:00,120.31953758197812,120.30536770586916,,stop,11,-10589.49635352812,-207.00000000000003,-118.90715050631667,0.0,-10589.49635352812,-124.37531816949308,-1.031753721243077,1.0372718312709526,0.3767559238273265,cross_dn
USDJPY.a,1h,1,0.2,2015-09-23 19:00:00,120.51838935643335,2015-09-24 06:00:00,120.00491951639313,120.01074048012559,,stop,11,-10269.396800804316,-180.00000000000003,-116.41927464927053,0.0,-10269.396800804316,-122.30932785751914,-1.011466515546726,1.3067877964358412,0.04257006087325439,cross_up
USDJPY.a,1h,-1,0.22,2015-09-24 09:00:00,120.02434288937799,2015-09-25 08:00:00,120.14224130648479,120.49341873757923,,signal,23,-2593.7651763496206,-198.00000000000003,-186.61748533068047,0.0,-2593.7651763496206,-30.772670608273497,-0.25134190463845885,0.75394440361441,1.7104758056820177,cross_dn
USDJPY.a,1h,-1,0.2,2015-09-28 17:00:00,120.24277091620239,2015-09-30 15:00:00,120.24739777601505,120.74653051121746,,signal,46,-92.537196253204,-180.00000000000003,-135.91104060185273,0.0,-92.537196253204,-1.0953414165669786,-0.009184658433199268,0.204917355062045,1.9786638826652572,cross_dn
USDJPY.a,1h,-1,0.2,2015-09-30 21:00:00,119.65581510355891,2015-10-01 06:00:00,120.18205644940421,120.16758221322277,,stop,9,-10524.826916906137,-180.00000000000003,-109.48472362872504,0.0,-10524.826916906137,-124.30079868690194,-1.0282828573937648,1.2040337974158135,0.0,cross_dn
USDJPY.a,1h,1,0.22,2015-10-01 07:00:00,120.1985673843028,2015-10-01 15:00:00,119.72430108669555,119.72981365154699,,stop,8,-10433.858547359676,-198.00000000000003,-121.27642673179712,0.0,-10433.858547359676,-123.29753151024549,-1.0117600447020119,1.2620003702689828,0.1566549993436599,cross_up
USDJPY.a,1h,-1,0.22,2015-10-01 18:00:00,119.6450774526291,2015-10-02 11:00:00,120.11515043109306,120.10191983839042,,stop,17,-10341.605526207131,-198.00000000000003,-93.07303945812116,0.0,-10341.605526207131,-122.44554443465722,-1.0289609570280835,1.0899219575283627,0.34164398377569766,cross_dn
USDJPY.a,1h,1,0.28,2015-10-02 12:00:00,120.07482465262545,2015-10-02 16:00:00,119.7026635640312,119.70945060811317,,stop,4,-10420.51048063911,-252.00000000000006,-190.03723429519016,0.0,-10420.51048063911,-124.39792649720556,-1.0185756054211084,3.09771498447919,0.8927162513964026,cross_up
USDJPY.a,1h,-1,0.17,2015-10-02 18:00:00,119.02985370595287,2015-10-02 20:00:00,119.63354286114374,119.616116506343,,stop,2,-10262.715638244686,-153.00000000000003,-143.24803161255593,0.0,-10262.715638244686,-121.8924441513949,-1.029724476444927,1.5268686559192308,0.6035752323316419,cross_dn
USDJPY.a,1h,1,0.18,2015-10-05 08:00:00,120.07610366770838,2015-10-07 10:00:00,120.02954990380135,119.5304293469496,,signal,50,-837.9677503264985,-162.00000000000003,-124.20346315149082,0.0,-837.9677503264985,-9.707840584076667,-0.08531419224986285,0.5829551723563826,0.8941163505975075,cross_up
USDJPY.a,1h,1,0.36,2015-10-09 13:00:00,120.21718672502594,2015-10-12 19:00:00,119.92352758074156,119.92590240035533,,stop,30,-10571.729194237549,-324.00000000000006,-85.49350609538303,0.0,-10571.729194237549,-119.42563650175256,-1.0081529262395037,1.1129563027208282,0.4353590778269858,cross_up
USDJPY.a,1h,-1,0.53,2015-10-12 21:00:00,119.91751467852134,2015-10-16 20:00:00,119.60196612149532,120.11290866058862,,signal,95,16724.073522379043,-477.00000000000006,-420.4088785044204,0.0,16724.073522379043,192.70244901444661,1.6149348802225556,0.8111064619384492,9.516744880510783,cross_dn
USDJPY.a,1h,-1,0.26,2015-10-27 11:00:00,120.4708094891487,2015-10-28 21:00:00,120.88524279186134,120.86968415305832,,stop,34,-10775.265870528585,-234.00000000000003,-170.52460887868222,0.0,-10775.265870528585,-125.50627543193745,-1.039006335099174,1.9635002714255643,1.1327104226682283,cross_dn
USDJPY.a,1h,1,0.18,2015-10-28 23:00:00,121.1693633672031,2015-10-29 03:00:00,120.61236671271101,120.61920056881345,,stop,4,-10025.939780857727,-162.00000000000003,-123.00940984405052,0.0,-10025.939780857727,-117.02052698219373,-1.012421516181118,1.0639820956932833,0.006610103059571319,cross_up
USDJPY.a,1h,-1,0.16,2015-10-30 15:00:00,120.45712347913813,2015-11-03 04:00:00,120.83019502440628,121.0567239621742,,signal,36,-5969.144724290345,-144.00000000000003,-70.2407810008206,0.0,-5969.144724290345,-69.0156360814768,-0.6222002080103454,0.6435560540378306,0.34210025665672766,cross_dn
USDJPY.a,1h,-1,0.31,2015-11-11 22:00:00,122.90547188642599,2015-11-16 17:00:00,122.94417386832501,123.2329383657336,,signal,67,-1199.7614388697427,-279.00000000000006,-196.77983615012013,0.0,-1199.7614388697427,-13.756517266298557,-0.1181860872625925,0.7009209432957091,2.0902044321397533,cross_dn
USDJPY.a,1h,-1,0.29,2015-11-19 15:00:00,123.07021331613535,2015-11-23 11:00:00,123.20016110522288,123.4264382125478,,signal,44,-3768.4858835381897,-261.0,-125.34410292716676,0.0,-3768.4858835381897,-42.65653724531429,-0.3647914292241619,0.5187360168411568,1.2694601660064142,cross_dn
USDJPY.a,1h,-1,0.34,2015-11-23 21:00:00,122.89066440371207,2015-11-27 20:00:00,122.85674980239196,123.19490719260655,,signal,95,1153.0964448836016,-306.00000000000006,-118.98656265332752,0.0,1153.0964448836016,13.053239461195904,0.11147216156984413,0.22132191376698715,2.092619535948525,cross_dn
USDJPY.a,1h,-1,0.2,2015-12-03 23:00:00,122.29381830663448,2015-12-04 04:00:00,122.83250095165903,122.8174587222826,,stop,5,-10773.652900491015,-180.00000000000003,-120.84458752864691,0.0,-10773.652900491015,-119.80393356197506,-1.028726257421929,1.0621443203101935,0.0,cross_dn
USDJPY.a,1h,1,0.17,2015-12-07 01:00:00,123.22071819590947,2015-12-08 16:00:00,122.92983661688658,122.62231978141762,,signal,39,-4944.9868433892025,-153.00000000000003,-73.5550258563203,0.0,-4944.9868433892025,-55.985306440605164,-0.4861001833868565,0.5426454817484974,0.4215950409974953,cross_up
USDJPY.a,1h,1,0.19,2015-12-15 21:00:00,121.76498484199867,2015-12-18 11:00:00,121.23491867261781,121.24538665402521,,stop,62,-10071.257218236327,-171.00000000000003,-198.89164674055684,0.0,-10071.257218236327,-116.25817748726337,-1.0201463008333982,1.2143707514832602,3.452697102348195,cross_up
USDJPY.a,1h,-1,0.11,2015-12-18 14:00:00,121.58903453227599,2015-12-30 18:00:00,120.60872988474435,122.45004373207917,,signal,167,10783.351122848031,-99.00000000000001,-38.05746437562855,0.0,10783.351122848031,122.67073743935808,1.1385530465362412,0.1904340485113206,1.7259217818063894,cross_dn
USDJPY.a,1h,-1,0.59,2015-12-31 08:00:00,120.39964183298285,2016-01-13 04:00:00,117.85579909643174,120.57417632923197,,signal,185,150086.72145651566,-531.0000000000001,-566.2933789454626,0.0,150086.72145651566,1810.601902728655,14.575014058654286,0.3572827627619494,21.248761205860944,cross_dn
USDJPY.a,1h,-1,0.19,2016-01-14 04:00:00,117.47966729532699,2016-01-14 10:00:00,118.03807034111188,118.02201793675057,,stop,6,-10609.657869912822,-171.00000000000003,-133.99568286478257,0.0,-10609.657869912822,-129.0879159654031,-1.0295978341966532,1.2820722454533695,0.3534010669258148,cross_dn
USDJPY.a,1h,1,0.14,2016-01-14 22:00:00,118.19131997709029,2016-01-15 11:00:00,117.47760004502155,117.4848876993855,,stop,13,-9992.079048962381,-126.00000000000003,-102.0271610952055,0.0,-9992.079048962381,-123.61077466232635,-1.0103161401226273,1.2532269617785685,0.10712990515608023,cross_up
USDJPY.a,1h,-1,0.16,2016-01-15 12:00:00,117.35511145206041,2016-01-19 09:00:00,117.73591823051107,117.96530453032861,,signal,45,-6092.908455210591,-144.00000000000003,-125.38337635435565,0.0,-6092.908455210591,-74.73427672544061,-0.6240758737077761,0.7766206547025003,1.3931843580938998,cross_dn
USDJPY.a,1h,-1,0.19,2016-01-20 07:00:00,116.99590876175048,2016-01-21 19:00:00,117.53663025296973,117.51782053358802,,stop,36,-10273.708333165645,-171.00000000000003,-186.38466825230796,0.0,-10273.708333165645,-124.77722167991428,-1.036040036643516,1.4448634404135487,1.9656746927521593,cross_dn
USDJPY.a,1h,1,0.12,2016-01-21 21:00:00,117.69342585910036,2016-01-26 12:00:00,118.06402446962534,116.88105742879699,,signal,63,4447.183326299751,-108.00000000000001,-95.41272899174207,0.0,4447.183326299751,54.00122315851578,0.45619523937751405,0.5323026387656157,1.4557115919165318,cross_up
USDJPY.a,1h,1,0.2,2016-01-26 13:00:00,118.24102870677646,2016-02-02 21:00:00,120.1546071608665,117.73005870316801,,signal,128,38271.569081800866,-180.00000000000003,-175.7135653401031,0.0,38271.569081800866,451.58228358698994,3.744991761896846,0.3953827139553037,6.7420225627635695,cross_up
USDJPY.a,1h,1,0.1,2016-02-15 05:00:00,113.62549137673756,2016-02-17 11:00:00,113.46063502322355,112.67289159302051,,signal,54,-1648.563535140113,-90.00000000000001,-107.299535529027,0.0,-1648.563535140113,-20.39272697045361,-0.17305940682743093,0.26820431948937057,1.3074836301163737,cross_up
USDJPY.a,1h,1,0.15,2016-02-17 15:00:00,114.14425663061516,2016-02-18 10:00:00,113.80822821586712,113.46410741718915,,signal,19,-5040.426221220641,-135.00000000000003,-143.15352398641096,0.0,-5040.426221220641,-61.9345900310468,-0.494051023091567,0.5943646226963476,0.5230372429498387,cross_up
USDJPY.a,1h,1,0.15,2016-02-25 16:00:00,112.453328246581,2016-03-01 01:00:00,112.66117502630043,111.79846680640289,,signal,57,3117.701695791481,-135.00000000000003,-144.74921098716928,0.0,3117.701695791481,38.819938460793345,0.3173904691393981,0.08906960007468837,2.3435060598492474,cross_up
USDJPY.a,1h,1,0.17,2016-03-01 18:00:00,113.20005644611395,2016-03-04 05:00:00,113.30577676544368,112.60886302312326,,signal,59,1797.2454286054785,-153.00000000000003,-143.5899749149205,0.0,1797.2454286054785,21.484099546467483,0.17882526296541668,0.023776391223760292,2.2834211298513045,cross_up
USDJPY.a,1h,1,0.2,2016-03-04 10:00:00,113.91503941692471,2016-03-04 17:00:00,113.37928187735591,113.38700156782627,,stop,7,-10715.150791376118,-180.00000000000003,-154.39380940723427,0.0,-10715.150791376118,-127.42770280677999,-1.0146195779025071,1.5132237552459118,0.5453408000334585,cross_up
USDJPY.a,1h,-1,0.16,2016-03-04 18:00:00,113.33415971542311,2016-03-04 20:00:00,113.9164360617015,113.98330753919682,,signal,2,-9316.421540454257,-144.00000000000003,-173.95397444808373,0.0,-9316.421540454257,-110.11800827218428,-0.8969857480125767,0.9440689194862503,0.2313182143170237,cross_dn
USDJPY.a,1h,-1,0.19,2016-03-07 13:00:00,113.50389606876963,2016-03-10 03:00:00,113.24175120619566,114.03256766562494,,signal,62,4980.752388905543,-171.00000000000003,-142.54583543515776,0.0,4980.752388905543,58.845605461577016,0.4958557715854069,0.3558048746126266,2.4228577369936017,cross_dn
USDJPY.a,1h,-1,0.17,2016-03-15 11:00:00,113.05835304677124,2016-03-16 10:00:00,113.66915116220827,113.65458985771723,,stop,23,-10383.567962429353,-153.00000000000003,-94.54217634754968,0.0,-10383.567962429353,-122.65187895791121,-1.024422015252524,1.1298312027396542,0.7234592679490393,cross_dn
USDJPY.a,1h,1,0.24,2016-03-16 15:00:00,113.51857510383618,2016-03-16 21:00:00,113.07110428014616,113.07858217589812,,stop,6,-10739.299768560613,-216.00000000000003,-179.46949804710812,0.0,-10739.299768560613,-126.52322637511085,-1.0169954907843743,2.3763452488567403,0.6714310103761353,cross_up
USDJPY.a,1h,-1,0.16,2016-03-16 23:00:00,112.55593076740789,2016-03-22 02:00:00,112.12910053951948,113.21689669509236,,signal,74,6829.283646214436,-144.00000000000003,-99.21726462350465,0.0,6829.283646214436,80.45959031223057,0.6457673686504453,0.599227911761867,2.8623726097891127,cross_dn
USDJPY.a,1h,-1,0.22,2016-03-30 00:00:00,112.63321744570945,2016-04-12 21:00:00,108.76907462982501,113.11945923142005,,signal,237,85011.14194945757,-198.00000000000003,-179.28371230078986,0.0,85011.14194945757,1020.2408817385992,7.946957520808905,0.3471165153852342,10.299849977702626,cross_dn
USDJPY.a,1h,-1,0.22,2016-04-15 20:00:00,108.75316656441653,2016-04-19 06:00:00,109.0527632619334,109.24288555931393,,signal,34,-6591.127345371263,-198.00000000000003,-165.58352506983968,0.0,-6591.127345371263,-77.76728716220946,-0.6117726709368144,0.943058040213915,1.88101048563478,cross_dn
USDJPY.a,1h,-1,0.1,2016-04-28 09:00:00,108.89024683569826,2016-05-04 10:00:00,107.09617806407395,109.89284904061753,,signal,97,17940.687716243105,-90.00000000000001,-103.5612814792452,0.0,17940.687716243105,223.8333829733217,1.7894123539941436,0.16233074643481196,3.3365644113735233,cross_dn
USDJPY.a,1h,-1,0.2,2016-05-06 18:00:00,106.74271378256725,2016-05-09 01:00:00,107.26768155715075,107.25264465440945,,stop,7,-10499.35549167003,-180.00000000000003,-120.73805482596923,0.0,-10499.35549167003,-132.97920123472437,-1.0294881200013988,1.0595283542667007,0.38576558790525095,cross_dn
USDJPY.a,1h,1,0.2,2016-05-09 03:00:00,107.26191192708598,2016-05-12 06:00:00,108.40056318282738,106.75489443073285,,signal,75,22773.02511482816,-180.00000000000003,-137.47268690473055,0.0,22773.02511482816,285.8186845959841,2.245782963963748,0.08858062573583544,4.155848837702584,cross_up
USDJPY.a,1h,1,0.24,2016-05-12 08:00:00,108.67040990868456,2016-05-16 03:00:00,108.54766260213735,108.24351229246395,,signal,43,-2945.9353571330666,-216.00000000000003,-208.19509740754717,0.0,-2945.9353571330666,-37.27827984660146,-0.28753336135701707,0.49288143266612,2.0604239937026874,cross_up
USDJPY.a,1h,1,0.18,2016-05-16 07:00:00,108.98218721575269,2016-05-16 11:00:00,108.74306340771781,108.43052864867629,,signal,4,-4304.228544627762,-162.00000000000003,-141.71732215882068,0.0,-4304.228544627762,-54.26721137757161,-0.4334634179654793,0.5677193003862419,0.0,cross_up
USDJPY.a,1h,1,0.2,2016-05-16 14:00:00,108.92880625847083,2016-05-23 12:00:00,109.53355120296163,108.43077289815687,,signal,118,12094.89888981608,-180.00000000000003,-137.9518815347193,0.0,12094.89888981608,152.83449579017218,1.2142659361404629,0.4232773851493308,3.323459578060716,cross_up
USDJPY.a,1h,1,0.27,2016-05-24 22:00:00,110.02993699021994,2016-05-26 04:00:00,109.64503291795964,109.65025131654755,,stop,30,-10392.409951028045,-243.00000000000003,-140.89676187366348,0.0,-10392.409951028045,-132.00272059917563,-1.0137439965470405,1.6037923799710152,1.0879078101231614,cross_up
USDJPY.a,1h,-1,0.21,2016-05-26 18:00:00,109.67311508604911,2016-05-27 21:00:00,110.16994713528165,110.15608457031324,,stop,27,-10433.473033883289,-189.00000000000003,-102.11386433642198,0.0,-10433.473033883289,-131.93337742740616,-1.02870277609677,1.0350238063436548,0.4226252231237981,cross_dn
USDJPY.a,1h,1,0.23,2016-05-27 23:00:00,110.36234861727775,2016-06-01 09:00:00,110.47736710569147,109.9223015203023,,signal,58,2645.425233515667,-207.00000000000003,-213.11313819212023,0.0,2645.425233515667,33.08571393409134,0.2613776779900948,0.31666750726348275,2.46030797649519,cross_up
USDJPY.a,1h,1,0.19,2016-06-21 22:00:00,104.76693933104731,2016-06-23 10:00:00,104.24054400494639,104.24682082055435,,stop,36,-10001.511195917572,-171.00000000000003,-119.25949655124431,0.0,-10001.511195917572,-127.19237160606995,-1.0120680488798837,1.434171858910224,0.5499913254030517,cross_up
USDJPY.a,1h,-1,0.03,2016-06-24 08:00:00,100.78595038152443,2016-06-29 01:00:00,102.73624206169792,103.67694864094268,,signal,65,-5850.875040520477,-27.000000000000004,-25.45237018750685,0.0,-5850.875040520477,-77.11791118038037,-0.6746083896176207,0.8509343132467307,0.09891060314300237,cross_dn
USDJPY.a,1h,-1,0.18,2016-06-29 10:00:00,102.17783169792769,2016-06-29 14:00:00,102.65803202508036,102.69634835588903,,signal,4,-8643.605888748112,-162.00000000000003,-145.1529028933137,0.0,-8643.605888748112,-113.13350606783877,-0.9261039539996302,0.9819709632361933,0.0,cross_dn
USDJPY.a,1h,-1,0.23,2016-07-01 18:00:00,102.53933461240126,2016-07-11 11:00:00,101.84051420497254,102.96107140752412,,signal,137,16072.869370860717,-207.00000000000003,-253.6534287371209,0.0,16072.869370860717,209.3111617221219,1.657006017758439,0.6204471381789565,6.049589796067111,cross_dn
USDJPY.a,1h,-1,0.11,2016-07-21 22:00:00,105.87343590306136,2016-07-25 06:00:00,106.53159946261472,106.73839766481676,,signal,32,-7239.799155086942,-99.00000000000001,-101.18817752374078,0.0,-7239.799155086942,-90.93526457867318,-0.7609163649242124,0.9775739626022331,0.36005742315050127,cross_dn
USDJPY.a,1h,-1,0.21,2016-07-25 20:00:00,106.0141635156952,2016-07-27 07:00:00,106.51453502586642,106.49675750256813,,stop,35,-10507.801713595625,-189.00000000000003,-184.3279892640631,0.0,-10507.801713595625,-132.7311274162544,-1.0368374322553948,1.0792436260544132,4.198484794276379,cross_dn
USDJPY.a,1h,1,0.12,2016-07-27 17:00:00,105.66660880069317,2016-07-28 04:00:00,104.81334699312119,104.82262298361128,,stop,11,-10239.14169086379,-108.00000000000001,-111.31188588119159,0.0,-10239.14169086379,-129.9747879624509,-1.0109906947514449,1.2234907030350972,0.4424140687551503,cross_up
USDJPY.a,1h,-1,0.13,2016-07-28 05:00:00,104.7624177201728,2016-07-29 07:00:00,105.57064093428659,105.54199920750828,,stop,26,-10506.901783479152,-117.00000000000001,-255.3424481179699,0.0,-10506.901783479152,-134.69616242983628,-1.0367398754890884,1.1321231893842916,2.6442620222018216,cross_dn
USDJPY.a,1h,1,0.19,2016-08-05 20:00:00,101.75384316752613,2016-08-10 03:00:00,101.89362784307252,101.24053514071367,,signal,55,2655.9088353814955,-171.00000000000003,-90.14196324395793,0.0,2655.9088353814955,34.008944213237356,0.2723212345118218,0.0834648306440432,1.7477942787005392,cross_up
USDJPY.a,1h,1,0.24,2016-08-12 01:00:00,101.93614539403842,2016-08-12 16:00:00,101.51819242260629,101.5248508025221,,stop,15,-10030.871314371097,-216.00000000000003,-159.80111797935362,0.0,-10030.871314371097,-128.62739259837053,-1.0161888341182843,2.4754650682004025,0.8044224572509246,cross_up
USDJPY.a,1h,-1,0.17,2016-08-12 20:00:00,101.00843366689617,2016-08-22 03:00:00,100.47104595101622,101.58689099474692,,signal,127,9135.591169959058,-153.00000000000003,-137.5623345515785,0.0,9135.591169959058,119.44853783650954,0.9290014837854937,0.7633516109899834,2.5454490694533254,cross_dn
USDJPY.a,1h,-1,0.24,2016-08-23 05:00:00,100.12881038912623,2016-08-24 17:00:00,100.54094660056703,100.52771684839254,,stop,36,-9891.269074579099,-216.00000000000003,-101.51405218745879,0.0,-9891.269074579099,-129.24587376333903,-1.0331650487656039,1.0307920599482252,0.4808405195519217,cross_dn
USDJPY.a,1h,1,0.26,2016-08-24 18:00:00,100.46393413229849,2016-08-26 18:00:00,100.0980090792853,100.10252065212688,,stop,48,-9514.051378342829,-234.00000000000003,-117.30089388120857,0.0,-9514.051378342829,-123.66311604277823,-1.0124831338317468,1.1204178994823941,1.2037898185063065,cross_up
USDJPY.a,1h,-1,0.2,2016-09-05 21:00:00,103.30429931695184,2016-09-06 06:00:00,103.75457750731064,103.78455348725267,,signal,9,-9005.563807176031,-180.00000000000003,-143.10029242555484,0.0,-9005.563807176031,-114.08861469084715,-0.9375830928792426,0.9509562046324005,0.023527785182494078,cross_dn
USDJPY.a,1h,-1,0.21,2016-09-06 13:00:00,103.38141118709972,2016-09-09 03:00:00,102.39359484439831,103.83445558273043,,signal,62,20744.14319672955,-189.00000000000003,-150.98346472896827,0.0,20744.14319672955,265.0920733125832,2.180396341347969,0.12490787535624676,4.830456370734018,cross_dn
USDJPY.a,1h,-1,0.19,2016-09-12 17:00:00,101.82590357730582,2016-09-13 16:00:00,102.34933448122186,102.33394151652342,,stop,23,-9945.187174404695,-171.00000000000003,-121.46632927037736,0.0,-9945.187174404695,-129.35419532688977,-1.0302988487870435,1.0197986856888293,0.8048681914101714,cross_dn
USDJPY.a,1h,1,0.16,2016-09-13 23:00:00,102.71251517185547,2016-09-15 05:00:00,102.1069123962989,102.11368840407168,,stop,30,-9689.644408905224,-144.00000000000003,-108.41612436449397,0.0,-9689.644408905224,-127.39154503357715,-1.0113154724159423,1.126394490266026,1.0695661293079877,cross_up
USDJPY.a,1h,-1,0.17,2016-09-15 09:00:00,102.35260879879914,2016-09-21 11:00:00,102.25191042841467,102.91254631550048,,signal,98,1711.8722965358872,-153.00000000000003,-234.95456609885,0.0,1711.8722965358872,22.174589591884324,0.17983858445079812,0.7632837387262,2.4156423858996336,cross_dn
USDJPY.a,1h,-1,0.11,2016-09-21 14:00:00,101.53139115480064,2016-09-28 15:00:00,100.72804419112548,102.38011377683648,,signal,121,8836.816600426842,-99.00000000000001,-66.9722047607698,0.0,8836.816600426842,114.60513188318018,0.9465365277387963,0.02310395020733817,1.7089106819393813,cross_dn
USDJPY.a,1h,-1,0.17,2016-10-08 00:00:00,102.95261654254787,2016-10-10 17:00:00,103.54148439948374,103.52727311855499,,stop,17,-10010.753567909675,-153.00000000000003,-88.59177578878754,0.0,-10010.753567909675,-126.94257877386406,-1.0247300414231617,1.182242552887311,0.2568778444572047,cross_dn
USDJPY.a,1h,1,0.22,2016-10-10 21:00:00,103.75224231630233,2016-10-11 19:00:00,103.31069085724211,103.31661126699257,,stop,22,-9714.13209932487,-198.00000000000003,-130.24901451022907,0.0,-9714.13209932487,-124.59167772369149,-1.01359042189449,1.033540462773971,0.7225327124785601,cross_up
USDJPY.a,1h,-1,0.2,2016-10-12 08:00:00,103.42832748997891,2016-10-12 11:00:00,103.58448019843891,103.8995686566861,,signal,3,-3123.054169199975,-180.00000000000003,-139.207937556116,0.0,-3123.054169199975,-39.78809627522804,-0.33136474377041525,0.5213307481978684,0.0,cross_dn
USDJPY.a,1h,-1,0.22,2016-10-12 12:00:00,103.5174898157353,2016-10-12 13:00:00,103.59738517110293,103.95802480486286,,signal,1,-1757.6978180877632,-198.00000000000003,-148.94752852898975,0.0,-1757.6978180877632,-22.398963159740266,-0.18135984051085668,0.18275548197463298,0.25988813274976114,cross_dn
USDJPY.a,1h,-1,0.17,2016-10-13 23:00:00,103.59279662420825,2016-10-14 09:00:00,104.0987036869763,104.1436467411963,,signal,10,-8600.420067056773,-153.00000000000003,-125.92535719421666,0.0,-8600.420067056773,-109.12040240787167,-0.9184114646906981,0.9843029148408281,0.04683056862964011,cross_dn
USDJPY.a,1h,-1,0.24,2016-10-18 00:00:00,103.86700680877215,2016-10-20 20:00:00,103.94023439120816,104.26358343451965,,signal,68,-1757.461978464448,-216.00000000000003,-155.25077799195157,0.0,-1757.461978464448,-22.152267538490882,-0.1846492649383796,0.8295829100056993,1.78025320438744,cross_dn
USDJPY.a,1h,-1,0.26,2016-11-01 04:00:00,104.77003004369321,2016-11-01 14:00:00,104.97803122936168,105.1408787336053,,signal,10,-5408.030827380088,-234.00000000000003,-157.6239268076265,0.0,-5408.030827380088,-67.1938006436958,-0.5608788471593885,0.9275210231653448,0.24816062776176595,cross_dn
USDJPY.a,1h,-1,0.26,2016-11-01 15:00:00,104.82393528702129,2016-11-07 04:00:00,103.97031433304932,105.20590367021065,,signal,84,22194.144803271203,-234.00000000000003,-276.3453185644487,0.0,22194.144803271203,277.79997642264374,2.2347947933397116,0.34574776026225923,5.968911007723423,cross_dn
USDJPY.a,1h,-1,0.07,2016-11-09 08:00:00,101.26785638836401,2016-11-09 09:00:00,102.6769163221507,102.64994772022915,,stop,1,-9863.419536506855,-63.000000000000014,-125.78021345088234,0.0,-9863.419536506855,-126.14470893358471,-1.0195128941914124,1.107845463128482,0.059226468234582406,cross_dn
USDJPY.a,1h,1,0.06,2016-11-09 22:00:00,105.78205612811291,2016-11-28 06:00:00,111.65294376867918,104.31655967710752,,signal,296,35225.32584339759,-54.00000000000001,-84.67477584988784,0.0,35225.32584339759,421.0426955630999,4.006074280520152,0.5650345502678207,5.5359696479109575,cross_up
USDJPY.a,1h,1,0.14,2016-11-29 17:00:00,113.2631754022863,2016-11-29 20:00:00,112.49507456532253,112.50434969223014,,stop,3,-10753.411717492754,-126.00000000000003,-129.85177670648022,0.0,-10753.411717492754,-127.75802352343112,-1.0122230003341925,1.000460833397573,0.0,cross_up
USDJPY.a,1h,-1,0.11,2016-12-05 01:00:00,113.18915021310383,2016-12-05 11:00:00,114.11563881893325,114.0976251590996,,stop,10,-10191.374664123616,-99.00000000000001,-99.15025817027258,0.0,-10191.374664123616,-120.01665240106823,-1.019828460777101,1.0532484039473264,0.36341146727162943,cross_dn
USDJPY.a,1h,1,0.14,2016-12-05 14:00:00,114.32582011920665,2016-12-05 20:00:00,113.5615450703986,113.57175318372079,,stop,6,-10699.850683312832,-126.00000000000003,-142.913586510764,0.0,-10699.850683312832,-125.91869076687955,-1.0135374100650834,1.2662272727704753,0.5877195510605415,cross_up
USDJPY.a,1h,-1,0.14,2016-12-06 06:00:00,113.64737351433372,2016-12-06 10:00:00,114.14151790965,114.36118076276871,,signal,4,-6918.021534427965,-126.00000000000003,-154.50147020019986,0.0,-6918.021534427965,-81.63339940285985,-0.69226586925208,0.7069506323628181,0.14341898959161992,cross_dn
USDJPY.a,1h,-1,0.19,2016-12-07 21:00:00,113.7725697068287,2016-12-08 16:00:00,114.34832562817627,114.33100100382929,,stop,19,-10939.362505603725,-171.00000000000003,-158.16786259273422,0.0,-10939.362505603725,-128.5267226875152,-1.0310237345937387,1.0698366950065088,1.1685765291697487,cross_dn
USDJPY.a,1h,1,0.14,2016-12-08 21:00:00,114.19732104659724,2016-12-14 16:00:00,115.00921494380505,113.48955141960323,,signal,91,11366.514560909338,-126.00000000000003,-105.98157345874503,0.0,11366.514560909338,131.6695805949025,1.147116047711784,0.376282107114913,2.7137063814961047,cross_up
USDJPY.a,1h,1,0.16,2016-12-14 23:00:00,116.36551382803074,2016-12-19 17:00:00,117.17109983276382,115.68756161124477,,signal,66,12889.37607572916,-144.00000000000003,-156.80535155798825,0.0,12889.37607572916,151.65390709912197,1.1882636929077242,0.13793572130211013,3.3829613875181486,cross_up
USDJPY.a,1h,1,0.14,2016-12-20 12:00:00,118.18079612089501,2016-12-21 07:00:00,117.4387734800641,117.44544526413357,,stop,19,-10388.316971632748,-126.00000000000003,-93.40497697262666,0.0,-10388.316971632748,-121.80868137732845,-1.0090729262203502,1.041402364400098,0.0777912728040063,cross_up
USDJPY.a,1h,-1,0.19,2016-12-21 16:00:00,117.2646192129318,2016-12-21 19:00:00,117.82691504263003,117.81079825918133,,stop,3,-10683.62076426635,-171.00000000000003,-135.21888552553412,0.0,-10683.62076426635,-125.25028099678573,-1.029508241957246,1.0992380450895356,0.2556290174266785,cross_dn
USDJPY.a,1h,1,0.25,2016-12-22 16:00:00,117.63936920661384,2016-12-23 01:00:00,117.50265677464226,117.2234144942917,,signal,9,-3417.8107992893556,-225.00000000000003,-167.16126788719276,0.0,-3417.8107992893556,-40.31994109906542,-0.32867143446543845,0.9048321739467496,0.5592695226061174,cross_up
USDJPY.a,1h,1,0.34,2016-12-27 18:00:00,117.5243116956761,2016-12-28 21:00:00,117.21750439098737,117.22177173590894,,stop,27,-10431.44835941689,-306.00000000000006,-145.08972733356998,0.0,-10431.44835941689,-123.89667382115697,-1.0141050621043808,1.0488257350213168,0.9409940575882765,cross_up
USDJPY.a,1h,-1,0.24,2016-12-29 02:00:00,117.04366568074566,2017-01-02 12:00:00,117.39017648236258,117.46058143808379,,signal,58,-8316.25923880597,-216.00000000000003,-200.47115340357965,0.0,-8316.25923880597,-98.81110097118119,-0.8311290602909132,0.9770182874713741,2.414554170782322,cross_dn
USDJPY.a,1h,-1,0.15,2017-01-05 00:00:00,117.35868880201953,2017-01-09 01:00:00,117.01613164976038,118.04431511275672,,signal,49,5138.357283887202,-255.00000000000003,-183.94949281159236,0.0,5138.357283887202,60.14968357373037,0.49962661422783833,0.09671623877614885,3.3453920395110512,cross_dn
USDJPY.a,1h,-1,0.14,2017-01-09 22:00:00,116.27044348191882,2017-01-11 19:00:00,116.58793930150279,116.97549281861939,,signal,45,-4444.941474175551,-126.00000000000003,-194.3004420777336,0.0,-4444.941474175551,-51.673265518011696,-0.4503171665542705,0.824845138927023,1.529600023404937,cross_dn
USDJPY.a,1h,-1,0.1,2017-01-11 21:00:00,115.36352172472465,2017-01-19 01:00:00,114.64464945293504,116.41738321014367,,signal,124,7188.722717896071,-90.00000000000001,-112.98905870095994,0.0,7188.722717896071,83.54564342412377,0.6821316479781784,0.2452677878939461,2.654544039639459,cross_dn
USDJPY.a,1h,-1,0.12,2017-01-23 05:00:00,113.63159540284101,2017-01-25 20:00:00,113.6146925620392,114.45631115601833,,signal,63,202.83408962183103,-108.00000000000001,-136.62148894070964,0.0,202.83408962183103,2.36132193261573,0.020495353382906836,0.5352202809979255,1.3490652974125972,cross_dn
USDJPY.a,1h,-1,0.14,2017-01-26 00:00:00,113.19831337504161,2017-01-26 12:00:00,113.96517317340576,113.94808412901394,,stop,12,-10736.037177098126,-126.00000000000003,-113.24662148546933,0.0,-10736.037177098126,-124.70876766966256,-1.0227923592661956,1.3573303834093624,0.20581407613467095,cross_dn
USDJPY.a,1h,1,0.15,2017-01-26 13:00:00,114.16641750367113,2017-01-30 20:00:00,113.8577281013734,113.4779129673484,,signal,55,-4630.341034465957,-135.00000000000003,-158.15695879823193,0.0,-4630.341034465957,-53.96488788159314,-0.4483476665911719,0.7427946755479438,1.751016053965077,cross_up
USDJPY.a,1h,1,0.22,2017-02-09 15:00:00,112.37168746477388,2017-02-16 12:00:00,113.61377787500341,111.89876435736072,,signal,117,27325.989025049497,-198.00000000000003,-185.77349984969172,0.0,27325.989025049497,312.5517585070645,2.626410912809085,0.3080574040265849,5.45820767639288,cross_up
USDJPY.a,1h,1,0.33,2017-02-21 07:00:00,113.68946025451109,2017-02-22 05:00:00,113.35899855798863,113.3631195850449,,stop,22,-10905.235985241263,-297.00000000000006,-135.99389285707352,0.0,-10905.235985241263,-125.0532624806406,-1.012627991059197,1.1198734595626416,0.255989379520351,cross_up
USDJPY.a,1h,-1,0.28,2017-02-22 15:00:00,113.04104269512784,2017-02-22 18:00:00,113.43640703472585,113.42229104048161,,stop,3,-11070.201508744107,-252.00000000000006,-143.2478388384422,0.0,-11070.201508744107,-127.12322713277786,-1.037025719367089,1.0595647424969428,0.35945780958257373,cross_dn
USDJPY.a,1h,1,0.22,2017-02-28 08:00:00,112.56655304847804,2017-02-28 09:00:00,112.47540931212752,112.09820501257066,,signal,1,-2005.1621997113787,-198.00000000000003,-157.99026638875858,0.0,-2005.1621997113787,-23.23789680197915,-0.1946068508090022,0.21896760659913062,0.0308466149408986,cross_up
USDJPY.a,1h,1,0.17,2017-03-01 04:00:00,113.14503496237676,2017-03-06 10:00:00,113.68639999054385,112.52817814159123,,signal,78,9203.205478840573,-153.00000000000003,-122.40032150930506,0.0,9203.205478840573,106.70691667487527,0.8776186141180995,0.622567424783785,2.5937380988764844,cross_up
USDJPY.a,1h,1,0.29,2017-03-07 18:00:00,114.06182048946519,2017-03-08 05:00:00,113.8275901383055,113.69974180276179,,signal,11,-6792.680183631162,-261.0,-139.77197828133941,0.0,-6792.680183631162,-78.5207489152326,-0.6469045535164796,0.8722426949253282,0.19658575096719838,cross_up
USDJPY.a,1h,1,0.29,2017-03-08 16:00:00,114.21920732026194,2017-03-13 13:00:00,114.61375431966022,113.85755304165994,,signal,69,11441.862982549907,-261.0,-188.24945970741103,0.0,11441.862982549907,131.85293651755438,1.0909507304141903,0.036519187089378936,3.541483553544667,cross_up
USDJPY.a,1h,1,0.31,2017-03-14 03:00:00,114.92165002055195,2017-03-14 17:00:00,114.57334885790064,114.57753569492951,,stop,14,-10797.336042190622,-279.00000000000006,-129.79194789488355,0.0,-10797.336042190622,-124.48860201797213,-1.0121669942723104,1.0713009982514698,0.7827339909805993,cross_up
USDJPY.a,1h,-1,0.3,2017-03-14 21:00:00,114.65923985713624,2017-03-29 01:00:00,111.14541367079273,115.0118269239681,,signal,242,105414.78559030523,-270.00000000000006,-204.82024756454643,0.0,105414.78559030523,1243.286111198309,9.965839694339028,0.628951438452819,12.91380281769549,cross_dn
USDJPY.a,1h,-1,0.25,2017-04-03 08:00:00,111.25358151930192,2017-04-05 19:00:00,111.17369146896895,111.69144932474232,,signal,59,1997.2512583240841,-225.00000000000003,-184.5734484475489,0.0,1997.2512583240841,23.713712524627297,0.18245244190220933,0.7546078441774287,2.2577168428896197,cross_dn
USDJPY.a,1h,-1,0.2,2017-04-06 02:00:00,110.50880338830049,2017-04-06 19:00:00,111.04730096800438,111.03254388262692,,stop,17,-10769.951594077726,-180.00000000000003,-115.14170754914204,0.0,-10769.951594077726,-128.54187034468973,-1.0281763307159066,1.2013518498482811,0.4254079848972386,cross_dn
USDJPY.a,1h,1,0.25,2017-04-07 03:00:00,110.85620421114545,2017-04-07 05:00:00,110.42701950521047,110.4329331150338,,stop,2,-10729.617648374657,-225.00000000000003,-147.84024558353545,0.0,-10729.617648374657,-129.40272746969077,-1.0139712110693668,1.4487268721597526,0.3231871727391909,cross_up
USDJPY.a,1h,-1,0.21,2017-04-07 06:00:00,110.29091919391888,2017-04-07 17:00:00,110.80370924329617,110.78780081861179,,stop,11,-10768.591036923026,-189.00000000000003,-145.07691837207057,0.0,-10768.591036923026,-129.66917401805105,-1.0320165284723808,1.3727229428189773,0.3319084178667396,cross_dn
USDJPY.a,1h,1,0.17,2017-04-07 22:00:00,111.3397911744193,2017-04-11 02:00:00,110.71770154123082,110.72276498201552,,stop,28,-10575.523764204165,-153.00000000000003,-86.07849333990728,0.0,-10575.523764204165,-127.14038367329228,-1.0082062007205397,1.1082044536155153,0.3828181501671383,cross_up
USDJPY.a,1h,-1,0.24,2017-04-11 05:00:00,110.76073022852187,2017-04-18 07:00:00,108.98115483467477,111.18612308359455,,signal,122,42709.80945233032,-216.00000000000003,-151.43206438893537,0.0,42709.80945233032,519.0011110140275,4.183369261204494,0.19339716334464757,6.186587755622216,cross_dn
USDJPY.a,1h,-1,0.21,2017-04-18 20:00:00,108.39806421117886,2017-04-19 12:00:00,108.90912548349209,108.89527926438474,,stop,16,-10732.286718577783,-189.00000000000003,-101.7706012543505,0.0,-10732.286718577783,-131.21282146316094,-1.0278475460830767,1.1341888890633336,0.16303651841631583,cross_dn
USDJPY.a,1h,1,0.25,2017-04-19 16:00:00,109.05330330650293,2017-05-05 14:00:00,112.23708158019126,108.63497797075898,,signal,286,79594.45684220831,-225.00000000000003,-145.92099043690905,0.0,79594.45684220831,957.9829676498326,7.6107708561958,0.8828136260170911,9.539696385828679,cross_up
USDJPY.a,1h,1,0.26,2017-05-05 17:00:00,112.54828183247807,2017-05-12 08:00:00,113.69322659420423,112.12848408949186,,signal,111,29768.5638048803,-234.00000000000003,-144.2171013793894,0.0,29768.5638048803,354.7617872556082,2.727372361703692,0.3698967778470646,4.3276034658948275,cross_up
USDJPY.a,1h,1,0.28,2017-05-16 05:00:00,113.70821435230218,2017-05-16 06:00:00,113.52282667286225,113.30441411316721,,signal,1,-5190.855024317955,-252.00000000000006,-177.7063197136886,0.0,-5190.855024317955,-61.77236117156189,-0.4591074037922074,0.5428782131773423,0.0,cross_up
USDJPY.a,1h,1,0.19,2017-05-23 23:00:00,111.74047555766441,2017-05-26 10:00:00,111.41234105793107,111.14852108363702,,signal,59,-6234.555494933416,-171.00000000000003,-101.0397986194643,0.0,-6234.555494933416,-75.30989804797673,-0.5543238781537704,0.5819291394501248,0.6495844853058712,cross_up
USDJPY.a,1h,1,0.31,2017-06-01 16:00:00,111.15006454463207,2017-06-02 16:00:00,110.79683434397829,110.8020420687602,,stop,24,-10950.136220267283,-279.00000000000006,-161.43946823907206,0.0,-10950.136220267283,-133.50887733835165,-1.014963759937817,1.6265172047120096,1.5974125061181486,cross_up
USDJPY.a,1h,-1,0.22,2017-06-02 20:00:00,110.49530392930903,2017-06-08 15:00:00,110.10875399476001,110.97600951609107,,signal,91,8504.098560078517,-198.00000000000003,-165.17576944021093,0.0,8504.098560078517,102.37786627912506,0.8041303142255645,0.48407190823116647,2.8797333906100477,cross_dn
USDJPY.a,1h,-1,0.27,2017-06-12 18:00:00,109.77970335042102,2017-06-13 11:00:00,110.19862089370864,110.18570282794029,,stop,17,-11310.773668765734,-243.00000000000003,-105.787775745363,0.0,-11310.773668765734,-135.9705341290573,-1.0318179369275988,1.2002395977365437,0.3711909959634301,cross_dn
USDJPY.a,1h,1,0.4,2017-06-14 12:00:00,110.18708420155896,2017-06-14 16:00:00,109.90543851502133,109.91039594398552,,stop,4,-11265.827461505183,-360.00000000000006,-198.29715856766288,0.0,-11265.827461505183,-135.06812799069814,-1.0179170197089908,3.0434403286357434,0.5490503998013583,cross_up
USDJPY.a,1h,-1,0.26,2017-06-14 17:00:00,109.3786354011174,2017-06-14 23:00:00,109.81044760700776,109.7941190803493,,stop,6,-11227.11735314917,-234.00000000000003,-190.5416931200057,0.0,-11227.11735314917,-134.8621958288218,-1.039300043478583,1.165784898646404,1.3806448478984228,cross_dn
USDJPY.a,1h,1,0.18,2017-06-15 19:00:00,110.63178653478668,2017-06-22 06:00:00,111.12611985527394,110.0215433941004,,signal,107,8897.99976877063,-162.00000000000003,-103.6852101384088,0.0,8897.99976877063,106.18027759414302,0.8100596098979994,0.18482229011183818,1.8864832530828006,cross_up
USDJPY.a,1h,1,0.32,2017-06-23 06:00:00,111.3225832707896,2017-06-23 14:00:00,111.20071874959956,110.97559816294073,,signal,8,-3899.6646780810806,-288.00000000000006,-146.00002562815453,0.0,-3899.6646780810806,-46.350017552015544,-0.351209658378519,0.47144176245407665,0.12512562708978608,cross_up
USDJPY.a,1h,1,0.47,2017-06-26 09:00:00,111.3247022449276,2017-06-30 07:00:00,111.82819226670239,111.09115933666985,,signal,94,23664.031023415348,-423.00000000000006,-357.9269299746577,0.0,23664.031023415348,274.8408515765672,2.1558780162963678,0.18284539336329986,6.839418790270305,cross_up
USDJPY.a,1h,1,0.22,2017-06-30 21:00:00,112.36190417041836,2017-07-12 05:00:00,113.67089498791435,111.85270782829934,,signal,176,28797.79798491191,-198.00000000000003,-136.62053176884535,0.0,28797.79798491191,331.09911002363043,2.570699569538646,0.4907815507440398,4.1793226964781525,cross_up
USDJPY.a,1h,1,0.31,2017-07-20 17:00:00,112.23412651370158,2017-07-20 18:00:00,111.84107029169083,111.84670007863232,,stop,1,-12184.74288233344,-279.00000000000006,-174.5233951864409,0.0,-12184.74288233344,-136.9775808694575,-1.014531241112887,1.595468088260635,0.08226977669380002,cross_up
USDJPY.a,1h,-1,0.25,2017-07-20 19:00:00,111.73704060808383,2017-07-25 19:00:00,111.62932382770732,112.2151489117915,,signal,72,2692.9195094126612,-225.00000000000003,-166.1913853661556,0.0,2692.9195094126612,30.369336071639555,0.2252978656534012,0.7047762804015085,2.340558821935978,cross_dn
USDJPY.a,1h,-1,0.25,2017-07-27 04:00:00,111.14913917729277,2017-07-27 18:00:00,111.63224107501802,111.61722613366746,,stop,14,-12077.547443131209,-225.00000000000003,-150.37353376403792,0.0,-12077.547443131209,-135.77178772025945,-1.0320772479259992,1.0999255922335553,0.7971578190999258,cross_dn
USDJPY.a,1h,1,0.28,2017-08-02 12:00:00,110.80034158365218,2017-08-02 18:00:00,110.37075155793868,110.37644066220486,,stop,6,-12028.520719978247,-252.00000000000006,-159.2949194531419,0.0,-12028.520719978247,-136.7521106556887,-1.013420834865745,1.052938460544597,0.4238217169578482,cross_up
USDJPY.a,1h,-1,0.26,2017-08-03 19:00:00,110.03353373322592,2017-08-04 16:00:00,110.48532041148833,110.4714589888184,,stop,21,-11746.453634822614,-234.00000000000003,-126.39698941819486,0.0,-11746.453634822614,-133.9959740606394,-1.0316524851967712,1.6817168166693146,0.44193325403004,cross_dn
USDJPY.a,1h,1,0.25,2017-08-04 21:00:00,110.81240343155305,2017-08-08 15:00:00,110.35386257217385,110.35684575247316,,stop,42,-11463.521484479956,-225.00000000000003,-74.57950748257964,0.0,-11463.521484479956,-130.9573373198747,-1.0065484140347176,1.1642947883665047,0.2274060414395494,cross_up
USDJPY.a,1h,-1,0.46,2017-08-08 16:00:00,110.32994041219567,2017-08-08 18:00:00,110.59355522311402,110.58059835827525,,stop,2,-12126.281302244337,-414.00000000000006,-182.01578258315453,0.0,-12126.281302244337,-138.68748427665219,-1.0516914186899804,1.967061469688165,0.34285931700877426,cross_dn
USDJPY.a,1h,1,0.3,2017-08-14 15:00:00,109.73191160150068,2017-08-17 06:00:00,109.69564760146703,109.35751518260085,,signal,63,-1087.9200010096213,-270.00000000000006,-201.14391197767634,0.0,-1087.9200010096213,-12.487661226179483,-0.09685990090454373,0.8304342290834205,3.240117525867298,cross_up
USDJPY.a,1h,1,0.26,2017-08-22 19:00:00,109.45534336139114,2017-08-23 16:00:00,109.02288884387679,109.0275090435004,,stop,21,-11243.817455373319,-234.00000000000003,-120.12519021401862,0.0,-11243.817455373319,-130.51986424740653,-1.0107990393253032,1.0315754088335096,0.8546687895715593,cross_up
USDJPY.a,1h,-1,0.28,2017-08-23 19:00:00,109.00675791822812,2017-08-24 12:00:00,109.41886783152025,109.4056648539078,,stop,17,-11539.077572179565,-252.00000000000006,-117.68337314843262,0.0,-11539.077572179565,-133.7667348126439,-1.0330978893359055,1.0208949640797937,0.40800974781451044,cross_dn
USDJPY.a,1h,1,0.29,2017-08-24 21:00:00,109.32408320994114,2017-08-28 03:00:00,109.15179321512653,108.93541404638468,,signal,31,-4996.4098496235465,-28.999999999999996,-185.9935226611871,0.0,-4996.4098496235465,-57.64559959898857,-0.44328187304105104,0.6125600697585423,1.3273931621897908,cross_up
USDJPY.a,1h,1,0.22,2017-08-29 23:00:00,109.6866317019607,2017-09-04 04:00:00,109.73035387203429,109.171501659135,,signal,76,961.8877416187388,-22.0,-160.42963049135665,0.0,961.8877416187388,10.997496733175215,0.08487598555453048,0.2846498743431161,1.9128534857608661,cross_up
USDJPY.a,1h,1,0.22,2017-09-11 16:00:00,108.83567565330965,2017-09-25 19:00:00,111.62214790704904,108.32277743908503,,signal,243,61302.38958226659,-1100.0,-169.49208984222923,0.0,61302.38958226659,691.8036512016133,5.432797729568765,0.17289132785090053,7.565486170694647,cross_up
USDJPY.a,1h,1,0.25,2017-09-26 21:00:00,112.13761402989185,2017-09-29 14:00:00,112.44379656166825,111.66826520686716,,signal,65,7654.563294410011,-25.0,-160.17191658773885,0.0,7654.563294410011,86.8411674443376,0.6523560234011597,0.037528654654619076,2.384976621213927,cross_up
USDJPY.a,1h,1,0.25,2017-10-02 04:00:00,112.81954869098419,2017-10-04 07:00:00,112.6723528112292,112.36098390597456,,signal,51,-3679.8969938747205,-25.0,-132.3594385395776,0.0,-3679.8969938747205,-41.57117598770999,-0.32099255016256495,0.6793995116255057,0.818753034007874,cross_up
USDJPY.a,1h,1,0.41,2017-10-06 01:00:00,112.79218011372477,2017-10-09 00:00:00,112.50293054431968,112.50779238320496,,stop,23,-11859.232345608547,-41.0,-199.33539429607575,0.0,-11859.232345608547,-135.36616499134516,-1.0170958109774615,1.0731127997925867,2.277945975697084,cross_up
USDJPY.a,1h,-1,0.26,2017-10-09 02:00:00,112.49263486132105,2017-10-17 08:00:00,112.13132254914876,112.93299943755068,,signal,150,9394.120116479484,-26.0,-120.7725557350951,0.0,9394.120116479484,106.74435300835529,0.8204845068734206,0.7592916340859216,1.908952051771539,cross_dn
USDJPY.a,1h,-1,0.27,2017-10-26 06:00:00,113.54577335297098,2017-10-26 18:00:00,113.99458354209011,113.96451017698352,,signal,12,-12117.87510621649,-1350.0,-193.51127286633502,0.0,-12117.87510621649,-138.60702444754816,-1.07181925109526,0.9987816285689035,0.491414514250642,cross_dn
USDJPY.a,1h,-1,0.3,2017-10-30 03:00:00,113.71792365062075,2017-11-01 02:00:00,113.64544184647895,114.10243164720814,,signal,47,2174.454124254055,-30.0,-146.51078873683306,0.0,2174.454124254055,24.978321727978205,0.1885053231274704,0.30188279674145846,1.9867562115763058,cross_dn
USDJPY.a,1h,-1,0.28,2017-11-06 22:00:00,113.76493943041396,2017-11-07 10:00:00,114.17598680171896,114.17123052119803,,stop,12,-11509.326396540077,-28.000000000000004,-105.1758545862542,0.0,-11509.326396540077,-131.48677620710177,-1.011706583355687,1.0166616471675687,0.1869089235193876,cross_dn
USDJPY.a,1h,1,0.34,2017-11-07 15:00:00,114.14060400839118,2017-11-07 21:00:00,113.8449636423415,113.80622963964993,,signal,6,-10051.772445689181,-34.0,-206.47232077829645,0.0,-10051.772445689181,-115.52244980578642,-0.8841597732583893,0.9498455566041221,0.47071787290795736,cross_up
USDJPY.a,1h,1,0.37,2017-11-13 08:00:00,113.68453184676645,2017-11-13 09:00:00,113.49938899943115,113.37805908913171,,signal,1,-6850.285351406086,-37.0,-193.21404209464512,0.0,-6850.285351406086,-78.83095959876472,-0.6041086612858374,0.6347443350847548,0.008053418034931087,cross_up
USDJPY.a,1h,1,0.38,2017-11-14 02:00:00,113.60725147034539,2017-11-14 18:00:00,113.3098840897371,113.31360976119832,,stop,16,-11299.960463115127,-1900.0,-141.57551552674522,0.0,-11299.960463115127,-130.71311208416944,-1.0126878142483482,1.0156985913605874,1.0378243967446295,cross_up
USDJPY.a,1h,-1,0.35,2017-11-14 22:00:00,113.35752110661176,2017-11-21 08:00:00,112.58134509530232,113.68046641764829,,signal,106,27166.16039583009,-35.0,-164.156671162467,0.0,27166.16039583009,320.02551012382526,2.403428644986965,0.4287998266448687,4.559660897027756,cross_dn
USDJPY.a,1h,-1,0.34,2017-11-21 18:00:00,112.24216336160332,2017-11-29 01:00:00,111.47677620869867,112.56950901493948,,signal,127,26023.163198758142,-34.0,-256.7821915090063,0.0,26023.163198758142,307.08373635691754,2.338161955425872,0.8609756553182392,4.277323823711888,cross_dn
USDJPY.a,1h,-1,0.29,2017-12-06 06:00:00,112.21499273931448,2017-12-07 09:00:00,112.60712661702246,112.60240047689629,,stop,27,-11371.882453531327,-28.999999999999996,-108.05806365854703,0.0,-11371.882453531327,-133.98253469029657,-1.0121993952822597,1.0221976028599473,0.5756021826161577,cross_dn
USDJPY.a,1h,1,0.36,2017-12-07 12:00:00,112.6723931680897,2017-12-13 15:00:00,113.33100481624894,112.35818891100318,,signal,99,23710.01933373253,-36.0,-143.65323007674868,0.0,23710.01933373253,276.4822655928216,2.096125794940738,0.3258809063860365,3.4328205540936176,cross_up
USDJPY.a,1h,1,0.56,2017-12-19 16:00:00,112.64872557433448,2017-12-26 19:00:00,113.22205189624651,112.44228807036001,,signal,98,32106.27402707394,-56.00000000000001,-106.18762039047138,0.0,32106.27402707394,367.0359243711799,2.777239168629633,0.018046984015764114,4.787281412721113,cross_up
USDJPY.a,1h,1,0.63,2017-12-28 01:00:00,113.3487176303717,2017-12-28 01:00:00,113.15681946594572,113.15939591150325,,stop,0,-12089.584358836659,-63.0,-162.316070124715,0.0,-12089.584358836659,-137.4656390543863,-1.013608821919303,1.2397818474001614,0.0,cross_up
USDJPY.a,1h,-1,0.57,2017-12-28 03:00:00,113.21737847177134,2018-01-04 06:00:00,112.64910920081995,113.42597495385688,,signal,98,32391.348444229236,-56.99999999999999,-240.4488934744574,0.0,32391.348444229236,367.1061611935599,2.7242514603786994,0.23308891762003325,5.572378115632243,cross_dn
USDJPY.a,1h,-1,0.38,2018-01-09 07:00:00,112.62352155770682,2018-01-09 11:00:00,112.94877312759853,112.94390569331324,,stop,4,-12359.559655884794,-38.0,-146.96250284076956,0.0,-12359.559655884794,-139.88970748122102,-1.015192494709748,1.0471131526478126,0.16705433184300877,cross_dn
USDJPY.a,1h,1,0.26,2018-01-18 00:00:00,111.14169388806945,2018-01-19 10:00:00,110.67773806796909,110.6827842983425,,stop,34,-12062.851322609533,-26.0,-131.20198970851362,0.0,-12062.851322609533,-135.94760137649237,-1.0109961318882261,1.0431115382754843,0.7415537167855234,cross_up
USDJPY.a,1h,-1,0.28,2018-01-19 11:00:00,110.68549471453075,2018-01-22 19:00:00,111.16422247044122,111.1095191977837,,stop,32,-13404.377165493144,-1400.0000000000002,-131.69163441076236,0.0,-13404.377165493144,-150.6874877933601,-1.1290097030196404,1.1355601020378205,0.461045817522125,cross_dn
USDJPY.a,1h,1,0.31,2018-01-22 21:00:00,111.12701154108547,2018-01-23 06:00:00,110.73433276220962,110.73898485388182,,stop,9,-12173.042145151272,-31.0,-144.2148418383583,0.0,-12173.042145151272,-137.60798326347427,-1.0119891023623262,1.4947722932805918,0.0231645379324451,cross_up
USDJPY.a,1h,-1,0.26,2018-01-23 14:00:00,110.63732694522571,2018-01-31 20:00:00,109.36770855834303,111.08568045038686,,signal,150,33010.07805894977,-1300.0,-192.84503383813598,0.0,33010.07805894977,374.8243540605215,2.831735164926047,0.01488346739231552,5.253280989470888,cross_dn
USDJPY.a,1h,-1,0.21,2018-02-06 02:00:00,109.12461732037123,2018-02-07 01:00:00,109.68392559273087,109.67482225772079,,stop,23,-11745.473719552521,-21.0,-170.17003521169462,0.0,-11745.473719552521,-135.43518266158094,-1.0165453531804605,1.0639357081175247,1.2152150498541099,cross_dn
USDJPY.a,1h,1,0.21,2018-02-08 09:00:00,109.65834451814808,2018-02-08 19:00:00,109.09861958731886,109.10558409545096,,stop,10,-11754.223547413601,-1050.0,-146.25467077407492,0.0,-11754.223547413601,-138.4520122653457,-1.0125995057643917,1.395440929696835,0.22732358666129382,cross_up
USDJPY.a,1h,-1,0.18,2018-02-08 21:00:00,108.66982281675399,2018-02-09 11:00:00,109.35530295128864,109.29831312926956,,stop,14,-12338.642421623574,-900.0,-125.81679634353519,0.0,-12338.642421623574,-145.00801513192292,-1.0906773276917692,1.0185951485611069,0.2765719905184568,cross_dn
USDJPY.a,1h,1,0.27,2018-02-19 18:00:00,106.67225519462976,2018-02-22 18:00:00,106.85405058363108,106.26514687676426,,signal,72,4908.475503035718,-1350.0,-213.26848392216894,0.0,4908.475503035718,58.48483359121882,0.44655287308914027,0.437856921136774,3.0280511384135838,cross_up
USDJPY.a,1h,1,0.28,2018-02-27 05:00:00,107.02713400096957,2018-02-28 19:00:00,106.62260530063253,106.62803833101914,,stop,38,-11326.803609437095,-1400.0000000000002,-152.12485082515917,0.0,-11326.803609437095,-136.20429217212862,-1.0136133533778686,1.157952931503801,1.6258407391667078,cross_up
USDJPY.a,1h,-1,0.24,2018-02-28 20:00:00,106.61739955261781,2018-03-01 18:00:00,107.07879205506381,107.07275253221773,,stop,22,-11073.420058704072,-24.0,-120.94854830590394,0.0,-11073.420058704072,-133.5285635557763,-1.0132633871230774,1.2882323684311334,0.16119264813486975,cross_dn
USDJPY.a,1h,1,0.29,2018-03-06 04:00:00,106.31792758726479,2018-03-06 12:00:00,105.93852196785757,105.9429401758938,,stop,8,-11002.762962809455,-28.999999999999996,-128.12803305058299,0.0,-11002.762962809455,-133.8993060635789,-1.0117822836240666,1.2238479835547187,0.39487302305385236,cross_up
USDJPY.a,1h,-1,0.21,2018-03-07 03:00:00,105.57490905073504,2018-03-07 19:00:00,106.09976052244845,106.092820093358,,stop,16,-11021.88090598149,-21.0,-124.74901089940757,0.0,-11021.88090598149,-133.46191149849454,-1.0134008131112613,1.2494248934870429,0.13498273831157434,cross_dn
USDJPY.a,1h,1,0.25,2018-03-08 03:00:00,106.18438646526354,2018-03-13 03:00:00,106.29042160890025,105.75489890683325,,signal,71,2650.8785909175713,-25.0,-128.91955498791876,0.0,2650.8785909175713,31.641883944180094,0.24688757929157093,0.6831081820759038,2.024770025736599,cross_up
USDJPY.a,1h,1,0.32,2018-03-13 09:00:00,106.78278159463821,2018-03-14 01:00:00,106.43266304490488,106.4377853371636,,stop,16,-11203.793591466365,-32.0,-163.9133522790324,0.0,-11203.793591466365,-133.93579867829928,-1.014847385001258,1.1269153975295547,1.4818085538200896,cross_up
USDJPY.a,1h,-1,0.26,2018-03-14 07:00:00,106.45170578677225,2018-03-20 05:00:00,106.24811592946921,106.87560562681237,,signal,94,5293.336289879136,-26.0,-162.0283323985174,0.0,5293.336289879136,64.67097924654362,0.4802782121450534,0.6258417394133428,2.0021375490302806,cross_dn
USDJPY.a,1h,-1,0.25,2018-03-21 23:00:00,105.91058514774403,2018-03-27 03:00:00,105.55005179338936,106.34096088061148,,signal,76,9013.333858866801,-25.0,-152.58966946749578,0.0,9013.333858866801,110.23658208326574,0.8377176657999778,0.4075853698516867,2.9731814552335254,cross_dn
USDJPY.a,1h,-1,0.38,2018-04-02 20:00:00,106.01140770566444,2018-04-03 15:00:00,106.29712213146222,106.29200116055603,,stop,19,-10857.148180315562,-38.0,-156.59689443482173,0.0,-10857.148180315562,-132.684727375745,-1.0182505002056066,1.0427623639639485,1.2595008882191634,cross_dn
USDJPY.a,1h,1,0.24,2018-04-03 18:00:00,106.61106036032092,2018-04-04 11:00:00,106.16720538027005,106.17195149526177,,stop,17,-10652.519521220936,-24.0,-113.90675980138484,0.0,-10652.519521220936,-130.6503324247222,-1.0108085155399422,1.4143653424925946,0.17294034742124267,cross_up
USDJPY.a,1h,-1,0.32,2018-04-09 22:00:00,106.77331331242891,2018-04-10 05:00:00,107.16063897300403,107.1061310191854,,stop,7,-12394.421138403686,-1600.0,-144.25452219631978,0.0,-12394.421138403686,-149.5016301073414,-1.1637772050947714,1.414247733866747,0.47267110263461193,cross_dn
USDJPY.a,1h,1,0.28,2018-04-10 15:00:00,107.0610109955792,2018-04-11 15:00:00,106.85043777925965,106.68667367203308,,signal,24,-5896.050056947274,-28.000000000000004,-143.48436145959988,0.0,-5896.050056947274,-71.22776389699985,-0.5625226315259605,0.8361736217324608,0.9028995591970893,cross_up
USDJPY.a,1h,1,0.28,2018-04-12 17:00:00,107.42769499760469,2018-04-16 20:00:00,107.11355394379085,107.04013493782968,,signal,51,-8795.949506787565,-28.000000000000004,-136.9791477127568,0.0,-8795.949506787565,-105.62562029755203,-0.8105609592386994,0.8945581177945708,0.9064530607185063,cross_up
USDJPY.a,1h,1,0.37,2018-04-18 09:00:00,107.39385814053313,2018-04-18 17:00:00,107.10254222149636,107.10528877438655,,stop,8,-10778.689004360203,-37.0,-101.62245693714897,0.0,-10778.689004360203,-128.99815208878766,-1.0095178255643118,1.025258309583873,0.0,cross_up
USDJPY.a,1h,-1,0.35,2018-04-30 01:00:00,109.07764026978619,2018-04-30 12:00:00,109.31080447556226,109.3797329133968,,signal,11,-8160.74720216271,-35.0,-126.31328935788615,0.0,-8160.74720216271,-98.8507211690883,-0.7718301345881926,0.8320617384440714,0.1874930455413361,cross_dn
USDJPY.a,1h,-1,0.3,2018-05-03 15:00:00,109.21927340594331,2018-05-09 04:00:00,109.61660351607728,109.56181073839944,,stop,85,-11919.90330401893,-1500.0,-143.78333033518695,0.0,-11919.90330401893,-146.3876214981237,-1.1599614771474567,1.2282649340435612,1.6677697635088509,cross_dn
USDJPY.a,1h,1,0.25,2018-05-09 05:00:00,109.54811124332439,2018-05-11 04:00:00,109.23502652604732,109.14560186018004,,signal,47,-7827.117931926608,-25.0,-148.67369763374504,0.0,-7827.117931926608,-95.04798608372398,-0.7778320963136044,0.879758977438274,1.1698826819814772,cross_up
USDJPY.a,1h,1,0.33,2018-05-14 15:00:00,109.55309641679857,2018-05-23 02:00:00,110.82168644426193,109.23363620019276,,signal,155,41863.47090629092,-33.0,-152.69467871269174,0.0,41863.47090629092,498.86398000029743,3.971042281702098,0.41349880182908677,5.768804650487886,cross_up
USDJPY.a,1h,1,0.24,2018-06-01 07:00:00,109.15931417651392,2018-06-07 23:00:00,109.69218249511046,108.72789931543596,,signal,112,12788.839646317001,-24.0,-135.2402346976338,0.0,12788.839646317001,152.93347386070062,1.2351644940211173,0.29510846287447473,2.5652473369157245,cross_up
USDJPY.a,1h,1,0.27,2018-06-11 13:00:00,110.08461271506856,2018-06-14 10:00:00,110.04335555869962,109.69340374076917,,signal,69,-1113.9432219614491,-1350.0,-142.7998302212116,0.0,-1113.9432219614491,-13.401882194375451,-0.10546065933898759,0.6150490680830503,1.95135422519021,cross_up
USDJPY.a,1h,1,0.29,2018-06-14 21:00:00,110.56894605960865,2018-06-19 02:00:00,110.19296040696088,110.19637659114295,,stop,53,-10903.583926785343,-28.999999999999996,-99.06934128019356,0.0,-10903.583926785343,-133.72985563937868,-1.009169254249792,1.2479446088896469,0.8993059516421291,cross_up
USDJPY.a,1h,-1,0.36,2018-06-19 03:00:00,110.13061379074442,2018-06-20 22:00:00,110.4233833589349,110.41868201517298,,stop,43,-10539.704454857258,-36.0,-133.24837542913065,0.0,-10539.704454857258,-129.56981780027033,-1.0163202441756596,1.1121886486825356,2.0120712442137707,cross_dn
USDJPY.a,1h,1,0.33,2018-06-20 23:00:00,110.40338559375739,2018-06-21 17:00:00,110.08653096922234,110.09155468650664,,stop,18,-10456.202609656786,-1650.0,-165.78267038197504,0.0,-10456.202609656786,-128.86386972886396,-1.0161103892125194,1.7682198298387537,1.1404078235152284,cross_up
USDJPY.a,1h,-1,0.27,2018-06-21 22:00:00,109.86087210548229,2018-06-26 21:00:00,110.16390866959911,110.24675503123038,,signal,71,-8181.987231154224,-27.0,-157.06815835219223,0.0,-8181.987231154224,-100.48323269066162,-0.7853070034890536,0.9254824991942074,1.279849593046484,cross_dn
USDJPY.a,1h,-1,0.36,2018-07-03 23:00:00,110.59484419430191,2018-07-05 19:00:00,110.6052532906733,110.88343538243461,,signal,44,-374.7274693700433,-36.0,-162.2369284776714,0.0,-374.7274693700433,-4.5851437509292,-0.03606865628414065,0.38863212152724896,1.0978997534610009,cross_dn
USDJPY.a,1h,-1,0.34,2018-07-06 18:00:00,110.45060270108532,2018-07-09 18:00:00,110.75952051411967,110.75559793082333,,stop,24,-10503.205643168087,-34.0,-99.36783207575397,0.0,-10503.205643168087,-126.95043329900696,-1.0128611299911587,1.1816489694749304,0.3659162183657204,cross_dn
USDJPY.a,1h,1,0.42,2018-07-09 20:00:00,110.82597682509211,2018-07-20 00:00:00,112.45468790463227,110.5778120068304,,signal,196,68405.86534068643,-42.0,-278.2160108890985,0.0,68405.86534068643,826.9794267946652,6.563021668214556,0.2739180580400766,9.477665655360749,cross_up
USDJPY.a,1h,1,0.32,2018-07-27 03:00:00,111.21023392660219,2018-07-27 05:00:00,110.96776135920526,110.87689449586021,,signal,2,-7759.122156701778,-32.0,-143.27301086322916,0.0,-7759.122156701778,-94.62923129805067,-0.7274043963452407,0.7506880480512078,0.0,cross_up
USDJPY.a,1h,1,0.36,2018-07-27 13:00:00,111.20026801352242,2018-07-27 16:00:00,110.90337095240162,110.9070751027526,,stop,3,-10688.294200348877,-36.0,-133.3494126354177,0.0,-10688.294200348877,-130.05967444470957,-1.0126338332712694,1.0104883257392874,0.18667568166594117,cross_up
USDJPY.a,1h,-1,0.34,2018-07-27 18:00:00,110.96453237615879,2018-07-30 14:00:00,111.10201192562964,111.27398782477852,,signal,20,-4674.304682009023,-34.0,-136.81094281531907,0.0,-4674.304682009023,-56.89350872410343,-0.44426281742349805,0.6510391875141345,0.5413780138822472,cross_dn
USDJPY.a,1h,-1,0.41,2018-07-30 17:00:00,110.96897376799988,2018-07-31 06:00:00,111.22995618172085,111.22533892309225,,stop,13,-10700.27896255965,-41.0,-148.30760377260782,0.0,-10700.27896255965,-129.99871825771382,-1.0180104766068363,1.0064793396245801,0.6942198050892044,cross_dn
USDJPY.a,1h,1,0.23,2018-07-31 10:00:00,111.11890964743323,2018-08-02 16:00:00,111.39163062614227,110.65504746091366,,signal,54,6272.582510308056,-23.0,-108.9911974555241,0.0,6272.582510308056,76.32359941263609,0.5879353537207199,0.10544003985367212,2.22499350574514,cross_up
USDJPY.a,1h,1,0.42,2018-08-03 03:00:00,111.70303978702415,2018-08-03 15:00:00,111.44660188843275,111.4500286698259,,stop,12,-10770.391740838819,-42.0,-143.92481851203567,0.0,-10770.391740838819,-130.76850402399998,-1.0135439953433345,1.3084001631626156,0.6875595622129521,cross_up
USDJPY.a,1h,-1,0.33,2018-08-03 17:00:00,111.22346916307673,2018-08-14 10:00:00,111.09703017077078,111.54388189351707,,signal,161,4172.48674609634,-1650.0,-199.9912708721327,0.0,4172.48674609634,51.647279959792904,0.3946128861115674,0.9441910641549847,3.47510899940369,cross_dn
USDJPY.a,1h,-1,0.25,2018-08-15 21:00:00,110.66881031655075,2018-08-16 19:00:00,111.12498146119611,111.07038046432145,,stop,22,-11404.278616134177,-1250.0,-115.02492186670388,0.0,-11404.278616134177,-141.64093125745546,-1.1359687645552943,1.1335247054000819,0.5224748844392394,cross_dn
USDJPY.a,1h,1,0.32,2018-08-17 03:00:00,111.01961125343207,2018-08-17 10:00:00,110.75682574198166,110.70463896106781,,signal,7,-8409.13636641335,-32.0,-139.1525131738136,0.0,-8409.13636641335,-104.44667813117636,-0.8343131056953744,0.9575802721188664,0.10600534516004051,cross_up
USDJPY.a,1h,1,0.29,2018-08-22 19:00:00,110.550737056338,2018-08-28 19:00:00,111.04594607414894,110.1922039545013,,signal,96,14361.06151651755,-28.999999999999996,-119.12769936147899,0.0,14361.06151651755,175.89581755951752,1.381208639520552,0.4650534510867484,2.6141601399161796,cross_up
USDJPY.a,1h,1,0.4,2018-08-28 22:00:00,111.22499774602579,2018-08-30 23:00:00,111.00265928325327,110.96514957345082,,signal,49,-8893.538510901066,-40.0,-187.25733973826362,0.0,-8893.538510901066,-110.29847459125357,-0.8556475905497211,0.9120623927320854,2.316746152218964,cross_up
USDJPY.a,1h,1,0.47,2018-09-04 07:00:00,111.11178514331543,2018-09-06 15:00:00,111.29675667138139,110.89238455369141,,signal,56,8693.661819100029,-2350.0,-210.8728901496531,0.0,8693.661819100029,108.58789842752351,0.8430767136175054,0.24970371961767523,2.945365177878404,cross_up
USDJPY.a,1h,1,0.39,2018-09-10 16:00:00,111.13606640282144,2018-09-13 01:00:00,111.242996488667,110.87409962019034,,signal,57,4170.273347976917,-39.0,-156.27388397401154,0.0,4170.273347976917,52.283380764477045,0.40818184951386705,0.40870220928816403,1.965644621072701,cross_up
USDJPY.a,1h,1,0.42,2018-09-13 09:00:00,111.43387987810908,2018-09-27 07:00:00,112.70881869426547,111.19005486993102,,signal,237,53547.4302785685,-42.0,-183.22968169997702,0.0,53547.4302785685,654.3117396655641,5.228909149570555,0.25788937147565155,6.976807402170196,cross_up
USDJPY.a,1h,1,0.32,2018-09-27 17:00:00,113.11748360910549,2018-10-03 03:00:00,113.56287846532358,112.78101415887565,,signal,82,14252.635398978782,-32.0,-135.77821929099457,0.0,14252.635398978782,174.78974600441686,1.3237304483775216,0.27486480285895265,2.8071386280368333,cross_up
USDJPY.a,1h,1,0.38,2018-10-03 11:00:00,113.87920538223209,2018-10-05 01:00:00,113.8842320876119,113.59504469952738,,signal,38,191.0148044331379,-38.0,-210.36134149471084,0.0,191.0148044331379,2.369305883220983,0.01768965830168356,0.8664301475089724,2.360617279572699,cross_up
USDJPY.a,1h,1,0.36,2018-10-16 20:00:00,112.17634651803294,2018-10-19 02:00:00,112.1934453058726,111.88131488018199,,signal,54,615.5563622276645,-36.0,-183.9379771729766,0.0,615.5563622276645,7.731704059119263,0.05795577709633778,0.7739729870879392,1.8732007387161942,cross_up
USDJPY.a,1h,1,0.33,2018-10-19 07:00:00,112.38844373223704,2018-10-23 13:00:00,112.30070722016951,112.06695912193896,,signal,54,-2895.3048982282326,-1650.0,-151.32346881215227,0.0,-2895.3048982282326,-36.43011174880733,-0.27291045747469955,0.747916772793905,1.547683005110694,cross_up
USDJPY.a,1h,1,0.29,2018-10-24 14:00:00,112.68447912704897,2018-10-24 22:00:00,112.31574423323973,112.3203482818695,,stop,8,-10693.31192046816,-1450.0,-133.5174102633952,0.0,-10693.31192046816,-135.01628618128552,-1.012643940195463,1.6353438192127692,0.1634601235764283,cross_up
USDJPY.a,1h,-1,0.27,2018-10-24 23:00:00,112.14292130322919,2018-10-25 17:00:00,112.5833308065748,112.52867071914768,,stop,18,-11891.056590331744,-1350.0,-125.82236053226745,0.0,-11891.056590331744,-149.30904035550466,-1.1416984321206916,1.1408408635511553,0.8371271346200105,cross_dn
USDJPY.a,1h,1,0.28,2018-10-25 22:00:00,112.60088588431789,2018-10-26 06:00:00,112.2220888689822,112.22636172643776,,stop,8,-10606.316429399387,-28.000000000000004,-119.64000875568382,0.0,-10606.316429399387,-134.47759296401375,-1.011408763268426,1.2920017951759366,0.03501540663315944,cross_up
USDJPY.a,1h,-1,0.29,2018-10-26 07:00:00,112.16815061205132,2018-10-29 16:00:00,112.58013809395759,112.52507145463001,,stop,33,-11947.63697528171,-1450.0,-146.93254049965012,0.0,-11947.63697528171,-150.09014344312303,-1.1542824984098188,1.036222444384535,2.2165996424736805,cross_dn
USDJPY.a,1h,1,0.24,2018-10-29 18:00:00,112.47031674165429,2018-11-01 20:00:00,112.72335827077947,112.04493862346152,,signal,74,6072.9966990044195,-24.0,-126.8030025854645,0.0,6072.9966990044195,74.8395646879344,0.5948625900181208,0.6589825138284581,2.150282817159892,cross_up
USDJPY.a,1h,1,0.32,2018-11-02 12:00:00,112.88866985784911,2018-11-02 13:00:00,112.75933513199728,112.5575191356989,,signal,1,-4138.711227258682,-32.0,-170.55155217472907,0.0,-4138.711227258682,-50.55734985242702,-0.3905615093092461,0.5123644506870547,0.0,cross_up
USDJPY.a,1h,1,0.32,2018-11-02 15:00:00,112.88980868720644,2018-11-07 14:00:00,113.14161267109449,112.55929210682596,,signal,71,8057.727484417683,-32.0,-216.78904995219506,0.0,8057.727484417683,97.64742770991649,0.7618497795123845,0.35341248863212477,2.8083048412429625,cross_up
USDJPY.a,1h,1,0.23,2018-11-07 18:00:00,113.40123675606179,2018-11-13 04:00:00,113.71781492322366,112.93147514552705,,signal,82,7281.297844722886,-23.0,-100.5135317117365,0.0,7281.297844722886,89.17433169656022,0.6739123846273696,0.3730333686959103,1.7152598804763395,cross_up
USDJPY.a,1h,1,0.3,2018-11-13 06:00:00,114.04837152028163,2018-11-14 18:00:00,113.68595518304244,113.68941073131744,,stop,36,-10872.490117175887,-30.0,-103.66644824979703,0.0,-10872.490117175887,-132.47275384857613,-1.0096265340985309,1.12093446596967,0.27197533190207085,cross_up
USDJPY.a,1h,-1,0.36,2018-11-14 20:00:00,113.62743089231812,2018-11-21 09:00:00,112.8901823021037,113.91907218794591,,signal,109,26540.949247719138,-1800.0,-157.12575146629518,0.0,26540.949247719138,325.11823049123217,2.527929347685112,0.38255593207991956,4.53444320863887,cross_dn
USDJPY.a,1h,-1,0.62,2018-11-23 12:00:00,112.83265133561912,2018-11-26 03:00:00,113.05765729331283,113.00501251281149,,stop,15,-13950.369377010047,-3100.0,-163.97639108309963,0.0,-13950.369377010047,-170.37536991091886,-1.3054329365747046,2.4155594151935507,0.9958816620725326,cross_dn
USDJPY.a,1h,1,0.48,2018-11-26 04:00:00,113.22675153078656,2018-11-29 07:00:00,113.28186391675968,113.0036016248883,,signal,75,2645.3945267096515,-48.0,-205.06399107120473,0.0,2645.3945267096515,31.92695755848872,0.24697472199807485,0.27672667186652394,3.626479096892045,cross_up
USDJPY.a,1h,1,0.46,2018-11-30 20:00:00,113.63986598436348,2018-12-03 10:00:00,113.40251177048916,113.40565595107056,,stop,14,-10918.293838219,-46.0,-144.63230674468463,0.0,-10918.293838219,-130.27819474520626,-1.0134246195058125,1.1308908531352952,0.7776524902702491,cross_up
USDJPY.a,1h,-1,0.42,2018-12-04 06:00:00,113.30273061755645,2018-12-10 20:00:00,113.17702529880533,113.56033994432418,,signal,110,5279.623387546877,-2100.0,-254.1250996485604,0.0,5279.623387546877,64.88699585152364,0.4879688182425715,0.09809187718710675,4.152530620604945,cross_dn
USDJPY.a,1h,-1,0.41,2018-12-17 02:00:00,113.40395178440508,2018-12-17 05:00:00,113.49686962451241,113.66133671470165,,signal,3,-3809.631444400651,-41.0,-153.3092100176367,0.0,-3809.631444400651,-46.759866526116454,-0.36100730528500685,0.37705476961336537,0.2562379403063538,cross_dn
USDJPY.a,1h,-1,0.51,2018-12-17 12:00:00,113.3393836414564,2018-12-27 02:00:00,111.22471351275536,113.54624057317614,,signal,158,107848.17656375283,-51.0,-378.7783010456433,0.0,107848.17656375283,1373.429447815393,10.222863266511562,0.08999630028754739,15.471483671586178,cross_dn
USDJPY.a,1h,-1,0.24,2018-12-27 17:00:00,110.66842515284897,2019-01-07 03:00:00,108.48177183308,111.11592173186958,,signal,130,52479.679674455154,-24.0,-229.04798783993968,0.0,52479.679674455154,679.2554441180646,4.886413488466608,0.9755937086860508,13.350772794564373,cross_dn
USDJPY.a,1h,-1,0.18,2019-01-07 06:00:00,108.13031091207115,2019-01-07 17:00:00,108.30004455237129,108.71341568272946,,signal,11,-3055.205525402471,-18.0,-145.6038853663485,0.0,-3055.205525402471,-39.47709257442031,-0.2910860086233091,0.4745100740926362,0.19089350262986207,cross_dn
USDJPY.a,1h,-1,0.25,2019-01-09 21:00:00,108.2633911600905,2019-01-11 21:00:00,108.47482733236087,108.68718998781543,,signal,48,-5285.904306759193,-25.0,-141.36661804313403,0.0,-5285.904306759193,-67.60379957327618,-0.49890693045428985,0.7919060128390265,1.1642107712736718,cross_dn
USDJPY.a,1h,-1,0.34,2019-01-14 07:00:00,108.11258879478636,2019-01-15 03:00:00,108.43525245439959,108.43073916337327,,stop,20,-10970.564426849705,-34.0,-119.45189489462712,0.0,-10970.564426849705,-140.2695539405858,-1.0141860311096278,1.1234033982141958,0.3947466581421178,cross_dn
USDJPY.a,1h,1,0.38,2019-01-15 06:00:00,108.55618265315472,2019-01-22 19:00:00,109.3431168087531,108.27229669071139,,signal,133,29903.497912738203,-1900.0,-143.1225347651477,0.0,29903.497912738203,383.24686580692804,2.7720079880858797,0.7967377154122922,4.701949104340509,cross_up
USDJPY.a,1h,1,0.38,2019-01-23 06:00:00,109.70724307819108,2019-01-23 18:00:00,109.41351713938774,109.41770101273792,,stop,12,-11161.58567452723,-1900.0,-158.9871873070168,0.0,-11161.58567452723,-142.99026087475417,-1.0144499672047238,1.0784031594939292,1.011103244534512,cross_up
USDJPY.a,1h,-1,0.31,2019-01-28 02:00:00,109.41112313529322,2019-01-30 17:00:00,109.72096505821824,109.7697317874516,,signal,63,-9605.099610675523,-1550.0,-121.8336095308574,0.0,-9605.099610675523,-121.8729460313929,-0.8640112865658746,0.9282454918565651,0.7839273637186787,cross_dn
USDJPY.a,1h,-1,0.32,2019-01-30 23:00:00,108.95130312738881,2019-02-01 17:00:00,109.35092570411472,109.29723285150551,,stop,42,-12787.922455228909,-1600.0,-118.17128349464562,0.0,-12787.922455228909,-161.10780706948609,-1.1552131802096577,1.5081007390830363,1.3103907984382501,cross_dn
USDJPY.a,1h,1,0.29,2019-02-01 19:00:00,109.60051337445903,2019-02-08 01:00:00,109.76774131872484,109.22231497666846,,signal,102,4849.610383708722,-28.999999999999996,-131.00351395861748,0.0,4849.610383708722,62.286130405099314,0.4421698908370887,0.4429246010496895,1.4872792397509083,cross_up
USDJPY.a,1h,1,0.39,2019-02-11 06:00:00,110.0217754389437,2019-02-15 01:00:00,110.48870854460634,109.74715244988532,,signal,91,18210.3911208427,-39.0,-178.7335207052436,0.0,18210.3911208427,231.8990904206542,1.7002695486770085,0.32326295496268564,4.035439876523503,cross_up
USDJPY.a,1h,1,0.76,2019-02-18 22:00:00,110.58314180597488,2019-02-19 06:00:00,110.47948033660732,110.43644919569134,,signal,8,-7878.271671933931,-76.0,-230.9888356850142,0.0,-7878.271671933931,-100.09428520865715,-0.7066577462026744,0.8939905406373081,0.5034895342196364,cross_up
USDJPY.a,1h,1,0.58,2019-02-19 07:00:00,110.65750397315034,2019-02-22 01:00:00,110.67020312182008,110.46604207591693,,signal,66,736.5506228448737,-57.99999999999999,-208.43786887106654,0.0,736.5506228448737,9.36012903530754,0.06632728941496789,0.8748684493925352,1.527698362317398,cross_up
USDJPY.a,1h,1,0.52,2019-02-22 07:00:00,110.78462079610892,2019-02-22 19:00:00,110.5696610819206,110.57243129303032,,stop,12,-11177.905137792892,-2600.0,-144.0509777052935,0.0,-11177.905137792892,-141.56477744465266,-1.0130553635760844,1.0680113427899727,0.5767448536119932,cross_up
USDJPY.a,1h,-1,0.47,2019-02-22 21:00:00,110.65314739565461,2019-02-25 17:00:00,110.9400191782184,110.88750443110908,,stop,20,-13482.973780498269,-2350.0,-118.19311413876943,0.0,-13482.973780498269,-169.55726263851957,-1.224080096454075,1.1173234199588158,0.32065346580649834,cross_dn
USDJPY.a,1h,1,0.42,2019-02-25 18:00:00,110.91487960535339,2019-02-26 21:00:00,110.68478450958209,110.6534377408887,,signal,27,-9663.994022394774,-2100.0,-186.10119510471597,0.0,-9663.994022394774,-121.57960648178086,-0.8801004240175312,0.9557750280928604,1.2282669239072372,cross_up
USDJPY.a,1h,1,0.34,2019-02-27 22:00:00,111.08710577949975,2019-02-28 08:00:00,110.76208543161545,110.76502968272406,,stop,10,-11050.691828066363,-1700.0,-100.10453769309636,0.0,-11050.691828066363,-139.7517453186819,-1.009141476620249,1.2112223893828395,0.0,cross_up
USDJPY.a,1h,-1,0.5,2019-03-06 19:00:00,111.66630690009832,2019-03-12 08:00:00,111.34978688353881,111.88057114061242,,signal,85,15826.000827975406,-50.0,-178.6883538806461,0.0,15826.000827975406,201.24876686974127,1.4772414463564332,0.8946574540004574,4.066506375528354,cross_dn
USDJPY.a,1h,-1,0.43,2019-03-13 06:00:00,111.19298632315306,2019-03-13 10:00:00,111.36780211433843,111.44726419093345,,signal,4,-7517.079020970769,-2150.0,-154.98183310534296,0.0,-7517.079020970769,-95.73153704197198,-0.6874990446921228,0.6528829201537544,0.06286950292844526,cross_dn
USDJPY.a,1h,-1,0.43,2019-03-13 22:00:00,111.02897852428511,2019-03-14 00:00:00,111.28228986398196,111.2781217308507,,stop,2,-10892.387606964561,-43.0,-136.2297246437151,0.0,-10892.387606964561,-138.02344233548988,-1.0167298686916495,1.01556642544165,0.09223018601174834,cross_dn
USDJPY.a,1h,1,0.35,2019-03-14 07:00:00,111.5323870645495,2019-03-18 12:00:00,111.52547073801246,111.22912592602971,,signal,53,-242.07142879632212,-1750.0,-107.04833912771517,0.0,-242.07142879632212,-3.055966375998973,-0.022806504555104766,0.48930458176662905,1.218794261785668,cross_up
USDJPY.a,1h,1,0.46,2019-03-20 06:00:00,111.62877622635042,2019-03-20 16:00:00,111.39135974147952,111.39377722206035,,stop,10,-10921.158304061664,-2300.0,-111.20410671853506,0.0,-10921.158304061664,-138.0631521622583,-1.0102871949952923,1.0245840278251315,0.013718243867964833,cross_up
USDJPY.a,1h,-1,0.3,2019-03-20 22:00:00,110.60103035411434,2019-03-26 17:00:00,110.65890694051734,110.9622215615302,,signal,91,-1736.2975920899257,-30.0,-174.41643104025528,0.0,-1736.2975920899257,-21.99450147961745,-0.16023808225309716,0.9910807310254168,2.4669214970354005,cross_dn
USDJPY.a,1h,-1,0.3,2019-03-28 07:00:00,110.17927243540456,2019-03-28 15:00:00,110.5416924791862,110.53624908015607,,stop,8,-10872.601313449195,-30.0,-133.30197090365158,0.0,-10872.601313449195,-138.84349733337376,-1.0152486139083883,1.0189113768174873,0.44897176821221635,cross_dn
USDJPY.a,1h,1,0.23,2019-03-28 18:00:00,110.72023470788852,2019-04-08 10:00:00,111.44241949283055,110.26421239962136,,signal,160,16610.25005366669,-1150.0,-72.70332979450176,0.0,16610.25005366669,209.90739326709507,1.5836610881740687,0.41716096875039355,2.4182266352316346,cross_up
USDJPY.a,1h,1,0.39,2019-04-11 19:00:00,111.53682003785038,2019-04-18 10:00:00,111.90157351943067,111.25926413552651,,signal,111,14225.385781631474,-1950.0,-111.26548440781102,0.0,14225.385781631474,177.35573744743343,1.3141622229120475,0.20111277541937178,2.2632556428817474,cross_up
USDJPY.a,1h,1,0.35,2019-04-24 22:00:00,112.4152248959708,2019-04-25 00:00:00,112.10170608608531,112.1050332347006,,stop,2,-10973.158345991791,-105.0,-116.45020153511985,0.0,-10973.158345991791,-139.65116208416248,-1.0107261059232213,1.1709692468309045,0.0,cross_up
USDJPY.a,1h,-1,0.38,2019-04-25 17:00:00,111.57759830057675,2019-04-26 15:00:00,111.86366400869221,111.85930569158984,,stop,22,-10870.496908387424,-38.0,-127.61604988973716,0.0,-10870.496908387424,-138.1753460207488,-1.0154710782940382,1.6023779063797265,0.7333790563101019,cross_dn
USDJPY.a,1h,1,0.44,2019-04-29 18:00:00,111.84449872463823,2019-04-30 02:00:00,111.66270036726513,111.60297937562446,,signal,8,-7999.127724416269,-44.0,-114.36768066818597,0.0,-7999.127724416269,-101.52722590549352,-0.7527279206219257,0.8922627752939828,0.0,cross_up
USDJPY.a,1h,1,0.35,2019-05-02 09:00:00,111.60897315139921,2019-05-03 17:00:00,111.34935120097022,111.3046911577992,,signal,32,-9086.768265014767,-35.0,-115.41593208497257,0.0,-9086.768265014767,-116.41772063064845,-0.853228110402985,0.8938194080479298,0.3188714765959338,cross_up
USDJPY.a,1h,1,0.35,2019-05-15 03:00:00,109.7290323846272,2019-05-15 11:00:00,109.43084174290458,109.43394822326252,,stop,8,-10436.672460291944,-1750.0,-108.72681252783072,0.0,-10436.672460291944,-137.69953412922598,-1.010527438489331,1.104879310090334,0.0,cross_up
USDJPY.a,1h,-1,0.39,2019-05-15 12:00:00,109.4078369407308,2019-05-15 17:00:00,109.722117413516,109.6678733631615,,stop,5,-12256.938438622783,-1950.0,-165.517963825487,0.0,-12256.938438622783,-161.47882333286657,-1.2086017406617486,1.0927817596203013,0.9723135642591834,cross_dn
USDJPY.a,1h,1,0.3,2019-05-16 16:00:00,109.79835361963305,2019-05-23 12:00:00,110.1370508485697,109.46532043401218,,signal,116,10160.916868099575,-1500.0,-116.94908581731976,0.0,10160.916868099575,134.3983837621496,1.0170074441837686,0.9108810554945469,2.6263039784950535,cross_up
USDJPY.a,1h,1,0.28,2019-05-30 02:00:00,109.6443925839359,2019-05-31 03:00:00,109.28462643824922,109.28822908555144,,stop,25,-10073.452079226969,-1400.0000000000002,-100.87412446192215,0.0,-10073.452079226969,-133.56362130481006,-1.0101151502569958,1.1803359576227535,0.7934766402115943,cross_up
USDJPY.a,1h,-1,0.3,2019-05-31 06:00:00,109.26428390035885,2019-06-06 00:00:00,108.46309439385703,109.5951672593851,,signal,90,24035.68519505441,-30.0,-185.66363142163888,0.0,24035.68519505441,318.532881475488,2.4213653683268626,0.22580797009868517,4.370978052855576,cross_dn
USDJPY.a,1h,-1,0.31,2019-06-06 10:00:00,108.17041534733431,2019-06-06 21:00:00,108.54736002177724,108.49304939730382,,stop,11,-11685.284907730662,-1550.0,-133.62935867613535,0.0,-11685.284907730662,-154.48093569526822,-1.1683350671714563,1.1393238026191714,0.44761347213031244,cross_dn
USDJPY.a,1h,1,0.28,2019-06-06 23:00:00,108.5108926718912,2019-06-07 15:00:00,108.14761113574724,108.1518326300327,,stop,16,-10171.883012030834,-1400.0000000000002,-118.20183999277195,0.0,-10171.883012030834,-134.6580384173081,-1.0117570706659795,1.7542822883628815,0.295514164036725,cross_up
USDJPY.a,1h,-1,0.27,2019-06-07 20:00:00,108.12103228038946,2019-06-10 00:00:00,108.50513255805579,108.49965456295752,,stop,4,-10370.70749699103,-27.0,-120.90586765320221,0.0,-10370.70749699103,-136.53859866717738,-1.014468232194681,1.0563766001771098,0.11365490720086911,cross_dn
USDJPY.a,1h,1,0.25,2019-06-10 03:00:00,108.50281890311732,2019-06-12 10:00:00,108.33233702909953,108.09710919574529,,signal,55,-4262.046850444534,-1250.0,-83.1485450237786,0.0,-4262.046850444534,-56.585152005903055,-0.42020654403877433,0.48265767261455333,0.7324968850453802,cross_up
USDJPY.a,1h,1,0.33,2019-06-14 22:00:00,108.61292178686438,2019-06-18 06:00:00,108.30904665248516,108.31156715287376,,stop,32,-10027.879434513978,-1650.0,-83.17651282390734,0.0,-10027.879434513978,-135.44196164197845,-1.0083639012124073,1.1744361856250756,0.37191468288192703,cross_up
USDJPY.a,1h,-1,0.47,2019-06-18 08:00:00,108.3343486919535,2019-06-18 16:00:00,108.59542556602932,108.54175300626096,,stop,8,-12270.613081563823,-2350.0,-172.61030911283845,0.0,-12270.613081563823,-164.53386246490453,-1.258782272430415,1.512269930805433,1.317950848159599,cross_dn
USDJPY.a,1h,1,0.3,2019-06-19 05:00:00,108.59013749282956,2019-06-19 08:00:00,108.35598878580666,108.26926058063688,,signal,3,-7024.461210686894,-1500.0,-120.67285160054276,0.0,-7024.461210686894,-94.2783647627247,-0.7297150344126339,0.8013586614020901,0.0,cross_up
USDJPY.a,1h,1,0.26,2019-06-26 10:00:00,107.52745098712963,2019-07-02 22:00:00,107.83283003144638,107.16029019408786,,signal,108,7939.855152235538,-1300.0,-112.8383647879228,0.0,7939.855152235538,105.29477280647592,0.8317310837761933,0.33623139907421407,2.7359920555463813,cross_up
USDJPY.a,1h,1,0.49,2019-07-05 11:00:00,108.10125669328144,2019-07-10 22:00:00,108.42084758767501,107.89698359672742,,signal,83,15659.953825284958,-49.0,-210.93640784839278,0.0,15659.953825284958,207.5301675200585,1.5645275848112323,0.5691238603743372,4.355655843711512,cross_up
USDJPY.a,1h,1,0.31,2019-07-16 19:00:00,108.40625459272816,2019-07-17 17:00:00,108.08368896998891,108.08649713274689,,stop,22,-9999.534304916679,-1550.0,-87.0530454972811,0.0,-9999.534304916679,-132.04056251402596,-1.0087821649513253,1.057847384539427,0.0,cross_up
USDJPY.a,1h,-1,0.42,2019-07-18 01:00:00,107.9121691787136,2019-07-22 06:00:00,107.99832583962068,108.14699517317035,,signal,53,-3618.579758097326,-2100.0,-195.37052813680785,0.0,-3618.579758097326,-47.61204524980786,-0.3668957566064743,0.6721181854313879,2.9816510745897546,cross_dn
USDJPY.a,1h,-1,0.43,2019-07-31 00:00:00,108.58433757864051,2019-07-31 21:00:00,108.86338860259029,108.81017210608431,,stop,21,-11999.19402984038,-2150.0,-138.30934975711003,0.0,-11999.19402984038,-161.27109713517925,-1.235643756994716,1.827277812787899,0.41330074589123633,cross_dn
USDJPY.a,1h,1,0.33,2019-07-31 23:00:00,108.78925220377386,2019-08-01 16:00:00,108.49468434780229,108.49881872275161,,stop,17,-9720.73924706163,-1650.0,-136.43437332756073,0.0,-9720.73924706163,-131.00907874292534,-1.014235187123622,1.1439872655329666,1.8205469781414028,cross_up
USDJPY.a,1h,-1,0.24,2019-08-01 20:00:00,108.13076262767376,2019-08-13 18:00:00,106.69056625146551,108.53041550545603,,signal,190,34564.71302899797,-1200.0,-267.1800703442572,0.0,34564.71302899797,477.026147590054,3.603618180357137,0.08566777378467329,7.71109830304454,cross_dn
USDJPY.a,1h,-1,0.23,2019-08-15 09:00:00,105.90672949946809,2019-08-15 09:00:00,106.37108851470936,106.31468276391149,,stop,0,-10680.257350549242,-1150.0,-147.33226835103193,0.0,-10680.257350549242,-148.10705064651975,-1.1382652272064109,2.13816281559114,0.031203327874939582,cross_dn
USDJPY.a,1h,1,0.16,2019-08-15 10:00:00,106.37928260763678,2019-08-15 13:00:00,105.78463037320937,105.79118743351076,,stop,3,-9514.43575083863,-800.0,-104.91296482215415,0.0,-9514.43575083863,-132.88422810186003,-1.0111496584054342,1.149954356693728,0.0,cross_up
USDJPY.a,1h,-1,0.35,2019-08-20 22:00:00,106.30982630721822,2019-08-21 09:00:00,106.56986879860376,106.58134325908505,,signal,11,-9101.48719849417,-1750.0,-130.8159022638358,0.0,-9101.48719849417,-126.07880808515506,-0.9577394324649418,0.891928445412754,0.42658959752547276,cross_dn
USDJPY.a,1h,-1,0.35,2019-08-22 23:00:00,106.39897257688325,2019-08-23 04:00:00,106.62988935609286,106.664691573408,,signal,5,-8082.087272336266,-1750.0,-132.25492650011415,0.0,-8082.087272336266,-112.21954522520743,-0.8690262353451865,0.8393356366448952,0.03753053795056013,cross_dn
USDJPY.a,1h,-1,0.2,2019-08-23 19:00:00,105.29118973131088,2019-08-26 05:00:00,105.80701944389341,105.74919001584381,,stop,10,-10316.5942516506,-1000.0,-156.58856099216032,0.0,-10316.5942516506,-145.1078596446083,-1.1262650483035743,1.1065719516003576,1.8366576609635217,cross_dn
USDJPY.a,1h,1,0.26,2019-08-28 22:00:00,106.07849305510469,2019-09-02 08:00:00,106.18574486351118,105.72901181282954,,signal,58,2788.5470185686927,-26.0,-117.26709741922032,0.0,2788.5470185686927,39.029855771957685,0.3068885978207919,0.7138954110397364,1.7297264395649359,cross_up
USDJPY.a,1h,1,0.29,2019-09-02 12:00:00,106.32312777575119,2019-09-03 00:00:00,106.20723438984393,106.00383787964823,,signal,12,-3360.908191310429,-173.99999999999997,-102.40538905196976,0.0,-3360.908191310429,-47.11954721210366,-0.36297229358577987,0.8366308455468738,0.24075996511968675,cross_up
USDJPY.a,1h,1,0.33,2019-09-03 05:00:00,106.39976766092937,2019-09-03 10:00:00,106.12339004954735,106.12662256720029,,stop,5,-9120.461175606564,-1650.0,-106.67308254687669,0.0,-9120.461175606564,-128.03217242575423,-1.0118344342517782,1.7418129479610867,0.0,cross_up
USDJPY.a,1h,-1,0.34,2019-09-03 11:00:00,105.98384177478628,2019-09-03 15:00:00,106.30780233388236,106.25437647107798,,stop,4,-11014.659009266694,-1700.0,-116.47933534946216,0.0,-11014.659009266694,-154.01299282904682,-1.19748248020204,1.0466614046000582,0.017897056653558646,cross_dn
USDJPY.a,1h,1,0.27,2019-09-04 18:00:00,106.23735933750106,2019-09-16 08:00:00,107.81227406138535,105.90239687485725,,signal,182,42522.69754487586,-1350.0,-147.20068519122268,0.0,42522.69754487586,573.492686388473,4.701764823000438,0.3145407299357328,6.0384099356521945,cross_up
USDJPY.a,1h,1,0.26,2019-09-16 22:00:00,108.09351510792644,2019-09-19 10:00:00,107.94829688149257,107.72765854836265,,signal,60,-3775.67388728059,-1300.0,-140.5621623858511,0.0,-3775.67388728059,-51.481117891233495,-0.39692667149938704,0.8378013183415229,1.0454504151288377,cross_up
USDJPY.a,1h,1,0.23,2019-09-25 21:00:00,107.82380338660163,2019-10-01 23:00:00,107.70526567509037,107.41069795747259,,signal,98,-2726.3673647587866,-23.0,-125.77894584266798,0.0,-2726.3673647587866,-37.74630187555924,-0.2869430008730933,0.9677998845102104,1.564241396586767,cross_up
USDJPY.a,1h,1,0.24,2019-10-07 22:00:00,107.34454161153218,2019-10-08 13:00:00,106.96121721923922,106.96470613989871,,stop,15,-9199.785415031101,-1200.0,-83.73409582795018,0.0,-9199.785415031101,-127.58512371562192,-1.009185347130663,1.1993129803626332,0.26447869135495977,cross_up
USDJPY.a,1h,-1,0.39,2019-10-18 06:00:00,108.5650903156548,2019-10-22 02:00:00,108.65338330738889,108.81218827723744,,signal,44,-3443.4266776296313,-1950.0,-107.89797633389804,0.0,-3443.4266776296313,-46.148224668119816,-0.3573197899674474,0.6350100314069876,1.101143505644807,cross_dn
USDJPY.a,1h,-1,0.55,2019-10-22 19:00:00,108.55564854277293,2019-10-23 21:00:00,108.67258024675894,108.72969616518259,,signal,26,-6431.243719230651,-55.00000000000001,-173.82714348217468,0.0,-6431.243719230651,-86.38563795650289,-0.6718374107449002,0.8581068512130434,1.7561201844717933,cross_dn
USDJPY.a,1h,-1,0.39,2019-10-31 04:00:00,108.79784036447256,2019-11-04 15:00:00,108.47446986785758,109.04779709023131,,signal,59,12611.449367984393,-1950.0,-114.64969289122504,0.0,12611.449367984393,168.43257390894212,1.2937059230288162,0.020642115197228406,3.6399915293765917,cross_dn
USDJPY.a,1h,-1,0.45,2019-11-11 09:00:00,108.96429670301298,2019-11-12 03:00:00,109.23059832355624,109.17836690209825,,stop,18,-11983.572924446691,-2250.0,-100.41396560955573,0.0,-11983.572924446691,-160.4591723156377,-1.2439920254251924,1.0216428906104498,0.31903881672839185,cross_dn
USDJPY.a,1h,1,0.43,2019-11-12 08:00:00,109.25843359355154,2019-11-12 20:00:00,109.0337440145233,109.03613163729163,,stop,12,-9661.651898214785,-2150.0,-102.66777903830365,0.0,-9661.651898214785,-129.4396538665754,-1.0107404487504699,1.0860614886774442,0.15999142358814508,cross_up
USDJPY.a,1h,-1,0.45,2019-11-12 23:00:00,108.98530310806073,2019-11-18 00:00:00,108.78456374536547,109.19827391490146,,signal,73,9033.271321286662,-45.0,-140.73708289198134,0.0,9033.271321286662,121.9155135935876,0.942567508068757,0.7733308352559354,3.4901643050852926,cross_dn
USDJPY.a,1h,-1,0.42,2019-11-18 23:00:00,108.63924767873937,2019-11-21 22:00:00,108.66410256642172,108.86723555431765,,signal,71,-1043.905282658784,-42.0,-176.6155794232289,0.0,-1043.905282658784,-14.16510703135154,-0.1090184625796829,0.8629946691751951,1.5801177050561177,cross_dn
USDJPY.a,1h,-1,0.35,2019-12-02 20:00:00,109.03188980829754,2019-12-10 20:00:00,108.79258191359787,109.30075657533236,,signal,144,8375.776314488234,-1750.0,-110.73395185085687,0.0,8375.776314488234,113.10267218529857,0.8900612646882825,0.6512898326321565,2.2460559739587485,cross_dn
USDJPY.a,1h,-1,0.49,2019-12-11 23:00:00,108.54251389561745,2019-12-12 16:00:00,108.79028204868783,108.73770635919038,,stop,17,-12140.639500448713,-2450.0,-126.20878537526731,0.0,-12140.639500448713,-161.72008824955637,-1.2693530709898497,2.097858169762483,0.4432235447713175,cross_dn
USDJPY.a,1h,1,0.36,2019-12-12 17:00:00,108.99310876016509,2019-12-19 17:00:00,109.28366360325249,108.72735920854545,,signal,120,10459.974351146626,-1800.0,-96.22056582005378,0.0,10459.974351146626,139.1228552460687,1.093340859153264,0.37294046052402735,2.6863309288163704,cross_up
USDJPY.a,1h,1,0.46,2019-12-23 02:00:00,109.55230344321734,2019-12-23 05:00:00,109.40177040643277,109.34049802843549,,signal,3,-6924.51969209003,-2300.0,-113.12260818545617,0.0,-6924.51969209003,-91.64449386101003,-0.7107138263656206,0.7332364159683571,0.0,cross_up
USDJPY.a,1h,1,0.75,2019-12-26 04:00:00,109.53102920568799,2019-12-27 21:00:00,109.39827237621455,109.40006846507808,,stop,41,-9956.76221050772,-75.0,-134.7066647642564,0.0,-9956.76221050772,-130.27275045443105,-1.0137147121737704,1.038702171769017,1.175701921010425,cross_up
USDJPY.a,1h,-1,0.65,2019-12-27 22:00:00,109.39881956403687,2020-01-07 02:00:00,108.4642496712411,109.5496740719603,,signal,124,60747.04303172467,-3250.0,-292.45726134366583,0.0,60747.04303172467,808.6157786552234,6.195173784731373,0.7436333027586289,10.797287972750924,cross_dn
USDJPY.a,1h,-1,0.22,2020-01-08 04:00:00,108.02612652110916,2020-01-08 06:00:00,108.41684080577832,108.46473754299703,,signal,2,-8595.714262721485,-1100.0,-168.99545424616952,0.0,-8595.714262721485,-115.52339289764285,-0.8907990569581437,0.991478684277147,0.048166872365027556,cross_dn
USDJPY.a,1h,-1,0.2,2020-01-08 07:00:00,108.30830210892013,2020-01-08 09:00:00,108.43150012036989,108.79310072229026,,signal,2,-2463.9602289951767,-1000.0,-140.0048147955326,0.0,-2463.9602289951767,-33.02265043702381,-0.2541220375886272,0.21389890197706588,0.07075537754053209,cross_dn
USDJPY.a,1h,-1,0.64,2020-01-21 06:00:00,109.97076235048202,2020-01-29 07:00:00,109.19794408311986,110.12568358895794,,signal,145,49460.3691111779,-64.0,-248.84263934251925,0.0,49460.3691111779,669.4090286391629,4.988459135525624,0.9697679349582953,7.996078282543249,cross_dn
USDJPY.a,1h,-1,0.41,2020-01-29 11:00:00,109.0821017383906,2020-01-29 19:00:00,109.15785968310922,109.32322752434128,,signal,8,-3106.0757334633136,-41.0,-152.4940149561196,0.0,-3106.0757334633136,-42.173286835000965,-0.3141843350346425,0.4350354367775986,0.4400265113591455,cross_dn
USDJPY.a,1h,-1,0.39,2020-01-29 23:00:00,109.05602153037063,2020-02-04 10:00:00,108.9923935293698,109.31106321934031,,signal,83,2481.4920390320626,-1950.0,-186.69529084566568,0.0,2481.4920390320626,33.86405109411405,0.24948078589765588,0.3135897897808936,2.956463837017061,cross_dn
USDJPY.a,1h,-1,0.4,2020-02-10 18:00:00,109.73208219176077,2020-02-11 04:00:00,109.89957278883476,109.97751264758857,,signal,10,-6699.623882959713,-2000.0,-125.82310678070439,0.0,-6699.623882959713,-90.92485213352101,-0.6824360754620754,0.500825408259349,0.37111201808086575,cross_dn
USDJPY.a,1h,-1,0.47,2020-02-13 12:00:00,109.73426452560264,2020-02-17 12:00:00,109.87310909630314,109.94558309195364,,signal,48,-6525.694822923455,-47.0,-104.25505249500564,0.0,-6525.694822923455,-88.34493043594489,-0.6570391475677556,0.8410783655523686,0.5454538500473634,cross_dn
USDJPY.a,1h,-1,0.64,2020-02-18 06:00:00,109.70578228037179,2020-02-18 16:00:00,109.91172680364691,109.85957764225721,,stop,10,-13180.449489607781,-3200.0,-137.54632894119288,0.0,-13180.449489607781,-179.1592209329838,-1.3390814960243125,1.5749351388676156,0.2781766618142285,cross_dn
USDJPY.a,1h,1,0.57,2020-02-19 00:00:00,109.87029896949294,2020-02-24 14:00:00,111.31121631011244,109.69875410671948,,signal,86,82132.28841531188,-2850.0,-317.3406471804787,0.0,82132.28841531188,1117.2050344902732,8.399653113030697,0.14164789956444904,13.738103213381063,cross_up
USDJPY.a,1h,1,0.05,2020-03-10 22:00:00,105.1712088472388,2020-03-12 04:00:00,103.4709238927228,103.48561671785315,,stop,30,-8501.424772580038,-250.0,-73.46412565175913,0.0,-8501.424772580038,-127.18270122500306,-1.0087167143665465,1.0887621122837587,0.4436370695642378,cross_up
USDJPY.a,1h,-1,0.07,2020-03-12 06:00:00,103.37544024677882,2020-03-12 16:00:00,104.6759435612753,104.6116590874677,,stop,10,-9103.523201475371,-350.00000000000006,-99.9913166532649,0.0,-9103.523201475371,-136.80697513213423,-1.0520008850308262,1.0876389430142694,0.12816520955993002,cross_dn
USDJPY.a,1h,1,0.06,2020-03-12 20:00:00,105.34977514328091,2020-03-26 09:00:00,110.61378378556293,103.90907686603141,,signal,229,31584.051853692126,-300.0,-62.59457324482425,0.0,31584.051853692126,482.6222266614734,3.6537897805582062,0.5856709601206704,4.418152611989822,cross_up
USDJPY.a,1h,1,0.15,2020-04-03 00:00:00,107.87850632600701,2020-04-08 21:00:00,108.7256830706619,107.28849457597927,,signal,93,12707.651169823323,-750.0,-99.50788014308401,0.0,12707.651169823323,187.28593271478866,1.435864191882712,0.13305891959494828,2.5465487321605735,cross_up
USDJPY.a,1h,1,0.23,2020-04-08 23:00:00,108.85708765845989,2020-04-09 18:00:00,108.51904259721314,108.45289213039878,,signal,19,-7775.03640867515,-1150.0,-136.040528195544,0.0,-7775.03640867515,-113.72467785891801,-0.8363404287729714,0.9552002228028463,0.511911506128344,cross_up
USDJPY.a,1h,1,0.21,2020-04-16 06:00:00,107.84549596074105,2020-04-16 17:00:00,107.39972009282909,107.40538990024417,,stop,11,-9361.293226151205,-1050.0,-119.06595571676554,0.0,-9361.293226151205,-137.9426174798429,-1.012882820583492,1.546209020554661,0.5396518261775639,cross_up
USDJPY.a,1h,-1,0.21,2020-04-17 21:00:00,107.4914935706436,2020-04-20 05:00:00,107.77717783823744,107.93855779797741,,signal,8,-5999.369619470571,-21.0,-133.46920597198104,0.0,-5999.369619470571,-87.68472076065687,-0.6390228744035106,0.893622000890055,0.2024173823597674,cross_dn
USDJPY.a,1h,-1,0.27,2020-04-21 07:00:00,107.54833634221603,2020-04-22 00:00:00,107.75780454265977,107.89341547091807,,signal,17,-5655.64141198091,-108.0,-151.44530362677403,0.0,-5655.64141198091,-83.50326419911812,-0.6070149801050528,0.9987960126141683,0.7747102620247415,cross_dn
USDJPY.a,1h,-1,0.36,2020-04-23 15:00:00,107.53680496273195,2020-04-23 16:00:00,107.85538288469583,107.80083193992962,,stop,1,-11468.80519069964,-1800.0,-163.8340115835817,0.0,-11468.80519069964,-166.77913735661576,-1.2066112536877778,1.917209531543725,0.7226722237140665,cross_dn
USDJPY.a,1h,1,0.2,2020-04-30 22:00:00,107.219947313937,2020-05-01 13:00:00,106.74299653874772,106.74755389309615,,stop,15,-9539.015503785608,-0.0,-91.14708696868412,0.0,-9539.015503785608,-138.54383670417272,-1.009647370491154,1.0244582006997125,0.5907209409612265,cross_up
USDJPY.a,1h,-1,0.24,2020-05-04 03:00:00,106.7280269335924,2020-05-08 16:00:00,106.66845437894176,107.10737432409856,,signal,109,1429.74131161543,-0.0,-117.81018920451187,0.0,1429.74131161543,20.5798827456251,0.15703957939754537,0.8988412071390468,1.953425678251465,cross_dn
USDJPY.a,1h,-1,0.36,2020-05-13 13:00:00,107.07686687661663,2020-05-14 22:00:00,107.34661821148474,107.34288199391365,,stop,33,-9711.048055251751,-0.0,-134.5038325591689,0.0,-9711.048055251751,-139.99570838874178,-1.0140451325061974,1.079386488636189,1.2513081211282289,cross_dn
USDJPY.a,1h,1,0.3,2020-05-14 23:00:00,107.3414914680202,2020-05-15 11:00:00,107.02431023056167,107.02764853574266,,stop,12,-9515.437123755815,-0.0,-100.14915542953015,0.0,-9515.437123755815,-137.55323889066935,-1.010636865889454,1.002066434117057,0.29476060304584345,cross_up
USDJPY.a,1h,-1,0.34,2020-05-22 08:00:00,107.42888289495907,2020-05-25 01:00:00,107.70681698123794,107.70407183243131,,stop,17,-9449.758933481291,-0.0,-93.33505942503245,0.0,-9449.758933481291,-134.1860009572973,-1.0099755056719957,1.017908305522601,0.38476435837746115,cross_dn
USDJPY.a,1h,1,0.41,2020-05-25 03:00:00,107.75091932023237,2020-05-26 14:00:00,107.51495921867732,107.51739919948784,,stop,35,-9674.364163757089,-0.0,-100.03921323124126,0.0,-9674.364163757089,-135.67121352109575,-1.0104486962525634,1.2372352297147189,0.7326164410251779,cross_up
USDJPY.a,1h,-1,0.4,2020-05-26 19:00:00,107.63007846169617,2020-05-27 15:00:00,107.8712127412232,107.86820707936191,,stop,20,-9645.371181081258,-0.0,-120.2264744519451,0.0,-9645.371181081258,-135.1323749988748,-1.0126220102848522,1.1965027181394086,1.113173478662989,cross_dn
USDJPY.a,1h,1,0.34,2020-05-27 17:00:00,107.76925886685224,2020-05-29 00:00:00,107.63117438796111,107.49388330835188,,signal,31,-4694.872282298434,-0.0,-124.14161864451638,0.0,-4694.872282298434,-65.89931134256443,-0.5014405768003233,0.7199581107775952,0.48203672784412455,cross_up
USDJPY.a,1h,1,0.27,2020-06-01 01:00:00,107.72173939260668,2020-06-01 12:00:00,107.4062906359839,107.37350484140723,,signal,11,-8517.116428815214,-0.0,-146.30565687035272,0.0,-8517.116428815214,-117.6399419516192,-0.9058514025568652,0.9870915778538006,0.3884181133877459,cross_up
USDJPY.a,1h,1,0.28,2020-06-01 14:00:00,107.7226235842792,2020-06-02 03:00:00,107.5579799117141,107.37855596241491,,signal,13,-4610.02283182296,-0.0,-113.12494401027077,0.0,-4610.02283182296,-63.04025634594279,-0.4785212618176613,0.6092511208795943,0.12025663878686574,cross_up
USDJPY.a,1h,1,0.38,2020-06-02 05:00:00,107.66796323938937,2020-06-08 20:00:00,108.26642175400015,107.41302546681545,,signal,111,22741.423555209763,-0.0,-271.9466959881034,0.0,22741.423555209763,299.57617779280025,2.347468986524076,0.13322168404652038,8.559095572932492,cross_up
USDJPY.a,1h,1,0.21,2020-06-12 20:00:00,107.5015347356745,2020-06-15 07:00:00,107.04001464382009,107.04463173612535,,stop,11,-9691.921928942618,-0.0,-96.95893841068514,0.0,-9691.921928942618,-132.66515659024537,-1.0101051914954007,1.0385896703299187,0.14546909166953761,cross_up
USDJPY.a,1h,-1,0.3,2020-06-17 07:00:00,107.26648686205078,2020-06-17 14:00:00,107.37310811115083,107.5865378008568,,signal,7,-3198.6374730013267,-0.0,-126.48666904959299,0.0,-3198.6374730013267,-43.256382927359994,-0.3331383732158539,0.548391261103555,0.24835690951983716,cross_dn
USDJPY.a,1h,-1,0.35,2020-06-17 18:00:00,107.23183300284832,2020-06-23 06:00:00,107.17009612862283,107.50782653964859,,signal,84,2160.790597892088,-0.0,-146.72900359762374,0.0,2160.790597892088,29.16434484501042,0.22368956512980015,0.2651040238113865,2.0392977653517583,cross_dn
USDJPY.a,1h,-1,0.27,2020-06-23 17:00:00,106.25999106181895,2020-06-24 03:00:00,106.62797539724562,106.62401090898736,,stop,10,-9935.577056520075,-0.0,-107.04118297319967,0.0,-9935.577056520075,-134.22381103489238,-1.0108908574329136,1.0384294733418065,0.5136836995935823,cross_dn
USDJPY.a,1h,1,0.32,2020-06-24 23:00:00,107.0282918753853,2020-07-01 20:00:00,107.42160087069949,106.73055523659335,,signal,117,12585.88785005395,-0.0,-153.54427523315437,0.0,12585.88785005395,169.40316826725592,1.3209962902449697,0.77347509637945,3.814472176560899,cross_up
USDJPY.a,1h,1,0.71,2020-07-06 04:00:00,107.66415596437352,2020-07-06 12:00:00,107.52099003420379,107.52296633433295,,stop,8,-10164.78104205079,-0.0,-140.3173091706007,0.0,-10164.78104205079,-135.7071833569076,-1.0139974878366778,1.013926903359569,0.7779894004603317,cross_up
USDJPY.a,1h,-1,0.53,2020-07-06 20:00:00,107.43653322958698,2020-07-07 10:00:00,107.62607484622367,107.62356524790687,,stop,14,-10045.705681744494,-0.0,-133.00871079106898,0.0,-10045.705681744494,-134.39381940169181,-1.0134180144092417,1.0771779731770295,1.0187198496736465,cross_dn
USDJPY.a,1h,1,0.46,2020-07-07 14:00:00,107.70765272711937,2020-07-08 10:00:00,107.49013519055381,107.4923636570081,,stop,20,-10005.80668201539,-0.0,-102.50945689681836,0.0,-10005.80668201539,-133.99351275290442,-1.0103510431492506,1.3036088036160405,0.04806223035516313,cross_up
USDJPY.a,1h,-1,0.45,2020-07-08 19:00:00,107.38924408471016,2020-07-13 20:00:00,107.17465219577544,107.60487321209538,,signal,73,9656.635002062403,-0.0,-148.69761978911342,0.0,9656.635002062403,129.01689232762962,0.995189710856389,0.06843192044031086,3.4793262571147388,cross_dn
USDJPY.a,1h,-1,0.44,2020-07-15 13:00:00,106.93227017986312,2020-07-16 13:00:00,107.15675277590609,107.15397578765592,,stop,24,-9877.234225890277,-0.0,-122.18748300732999,0.0,-9877.234225890277,-132.17866367272404,-1.0125255661226076,1.1669971847472658,1.201007870364638,cross_dn
USDJPY.a,1h,1,0.38,2020-07-16 21:00:00,107.31100846465193,2020-07-17 19:00:00,107.0517117051455,107.05420668147003,,stop,22,-9853.276861244753,-0.0,-94.80910033232912,0.0,-9853.276861244753,-131.5963187996853,-1.0097155724295515,1.1916134726961185,0.3543259482883553,cross_up
USDJPY.a,1h,-1,0.49,2020-07-17 22:00:00,106.95548285398809,2020-07-20 03:00:00,107.15778979923577,107.1545004246796,,stop,5,-9913.040317136549,-0.0,-161.17935325233944,0.0,-9913.040317136549,-132.05825699012624,-1.0165280610387604,2.95711149506568,0.08282109931712442,cross_dn
USDJPY.a,1h,1,0.36,2020-07-20 05:00:00,107.33811460646255,2020-07-20 17:00:00,107.06236492893983,107.06557220696303,,stop,12,-9926.98839081811,-0.0,-115.46200883495233,0.0,-9926.98839081811,-132.11326631554616,-1.0117679965725943,1.112174131508232,0.25642026218958364,cross_up
USDJPY.a,1h,-1,0.35,2020-07-21 18:00:00,106.90174349920807,2020-07-22 16:00:00,107.18073456249866,107.17756741429774,,stop,22,-9764.687215170652,-0.0,-110.85018703196934,0.0,-9764.687215170652,-127.46960430613521,-1.0114825003476808,1.0051938415194908,0.7894293688684597,cross_dn
USDJPY.a,1h,1,0.41,2020-07-22 22:00:00,107.23689207172487,2020-07-23 17:00:00,106.99239382262591,106.99491342165192,,stop,19,-10024.428213057077,-0.0,-103.30356006592415,0.0,-10024.428213057077,-131.516514941345,-1.0104124848421214,1.1856090264094465,0.01697640793472551,cross_up
USDJPY.a,1h,-1,0.42,2020-07-23 20:00:00,106.82118986417392,2020-07-31 19:00:00,105.76855894163853,107.05278751504834,,signal,143,44210.49874648619,-0.0,-382.95109763747496,0.0,44210.49874648619,584.5978908709569,4.545084626554168,0.33165334594748697,11.369674321963302,cross_dn
USDJPY.a,1h,-1,0.29,2020-08-05 06:00:00,105.57134899225913,2020-08-07 17:00:00,105.82380449134736,105.91278950357903,,signal,59,-7321.20947355861,-0.0,-162.6604981470621,0.0,-7321.20947355861,-96.31753534070022,-0.7393835550219681,0.9010383874824637,0.7917894429517032,cross_dn
USDJPY.a,1h,-1,0.38,2020-08-14 19:00:00,106.49092906937872,2020-08-20 03:00:00,106.08793309974534,106.75427912209466,,signal,80,15313.846846068456,-0.0,-222.91558064649092,0.0,15313.846846068456,200.85771659352193,1.530267282946303,0.6192173836288207,5.270282101958901,cross_dn
USDJPY.a,1h,-1,0.35,2020-08-21 05:00:00,105.69879841553151,2020-08-21 16:00:00,105.9894576536141,105.9854440630653,,stop,11,-10173.073332890395,-0.0,-140.47566920777405,0.0,-10173.073332890395,-134.318156528841,-1.0140019239200944,1.110086921626726,0.8993627419412419,cross_dn
USDJPY.a,1h,1,0.42,2020-08-24 00:00:00,105.76525993030924,2020-08-24 01:00:00,105.74865435042715,105.53050938144982,,signal,1,-697.4343550480455,-0.0,-197.03456411992784,0.0,-697.4343550480455,-9.188973196881394,-0.07073712910481962,0.11186312635614981,0.25874303589860825,cross_up
USDJPY.a,1h,1,0.33,2020-08-24 02:00:00,105.88526381746051,2020-08-27 01:00:00,105.99475311555723,105.58979380339296,,signal,71,3613.146837191721,-0.0,-148.2943732231446,0.0,3613.146837191721,47.14792606658389,0.3705597620193317,0.6676271975788827,2.344522792695727,cross_up
USDJPY.a,1h,1,0.23,2020-08-27 19:00:00,106.42159004883382,2020-08-28 11:00:00,105.99015416745146,105.99587804160198,,stop,16,-9923.02527179419,-0.0,-131.64910546200636,0.0,-9923.02527179419,-128.1473859507466,-1.0134454139260434,1.349715392267318,1.2341910546113646,cross_up
USDJPY.a,1h,-1,0.18,2020-08-28 14:00:00,105.34475697242257,2020-08-31 11:00:00,105.90634759477919,105.90075371234619,,stop,21,-10108.631202419132,-0.0,-100.68988379404524,0.0,-10108.631202419132,-129.74248795738157,-1.0100609986198348,1.043608686729244,0.2549600784386709,cross_dn
USDJPY.a,1h,1,0.28,2020-09-01 20:00:00,106.01993484372773,2020-09-08 17:00:00,105.99107945277167,105.65711719049833,,signal,117,-807.9509467694949,-0.0,-107.5506447858226,0.0,-807.9509467694949,-10.54150441881701,-0.079531386356796,0.4683753456182737,1.466480893463781,cross_up
USDJPY.a,1h,1,0.45,2020-09-09 23:00:00,106.18869528039347,2020-09-10 11:00:00,106.05742846889845,105.96609687010812,,signal,12,-5907.006517276088,-0.0,-141.43779913981922,0.0,-5907.006517276088,-76.60756971169668,-0.5897023762512423,0.739876264984753,0.5135019583472812,cross_up
USDJPY.a,1h,1,0.49,2020-09-10 20:00:00,106.17658543519967,2020-09-14 01:00:00,106.10166118069665,105.97253756927472,,signal,29,-3671.2884706478376,-0.0,-131.2042917272847,0.0,-3671.2884706478376,-47.48759171573715,-0.3671896011427786,0.5909664119889634,0.4333030605321357,cross_up
USDJPY.a,1h,1,0.26,2020-09-22 18:00:00,104.98290266295206,2020-10-01 01:00:00,105.437992462772,104.61656460260777,,signal,151,11832.33479531856,-0.0,-104.39193585572058,0.0,11832.33479531856,156.55128283804115,1.242267318313156,0.34367890367092174,2.2386353639509906,cross_up
USDJPY.a,1h,1,0.4,2020-10-01 18:00:00,105.64299019332,2020-10-02 08:00:00,105.39354169119368,105.3969355146151,,stop,14,-9977.940085053093,-0.0,-135.75293685681427,0.0,-9977.940085053093,-132.93117080739106,-1.0137929643902006,2.8489203985456526,0.09351501382174277,cross_up
USDJPY.a,1h,-1,0.34,2020-10-02 09:00:00,105.09252191883436,2020-10-02 17:00:00,105.38184352873088,105.3778186184517,,stop,8,-9836.934736481624,-0.0,-136.8469494921598,0.0,-9836.934736481624,-130.33685830203567,-1.0141078052588177,1.0602228542122745,0.47502098347490734,cross_dn
USDJPY.a,1h,1,0.38,2020-10-05 09:00:00,105.57094661745246,2020-10-09 17:00:00,105.75545236556415,105.31849380447719,,signal,104,7011.218428244205,-0.0,-117.62021712451372,0.0,7011.218428244205,91.80900890612882,0.7308524152977359,0.39986331014798426,2.1273416454271494,cross_up
USDJPY.a,1h,1,0.48,2020-10-16 01:00:00,105.41355502796601,2020-10-16 06:00:00,105.27642241041943,105.21305392765335,,signal,5,-6582.365642236026,-0.0,-151.4485997348883,0.0,-6582.365642236026,-88.38165409769874,-0.6839494513134218,0.850643850333248,0.07204435293102784,cross_up
USDJPY.a,1h,1,0.44,2020-10-16 20:00:00,105.40066974623791,2020-10-21 08:00:00,105.29457926300064,105.18349569874285,,signal,60,-4667.981262439753,-0.0,-125.02485594360702,0.0,-4667.981262439753,-62.63877973831619,-0.4885044251877215,0.6523327620033839,1.5993174956597414,cross_up
USDJPY.a,1h,1,0.45,2020-10-26 12:00:00,104.90771125564284,2020-10-27 06:00:00,104.6915015420177,104.6937155865426,,stop,18,-9729.437113130998,-0.0,-99.63200362024462,0.0,-9729.437113130998,-130.26067053370642,-1.0103462118378372,1.0640928230008402,0.6882790898360401,cross_up
USDJPY.a,1h,-1,0.51,2020-10-27 07:00:00,104.73055225815125,2020-10-29 23:00:00,104.62005711974079,104.91550371040786,,signal,64,5635.25205893329,-0.0,-209.82621356066952,0.0,5635.25205893329,76.65697017641536,0.5974277955771292,0.5701374093697033,3.814797069948491,cross_dn
USDJPY.a,1h,-1,0.36,2020-10-30 09:00:00,104.22085141209797,2020-10-30 13:00:00,104.48062078378682,104.47723298681147,,stop,4,-9351.697380798498,-0.0,-121.96069111230884,0.0,-9351.697380798498,-127.23553097058561,-1.0132138862909004,1.0068921223785343,0.2178448750085786,cross_dn
USDJPY.a,1h,1,0.29,2020-10-30 18:00:00,104.64069081158195,2020-11-03 20:00:00,104.49191315653202,104.31827536397,,signal,50,-4314.551996447861,-0.0,-121.03692114261753,0.0,-4314.551996447861,-57.720026769963056,-0.46144704340901493,0.641069815707839,0.959349779016592,cross_up
USDJPY.a,1h,1,0.21,2020-11-04 05:00:00,105.20182653371216,2020-11-04 12:00:00,104.74215831770498,104.74846661567004,,stop,7,-9653.032536150946,-0.0,-132.47425726631576,0.0,-9653.032536150946,-129.69375886025793,-1.0139145471710556,1.358361225164474,0.20110614692534434,cross_up
USDJPY.a,1h,-1,0.17,2020-11-04 17:00:00,104.38148410070166,2020-11-09 14:00:00,104.94316567171276,104.93660182862209,,stop,69,-9548.586707188819,-0.0,-111.585332541439,0.0,-9548.586707188819,-124.00218658716933,-1.0118242361224237,1.1015967758572303,2.1715827833811154,cross_dn
USDJPY.a,1h,1,0.17,2020-11-09 16:00:00,104.86998207306912,2020-11-13 03:00:00,104.93583431423806,104.31029785607888,,signal,83,1119.4880998719868,-0.0,-73.63331590583986,0.0,1119.4880998719868,14.764941176598024,0.11765963586228435,0.23760197095471514,1.4419165351324226,cross_up
USDJPY.a,1h,1,0.33,2020-11-23 18:00:00,104.48644948922073,2020-11-24 11:00:00,104.19394031195334,104.19753029720766,,stop,17,-9652.8028498239,-0.0,-118.4695133927785,0.0,-9652.8028498239,-125.86966313446202,-1.0124255686488284,1.1783553970527916,0.5522323029757473,cross_up
USDJPY.a,1h,-1,0.46,2020-11-26 11:00:00,104.24338779557525,2020-11-30 20:00:00,104.28842473187717,104.45121982640926,,signal,57,-2071.6990698886093,-0.0,-223.07533269906273,0.0,-2071.6990698886093,-27.013695548029997,-0.21669872599135392,0.6910013045075474,1.9794244127066785,cross_dn
USDJPY.a,1h,-1,0.43,2020-12-03 14:00:00,104.28101080123123,2020-12-07 13:00:00,104.19813064433328,104.50635368041117,,signal,47,3563.8467466121565,-0.0,-183.2354126618628,0.0,3563.8467466121565,46.25134516316777,0.36779576616564963,0.13752020423960423,2.698158483835388,cross_dn
USDJPY.a,1h,-1,0.34,2020-12-07 17:00:00,104.03574361118277,2020-12-08 19:00:00,104.14275640482249,104.32212926385799,,signal,26,-3638.4349837506707,-0.0,-119.43552792902925,0.0,-3638.4349837506707,-47.11242903468135,-0.37366674147285067,0.5979922081202927,0.397169376748638,cross_dn
USDJPY.a,1h,-1,0.39,2020-12-11 04:00:00,103.98907191238749,2020-12-15 10:00:00,104.06877632744562,104.23728102476213,,signal,54,-3108.4721872671253,-0.0,-138.55354075902886,0.0,-3108.4721872671253,-39.704459802280994,-0.3211180052802744,0.6685011925028256,1.9260852585698216,cross_dn
USDJPY.a,1h,-1,0.44,2020-12-15 14:00:00,103.93225049489341,2020-12-21 08:00:00,103.46731041983098,104.15566414896347,,signal,90,20457.3633027469,-0.0,-203.31694512549532,0.0,20457.3633027469,261.5835493881084,2.081072784014511,0.08839882767592874,4.741207511700461,cross_dn
USDJPY.a,1h,-1,0.36,2020-12-22 05:00:00,103.3478800052756,2020-12-22 07:00:00,103.45103948524705,103.61673005905374,,signal,2,-3713.741278972293,-0.0,-146.84293778821004,0.0,-3713.741278972293,-47.483699976758025,-0.3837063765536103,0.4877067825792746,0.0,cross_dn
USDJPY.a,1h,-1,0.45,2020-12-22 14:00:00,103.3713083213098,2020-12-22 16:00:00,103.4739004780543,103.58903366983485,,signal,2,-4616.647053502803,-0.0,-171.0430248875932,0.0,-4616.647053502803,-59.17144360511542,-0.4711998737836583,0.5589228792815385,0.249434995409163,cross_dn
USDJPY.a,1h,-1,0.49,2020-12-28 11:00:00,103.43644263814824,2020-12-28 13:00:00,103.63909852478005,103.63649101850748,,stop,2,-9930.138444959028,-0.0,-127.76780735591922,0.0,-9930.138444959028,-126.32364933861454,-1.0130343783233113,1.3624572284079786,0.00721144627936028,cross_dn
USDJPY.a,1h,1,0.43,2020-12-28 15:00:00,103.58778693387777,2020-12-29 20:00:00,103.52230729756282,103.36233582414638,,signal,29,-2815.624361542731,-0.0,-145.57240959750757,0.0,-2815.624361542731,-35.725723759396885,-0.29043829676848565,0.5534988673440205,1.3759660198250572,cross_up
USDJPY.a,1h,1,0.31,2021-01-06 19:00:00,103.26348839279208,2021-01-13 01:00:00,103.77188287050129,102.94006250875772,,signal,102,15760.22880898529,-0.0,-131.2620289203719,0.0,15760.22880898529,195.36406709737415,1.5719041140664722,0.9940094737684398,3.507794716539662,cross_up
USDJPY.a,1h,1,0.37,2021-01-14 09:00:00,104.0531299577259,2021-01-14 18:00:00,103.77515757313803,103.77885184458991,,stop,9,-10284.978229751161,-0.0,-136.68804371940206,0.0,-10284.978229751161,-127.37124912080539,-1.0134690712636105,1.4624935002634067,0.38964116039805174,cross_up
USDJPY.a,1h,-1,0.32,2021-01-14 20:00:00,103.64741468749875,2021-01-19 04:00:00,103.96768290005924,103.9653305290142,,stop,56,-10248.582801935754,-0.0,-75.27587344141573,0.0,-10248.582801935754,-127.73244361451698,-1.0073993514567747,1.3135089793282928,0.09881447665207602,cross_dn
USDJPY.a,1h,1,0.51,2021-01-19 07:00:00,104.00551811933576,2021-01-20 03:00:00,103.80801752231208,103.81040701249471,,stop,20,-10072.5304482075,-0.0,-121.86399931388112,0.0,-10072.5304482075,-125.85294085705355,-1.0122468178327184,1.0738400428758637,0.4124925636847592,cross_up
USDJPY.a,1h,-1,0.55,2021-01-20 08:00:00,103.74661507656981,2021-01-22 16:00:00,103.83553911660637,103.9259704617563,,signal,56,-4890.822202010768,-0.0,-169.30282670077804,0.0,-4890.822202010768,-61.014106780949106,-0.49579799315254225,0.6266046782667458,2.3395733344361074,cross_dn
USDJPY.a,1h,-1,0.55,2021-01-26 18:00:00,103.6435607616658,2021-01-27 13:00:00,103.82595417467307,103.8239743911431,,stop,19,-10031.637715400166,-0.0,-108.88809414843077,0.0,-10031.637715400166,-125.32765907440032,-1.0109735807417177,1.238483140002023,0.3190488536401843,cross_dn
USDJPY.a,1h,1,0.59,2021-01-27 14:00:00,103.83634129456617,2021-02-08 22:00:00,105.22217305283046,103.67001803916904,,signal,200,81764.073737593,-0.0,-215.57976600647774,0.0,81764.073737593,1008.6888706843997,8.332158692753625,0.1764112570795186,11.613882260911726,cross_up
USDJPY.a,1h,1,0.62,2021-02-12 05:00:00,104.82728231144571,2021-02-18 23:00:00,105.6530234534125,104.65934268999862,,signal,114,51195.950801940824,-0.0,-245.091776849293,0.0,51195.950801940824,623.6252846054821,4.916892957430782,0.35895228848488425,8.32273930660632,cross_up
USDJPY.a,1h,1,0.4,2021-02-24 07:00:00,105.50813280482674,2021-03-10 22:00:00,108.38304885345408,105.23889165793898,,signal,255,114996.64194509364,-0.0,-236.09172367296773,0.0,114996.64194509364,1371.7344890255742,10.677848025308583,0.18620038358269025,13.838401887087498,cross_up
USDJPY.a,1h,1,0.4,2021-03-12 06:00:00,108.70725482658362,2021-03-17 02:00:00,108.99316870935374,108.41588872912743,,signal,68,11436.555310804693,-0.0,-146.50325170113314,0.0,11436.555310804693,135.4153032792678,0.9812874087490802,0.14502314082704468,2.2574526657662033,cross_up
USDJPY.a,1h,1,0.49,2021-03-17 04:00:00,109.12682361285316,2021-03-17 21:00:00,108.88600904580842,108.88947519284433,,stop,17,-11799.913785192102,-0.0,-169.84120475982897,0.0,-11799.913785192102,-139.09780230402006,-1.0146036238024225,1.4401764833338564,0.8391730062472141,cross_up
USDJPY.a,1h,-1,0.43,2021-03-18 01:00:00,108.85173097172198,2021-03-18 10:00:00,109.12973012046811,109.12506149896456,,stop,9,-11953.963396083722,-0.0,-200.75072465308216,0.0,-11953.963396083722,-140.28003355526187,-1.0170804979255448,1.6510011992825195,0.8295120710053581,cross_dn
USDJPY.a,1h,1,0.43,2021-03-24 21:00:00,108.79008772381863,2021-04-05 17:00:00,110.25685148065935,108.52869102441548,,signal,188,63070.84154415096,-0.0,-184.77266329637527,0.0,63070.84154415096,748.8883366329104,5.611255842900074,0.48236157574493366,8.32417655291612,cross_up
USDJPY.a,1h,1,0.42,2021-04-12 01:00:00,109.68917524345653,2021-04-12 10:00:00,109.57682043260377,109.41187107315936,,signal,9,-4718.902055816102,-0.0,-183.0836612833599,0.0,-4718.902055816102,-56.62718511315191,-0.4051681254283342,0.7867723129541194,0.2878599209594645,cross_up
USDJPY.a,1h,1,0.52,2021-04-13 09:00:00,109.6928663806373,2021-04-13 10:00:00,109.4626372906307,109.46610260651835,,stop,1,-11971.912680343337,-0.0,-180.1964261581681,0.0,-11971.912680343337,-143.92922341516228,-1.0152816114527825,1.7633609344830334,0.03145837288350454,cross_up
USDJPY.a,1h,-1,0.4,2021-04-13 11:00:00,109.32069909016478,2021-04-26 21:00:00,108.12823508942651,109.61277632397142,,signal,226,47698.560029530774,-0.0,-178.80715412004557,0.0,47698.560029530774,565.2016784805272,4.082700952747698,0.9494095319281188,6.308944610810377,cross_dn
USDJPY.a,1h,-1,0.53,2021-05-06 03:00:00,109.21714500627876,2021-05-06 04:00:00,109.30484963702685,109.44359530862732,,signal,1,-4648.345429648899,-0.0,-196.06152484692993,0.0,-4648.345429648899,-54.82279345216248,-0.38730189290315736,0.4895334321550692,0.1331197440061566,cross_dn
USDJPY.a,1h,-1,0.45,2021-05-06 14:00:00,109.11292268177597,2021-05-06 16:00:00,109.38430584107114,109.38083129938853,,stop,2,-12212.242168282615,-0.0,-156.35437571740874,0.0,-12212.242168282615,-144.18598145853474,-1.0129691299726375,1.082747247210737,0.11168988158210184,cross_dn
USDJPY.a,1h,1,0.32,2021-05-12 17:00:00,109.24094677923385,2021-05-17 10:00:00,109.19795778449009,108.87354894928924,,signal,65,-1375.6478318005068,-0.0,-130.7017926346451,0.0,-1375.6478318005068,-16.243007917222894,-0.11700938666471508,0.19310614666544618,1.4862723082727038,cross_up
USDJPY.a,1h,1,0.39,2021-05-20 04:00:00,109.20043701730174,2021-05-20 11:00:00,108.89023826233698,108.89347844015055,,stop,7,-12097.751443625599,-0.0,-126.36693472912052,0.0,-12097.751443625599,-143.46825622797667,-1.0105557493901547,1.0634562498019269,0.014865141546486257,cross_up
USDJPY.a,1h,-1,0.44,2021-05-20 13:00:00,108.95988816309357,2021-05-25 19:00:00,108.96022722698467,109.22997804509745,,signal,78,-14.918811208588068,-0.0,-195.99597465094192,0.0,-14.918811208588068,-0.17689450180441382,-0.0012553742798088019,0.40398342987489516,1.4805743929637794,cross_dn
USDJPY.a,1h,-1,0.42,2021-05-25 21:00:00,108.7738029522428,2021-05-26 15:00:00,108.90653750916724,109.05791027500631,,signal,18,-5574.851390826183,-0.0,-129.15077004756213,0.0,-5574.851390826183,-65.96704694880775,-0.46719864744536604,0.5673808270383168,0.2632911799498845,cross_dn
USDJPY.a,1h,-1,0.52,2021-05-31 22:00:00,109.48523332897696,2021-06-02 08:00:00,109.71432457281895,109.71193648386995,,stop,34,-11912.744679783602,-0.0,-124.18062534832879,0.0,-11912.744679783602,-140.2153811733173,-1.0105339908045468,1.0664459925013667,0.6847426938113756,cross_dn
USDJPY.a,1h,1,0.59,2021-06-02 09:00:00,109.71757548363509,2021-06-04 16:00:00,109.51153931837942,109.51499258758281,,stop,55,-12156.133750084406,-0.0,-203.74288300015397,0.0,-12156.133750084406,-143.48421169047037,-1.017046203162677,1.1480509370103544,3.0132085593612645,cross_up
USDJPY.a,1h,-1,0.4,2021-06-04 20:00:00,109.49377906320773,2021-06-09 21:00:00,109.60481167723071,109.7841261066525,,signal,73,-4441.304560919548,-0.0,-144.93417845786797,0.0,-4441.304560919548,-52.39372962491043,-0.38241344807807565,0.5449373099002248,1.0428177935461542,cross_dn
USDJPY.a,1h,-1,0.46,2021-06-10 23:00:00,109.31704277821947,2021-06-11 14:00:00,109.57732136435884,109.57454908584037,,stop,15,-11972.814962410752,-0.0,-127.52481184927504,0.0,-11972.814962410752,-141.29577595200388,-1.0107658664522694,1.0483518802885379,0.04288352515128799,cross_dn
USDJPY.a,1h,1,0.49,2021-06-11 17:00:00,109.7180427346708,2021-06-18 10:00:00,110.05966500134843,109.47936264046763,,signal,113,16739.49106720397,-0.0,-228.82986785279869,0.0,16739.49106720397,201.83087485220108,1.4312976866299854,0.4694263886766881,4.625259048161178,cross_up
USDJPY.a,1h,1,0.37,2021-06-22 01:00:00,110.30625319839261,2021-06-25 16:00:00,110.53124581283167,109.99360790868792,,signal,87,8324.726734245218,-0.0,-129.80985045681234,0.0,8324.726734245218,98.95929821290541,0.7196417852691053,0.3046685861878288,2.5867870978362975,cross_up
USDJPY.a,1h,1,0.4,2021-06-30 19:00:00,111.04425793338083,2021-07-05 03:00:00,111.13897240523035,110.75608589104121,,signal,56,3788.578873980555,-0.0,-162.20758157241673,0.0,3788.578873980555,45.36301840843138,0.32867335457160113,0.33055924720334195,2.1332467286839334,cross_up
USDJPY.a,1h,1,0.39,2021-07-12 17:00:00,110.33836627556695,2021-07-14 17:00:00,110.039099982038,110.04227059675512,,stop,48,-11671.385447629391,-0.0,-123.65397396787696,0.0,-11671.385447629391,-141.8171328321352,-1.0107080749366002,1.2407012390086376,1.2179634835610609,cross_up
USDJPY.a,1h,-1,0.44,2021-07-14 19:00:00,110.03494192555377,2021-07-16 15:00:00,110.29850930008635,110.29520232930135,,stop,44,-11596.964479433724,-0.0,-145.5067145404372,0.0,-11596.964479433724,-141.76381159628943,-1.0127063922801411,1.1721263398258028,1.2369992550461744,cross_dn
USDJPY.a,1h,1,0.39,2021-07-16 17:00:00,110.2223304355873,2021-07-19 02:00:00,109.93019083146551,109.93321059401708,,stop,9,-11393.444560749656,-0.0,-117.77073951165714,0.0,-11393.444560749656,-140.35226887662074,-1.0104446742055946,1.2878065841665232,0.01615096489866604,cross_up
USDJPY.a,1h,-1,0.44,2021-07-19 03:00:00,109.87500919461093,2021-07-21 02:00:00,109.86938692533327,110.12764687929842,,signal,47,247.37984821666714,-0.0,-210.04942932749057,0.0,247.37984821666714,3.0668332950610018,0.022254278036968226,0.6293233948282291,3.2101671435681127,cross_dn
USDJPY.a,1h,-1,0.56,2021-07-27 07:00:00,110.19741901190363,2021-08-04 23:00:00,109.4695748448592,110.39878685912548,,signal,160,40759.27335448853,-0.0,-288.3826242301551,0.0,40759.27335448853,504.4699277403073,3.61450041347751,0.4498284574526462,7.322018049283088,cross_dn
USDJPY.a,1h,-1,0.62,2021-08-12 09:00:00,110.3885218093298,2021-08-18 11:00:00,109.61573395798307,110.57202566714302,,signal,98,47912.84678349754,-0.0,-215.01078989920637,0.0,47912.84678349754,602.1455364199433,4.2112894004294645,0.8581737329494885,6.945476920856154,cross_dn
USDJPY.a,1h,-1,0.41,2021-08-20 11:00:00,109.61383260440313,2021-08-20 20:00:00,109.81397318952894,109.88426479188566,,signal,9,-8205.763990158146,-0.0,-161.8015413735083,0.0,-8205.763990158146,-104.73240175820075,-0.7400767896341478,0.9768341485384009,0.09922119350108509,cross_dn
USDJPY.a,1h,-1,0.5,2021-08-24 01:00:00,109.66826879716521,2021-08-25 14:00:00,109.89712036519464,109.8944311508366,,stop,37,-11442.578401471337,-0.0,-134.46071790223678,0.0,-11442.578401471337,-143.5845817048646,-1.0118906365908715,1.2014873316609271,1.1286971196635252,cross_dn
USDJPY.a,1h,1,0.5,2021-08-25 15:00:00,109.88984332317403,2021-08-27 22:00:00,109.82592321668707,109.66289880349628,,signal,55,-3196.00532434805,-0.0,-207.67833129267777,0.0,-3196.00532434805,-39.78538806961452,-0.2816552106114838,0.40910141080237,1.661889334721508,cross_up
USDJPY.a,1h,1,0.42,2021-08-31 22:00:00,109.99903568890011,2021-09-02 14:00:00,109.9813979559639,109.72884957113904,,signal,40,-740.7847833207484,-0.0,-134.5716990326134,0.0,-740.7847833207484,-9.11578664780887,-0.06527993770503623,0.4368680740454918,1.5580530731492213,cross_up
USDJPY.a,1h,1,0.68,2021-09-07 14:00:00,109.94240137718037,2021-09-09 13:00:00,109.91248674708734,109.77327614879572,,signal,47,-2034.194846326159,-0.0,-205.80239612075616,0.0,-2034.194846326159,-25.121136274425496,-0.1768785791377853,0.4635699707796052,2.977667067353429,cross_up
USDJPY.a,1h,1,0.6,2021-09-13 10:00:00,110.10952779753768,2021-09-13 17:00:00,109.91696258570006,109.91921956223504,,stop,7,-11553.912710257066,-0.0,-135.4185920992169,0.0,-11553.912710257066,-142.56981878789065,-1.0118595841708629,1.106246386042556,0.265212918306204,cross_up
USDJPY.a,1h,-1,0.51,2021-09-14 18:00:00,109.65719565868415,2021-09-17 00:00:00,109.7146938473257,109.88131517713539,,signal,54,-2932.4076207195585,-204.0,-172.77242722045054,0.0,-2932.4076207195585,-36.65000918145783,-0.25655145539707996,0.7621127445578264,2.428149330521281,cross_dn
USDJPY.a,1h,-1,0.48,2021-09-20 16:00:00,109.49605492957265,2021-09-22 20:00:00,109.60183883447066,109.7297979421446,,signal,52,-5077.627435104204,-0.0,-176.52810918370386,0.0,-5077.627435104204,-63.852631798101484,-0.452564993212118,0.898187578389015,1.6045610324167816,cross_dn
USDJPY.a,1h,-1,0.36,2021-10-01 02:00:00,111.34949562945744,2021-10-05 17:00:00,111.37043237397768,111.66589603457672,,signal,63,-753.7228027287028,-0.0,-175.13092639335446,0.0,-753.7228027287028,-9.278697511985122,-0.06617167418717008,0.43775029456851466,1.6640169258283855,cross_dn
USDJPY.a,1h,-1,0.35,2021-10-21 09:00:00,114.02117826438065,2021-10-26 09:00:00,113.97904191147535,114.3635413333749,,signal,72,1474.7723516855867,-0.0,-142.9338032745449,0.0,1474.7723516855867,17.243950561065223,0.12307505312732986,0.5456830848262052,1.7764131691168972,cross_dn
USDJPY.a,1h,-1,0.36,2021-10-27 15:00:00,113.65540694152749,2021-10-29 17:00:00,113.94578630205673,113.9834501789915,,signal,50,-10453.656979052765,-0.0,-200.61374808486562,0.0,-10453.656979052765,-122.0597998199925,-0.8851862418322106,0.9864341693920982,1.2205919702015344,cross_dn
USDJPY.a,1h,-1,0.36,2021-11-02 10:00:00,113.66440654702217,2021-11-03 01:00:00,113.99779459686533,113.99434943932424,,stop,15,-12001.969794353952,-0.0,-124.02567147955706,0.0,-12001.969794353952,-141.74880713429945,-1.0104416783069838,1.0140950473074553,0.6134593341591243,cross_dn
USDJPY.a,1h,1,0.42,2021-11-03 19:00:00,114.0681291376729,2021-11-03 21:00:00,113.78315303178829,113.78715454403358,,stop,2,-11968.996447153613,-0.0,-168.06351430252943,0.0,-11968.996447153613,-141.13480466773996,-1.0142415447370745,1.0396994756326845,0.5369555317188872,cross_up
USDJPY.a,1h,-1,0.3,2021-11-04 19:00:00,113.63695688422553,2021-11-05 15:00:00,114.02345196009475,114.01980404656454,,stop,20,-11594.852276076608,-0.0,-109.43740590621918,0.0,-11594.852276076608,-137.874725952079,-1.0095283807457645,1.0266319159143398,0.211460060800555,cross_dn
USDJPY.a,1h,1,0.3,2021-11-10 18:00:00,113.90098225932907,2021-11-18 01:00:00,114.14619853179738,113.5151573980102,,signal,127,7356.48817404936,-0.0,-168.08809215706796,0.0,7356.48817404936,88.63511660759997,0.6355636897790577,0.4379765957834789,2.770733168973878,cross_up
USDJPY.a,1h,1,0.46,2021-11-19 11:00:00,114.45772193947064,2021-11-19 11:00:00,114.20815600820717,114.21223891741313,,stop,0,-11480.032838119883,-0.0,-187.81382347452643,0.0,-11480.032838119883,-139.02629105493526,-1.0166321449513762,2.280084116528081,0.3392416299561493,cross_up
USDJPY.a,1h,-1,0.33,2021-11-19 12:00:00,114.00314105620583,2021-11-22 16:00:00,114.35095249699742,114.34624243383067,,stop,28,-11477.777546122412,-0.0,-155.4320845030127,0.0,-11477.777546122412,-138.0853335431772,-1.0137279051438406,2.156385814932998,1.212880749959748,cross_dn
USDJPY.a,1h,1,0.29,2021-11-22 17:00:00,114.61212003910323,2021-11-26 06:00:00,114.68927400096982,114.2174947361035,,signal,85,2237.46489413098,-0.0,-158.10794375024338,0.0,2237.46489413098,27.308520582650853,0.19551194837255206,0.31959440548928636,2.3006126419049973,cross_up
USDJPY.a,1h,1,0.28,2021-12-03 10:00:00,113.3820685136723,2021-12-03 15:00:00,112.9910229702318,112.99593085180716,,stop,5,-10949.275216333945,-0.0,-137.42068411017212,0.0,-10949.275216333945,-136.65073794177582,-1.0127101861850432,1.0127696733422549,0.27433606402450217,cross_up
USDJPY.a,1h,-1,0.2,2021-12-03 21:00:00,112.59499279419441,2021-12-06 08:00:00,113.1189437313133,113.11439308921403,,stop,11,-10479.018742377662,-0.0,-91.01284198515519,0.0,-10479.018742377662,-132.13480406198354,-1.0087613390729573,1.057002106217236,0.06737153315072114,cross_dn
USDJPY.a,1h,1,0.29,2021-12-06 17:00:00,113.23316607682774,2021-12-09 16:00:00,113.34324717185777,112.8651819654966,,signal,71,3192.3517558707454,-0.0,-159.6640322496054,0.0,3192.3517558707454,39.32373542569032,0.2991463262688711,0.17165435920384006,1.9615899190894546,cross_up
USDJPY.a,1h,1,0.4,2021-12-10 13:00:00,113.73411164543076,2021-12-10 16:00:00,113.45691147296934,113.46062465355136,,stop,3,-11088.006898456799,-0.0,-148.5272232809629,0.0,-11088.006898456799,-136.56534125641397,-1.0135771743895692,1.3935275049528881,0.20801118977653582,cross_up
USDJPY.a,1h,-1,0.33,2021-12-10 19:00:00,113.36443282367864,2021-12-13 11:00:00,113.70146618880891,113.69858142787503,,stop,16,-11122.10104929882,-0.0,-95.19711081809778,0.0,-11122.10104929882,-136.99061485786106,-1.0086331676914195,1.0790623446969143,0.2706365447676404,cross_dn
USDJPY.a,1h,1,0.45,2021-12-13 12:00:00,113.7078986615305,2021-12-13 17:00:00,113.46157202495216,113.46460325550986,,stop,5,-11084.698646025545,-0.0,-136.40537509654064,0.0,-11084.698646025545,-137.19322062008752,-1.0124590538196943,1.0559125046064748,0.07440065871180393,cross_up
USDJPY.a,1h,-1,0.28,2021-12-17 00:00:00,113.6105136823967,2021-12-21 08:00:00,113.73100800980423,114.00261967736743,,signal,56,-3373.8411674107742,-0.0,-112.44854903715215,0.0,-3373.8411674107742,-41.66357766515273,-0.3073003956915299,0.6235209885570653,1.1974152102207418,cross_dn
USDJPY.a,1h,-1,0.33,2022-01-06 20:00:00,115.80836669930414,2022-01-06 22:00:00,115.95157789702857,116.14086740136672,,signal,2,-4725.969524906063,-0.0,-170.1412038862269,0.0,-4725.969524906063,-56.91792248083899,-0.4307094596674705,0.4289714271610948,0.14245593771779436,cross_dn
USDJPY.a,1h,-1,0.38,2022-01-07 17:00:00,115.69357253692837,2022-01-17 12:00:00,114.50149526801313,115.9820815673352,,signal,139,45298.93621877918,-0.0,-189.64036899812123,0.0,45298.93621877918,548.061900701688,4.131854268943629,0.5456587020851235,7.662056656636447,cross_dn
USDJPY.a,1h,-1,0.32,2022-01-19 10:00:00,114.42027412485271,2022-01-25 13:00:00,114.11075426370695,114.76763703905937,,signal,99,9904.635556664289,-0.0,-176.27287724458094,0.0,9904.635556664289,121.88470026839506,0.8910561504606022,0.3820956979544587,2.7328021674989684,cross_dn
USDJPY.a,1h,-1,0.38,2022-01-26 01:00:00,113.84869991701524,2022-01-26 02:00:00,113.89930007705729,114.1428957864105,,signal,1,-1922.8060815979688,-0.0,-174.80585635332721,0.0,-1922.8060815979688,-23.61275370276242,-0.17199480110330143,0.2695485940974068,0.026172757051525834,cross_dn
USDJPY.a,1h,-1,0.38,2022-01-26 03:00:00,113.82272992844682,2022-01-26 09:00:00,113.97191350630418,114.11150963216008,,signal,6,-5668.97595857958,-0.0,-145.42647911795413,0.0,-5668.97595857958,-69.52068562073582,-0.5165999408514085,0.5065109135869612,0.15143006203179535,cross_dn
USDJPY.a,1h,-1,0.34,2022-02-01 04:00:00,115.05040783787344,2022-02-03 19:00:00,114.88037096099788,115.37656028626849,,signal,63,5781.253813768928,-0.0,-161.22534785606635,0.0,5781.253813768928,70.49294403083012,0.5213417152386386,0.2685620253890403,2.7484320362595382,cross_dn
USDJPY.a,1h,-1,0.23,2022-02-14 00:00:00,115.38357291181909,2022-02-15 17:00:00,115.8667984712573,115.86237725512366,,stop,41,-11114.187867078841,-0.0,-101.6879710737635,0.0,-11114.187867078841,-134.4838990150319,-1.0092338680621027,1.0242745184726543,0.7802203907357764,cross_dn
USDJPY.a,1h,1,0.3,2022-02-15 18:00:00,115.74789837189226,2022-02-16 19:00:00,115.41373992968796,115.37356532219651,,signal,25,-10024.753266128953,-0.0,-135.60421872200072,0.0,-10024.753266128953,-120.90624513344025,-0.8926768354434522,0.9828102866986681,0.11247104187557991,cross_up
USDJPY.a,1h,1,0.35,2022-02-22 23:00:00,115.0274568031941,2022-02-24 05:00:00,114.70277875161572,114.70677649310332,,stop,30,-11363.731805243091,-0.0,-139.92095206604026,0.0,-11363.731805243091,-137.8910567279446,-1.0124664388857028,1.1645766560734057,0.5474087160393819,cross_up
USDJPY.a,1h,-1,0.33,2022-02-24 06:00:00,114.69621092193624,2022-02-24 16:00:00,115.03543605257109,115.03014512396676,,stop,10,-11194.429310949858,-0.0,-174.60064394286383,0.0,-11194.429310949858,-136.09064559358563,-1.015844224916623,1.4607341059936552,0.8630769779907114,cross_dn
USDJPY.a,1h,1,0.21,2022-02-24 19:00:00,115.46806826777058,2022-02-28 20:00:00,114.95549539911016,114.96011780011409,,stop,49,-10764.03024186868,-0.0,-97.07042108236261,0.0,-10764.03024186868,-129.0275243533246,-1.0091001018765755,1.0061380002827476,0.6101613286416524,cross_up
USDJPY.a,1h,-1,0.28,2022-02-28 21:00:00,114.9539713708071,2022-03-02 14:00:00,115.34572587624677,115.34220008366016,,stop,41,-10969.126152310992,-0.0,-98.72219242536698,0.0,-10969.126152310992,-130.80320829989017,-1.0090817409168527,1.1360020899840553,0.654179771868693,cross_dn
USDJPY.a,1h,1,0.36,2022-03-02 16:00:00,115.40348244539842,2022-03-04 17:00:00,115.16520850608376,115.09617081174963,,signal,49,-8577.861815327993,-0.0,-200.98756196999219,0.0,-8577.861815327993,-101.65439583451536,-0.775349557989639,0.7857901197271047,1.313056553735063,cross_up
USDJPY.a,1h,1,0.37,2022-03-08 00:00:00,115.29244897669115,2022-03-30 05:00:00,122.33227225046531,114.99417621465396,,signal,389,260473.46112964395,-0.0,-571.8534655678487,0.0,260473.46112964395,2844.666071733244,23.601964945416288,0.1222001514392501,32.8878539103275,cross_up
USDJPY.a,1h,1,0.21,2022-04-01 11:00:00,122.63512331406704,2022-04-14 14:00:00,125.25012094177535,121.99393849097403,,signal,219,54914.95018187442,-0.0,-162.92044543521047,0.0,54914.95018187442,588.9436822383528,4.078383538608745,0.578808637853881,5.74230167858923,cross_up
USDJPY.a,1h,1,0.24,2022-04-14 17:00:00,125.95158012788613,2022-04-25 16:00:00,128.15670090315263,125.37925201532813,,signal,167,52922.89860639585,-0.0,-302.3566486745975,0.0,52922.89860639585,580.3209537463553,3.8528961392631857,0.40113376024818787,6.033986093534614,cross_up
USDJPY.a,1h,1,0.21,2022-04-27 18:00:00,128.3212611565178,2022-05-04 16:00:00,129.87134725191518,127.66238277644953,,signal,118,32551.80800334489,-0.0,-111.41541956218428,0.0,32551.80800334489,350.98900435466,2.352613384031139,0.18404179008765278,4.451108022664656,cross_up
USDJPY.a,1h,1,0.21,2022-05-05 20:00:00,130.42314661839148,2022-05-10 05:00:00,130.26589297748262,129.76376290883928,,signal,57,-3302.326459086117,-0.0,-214.49494572975914,0.0,-3302.326459086117,-36.37249447638668,-0.23848578396887632,0.9480771352632141,1.402602715551786,cross_up
USDJPY.a,1h,1,0.22,2022-05-16 04:00:00,129.48718287577856,2022-05-16 05:00:00,129.0936073296342,128.8837667221188,,signal,1,-8658.66201517565,-0.0,-237.27749609488916,0.0,-8658.66201517565,-97.27583432060018,-0.6522456247770001,0.8057173690658045,0.04278494048404985,cross_up
USDJPY.a,1h,1,0.21,2022-05-16 15:00:00,129.4954344346845,2022-05-16 20:00:00,129.0430496347926,128.83878763862384,,signal,5,-9500.080797730248,-0.0,-207.91533871162918,0.0,-9500.080797730248,-105.65630701770853,-0.6889317097195111,0.7788577325781235,0.18360793966984115,cross_up
USDJPY.a,1h,1,0.24,2022-05-17 08:00:00,129.4003122734669,2022-05-18 13:00:00,129.15534982368575,128.83877087945294,,signal,29,-5879.098794747733,-0.0,-175.20846308331338,0.0,-5879.098794747733,-64.86525689215671,-0.43623222151110136,0.8143874669647572,0.6779335069350647,cross_up
USDJPY.a,1h,1,0.32,2022-05-30 12:00:00,127.29531125438655,2022-06-15 22:00:00,134.11523345487558,126.86798498642652,,signal,298,218237.510415649,-0.0,-433.0588879636906,0.0,218237.510415649,2329.5753785507104,15.959520188276818,0.10837446199512393,19.394288081510375,cross_up
USDJPY.a,1h,1,0.11,2022-06-17 14:00:00,134.68695328094614,2022-06-23 12:00:00,135.43088363702165,133.3026352572499,,signal,94,8183.2339168306025,-0.0,-134.55998552407826,0.0,8183.2339168306025,87.78697699456907,0.5373984469906392,0.30480949732887747,1.4628479037257731,cross_up
USDJPY.a,1h,1,0.26,2022-06-27 21:00:00,135.404459516514,2022-06-30 21:00:00,135.66041145951755,134.82752662311478,,signal,72,6654.750518091987,-0.0,-238.60410508742035,0.0,6654.750518091987,71.06932146081084,0.443642485862601,0.5086545070865784,2.769023055824483,cross_up
USDJPY.a,1h,1,0.38,2022-07-05 01:00:00,135.70016245762503,2022-07-06 04:00:00,135.29342987510384,135.3011307043251,,stop,27,-15455.838135805096,-0.0,-292.6315104073803,0.0,-15455.838135805096,-167.81824444880874,-1.0192987880226696,1.4138284809654518,1.6611147781934619,cross_up
USDJPY.a,1h,-1,0.23,2022-07-06 06:00:00,135.16897302674016,2022-07-06 17:00:00,135.81400652216183,135.80436178497743,,stop,11,-14835.770394698442,-0.0,-221.82895524141722,0.0,-14835.770394698442,-161.42286933889073,-1.0151792694777275,1.3189200507493153,0.33990690571756865,cross_dn
USDJPY.a,1h,1,0.22,2022-07-07 01:00:00,135.92511230668188,2022-07-18 11:00:00,138.08013851578553,135.26015102358988,,signal,178,47410.576600280365,-0.0,-169.9053054370697,0.0,47410.576600280365,502.4351790088729,3.2408296000077104,0.8994693704582718,5.2091569560432545,cross_up
USDJPY.a,1h,1,0.35,2022-07-20 20:00:00,138.25943929874566,2022-07-21 17:00:00,137.8044369758462,137.81201747654646,,stop,21,-15925.08130148161,-0.0,-265.31752450925813,0.0,-15925.08130148161,-167.50116437202686,-1.0169426262291166,1.109555399657349,1.3780300170067146,cross_up
USDJPY.a,1h,-1,0.25,2022-07-21 22:00:00,137.6851965351286,2022-07-27 04:00:00,137.07766186003698,138.29415873269005,,signal,78,15188.36687729035,-0.0,-183.09300184912075,0.0,15188.36687729035,160.05768591408724,0.9976558110247962,0.4430545376245434,3.476729004865574,cross_dn
USDJPY.a,1h,-1,0.26,2022-07-28 02:00:00,136.44399599707268,2022-08-03 04:00:00,133.80789726349624,137.05207731714125,,signal,98,68538.56707298724,-0.0,-410.6577018042878,0.0,68538.56707298724,741.837586273483,4.335108885237814,0.011518201096076082,9.934519936233846,cross_dn
USDJPY.a,1h,-1,0.2,2022-08-05 03:00:00,132.61772776754958,2022-08-05 08:00:00,133.3915279452454,133.38272359909348,,stop,5,-15476.003553916373,-0.0,-176.08692303855858,0.0,-15476.003553916373,-166.6399696121422,-1.0115090119303662,1.116701813559365,0.062389578585369775,cross_dn
USDJPY.a,1h,1,0.15,2022-08-05 16:00:00,134.68684096248154,2022-08-10 15:00:00,133.68229480894104,133.6917550505625,,stop,71,-15068.192303107535,-0.0,-141.90362432185566,0.0,-15068.192303107535,-160.49720158568945,-1.0095069596586128,2.018761333488755,0.8925450826709267,cross_up
USDJPY.a,1h,-1,0.19,2022-08-10 16:00:00,133.12807080280575,2022-08-12 20:00:00,133.59136925554355,133.93135346845474,,signal,52,-8802.670602018254,-0.0,-204.03171065490827,0.0,-8802.670602018254,-92.63250287871328,-0.5767564427193158,0.9497642981973835,1.7354673048738536,cross_dn
USDJPY.a,1h,-1,0.25,2022-08-15 05:00:00,133.28728529591342,2022-08-16 11:00:00,133.6694168700923,133.90294093473014,,signal,30,-9553.289354472128,-0.0,-220.8435046159131,0.0,-9553.289354472128,-101.75786564713502,-0.6206904478505815,0.8295460512116275,1.1878154763902247,cross_dn
USDJPY.a,1h,-1,0.24,2022-08-24 03:00:00,136.73674584635862,2022-08-24 22:00:00,137.0952440048963,137.3927514517251,,signal,19,-8603.955804904443,-0.0,-251.71223502216145,0.0,-8603.955804904443,-90.80907984300863,-0.5464864257332137,0.7717222985595558,0.8624100796250984,cross_dn
USDJPY.a,1h,-1,0.27,2022-08-25 09:00:00,136.6891440934201,2022-08-26 12:00:00,136.9146659424957,137.27471819344623,,signal,27,-6089.089925040952,-0.0,-197.9608947675115,0.0,-6089.089925040952,-63.726902717960364,-0.38512948073613656,0.7477378295255304,0.632104619045841,cross_dn
USDJPY.a,1h,-1,0.17,2022-09-09 11:00:00,142.3493155101361,2022-09-12 08:00:00,143.29375484664982,143.28318132783167,,stop,21,-16055.468720733075,-0.0,-179.74981990855457,0.0,-16055.468720733075,-163.77872655102925,-1.0113223105694564,1.0362136310458276,0.90517876778277,cross_dn
USDJPY.a,1h,1,0.13,2022-09-13 18:00:00,144.2309602350028,2022-09-14 11:00:00,143.04111174732552,143.05342990346864,,stop,17,-15468.030339804842,-0.0,-160.13602986054576,0.0,-15468.030339804842,-160.36523999443028,-1.0104610096345246,1.1294488128131974,0.6174276326707839,cross_up
USDJPY.a,1h,-1,0.16,2022-09-14 22:00:00,143.11375657803708,2022-09-15 10:00:00,143.6940255137121,144.0778452642406,,signal,12,-9284.302970800127,-0.0,-192.816438787135,0.0,-9284.302970800127,-95.6561366461814,-0.6018833578060576,0.6786133177635929,0.3316671822965154,cross_dn
USDJPY.a,1h,-1,0.23,2022-09-16 15:00:00,143.07075508749693,2022-09-19 15:00:00,143.62900880497196,143.73639206771773,,signal,24,-12839.835501925592,-0.0,-184.40502870972617,0.0,-12839.835501925592,-133.91562765595364,-0.8386759360783249,0.85969519348707,0.6441275052878184,cross_dn
USDJPY.a,1h,-1,0.34,2022-09-20 04:00:00,143.17918619194117,2022-09-20 10:00:00,143.3917517880574,143.64005108484108,,signal,6,-7227.230267951996,-0.0,-255.12158790337062,0.0,-7227.230267951996,-74.98751418245016,-0.46123191284696474,0.5941303238263839,0.5016355020805922,cross_dn
USDJPY.a,1h,-1,0.06,2022-09-22 15:00:00,141.23291473453173,2022-09-26 00:00:00,143.635360183046,143.47343958226855,,stop_gap,33,-14414.672691085627,-162.0,-68.1610982761034,0.0,-14414.672691085627,-154.18214625676927,-1.0722690493439548,1.0712156430189244,0.39361970719609063,cross_dn
USDJPY.a,1h,1,0.16,2022-09-26 02:00:00,143.49217221406388,2022-09-29 01:00:00,144.0883981727978,142.5545096452487,,signal,71,9539.615339742795,-0.0,-147.25847047018405,0.0,9539.615339742795,101.59832228341949,0.6358640928658346,0.10576535457653505,1.5046220600645117,cross_up
USDJPY.a,1h,1,0.28,2022-09-29 09:00:00,144.65009997842625,2022-10-04 19:00:00,144.3317279535957,144.120233673387,,signal,82,-8914.416695255455,-0.0,-239.23459864086345,0.0,-8914.416695255455,-95.53213482792833,-0.6008535017280641,0.9324993375255965,1.2416340033642776,cross_up
USDJPY.a,1h,1,0.28,2022-10-05 23:00:00,144.5651615466685,2022-10-21 21:00:00,148.37828651148214,144.02771487154862,,signal,286,106767.4990147823,-0.0,-935.9553569997751,0.0,106767.4990147823,1137.4962903566138,7.094889858539382,0.3389388289133137,13.727572975841818,cross_up
USDJPY.a,1h,1,0.15,2022-10-28 16:00:00,147.72526205824872,2022-11-01 17:00:00,147.45984533722483,146.67037677421254,,signal,49,-3981.250815358237,-0.0,-214.63988325506088,0.0,-3981.250815358237,-42.089105068877,-0.2516071889905904,0.6998505614032295,1.0662182502421822,cross_up
USDJPY.a,1h,1,0.17,2022-11-01 18:00:00,148.09696361543408,2022-11-02 03:00:00,147.18609148439404,147.19566715310393,,stop,9,-15484.826227680629,-0.0,-162.7863680681579,0.0,-15484.826227680629,-164.5535404084151,-1.0106243274106828,1.0018497277795007,0.3173610421441497,cross_up
USDJPY.a,1h,-1,0.19,2022-11-02 05:00:00,147.3108673537008,2022-11-03 11:00:00,148.11872404318268,148.10851007874163,,stop,30,-15349.277100156003,-0.0,-194.06532438003654,0.0,-15349.277100156003,-164.15094855783056,-1.0128051872353339,1.104670823963324,2.0583994590017727,cross_dn
USDJPY.a,1h,1,0.18,2022-11-03 14:00:00,148.29746298587875,2022-11-04 15:00:00,147.45244221539716,147.46171343939702,,stop,25,-15210.37386866874,-0.0,-166.8820319974065,0.0,-15210.37386866874,-160.4735776933758,-1.0110933042547132,1.4148532785408863,0.18012216070588669,cross_up
USDJPY.a,1h,-1,0.19,2022-11-04 17:00:00,147.15411684742867,2022-11-10 12:00:00,146.42371462343615,147.95780899998886,,signal,91,13877.64225585775,-0.0,-179.15569057359156,0.0,13877.64225585775,147.95254466151545,0.9088084556577943,0.5124887075968915,2.466263781616594,cross_dn
USDJPY.a,1h,-1,0.13,2022-11-10 16:00:00,143.70580955747712,2022-11-17 16:00:00,140.51597859695815,144.81855957039065,,signal,120,41467.802486746674,-0.0,-207.44352091158345,0.0,41467.802486746674,443.91727555131433,2.8666195672889847,0.14845242921216906,5.430518523792396,cross_dn
USDJPY.a,1h,-1,0.19,2022-11-23 17:00:00,139.96632585071129,2022-11-30 15:00:00,138.83756250320118,140.76986625040425,,signal,118,21446.503602691933,-19.0,-249.37512164399283,0.0,21446.503602691933,229.1573142838988,1.404737519036265,0.49739148080351114,3.0730574986084256,cross_dn
USDJPY.a,1h,-1,0.13,2022-12-01 00:00:00,137.98893536349752,2022-12-05 21:00:00,136.67843865468984,139.13770106764306,,signal,69,17036.45721449979,-13.0,-193.40502193616533,0.0,17036.45721449979,186.13562021840306,1.1407867627650197,0.10799820716684873,3.800544660884455,cross_dn
USDJPY.a,1h,-1,0.21,2022-12-08 20:00:00,136.5572927587,2022-12-12 04:00:00,136.86281329782187,137.30955171346136,,signal,32,-6415.931321559611,-21.0,-244.15850851855342,0.0,-6415.931321559611,-69.28507110954592,-0.406137457305246,0.7174487427287908,1.2685694901467708,cross_dn
USDJPY.a,1h,-1,0.14,2022-12-13 18:00:00,135.18365635347305,2022-12-15 10:00:00,136.2615272189049,136.25064472478223,,stop,40,-15090.192116045673,-14.000000000000002,-138.3549177169076,0.0,-15090.192116045673,-162.9975330298894,-1.0101992621618752,1.2149557402732896,0.6322996310121681,cross_dn
USDJPY.a,1h,1,0.18,2022-12-15 15:00:00,136.51969329247768,2022-12-19 04:00:00,135.86562390136288,135.68767216646577,,signal,37,-11773.249040066446,-18.0,-265.5395509354471,0.0,-11773.249040066446,-128.6834353029317,-0.7861211340268784,0.8469656243651661,1.9919045991851254,cross_up
USDJPY.a,1h,1,0.21,2022-12-19 22:00:00,136.97953268410095,2022-12-20 05:00:00,136.2462264558352,136.26302329410768,,stop,7,-15399.43079358068,-0.0,-352.7336037219522,0.0,-15399.43079358068,-173.03417171194678,-1.0234425933659317,5.413094005840475,0.6915014971453585,cross_up
USDJPY.a,1h,-1,0.1,2022-12-20 06:00:00,133.4338976715456,2022-12-23 15:00:00,132.69340520155075,134.84573652270615,,signal,81,7404.924699948481,-10.0,-88.10403101493431,0.0,7404.924699948481,83.26793678892548,0.5244879536968061,0.18635436207052553,2.029904240976065,cross_dn
USDJPY.a,1h,-1,0.22,2022-12-29 19:00:00,133.1606869205778,2023-01-04 19:00:00,132.01359870339698,133.8402606914502,,signal,93,25235.940777978103,-22.0,-378.3429494672194,0.0,25235.940777978103,278.1377713096094,1.687952458359689,0.10052341975252337,5.37643899335229,cross_dn
USDJPY.a,1h,-1,0.15,2023-01-09 03:00:00,131.82201037925978,2023-01-11 05:00:00,132.56305925695307,132.8272566381087,,signal,50,-11115.733165399319,-15.0,-151.77770859265112,0.0,-11115.733165399319,-121.59710903892054,-0.7371814330767438,0.8286423484868759,0.5123226022741055,cross_dn
USDJPY.a,1h,-1,0.21,2023-01-12 04:00:00,131.6611865360299,2023-01-18 06:00:00,131.151080387405,132.3832355344376,,signal,98,10712.229121123186,-21.0,-423.3762710097736,0.0,10712.229121123186,116.62330873236837,0.7064702669068523,0.32935917713969176,6.149425517965714,cross_dn
USDJPY.a,1h,-1,0.12,2023-01-19 02:00:00,128.53193433296474,2023-01-20 09:00:00,129.17137713059572,129.70926287013057,,signal,31,-7673.313571571725,-12.0,-129.05113429720603,0.0,-7673.313571571725,-85.80860977324414,-0.5431302966377577,0.6489825421836609,0.655666034243083,cross_dn
USDJPY.a,1h,-1,0.21,2023-01-25 17:00:00,129.689055269488,2023-01-26 17:00:00,130.42566375197967,130.41548295354008,,stop,24,-15468.778132325182,-0.0,-213.7967672316354,0.0,-15468.778132325182,-167.37319957814054,-1.0140148822286097,1.1851761013699043,0.9182679627063557,cross_dn
USDJPY.a,1h,1,0.19,2023-01-26 20:00:00,130.34142540674728,2023-01-27 02:00:00,129.5179700404408,129.52684909171228,,stop,6,-15645.651959823312,-0.0,-168.70197415861045,0.0,-15645.651959823312,-169.29898497618794,-1.0109002080070433,1.0354160699001531,0.0,cross_up
USDJPY.a,1h,-1,0.27,2023-01-30 01:00:00,129.80264602144717,2023-01-30 03:00:00,130.09049695089504,130.36349711287963,,signal,2,-7771.975095092501,-0.0,-242.83534833182276,0.0,-7771.975095092501,-83.8985129113707,-0.5132394923448903,0.6032866543749371,0.11526414485895689,cross_dn
USDJPY.a,1h,-1,0.23,2023-01-30 07:00:00,129.47465924785212,2023-01-30 10:00:00,130.14099840679737,130.1324089429842,,stop,3,-15325.800655740723,-0.0,-197.55766770298274,0.0,-15325.800655740723,-166.47706143461457,-1.01305886399756,1.0753950285082694,0.1089460753573365,cross_dn
USDJPY.a,1h,1,0.21,2023-01-30 14:00:00,130.1764989524498,2023-02-01 05:00:00,130.01731742439625,129.4665256317559,,signal,39,-3342.812089124578,-0.0,-154.66817535641076,0.0,-3342.812089124578,-36.442909262271094,-0.22420776022678213,0.6077678412310863,0.5514306469538415,cross_up
USDJPY.a,1h,1,0.32,2023-02-01 07:00:00,130.25569395549505,2023-02-01 12:00:00,129.87410517002286,129.77823676028203,,signal,5,-12210.841135110059,-0.0,-249.2691185366565,0.0,-12210.841135110059,-132.90212270051865,-0.7992104617921642,0.9481351627617178,0.3231829911707679,cross_up
USDJPY.a,1h,1,0.15,2023-02-03 18:00:00,131.08036324232904,2023-02-08 03:00:00,130.85031523489639,130.12864045570694,,signal,57,-3450.7201114898576,-0.0,-200.5429531085441,0.0,-3450.7201114898576,-37.79993882470263,-0.24171745246234438,0.6371217027189049,1.915092065978519,cross_up
USDJPY.a,1h,1,0.26,2023-02-09 07:00:00,131.4286474451421,2023-02-09 07:00:00,130.84391121700497,130.8523823847181,,stop,0,-15203.141931565426,-0.0,-220.25036054166787,0.0,-15203.141931565426,-166.4172822298003,-1.014700123771007,1.1637829380956388,0.5472352507817704,cross_up
USDJPY.a,1h,-1,0.21,2023-02-09 10:00:00,131.13936288011035,2023-02-10 02:00:00,131.52319683005118,131.8513815236058,,signal,16,-8060.512948757263,-0.0,-218.26686214895395,0.0,-8060.512948757263,-88.25474137541269,-0.5390785107205974,0.717168187314355,1.1212668199122215,cross_dn
USDJPY.a,1h,-1,0.16,2023-02-10 11:00:00,130.31966055850538,2023-02-10 11:00:00,131.23985705574873,131.2273478935068,,stop,0,-14723.143955893647,-0.0,-200.146595870924,0.0,-14723.143955893647,-162.19560489912098,-1.0137813559356548,1.2221603174543574,0.056914486424221096,cross_dn
USDJPY.a,1h,1,0.17,2023-02-10 22:00:00,131.51656804080534,2023-02-24 03:00:00,134.33362176900297,130.65430219928123,,signal,221,47889.913379359794,-0.0,-182.85985389931292,0.0,47889.913379359794,521.198455073781,3.2670362114986773,0.3659753472868185,4.46664099831094,cross_up
USDJPY.a,1h,1,0.24,2023-02-24 11:00:00,135.0727984449779,2023-03-01 14:00:00,135.33037116642643,134.46147856066952,,signal,75,6181.745314764611,-0.0,-222.18401153173738,0.0,6181.745314764611,67.34286093111416,0.4213386936365222,0.04056541528329239,3.0183895573913153,cross_up
USDJPY.a,1h,1,0.26,2023-03-02 04:00:00,136.32552574657166,2023-03-03 16:00:00,135.90909575507882,135.7487264230476,,signal,36,-10827.179778813674,-0.0,-255.02073590058114,0.0,-10827.179778813674,-117.91082473631243,-0.7219668513974349,0.8694978064597665,1.3513785846106723,cross_up
USDJPY.a,1h,1,0.25,2023-03-07 18:00:00,136.78375576794832,2023-03-09 11:00:00,136.18644383648493,136.1944927761859,,stop,41,-14932.79828658487,-0.0,-201.22349252461493,0.0,-14932.79828658487,-165.88155332062522,-1.0136593334614665,1.1484783151309597,1.9163671363006594,cross_up
USDJPY.a,1h,-1,0.22,2023-03-09 13:00:00,136.1166809836413,2023-03-10 04:00:00,136.7955581858199,136.78590604829049,,stop,15,-14935.298447929767,-0.0,-212.34702564735127,0.0,-14935.298447929767,-166.13050835576067,-1.0144228571810716,1.2810623236416017,0.4567685817349307,cross_dn
USDJPY.a,1h,1,0.18,2023-03-15 10:00:00,134.68960172804034,2023-03-15 13:00:00,133.88454851727928,133.89657507149101,,stop,3,-14490.957793699066,-0.0,-216.47797581110515,0.0,-14490.957793699066,-163.36725445973246,-1.015165384558522,1.6350039652919146,0.5351626814240142,cross_up
USDJPY.a,1h,-1,0.14,2023-03-15 15:00:00,133.5240099399259,2023-03-21 22:00:00,132.54722718179147,134.53666193305037,,signal,103,13674.95861388187,-0.0,-174.36109016164582,0.0,13674.95861388187,154.81166724302864,0.9645789123671331,0.3001920325423642,2.948702970220519,cross_dn
USDJPY.a,1h,-1,0.15,2023-03-23 01:00:00,131.3290625912343,2023-03-27 14:00:00,131.47313897327152,132.24122810307765,,signal,61,-2161.1457305581894,-0.0,-184.1691981448857,0.0,-2161.1457305581894,-24.722070551855733,-0.1579498239810199,0.3660930000421438,1.8528025553377345,cross_dn
USDJPY.a,1h,-1,0.22,2023-03-28 10:00:00,130.89381227837976,2023-03-29 04:00:00,131.53441256338107,131.52665483349335,,stop,18,-14093.206270028872,-0.0,-170.6700575296719,0.0,-14093.206270028872,-160.05534391370512,-1.0122585464979073,1.2233496552413121,0.7692470653974269,cross_dn
USDJPY.a,1h,1,0.21,2023-03-29 06:00:00,131.7170568243232,2023-04-03 23:00:00,132.44590251038477,131.05323518726036,,signal,89,15305.759407292784,-0.0,-214.09456383927508,0.0,15305.759407292784,170.360396369658,1.0979540969565469,0.2622042045711771,3.070016193949141,cross_up
USDJPY.a,1h,1,0.31,2023-04-07 09:00:00,131.78263844395838,2023-04-13 07:00:00,133.26082243196132,131.32424792867963,,signal,94,45823.70362809112,-0.0,-259.00921839720286,0.0,45823.70362809112,512.3696568244758,3.2247263822726437,0.5598685736381389,4.9398089196165955,cross_up
USDJPY.a,1h,1,0.22,2023-04-14 21:00:00,133.7680623198972,2023-04-20 23:00:00,134.27547166934895,133.09657232153177,,signal,98,11163.005687938154,-0.0,-155.24654864564502,0.0,11163.005687938154,123.34092199088079,0.7556469205600692,0.08497865945300896,2.0326999410644366,cross_up
USDJPY.a,1h,1,0.3,2023-04-24 13:00:00,134.41402348446388,2023-04-25 12:00:00,133.9194109594,133.92568478370603,,stop,23,-14838.375751916146,-0.0,-188.2147291803349,0.0,-14838.375751916146,-166.30644985286074,-1.0128472805785915,1.2246080098419605,0.6511392913210655,cross_up
USDJPY.a,1h,-1,0.28,2023-04-25 13:00:00,133.83773048971534,2023-04-27 19:00:00,134.05778954456474,134.3648186921676,,signal,54,-6161.653535783216,-0.0,-268.21449562507786,0.0,-6161.653535783216,-69.52031711835957,-0.41749948836946527,0.785958608743835,1.5608971817005683,cross_dn
USDJPY.a,1h,-1,0.26,2023-05-03 07:00:00,136.0516883718092,2023-05-08 07:00:00,134.86707202027262,136.619103794915,,signal,72,30800.025139951347,-0.0,-211.74505417624096,0.0,30800.025139951347,337.45983402889726,2.087740839070808,0.11510372388768832,4.497037387250372,cross_dn
USDJPY.a,1h,-1,0.25,2023-05-10 18:00:00,134.4202874775525,2023-05-12 13:00:00,134.70236431204555,135.02241648331687,,signal,43,-7051.920862326,-0.0,-168.21560227637346,0.0,-7051.920862326,-78.32537683067666,-0.4684657802441516,0.8083193431773827,1.121499663839085,cross_dn
USDJPY.a,1h,-1,0.23,2023-05-30 17:00:00,139.9274784635298,2023-06-02 22:00:00,139.92964380003093,140.5714376017554,,signal,77,-49.80273952580205,-0.0,-213.61480142248595,0.0,-49.80273952580205,-0.5383168619607513,-0.0033625371123520735,0.7260111841233245,2.320765984698642,cross_dn
USDJPY.a,1h,-1,0.35,2023-06-06 08:00:00,139.44646478479712,2023-06-06 15:00:00,139.89542153509151,139.8893174311559,,stop,7,-15713.486260303993,-0.0,-213.6436377467816,0.0,-15713.486260303993,-169.00051042451346,-1.0137836004499827,1.01960599968296,0.7936382173324087,cross_dn
USDJPY.a,1h,1,0.25,2023-06-07 21:00:00,140.10660126367097,2023-06-08 15:00:00,139.4961758584994,139.5024068135241,,stop,18,-15260.635129288858,-0.0,-155.77387561720545,0.0,-15260.635129288858,-163.44343703718812,-1.0103128306179607,1.4674104726639554,0.2356836218777106,cross_up
USDJPY.a,1h,-1,0.26,2023-06-08 18:00:00,138.97824721861292,2023-06-09 10:00:00,139.575500348722,139.5706051867229,,stop,16,-15528.58138283574,-0.0,-127.27421197649464,0.0,-15528.58138283574,-165.49649609689595,-1.0082638577728704,1.0546878999204976,0.3650617198632355,cross_dn
USDJPY.a,1h,1,0.39,2023-06-12 09:00:00,139.5240643678096,2023-06-12 12:00:00,139.20267801163348,139.13333510255438,,signal,3,-12534.067890868131,-0.0,-259.11509258718576,0.0,-12534.067890868131,-133.02265559328288,-0.822529523009222,0.9266374444030948,0.2711228505528442,cross_up
USDJPY.a,1h,1,0.29,2023-06-12 19:00:00,139.72502313457193,2023-06-13 15:00:00,139.19377422436008,139.2000011153189,,stop,20,-15406.218396143457,-0.0,-180.5798378059821,0.0,-15406.218396143457,-162.92772401186355,-1.0118602472477016,1.3066559294941422,0.43993748253966264,cross_up
USDJPY.a,1h,-1,0.27,2023-06-14 22:00:00,139.7061969658336,2023-06-14 23:00:00,139.9517813888688,140.28156229163142,,signal,1,-6630.779421949939,-0.0,-258.19499891543603,0.0,-6630.779421949939,-69.66202221213901,-0.4268321569337783,0.5158514440452678,0.16197876662863817,cross_dn
USDJPY.a,1h,-1,0.29,2023-06-21 01:00:00,141.36905253624892,2023-06-21 07:00:00,141.63982683505077,141.8932739664905,,signal,6,-7852.454665253758,-0.0,-221.95643294477884,0.0,-7852.454665253758,-81.5256661739433,-0.5165265728969971,0.6961704400045253,0.16606062100281777,cross_dn
USDJPY.a,1h,-1,0.42,2023-07-04 14:00:00,144.44312600989304,2023-07-05 10:00:00,144.66571307952825,144.81172943747544,,signal,20,-9348.656924678835,-0.0,-227.89868037146638,0.0,-9348.656924678835,-96.85726265870045,-0.6038659789332854,0.7728468288409795,0.6405963488775656,cross_dn
USDJPY.a,1h,-1,0.45,2023-07-05 11:00:00,144.44319499758092,2023-07-05 23:00:00,144.67314877594734,144.79113494102896,,signal,12,-10347.920026488993,-0.0,-283.38983526237644,0.0,-10347.920026488993,-107.49609740535126,-0.6609007752533665,0.7351987239064887,1.043843928873729,cross_dn
USDJPY.a,1h,-1,0.37,2023-07-06 04:00:00,144.22765052004405,2023-07-06 17:00:00,144.64695327269192,144.63900691714565,,stop,13,-15514.201847971037,-0.0,-294.015155212144,0.0,-15514.201847971037,-162.52693358960636,-1.0193174473577082,1.0364479146549967,1.635201311523324,cross_dn
USDJPY.a,1h,1,0.2,2023-07-17 18:00:00,139.1010893355129,2023-07-18 08:00:00,138.33109727268805,138.33758945018639,,stop,14,-15399.8412564971,-0.0,-129.8435499665297,0.0,-15399.8412564971,-163.03700828980357,-1.0085031807117484,1.0269671948641783,0.11645144445445935,cross_up
USDJPY.a,1h,-1,0.27,2023-07-18 09:00:00,138.44663103297722,2023-07-18 17:00:00,139.00317038874465,138.9930147915272,,stop,8,-15026.56260572053,-0.0,-274.2011248708157,0.0,-15026.56260572053,-158.79221197208926,-1.0185869309958986,1.0054635746873772,1.4104208277024466,cross_dn
USDJPY.a,1h,1,0.17,2023-07-18 21:00:00,138.90147454762126,2023-07-26 02:00:00,140.91817608170788,138.05861858944638,,signal,125,34283.92607947257,-0.0,-130.01322193140714,0.0,34283.92607947257,358.44324512982666,2.392700098429139,0.16547850942796932,3.6216454576517236,cross_up
USDJPY.a,1h,1,0.11,2023-07-28 23:00:00,141.10079118095427,2023-08-03 22:00:00,142.69951303038437,139.79991794846342,,signal,95,17585.94034373101,-0.0,-120.71333154431898,0.0,17585.94034373101,188.4620876597731,1.228960523977364,0.3142436716693226,2.1433362985776787,cross_up
USDJPY.a,1h,1,0.31,2023-08-08 04:00:00,143.01913760963396,2023-08-18 07:00:00,145.36311139715193,142.53378331850462,,signal,195,72663.18741305699,-0.0,-241.09337658035548,0.0,72663.18741305699,780.6318583437104,4.829407775635244,0.37526733143775154,7.295417914462104,cross_up
USDJPY.a,1h,1,0.29,2023-08-21 16:00:00,146.0941115445345,2023-08-22 12:00:00,145.56686635532546,145.57209977420018,,stop,20,-15290.110487062575,-0.0,-151.7691473666816,0.0,-15290.110487062575,-162.76706515357125,-1.010025480596677,1.1055527429293355,0.591726993565003,cross_up
USDJPY.a,1h,-1,0.39,2023-08-23 05:00:00,145.59895818276107,2023-08-24 20:00:00,145.90812372165175,145.98916770524102,,signal,39,-12057.456016736582,-0.0,-321.6502888375493,0.0,-12057.456016736582,-128.66962807164361,-0.7923064945360673,0.9226884442765928,2.711256701367229,cross_dn
USDJPY.a,1h,-1,0.27,2023-08-29 23:00:00,145.81559729597657,2023-08-30 10:00:00,146.38935160563952,146.38344092622904,,stop,11,-15491.366360899521,-0.0,-159.5883440825871,0.0,-15491.366360899521,-163.67356803165785,-1.0104089913060195,1.2228766284032795,0.22646603593912987,cross_dn
USDJPY.a,1h,1,0.36,2023-09-04 00:00:00,146.0916694537922,2023-09-08 04:00:00,146.9168037901953,145.6696889125906,,signal,100,29704.83611051145,-0.0,-302.12710593690826,0.0,29704.83611051145,316.2155732913782,1.9553848005727803,0.16036155032057794,4.221357082332224,cross_up
USDJPY.a,1h,1,0.34,2023-09-08 15:00:00,147.45776421130793,2023-09-11 00:00:00,146.9858829880389,147.0009330931624,,stop_gap,9,-16043.961591147252,-34.0,-241.9784066769142,0.0,-16043.961591147252,-171.20647751209694,-1.0329445708177385,1.7441110722542448,0.9067591331641914,cross_up
USDJPY.a,1h,-1,0.23,2023-09-11 05:00:00,146.90753522311877,2023-09-12 19:00:00,147.12862641480376,147.57810458016746,,signal,38,-5085.097408754791,-0.0,-166.81508097368166,0.0,-5085.097408754791,-53.8221544318484,-0.32970667293545447,0.4868471448174641,1.5010158345867772,cross_dn
USDJPY.a,1h,-1,0.31,2023-09-21 20:00:00,147.50715477379111,2023-09-22 05:00:00,148.00720485833696,148.0015112204252,,stop,9,-15501.552620921275,-0.0,-176.5027752646575,0.0,-15501.552620921275,-163.16545325260705,-1.011517272507605,1.3388016495288102,0.1682081307066683,cross_dn
USDJPY.a,1h,1,0.29,2023-09-22 10:00:00,148.33323569558218,2023-09-29 12:00:00,149.07013863366126,147.7950794408626,,signal,122,21370.18520429342,-0.0,-223.95924764835053,0.0,21370.18520429342,220.7421952293765,1.3693103659327788,0.691687018998087,2.556440238968702,cross_up
USDJPY.a,1h,1,0.3,2023-09-29 19:00:00,149.43799202197425,2023-10-03 17:00:00,148.91074209372596,148.91988165731186,,stop,46,-15817.497847448862,-0.0,-274.1869075774835,0.0,-15817.497847448862,-168.34581169225797,-1.0176401867425675,4.251974429057686,1.3916107980112675,cross_up
USDJPY.a,1h,-1,0.21,2023-10-03 21:00:00,149.0083308360132,2023-10-06 17:00:00,149.3768001949093,149.73696438284313,,signal,68,-7737.856536818243,-0.0,-159.60818619086157,0.0,-7737.856536818243,-81.58623791170197,-0.5056991412201696,0.7255624810124324,1.0270331900980303,cross_dn
USDJPY.a,1h,-1,0.43,2023-10-09 20:00:00,148.71794850460157,2023-10-10 14:00:00,149.08040654466402,149.0750859190212,,stop,18,-15585.695722685328,-0.0,-228.78690264033062,0.0,-15585.695722685328,-163.49888764922989,-1.014897978839478,1.064160404521167,1.5538794934251419,cross_dn
USDJPY.a,1h,1,0.36,2023-10-11 18:00:00,149.13943281800027,2023-10-23 22:00:00,149.56118784801063,148.7189668076563,,signal,196,15183.181080372946,-0.0,-130.4749432333956,0.0,15183.181080372946,160.22824622290196,1.0030656929090012,0.9951644311461957,2.032428688589187,cross_up
USDJPY.a,1h,1,0.75,2023-10-25 00:00:00,149.84609456340058,2023-10-27 16:00:00,149.6348857738787,149.63957800377207,,stop,64,-15840.659214141793,-0.0,-351.917242002908,0.0,-15840.659214141793,-166.50298957306168,-1.022720840894405,1.1383811730327567,4.507655164670311,cross_up
USDJPY.a,1h,-1,0.4,2023-10-27 17:00:00,149.70178242911365,2023-10-31 06:00:00,150.09031063415296,150.08401915778103,,stop,37,-15541.128201572292,-0.0,-251.65905487762882,0.0,-15541.128201572292,-163.30848123845672,-1.0164596332588502,1.0601220146977774,2.3461440564337233,cross_dn
USDJPY.a,1h,1,0.29,2023-10-31 12:00:00,150.41187354212136,2023-11-02 09:00:00,150.46332923514427,149.87771548366396,,signal,45,1492.2150976645696,-0.0,-212.90436163375696,0.0,1492.2150976645696,15.439600299836629,0.0963304628811858,0.658744235999241,2.437717520613809,cross_up
USDJPY.a,1h,1,0.48,2023-11-07 07:00:00,150.27545286911337,2023-11-14 18:00:00,150.81865244426226,149.95415223473682,,signal,131,26073.579607146712,-0.0,-321.3653508238238,0.0,26073.579607146712,266.47681085723616,1.6906271480071173,0.09477998439826486,5.0810579134225815,cross_up
USDJPY.a,1h,1,0.34,2023-11-16 04:00:00,151.2026578949233,2023-11-16 15:00:00,150.73135933461202,150.73662952955766,,stop,11,-16024.151050583614,-0.0,-179.18662815213082,0.0,-16024.151050583614,-163.4478747880175,-1.0113087428519567,1.1815973787159364,0.48997469262959836,cross_up
USDJPY.a,1h,-1,0.32,2023-11-16 18:00:00,150.40890338962694,2023-11-22 13:00:00,148.90655071376932,150.90188985791454,,signal,91,48075.28562744392,-0.0,-355.2456812361762,0.0,48075.28562744392,492.33830445112335,3.0474521563970867,0.7466667627848657,6.610533146978318,cross_dn
USDJPY.a,1h,-1,0.37,2023-11-27 09:00:00,148.99750699567963,2023-11-30 21:00:00,148.2282275312534,149.42401981235756,,signal,84,28463.340183770637,-0.0,-460.8373127509844,0.0,28463.340183770637,290.60023408128717,1.803649115208509,0.7748723869415134,5.45706226089147,cross_dn
USDJPY.a,1h,-1,0.19,2023-12-01 21:00:00,146.75544264733662,2023-12-06 05:00:00,147.34940725979692,147.60510516622304,,signal,56,-11285.32763674565,-0.0,-167.47587228263083,0.0,-11285.32763674565,-116.2053102508738,-0.6990594492019689,0.8198047309139815,0.6254749803876836,cross_dn
USDJPY.a,1h,-1,0.32,2023-12-07 05:00:00,146.85412383942077,2023-12-11 10:00:00,146.38913197461483,147.3390216164376,,signal,53,14879.739673790029,-0.0,-520.4463753482042,0.0,14879.739673790029,155.25899098014173,0.9589482295972444,0.2719669316501005,10.825217372028652,cross_dn
USDJPY.a,1h,-1,0.25,2023-12-13 01:00:00,145.42093402947413,2023-12-13 09:00:00,145.87981165863874,146.04999603232758,,signal,8,-11471.94072911546,-0.0,-240.58293193719942,0.0,-11471.94072911546,-120.07076263268006,-0.7294632756121413,0.7361213496052357,0.378236212638581,cross_dn
USDJPY.a,1h,-1,0.25,2023-12-13 17:00:00,145.2419815643912,2023-12-18 18:00:00,143.11902648987456,145.86590479349238,,signal,73,53073.87686291634,-0.0,-251.32449372831738,0.0,53073.87686291634,554.0936378208937,3.4025902154260503,0.3285956124828778,6.87741915070685,cross_dn
USDJPY.a,1h,-1,0.25,2023-12-21 06:00:00,142.90900798385505,2023-12-27 08:00:00,142.56917514856008,143.55477140412782,,signal,74,8495.82088237426,-0.0,-158.75742800351645,0.0,8495.82088237426,87.15320800959938,0.5262497450713829,0.7572309003479896,1.6198006127587912,cross_dn
USDJPY.a,1h,-1,0.32,2023-12-27 19:00:00,142.05410116965635,2024-01-02 15:00:00,142.12027378350388,142.5572656231823,,signal,68,-2117.523643120876,-0.0,-337.5221442479235,0.0,-2117.523643120876,-21.97174355465841,-0.13151289480768938,0.31977384176514595,3.5835225581239025,cross_dn
USDJPY.a,1h,-1,0.24,2024-01-08 22:00:00,144.0997024562565,2024-01-09 23:00:00,144.52412030522052,144.77947704239526,,signal,25,-10186.028375136628,-0.0,-245.77465058517456,0.0,-10186.028375136628,-105.43354641176988,-0.6243508622097703,0.7756947001191328,0.9954806638186932,cross_dn
USDJPY.a,1h,-1,0.21,2024-01-12 16:00:00,144.78072828994232,2024-01-15 09:00:00,145.53665409563297,145.52999943084447,,stop,17,-15874.44191950368,-0.0,-139.7479605584959,0.0,-15874.44191950368,-163.63451557059562,-1.0088815175511585,1.0306972575079218,0.5748630454707073,cross_dn
USDJPY.a,1h,1,0.29,2024-01-15 11:00:00,145.44449376989542,2024-01-22 17:00:00,147.8406482988985,144.89987712946132,,signal,126,69488.48134108902,-0.0,-252.39866388715092,0.0,69488.48134108902,713.2214842931515,4.399708622735355,0.032121254836209194,6.170406815748445,cross_up
USDJPY.a,1h,1,0.33,2024-01-22 22:00:00,148.03485972250604,2024-01-23 08:00:00,147.5227598751492,147.53161427803516,,stop,10,-16899.2949627756,-0.0,-292.1952952369563,0.0,-16899.2949627756,-173.76300661086955,-1.01759460116975,2.102075108932765,1.0137007360897576,cross_up
USDJPY.a,1h,-1,0.22,2024-01-23 09:00:00,147.11745013154678,2024-01-23 12:00:00,147.8717469660152,147.86186690716403,,stop,3,-16594.530358305237,-0.0,-217.3612947255097,0.0,-16594.530358305237,-170.4516089260081,-1.0132722141343125,1.0901821332281347,0.11344469162018002,cross_dn
USDJPY.a,1h,1,0.2,2024-01-23 18:00:00,148.48828244790943,2024-01-24 10:00:00,147.67279453264626,147.68005508911472,,stop,16,-16309.758305263247,-0.0,-145.21112936931934,0.0,-16309.758305263247,-167.66394262078828,-1.008983309448074,1.2871161024055997,0.25824113700114215,cross_up
USDJPY.a,1h,-1,0.26,2024-01-24 11:00:00,147.55814822694808,2024-01-26 12:00:00,147.83805786099273,148.16804637237215,,signal,49,-7277.650485161075,-0.0,-211.00877162253352,0.0,-7277.650485161075,-74.72451264591521,-0.45894488472338707,0.8720337601323971,1.485736977144005,cross_dn
USDJPY.a,1h,-1,0.37,2024-01-29 22:00:00,147.63632490581006,2024-01-31 13:00:00,147.83023188601655,148.06857037172176,,signal,39,-7174.558267640208,-0.0,-313.1595652260456,0.0,-7174.558267640208,-73.75844858452713,-0.4486038501236732,0.6771039080135316,1.2477283125977667,cross_dn
USDJPY.a,1h,-1,0.22,2024-01-31 17:00:00,146.63480815190235,2024-01-31 22:00:00,147.3635292197715,147.351787243914,,stop,5,-16031.863493121195,-0.0,-258.32346886481076,0.0,-16031.863493121195,-166.05197593239646,-1.0163770129259206,1.141165561469893,0.8742349098962968,cross_dn
USDJPY.a,1h,1,0.2,2024-02-02 18:00:00,148.28529322533515,2024-02-07 02:00:00,147.8185222138702,147.5070273587301,,signal,56,-9335.420229298847,-0.0,-139.11144519139495,0.0,-9335.420229298847,-96.71273621857063,-0.5997577839319824,0.6993666929136453,0.7821321746001283,cross_up
USDJPY.a,1h,1,0.33,2024-02-08 05:00:00,148.35664235325748,2024-02-15 16:00:00,149.82439271416058,147.879298599954,,signal,131,48435.76190980218,-0.0,-238.08086540230215,0.0,48435.76190980218,495.60968855740504,3.0748288853587886,0.14799052625827933,5.29672302034944,cross_up
USDJPY.a,1h,1,0.44,2024-02-16 12:00:00,150.29084257272464,2024-02-19 03:00:00,149.91180796982133,149.91649982553028,,stop,15,-16677.522527745965,-0.0,-206.44165119455872,0.0,-16677.522527745965,-170.0258660731736,-1.0125335825099329,1.1135318524235198,0.9487493211426998,cross_up
USDJPY.a,1h,-1,0.41,2024-02-19 04:00:00,149.9729826607516,2024-02-20 03:00:00,150.27194659298834,150.36598797574726,,signal,23,-12257.521221706555,-0.0,-159.62062504412876,0.0,-12257.521221706555,-124.93429787698071,-0.7607121858900182,0.916062265601611,0.20097097351587673,cross_dn
USDJPY.a,1h,-1,0.48,2024-02-20 18:00:00,149.78228930149925,2024-02-21 09:00:00,150.12251912772524,150.11894018279403,,stop,15,-16331.031658847678,-0.0,-171.7893566972402,0.0,-16331.031658847678,-165.72717405509675,-1.0106310279582258,1.0982020812742317,0.11670636758217436,cross_dn
USDJPY.a,1h,1,0.52,2024-02-21 20:00:00,150.307522575606,2024-02-27 11:00:00,150.16868453246352,149.99292251457854,,signal,87,-7219.578243408478,-0.0,-240.8086237926324,0.0,-7219.578243408478,-73.3180547123981,-0.44131600829650597,0.929823645458473,1.6893748292936328,cross_up
USDJPY.a,1h,1,0.56,2024-02-28 08:00:00,150.60028795569744,2024-02-29 03:00:00,150.30620102654066,150.31000596380926,,stop,19,-16468.868032779483,-0.0,-213.0764870417551,0.0,-16468.868032779483,-168.62637918673724,-1.0131077275715512,1.409966746594121,0.8395699737255369,cross_up
USDJPY.a,1h,-1,0.42,2024-02-29 05:00:00,149.783969338781,2024-03-01 01:00:00,150.1704114636518,150.16435824102282,,stop,20,-16230.569244573473,-0.0,-254.23535041686924,0.0,-16230.569244573473,-166.3857175218232,-1.015913247188046,1.0411204398577267,1.519416931920788,cross_dn
USDJPY.a,1h,1,0.37,2024-03-01 12:00:00,150.62669875930996,2024-03-01 17:00:00,150.18891188107983,150.19524393904067,,stop,5,-16198.114494514728,-0.0,-234.2861445505218,0.0,-16198.114494514728,-165.1786837161381,-1.0146760626219935,1.2578345027440616,0.21624799702505218,cross_up
USDJPY.a,1h,-1,0.28,2024-03-04 00:00:00,149.99652069603846,2024-03-04 13:00:00,150.42118904196585,150.56148322559133,,signal,13,-11890.71368596683,-0.0,-178.58635008713776,0.0,-11890.71368596683,-121.19357268098015,-0.7516752416544893,0.8309919320368178,0.2823562408018801,cross_dn
USDJPY.a,1h,-1,0.43,2024-03-05 18:00:00,149.97288950435353,2024-03-12 18:00:00,147.9082902074506,150.3439513370246,,signal,120,88777.76976682646,-0.0,-454.9578407510041,0.0,88777.76976682646,910.8015565744894,5.56403034513413,0.6821248464830273,9.41322765321917,cross_dn
USDJPY.a,1h,-1,0.36,2024-03-27 20:00:00,151.31846862940193,2024-04-01 15:00:00,151.39064630651336,151.76860758051035,,signal,66,-2598.396376011351,-0.0,-118.53406896032115,0.0,-2598.396376011351,-26.33157912769941,-0.16034532655682734,0.5032476528419644,0.37425916816817223,cross_dn
USDJPY.a,1h,-1,0.53,2024-04-04 22:00:00,151.1994000814659,2024-04-05 15:00:00,151.51771778844198,151.51279672574213,,stop,17,-16870.838469731953,-0.0,-260.8163230917268,0.0,-16870.838469731953,-169.52260120845136,-1.0157023464983654,1.7536879496695363,1.239324314920142,cross_dn
USDJPY.a,1h,1,0.5,2024-04-08 01:00:00,151.58767781594753,2024-04-18 11:00:00,154.26500823448848,151.25533246860172,,signal,202,133866.52092704736,-0.0,-299.1765511519449,0.0,133866.52092704736,1345.146150866329,8.05586851124222,0.05018218573157278,9.626499090789325,cross_up
USDJPY.a,1h,1,0.47,2024-04-18 13:00:00,154.42183504271148,2024-04-19 04:00:00,154.049413909369,154.0542057888415,,stop,15,-17503.793267096113,-0.0,-225.21833520776661,0.0,-17503.793267096113,-177.90405003377745,-1.0130345434212558,1.2208904432567478,0.702242693068803,cross_up
USDJPY.a,1h,-1,0.1,2024-04-29 23:00:00,156.0236585383249,2024-04-30 06:00:00,156.7313907314811,157.77019676395767,,signal,7,-7077.321931562041,-0.0,-207.81462962197853,0.0,-7077.321931562041,-69.10631423046753,-0.4052199847499992,0.561878032368606,0.005530104170142478,cross_dn
USDJPY.a,1h,-1,0.12,2024-05-02 01:00:00,154.1674773627497,2024-05-02 02:00:00,155.63630698448145,155.61770116831138,,stop,1,-17625.95546078091,-0.0,-223.26979404095147,0.0,-17625.95546078091,-173.33869499792058,-1.0128296171244129,1.0953637853400509,0.00032916488329262064,cross_dn
USDJPY.a,1h,1,0.29,2024-05-07 06:00:00,154.5526071687589,2024-05-15 15:00:00,155.6714278972229,153.9493426670729,,signal,153,32445.80112545645,-0.0,-265.18196107064716,0.0,32445.80112545645,313.98061451014195,1.8546105818213148,0.9524962386365857,3.644160770436612,cross_up
USDJPY.a,1h,1,0.32,2024-05-17 07:00:00,155.79630209900554,2024-05-28 07:00:00,156.6569336302623,155.23575590309997,,signal,168,27540.20900021624,-0.0,-132.2476632126883,0.0,27540.20900021624,263.5665634664234,1.5353445220806303,0.9959965888334981,2.495241090227766,cross_up
USDJPY.a,1h,1,0.65,2024-05-28 13:00:00,156.9472109004522,2024-05-28 15:00:00,156.665783297667,156.6691864775886,,stop,2,-18292.794181038946,-0.0,-221.20669490362576,0.0,-18292.794181038946,-175.0514566023624,-1.0122405790345792,1.0474292058689356,0.010031850867833765,cross_up
USDJPY.a,1h,-1,0.63,2024-05-28 16:00:00,156.67652184100092,2024-05-28 19:00:00,156.96535860120966,156.9615983267995,,stop,3,-18196.715893150526,-0.0,-236.89728783999254,0.0,-18196.715893150526,-174.0870046804751,-1.0131904053735656,1.1276909005613533,0.3175352774092486,cross_dn
USDJPY.a,1h,1,0.56,2024-05-28 20:00:00,156.97155493177772,2024-05-30 10:00:00,156.6491619339491,156.65464379915343,,stop,38,-18054.007878402444,-0.0,-306.98445144220767,0.0,-18054.007878402444,-174.04242001014293,-1.017297799414418,1.3838419879609019,2.330132936976242,cross_up
USDJPY.a,1h,-1,0.38,2024-05-30 15:00:00,156.7251541647363,2024-05-31 11:00:00,157.19771083155453,157.19190090088492,,stop,20,-17957.15333909294,-0.0,-220.77736544512604,0.0,-17957.15333909294,-171.94078896870235,-1.0124477156874292,1.2894484067095062,0.7566291039340658,cross_dn
USDJPY.a,1h,1,0.33,2024-05-31 21:00:00,157.22305194030446,2024-06-03 14:00:00,156.68648666429465,156.69216188208955,,stop,17,-17706.65410832373,-0.0,-187.28218723178543,0.0,-17706.65410832373,-169.5694135870773,-1.0106900057876105,1.1001372718643376,0.47834397304299453,cross_up
USDJPY.a,1h,-1,0.36,2024-06-03 16:00:00,156.77812475575737,2024-06-05 22:00:00,156.1037029829642,157.26597518651033,,signal,54,24279.18382055452,-0.0,-338.61477342355255,0.0,24279.18382055452,233.8455614866393,1.382435538187938,0.12273278953593715,4.597976376274386,cross_dn
USDJPY.a,1h,-1,0.29,2024-06-06 05:00:00,155.64213340238987,2024-06-06 10:00:00,156.25717337032336,156.24942660136236,,stop,5,-17836.159070071033,-0.0,-224.65629986904162,0.0,-17836.159070071033,-171.63363989331597,-1.0127562254510774,1.1030365542435263,0.35095634653983376,cross_dn
USDJPY.a,1h,1,0.27,2024-06-06 11:00:00,156.2851699045949,2024-06-06 22:00:00,155.6264970706838,155.63443591991654,,stop,11,-17784.16651560002,-0.0,-214.3489292838589,0.0,-17784.16651560002,-171.4462195164002,-1.0121998380592767,1.2480828168154139,0.2440783778698493,cross_up
USDJPY.a,1h,-1,0.26,2024-06-06 23:00:00,155.60694975999877,2024-06-07 15:00:00,156.28210690079814,156.2725707693946,,stop,16,-17554.085660783643,-0.0,-247.93941649175585,0.0,-17554.085660783643,-169.458163096304,-1.0143266682825884,1.9110728508341768,0.730069744102343,cross_dn
USDJPY.a,1h,1,0.21,2024-06-07 17:00:00,156.9613793068272,2024-06-12 15:00:00,156.14798702949363,156.15397792710786,,stop,70,-17081.237824005115,-0.0,-125.80884989886184,0.0,-17081.237824005115,-163.54648666876173,-1.0074199744571997,1.1102028425301806,0.5469654923382531,cross_up
USDJPY.a,1h,-1,0.3,2024-06-12 18:00:00,155.76457542709952,2024-06-12 21:00:00,156.35671218401347,156.34876942891376,,stop,3,-17764.10270741877,-0.0,-238.2826529913066,0.0,-17764.10270741877,-169.96364448259737,-1.0135960914953814,1.5721225655317759,0.07972595910756398,cross_dn
USDJPY.a,1h,1,0.33,2024-06-13 11:00:00,157.28001677654493,2024-06-13 15:00:00,156.75448845977033,156.76101084972112,,stop,4,-17342.43445356171,-0.0,-215.23886837608953,0.0,-17342.43445356171,-165.8688583872994,-1.0125670818264139,1.346837753516133,0.05969724400777261,cross_up
USDJPY.a,1h,-1,0.43,2024-07-04 12:00:00,161.24183527991156,2024-07-09 13:00:00,161.0490321117117,161.6587507811367,,signal,73,8290.536232593326,-0.0,-260.761607208417,0.0,8290.536232593326,76.38074086322447,0.4624514263280687,0.37457163293171036,2.3525996923340826,cross_dn
USDJPY.a,1h,-1,0.21,2024-07-11 16:00:00,158.6466857473558,2024-07-19 08:00:00,157.4828599488665,159.4711109328726,,signal,136,24440.34176827557,-21.0,-204.11785239196442,0.0,24440.34176827557,231.15901075253706,1.4116815193603938,0.9743931490164639,3.974509518776798,cross_dn
USDJPY.a,1h,-1,0.25,2024-07-22 12:00:00,156.79064097693862,2024-07-30 00:00:00,153.97018778298616,157.46952233518408,,signal,132,70511.3298488115,-575.0,-259.38914930823955,0.0,70511.3298488115,699.1902461977672,4.154559791186183,0.5602731882996376,7.14652261107518,cross_dn
USDJPY.a,1h,-1,0.18,2024-07-30 23:00:00,153.26840848735796,2024-08-07 08:00:00,147.64386217813035,154.17562670181286,,signal,129,101241.833566097,-18.0,-571.0384126922072,0.0,101241.833566097,1051.3334663098315,6.199772248407848,0.6961847795588368,12.772460145457078,cross_dn
USDJPY.a,1h,-1,0.24,2024-08-13 23:00:00,146.8226275601714,2024-08-14 15:00:00,147.54484059979535,147.5340592076957,,stop,16,-17333.11295097451,-0.0,-258.75341039195473,0.0,-17333.11295097451,-177.66051019923714,-1.0151545016828776,1.0659807480699628,1.0579056509370905,cross_dn
USDJPY.a,1h,1,0.22,2024-08-15 01:00:00,147.2527124646623,2024-08-19 04:00:00,147.81239739223372,146.50755283392493,,signal,51,12313.068406571347,-0.0,-246.51474171746554,0.0,12313.068406571347,124.98141684771062,0.7510939998421502,0.2666710010386097,2.8615177840857013,cross_up
USDJPY.a,1h,1,0.18,2024-08-22 21:00:00,146.32213679053615,2024-08-23 05:00:00,145.3741502242509,145.38412435090376,,stop,8,-17063.758193134276,-0.0,-179.5342797511463,0.0,-17063.758193134276,-174.58227669611674,-1.0106332562676446,1.0992783751783295,0.054224450886573586,cross_up
USDJPY.a,1h,-1,0.2,2024-08-23 10:00:00,145.44803475287168,2024-08-23 13:00:00,146.14648582650906,146.28339865188943,,signal,3,-13969.021472747727,-0.0,-259.4330603632973,0.0,-13969.021472747727,-142.1672729029809,-0.8361039715250437,0.8486903108477143,0.041939510329404794,cross_dn
USDJPY.a,1h,-1,0.16,2024-08-23 19:00:00,144.8580477615292,2024-08-28 23:00:00,144.7073036076206,145.89164748645393,,signal,76,2411.9064625378996,-0.0,-169.7154438588478,0.0,2411.9064625378996,24.58650368584597,0.1458438409700591,0.3066489191392605,1.366145643693977,cross_dn
USDJPY.a,1h,-1,0.26,2024-08-29 02:00:00,144.2919449759685,2024-08-29 06:00:00,144.59204457156818,144.92983015808645,,signal,4,-7802.5894855915685,-0.0,-262.31772154596933,0.0,-7802.5894855915685,-79.43013112073629,-0.47046020822002593,0.6349967602110022,0.11435439795970044,cross_dn
USDJPY.a,1h,-1,0.21,2024-09-03 20:00:00,145.76082117615596,2024-09-10 10:00:00,143.41064627933332,146.56468782515756,,signal,110,49353.67283327537,-0.0,-237.1437319989047,0.0,49353.67283327537,516.1155571514503,2.9235880102023524,0.18557658043074418,4.968263307249091,cross_dn
USDJPY.a,1h,-1,0.22,2024-09-10 17:00:00,143.0008635272125,2024-09-12 11:00:00,142.7727006778992,143.73302518293494,,signal,42,5019.582684892442,-0.0,-294.8298275647906,0.0,5019.582684892442,52.766324667517935,0.311629061055043,0.06437987078277521,3.130269810361785,cross_dn
USDJPY.a,1h,-1,0.19,2024-09-12 17:00:00,142.00953250251942,2024-09-12 18:00:00,142.48545553337485,142.88693235315537,,signal,1,-9042.537586253104,-0.0,-283.3102682434265,0.0,-9042.537586253104,-94.94669198848248,-0.5424243353933443,0.7493362313704964,0.005165834614787395,cross_dn
USDJPY.a,1h,-1,0.17,2024-09-12 19:00:00,142.23544129043765,2024-09-17 18:00:00,141.70239698110964,143.17594167185337,,signal,71,9061.75325857609,-0.0,-217.49735772771385,0.0,9061.75325857609,94.64128083941269,0.5667667125510614,0.4482281112186236,2.8276876256386525,cross_dn
USDJPY.a,1h,-1,0.22,2024-09-25 02:00:00,143.02998452531327,2024-09-25 10:00:00,143.821109863696,143.81204466936939,,stop,8,-17404.75744442,-0.0,-199.43427518553926,0.0,-17404.75744442,-175.81171973312811,-1.0115914286075154,1.1239742638305956,0.15853579325781977,cross_dn
USDJPY.a,1h,1,0.23,2024-09-25 13:00:00,144.1888610889056,2024-09-27 09:00:00,143.4216612698937,143.43843033962668,,stop,44,-17645.595837274184,-0.0,-385.6886038587689,0.0,-17645.595837274184,-179.019263055673,-1.0223459256554988,1.4083392637110246,3.065091500187762,cross_up
USDJPY.a,1h,-1,0.12,2024-09-27 14:00:00,143.22219735271716,2024-10-01 06:00:00,144.01702408639412,144.62712559576724,,signal,40,-9537.920804123472,-0.0,-168.57807345905974,0.0,-9537.920804123472,-95.60564298920046,-0.5657418715929565,0.6454441013401332,1.1226177283567709,cross_dn
USDJPY.a,1h,-1,0.37,2024-10-16 01:00:00,149.18032944654126,2024-10-16 17:00:00,149.66008889373194,149.65268988867425,,stop,16,-17751.099546054917,-0.0,-273.76318713454793,0.0,-17751.099546054917,-177.9063515863954,-1.0156638964606808,1.197540062636097,0.6866143258667787,cross_dn
USDJPY.a,1h,1,0.27,2024-10-16 18:00:00,149.63486319360715,2024-10-21 00:00:00,149.4603349118218,149.01341624519245,,signal,54,-4712.263608204239,-1053.0,-197.91476162190582,0.0,-4712.263608204239,-47.00552791994846,-0.2808418035208969,0.6321749501053021,1.1073138393362236,cross_up
USDJPY.a,1h,1,0.34,2024-10-21 16:00:00,149.92805603977453,2024-10-25 09:00:00,151.71831256281453,149.41987926112253,,signal,89,60868.72178336001,-0.0,-318.74572861341625,0.0,60868.72178336001,604.9647967225974,3.5229010813694983,0.007981552768476393,6.414980174562181,cross_up
USDJPY.a,1h,1,0.31,2024-10-25 12:00:00,151.96247555375237,2024-10-25 15:00:00,151.7904659505853,151.39767545641067,,signal,3,-5332.297698179588,-0.0,-281.11106371223826,0.0,-5332.297698179588,-52.82073629282915,-0.3045495281900033,0.46826400171874466,0.2364100977958082,cross_up
USDJPY.a,1h,1,0.3,2024-10-25 17:00:00,152.0176404813831,2024-10-31 10:00:00,152.16245775848498,151.42951212150646,,signal,89,4344.518313056369,-0.0,-392.53449090281663,0.0,4344.518313056369,43.39422966514569,0.24623413353550197,0.18812301689769603,3.1682871388955984,cross_up
USDJPY.a,1h,1,2.53,2024-11-04 00:00:00,152.3244479682665,2024-11-04 01:00:00,152.4265797437525,152.25442734873883,,signal,1,25839.339197961774,-0.0,-3248.6496612224005,0.0,25839.339197961774,257.44366566611467,1.4585957133049756,0.948977154368528,3.3354750830390767,cross_up
USDJPY.a,1h,1,0.16,2024-11-06 05:00:00,154.05993392346056,2024-11-07 17:00:00,152.9803784561987,152.9900487649218,,stop,36,-17272.88747618968,-0.0,-154.72493956935818,0.0,-17272.88747618968,-168.90220637621601,-1.0090386418074024,1.1271620265371238,0.6113423214812606,cross_up
USDJPY.a,1h,-1,0.22,2024-11-08 00:00:00,152.90187916457137,2024-11-11 10:00:00,153.64515211376911,153.70765092308218,,signal,34,-16352.0048823504,-0.0,-226.69300584175247,0.0,-16352.0048823504,-161.59475989095097,-0.9224360885661015,0.9520324177734827,0.9529735392942249,cross_dn
USDJPY.a,1h,-1,0.18,2024-11-15 20:00:00,154.2763318620898,2024-11-18 14:00:00,155.24144230483031,155.23048010329742,,stop,18,-17371.987969329435,-0.0,-197.31962759215824,0.0,-17371.987969329435,-173.41723561015291,-1.0114889920239398,1.0498034735592274,0.4625401410699072,cross_dn
USDJPY.a,1h,1,0.23,2024-11-20 08:00:00,155.20187523605102,2024-11-21 10:00:00,154.44859969489255,154.45779514697807,,stop,26,-17325.33744664488,-0.0,-211.49539796696735,0.0,-17325.33744664488,-172.06346827830052,-1.0123581482968824,1.0736414638461151,0.9207675007169897,cross_up
USDJPY.a,1h,-1,0.22,2024-11-21 13:00:00,154.39293478420024,2024-12-04 12:00:00,150.6292480406547,155.16420212689326,,signal,215,82801.10835800206,-0.0,-274.91378880611177,0.0,82801.10835800206,855.9499720023553,4.879873080589594,0.8195150770844225,7.4551772983454425,cross_dn
USDJPY.a,1h,-1,0.26,2024-12-06 02:00:00,150.12158091852572,2024-12-06 13:00:00,150.57493630934914,150.77449173692256,,signal,11,-11787.240161408876,-0.0,-256.6880861560867,0.0,-11787.240161408876,-122.0587403098459,-0.6943603598675141,0.8859082514431671,0.5415455044747304,cross_dn
USDJPY.a,1h,-1,0.21,2024-12-06 17:00:00,149.65057745389106,2024-12-09 10:00:00,150.43832765715817,150.43130428389645,,stop,17,-16542.754268609286,-0.0,-147.4908384961843,0.0,-16542.754268609286,-170.8802903736025,-1.0089959419758487,1.1161683096031334,0.014829071380792778,cross_dn
USDJPY.a,1h,1,0.31,2024-12-09 13:00:00,150.46026715769096,2024-12-18 01:00:00,153.4429763061326,149.90488261852414,,signal,156,92463.98360169092,-0.0,-249.46901977894714,0.0,92463.98360169092,949.7955469109435,5.370529674657927,0.13372204743470656,7.235946553963982,cross_up
USDJPY.a,1h,1,0.37,2024-12-18 16:00:00,153.85175787092496,2024-12-30 18:00:00,157.16955031460654,153.38020968318023,,signal,168,122758.32041621856,-0.0,-329.2767191163654,0.0,122758.32041621856,1255.593438365665,7.0359563028957055,0.3621217838660921,8.977326684938276,cross_up
USDJPY.a,1h,1,0.21,2025-01-02 20:00:00,157.57358107704502,2025-01-06 14:00:00,156.70705524993613,156.71497039778515,,stop,42,-18197.04236928663,-0.0,-166.2181048293036,0.0,-18197.04236928663,-184.57022420463312,-1.0092185527622852,1.112938727793074,0.4535453988187721,cross_up
USDJPY.a,1h,-1,0.35,2025-01-09 18:00:00,157.96905763090362,2025-01-09 20:00:00,158.11174673661884,158.4837419937457,,signal,2,-4994.1187000327145,-0.0,-262.2715633182277,0.0,-4994.1187000327145,-50.979215722473036,-0.27723613930544616,0.326301673843375,0.09725889208522297,cross_dn
USDJPY.a,1h,-1,0.2,2025-01-10 19:00:00,157.6842319239979,2025-01-14 18:00:00,157.97227766822277,158.5562025387414,,signal,47,-5760.914884497197,-0.0,-251.10672891078124,0.0,-5760.914884497197,-58.998586157179695,-0.33033882031632456,0.534155702183974,0.8844700852961555,cross_dn
USDJPY.a,1h,-1,0.28,2025-01-15 10:00:00,156.8785284232269,2025-01-20 13:00:00,156.37865726694125,157.52751995022228,,signal,75,13996.392375998199,-0.0,-260.80694871070926,0.0,13996.392375998199,144.2877413196464,0.77022755381705,0.5076669926623606,2.929974189386304,cross_dn
USDJPY.a,1h,-1,0.25,2025-01-20 17:00:00,155.54114618801776,2025-01-22 15:00:00,155.819153696604,156.25535930530037,,signal,46,-6950.187714655698,-0.0,-257.68483020023444,0.0,-6950.187714655698,-70.95937347428811,-0.38925007376505727,0.9728942176614723,1.0811145431710436,cross_dn
USDJPY.a,1h,-1,0.24,2025-01-24 06:00:00,155.4778029217578,2025-01-24 14:00:00,156.23096513274183,156.21976053260235,,stop,8,-18075.893063616375,-0.0,-268.91040334736414,0.0,-18075.893063616375,-183.1107863123043,-1.01510140198808,1.3440081531168824,0.8542306359475041,cross_dn
USDJPY.a,1h,1,0.2,2025-01-28 19:00:00,155.66163996458553,2025-01-29 10:00:00,155.28377560827462,154.7894278442569,,signal,15,-7557.287126218172,-0.0,-208.975669014663,0.0,-7557.287126218172,-78.10273684368117,-0.43322529864470716,0.7562838777532435,0.14945909644703267,cross_up
USDJPY.a,1h,1,0.24,2025-01-31 22:00:00,155.14649609552828,2025-02-03 14:00:00,154.41362409224624,154.423217909654,,stop,16,-17588.928078768957,-0.0,-230.2516177860197,0.0,-17588.928078768957,-184.8957844590455,-1.013264353322318,1.184186267823047,1.0196683916026508,cross_up
USDJPY.a,1h,-1,0.2,2025-02-03 23:00:00,154.70714796245576,2025-02-04 02:00:00,155.27371015542445,155.56169736172538,,signal,3,-11331.243859373786,-0.0,-268.40621697825287,0.0,-11331.243859373786,-117.46758411229267,-0.6629952504242949,0.6902491980549991,0.18623611764490872,cross_dn
USDJPY.a,1h,-1,0.24,2025-02-04 20:00:00,154.26437450654979,2025-02-11 15:00:00,152.38214567730336,154.9949702721452,,signal,115,45173.491901914305,-0.0,-198.99251056111208,0.0,45173.491901914305,472.4040401511067,2.5762930992523314,0.2691303491062317,4.5639116233207,cross_dn
USDJPY.a,1h,-1,0.26,2025-02-14 01:00:00,152.83842977891058,2025-02-27 14:00:00,149.8014184300438,153.5176836081904,,signal,229,78962.29507053601,-0.0,-281.75836227880563,0.0,78962.29507053601,838.2056670006108,4.471099341591914,0.4660558504691349,6.3001923499612555,cross_dn
USDJPY.a,1h,-1,0.19,2025-03-04 02:00:00,149.30555721698428,2025-03-12 01:00:00,147.72708260925097,150.20095155980772,,signal,143,29991.01754693294,-0.0,-269.1391515372382,0.0,29991.01754693294,321.9218070085637,1.7628820422920326,0.9844185303162459,3.0875303592681185,cross_dn
USDJPY.a,1h,-1,0.23,2025-03-13 21:00:00,147.62020351042477,2025-03-14 04:00:00,148.3757238893437,148.36779667358815,,stop,7,-17376.968715135405,-0.0,-182.32596237777693,0.0,-17376.968715135405,-186.50583010241377,-1.010603649345875,1.0885552860485221,0.06982876917154546,cross_dn
USDJPY.a,1h,1,0.27,2025-03-14 06:00:00,148.25296118864858,2025-03-20 03:00:00,148.4548900756898,147.6072630665344,,signal,93,5452.079950112932,-0.0,-329.93591275107275,0.0,5452.079950112932,57.956598000839804,0.31272955600373703,0.024719273762679787,2.934868085331458,cross_up
USDJPY.a,1h,1,0.3,2025-03-21 10:00:00,149.58487629698206,2025-03-21 14:00:00,148.9903958898478,148.99796002164592,,stop,4,-17834.412214027678,-0.0,-226.92395394383297,0.0,-17834.412214027678,-190.35403045663082,-1.012887923058169,1.2401705789555653,0.13651641023593034,cross_up
USDJPY.a,1h,-1,0.27,2025-03-28 20:00:00,150.0848559087556,2025-04-02 21:00:00,150.14201088530396,150.73362766751444,,signal,73,-1543.1843668057468,-0.0,-270.5878064133233,0.0,-1543.1843668057468,-16.35516174392006,-0.08809720179205034,0.28383493695331324,2.1376638086231954,cross_dn
USDJPY.a,1h,-1,0.2,2025-04-03 01:00:00,148.66294499804334,2025-04-07 20:00:00,147.95367793127863,149.51490410954713,,signal,67,14185.341335294199,-0.0,-507.1172511447336,0.0,14185.341335294199,159.80163246010787,0.8325130363507546,0.039972577905234126,4.831153212010744,cross_dn
USDJPY.a,1h,-1,0.14,2025-04-08 23:00:00,146.27186756988874,2025-04-09 21:00:00,147.48525786720646,147.46328866882268,,stop,22,-16987.46416244802,-0.0,-307.56877737293536,0.0,-16987.46416244802,-187.59009564729277,-1.018439490792491,1.684654092417191,1.9110519126495453,cross_dn
USDJPY.a,1h,1,0.1,2025-04-10 03:00:00,147.41900331184655,2025-04-10 13:00:00,145.78876838555627,145.80474648219658,,stop,10,-16302.349262902851,-0.0,-159.78096640311173,0.0,-16302.349262902851,-181.21810018761838,-1.009898113080169,1.155332458621808,0.027874553371537096,cross_up
USDJPY.a,1h,-1,0.13,2025-04-10 15:00:00,145.51936367914215,2025-04-23 02:00:00,143.0209319769917,146.82104319240503,,signal,202,32479.612127955734,-0.0,-206.2314017840753,0.0,32479.612127955734,356.997417342739,1.919390815245831,0.06194790655936508,4.328533730256425,cross_dn
USDJPY.a,1h,-1,0.23,2025-04-28 21:00:00,142.35622014097981,2025-04-30 12:00:00,143.09525607579346,143.08836563733163,,stop,39,-16997.826500713785,-0.0,-158.48008462203074,0.0,-16997.826500713785,-185.7168122681938,-1.0094112966564128,1.0869149137506602,0.5357133833837612,cross_dn
USDJPY.a,1h,1,0.31,2025-04-30 15:00:00,143.0196496193636,2025-05-05 14:00:00,143.9499721601598,142.4606666241289,,signal,71,28839.99876468212,-0.0,-373.72607009192313,0.0,28839.99876468212,309.17652881497645,1.6643127764656938,0.9278450754048817,5.195775909814354,cross_up
USDJPY.a,1h,1,0.23,2025-05-08 02:00:00,143.89076571512115,2025-05-14 13:00:00,145.87643448552276,143.1342306567672,,signal,107,45670.381719237186,-0.0,-302.0136659533519,0.0,45670.381719237186,483.3156716345331,2.6246883716426255,0.6024383273298434,6.294796562687158,cross_up
USDJPY.a,1h,1,0.26,2025-05-27 13:00:00,143.9184288028449,2025-05-30 02:00:00,144.00642518605736,143.23900730934378,,signal,61,2287.9059635242247,-0.0,-289.8903250181938,0.0,2287.9059635242247,24.698395619593015,0.12951663150810586,0.09924443587650045,3.4920461301997876,cross_up
USDJPY.a,1h,1,0.29,2025-06-03 22:00:00,143.91286835701428,2025-06-04 17:00:00,143.28272972491382,143.29283655576955,,stop,19,-18274.020330913172,-0.0,-293.0980948159216,0.0,-18274.020330913172,-196.39698567474494,-1.0163005039990585,1.4819697234394051,0.7792046182402557,cross_up
USDJPY.a,1h,-1,0.22,2025-06-04 21:00:00,142.7698521288687,2025-06-05 15:00:00,143.58817325596996,143.57936726767554,,stop,18,-18003.06479622765,-0.0,-193.73174247724572,0.0,-18003.06479622765,-192.66636761633225,-1.0108781020542814,1.135430119918508,0.2987617121344858,cross_dn
USDJPY.a,1h,1,0.21,2025-06-05 23:00:00,143.69364551633194,2025-06-12 02:00:00,144.2479782688006,142.84102664762617,,signal,99,11640.987801842017,-0.0,-210.91271037431844,0.0,11640.987801842017,124.04564513486717,0.6501530435399718,0.35965133729377813,2.0775454880055295,cross_up
USDJPY.a,1h,1,0.24,2025-06-16 02:00:00,144.47982814066637,2025-06-16 17:00:00,143.7380676337942,143.74617337183187,,stop,15,-17802.252164932044,-0.0,-194.53771290402022,0.0,-17802.252164932044,-188.96927164004074,-1.011048436379072,1.1324510872957914,0.37098083580376373,cross_up
USDJPY.a,1h,-1,0.25,2025-06-24 08:00:00,145.41435963264516,2025-07-03 15:00:00,143.86840077890736,146.13108791314917,,signal,175,38648.971343445024,-0.0,-270.0389453683744,0.0,38648.971343445024,407.14309889886243,2.156966448499365,0.7515265994193281,3.809476627216565,cross_dn
USDJPY.a,1h,-1,0.29,2025-07-21 10:00:00,147.92883272207044,2025-07-25 02:00:00,147.0623302506861,148.56713356744007,,signal,88,25128.571670145757,-0.0,-251.15453979422043,0.0,25128.571670145757,259.20025351966063,1.357514215546059,0.49219310957927354,3.253689443052173,cross_dn
USDJPY.a,1h,-1,0.19,2025-08-01 20:00:00,147.820496384329,2025-08-08 14:00:00,147.8038571209415,148.79464057109638,,signal,114,316.14600436256524,-0.0,-184.57059577706153,0.0,316.14600436256524,3.2792038775120753,0.017080904052530026,0.27870988644091055,1.2323600557662384,cross_dn
USDJPY.a,1h,-1,0.36,2025-08-13 11:00:00,147.52568239891608,2025-08-15 02:00:00,147.78115365400987,148.0460232228349,,signal,39,-9196.965183376618,-0.0,-299.0630887123116,0.0,-9196.965183376618,-95.84479900363027,-0.4909690790158996,0.836600899013561,2.5227357504451535,cross_dn
USDJPY.a,1h,-1,0.36,2025-08-15 08:00:00,147.13606689675726,2025-08-18 09:00:00,147.38968614696432,147.64484082113648,,signal,25,-9130.293007454384,-0.0,-265.4025814305614,0.0,-9130.293007454384,-95.13523317093272,-0.4984910547774553,0.8823822954183639,0.7961628482660511,cross_dn
USDJPY.a,1h,-1,0.38,2025-08-20 13:00:00,147.4762386192008,2025-08-21 14:00:00,147.84546837146178,147.96153203065916,,signal,25,-14030.730585916615,-0.0,-263.5962310935782,0.0,-14030.730585916615,-147.66829573871078,-0.7608381724190325,0.858782276781355,1.2512813997948498,cross_dn
USDJPY.a,1h,-1,0.26,2025-08-22 21:00:00,146.63847336290712,2025-08-25 03:00:00,147.34185364165742,147.33427807019598,,stop,6,-18287.887247507853,-0.0,-196.96485799749922,0.0,-18287.887247507853,-191.3766499541193,-1.0108874967100496,1.2784142271167351,0.04954459569759119,cross_dn
USDJPY.a,1h,1,0.41,2025-08-27 08:00:00,147.94753047896234,2025-08-27 19:00:00,147.4939299024741,147.5000509089158,,stop,11,-18597.623636017914,-0.0,-250.96126411007737,0.0,-18597.623636017914,-193.89828491594463,-1.013678851173174,1.3487330357888114,0.5262128973020334,cross_up
USDJPY.a,1h,-1,0.4,2025-08-28 01:00:00,147.37533087001626,2025-09-01 19:00:00,147.27600704039097,147.8359213439653,,signal,66,3972.9531850116473,-0.0,-240.56323127641986,0.0,3972.9531850116473,41.17303485163109,0.21564455898034354,0.2511322672221652,1.5487312707538796,cross_dn
USDJPY.a,1h,-1,0.52,2025-09-05 15:00:00,148.19092232477175,2025-09-08 03:00:00,148.55656941836546,148.548187049958,,stop,12,-19013.648866872816,-0.0,-435.8831571880372,0.0,-19013.648866872816,-195.51265539106464,-1.023462625377016,1.0918449198277138,3.851268339057228,cross_dn
USDJPY.a,1h,1,0.52,2025-09-11 09:00:00,147.58497691584327,2025-09-11 17:00:00,147.21885671974547,147.22510748263466,,stop,8,-19038.250197085403,-0.0,-325.03967023758605,0.0,-19038.250197085403,-194.54241694637415,-1.0173695299249192,1.6421981455165242,1.6506627941706224,cross_up
USDJPY.a,1h,-1,0.34,2025-09-11 21:00:00,147.28681774956826,2025-09-12 11:00:00,147.8288294284521,147.82303371196363,,stop,14,-18428.397082050993,-0.0,-197.0543606082965,0.0,-18428.397082050993,-187.49784212012722,-1.0108085489708063,1.1938888345880723,0.3726441650033057,cross_dn
USDJPY.a,1h,1,0.38,2025-09-12 12:00:00,147.89877068163574,2025-09-15 06:00:00,147.40630491043538,147.41102362596007,,stop,18,-18713.6993056136,-0.0,-179.31118993855694,0.0,-18713.6993056136,-190.56557168087488,-1.0096745136024492,1.010299654096537,0.35926268816022017,cross_up
USDJPY.a,1h,-1,0.48,2025-09-15 14:00:00,147.39096994701907,2025-09-18 09:00:00,147.3565773591874,147.77131482435726,,signal,67,1650.844215919733,-0.0,-439.42648199187585,0.0,1650.844215919733,16.914218837642892,0.09042474312354276,0.39445792994741063,5.03745432415925,cross_dn
USDJPY.a,1h,-1,0.52,2025-09-23 10:00:00,147.71418970464654,2025-09-24 09:00:00,148.06781767122874,148.0634243745057,,stop,23,-18388.654262274144,-0.0,-228.45142959767037,0.0,-18388.654262274144,-187.7352810155126,-1.0125797840312056,1.1190478182222177,0.7278478529896445,cross_dn
USDJPY.a,1h,1,0.49,2025-09-24 10:00:00,148.06185251701902,2025-09-29 11:00:00,148.5715176018741,147.6928919397473,,signal,73,24973.589157898543,-0.0,-341.2750163375715,0.0,24973.589157898543,255.9283045034885,1.3813537712451822,0.1486676907994442,5.136449799040084,cross_up
USDJPY.a,1h,1,0.38,2025-10-03 22:00:00,147.50267117048728,2025-10-10 22:00:00,151.70911454998316,147.01926551132934,,signal,120,159844.84842084345,-0.0,-447.29420128118807,0.0,159844.84842084345,1626.1055483649664,8.701684185541467,0.24135251269195587,11.947168429043568,cross_up
USDJPY.a,1h,1,0.41,2025-10-14 05:00:00,152.4597067177687,2025-10-14 07:00:00,151.97595951606053,151.98224953113385,,stop,2,-19833.635270035527,-0.0,-257.89061800606805,0.0,-19833.635270035527,-201.5433871799456,-1.0131739876357309,1.4256916364928112,0.05506940301096964,cross_up
USDJPY.a,1h,-1,0.36,2025-10-14 08:00:00,151.8517076097165,2025-10-20 17:00:00,150.7729588195769,152.38016792277656,,signal,105,38834.95644502557,-0.0,-357.0350095362834,0.0,38834.95644502557,396.08250863732974,2.0413052096439763,0.6004091176614965,4.682863686369593,cross_dn
USDJPY.a,1h,-1,0.31,2025-10-20 18:00:00,150.58319538182144,2025-10-20 21:00:00,150.78346223255767,151.20985244711161,,signal,3,-6208.272372823046,-0.0,-276.65841857584206,0.0,-6208.272372823046,-63.241948324814565,-0.3195796582034758,0.3427785787097062,0.16148446642755412,cross_dn
USDJPY.a,1h,-1,0.38,2025-10-28 07:00:00,152.2745974025805,2025-10-29 21:00:00,152.79074335642946,152.78219580646936,,stop,38,-19613.54624626057,-0.0,-324.8068984834898,0.0,-19613.54624626057,-195.08481824993206,-1.0168391978670805,1.5315308154312175,1.4491720165880695,cross_dn
USDJPY.a,1h,1,0.28,2025-10-30 01:00:00,152.64231619454412,2025-11-04 12:00:00,153.47881520275374,151.94289688829198,,signal,83,23421.972229869203,-0.0,-234.34864579074008,0.0,23421.972229869203,234.5652513161872,1.19599073221473,0.6895951973768534,2.6374505092526976,cross_up
USDJPY.a,1h,1,0.35,2025-11-05 19:00:00,154.1262542395789,2025-11-06 10:00:00,153.55990275712867,153.56566005668614,,stop,15,-19822.301885758545,-0.0,-201.50548451140267,0.0,-19822.301885758545,-198.116459819637,-1.0102699951821907,1.065395000171019,0.03343909193699802,cross_up
USDJPY.a,1h,-1,0.41,2025-11-06 16:00:00,153.5012403112702,2025-11-10 04:00:00,153.83654361217393,153.97111194439555,,signal,36,-13747.43533705242,-0.0,-372.5761982615798,0.0,-13747.43533705242,-137.041249411846,-0.7136061793589413,0.9550686976884915,1.4562281760211793,cross_dn
USDJPY.a,1h,-1,0.33,2025-11-14 15:00:00,153.80396602125344,2025-11-14 17:00:00,154.39329348391936,154.3854971389589,,stop,2,-19447.806267975382,-0.0,-257.27938369530517,0.0,-19447.806267975382,-192.3905087822325,-1.0134065825939464,1.1883009484912401,0.3249456744447975,cross_dn
USDJPY.a,1h,1,0.38,2025-11-17 02:00:00,154.59708439892572,2025-11-21 22:00:00,156.32575537718324,154.09048475999822,,signal,116,65689.49717378597,-0.0,-398.5913340728988,0.0,65689.49717378597,650.5032123888478,3.412302033845167,0.3594246520017427,6.505957264501692,cross_up
USDJPY.a,1h,1,0.36,2025-11-24 18:00:00,156.80129864946858,2025-11-25 05:00:00,156.67136105909904,156.25218180230542,,signal,11,-4677.753253303308,-0.0,-262.0037448695358,0.0,-4677.753253303308,-46.234690614417,-0.23663012898041202,0.4503570610629876,0.3327185306284075,cross_up
USDJPY.a,1h,1,0.5,2025-12-02 17:00:00,155.95448028918327,2025-12-03 07:00:00,155.65706940379985,155.55253799455897,,signal,14,-14870.544269170694,-0.0,-293.0596200151885,0.0,-14870.544269170694,-145.09228734548228,-0.7399342874862515,0.8645029245008118,0.56107484540173,cross_up
USDJPY.a,1h,1,0.72,2025-12-08 00:00:00,155.22145156307815,2025-12-08 03:00:00,154.9338886414873,154.9394049702497,,stop,3,-20704.53035454102,-0.0,-397.17567089283557,0.0,-20704.53035454102,-201.19274923649542,-1.0195582180486278,1.104255718726591,0.5763176760682004,cross_up
USDJPY.a,1h,-1,0.43,2025-12-08 04:00:00,154.91234370124232,2025-12-08 10:00:00,155.35554811907272,155.37769406353337,,signal,6,-19057.789966707245,-0.0,-305.138240252892,0.0,-19057.789966707245,-184.72166764037274,-0.9524101703679436,0.955530144144539,0.03082344488077088,cross_dn
USDJPY.a,1h,-1,0.36,2025-12-11 04:00:00,155.7134504862531,2025-12-17 13:00:00,155.46490392378243,156.2746653120836,,signal,105,8947.676248943935,-0.0,-281.0825123332903,0.0,8947.676248943935,86.93675118217949,0.4428724100487745,0.802811139353176,2.3528431992134466,cross_dn
USDJPY.a,1h,-1,0.39,2025-12-23 07:00:00,155.99096098346104,2025-12-23 16:00:00,156.51356084709454,156.5070214571679,,stop,9,-20381.394681706584,-0.0,-255.03620713873977,0.0,-20381.394681706584,-195.10401205674248,-1.0126717511993732,1.0716554448871078,0.6587619102449157,cross_dn
USDJPY.a,1h,1,0.43,2025-12-26 14:00:00,156.4046104314935,2025-12-29 17:00:00,155.92606515768904,155.93205729895288,,stop,27,-20577.446773591644,-0.0,-257.66207434507584,0.0,-20577.446773591644,-197.08633469117203,-1.0126803545489798,1.0339798804561038,0.6885777409983224,cross_up
USDJPY.a,1h,-1,0.4,2025-12-29 18:00:00,155.93402057921762,2025-12-30 17:00:00,156.44293664787878,156.4373451053199,,stop,23,-20356.642746446596,-0.0,-223.66170235507215,0.0,-20356.642746446596,-194.33170126346292,-1.0111092193384168,1.2556102236391913,0.37951772526737665,cross_dn
USDJPY.a,1h,1,0.46,2025-12-30 22:00:00,156.49537831036585,2026-01-05 20:00:00,156.32593551307147,156.05722745074954,,signal,68,-7794.3686755414765,-0.0,-373.9327974264945,0.0,-7794.3686755414765,-74.33123514003242,-0.38672250339246117,0.5212321403770479,1.8318386738690895,cross_up
USDJPY.a,1h,1,0.54,2026-01-07 22:00:00,156.7438780977452,2026-01-15 02:00:00,158.42267799757317,156.36840991891407,,signal,124,90655.1945907101,-0.0,-466.7762620972409,0.0,90655.1945907101,856.0816448313349,4.471217521160342,0.7667176979988166,7.220643599398257,cross_up
USDJPY.a,1h,1,0.38,2026-01-15 16:00:00,158.83432844454848,2026-01-15 21:00:00,158.48721778034874,158.29232477232333,,signal,5,-13190.20523958983,-0.0,-287.44869349722944,0.0,-13190.20523958983,-124.1449877800628,-0.6404212406434431,0.7828885048074212,0.08795430343823682,cross_up
USDJPY.a,1h,1,0.46,2026-01-16 00:00:00,158.62938075676888,2026-01-16 04:00:00,158.16979718718144,158.1759750503404,,stop,4,-21140.844201022108,-0.0,-284.18170531240816,0.0,-21140.844201022108,-199.34426881461442,-1.0136254640631486,1.489572687756685,0.16236946775775904,cross_up
USDJPY.a,1h,-1,0.4,2026-01-16 05:00:00,158.29889132280636,2026-01-21 09:00:00,158.14625906011094,158.81782192991378,,signal,76,6105.29050781679,-0.0,-340.72480887587443,0.0,6105.29050781679,57.252633597827575,0.29412846458644915,0.5860295635456734,1.689804591974736,cross_dn
USDJPY.a,1h,-1,0.38,2026-01-21 10:00:00,157.92380372989697,2026-01-21 21:00:00,158.2222459484633,158.46038251386855,,signal,11,-11340.804305520238,-0.0,-322.6920832121272,0.0,-11340.804305520238,-105.86867466910292,-0.5561945933779787,0.7178745817192553,0.3313655612339364,cross_dn
USDJPY.a,1h,-1,0.3,2026-01-23 17:00:00,158.2535741728683,2026-01-30 07:00:00,153.92882852218793,158.9508613446488,,signal,110,129742.3695204111,-0.0,-349.711331276031,0.0,129742.3695204111,1204.2992674923348,6.202244678669725,0.08235606426699758,8.83936263609965,cross_dn
USDJPY.a,1h,-1,0.31,2026-02-09 14:00:00,156.462476608468,2026-02-16 16:00:00,153.33912517623472,157.16864886007755,,signal,122,96823.89439923162,-0.0,-255.7609265519789,0.0,96823.89439923162,892.0188830207003,4.4229314096019925,0.13243708078142633,5.941151891631775,cross_dn
USDJPY.a,1h,-1,0.46,2026-02-17 09:00:00,152.95504675260995,2026-02-17 16:00:00,153.4451881456737,153.43832176404663,,stop,7,-22546.504080933235,-0.0,-315.85355484520016,0.0,-22546.504080933235,-208.75435521080487,-1.0142080212396345,1.1959096450526,0.527746617504077,cross_dn
USDJPY.a,1h,1,0.34,2026-02-17 19:00:00,153.5759300729919,2026-02-23 06:00:00,154.25446248100565,152.93537478955153,,signal,83,23070.10187246755,-0.0,-376.5512916159167,0.0,23070.10187246755,211.33517101996287,1.0592878172347844,0.7882693126500554,3.2269969204001616,cross_up
USDJPY.a,1h,1,0.39,2026-02-24 06:00:00,155.1205437460974,2026-03-04 23:00:00,157.08429755664474,154.5494957176575,,signal,161,76586.39861134593,-39.0,-366.7905817100934,0.0,76586.39861134593,689.1911780905867,3.4388592775851676,0.3109086053277197,4.989871450370288,cross_up
USDJPY.a,1h,1,0.37,2026-03-05 16:00:00,157.76693749222,2026-03-10 09:00:00,157.63298188317555,157.14699143192257,,signal,65,-4956.35753464461,-0.0,-371.3406450098851,0.0,-4956.35753464461,-44.35232662595242,-0.2160762324712297,0.6338252912382178,1.827679181050715,cross_up
USDJPY.a,1h,1,0.41,2026-03-11 04:00:00,158.20143670352752,2026-03-17 01:00:00,159.01404313381857,157.62990529437138,,signal,93,33316.863641933254,-0.0,-324.4630268765077,0.0,33316.863641933254,296.3567892702777,1.421805376349944,0.5991564033779301,2.702499410755096,cross_up
USDJPY.a,1h,1,0.49,2026-03-17 05:00:00,159.37875232598415,2026-03-17 15:00:00,159.09632866620404,158.89399457905515,,signal,10,-13838.759329225268,-0.0,-359.79071200315815,0.0,-13838.759329225268,-122.60319078005551,-0.5826078315803982,0.8535239067458242,0.24186859262927568,cross_up
USDJPY.a,1h,1,0.5,2026-03-18 19:00:00,159.48561679390224,2026-03-19 15:00:00,159.01339111529796,159.0197777439293,,stop,20,-23611.283930213744,-0.0,-319.3314315660224,0.0,-23611.283930213744,-211.6918145784989,-1.0137099468833788,1.3623091364691315,0.8873949191717042,cross_up
USDJPY.a,1h,-1,0.36,2026-03-19 17:00:00,158.21771714204527,2026-03-20 12:00:00,158.86900124105122,158.8623462631379,,stop,19,-23446.227564214154,-0.0,-239.57920487936127,0.0,-23446.227564214154,-208.9353226268712,-1.0103237314225488,1.0010141286527408,1.1009697185915308,cross_dn
USDJPY.a,1h,1,0.41,2026-03-20 22:00:00,159.3563157246498,2026-03-23 14:00:00,158.78922180195323,158.7983447586811,,stop,16,-23250.850830558844,-0.0,-374.0412258435254,0.0,-23250.850830558844,-209.4240335104941,-1.0163502355575806,1.9737867950491461,0.5424731640377027,cross_up
USDJPY.a,1h,-1,0.27,2026-03-23 21:00:00,158.44014038525748,2026-03-25 10:00:00,159.01097528463586,159.2733327538022,,signal,37,-15412.542283216342,-0.0,-214.66537033671793,0.0,-15412.542283216342,-139.01360435592716,-0.6851177722323775,0.9011839799420995,0.5042537607387046,cross_dn
USDJPY.a,1h,-1,0.44,2026-03-30 19:00:00,159.48007252531627,2026-03-31 03:00:00,159.84040403770624,159.99146774588678,,signal,8,-15854.586545158329,-0.0,-299.5553181508066,0.0,-15854.586545158329,-144.6266575991053,-0.7046047712138973,0.7605223104155007,0.13506681826086692,cross_dn
USDJPY.a,1h,-1,0.5,2026-03-31 09:00:00,159.59742303912526,2026-04-02 11:00:00,159.58155779736072,160.0473985792913,,signal,50,793.262088227209,-0.0,-455.7797360727357,0.0,793.262088227209,7.226120993523913,0.03525800926577045,0.423527378409123,2.94776698003593,cross_dn
USDJPY.a,1h,-1,0.4,2026-04-08 03:00:00,158.7114439705634,2026-04-09 18:00:00,159.2919365669806,159.28542703954122,,stop,39,-23219.70385668806,-0.0,-260.38109757576257,0.0,-23219.70385668806,-206.27519778287595,-1.0113409746579876,1.0236469700804236,1.4415825401209013,cross_dn
USDJPY.a,1h,1,0.48,2026-04-10 03:00:00,159.09966941077883,2026-04-14 08:00:00,159.02701236875978,158.62665624131074,,signal,53,-3487.5380169141863,-0.0,-286.81259906015026,0.0,-3487.5380169141863,-30.950003450567717,-0.1536046916003407,0.4157799898045044,1.6074194933646082,cross_up
USDJPY.a,1h,1,0.51,2026-04-16 19:00:00,159.07865554683204,2026-04-17 15:00:00,158.62397385079515,158.6294840802993,,stop,20,-23188.766497881174,-0.0,-281.0217047111565,0.0,-23188.766497881174,-202.98423048357068,-1.0122675412725755,1.4930947239570023,1.0003851238293386,cross_up
USDJPY.a,1h,-1,0.44,2026-04-17 17:00:00,158.18032571841428,2026-04-20 00:00:00,158.80622444319746,158.6959225211537,,stop_gap,7,-27539.543890460096,-1760.0,-317.8755006893452,0.0,-27539.543890460096,-243.59952468632653,-1.2139305780363914,1.3880502706441311,1.13329973209626,cross_dn
USDJPY.a,1h,1,0.61,2026-04-21 11:00:00,159.02400953883958,2026-04-27 05:00:00,159.32616797419283,158.6503313100552,,signal,90,18431.664556548185,-0.0,-345.50714847529883,0.0,18431.664556548185,161.3300096441721,0.8086059397578869,0.029462617812627365,2.1916996979586005,cross_up
USDJPY.a,1h,1,0.54,2026-04-28 15:00:00,159.75670569190302,2026-04-30 12:00:00,159.319648466835,159.32734916689915,,stop,45,-23601.090153673682,-0.0,-415.8378034650219,0.0,-23601.090153673682,-207.3030277047957,-1.0179354443584934,1.245365240223603,2.2575511297708686,cross_up
USDJPY.a,1h,-1,0.17,2026-04-30 15:00:00,156.3613592205926,2026-05-05 12:00:00,157.66568022559875,157.65906645869228,,stop,69,-22173.457085104703,-0.0,-112.43403741002898,0.0,-22173.457085104703,-196.5037291667382,-1.0050965015161306,1.1371137773480156,0.672231143497383,cross_dn
USDJPY.a,1h,1,0.41,2026-05-05 15:00:00,157.74929781484295,2026-05-06 07:00:00,157.1955132388288,157.20625569422032,,stop,16,-22705.16761658024,-0.0,-440.44067105258705,0.0,-22705.16761658024,-201.00098328424176,-1.0197819929312397,5.009367987374476,0.3438079258805831,cross_up
USDJPY.a,1h,-1,0.23,2026-05-06 09:00:00,156.3127651191797,2026-05-08 06:00:00,156.89466581575627,157.26411857196334,,signal,45,-13383.716021261393,-0.0,-168.62752478889686,0.0,-13383.716021261393,-118.26827309467593,-0.6116556311158038,0.7171203077301139,0.7376492061140264,cross_dn
USDJPY.a,1h,-1,0.69,2026-05-21 05:00:00,158.88440161395152,2026-05-21 06:00:00,158.97650421561642,159.21035966037144,,signal,1,-6355.079514877474,-0.0,-345.5817550686856,0.0,-6355.079514877474,-56.15470952536079,-0.28255968115062385,0.28714856735859323,0.10247212584068636,cross_dn
USDJPY.a,1h,-1,0.73,2026-05-25 05:00:00,158.87565385068658,2026-05-26 10:00:00,159.18659211300022,159.18440471526856,,stop,29,-22698.493148895806,-0.0,-159.68003441024928,0.0,-22698.493148895806,-199.03715469077193,-1.007084669170471,1.066705188856201,0.18997145405885615,cross_dn
USDJPY.a,1h,1,1.23,2026-05-26 11:00:00,159.1984255319291,2026-05-29 01:00:00,159.2219670150151,159.01571685569607,,signal,62,2895.6024195788073,-0.0,-500.114306278767,0.0,2895.6024195788073,25.383802310688566,0.12884710004674776,0.5058628513690614,2.4934473691322405,cross_up
USDJPY.a,1h,1,1.01,2026-06-01 05:00:00,159.48871291593537,2026-06-11 23:00:00,159.78998238244276,159.26583823946947,,signal,210,30428.216117246622,-0.0,-609.5587465652108,0.0,30428.216117246622,269.75453531362297,1.3517438198210792,0.5281574282099798,4.968205009303028,cross_up
USDJPY.a,1h,1,0.92,2026-06-16 01:00:00,160.34085692603955,2026-06-16 06:00:00,160.09338492750348,160.09652918698242,,stop,5,-22767.423865318506,-0.0,-289.27187206378767,0.0,-22767.423865318506,-201.24694270171995,-1.0128690237591433,1.1986233211574646,0.05379280310612161,cross_up
USDJPY.a,1h,-1,1.03,2026-06-17 17:00:00,160.19418892754297,2026-06-17 18:00:00,160.32589313871011,160.41252898460215,,signal,1,-13565.533750216135,-0.0,-389.9865742832128,0.0,-13565.533750216135,-119.74360434366795,-0.6032068184879568,0.6678164072180062,0.005445301970554331,cross_dn
USDJPY.a,1h,-1,0.91,2026-06-17 19:00:00,160.2131835140549,2026-06-17 21:00:00,160.46174065094309,160.4586423387641,,stop,2,-22618.699456825736,-0.0,-281.94640828901265,0.0,-22618.699456825736,-200.13471944132996,-1.012622533260567,1.176639244025071,0.09037570387281274,cross_dn
USDJPY.a,1h,1,0.84,2026-06-17 22:00:00,160.49838943134893,2026-06-26 13:00:00,161.60796526444955,160.23680731841665,,signal,159,93204.36998045216,-0.0,-341.8355724800177,0.0,93204.36998045216,835.416982335077,4.241787867918554,0.11999838596395136,5.53788082989503,cross_up
USDJPY.a,1h,1,0.93,2026-06-26 23:00:00,161.7578379421712,2026-07-02 09:00:00,161.51349035449365,161.51900778464642,,stop,82,-22724.32565401104,-0.0,-513.1210042062922,0.0,-22724.32565401104,-203.63845864506732,-1.0231018988973033,2.649740504842019,4.535281762800241,cross_up
USDJPY.a,1h,-1,0.41,2026-07-02 11:00:00,161.42925025273533,2026-07-06 08:00:00,161.96682656540517,161.9621582856299,,stop,45,-22040.628819463505,-0.0,-191.39947078591902,0.0,-22040.628819463505,-196.2503986199208,-1.008760010146436,1.2305120335733692,1.7793881762013886,cross_dn
USDJPY.a,1h,1,0.57,2026-07-06 09:00:00,162.08028988747992,2026-07-07 07:00:00,161.68451884317417,161.68897668539446,,stop,22,-22558.949525427546,-0.0,-254.09700655604732,0.0,-22558.949525427546,-200.84628283204196,-1.0113920056786554,1.0127179082329574,0.8860169058245976,cross_up
USDJPY.a,1h,-1,0.57,2026-07-10 05:00:00,161.73450941249646,2026-07-13 04:00:00,162.1246980106721,162.11907908701582,,stop,23,-22240.75009601071,-0.0,-320.27864840786236,0.0,-22240.75009601071,-197.99086428846243,-1.014610937961487,1.135010419240843,1.1870655507796608,cross_dn
USDJPY.a,1h,1,0.49,2026-07-13 17:00:00,162.22759850845316,2026-07-14 15:00:00,161.77799412376407,161.78304693899875,,stop,22,-22030.614849764985,-0.0,-247.58794649905337,0.0,-22030.614849764985,-195.23654041235818,-1.011366094693757,1.4162552822068433,0.5722654221175495,cross_up
USDJPY.a,1h,-1,0.65,2026-07-15 07:00:00,162.13834457298012,2026-07-15 08:00:00,162.21255575366132,162.4791920988308,,signal,1,-4823.726744278219,-0.0,-332.2479759719658,0.0,-4823.726744278219,-42.562735669774625,-0.21772544921952816,0.2689044809438538,0.009812519459481245,cross_dn
USDJPY.a,1h,-1,0.65,2026-07-15 21:00:00,161.98526286517898,2026-07-16 16:00:00,162.32598288219734,162.32257584128956,,stop,19,-22146.80110619312,-0.0,-221.45765900523577,0.0,-22146.80110619312,-194.82039320520124,-1.0101005331815556,1.072408002182633,0.27648762954322603,cross_dn
USDJPY.a,1h,1,0.77,2026-07-16 17:00:00,162.3263162634191,2026-07-29 09:00:00,163.4916333641467,162.03907992435228,,signal,208,89729.41675602565,-0.0,-364.4619214062816,0.0,89729.41675602565,789.2283135917811,4.056997469447995,0.6765030638198295,5.788556357397717,cross_up
USDJPY.a,1h,1,0.76,2026-07-29 19:00:00,163.86226427473878,2026-07-29 21:00:00,163.5610947398749,163.5654245543967,,stop,2,-22888.884649654417,-0.0,-329.0659036586139,0.0,-22888.884649654417,-200.6763183338957,-1.014586371786164,1.84026677463948,0.15407548965652648,cross_up
USDJPY.a,1h,-1,0.6,2026-07-29 22:00:00,163.3069082100579,2026-07-30 10:00:00,163.68384127871792,163.67981787681865,,stop,12,-22615.98411960051,-0.0,-241.40411395602908,0.0,-22615.98411960051,-198.72175872971542,-1.0107892132006766,1.1640668736555535,0.25987046916668605,cross_dn
