symbol,tf,side,lots,entry_time,entry_price,exit_time,exit_price,stop_price,target_price,exit_reason,bars_held,gross_ccy,spread_ccy,slippage_ccy,swap_ccy,net_ccy,net_acct,r_multiple,mae_r,mfe_r,tag
USDJPY.a,15m,1,0.64,2020-01-06 09:30:00,108.17004583361663,2020-01-06 10:15:00,108.02343575241675,108.0251453131615,108.30970937367701,stop,3,-9383.04519679241,-3200.0,-109.41188766414139,0.0,-9383.04519679241,-125.11309936081472,-1.0117981684219464,1.0838182852853069,0.04799269430874146,break_up
USDJPY.a,15m,1,0.74,2020-01-06 21:30:00,108.49796909403798,2020-01-06 23:45:00,108.37129012578296,108.37249848671222,108.59900302657555,stop,9,-9374.243650871562,-962.0000000000001,-89.41870876447838,0.0,-9374.243650871562,-124.64243835188418,-1.0096306294757722,1.314802706020756,0.07197626722706134,break_up
USDJPY.a,15m,1,0.75,2020-01-07 05:00:00,108.52495191742975,2020-01-07 08:00:00,108.40075964308598,108.40196952420035,108.62106095159928,stop,12,-9314.420575782733,-3750.0,-90.7410835785845,0.0,-9314.420575782733,-124.239846857877,-1.0098378400566699,1.5038893989057582,0.0,break_up
USDJPY.a,15m,1,0.75,2020-01-07 11:30:00,108.51806441643342,2020-01-07 12:30:00,108.39489344726043,108.3965534008379,108.60789319832419,stop,4,-9237.822687974172,-3750.0,-124.49651831066511,0.0,-9237.822687974172,-123.86254658556604,-1.013660930816336,1.226756403136502,0.0,break_up
USDJPY.a,15m,1,0.72,2020-01-07 17:30:00,108.51715488751792,2020-01-07 17:45:00,108.61441328905066,108.39179335547466,108.61441328905066,target,1,7002.604910357376,-3600.0,-0.0,0.0,7002.604910357376,93.87369283722357,0.7758233323056496,0.4160358179087855,0.9001574138639172,break_up
USDJPY.a,15m,1,0.78,2020-01-07 21:15:00,108.61190071533359,2020-01-07 23:30:00,108.49375521135383,108.49509823417465,108.68980353165071,stop,9,-9215.349310421374,-3900.0,-104.75578002338902,0.0,-9215.349310421374,-123.70596073470631,-1.0114982388001825,2.225130089316509,0.0,break_up
USDJPY.a,15m,-1,0.32,2020-01-08 01:30:00,108.09423964287507,2020-01-08 04:30:00,108.42556140881139,108.37112643111388,107.54574713777225,stop,12,-10602.296509962343,-1600.0,-141.91928632026702,0.0,-10602.296509962343,-142.24367357596753,-1.1965965152897127,1.2198500306689253,1.600797371714178,break_dn
USDJPY.a,15m,1,0.51,2020-01-08 09:15:00,108.48370755165239,2020-01-08 12:45:00,108.68125031780905,108.30737484109548,108.68125031780905,target,14,10074.68107398958,-2550.0,-0.0,0.0,10074.68107398958,134.99332719039776,1.1202842940074207,0.5484379576934867,1.5838947150845568,break_up
USDJPY.a,15m,1,0.28,2020-01-08 13:00:00,108.72947325745167,2020-01-08 21:45:00,109.2226225146465,108.40718874267675,109.2226225146465,target,35,13808.179201455232,-1400.0000000000002,-0.0,0.0,13808.179201455232,183.9692655257685,1.530167397398035,0.36450171220208877,1.5996013426470959,break_up
USDJPY.a,15m,1,0.48,2020-01-09 02:15:00,109.20737963858753,2020-01-09 12:00:00,109.4369610786565,109.01701946067175,109.4369610786565,target,39,11019.909123310526,-2400.0,-0.0,0.0,11019.909123310526,146.72888013582022,1.206037116494732,0.30667989086117436,1.3007991698874564,break_up
USDJPY.a,15m,1,1.09,2020-01-10 07:00:00,109.5995077659497,2020-01-10 11:45:00,109.62231475705873,109.51384262147063,109.62231475705873,target,19,2485.962030884906,-5450.000000000001,-0.0,0.0,2485.962030884906,32.97344567918953,0.26623419884162175,0.6946555254363874,0.5777406242792227,break_up
USDJPY.a,15m,1,1.38,2020-01-10 12:00:00,109.65451995592949,2020-01-10 15:30:00,109.5857939458063,109.58680517023124,109.74638965953751,stop,14,-9484.189396999624,-6900.0,-139.54897064246688,0.0,-9484.189396999624,-125.7276350283692,-1.014933583773698,2.208084311095611,0.4944273798592841,break_up
USDJPY.a,15m,-1,1.52,2020-01-10 22:45:00,109.49730167320915,2020-01-13 01:00:00,109.57257870781879,109.55863488184796,109.37373023630407,stop,9,-11442.109260665462,-1976.0000000000002,-143.46154756487266,-2386.3999999999996,-13828.509260665462,-182.94416070615043,-1.4833242321528786,1.054866168372986,0.5103544051231643,break_dn
USDJPY.a,15m,1,0.95,2020-01-13 10:45:00,109.72745413694832,2020-01-13 11:00:00,109.77366098712514,109.63016950643743,109.77366098712514,target,1,4389.650766797501,-4750.0,-0.0,0.0,4389.650766797501,57.86834582588188,0.4749655719938132,0.6111359691257451,1.5988739663686684,break_up
USDJPY.a,15m,1,0.89,2020-01-14 02:00:00,110.06170703455027,2020-01-14 02:00:00,110.11756358701999,109.95771820649,110.11756358701999,target,0,4971.233169805089,-4450.0,-0.0,0.0,4971.233169805089,65.3589208230862,0.5371399361991888,0.6030170328867416,0.5990351714861762,break_up
USDJPY.a,15m,1,0.79,2020-01-14 06:00:00,110.12782164337924,2020-01-14 09:45:00,110.00832693409077,110.00952689496388,110.21194621007223,stop,15,-9440.082033788372,-3950.0,-94.7969089758994,0.0,-9440.082033788372,-124.29766622261786,-1.0101438220139374,1.3679528934882197,0.0437750338888955,break_up
USDJPY.a,15m,1,0.75,2020-01-14 15:30:00,110.12392513833942,2020-01-14 15:30:00,110.00007022806028,110.00145793556942,110.21608412886114,stop,0,-9289.118270935149,-3750.0,-104.07806318528327,0.0,-9289.118270935149,-122.35300124995582,-1.0113312583103973,1.248702794548336,0.0,break_up
USDJPY.a,15m,-1,1.64,2020-01-15 01:30:00,109.91306737892128,2020-01-15 02:30:00,110.02073603591799,109.96928160323516,109.80043679352967,stop,4,-17657.659747460115,-8200.0,-238.52695998491635,0.0,-17657.659747460115,-232.9806881858505,-1.915327629454274,1.0661469016111813,1.726740519966933,break_dn
USDJPY.a,15m,-1,1.28,2020-01-15 11:30:00,109.86032989662111,2020-01-15 16:45:00,109.98246592106446,109.93123954091459,109.7235209181708,stop,21,-15633.411128748776,-6400.0,-156.97665918444855,0.0,-15633.411128748776,-206.30112156764912,-1.722417671958074,1.2363636040259374,0.9918241350925944,break_dn
USDJPY.a,15m,1,1.15,2020-01-16 07:45:00,109.98941523530797,2020-01-16 10:30:00,109.99540425823923,109.91079787088037,109.99540425823923,target,11,688.7376370949028,-5750.0,-0.0,0.0,688.7376370949028,9.052513690038566,0.07617939083642745,0.7175925537407157,1.0123051729280466,break_up
USDJPY.a,15m,1,0.64,2020-01-16 15:45:00,110.07170189933616,2020-01-17 01:00:00,110.19928146697158,109.9303592665142,110.19928146697158,target,37,8165.092328667015,-832.0000000000001,-0.0,192.63999999999996,8357.732328667014,109.9612506846442,0.9239219974055326,0.8115166460826492,1.0916600149807327,break_up
USDJPY.a,15m,1,0.84,2020-01-17 01:15:00,110.272630964057,2020-01-17 02:00:00,110.16374326167254,110.16473219463532,110.33353561072937,stop,3,-9146.567000295021,-4200.0,-83.07036887371059,0.0,-9146.567000295021,-120.2915169059762,-1.0091653775857168,1.0994654034781546,0.0,break_up
USDJPY.a,15m,1,1.04,2020-01-17 08:30:00,110.29552110464074,2020-01-17 09:00:00,110.20772755416533,110.20855107470834,110.31489785058332,stop,2,-9130.529249442701,-5200.0,-85.64613647265982,0.0,-9130.529249442701,-119.93224055476796,-1.009469015287776,1.1098202991969133,0.0,break_up
USDJPY.a,15m,-1,1.32,2020-01-17 17:15:00,110.07507656926434,2020-01-17 17:15:00,110.19476843808405,110.14338329198057,109.94123341603884,stop,0,-15799.326684202299,-6600.0,-182.83928565992017,0.0,-15799.326684202299,-208.45637677626206,-1.752270699868836,1.155426985767307,0.0,break_dn
USDJPY.a,15m,1,0.95,2020-01-20 02:00:00,110.23962909629432,2020-01-20 09:30:00,110.14554171941664,110.14612316137693,110.27175367724614,stop,30,-8938.300803379703,-1235.0,-55.2369862280687,0.0,-8938.300803379703,-118.0312084322169,-1.006218235888518,1.0227061670342594,0.0,break_up
USDJPY.a,15m,1,1.89,2020-01-20 13:15:00,110.20338790524248,2020-01-20 17:00:00,110.15587417240363,110.15639821973743,110.26020356052516,stop,15,-8980.095506542895,-2457.0,-99.04494608786464,0.0,-8980.095506542895,-118.72411315397585,-1.0111523907462923,1.4128186756078456,0.0,break_up
USDJPY.a,15m,1,1.2,2020-01-21 02:30:00,110.24233512587094,2020-01-21 03:00:00,110.16801182135379,110.1686858744573,110.23562825108542,stop,2,-8918.79654205809,-6000.0,-80.886372420315,0.0,-8918.79654205809,-118.24827318392667,-1.0091522057668105,1.4302267008708045,0.0,break_up
USDJPY.a,15m,-1,1.44,2020-01-21 08:45:00,109.91016849224404,2020-01-21 09:15:00,110.02229196782933,109.97099718611436,109.79100562777128,stop,2,-16145.780484282113,-7200.0,-186.4485669569441,0.0,-16145.780484282113,-214.10195893552125,-1.843266203024626,1.115123528717608,0.3644413653085384,break_dn
USDJPY.a,15m,-1,1.06,2020-01-21 17:30:00,109.93608320746618,2020-01-21 20:45:00,109.82622653831592,110.01738673084203,109.77622653831592,target,13,11644.806929927683,-5300.0,-0.0,0.0,11644.806929927683,154.86564510574902,1.3511919851543703,0.4909601807696354,2.067354531354865,break_dn
USDJPY.a,15m,-1,1.63,2020-01-22 16:15:00,109.9343061503594,2020-01-23 00:00:00,109.84233707167235,109.98783146416383,109.82933707167234,target,31,14990.95982599037,-2119.0,-0.0,-2559.0999999999995,12431.85982599037,165.44553396386857,1.4249160493618178,0.21847325703350018,2.191601356846343,break_dn
USDJPY.a,15m,-1,1.93,2020-01-23 00:45:00,109.8163838159314,2020-01-23 01:30:00,109.77440330870787,109.86179834564606,109.72440330870788,target,3,8102.237894140855,-9650.0,-0.0,0.0,8102.237894140855,107.92025590024387,0.9243849377564737,0.5200138417590224,3.421456016558382,break_dn
USDJPY.a,15m,-1,1.73,2020-01-23 01:45:00,109.76020264022327,2020-01-23 02:45:00,109.71081748823552,109.81109125588223,109.66081748823552,target,4,8543.631293880664,-8650.0,-0.0,0.0,8543.631293880664,113.37149256838799,0.9704557954319548,0.4283346971512274,2.0673118901150556,break_dn
USDJPY.a,15m,-1,0.72,2020-01-23 03:15:00,109.60292801379705,2020-01-23 16:45:00,109.40832456276007,109.72533771861995,109.35832456276007,target,54,14011.448474662757,-3600.0,-0.0,0.0,14011.448474662757,186.6516618755215,1.5897714263630613,0.6541310292251676,2.1070879483797573,break_dn
USDJPY.a,15m,-1,0.98,2020-01-23 17:45:00,109.33878063653037,2020-01-23 20:15:00,109.44385763769434,109.42911201649689,109.16477596700621,stop,10,-10297.546114068355,-1274.0,-171.07087734918366,0.0,-10297.546114068355,-137.54890596162352,-1.1632391888944331,1.408362891353824,0.8057071258885624,break_dn
USDJPY.a,15m,-1,1.32,2020-01-23 22:45:00,109.48410912992946,2020-01-24 01:30:00,109.60191707894197,109.55081608072118,109.35336783855765,stop,11,-15550.649269650194,-6600.0,-145.33176514432438,-2072.3999999999996,-17623.049269650193,-234.86039580408482,-2.00140985951181,1.3025759540687791,0.4063913821232434,break_dn
USDJPY.a,15m,1,1.49,2020-01-24 08:00:00,109.55962545036178,2020-01-24 10:30:00,109.63644850049825,109.50077574975089,109.63644850049825,target,10,11446.63447033379,-7450.0,-0.0,0.0,11446.63447033379,152.34911625505686,1.3054110613818384,0.8942348018000497,1.4337294627223678,break_up
USDJPY.a,15m,-1,0.96,2020-01-24 17:15:00,109.3900311687381,2020-01-24 21:15:00,109.25706292703978,109.48146853648011,109.20706292703979,target,16,12764.95120303889,-4800.0,-0.0,0.0,12764.95120303889,171.23389525361236,1.4542002354387649,0.8417656059289333,2.373550049586638,break_dn
USDJPY.a,15m,-1,0.78,2020-01-24 21:30:00,109.17991740363668,2020-01-24 22:15:00,109.34441850198247,109.29268153903958,108.95463692192087,stop,3,-12831.085670972016,-3900.0,-135.48310954617963,0.0,-12831.085670972016,-172.09177476911327,-1.4588068959873153,1.3043384391482578,0.06134400456281685,break_dn
USDJPY.a,15m,-1,0.45,2020-01-27 01:30:00,108.74521436361186,2020-01-27 02:00:00,108.99107858732476,108.93825221577174,108.36449556845652,stop,2,-11063.890067080492,-2250.0,-127.1867198863714,0.0,-11063.890067080492,-148.92638939735028,-1.2736580984607784,1.1230213865444112,0.06845477953682019,break_dn
USDJPY.a,15m,-1,0.54,2020-01-27 11:15:00,108.91476939612176,2020-01-27 16:45:00,109.12687339138219,109.07464076714066,108.60171846571868,stop,22,-11453.615744063485,-2700.0,-120.56170904288626,0.0,-11453.615744063485,-155.23680756473593,-1.326716559122698,1.152367698507185,0.5364900267954645,break_dn
USDJPY.a,15m,-1,1.18,2020-01-28 03:00:00,108.84897137815551,2020-01-28 03:00:00,108.97272763621265,108.92118470344593,108.70763059310812,stop,0,-14603.238450742765,-5900.0,-182.0660664735974,0.0,-14603.238450742765,-198.3536090008738,-1.7137593035555707,1.6759873798602618,0.15193010585502942,break_dn
USDJPY.a,15m,1,0.8,2020-01-28 07:45:00,109.05776103109237,2020-01-28 10:30:00,108.95099024697797,108.95228907001098,109.11342185997805,stop,11,-8541.662729152222,-4000.0,-103.9058426414239,0.0,-8541.662729152222,-116.31061504276407,-1.0123143916136021,1.182883392071233,0.3909946158658329,break_up
USDJPY.a,15m,1,0.44,2020-01-28 17:30:00,109.21028315417928,2020-01-29 11:15:00,109.02077020512844,109.02209196794458,109.43281606411087,stop,71,-8338.569758236816,-2200.0,-58.15756391007544,397.31999999999994,-7941.249758236816,-107.86100795587691,-0.9590403921772734,1.0483124004183244,0.27481013779371094,break_up
USDJPY.a,15m,-1,1.03,2020-01-29 11:30:00,109.0261303373043,2020-01-29 13:00:00,109.15886580903535,109.10768621151833,108.86562757696335,stop,6,-13671.75358829843,-5150.0,-121.49854425269817,0.0,-13671.75358829843,-185.70676332951845,-1.6275402968853736,1.1142013199102516,0.22230571959438142,break_dn
USDJPY.a,15m,1,0.82,2020-01-29 16:30:00,109.22278639694763,2020-01-29 16:45:00,109.12024656786093,109.12160547789513,109.27578904420974,stop,1,-8408.265985108954,-4100.0,-111.43062280392549,0.0,-8408.265985108954,-114.38226175368182,-1.0134304970435564,1.826296881645803,0.0,break_up
USDJPY.a,15m,1,0.66,2020-01-29 18:30:00,109.23107111757011,2020-01-29 21:45:00,109.10400771058626,109.10561238951954,109.32577522096094,stop,13,-8386.18486093415,-3300.0,-105.90880959665043,0.0,-8386.18486093415,-113.77798343833454,-1.0127904926043034,1.5628336156179896,0.21464335601290294,break_up
USDJPY.a,15m,-1,1.15,2020-01-30 02:00:00,108.98701792570172,2020-01-30 09:00:00,108.89383231694875,109.05858384152562,108.84383231694875,target,28,10716.345006592148,-5750.0,-0.0,0.0,10716.345006592148,146.3507964501177,1.3020948265691008,0.8241643192748835,2.2499247560521383,break_dn
USDJPY.a,15m,-1,1.04,2020-01-30 15:00:00,108.78200794236447,2020-01-30 15:15:00,108.91284978458002,108.86129441858769,108.62941116282464,stop,1,-13607.551590416733,-5200.0,-161.75806320283803,0.0,-13607.551590416733,-185.97749606912421,-1.6502416105261564,1.147636544968398,0.11361259566027873,break_dn
USDJPY.a,15m,-1,0.72,2020-01-30 18:00:00,108.67048012265988,2020-01-30 18:45:00,108.83532481526011,108.78310416446772,108.44979167106456,stop,3,-11868.817867216307,-3600.0,-159.8868570528874,0.0,-11868.817867216307,-162.54123922536763,-1.46367232035141,1.1677779915280635,0.09305404504809918,break_dn
USDJPY.a,15m,1,0.56,2020-01-31 02:45:00,109.02819648976146,2020-01-31 15:00:00,108.88326141474384,108.88453516669111,109.15892966661778,stop,49,-8116.364200986369,-2800.0000000000005,-71.33010904725806,0.0,-8116.364200986369,-111.23869729983673,-1.0088663526135202,1.0246076439751097,0.7504003717531642,break_up
USDJPY.a,15m,-1,0.97,2020-01-31 15:15:00,108.89014291546121,2020-01-31 16:45:00,108.77640752783952,108.97329623608024,108.72640752783953,target,6,11032.332599303712,-4850.0,-0.0,0.0,11032.332599303712,151.40468625788236,1.367779263353374,0.09448912539261863,2.0341089712596885,break_dn
USDJPY.a,15m,-1,0.72,2020-01-31 20:45:00,108.33242891476374,2020-01-31 21:00:00,108.49594568913601,108.44367382041408,108.11765235917183,stop,1,-11773.207754803365,-3600.0,-163.5745479793898,0.0,-11773.207754803365,-162.25125695615185,-1.469881010877303,1.0388887883056377,0.021833941514363894,break_dn
USDJPY.a,15m,-1,0.97,2020-02-03 13:00:00,108.41876450072033,2020-02-03 13:00:00,108.55305345988303,108.50120021096352,108.25759957807297,stop,0,-13026.02903878217,-4850.0,-179.765145192719,0.0,-13026.02903878217,-179.1829499610556,-1.6290144012412153,1.2280539462936413,0.009273902269623109,break_dn
USDJPY.a,15m,1,0.59,2020-02-03 22:15:00,108.74711984790936,2020-02-04 01:00:00,108.6123971911921,108.61373675392467,108.85752649215064,stop,11,-7948.636746318243,-767.0000000000001,-79.03420122136761,177.58999999999995,-7771.046746318243,-106.94662384475626,-0.9874763943650618,1.237936855238331,0.0,break_up
USDJPY.a,15m,1,0.43,2020-02-04 04:00:00,108.75215666002026,2020-02-04 10:00:00,108.96172628272603,108.57063685863697,108.96172628272603,target,24,9011.493776348174,-2150.0,-0.0,0.0,9011.493776348174,122.97669340723701,1.1545276113610021,0.7666197239078388,1.3653790831139365,break_up
USDJPY.a,15m,1,0.51,2020-02-04 18:30:00,109.46330518400407,2020-02-05 10:00:00,109.3037452975511,109.3049910456809,109.62301790863822,stop,62,-8137.554209101352,-2550.0,-63.53315461943806,460.52999999999986,-7677.024209101352,-103.65571077625046,-0.9508303430593203,1.0062599947887658,0.516029818064396,break_up
USDJPY.a,15m,1,0.53,2020-02-05 11:30:00,109.68738854425244,2020-02-05 16:45:00,109.83206523302916,109.53496738348542,109.83206523302916,target,21,7667.864505165767,-2650.0,-0.0,0.0,7667.864505165767,103.37607620220031,0.9491903095912995,0.9276175535006768,0.9618838684194296,break_up
USDJPY.a,15m,1,0.72,2020-02-06 02:15:00,109.9038112351293,2020-02-06 07:00:00,109.97679455238726,109.79110272380636,109.97679455238726,target,19,5254.79884257345,-3600.0,-0.0,0.0,5254.79884257345,70.73743246515464,0.6475404244214595,0.8057176344836935,0.6848530245380894,break_up
USDJPY.a,15m,1,0.64,2020-02-06 17:15:00,109.98706056078544,2020-02-07 02:30:00,109.85998574487417,109.86106482648611,110.0858703470278,stop,37,-8132.788218321366,-3200.0,-69.0612231646395,192.63999999999996,-7940.148218321366,-107.53576243756058,-0.9846747320550976,1.1830603759276959,0.24555941823444438,break_up
USDJPY.a,15m,-1,1.95,2020-02-07 08:00:00,109.88444555640531,2020-02-07 08:15:00,109.9768277674686,109.92586907817599,109.806261843648,stop,1,-18014.531157342615,-9750.0,-186.94441205964037,0.0,-18014.531157342615,-243.72160060546798,-2.230187273180636,2.306767737511003,0.3487283501696419,break_dn
USDJPY.a,15m,-1,1.22,2020-02-07 11:45:00,109.85009459260567,2020-02-07 12:00:00,109.7704672089023,109.91476639554884,109.7204672089023,target,1,9714.540811810906,-6100.0,-0.0,0.0,9714.540811810906,132.5125880872744,1.2312534996642075,0.014000033293075299,2.228089925563047,break_dn
USDJPY.a,15m,-1,0.43,2020-02-07 16:45:00,109.57545135713059,2020-02-07 17:45:00,109.81206304729149,109.75961223842305,109.21477552315392,stop,4,-10174.302676918658,-2150.0,-105.38478134298626,0.0,-10174.302676918658,-138.6145609803725,-1.2848097190909313,1.2138769172939148,0.22508231302801224,break_dn
USDJPY.a,15m,-1,1.31,2020-02-07 23:15:00,109.75214211288717,2020-02-10 01:30:00,109.6872139670352,109.8123930164824,109.63721396703521,target,9,8505.58710660745,-6550.0,-0.0,-2056.7,6448.887106607451,88.20040010682405,0.8170524077561007,0.8275043881131298,3.155838361604575,break_dn
USDJPY.a,15m,-1,0.53,2020-02-10 01:45:00,109.6188965331072,2020-02-10 03:30:00,109.82011739086342,109.76827385833059,109.32045228333882,stop,7,-10664.705461079238,-2650.0,-97.70722423983042,0.0,-10664.705461079238,-145.2361041328265,-1.3470642713363619,1.185611448243274,0.0729463664642872,break_dn
USDJPY.a,15m,-1,0.83,2020-02-10 16:15:00,109.66511499510692,2020-02-10 16:45:00,109.8118929464473,109.76045183042488,109.47709633915022,stop,2,-12182.569961251756,-4150.0,-119.61262986104815,0.0,-12182.569961251756,-165.98272721996452,-1.5395723054037997,1.1211301962835893,0.12707570024227396,break_dn
USDJPY.a,15m,1,1.38,2020-02-11 01:30:00,109.78861533122128,2020-02-11 04:15:00,109.86154730425676,109.73172634787163,109.86154730425676,target,11,10064.612278896277,-6900.0,-0.0,0.0,10064.612278896277,136.59324750564758,1.2820052098176102,0.8721430459800894,1.7997275175309155,break_up
USDJPY.a,15m,1,0.78,2020-02-11 12:45:00,109.93165642912012,2020-02-11 14:30:00,109.82988383249499,109.83075638071125,109.9814872385775,stop,7,-7938.262536760846,-3900.0,-68.0587608684596,0.0,-7938.262536760846,-107.74730828145498,-1.0086476491342085,1.1561583067572303,0.0,break_up
USDJPY.a,15m,1,0.6,2020-02-11 17:45:00,109.99193414969827,2020-02-11 18:15:00,109.8589144866465,109.86034998128177,110.09930003743645,stop,2,-7981.179783106142,-3000.0,-86.12967811603356,0.0,-7981.179783106142,-108.32021750208285,-1.0109093263463902,1.0938561335333445,0.0,break_up
USDJPY.a,15m,1,1.56,2020-02-12 07:45:00,109.87150441316815,2020-02-12 10:15:00,109.93149550717692,109.82125224641155,109.93149550717692,target,10,9358.610665367394,-7800.0,-0.0,0.0,9358.610665367394,126.01980486607505,1.1938011409404097,0.48762898696179513,1.4625356790645496,break_up
USDJPY.a,15m,1,0.71,2020-02-12 10:30:00,109.98489174802089,2020-02-12 10:30:00,110.05714629036211,109.87392685481895,110.05714629036211,target,0,5130.072506227122,-3550.0,-0.0,0.0,5130.072506227122,69.07977682798273,0.6511477662555438,0.4676411297620397,1.4608967512284197,break_up
USDJPY.a,15m,1,0.77,2020-02-12 16:45:00,110.06677762751082,2020-02-12 23:45:00,110.11684277293732,109.96407861353134,110.11684277293732,target,28,3855.0161978405845,-1001.0000000000001,-0.0,0.0,3855.0161978405845,51.97423662666021,0.4874939250780637,0.7962844465786323,0.5182364506423084,break_up
USDJPY.a,15m,-1,1.4,2020-02-13 07:30:00,109.85522141986038,2020-02-13 09:45:00,109.79136444650342,109.9118177767483,109.74136444650343,target,9,8939.97626997475,-7000.0,-0.0,0.0,8939.97626997475,121.18582769916695,1.1282877002743135,0.22578449996204922,2.4422317523748,break_dn
USDJPY.a,15m,-1,0.7,2020-02-13 17:45:00,109.68564456256163,2020-02-13 17:45:00,109.85096696694144,109.7989338107839,109.4631323784322,stop,0,-11572.56830658653,-3500.0,-142.3209310286276,0.0,-11572.56830658653,-156.55482171388388,-1.4592947430939482,1.2036043982819677,0.0,break_dn
USDJPY.a,15m,1,1.59,2020-02-14 00:00:00,109.82581154278087,2020-02-14 00:00:00,109.77468151346501,109.77589882763633,109.93520234472733,stop,0,-8129.674661221259,-2067.0,-193.5529532378377,0.0,-8129.674661221259,-110.22305293656952,-1.024388858986897,1.1181828642109903,0.0,break_up
USDJPY.a,15m,1,0.65,2020-02-14 03:00:00,109.90988292516504,2020-02-14 03:00:00,109.78780267428556,109.78912706203313,110.00174587593374,stop,0,-7935.216307166044,-3250.0,-86.08520359234231,0.0,-7935.216307166044,-107.47295500715752,-1.0109674819360646,1.0673015936646315,0.0,break_up
USDJPY.a,15m,-1,1.46,2020-02-14 17:00:00,109.7271797428731,2020-02-14 18:00:00,109.83223337408427,109.78102043870054,109.62195912259891,stop,4,-15337.830156829823,-7300.0,-177.08856602526606,0.0,-15337.830156829823,-207.97226941669015,-1.9511937874628578,1.0739136305410064,0.26336477742708303,break_dn
USDJPY.a,15m,1,0.66,2020-02-17 01:45:00,109.87977375959227,2020-02-17 02:00:00,109.76162400398619,109.76287102627543,109.95825794744914,stop,1,-7797.8838700014985,-3300.0,-82.30347109072976,0.0,-7797.8838700014985,-105.77484838488569,-1.0106671782076229,1.3752780198606547,0.0,break_up
USDJPY.a,15m,-1,1.11,2020-02-17 02:15:00,109.71810517667808,2020-02-17 02:15:00,109.83876285563383,109.78742062065096,109.58215875869806,stop,0,-13393.002364088432,-5550.000000000001,-148.98808309948683,0.0,-13393.002364088432,-181.67015796807414,-1.74070412075777,1.2536141780455372,0.0,break_dn
USDJPY.a,15m,1,0.87,2020-02-17 07:15:00,109.88656459770378,2020-02-17 16:45:00,109.91160884970473,109.79819557514763,109.91160884970473,target,38,2178.849924082897,-4350.0,-0.0,0.0,2178.849924082897,29.494968825350565,0.2834053300186656,0.7872056937099892,0.536787676542138,break_up
USDJPY.a,15m,1,0.77,2020-02-17 17:00:00,109.96739253893281,2020-02-17 23:15:00,109.86743777557157,109.86796585233593,110.01506829532815,stop,25,-7696.516778815436,-1001.0000000000001,-40.66191085574205,0.0,-7696.516778815436,-104.34928146077196,-1.0053112175657135,1.110290835501624,0.0,break_up
USDJPY.a,15m,-1,1.01,2020-02-18 03:00:00,109.7532413587314,2020-02-18 16:15:00,109.87946449160722,109.82823452984782,109.60553094030438,stop,53,-12748.53642045801,-5050.0,-124.22613770061993,0.0,-12748.53642045801,-173.28831273363454,-1.6831283568456576,1.7702764037341818,1.2700004188854597,break_dn
USDJPY.a,15m,1,1.3,2020-02-18 23:45:00,109.88857834329997,2020-02-19 03:45:00,109.96359081691935,109.83070459154033,109.96359081691935,target,16,9751.621570519546,-6500.0,-0.0,1173.8999999999999,10925.521570519546,148.56077581762975,1.4521690933122686,0.7357107843430963,1.6142319075497533,break_up
USDJPY.a,15m,1,0.76,2020-02-19 04:00:00,110.02072393473433,2020-02-19 04:15:00,110.0682786177025,109.92086069114875,110.0682786177025,target,1,3614.155905580844,-3800.0,-0.0,0.0,3614.155905580844,49.07560315647924,0.4761980610755155,0.5079339796414948,0.9140106208089628,break_up
USDJPY.a,15m,1,0.77,2020-02-19 09:30:00,110.15064489761264,2020-02-19 11:00:00,110.19627174723414,110.05186412638292,110.19627174723414,target,6,3513.2674208554135,-3850.0,-0.0,0.0,3513.2674208554135,47.56593697691938,0.4619001153108492,0.8771433603322714,0.6717410844369184,break_up
USDJPY.a,15m,1,0.48,2020-02-19 12:30:00,110.36998387124319,2020-02-19 15:15:00,110.53147642023849,110.21276178988076,110.53147642023849,target,11,7751.642351774307,-2400.0,-0.0,0.0,7751.642351774307,104.84710364661971,1.0271620092792153,0.413325346414812,1.6538143147806579,break_up
USDJPY.a,15m,1,0.41,2020-02-19 17:30:00,110.9424755220136,2020-02-19 18:30:00,111.15617182124343,110.75691408937828,111.15617182124343,target,4,8761.548268423354,-2050.0,-0.0,0.0,8761.548268423354,118.09825425487605,1.151620227301336,0.2935713593063927,2.050665769186286,break_up
USDJPY.a,15m,1,0.34,2020-02-20 03:00:00,111.25959125825685,2020-02-20 08:45:00,111.55642610287512,111.03378694856244,111.55642610287512,target,23,10092.384717021332,-1700.0,-0.0,0.0,10092.384717021332,136.11510749780305,1.31456678138691,0.5473379069873038,1.3348228036527172,break_up
USDJPY.a,15m,1,0.55,2020-02-20 09:00:00,111.59724925456439,2020-02-20 09:15:00,111.7326359896571,111.45568200517145,111.7326359896571,target,1,7446.270430098992,-2750.0000000000005,-0.0,0.0,7446.270430098992,100.40190155194695,0.9563422025452274,0.6021820366642145,1.6370364362477359,break_up
USDJPY.a,15m,1,0.21,2020-02-20 09:30:00,111.85474124500703,2020-02-21 09:45:00,111.72672750932871,111.48534508917722,112.43530982164559,signal,97,-2688.28844924478,-1050.0,-53.44460819409409,63.20999999999999,-2625.07844924478,-35.63972456623564,-0.338400207217945,0.6435942585080864,1.0077494016057662,break_up
USDJPY.a,15m,-1,0.68,2020-02-21 13:15:00,111.78966867763394,2020-02-21 14:00:00,111.95594962990216,111.90386241311742,111.56227517376517,stop,3,-11307.10475423922,-3400.0,-141.9307413627881,0.0,-11307.10475423922,-152.92373875621954,-1.4561302471121607,1.4565713404665834,0.26856707597919444,break_dn
USDJPY.a,15m,-1,0.8,2020-02-21 22:00:00,111.60071903667118,2020-02-24 00:00:00,111.29299999999999,111.69761830511867,111.41076338976268,target_gap,8,24617.522933695,-1120.0,-0.0,-1256.0,23361.522933695,317.93877124775,3.013635101171508,0.18865945658534253,3.320138963128848,break_dn
USDJPY.a,15m,-1,0.72,2020-02-24 04:45:00,111.50652423600756,2020-02-24 07:15:00,111.66725741978523,111.6155411380542,111.29291772389159,stop,10,-11572.78923199192,-3600.0,-123.57228463476832,0.0,-11572.78923199192,-157.21657542808956,-1.474387739516849,1.169321101583923,0.6193923578812306,break_dn
USDJPY.a,15m,-1,0.83,2020-02-24 10:15:00,111.47878593847905,2020-02-24 11:15:00,111.34445032641102,111.5727748367945,111.29445032641102,target,4,11149.855801646352,-4150.0,-0.0,0.0,11149.855801646352,151.91555161098594,1.429271057281387,0.4065805877699817,2.5299364365458863,break_dn
USDJPY.a,15m,-1,0.49,2020-02-24 19:45:00,110.40074696873721,2020-02-24 21:00:00,110.61329936076255,110.5602895376327,110.0854209247346,stop,5,-10415.06720924187,-2450.0,-147.48133336277593,0.0,-10415.06720924187,-142.55441781852616,-1.3322613111775843,1.2238303082025586,0.4183646358416725,break_dn
USDJPY.a,15m,-1,0.62,2020-02-25 05:15:00,110.8513925609687,2020-02-25 10:15:00,110.6539681043232,110.9760159478384,110.6039681043232,target,20,12240.316312021436,-3100.0,-0.0,0.0,12240.316312021436,167.60397119555026,1.5841686027352435,0.16535771935680865,2.2980643373795004,break_dn
USDJPY.a,15m,-1,0.7,2020-02-25 10:45:00,110.56547747428334,2020-02-25 14:45:00,110.72974990916161,110.67699343602474,110.34401312795052,stop,16,-11499.070441478947,-3500.0,-192.95311958130506,0.0,-11499.070441478947,-157.60772535906804,-1.4730845012053515,1.331849928901381,1.932256790135759,break_dn
USDJPY.a,15m,-1,0.43,2020-02-25 16:45:00,110.42617311548945,2020-02-25 17:15:00,110.1279275298282,110.6045362350859,110.0779275298282,target,2,12824.560183433703,-2150.0,-0.0,0.0,12824.560183433703,176.28714053208589,1.6721258651229451,0.2513237299951721,1.974472728926468,break_dn
USDJPY.a,15m,1,0.34,2020-02-26 13:45:00,110.63694280763798,2020-02-26 16:00:00,110.41063472963351,110.41314552278999,110.93170895442002,stop,9,-7694.474652151798,-1700.0,-85.36696731991911,0.0,-7694.474652151798,-105.92200019602646,-1.0112190510183363,1.005118573224698,0.0,break_up
USDJPY.a,15m,1,0.26,2020-02-26 16:45:00,110.73993451714401,2020-02-26 18:45:00,110.44481703712512,110.4478909753878,111.16521804922438,stop,8,-7673.05448049109,-1300.0,-79.92239482980307,0.0,-7673.05448049109,-106.05144675433233,-1.0105256162974965,1.4036760226878253,0.0,break_up
USDJPY.a,15m,-1,0.56,2020-02-27 02:15:00,110.31015248984144,2020-02-27 06:45:00,110.09533304061745,110.44533347969127,110.04533304061745,target,18,12029.889156543733,-2800.0000000000005,-0.0,0.0,12029.889156543733,166.87017369870668,1.5891246946973527,0.7016334934662318,2.3313373440417737,break_dn
USDJPY.a,15m,-1,0.28,2020-02-27 07:00:00,110.00929442996876,2020-02-27 19:00:00,110.336518227203,110.28241586678799,109.46816826642402,stop,48,-9162.266322558708,-1400.0000000000002,-114.86609162064389,0.0,-9162.266322558708,-126.3499780739613,-1.1980890297191324,1.0570593556972647,1.1544111426795427,break_dn
USDJPY.a,15m,-1,0.34,2020-02-27 23:00:00,109.82348787748404,2020-02-28 00:15:00,109.40198680597501,110.0460065970125,109.38898680597501,target,5,14331.036431306928,-442.00000000000006,-0.0,-533.8,13797.236431306928,191.61549795791788,1.8236716100513977,0.28991773210215444,2.249194488196998,break_dn
USDJPY.a,15m,-1,0.28,2020-02-28 05:15:00,109.15360257918533,2020-02-28 11:00:00,108.67745967474923,109.42177016262538,108.62745967474923,target,23,13332.001324210867,-1400.0000000000002,-0.0,0.0,13332.001324210867,187.92369169318584,1.7755423617133508,0.12826837745793607,2.0159132295205002,break_dn
USDJPY.a,15m,-1,0.38,2020-02-28 11:15:00,108.6354196782376,2020-02-28 14:15:00,108.88940558486897,108.8359170281758,108.24216594364842,stop,12,-9651.464451992098,-1900.0,-132.56515434064218,0.0,-9651.464451992098,-136.51370583973056,-1.266779369950046,1.1600169370522044,0.6205552256723049,break_dn
USDJPY.a,15m,-1,0.39,2020-02-28 17:00:00,108.41619219380924,2020-02-28 17:30:00,108.09068092323704,108.60815953838147,108.04068092323705,target,2,12694.939552315518,-1950.0,-0.0,0.0,12694.939552315518,182.1467152941118,1.6956595992799637,0.22299525102123666,2.121153442615956,break_dn
USDJPY.a,15m,-1,0.26,2020-02-28 22:45:00,107.50980219294958,2020-02-28 22:45:00,107.85702665217934,107.80072994160372,106.93754011679258,stop,0,-9027.83593997387,-1300.0,-163.71447496631907,0.0,-9027.83593997387,-128.45337794220987,-1.1935075318049126,1.2862224685733672,0.0,break_dn
USDJPY.a,15m,1,0.34,2020-03-02 09:15:00,108.3774852670847,2020-03-02 10:45:00,108.15119095177441,108.15535082670266,108.66429834659469,stop,6,-7694.0067205496525,-1700.0,-141.43574756035883,0.0,-7694.0067205496525,-108.63504062306515,-1.0187268346191354,1.6678425301700817,0.9026728704043193,break_up
USDJPY.a,15m,1,0.3,2020-03-02 22:45:00,108.19008563370535,2020-03-03 01:45:00,108.53299382142143,107.9405030892893,108.53299382142143,target,12,10287.245631482305,-1500.0,-0.0,90.29999999999998,10377.545631482304,146.01109737263016,1.3859871030861306,0.21269770219529557,1.3899784822945962,break_up
USDJPY.a,15m,-1,0.17,2020-03-03 17:15:00,107.33641699251663,2020-03-04 17:30:00,107.48633676047656,107.77274493736353,106.47451012527296,signal,97,-2548.636055318795,-850.0,-79.44985620346091,-800.6999999999999,-3349.336055318795,-47.15717564200728,-0.4515405677925637,0.8103606740279635,1.1193804987393523,break_dn
USDJPY.a,15m,1,0.53,2020-03-04 23:45:00,107.56666959027119,2020-03-05 03:15:00,107.4197136670596,107.42231484097087,107.81437031805825,stop,14,-7788.663930214412,-2650.0,-137.8622172977271,159.52999999999997,-7629.133930214412,-107.32754406110858,-0.9971679069049801,1.2446392733321128,1.2145801269347436,break_up
USDJPY.a,15m,-1,0.51,2020-03-05 09:15:00,107.24656446813124,2020-03-05 11:30:00,107.00272818406916,107.39563590796543,106.95272818406916,target,9,12435.650487166286,-2550.0,-0.0,0.0,12435.650487166286,175.262586759417,1.6357008715640167,0.9353604689392547,2.2107820820528237,break_dn
USDJPY.a,15m,-1,0.36,2020-03-05 18:00:00,106.66174354914747,2020-03-05 19:45:00,106.30263801271573,106.86818099364213,106.25263801271574,target,7,12927.799311542685,-1800.0,-0.0,0.0,12927.799311542685,184.52187798679398,1.7395368234227548,0.5050268429147875,2.004207861419172,break_dn
USDJPY.a,15m,-1,0.25,2020-03-05 23:00:00,106.00750633877729,2020-03-06 02:15:00,106.36243321624114,106.30943401699844,105.41413196600311,stop,13,-8873.171936596336,-1250.0,-74.979981067604,-392.49999999999994,-9265.671936596336,-131.89879509928923,-1.2275352814536824,1.1078602107412887,0.13415907748484815,break_dn
USDJPY.a,15m,-1,0.55,2020-03-06 07:15:00,105.7731317696767,2020-03-06 08:00:00,105.96182033540043,105.90897855587039,105.5100428882592,stop,3,-10377.871114805544,-2750.0000000000005,-156.29787415279523,0.0,-10377.871114805544,-148.15551090308838,-1.3889807113632955,1.3829420304094155,0.0009699874424047132,break_dn
USDJPY.a,15m,-1,0.37,2020-03-06 11:45:00,105.48728225219722,2020-03-06 12:00:00,105.13883228790576,105.69058385604711,105.08883228790576,target,1,12892.64867878407,-1850.0,-0.0,0.0,12892.64867878407,184.1152358430125,1.7139558060188052,0.028124459888660924,2.1607416954838983,break_dn
USDJPY.a,15m,-1,0.05,2020-03-09 00:15:00,104.32292331469716,2020-03-09 04:45:00,101.83932457872352,105.59583771063824,101.78932457872352,target,18,12417.993679868217,-250.0,-0.0,0.0,12417.993679868217,187.7079423138678,1.9511121438276346,0.21452871157211867,2.1603364086900267,break_dn
USDJPY.a,15m,-1,0.12,2020-03-09 08:15:00,102.53871619229534,2020-03-09 16:30:00,101.40961191751998,103.13919404124002,101.35961191751998,target,33,13549.251297304294,-600.0,-0.0,0.0,13549.251297304294,200.22221397536737,1.8803429248218322,0.5633576797198757,2.2627249193009145,break_dn
USDJPY.a,15m,-1,0.1,2020-03-09 16:45:00,101.33918520038556,2020-03-09 16:45:00,102.12451729481975,102.0642950953981,99.90640980920381,stop,0,-7853.320944341959,-500.0,-102.22199421660197,0.0,-7853.320944341959,-116.05137966908255,-1.0830525136063933,1.8146419027859133,0.00715091660066881,break_dn
USDJPY.a,15m,-1,0.2,2020-03-09 21:45:00,102.05922594316304,2020-03-09 22:30:00,102.47196856970145,102.41502613737413,101.35894772525175,stop,3,-8254.852530768063,-1000.0,-138.8486465463776,0.0,-8254.852530768063,-122.31133735208097,-1.1600404756764582,1.1151597534024034,0.017498425420621022,break_dn
USDJPY.a,15m,-1,0.23,2020-03-10 01:15:00,102.13005781368392,2020-03-10 01:45:00,102.46954144593352,102.45052285291754,101.50095429416491,stop,2,-7808.123541740712,-299.0,-138.42763936709335,0.0,-7808.123541740712,-115.36629490769309,-1.0593468574963851,1.076380085456392,0.06883063979978978,break_dn
USDJPY.a,15m,1,0.19,2020-03-10 07:00:00,103.75255307967882,2020-03-10 08:00:00,104.36951256940145,103.36074371529928,104.36951256940145,target,4,11722.230304730005,-950.0,-0.0,0.0,11722.230304730005,170.949178809384,1.5746420218915236,0.30257847427040535,2.2828625388717065,break_up
USDJPY.a,15m,1,0.14,2020-03-10 21:15:00,104.79673047346836,2020-03-10 22:15:00,105.68312448365192,104.26843775817403,105.68312448365192,target,4,12409.516142569915,-700.0000000000001,-0.0,0.0,12409.516142569915,181.41179691477768,1.677846361537901,0.15659968625966728,2.1243327686363984,break_up
USDJPY.a,15m,1,0.2,2020-03-11 05:30:00,104.99407749485793,2020-03-11 06:30:00,104.62445910617927,104.63044258457256,105.55611483085485,stop,4,-7392.367773573198,-1000.0,-119.66956786566257,0.0,-7392.367773573198,-108.34525780619376,-1.016454631346023,1.0644673652322514,0.0382870421630762,break_up
USDJPY.a,15m,1,0.13,2020-03-11 12:00:00,105.3063190804201,2020-03-11 14:30:00,104.75128980498374,104.75716444582797,106.24467110834406,stop,10,-7215.380580672601,-650.0,-76.37033097493881,0.0,-7215.380580672601,-105.56045227981025,-1.010697607694032,1.1678296786048517,0.0139868064404156,break_up
USDJPY.a,15m,-1,0.25,2020-03-11 22:00:00,104.59166897581436,2020-03-12 04:15:00,104.0588562964912,104.8850718517544,104.0088562964912,target,25,13320.31698307894,-1250.0,-0.0,-392.49999999999994,12927.81698307894,193.4022506619751,1.7624662937142583,0.7475421755254622,3.059509805206491,break_dn
USDJPY.a,15m,-1,0.18,2020-03-12 10:45:00,103.56676068831626,2020-03-12 12:45:00,104.028548731466,103.9724154255044,102.7591691489912,stop,8,-8312.184776695289,-900.0,-110.39950730903094,0.0,-8312.184776695289,-124.76292562318667,-1.1383770502736077,1.1592106995798739,0.14485394334004278,break_dn
USDJPY.a,15m,-1,0.22,2020-03-12 13:45:00,103.68407205762236,2020-03-12 15:30:00,104.0613797471615,104.00535074341187,103.05329851317627,stop,7,-8300.769169861014,-1100.0,-132.63808249201088,0.0,-8300.769169861014,-125.70750412869829,-1.174393777825452,1.6338710459042423,0.5324724769773079,break_dn
USDJPY.a,15m,1,0.07,2020-03-12 17:00:00,104.77382738283384,2020-03-13 13:00:00,106.46748156439425,103.84025921780287,106.46748156439425,target,80,11855.579270922834,-350.00000000000006,-0.0,21.069999999999997,11876.649270922833,177.4296573890022,1.8173972133080478,0.28688572818349756,1.9197019396079054,break_up
USDJPY.a,15m,1,0.15,2020-03-13 13:15:00,106.51151793733155,2020-03-13 15:30:00,107.40522154779231,106.03838922610385,107.40522154779231,target,9,13405.554156911421,-750.0,-0.0,0.0,13405.554156911421,198.8009092822399,1.8889228010317274,0.6647618922035297,2.080791208197569,break_up
USDJPY.a,15m,1,0.14,2020-03-13 19:15:00,107.26444067949922,2020-03-13 21:45:00,108.09784240760715,106.76457879619643,108.09784240760715,target,10,11667.62419351102,-700.0000000000001,-0.0,0.0,11667.62419351102,175.67413383230826,1.6672640102128125,0.25095067995660036,1.857631780934012,break_up
USDJPY.a,15m,1,0.16,2020-03-13 22:00:00,108.21073170444448,2020-03-16 00:00:00,107.025096395822,107.76061579242725,108.9407684151455,stop_gap,8,-18970.164937959682,-208.00000000000003,-174.4576668479777,48.15999999999999,-18922.004937959682,-283.57502017402527,-2.627379475038836,3.998373877472599,0.6537611484044609,break_up
USDJPY.a,15m,-1,0.15,2020-03-16 12:00:00,106.0261691058228,2020-03-17 03:45:00,106.5550604360743,106.49959591870326,105.09680816259346,stop,63,-7933.369953772455,-750.0,-81.96776056564676,-235.49999999999994,-8168.869953772455,-125.34759659431211,-1.1503178853306821,1.343039466456558,1.8633695469325717,break_dn
USDJPY.a,15m,1,0.22,2020-03-17 09:45:00,106.5217689033339,2020-03-17 11:00:00,106.97811266672814,106.21144366663593,106.97811266672814,target,5,10039.56279467306,-1100.0,-0.0,0.0,10039.56279467306,154.91801891364034,1.4705338445882326,0.17326629282888079,1.6506266203693434,break_up
USDJPY.a,15m,1,0.19,2020-03-17 14:15:00,107.12739668792284,2020-03-17 14:45:00,106.75650879340043,106.76295236681085,107.69009526637831,stop,2,-7046.869995925817,-950.0,-122.42789479813912,0.0,-7046.869995925817,-109.96251425806189,-1.017680542780202,1.084930303527325,0.0,break_up
USDJPY.a,15m,1,0.18,2020-03-17 17:45:00,107.3664057388264,2020-03-18 08:45:00,106.97019144651135,106.97384586958965,107.98830826082069,stop,60,-7131.857261670916,-900.0,-65.77961540936656,162.53999999999996,-6969.317261670916,-108.30423769130611,-0.986306351354382,1.081123599443767,1.2701101163066078,break_up
USDJPY.a,15m,1,0.25,2020-03-18 12:00:00,107.60693179044871,2020-03-18 12:45:00,107.32643135198023,107.33074913456905,108.00050173086191,stop,3,-7012.5109617119815,-1250.0,-107.94456472041284,0.0,-7012.5109617119815,-109.7474910809184,-1.015633793422187,1.1584065242246862,0.0,break_up
USDJPY.a,15m,1,0.21,2020-03-18 16:00:00,107.69519639144276,2020-03-18 18:00:00,108.16669165370236,107.37665417314882,108.16669165370236,target,8,9901.400507451483,-1050.0,-0.0,0.0,9901.400507451483,156.8704024843879,1.4801656897627042,0.2957108541130419,1.5470590089960798,break_up
USDJPY.a,15m,1,0.22,2020-03-18 18:45:00,108.21476527839324,2020-03-18 21:45:00,107.90520731175329,107.91226807302225,108.66146385395552,stop,12,-6810.27526607906,-1100.0,-155.3367479170762,0.0,-6810.27526607906,-109.12015601279975,-1.0233415752066213,1.5463457846480078,1.448723207440178,break_up
USDJPY.a,15m,1,0.22,2020-03-19 00:45:00,107.96669159832113,2020-03-19 03:45:00,108.51624904996775,107.66687547501613,108.51624904996775,target,12,12090.263936225654,-1100.0,-0.0,0.0,12090.263936225654,194.32917690823615,1.8329816475131608,0.1390572256806995,3.276369498913001,break_up
USDJPY.a,15m,1,0.12,2020-03-19 04:00:00,108.86436626489824,2020-03-19 14:15:00,109.75350194180805,108.33824902909598,109.75350194180805,target,41,10669.6281229178,-600.0,-0.0,0.0,10669.6281229178,168.94596882549922,1.689995340209678,0.7913944584296677,1.9228294879166188,break_up
USDJPY.a,15m,1,0.18,2020-03-19 15:00:00,109.95733143834279,2020-03-19 15:45:00,109.5752861386907,109.58229393207944,110.54141213584113,stop,3,-6876.815393737644,-900.0,-126.14028099717625,0.0,-6876.815393737644,-108.93664510045348,-1.018685580166525,1.1661005393836485,0.11377145204044348,break_up
USDJPY.a,15m,1,0.19,2020-03-19 20:00:00,110.2493472032564,2020-03-19 21:30:00,110.82017245094994,109.88391377452503,110.82017245094994,target,6,10845.67970617715,-950.0,-0.0,0.0,10845.67970617715,169.7670703557109,1.5620498914814225,0.5482454190135667,1.6163075140500414,break_up
USDJPY.a,15m,1,0.19,2020-03-19 21:45:00,110.66923650769029,2020-03-20 02:30:00,111.23027488099906,110.31036255950048,111.23027488099906,target,19,10659.72909286674,-247.00000000000003,-0.0,57.18999999999999,10716.919092866741,167.60085075457695,1.5717172454391921,0.6276201123720316,1.9331676088752439,break_up
USDJPY.a,15m,1,0.15,2020-03-20 16:30:00,110.78117528424708,2020-03-23 02:45:00,110.31666043650827,110.32372903827896,111.53654192344207,stop,41,-6967.722716082178,-195.00000000000003,-106.02902656033987,45.14999999999999,-6922.572716082178,-109.0164442935851,-1.0088723031535516,1.0802914847431235,1.582316440746007,break_up
USDJPY.a,15m,-1,0.21,2020-03-23 05:30:00,110.20112733863873,2020-03-23 12:30:00,110.59325776082115,110.5376874798925,109.54262504021501,stop,28,-8234.738865830792,-1050.0,-116.975899501629,0.0,-8234.738865830792,-129.60836807230334,-1.1651124839728066,1.598147241552633,1.589990236649083,break_dn
USDJPY.a,15m,1,0.22,2020-03-23 14:30:00,110.8684397106166,2020-03-23 15:00:00,110.54501916586592,110.55131389362771,111.34537221274459,stop,2,-7115.251984514856,-1100.0,-138.48401075909064,0.0,-7115.251984514856,-110.90500386508187,-1.0198493071978565,2.501971356827089,0.05852657963842703,break_up
USDJPY.a,15m,1,0.18,2020-03-23 18:30:00,111.03347747384987,2020-03-24 03:30:00,110.64804963179942,110.65313345936586,111.63073308126827,stop,36,-6937.701156908049,-900.0,-91.50889619583566,54.179999999999986,-6883.521156908048,-105.63196123670888,-1.0054525048047647,1.0450472696122473,1.476354312849941,break_up
USDJPY.a,15m,1,0.25,2020-03-24 22:15:00,111.57416823545016,2020-03-24 23:45:00,111.28739308122225,111.29181296293973,111.97937407412054,stop,6,-7169.378855697772,-1250.0,-110.49704293689467,0.0,-7169.378855697772,-108.21311249386095,-1.0156536185004954,1.3039184010157177,0.49877504782434123,break_up
USDJPY.a,15m,1,0.26,2020-03-25 08:45:00,111.44505809151316,2020-03-25 09:00:00,111.16376111889565,111.16835917493185,111.8422816501363,stop,1,-7313.721288055292,-1300.0,-119.54945694124554,0.0,-7313.721288055292,-108.7532433653792,-1.0166175426091701,1.1314033874113905,0.0,break_up
USDJPY.a,15m,1,0.27,2020-03-25 11:00:00,111.51800681457128,2020-03-25 13:15:00,111.24910178357106,111.25333198627753,111.88833602744495,stop,9,-7260.43583700583,-1350.0,-114.21547307458741,0.0,-7260.43583700583,-108.9441943337473,-1.0159826407888384,1.0428147487639015,0.19644174613767584,break_up
USDJPY.a,15m,1,0.22,2020-03-25 17:00:00,111.64884734019896,2020-03-25 20:15:00,111.32592563117363,111.33041061932406,112.13017876135187,stop,13,-7104.277598557104,-1100.0,-98.66973930916481,0.0,-7104.277598557104,-107.10817647484087,-1.0140843937159665,1.1143417732227026,0.10097032689164527,break_up
USDJPY.a,15m,-1,0.37,2020-03-25 23:15:00,111.1653036228415,2020-03-26 03:30:00,110.8372504760482,111.3553747619759,110.7872504760482,target,17,12137.966431352424,-1850.0,-0.0,-580.8999999999999,11557.066431352425,176.99723609986313,1.6433486336526915,0.6876182136525842,2.7321539987948085,break_dn
USDJPY.a,15m,-1,0.32,2020-03-26 03:45:00,110.73026270487816,2020-03-26 11:15:00,110.34796126975651,110.95051936512175,110.29796126975651,target,30,12233.64592389271,-1600.0,-0.0,0.0,12233.64592389271,186.63948376124978,1.7357088530210252,0.5799474802740404,2.017022796889887,break_dn
USDJPY.a,15m,-1,0.32,2020-03-26 11:45:00,110.30185342070165,2020-03-26 12:00:00,109.91845088624227,110.52327455687887,109.86845088624227,target,1,12268.881102700108,-1600.0,-0.0,0.0,12268.881102700108,186.79224366650743,1.7315534599754745,0.11356901031445998,2.004566629747485,break_dn
USDJPY.a,15m,-1,0.24,2020-03-26 14:30:00,109.61548049545391,2020-03-26 15:15:00,109.9689113314144,109.9133514854845,109.03329702903102,stop,3,-8482.340063051879,-1200.0,-133.4363023176786,0.0,-8482.340063051879,-128.3740379522969,-1.1865231855045728,1.1028919080450157,0.1191136318789117,break_dn
USDJPY.a,15m,-1,0.28,2020-03-26 21:45:00,109.21643612623942,2020-03-26 22:30:00,109.52539832059357,109.47035179873569,108.72229640252863,stop,3,-8650.941441916246,-1400.0000000000002,-141.30261202059995,0.0,-8650.941441916246,-130.35547015286923,-1.2167905640353187,1.0458742902704374,0.033224125775617556,break_dn
USDJPY.a,15m,-1,0.39,2020-03-27 03:00:00,109.13219625853567,2020-03-27 03:15:00,109.37091953193233,109.31670146346416,108.7715970730717,stop,1,-9310.20766246968,-1950.0,-164.50467025902307,0.0,-9310.20766246968,-140.98797975365213,-1.2938565797598458,1.2780330048451618,0.3262577798767317,break_dn
USDJPY.a,15m,-1,0.33,2020-03-27 04:00:00,109.04154111359946,2020-03-27 04:15:00,108.66710576452587,109.25894711773707,108.61710576452587,target,1,12356.366519428577,-1650.0,-0.0,0.0,12356.366519428577,186.85382046222716,1.7222861464148207,0.18609829365578048,2.228738417421011,break_dn
USDJPY.a,15m,-1,0.17,2020-03-27 17:15:00,108.14903607316425,2020-03-30 04:15:00,107.37017881939757,108.55091059030123,107.35717881939756,target,44,13240.573314033698,-221.00000000000003,-0.0,-266.9,12973.673314033698,196.63690460245914,1.8989938929284598,0.5100197153478274,1.973342521974246,break_dn
USDJPY.a,15m,1,0.34,2020-03-31 02:30:00,108.15926312165797,2020-03-31 03:15:00,107.94468298050775,107.94821674779047,108.53556650441908,stop,3,-7295.7247991075465,-1700.0,-120.14808761254466,0.0,-7295.7247991075465,-109.32288559819415,-1.0167440322141559,1.1100078023849234,0.04613620297564532,break_up
USDJPY.a,15m,1,0.3,2020-03-31 03:45:00,108.2322054988802,2020-03-31 03:45:00,108.55737814027614,107.98831092986192,108.55737814027614,target,0,9755.179241878124,-1500.0,-0.0,0.0,9755.179241878124,146.17661351209085,1.3332508497619104,0.38625500870886126,2.0205226508461243,break_up
USDJPY.a,15m,1,0.13,2020-03-31 04:00:00,108.58224796324589,2020-03-31 17:30:00,108.02437881184741,108.02900972752265,109.52898054495469,stop,54,-7252.298968180213,-650.0,-60.20190377805756,0.0,-7252.298968180213,-109.7795153795344,-1.0083705633056648,1.1265453524395734,0.25983749399783057,break_up
USDJPY.a,15m,-1,0.26,2020-03-31 17:45:00,108.02963181410581,2020-03-31 18:45:00,107.54200424708057,108.30349787645972,107.49200424708057,target,4,12678.316742656309,-1300.0,-0.0,0.0,12678.316742656309,192.05395874683762,1.7805330198055211,0.7243255487342602,2.0726621225973116,break_dn
USDJPY.a,15m,-1,0.31,2020-03-31 23:00:00,107.51089556091429,2020-04-01 01:45:00,107.7569288326021,107.7403017694194,107.05839646116121,stop,11,-7627.03142232202,-403.00000000000006,-112.43895866355594,-1460.1,-9087.13142232202,-137.9465363409493,-1.2777913623086463,1.0945843215054645,0.1826260988632527,break_dn
USDJPY.a,15m,-1,0.38,2020-04-01 02:30:00,107.40843808362187,2020-04-01 04:15:00,107.65212993786065,107.59770895882235,107.0375820823553,stop,7,-9260.29046107348,-1900.0,-167.99720345565987,0.0,-9260.29046107348,-140.48873926885594,-1.2875296000013448,1.260425916694493,0.8106798442145697,break_dn
USDJPY.a,15m,-1,0.38,2020-04-01 15:45:00,107.37442384097199,2020-04-01 19:00:00,107.06401453499856,107.55849273250071,107.01401453499857,target,13,11795.553626990057,-1900.0,-0.0,0.0,11795.553626990057,180.95178899710675,1.6863757009422866,0.530106734590628,2.0341505718990844,break_dn
USDJPY.a,15m,-1,0.38,2020-04-01 22:45:00,106.95934503043755,2020-04-01 22:45:00,107.19983102800082,107.14584857365712,106.59430285268577,stop,0,-9138.46790740422,-1900.0,-151.33326506035775,0.0,-9138.46790740422,-140.3508086472698,-1.2894446583255652,1.0866011769217263,0.0,break_dn
USDJPY.a,15m,1,0.52,2020-04-02 08:00:00,107.49695868927546,2020-04-02 08:00:00,107.35824376355238,107.36118179746556,107.72663640506889,stop,0,-7213.176137600101,-676.0000000000001,-152.77776348569876,0.0,-7213.176137600101,-110.30039376997884,-1.0216386888373872,1.4432403530773237,0.0,break_up
USDJPY.a,15m,-1,0.39,2020-04-02 15:45:00,107.08494336606947,2020-04-02 16:15:00,107.31860312888021,107.265330288567,106.727339422866,stop,2,-9112.730749619075,-1950.0,-127.64077221519068,0.0,-9112.730749619075,-141.04810837514003,-1.2953254015070916,1.1755654511675038,0.0,break_dn
USDJPY.a,15m,1,0.13,2020-04-02 17:45:00,107.88303180738444,2020-04-03 18:00:00,108.50138610468302,107.36960290088824,108.75079419822352,signal,97,8038.605864881547,-650.0,-67.96127824151459,39.129999999999995,8077.735864881547,124.05680975411354,1.2102246083863164,0.516199621858273,1.5483510619623384,break_up
USDJPY.a,15m,1,0.39,2020-04-06 02:30:00,108.68785450582666,2020-04-06 03:30:00,109.00749828718281,108.5057508564086,109.00749828718281,target,4,12466.107472889804,-1950.0,-0.0,0.0,12466.107472889804,189.63451018316013,1.7552848741780092,0.6197267665271958,2.1918588421970315,break_up
USDJPY.a,15m,1,0.34,2020-04-06 07:45:00,109.00616148157584,2020-04-06 10:15:00,109.27698373014648,108.79400813492676,109.27698373014648,target,10,9207.956451401713,-1700.0,-0.0,0.0,9207.956451401713,139.24439380965168,1.2765400727738263,0.7125104739727182,1.5688582041304489,break_up
USDJPY.a,15m,1,0.25,2020-04-06 10:30:00,109.38928334618949,2020-04-06 11:15:00,109.09933092855655,109.10283751287413,109.80832497425172,stop,3,-7248.810440823306,-1250.0,-87.66460793944236,0.0,-7248.810440823306,-109.53706238579454,-1.0122417012563654,1.0971824674561834,0.0,break_up
USDJPY.a,15m,1,0.37,2020-04-06 22:45:00,109.2077733666578,2020-04-07 03:15:00,109.01091650093781,109.01338556192724,109.43822887614553,stop,18,-7283.7040316397715,-1850.0,-91.35525660901162,111.36999999999998,-7172.334031639772,-107.82265278738916,-0.9972172173489827,1.3055004505532382,0.35098206616797883,break_up
USDJPY.a,15m,-1,0.42,2020-04-07 05:00:00,108.88718695726656,2020-04-07 12:30:00,109.11082661408132,109.05786314019188,108.55127371961622,stop,30,-9392.86558621967,-2100.0,-124.46590335621352,0.0,-9392.86558621967,-139.5506260239323,-1.3103155518342529,1.264459041879676,1.2725088734940495,break_dn
USDJPY.a,15m,-1,0.54,2020-04-07 20:00:00,108.83399661687258,2020-04-07 20:30:00,109.0225986366944,108.96964829168012,108.56870341663976,stop,2,-10184.509070377999,-2700.0,-159.3186307715452,0.0,-10184.509070377999,-150.82937767782218,-1.3903405180172574,1.1426573490326983,0.029462348166762596,break_dn
USDJPY.a,15m,-1,0.48,2020-04-07 21:15:00,108.82502380758105,2020-04-08 03:00:00,108.5780100471902,108.9764949764049,108.52801004719021,target,23,11856.660498760448,-2400.0,-0.0,-2260.7999999999997,9595.860498760449,144.0070913826495,1.3198139417761587,0.5015884739577449,2.0335474399043427,break_dn
USDJPY.a,15m,1,0.38,2020-04-08 12:00:00,108.92952913585249,2020-04-08 16:30:00,108.7383485854728,108.74099524896852,109.15200950206297,stop,18,-7264.860914427999,-1900.0,-100.57321283713033,0.0,-7264.860914427999,-107.834054446864,-1.0140381314969606,1.2121382507386427,0.9201044279867838,break_up
USDJPY.a,15m,-1,0.54,2020-04-08 18:30:00,108.70606780165596,2020-04-08 22:00:00,108.89266629863812,108.84023303129688,108.44053393740623,stop,14,-10076.318837036468,-2700.0,-131.39643642690322,0.0,-10076.318837036468,-148.66220542962043,-1.390811147430508,1.2516819655397677,0.7309479655677656,break_dn
USDJPY.a,15m,1,0.48,2020-04-09 02:15:00,108.94425626194659,2020-04-09 13:00:00,108.79001721556689,108.79168845928652,109.20962308142695,stop,43,-7403.474226225626,-2400.0,-80.21969854189602,0.0,-7403.474226225626,-109.20931039516209,-1.0109541049322914,1.1683740529694087,0.7848558867967375,break_up
USDJPY.a,15m,-1,0.46,2020-04-09 20:15:00,108.2621927803396,2020-04-09 21:00:00,108.47303685352443,108.42011391897968,107.95177216204063,stop,3,-9698.8273665022,-2300.0,-134.45498905861007,0.0,-9698.8273665022,-141.48086628263889,-1.3351225491437946,1.1639177708774957,0.3368312867907661,break_dn
USDJPY.a,15m,-1,0.93,2020-04-10 06:15:00,108.46776437572983,2020-04-13 01:15:00,108.309789025762,108.546105487119,108.296789025762,target,76,14691.707547007967,-1209.0,-0.0,-1460.1,13231.607547007967,192.9403240302599,1.8161007349138254,0.7561243799046428,2.588224396288976,break_dn
USDJPY.a,15m,-1,0.67,2020-04-13 04:00:00,108.21654688940436,2020-04-13 04:15:00,108.05257070959041,108.3257146452048,108.00257070959042,target,1,10986.404047534195,-3350.0,-0.0,0.0,10986.404047534195,160.2698287677234,1.5020568904401648,0.15071401326344613,2.001936265904864,break_dn
USDJPY.a,15m,-1,0.53,2020-04-13 04:30:00,108.0334912464762,2020-04-13 05:15:00,108.18714605895259,108.17197230995927,107.76105538008144,stop,3,-8143.705061248653,-689.0000000000001,-115.20869664591038,0.0,-8143.705061248653,-118.95270358592488,-1.109572735879334,1.0146423632930994,0.2923955482271262,break_dn
USDJPY.a,15m,-1,0.69,2020-04-13 10:30:00,107.79875632900253,2020-04-13 11:00:00,107.95691285665036,107.90496851686537,107.58706296626929,stop,2,-10912.800407700473,-3450.0,-134.15944516449795,0.0,-10912.800407700473,-159.33993318481325,-1.4890619507064144,1.8194114525446952,0.01653604014635611,break_dn
USDJPY.a,15m,-1,0.75,2020-04-13 17:00:00,107.83153391759527,2020-04-13 18:15:00,107.69160992906343,107.92869503546828,107.64160992906343,target,5,10494.299139887531,-3750.0,-0.0,0.0,10494.299139887531,152.89707168195764,1.440123287946407,0.28268594480999987,2.249191058926282,break_dn
USDJPY.a,15m,-1,0.72,2020-04-13 18:45:00,107.62659276153845,2020-04-13 23:00:00,107.78066195267564,107.72877437869933,107.42945124260136,stop,17,-11092.981761878149,-3600.0,-135.90532629464911,0.0,-11092.981761878149,-161.27147248960802,-1.5077975414562224,1.2077244605284891,1.2291130736431968,break_dn
USDJPY.a,15m,-1,0.44,2020-04-14 12:15:00,107.45879949316397,2020-04-14 18:30:00,107.18176013337775,107.62261993331113,107.13176013337775,target,25,12189.731830593473,-2200.0,-0.0,0.0,12189.731830593473,177.39066381940063,1.6911159531578985,0.4712507594698517,2.159678565422836,break_dn
USDJPY.a,15m,-1,0.52,2020-04-14 19:00:00,107.08152454280598,2020-04-14 22:00:00,107.23756488091558,107.22235470577323,106.80729058845355,stop,12,-8114.097581699469,-676.0000000000001,-114.92910740255797,0.0,-8114.097581699469,-117.60093863672701,-1.1080036749364168,1.040085831812037,0.713799804587058,break_dn
USDJPY.a,15m,-1,0.51,2020-04-15 00:15:00,107.13972257294776,2020-04-15 10:45:00,107.33529084926846,107.28293837973597,106.82112324052808,stop,42,-9973.982092355669,-2550.0,-119.97594615697982,0.0,-9973.982092355669,-146.76590842701614,-1.3655495207307322,1.8522915382136893,1.4923113428661006,break_dn
USDJPY.a,15m,1,0.41,2020-04-15 15:45:00,107.57875848518925,2020-04-15 16:15:00,107.76659178603366,107.40570410698317,107.76659178603366,target,2,7701.165334620527,-2050.0,-0.0,0.0,7701.165334620527,113.48167505571911,1.0854004549986815,0.3048665150004395,1.682947971786721,break_up
USDJPY.a,15m,1,0.34,2020-04-15 20:45:00,107.4938792250183,2020-04-15 21:15:00,107.28155265493427,107.28433660157786,107.76032679684427,stop,2,-7219.1033828570435,-1700.0,-94.65418588196194,0.0,-7219.1033828570435,-106.14564329268772,-1.0132858250883767,1.1638645208029588,0.0,break_up
USDJPY.a,15m,1,0.3,2020-04-15 23:00:00,107.6377623177997,2020-04-16 00:00:00,107.39570538406983,107.39841241624434,107.96117516751131,stop,4,-7261.708011896104,-840.0,-81.210965235263,90.29999999999998,-7171.408011896104,-105.69052595121903,-0.9987342053474081,1.5949967613059708,0.0,break_up
USDJPY.a,15m,1,0.56,2020-04-16 04:15:00,107.81466243377996,2020-04-16 07:15:00,108.02633655103263,107.68833172448369,108.02633655103263,target,12,11853.750566149529,-728.0000000000001,-0.0,0.0,11853.750566149529,174.85979754124492,1.675555519570897,0.6147549888113925,2.0528465933951585,break_up
USDJPY.a,15m,1,0.42,2020-04-16 23:15:00,107.77560815942806,2020-04-17 02:15:00,108.07813511789317,107.60243244105341,108.07813511789317,target,12,12706.132255534556,-546.0,-0.0,126.41999999999997,12832.552255534556,186.9544561872174,1.7643175459743452,0.10167799269624417,1.7750285285776735,break_up
USDJPY.a,15m,-1,0.68,2020-04-17 09:15:00,107.69559302077133,2020-04-17 09:15:00,107.81927926581226,107.80416879696924,107.48266240606154,stop,0,-8410.664662783176,-884.0000000000001,-143.51188132540707,0.0,-8410.664662783176,-122.84417890557604,-1.1391697980171602,1.0444961408514837,0.03309228722237471,break_dn
USDJPY.a,15m,-1,0.69,2020-04-17 09:45:00,107.68656622709364,2020-04-17 10:15:00,107.84505164496304,107.79275260704588,107.48149478590821,stop,2,-10935.493832988612,-3450.0,-158.63361628385175,0.0,-10935.493832988612,-160.4853909043911,-1.4925211495172015,1.0117472029338788,0.5797940105060698,break_dn
USDJPY.a,15m,1,0.45,2020-04-17 13:15:00,107.93353204589037,2020-04-17 13:45:00,107.77187107831185,107.77408124990986,108.09483750018029,stop,2,-7274.743541033715,-2250.0,-99.4577219106867,0.0,-7274.743541033715,-106.33983967069506,-1.013861151237392,1.0005095610175836,0.0,break_up
USDJPY.a,15m,-1,0.39,2020-04-17 15:15:00,107.59827372221689,2020-04-20 03:15:00,107.79559800359081,107.78057573042827,107.23884853914345,stop,48,-7695.646973583011,-507.00000000000006,-78.86865333924901,-612.3,-8307.94697358301,-121.39681993125001,-1.168524052279889,1.1394623669874768,1.6361515988953947,break_dn
USDJPY.a,15m,1,0.39,2020-04-20 04:00:00,107.91340878137466,2020-04-20 10:30:00,107.73115548027229,107.73307416529595,108.11985166940809,stop,26,-7107.878742992184,-1950.0,-74.82871592229411,0.0,-7107.878742992184,-103.62936243250331,-1.0106395824904533,1.194494912061942,0.197362100517671,break_up
USDJPY.a,15m,-1,0.84,2020-04-21 00:15:00,107.59289357057636,2020-04-21 01:15:00,107.69201114163788,107.67745459134235,107.40009081731527,stop,4,-8325.875969167044,-1092.0,-130.75022482319352,0.0,-8325.875969167044,-121.86448233013579,-1.1721425565072932,1.2784428149560587,0.10517340608947362,break_dn
USDJPY.a,15m,-1,0.54,2020-04-21 05:45:00,107.5465248749931,2020-04-21 12:00:00,107.30681140702387,107.67509429648807,107.29381140702387,target,25,12944.527270338114,-702.0000000000001,-0.0,0.0,12944.527270338114,191.91572619097454,1.8644671896466243,0.7114843011912092,2.0652257115699375,break_dn
USDJPY.a,15m,1,0.37,2020-04-21 17:45:00,107.86695964915434,2020-04-21 17:45:00,107.67461178193497,107.67755125566649,108.09289748866703,stop,0,-7116.87108711662,-1850.0,-108.76052806627023,0.0,-7116.87108711662,-105.06251832585463,-1.0155192369112425,1.2668902614906197,0.0,break_up
USDJPY.a,15m,1,0.39,2020-04-21 20:30:00,107.89773962545934,2020-04-21 21:15:00,107.71346553889894,107.71601103295916,108.1059779340817,stop,3,-7186.689375855323,-1950.0,-99.27426834825992,0.0,-7186.689375855323,-106.08325253284363,-1.0140071192165978,1.022071556841842,0.0,break_up
USDJPY.a,15m,1,0.51,2020-04-22 01:15:00,107.82043514267697,2020-04-22 02:15:00,107.68079166252915,107.68280000970206,108.05539998059588,stop,4,-7121.817487539076,-663.0000000000001,-102.42570581912999,0.0,-7121.817487539076,-105.07084000535377,-1.0145918206311766,1.0276093001832185,0.040431953693374774,break_up
USDJPY.a,15m,-1,0.84,2020-04-22 09:30:00,107.54881150774318,2020-04-22 09:45:00,107.64745519237364,107.63267764958736,107.38464470082526,stop,1,-8286.069508958633,-1092.0,-149.31359404741215,0.0,-8286.069508958633,-121.59143180194096,-1.1762039180690156,1.0038436299267226,0.14083761913264337,break_dn
USDJPY.a,15m,1,0.42,2020-04-22 19:15:00,107.93947379878412,2020-04-22 20:15:00,107.77066056266325,107.77269654898691,108.11860690202619,stop,4,-7090.155917076488,-546.0,-85.51142559390681,0.0,-7090.155917076488,-104.15456772325768,-1.0122078180695375,1.0581407176260536,0.0,break_up
USDJPY.a,15m,1,0.56,2020-04-23 03:15:00,107.88907967177666,2020-04-23 03:30:00,107.76427988303448,107.76589085443769,107.98221829112461,stop,1,-6988.788169562099,-728.0000000000001,-90.21439857941571,0.0,-6988.788169562099,-102.92757515647757,-1.013077253585258,1.0072316177468754,0.0,break_up
USDJPY.a,15m,1,0.51,2020-04-23 09:15:00,107.88976794090378,2020-04-23 10:30:00,107.75296302684846,107.75429768759805,108.00540462480387,stop,5,-6977.050616821231,-2550.0,-68.06769822904899,0.0,-6977.050616821231,-102.34953495419239,-1.0098520576807357,1.002197438853071,0.0,break_up
USDJPY.a,15m,-1,0.65,2020-04-23 14:15:00,107.51592279464397,2020-04-23 16:30:00,107.67536999904878,107.62208562410645,107.30382875178712,stop,9,-10364.068286312859,-3250.0,-213.48437125195431,0.0,-10364.068286312859,-150.71407522886628,-1.501911782232309,4.964799902420947,1.6005865283010892,break_dn
USDJPY.a,15m,1,0.41,2020-04-24 03:30:00,107.76828096618956,2020-04-24 04:30:00,107.5990104072878,107.60107083765564,107.9458583246887,stop,4,-6940.09291497207,-2050.0,-84.4776450809261,0.0,-6940.09291497207,-101.51531860542603,-1.0123224016744654,1.179838613362121,0.0,break_up
USDJPY.a,15m,-1,0.65,2020-04-24 16:45:00,107.5180403351675,2020-04-27 06:15:00,107.32483542606428,107.62258228696787,107.31183542606428,target,54,12558.31909170901,-845.0000000000001,-0.0,-1020.4999999999999,11537.81909170901,167.03477349937333,1.697929931920262,0.9944301119517889,2.1335007748220045,break_dn
USDJPY.a,15m,-1,0.52,2020-04-27 06:30:00,107.32775343121315,2020-04-27 09:45:00,107.08026366193347,107.45986816903326,107.06726366193347,target,13,12869.468002543443,-676.0000000000001,-0.0,0.0,12869.468002543443,185.84715467382435,1.873294178706096,0.5165704440921385,2.1250727651251906,break_dn
USDJPY.a,15m,-1,0.65,2020-04-27 13:30:00,107.12477988197017,2020-04-27 17:00:00,107.2484485342466,107.23322174006799,106.91155651986404,stop,14,-8038.462397968331,-845.0000000000001,-144.74162160929347,0.0,-8038.462397968331,-116.0269734321715,-1.1404143607063715,1.82789304339492,1.215212320055449,break_dn
USDJPY.a,15m,-1,0.71,2020-04-27 20:15:00,107.25375289959548,2020-04-28 10:45:00,107.07131226412876,107.35184386793563,107.05831226412876,target,58,12953.285118137046,-923.0000000000001,-0.0,-1114.6999999999998,11838.585118137045,170.4512039544792,1.6998571661411384,0.869061666400404,2.158740026514947,break_dn
USDJPY.a,15m,-1,0.28,2020-04-28 12:30:00,106.71538649674649,2020-04-28 17:45:00,106.97868874907016,106.9630613157722,106.22787736845562,stop,21,-7372.463065062732,-364.00000000000006,-73.56813234276069,0.0,-7372.463065062732,-106.25318504525721,-1.0630965770337075,1.0401279559500702,0.6273810852380648,break_dn
USDJPY.a,15m,-1,0.84,2020-04-28 22:00:00,106.85387627392441,2020-04-29 03:00:00,106.706983345705,106.9370083271475,106.69398334570499,target,20,12339.00597043089,-1092.0,-0.0,-3956.399999999999,8382.60597043089,120.63997686540178,1.2004145735655603,0.5067085972548977,2.1156252865842062,break_dn
USDJPY.a,15m,-1,1.09,2020-04-29 11:00:00,106.40594702268845,2020-04-29 11:00:00,106.48548916239541,106.4709096964281,106.2791806071438,stop,0,-8670.09322805852,-1417.0000000000002,-172.1617904375144,0.0,-8670.09322805852,-124.72135142768826,-1.2244283544385381,1.001390083977624,0.7380703399094836,break_dn
USDJPY.a,15m,1,0.63,2020-04-29 20:30:00,106.70231855140706,2020-04-29 21:00:00,106.58902560210277,106.59115372853995,106.8816925429201,stop,2,-7137.455806170593,-819.0000000000001,-134.07196554279992,0.0,-7137.455806170593,-102.36672946928323,-1.0191438836701887,1.235269826060153,0.45591264651701796,break_up
USDJPY.a,15m,1,0.66,2020-04-30 03:30:00,106.72127546634803,2020-04-30 06:45:00,106.61315168568824,106.61516050768097,106.89067898463804,stop,13,-7136.1695235464995,-858.0000000000001,-132.58225152000597,0.0,-7136.1695235464995,-102.16971614495992,-1.0189306203193687,2.4904638296774397,1.4580840966769,break_up
USDJPY.a,15m,-1,0.77,2020-04-30 08:00:00,106.52380268822249,2020-04-30 09:45:00,106.62897397682896,106.61405376072477,106.34689247855047,stop,7,-8098.189222698238,-1001.0000000000001,-147.85664002167454,0.0,-8098.189222698238,-115.95196887143645,-1.1653189894647458,1.065885524796194,1.3052774327917491,break_dn
USDJPY.a,15m,1,0.39,2020-04-30 21:45:00,107.15197463746155,2020-04-30 22:30:00,107.45931649659431,106.97434175170284,107.45931649659431,target,3,11986.332506177732,-507.00000000000006,-0.0,0.0,11986.332506177732,171.40421163825968,1.7302081076937594,0.1968928068254933,1.9536098907374,break_up
USDJPY.a,15m,1,0.35,2020-05-01 02:00:00,107.13073691239349,2020-05-01 10:45:00,106.93277485485547,106.93472394804355,107.47555210391288,stop,35,-6928.672013830735,-455.00000000000006,-68.21826158319817,0.0,-6928.672013830735,-100.47464193642587,-1.00994369527828,1.029201885000494,1.4043106205725446,break_up
USDJPY.a,15m,-1,0.56,2020-05-01 15:00:00,106.69079746842812,2020-05-01 16:45:00,106.82784567592991,106.81258450358408,106.45083099283183,stop,7,-7674.699620100342,-728.0000000000001,-126.62565136611977,0.0,-7674.699620100342,-111.52355156809917,-1.1253103199883892,1.972316111187673,0.7044877011599722,break_dn
USDJPY.a,15m,-1,0.64,2020-05-01 21:30:00,106.82559945850052,2020-05-01 23:30:00,106.94704532161991,106.93228556792084,106.61942886415832,stop,8,-7772.535239641002,-832.0000000000001,-112.62423673969921,0.0,-7772.535239641002,-113.23753083306858,-1.138347473530192,1.0254431630688197,0.34305739237638944,break_dn
USDJPY.a,15m,-1,0.59,2020-05-04 03:15:00,106.70450689867629,2020-05-04 09:45:00,106.83151355991791,106.81714667505086,106.48370664989828,stop,26,-7493.393013255754,-767.0000000000001,-80.64620715531372,0.0,-7493.393013255754,-109.69494233580565,-1.1275471714296375,1.078598566457446,0.3329809405121382,break_dn
USDJPY.a,15m,-1,1.05,2020-05-04 11:00:00,106.73607324896504,2020-05-04 13:15:00,106.81435412405361,106.80010710701053,106.61078578597892,stop,9,-8219.491884299474,-1365.0000000000002,-130.9367895217383,0.0,-8219.491884299474,-120.2081202907477,-1.222491935952917,1.029560814344958,0.6882803927531295,break_dn
USDJPY.a,15m,1,0.61,2020-05-04 17:15:00,106.96023417246892,2020-05-04 18:30:00,106.84979318369874,106.85167748244285,107.13464503511429,stop,5,-6736.900314980929,-793.0000000000001,-114.94222339082458,0.0,-6736.900314980929,-98.36634871153257,-1.0173577394784579,1.0430879243069695,1.0019265280193597,break_up
USDJPY.a,15m,-1,0.76,2020-05-04 22:00:00,106.72497619728713,2020-05-05 03:15:00,106.56498563521694,106.81300718239153,106.55198563521694,target,21,12159.282717334578,-988.0000000000001,-0.0,-1193.1999999999998,10966.082717334579,159.69198888896483,1.6390883493928574,0.4432962174237101,2.2262183827061475,break_dn
USDJPY.a,15m,1,0.53,2020-05-05 12:15:00,106.85713618418438,2020-05-05 13:15:00,106.72921593688322,106.73098767274158,107.06702465451686,stop,4,-6779.7731069616,-689.0000000000001,-93.90200049292096,0.0,-6779.7731069616,-98.56134486830565,-1.0140448415767365,1.023683773255914,0.29222553158968406,break_up
USDJPY.a,15m,-1,0.65,2020-05-05 16:30:00,106.61580162175163,2020-05-06 03:00:00,106.42449030004165,106.71825484997917,106.41149030004165,target,42,12435.235911148367,-845.0000000000001,-0.0,-3061.4999999999995,9373.735911148367,137.35012412186717,1.4075820177152973,0.5387666079763075,3.453298913781855,break_dn
USDJPY.a,15m,-1,0.56,2020-05-06 10:15:00,106.32007248541228,2020-05-06 14:45:00,106.09821336114143,106.43889331942928,106.08521336114143,target,18,12424.110959167594,-728.0000000000001,-0.0,0.0,12424.110959167594,181.74119379930337,1.8671735988581477,0.9672336971753296,1.9952097405608522,break_dn
USDJPY.a,15m,1,0.75,2020-05-07 10:45:00,106.37409125323612,2020-05-07 12:30:00,106.51396188696525,106.28301905651738,106.51396188696525,target,7,10490.297529684867,-975.0000000000001,-0.0,0.0,10490.297529684867,152.51317187189022,1.5358214555985144,0.4731548682106824,1.6460429435654031,break_up
USDJPY.a,15m,1,0.6,2020-05-08 16:00:00,106.68033316739434,2020-05-08 16:30:00,106.56324977920234,106.56539053397002,106.86721893205996,stop,2,-7025.003291520022,-780.0000000000001,-128.4452860606328,0.0,-7025.003291520022,-101.11881278982003,-1.0186245495157344,1.1425975156624764,0.4147010659629731,break_up
USDJPY.a,15m,1,0.6,2020-05-08 21:45:00,106.65812534623554,2020-05-11 00:00:00,106.47519410001945,106.5437890488562,106.84442190228762,stop_gap,9,-10975.874772965142,-780.0000000000001,-108.35399883322107,180.59999999999997,-10795.274772965142,-155.1246289362101,-1.5736144193925823,1.584145633425619,0.7773091817867787,break_up
USDJPY.a,15m,1,0.49,2020-05-11 01:30:00,106.88066248101957,2020-05-11 09:30:00,107.11454843672279,106.7417257816386,107.11454843672279,target,32,11460.411829457542,-637.0,-0.0,0.0,11460.411829457542,163.58206833638764,1.6833993951583814,0.7461130247187423,1.8953776802942937,break_up
USDJPY.a,15m,1,0.47,2020-05-11 09:45:00,107.13132232224156,2020-05-11 15:30:00,107.38512701062801,106.982936494686,107.38512701062801,target,23,11928.820354163263,-611.0,-0.0,0.0,11928.820354163263,171.58134096057958,1.7104375301032342,0.2986964656375997,1.9252356000877602,break_up
USDJPY.a,15m,1,0.47,2020-05-11 15:45:00,107.41534576590935,2020-05-11 18:00:00,107.66520222877897,107.26889888561051,107.66520222877897,target,9,11743.253754871943,-611.0,-0.0,0.0,11743.253754871943,168.49638919792233,1.7061234924210005,0.45986480402945995,1.7798551499271336,break_up
USDJPY.a,15m,1,0.71,2020-05-12 01:30:00,107.69704227612515,2020-05-12 02:45:00,107.59593637113815,107.59741590095459,107.85116819809083,stop,5,-7178.51925407659,-923.0000000000001,-105.04661696648004,0.0,-7178.51925407659,-102.89471666569617,-1.014850784382177,1.425749716196792,0.0,break_up
USDJPY.a,15m,1,0.74,2020-05-12 03:30:00,107.68617489723195,2020-05-12 03:30:00,107.59075967133293,107.59252201718085,107.83095596563828,stop,0,-7060.726716527313,-962.0000000000001,-130.41359274615186,0.0,-7060.726716527313,-102.03689120076548,-1.0188178499898841,1.5394603684722679,0.0,break_up
USDJPY.a,15m,-1,0.61,2020-05-12 17:45:00,107.27254459865108,2020-05-12 19:15:00,107.40158443175764,107.38658719814,107.04882560371999,stop,6,-7871.429819500178,-793.0000000000001,-121.83125067530212,0.0,-7871.429819500178,-112.72590264290427,-1.1315055399021403,1.1789927794654709,0.4782826671394296,break_dn
USDJPY.a,15m,-1,0.92,2020-05-12 22:15:00,107.23793091407295,2020-05-13 03:15:00,107.1041521058871,107.31292394705646,107.09115210588709,target,20,12307.650353098383,-1196.0,-0.0,-4333.2,7974.450353098383,114.96818569945447,1.1558248111515528,0.53430411243491,1.9859300010667573,break_dn
USDJPY.a,15m,-1,0.89,2020-05-13 09:00:00,107.12405182177595,2020-05-13 11:30:00,106.98468624754128,107.20165687622936,106.97168624754127,target,10,12403.536106885966,-1157.0,-0.0,0.0,12403.536106885966,178.80446898798934,1.7958311506415305,0.8240207892958805,2.075274902005696,break_dn
USDJPY.a,15m,-1,0.84,2020-05-13 14:00:00,106.97203408076969,2020-05-13 16:00:00,106.82366766190513,107.05566616904744,106.81066766190513,target,8,12462.779184622605,-1092.0,-0.0,0.0,12462.779184622605,179.72534741545175,1.774036998476124,0.3104779488954046,2.72663382519349,break_dn
USDJPY.a,15m,-1,0.82,2020-05-14 03:00:00,106.93317243030987,2020-05-14 13:45:00,107.03370531418211,107.0191842484454,106.76063150310922,stop,43,-8243.696477524309,-1066.0,-124.7273904100038,0.0,-8243.696477524309,-119.8876400045651,-1.1688264014351433,1.6373048813853046,1.8389615954940428,break_dn
USDJPY.a,15m,1,0.58,2020-05-14 18:15:00,107.11642062598149,2020-05-14 20:45:00,107.31075694073084,106.99762152963459,107.31075694073084,target,10,11271.506255462298,-754.0,-0.0,0.0,11271.506255462298,163.53124126284047,1.6358400082595688,0.4580895617469961,1.7809847088456,break_up
USDJPY.a,15m,1,0.7,2020-05-14 22:45:00,107.35630149165361,2020-05-14 23:45:00,107.25397574380743,107.25579599330446,107.51740801339109,stop,4,-7162.8023492326065,-910.0000000000001,-127.41746479249097,0.0,-7162.8023492326065,-103.37829143939126,-1.0181109444451109,1.3462098479784363,0.07659788243275671,break_up
USDJPY.a,15m,1,0.52,2020-05-15 03:00:00,107.37006939838075,2020-05-15 06:30:00,107.23325341845558,107.23500354872894,107.5979929025421,stop,14,-7114.430956109061,-676.0000000000001,-91.00677421524011,0.0,-7114.430956109061,-102.77814471512055,-1.0129576075512545,1.3554084829932411,0.47332913378220015,break_up
USDJPY.a,15m,1,0.85,2020-05-15 10:00:00,107.22401262789926,2020-05-15 10:15:00,107.14024898579575,107.14178157465543,107.34643685068913,stop,1,-7119.909578797988,-1105.0,-130.2700530726585,0.0,-7119.909578797988,-102.7627757209178,-1.0186375924814008,1.3986520099435804,0.012007289968794676,break_up
USDJPY.a,15m,-1,0.68,2020-05-15 10:30:00,107.12099268308687,2020-05-15 14:00:00,106.93684868595055,107.22257565702473,106.92384868595055,target,14,12521.791805269573,-884.0000000000001,-0.0,0.0,12521.791805269573,182.1882847760566,1.8127446952768913,0.2166437549524142,2.1853335700001346,break_dn
USDJPY.a,15m,-1,0.61,2020-05-18 05:00:00,107.10683511769113,2020-05-18 10:00:00,107.235216156801,107.22098490947,106.88203018106,stop,20,-7831.243385701967,-793.0000000000001,-75.10608719048106,0.0,-7831.243385701967,-113.3654003510506,-1.1246716889205162,1.0877363889492753,0.33145148231566096,break_dn
USDJPY.a,15m,1,0.74,2020-05-18 11:45:00,107.31291478149271,2020-05-18 16:45:00,107.46024648414331,107.21837675792835,107.46024648414331,target,20,10902.545996144681,-962.0000000000001,-0.0,0.0,10902.545996144681,156.35318642785037,1.5584385741924462,0.8347411815627221,1.9577859947675469,break_up
USDJPY.a,15m,1,0.54,2020-05-19 10:00:00,107.52509699154213,2020-05-19 11:00:00,107.3909179680892,107.39254542886471,107.74790914227057,stop,4,-7245.667266458214,-702.0000000000001,-87.88288187771688,0.0,-7245.667266458214,-102.82415754456456,-1.0122779448437735,1.2228976276696948,0.0,break_up
USDJPY.a,15m,1,0.57,2020-05-19 12:45:00,107.57229530943563,2020-05-19 15:00:00,107.77968667899124,107.44715666050439,107.77968667899124,target,9,11821.308064669693,-741.0,-0.0,0.0,11821.308064669693,167.33292502487876,1.6572927015502825,0.3779432640479655,1.7636812643362012,break_up
USDJPY.a,15m,1,0.58,2020-05-20 01:30:00,107.78311662908352,2020-05-20 10:15:00,107.65842034356251,107.6597968955031,107.9874062089938,stop,35,-7232.384560218661,-754.0,-79.84001255447649,0.0,-7232.384560218661,-102.8836175629308,-1.0111624628161997,1.2740591024798378,1.628963711517237,break_up
USDJPY.a,15m,-1,0.9,2020-05-20 12:15:00,107.61503862991525,2020-05-20 13:00:00,107.70900253557924,107.69453447613526,107.45893104772948,stop,3,-8456.751509759784,-1170.0,-132.1253499583776,0.0,-8456.751509759784,-119.54785283032925,-1.1819976782679054,1.5216061698366488,0.21433358754484047,break_dn
USDJPY.a,15m,-1,0.74,2020-05-20 18:30:00,107.36959361042935,2020-05-20 18:45:00,107.48123848469886,107.4661081563683,107.18378368726339,stop,1,-8261.72069594415,-962.0000000000001,-157.6442964604998,0.0,-8261.72069594415,-116.49086267268217,-1.1567673368128975,1.061046172619551,0.18228972905774551,break_dn
USDJPY.a,15m,1,0.55,2020-05-21 10:15:00,107.85503158377894,2020-05-21 11:15:00,107.72397277585905,107.7255504202381,108.07489915952381,stop,4,-7208.234435593682,-715.0000000000001,-86.77044084748528,0.0,-7208.234435593682,-101.7862785454589,-1.0121843543562412,1.0583128853001698,0.0,break_up
USDJPY.a,15m,1,0.65,2020-05-21 18:00:00,107.84033366550385,2020-05-21 18:15:00,107.7300294956309,107.73207352972555,108.01685294054889,stop,1,-7169.771041741556,-845.0000000000001,-132.8622161525445,0.0,-7169.771041741556,-101.48655138778648,-1.0188807641885662,1.6103218811850424,0.0,break_up
USDJPY.a,15m,-1,0.81,2020-05-21 22:45:00,107.55304826434241,2020-05-22 00:00:00,107.65425888715288,107.63993961233197,107.38212077533606,stop,5,-8198.060447648062,-1053.0,-106.86126049240319,-1271.6999999999998,-9469.760447648063,-134.06180538369722,-1.3454805974987465,1.1733243644676583,0.058098584717691935,break_dn
USDJPY.a,15m,-1,0.7,2020-05-22 04:30:00,107.58989871306412,2020-05-22 09:45:00,107.40690414194871,107.68954792902564,107.39390414194871,target,21,12809.619978078075,-910.0000000000001,-0.0,0.0,12809.619978078075,182.81852340659353,1.8363874652668124,0.5128117310589004,2.176622374508873,break_dn
USDJPY.a,15m,-1,0.89,2020-05-22 10:00:00,107.38196657634006,2020-05-22 10:45:00,107.47474255286328,107.46022281245827,107.22855437508345,stop,3,-8257.061910566037,-1157.0,-135.25689604531678,0.0,-8257.061910566037,-117.96308352859795,-1.1855410012701644,1.022709852018047,0.7535064202551077,break_dn
USDJPY.a,15m,1,1.04,2020-05-22 22:30:00,107.61371414053838,2020-05-25 00:45:00,107.54557521362284,107.54667215282876,107.70665569434246,stop,9,-7086.448399215897,-1352.0000000000002,-114.0816774164805,313.03999999999996,-6773.408399215897,-96.38925121887264,-0.971464736362474,1.0696899508558346,0.2429202954446784,break_up
USDJPY.a,15m,1,0.91,2020-05-25 02:00:00,107.70879870533679,2020-05-25 04:15:00,107.63158821744295,107.6329898022531,107.81902039549377,stop,9,-7026.154398339117,-1183.0,-127.54421772349465,0.0,-7026.154398339117,-99.85641080691032,-1.018488393224823,1.065820794789745,0.9656028736150215,break_up
USDJPY.a,15m,1,0.95,2020-05-25 11:00:00,107.76474768888934,2020-05-25 13:15:00,107.69124983989526,107.69216355784953,107.86867288430096,stop,9,-6982.295654437607,-1235.0,-86.80320565421418,0.0,-6982.295654437607,-99.15542960732834,-1.0125883983340758,1.1675787486226992,0.0,break_up
USDJPY.a,15m,1,1.95,2020-05-25 22:00:00,107.72833384169732,2020-05-26 00:00:00,107.67027465623242,107.69296741496404,107.76206517007189,stop_gap,8,-11321.541165655233,-2535.0,-141.44203467923816,586.9499999999999,-10734.591165655233,-152.35114612596192,-1.556537952789649,2.9218061094109533,0.3298653378430628,break_up
USDJPY.a,15m,1,1.28,2020-05-26 01:00:00,107.74654232166019,2020-05-26 02:45:00,107.6926773774651,107.69347638613034,107.81204722773933,stop,7,-6894.712856970727,-1664.0000000000002,-102.27310915106202,0.0,-6894.712856970727,-97.75000783614458,-1.0150569034025698,1.1597330951712517,0.06515815287698301,break_up
USDJPY.a,15m,1,1.2,2020-05-26 03:30:00,107.76562047425597,2020-05-26 04:00:00,107.83826693537667,107.70886653231166,107.83826693537667,target,2,8717.575334483741,-1560.0000000000002,-0.0,0.0,8717.575334483741,123.00678431242504,1.2800249398003942,0.9624084668791466,1.8743988893039536,break_up
USDJPY.a,15m,1,0.46,2020-05-26 04:15:00,107.85883226018235,2020-05-26 12:15:00,107.70777747367167,107.70906038922003,108.11687922155994,stop,32,-6948.520179491482,-598.0,-59.01411522426661,0.0,-6948.520179491482,-97.47125278269827,-1.0085657977036384,1.0204336715590243,0.4217597030188203,break_up
USDJPY.a,15m,-1,0.76,2020-05-26 13:00:00,107.67016311091844,2020-05-26 14:45:00,107.50604547191246,107.75997726404378,107.49304547191245,target,7,12472.940564454462,-988.0000000000001,-0.0,0.0,12472.940564454462,174.91785030127045,1.8273026387827214,0.2542682671592836,2.3177094441665465,break_dn
USDJPY.a,15m,-1,1.03,2020-05-26 22:00:00,107.5290929637294,2020-05-27 03:00:00,107.41044359006298,107.59627820496851,107.39744359006298,target,20,12220.885487640715,-1339.0000000000002,-0.0,-4851.299999999999,7369.585487640716,103.21893712481186,1.064956712915065,0.906553807760171,2.4423959891040066,break_dn
USDJPY.a,15m,-1,0.42,2020-05-27 03:15:00,107.36796054334921,2020-05-27 03:45:00,107.54910775322342,107.53444253760621,107.03811492478758,stop,2,-7608.1828147168835,-546.0,-69.93905592282971,0.0,-7608.1828147168835,-106.56074821349867,-1.088088899239008,1.0574083848312905,0.0,break_dn
USDJPY.a,15m,1,0.76,2020-05-27 12:15:00,107.70508305937751,2020-05-27 15:00:00,107.84034675750823,107.61332662124588,107.84034675750823,target,11,10280.041057934284,-988.0000000000001,-0.0,0.0,10280.041057934284,144.02414766259707,1.4741602974676984,0.6548102847161483,1.9172163196886967,break_up
USDJPY.a,15m,1,0.82,2020-05-27 22:30:00,107.734008254008,2020-05-28 03:00:00,107.86213431441396,107.64893284279302,107.86213431441396,target,18,10506.336953288808,-1066.0,-0.0,246.81999999999994,10753.156953288808,150.4331401044305,1.5414096568346611,0.5172852341177155,1.9746216161974157,break_up
USDJPY.a,15m,1,0.54,2020-05-28 03:15:00,107.89893022629201,2020-05-28 04:15:00,107.76838178688092,107.76992544498403,108.11514911003196,stop,4,-7049.615728198661,-702.0000000000001,-83.35753756717097,0.0,-7049.615728198661,-98.65893684967797,-1.0119658983756366,1.0071737262343055,0.008292512084824106,break_up
USDJPY.a,15m,-1,1.06,2020-05-28 16:30:00,107.72108427697363,2020-05-28 17:45:00,107.60438526012659,107.7873073699367,107.59138526012659,target,5,12370.095785785852,-1378.0000000000002,-0.0,0.0,12370.095785785852,172.52949070034404,1.7622103049779494,0.9953585686965175,2.266343510372181,break_dn
USDJPY.a,15m,-1,0.59,2020-05-28 18:00:00,107.62181714083243,2020-05-29 05:00:00,107.39855839677067,107.74172080161468,107.38555839677066,target,44,13172.265899644215,-767.0000000000001,-0.0,-926.2999999999998,12245.965899644216,171.68113959308423,1.7310459306051986,0.7938277993065385,1.975061806182164,break_dn
USDJPY.a,15m,1,0.67,2020-06-01 03:30:00,107.85133971749447,2020-06-01 03:45:00,107.74187081289713,107.74394256226441,108.0231148754712,stop,1,-7334.416608021471,-871.0000000000001,-138.8072076074844,0.0,-7334.416608021471,-101.73317946861172,-1.019290542313126,1.1484449213786183,0.0,break_up
USDJPY.a,15m,-1,0.43,2020-06-01 08:00:00,107.52887306096596,2020-06-01 13:00:00,107.71086861324947,107.6958635188366,107.1982729623268,stop,20,-7825.808748190936,-559.0,-86.21905975315732,0.0,-7825.808748190936,-108.0210285916943,-1.0898559989846521,1.0008172991746662,0.9034831264600687,break_dn
USDJPY.a,15m,-1,0.98,2020-06-02 01:15:00,107.57509039632698,2020-06-02 04:45:00,107.66280261617389,107.64838307668043,107.43123384663912,stop,14,-8595.797544996856,-1274.0,-139.11487035864033,0.0,-8595.797544996856,-117.65851920080672,-1.1967391480830425,1.2540079477212673,0.8471568515103385,break_dn
USDJPY.a,15m,1,1.0,2020-06-02 06:15:00,107.72983772870137,2020-06-02 10:30:00,107.83206309091743,107.65796845454128,107.83206309091743,target,17,10222.53622160605,-1300.0000000000002,-0.0,0.0,10222.53622160605,139.43855041353393,1.4223792213115605,0.6377931214285738,1.491072124367409,break_up
USDJPY.a,15m,1,0.7,2020-06-02 14:15:00,107.85002805160893,2020-06-02 15:00:00,108.0137552971279,107.74562235143604,108.0137552971279,target,3,11460.907186327915,-910.0000000000001,-0.0,0.0,11460.907186327915,154.31909311916283,1.5681830134546941,0.4121235865252202,2.9401838011022106,break_up
USDJPY.a,15m,1,0.38,2020-06-02 17:30:00,108.6122051098056,2020-06-03 17:45:00,108.78028983669397,108.41731790873078,108.95636418253842,signal,97,6387.219621757935,-494.00000000000006,-129.97241125852975,343.13999999999993,6730.359621757935,89.23036686120777,0.9088063552227295,0.9708442050689606,1.2150356149016364,break_up
USDJPY.a,15m,1,0.57,2020-06-03 18:30:00,108.97278554984817,2020-06-04 00:00:00,108.83830082970486,108.83990184960264,109.19419630079472,stop,22,-7665.629048168412,-741.0,-91.25813417342171,171.56999999999996,-7494.059048168412,-99.40378547710128,-0.9893968929250172,1.0143121360944354,0.07686759273682253,break_up
USDJPY.a,15m,1,0.86,2020-06-04 01:45:00,108.9708867990069,2020-06-04 03:00:00,108.88217890828143,108.88372791672194,109.1035441665561,stop,5,-7628.878602390699,-1118.0,-133.21472588387175,0.0,-7628.878602390699,-101.4535983223594,-1.017772238467232,1.1345579063714166,0.7814831857342898,break_up
USDJPY.a,15m,1,0.43,2020-06-04 07:15:00,109.01510386162607,2020-06-04 14:15:00,108.83990506921873,108.84162112611796,109.3197577477641,stop,28,-7533.548073515761,-559.0,-73.79044666646298,0.0,-7533.548073515761,-99.9269109182671,-1.0098918021680978,1.0554586950095282,0.8640406662651441,break_up
USDJPY.a,15m,1,0.6,2020-06-04 23:00:00,109.18848411644947,2020-06-05 03:45:00,109.06142948724477,109.06345622964476,109.3950875407105,stop,19,-7623.2777522824335,-780.0000000000001,-121.60454399965228,180.59999999999997,-7442.677752282433,-98.42050030917049,-0.9921356936829249,1.1556151202903169,0.3960387143699108,break_up
USDJPY.a,15m,1,0.68,2020-06-05 09:30:00,109.37229951274878,2020-06-05 11:45:00,109.26019208959941,109.26235533359454,109.54928933281093,stop,9,-7623.304774157021,-884.0000000000001,-147.10059166864738,0.0,-7623.304774157021,-100.05162175313517,-1.0196758392465033,1.8218291708539238,0.49752963432912184,break_up
USDJPY.a,15m,1,0.34,2020-06-05 15:45:00,109.62075995969462,2020-06-08 04:15:00,109.40445007409181,109.4064096546973,110.00518069060539,stop,50,-7354.536110495588,-442.00000000000006,-66.62574058637287,102.33999999999999,-7252.196110495588,-95.02293336324976,-0.9950995199445765,1.127873177962757,1.0694644932193194,break_up
USDJPY.a,15m,-1,0.94,2020-06-08 13:00:00,109.42391747760634,2020-06-08 13:15:00,109.28213713730848,109.50293143134576,109.26913713730848,target,1,13327.351987998496,-1222.0,-0.0,0.0,13327.351987998496,174.651717118084,1.7943709128318541,0.3047882209903987,1.960634423094878,break_dn
USDJPY.a,15m,-1,0.76,2020-06-08 15:45:00,109.25168155784343,2020-06-08 16:30:00,109.07185269083097,109.35007365458452,109.05885269083096,target,3,13666.993892947004,-988.0000000000001,-0.0,0.0,13666.993892947004,179.62109107166276,1.8276759309810944,0.20650481928487385,2.4563106778725836,break_dn
USDJPY.a,15m,-1,0.46,2020-06-09 03:45:00,108.16614942085556,2020-06-09 10:30:00,107.85787690185273,108.32956154907365,107.84487690185273,target,27,14180.535874130044,-598.0,-0.0,0.0,14180.535874130044,189.5491594736711,1.8864727016553937,0.2683434799032255,2.326323174423291,break_dn
USDJPY.a,15m,-1,0.35,2020-06-09 17:00:00,107.70362224190792,2020-06-10 11:15:00,107.30106561206183,107.91496719396909,107.28806561206183,target,73,14089.482044613105,-455.00000000000006,-0.0,-1648.4999999999995,12440.982044613105,165.67438731084314,1.6818789679121902,0.8061595814351963,1.9902166472667078,break_dn
USDJPY.a,15m,-1,0.27,2020-06-10 21:15:00,107.02610269168875,2020-06-10 22:00:00,107.31932133563986,107.3030345500933,106.47793089981342,stop,3,-7916.903386679892,-351.00000000000006,-88.74320975698063,0.0,-7916.903386679892,-105.42870768295471,-1.0588115272846745,1.0937611514120607,0.13036669705228995,break_dn
USDJPY.a,15m,-1,0.58,2020-06-11 02:00:00,106.92635323280493,2020-06-11 03:30:00,107.0710085180744,107.0555498618508,106.67290027629838,stop,6,-8390.006545628978,-754.0,-142.6020609677851,0.0,-8390.006545628978,-112.2995086931244,-1.1196521638199775,1.2976094533823581,0.21171785213694477,break_dn
USDJPY.a,15m,-1,0.52,2020-06-11 17:15:00,106.65401464790435,2020-06-11 20:00:00,106.8109123785318,106.79513964865234,106.37772070269534,stop,11,-8158.681992627351,-676.0000000000001,-144.18195373172355,0.0,-8158.681992627351,-111.25990535372577,-1.1117642501035232,1.2611893792899098,0.5669771300638119,break_dn
USDJPY.a,15m,-1,0.62,2020-06-11 23:45:00,106.85864904455663,2020-06-12 03:30:00,106.6377227471241,106.97613862643794,106.6247227471241,target,15,13697.430440816674,-806.0000000000001,-0.0,-973.3999999999999,12724.030440816674,175.2544311521963,1.7467616630029417,0.24981751550555611,2.1674180848976725,break_dn
USDJPY.a,15m,-1,0.57,2020-06-12 03:45:00,106.6264458560776,2020-06-12 04:00:00,106.76879064659474,106.75328737470281,106.37742525059438,stop,1,-8113.653059477144,-741.0,-142.68649784007317,0.0,-8113.653059477144,-111.34967868237375,-1.1222255304096345,1.265785412084283,0.32675307365298967,break_dn
USDJPY.a,15m,1,0.5,2020-06-12 12:00:00,107.3108940895267,2020-06-15 01:00:00,107.56264730711787,107.16267634644107,107.56264730711787,target,52,12587.660879558627,-650.0000000000001,-0.0,150.49999999999997,12738.160879558627,173.43647447000947,1.718844264441392,0.6402343440885138,1.7009158635458708,break_up
USDJPY.a,15m,1,0.49,2020-06-15 01:15:00,107.5525294069541,2020-06-15 02:00:00,107.40193405268859,107.40433251501264,107.80833496997472,stop,3,-7379.172359009744,-637.0,-117.52465387844158,0.0,-7379.172359009744,-100.73365746153176,-1.0161842957205864,1.2384160325481017,0.10439215588958747,break_up
USDJPY.a,15m,-1,0.59,2020-06-15 07:30:00,107.11366271730303,2020-06-15 09:15:00,107.25257497650365,107.23753887312047,106.86992225375904,stop,7,-8195.823292836763,-767.0000000000001,-120.13009960746555,0.0,-8195.823292836763,-112.55617669242699,-1.1213801258519869,1.092520847162991,0.9094786366236389,break_dn
USDJPY.a,15m,1,0.69,2020-06-15 13:45:00,107.3904401826085,2020-06-15 13:45:00,107.28369143178423,107.28585170569696,107.5562965886061,stop,0,-7365.6638068743805,-897.0000000000001,-149.05889997821345,0.0,-7365.6638068743805,-101.00107858106465,-1.0206549896940256,1.4862075364187999,0.0,break_up
USDJPY.a,15m,1,0.51,2020-06-15 15:45:00,107.43640336367157,2020-06-15 17:15:00,107.2918811258571,107.29415050315477,107.67769899369046,stop,6,-7370.634128538001,-663.0000000000001,-115.73824218064804,0.0,-7370.634128538001,-100.10046571826852,-1.0159531224146956,1.0643256179280145,0.4048891257383346,break_up
USDJPY.a,15m,1,0.57,2020-06-16 01:15:00,107.43930405448397,2020-06-16 03:30:00,107.30969991400134,107.31173996472855,107.6515200705429,stop,9,-7387.436007509734,-741.0,-116.2828914509391,0.0,-7387.436007509734,-99.04829640669665,-1.0159923590652689,1.1704238612153357,0.47580745986117123,break_up
USDJPY.a,15m,1,0.33,2020-06-16 06:00:00,107.63366756520713,2020-06-16 07:00:00,107.411591886407,107.41399124409185,108.03201751181632,stop,4,-7328.497400404558,-429.00000000000006,-79.17880359993109,0.0,-7328.497400404558,-98.09170534350818,-1.0109222408344682,1.0910031813640468,0.0,break_up
USDJPY.a,15m,-1,0.73,2020-06-16 14:00:00,107.30768637140852,2020-06-16 15:30:00,107.42093206643702,107.40587624530514,107.11524750938972,stop,6,-8266.935737080217,-949.0000000000001,-150.07494262654384,0.0,-8266.935737080217,-110.8360177005241,-1.1533337454708756,1.2660534498941391,0.5162077248605607,break_dn
USDJPY.a,15m,1,0.54,2020-06-16 17:30:00,107.56387461899016,2020-06-16 17:30:00,107.42899564183932,107.43180757032454,107.78338485935095,stop,0,-7283.464766145017,-702.0000000000001,-151.84413820134424,0.0,-7283.464766145017,-99.13308322236037,-1.021291673537241,1.7178745287522685,0.13724378028413503,break_up
USDJPY.a,15m,-1,0.56,2020-06-16 19:30:00,107.27517754550644,2020-06-17 02:45:00,107.41697405475979,107.40265139580755,107.0256972083849,stop,29,-7940.604518187798,-728.0000000000001,-74.06890132508201,-2637.6,-10578.204518187798,-142.8863828967286,-1.4818451690848569,1.253766589116409,0.25242467714306677,break_dn
USDJPY.a,15m,-1,0.63,2020-06-17 03:15:00,107.24283092053426,2020-06-17 03:45:00,107.36829737766274,107.3534386447823,107.0251227104354,stop,2,-7904.386799094368,-819.0000000000001,-117.10017146732852,0.0,-7904.386799094368,-107.12249254944389,-1.1343372081964176,1.0683619093432084,0.6765433521301205,break_dn
USDJPY.a,15m,-1,0.75,2020-06-17 05:45:00,107.20881626711439,2020-06-17 07:00:00,107.31698204247078,107.30234100153277,107.02531799693445,stop,5,-8112.433151729803,-975.0000000000001,-123.0780703507655,0.0,-8112.433151729803,-110.08155725204051,-1.156547260241556,1.1888163444359978,0.11565140688886287,break_dn
USDJPY.a,15m,-1,0.83,2020-06-17 17:45:00,107.21980017217938,2020-06-17 19:15:00,107.3187362107205,107.30407864089088,107.05484271821825,stop,6,-8211.691198913457,-1079.0,-137.57829585779348,0.0,-8211.691198913457,-110.86251459443321,-1.1739183216510274,1.0109323190515256,0.5434385897084792,break_dn
USDJPY.a,15m,-1,0.94,2020-06-17 21:00:00,107.18798760310138,2020-06-17 22:15:00,107.05754782529834,107.26122608735082,107.04454782529834,target,5,12261.339113485148,-1222.0,-0.0,0.0,12261.339113485148,166.4198222221261,1.7810278180903738,0.6009463105315006,2.088896359191668,break_dn
USDJPY.a,15m,-1,0.96,2020-06-18 02:30:00,106.92895496883243,2020-06-18 03:00:00,106.80053970202664,107.00123014898669,106.78753970202663,target,2,12327.865613355698,-1248.0,-0.0,0.0,12327.865613355698,167.9459051905269,1.7767547107001154,0.014459060016837626,2.849594679568269,break_dn
USDJPY.a,15m,1,0.62,2020-06-18 13:45:00,107.08226494196246,2020-06-18 14:00:00,106.96662316472766,106.96858004817537,107.26683990364926,stop,1,-7169.790188557557,-806.0000000000001,-121.32677375793463,0.0,-7169.790188557557,-97.66412364060076,-1.017213223169025,1.2426008175458843,0.006465749432911252,break_up
USDJPY.a,15m,-1,0.5,2020-06-18 15:45:00,106.82163479294647,2020-06-18 17:30:00,106.97453119791852,106.95903912106364,106.5509217578727,stop,7,-7644.820248602713,-650.0000000000001,-124.60384274365077,0.0,-7644.820248602713,-104.32343759202197,-1.1127480994752408,1.4582161260792035,0.7178434209318327,break_dn
USDJPY.a,15m,-1,0.58,2020-06-18 18:15:00,106.73135411738335,2020-06-18 19:30:00,106.86509351994086,106.84991253305373,106.49917493389256,stop,5,-7756.885348335543,-754.0,-126.49723945302976,0.0,-7756.885348335543,-106.06709847728273,-1.1280464722920893,1.0766496996006987,0.5259358184804868,break_dn
USDJPY.a,15m,1,0.69,2020-06-19 02:30:00,107.01918317231923,2020-06-19 03:00:00,106.91784295040597,106.91974271664537,107.17551456670924,stop,2,-6992.475312015044,-897.0000000000001,-131.08387051928696,0.0,-6992.475312015044,-95.50407940228432,-1.0191045608804834,1.2689319599769642,0.39035247191632666,break_up
USDJPY.a,15m,-1,0.79,2020-06-19 08:30:00,106.80113923015804,2020-06-19 09:00:00,106.90198609078915,106.88759529918232,106.62780940163536,stop,2,-7966.901989857562,-1027.0,-109.8725369385689,0.0,-7966.901989857562,-108.48720393834341,-1.166452069464172,1.421077446945458,0.0941429589604723,break_dn
USDJPY.a,15m,-1,1.0,2020-06-19 23:00:00,106.8039898139587,2020-06-19 23:45:00,106.88648637620732,106.8720816356464,106.66783672870721,stop,3,-8249.656224862178,-1300.0000000000002,-140.4740560916234,0.0,-8249.656224862178,-112.94663432984566,-1.2115487617145315,1.1309755581882952,0.11733881926866442,break_dn
USDJPY.a,15m,-1,0.39,2020-06-22 00:15:00,106.81297720695648,2020-06-22 10:15:00,106.9997896978563,106.98546233099061,106.47107533801875,stop,40,-7285.687145093192,-507.00000000000006,-51.76730776149293,0.0,-7285.687145093192,-98.97457490512427,-1.0830643624829366,1.066890806230349,0.3129383316893535,break_dn
USDJPY.a,15m,1,0.83,2020-06-22 10:30:00,107.00190027472638,2020-06-22 11:00:00,106.9189253131771,106.92028714809105,107.1234257038179,stop,2,-6886.921808590486,-1079.0,-113.03229785841226,0.0,-6886.921808590486,-93.55662529921456,-1.0166864690778923,1.1015418527962018,0.11149830485326569,break_up
USDJPY.a,15m,1,1.07,2020-06-22 23:00:00,106.96075763738094,2020-06-22 23:45:00,106.8963117776357,106.89739694308354,107.04920611383291,stop,3,-6895.70699274006,-1391.0000000000002,-116.1127029178493,0.0,-6895.70699274006,-93.36403563830751,-1.017126792246617,1.5270924419920826,0.0,break_up
USDJPY.a,15m,1,0.94,2020-06-23 04:00:00,106.96589741131103,2020-06-23 04:00:00,106.89304100869967,106.89438712566621,107.06722574866757,stop,0,-6848.501845468263,-1222.0,-126.53499485456501,0.0,-6848.501845468263,-92.54918002327346,-1.0188241027763572,1.8304697027947303,0.0,break_up
USDJPY.a,15m,-1,0.83,2020-06-23 04:30:00,106.74690039534917,2020-06-23 04:30:00,106.84204742512823,106.82739801815197,106.58620396369606,stop,0,-7897.203471661684,-1079.0,-136.9007790287091,0.0,-7897.203471661684,-106.72110810087163,-1.18198558499236,1.131705527180588,0.09814445537755079,break_dn
USDJPY.a,15m,1,0.53,2020-06-23 05:15:00,107.01243474177038,2020-06-23 06:15:00,107.21648622854555,106.88725688572723,107.21648622854555,target,4,10814.728799084065,-689.0000000000001,-0.0,0.0,10814.728799084065,145.9671660962608,1.6300925197570857,0.37893876177286584,1.6581627517096056,break_up
USDJPY.a,15m,-1,0.38,2020-06-23 16:00:00,106.61839927631871,2020-06-23 16:15:00,106.28973687990583,106.7916315600471,106.27673687990583,target,1,12489.17106368947,-494.00000000000006,-0.0,0.0,12489.17106368947,168.97771399041642,1.8972352574200577,0.10737446439517744,1.9823053124274266,break_dn
USDJPY.a,15m,-1,0.4,2020-06-23 16:30:00,106.35115600866254,2020-06-23 21:15:00,106.53533088291258,106.51999391694916,106.01901216610166,stop,19,-7366.994970001316,-520.0,-93.47863853647694,0.0,-7366.994970001316,-99.75038272247174,-1.090838403052102,1.165875562751567,1.6474736715545626,break_dn
USDJPY.a,15m,-1,0.48,2020-06-23 22:00:00,106.4705241486342,2020-06-24 03:45:00,106.624037578241,106.60908430431209,106.1978313913758,stop,23,-7368.644621126577,-624.0,-93.75714858765258,-2260.7999999999997,-9629.444621126577,-130.0881416191997,-1.447843563868124,1.2086869457272649,0.6316689542242326,break_dn
USDJPY.a,15m,1,0.44,2020-06-24 15:30:00,106.71915208811043,2020-06-24 18:15:00,106.97519248476722,106.56990375761639,106.97519248476722,target,11,11265.77745289859,-572.0,-0.0,0.0,11265.77745289859,153.3898466298761,1.7155327353360228,0.12832363381910658,1.774545222803184,break_up
USDJPY.a,15m,1,0.62,2020-06-24 23:00:00,107.04017066575929,2020-06-25 05:30:00,107.21166785099977,106.93316607450011,107.21166785099977,target,26,10632.825484909945,-806.0000000000001,-0.0,186.61999999999998,10819.445484909946,147.05319249899156,1.6308382956932779,0.7959533769256183,2.045046214051382,break_up
USDJPY.a,15m,1,0.61,2020-06-25 05:45:00,107.20416989327101,2020-06-25 10:15:00,107.09136570235995,107.09293771973479,107.38412456053041,stop,18,-6881.055645574875,-793.0000000000001,-95.8930598653643,0.0,-6881.055645574875,-93.59891453188098,-1.0141327578601047,1.3051070446244804,0.4749534693915338,break_up
USDJPY.a,15m,1,0.52,2020-06-25 11:30:00,107.20907425515554,2020-06-25 15:00:00,107.42880440136551,107.07959779931724,107.42880440136551,target,14,11425.967602918376,-676.0000000000001,-0.0,0.0,11425.967602918376,155.01445080619754,1.6970664263808937,0.44853139344556314,1.8839390008411423,break_up
USDJPY.a,15m,-1,0.78,2020-06-26 03:15:00,107.12213370888558,2020-06-26 03:45:00,107.22418942179796,107.20961271364742,106.94977457270518,stop,2,-7960.345607165209,-1014.0000000000001,-122.98323574142434,0.0,-7960.345607165209,-107.99426063542022,-1.166630932647539,1.2101908498232068,0.42448709820933905,break_dn
USDJPY.a,15m,-1,0.81,2020-06-26 07:45:00,107.10621905002627,2020-06-26 10:45:00,106.95763701137528,107.18968149431237,106.94463701137528,target,12,12035.145130729847,-1053.0,-0.0,0.0,12035.145130729847,163.37793218169372,1.7802263032420387,0.4886143740763808,2.015505913649415,break_dn
USDJPY.a,15m,-1,0.77,2020-06-26 14:15:00,106.84409174274269,2020-06-26 14:45:00,106.94679759905786,106.9322408479623,106.67051830407539,stop,2,-7908.350936267966,-1001.0000000000001,-119.86983435699463,0.0,-7908.350936267966,-107.54451944631899,-1.1651378202794898,1.6892770140583409,0.5228838412807101,break_dn
USDJPY.a,15m,1,0.3,2020-06-26 18:00:00,107.34452276917055,2020-06-26 19:45:00,107.1173837072012,107.11932112493022,107.75135775013955,stop,7,-6814.171859080602,-390.00000000000006,-58.12253187068655,0.0,-6814.171859080602,-92.5981464866922,-1.0086030354510067,1.0369496633041428,0.059845170646573936,break_up
USDJPY.a,15m,1,0.65,2020-06-29 04:00:00,107.28417165193208,2020-06-29 05:45:00,107.17893516123559,107.18057159571696,107.44885680856608,stop,7,-6840.371895272384,-845.0000000000001,-106.36824128864741,0.0,-6840.371895272384,-92.74393199679008,-1.0157956910561075,1.2178724273091464,0.8767210307232662,break_up
USDJPY.a,15m,1,0.56,2020-06-29 17:15:00,107.75550776216414,2020-06-29 18:00:00,107.63438866694506,107.63708650958787,107.94882698082425,stop,3,-6782.669332268825,-728.0000000000001,-151.07918799790323,0.0,-6782.669332268825,-91.9289550559385,-1.0227817438519298,1.05984153548211,1.0850437319357198,break_up
USDJPY.a,15m,1,0.8,2020-06-30 02:45:00,107.62086427007291,2020-06-30 04:00:00,107.74631300085898,107.53734349957051,107.74631300085898,target,5,10035.898462884916,-1040.0,-0.0,0.0,10035.898462884916,135.48389376582261,1.502006387530294,0.9322743265481187,1.857450895075471,break_up
USDJPY.a,15m,1,0.45,2020-06-30 18:00:00,107.88485764842198,2020-07-01 03:15:00,108.13894089232997,107.73552955383502,108.13894089232997,target,37,11433.745975859325,-585.0,-0.0,406.34999999999997,11840.095975859325,158.5588477929636,1.7619808558848125,0.9566695993618645,1.7286924626744227,break_up
USDJPY.a,15m,-1,0.6,2020-07-01 07:15:00,107.62073951529841,2020-07-01 15:00:00,107.4121698293393,107.73341508533035,107.3991698293393,target,31,12514.181157546318,-780.0000000000001,-0.0,0.0,12514.181157546318,168.58450254975284,1.8510639520171377,0.7744401441843409,2.2785730325183198,break_dn
USDJPY.a,15m,-1,0.59,2020-07-01 15:15:00,107.40187380328638,2020-07-01 16:30:00,107.53311111221352,107.51816737306355,107.17266525387292,stop,5,-7743.001226701281,-767.0000000000001,-114.68060984759187,0.0,-7743.001226701281,-104.01682642845944,-1.1285001327124444,1.6434803496000863,0.3342730243887473,break_dn
USDJPY.a,15m,-1,1.05,2020-07-01 23:45:00,107.44514133663766,2020-07-02 05:30:00,107.52489232327464,107.51044341181776,107.31711317636447,stop,23,-8373.853596882982,-1365.0000000000002,-152.1357029721846,-1648.4999999999998,-10022.353596882982,-134.7031858769581,-1.4616838189863388,1.284165367349469,1.7478975411250386,break_dn
USDJPY.a,15m,1,0.35,2020-07-02 16:00:00,107.64320948498172,2020-07-02 17:00:00,107.44884007661926,107.45082187511062,107.98535624977877,stop,4,-6802.929292686173,-455.00000000000006,-69.36294719753242,0.0,-6802.929292686173,-91.46877405079367,-1.0103010713251492,1.0042719752647673,0.4251340045913941,break_up
USDJPY.a,15m,1,0.79,2020-07-02 21:45:00,107.58286429481996,2020-07-02 23:30:00,107.4961693023733,107.49728156097723,107.71543687804552,stop,7,-6848.904403285545,-1027.0,-87.8684297098982,0.0,-6848.904403285545,-91.98854979001833,-1.012996296729302,1.2136127248613546,0.0,break_up
USDJPY.a,15m,1,0.84,2020-07-03 05:15:00,107.57876184073885,2020-07-03 06:00:00,107.49735882307283,107.4984474623421,107.6981050753158,stop,3,-6837.853483945651,-1092.0,-91.44569861818465,0.0,-6837.853483945651,-91.78570314926267,-1.0135547244590737,1.0304735265460672,0.0,break_up
USDJPY.a,15m,-1,1.23,2020-07-03 11:30:00,107.46537654771389,2020-07-03 13:30:00,107.53415652785336,107.52030831919738,107.35738336160522,stop,8,-8459.937557154504,-1599.0000000000002,-104.3296646834433,0.0,-8459.937557154504,-113.42839301822431,-1.2520983445824727,1.103613640137623,0.334534045009019,break_dn
USDJPY.a,15m,1,1.5,2020-07-03 18:00:00,107.54345419622945,2020-07-03 21:45:00,107.4983717373331,107.49882943379926,107.59234113240149,stop,15,-6762.368834451848,-1950.0000000000002,-68.65446992439892,0.0,-6762.368834451848,-90.60696849735831,-1.0102565580460556,1.0634050165239477,0.0,break_up
USDJPY.a,15m,-1,3.37,2020-07-03 22:45:00,107.482713343767,2020-07-03 23:45:00,107.5159947030857,107.5025319955418,107.44393600891641,stop,4,-11215.818090399438,-4381.0,-155.93244228877055,0.0,-11215.818090399438,-150.44447135455806,-1.6792948227191467,1.42727449649034,0.3891961902684438,break_dn
USDJPY.a,15m,-1,0.64,2020-07-06 00:15:00,107.46758147083362,2020-07-06 02:00:00,107.58363264643914,107.5698879446761,107.2612241106478,stop,7,-7427.275238753283,-832.0000000000001,-47.66091283489709,0.0,-7427.275238753283,-99.36146455904132,-1.1343483090249813,1.0499680531632545,0.054556379708801096,break_dn
USDJPY.a,15m,1,1.1,2020-07-06 03:00:00,107.60057399567984,2020-07-06 03:45:00,107.67347379406014,107.54076310296992,107.67347379406014,target,3,8018.977821833603,-1430.0000000000002,-0.0,0.0,8018.977821833603,107.12856588552303,1.2188381593611592,0.4610196308819143,1.29451343747155,break_up
USDJPY.a,15m,1,1.12,2020-07-06 08:45:00,107.69965967712842,2020-07-06 09:45:00,107.63910136254201,107.64017123154703,107.77765753690596,stop,4,-6782.531233678584,-1456.0000000000002,-119.82532856231757,0.0,-6782.531233678584,-90.34986481179607,-1.017984484122351,1.6584678951383043,0.08977075832765463,break_up
USDJPY.a,15m,-1,1.29,2020-07-06 15:45:00,107.48327702368282,2020-07-06 16:45:00,107.54892815219708,107.53474017661678,107.38251964676643,stop,4,-8468.995578339716,-1677.0000000000002,-153.24884985703994,0.0,-8468.995578339716,-112.8148538126573,-1.2756919226947672,1.005048726484963,0.9380891167854336,break_dn
USDJPY.a,15m,-1,0.89,2020-07-06 20:00:00,107.4371769570707,2020-07-06 21:30:00,107.30844153069103,107.51077923465448,107.29544153069102,target,6,11457.452947791267,-1157.0,-0.0,0.0,11457.452947791267,153.06974829778775,1.7490685153479233,0.06552844677665057,2.4479807281184005,break_dn
USDJPY.a,15m,-1,0.8,2020-07-06 21:45:00,107.26314586728716,2020-07-06 22:30:00,107.360178167169,107.34595162768096,107.10009674463807,stop,3,-7762.583990546546,-1040.0,-98.12315904202406,0.0,-7762.583990546546,-103.67925842392849,-1.1718061572090974,1.2179603476039764,0.06214383229737773,break_dn
USDJPY.a,15m,-1,0.67,2020-07-07 03:30:00,107.30220405851827,2020-07-07 05:45:00,107.41452984703773,107.40032847294792,107.10834305410415,stop,9,-7525.827830803564,-871.0000000000001,-80.49206401650628,0.0,-7525.827830803564,-100.70676113470775,-1.1447282429388643,1.08837277758538,0.5727836323402676,break_dn
USDJPY.a,15m,-1,1.32,2020-07-07 07:45:00,107.36531379449504,2020-07-07 08:00:00,107.42885355518774,107.41476491180582,107.26847017638836,stop,1,-8387.248411437156,-1716.0000000000002,-143.70092641290555,0.0,-8387.248411437156,-112.12289277542132,-1.2849004056548023,1.1463078811487517,0.2287874391984982,break_dn
USDJPY.a,15m,1,0.62,2020-07-07 11:00:00,107.6448356043483,2020-07-07 17:45:00,107.53922503727065,107.54090818956807,107.81418362086387,stop,27,-6547.855158814144,-806.0000000000001,-104.35544243987539,0.0,-6547.855158814144,-87.37616371717077,-1.0161954600812162,1.3936226995983472,1.4064084626831252,break_up
USDJPY.a,15m,1,0.9,2020-07-08 03:15:00,107.6387420904871,2020-07-08 07:15:00,107.5660362227916,107.5669643583876,107.74407128322483,stop,16,-6543.528092595352,-1170.0,-83.53220364010257,0.0,-6543.528092595352,-87.70448220407233,-1.012930689906889,1.1806181110545442,1.0066897824624512,break_up
USDJPY.a,15m,-1,0.74,2020-07-08 10:15:00,107.47626531753907,2020-07-08 11:45:00,107.57635106993914,107.56217677929335,107.30964644141328,stop,6,-7406.345677604605,-962.0000000000001,-86.89750778739362,0.0,-7406.345677604605,-99.2144064872174,-1.164987189792259,1.2191002262362634,0.573442897293196,break_dn
USDJPY.a,15m,-1,0.73,2020-07-08 19:15:00,107.3559902907057,2020-07-09 03:15:00,107.19856768930418,107.44271615534791,107.18556768930418,target,32,11491.849902311033,-949.0000000000001,-0.0,-1146.1,10345.749902311032,138.18578363123711,1.6341445771248366,0.011642539379225266,2.017740514062861,break_dn
USDJPY.a,15m,-1,0.97,2020-07-09 07:00:00,107.24524498415288,2020-07-09 08:45:00,107.3257971975965,107.31172681484509,107.11154637030984,stop,7,-7813.564704031578,-1261.0,-103.82712688713114,0.0,-7813.564704031578,-104.27188345486812,-1.211642528566251,1.034192577599577,0.25939394227454643,break_dn
USDJPY.a,15m,-1,0.61,2020-07-09 17:00:00,107.12697158724013,2020-07-09 17:45:00,107.24636639419369,107.23157472354859,106.92085055290282,stop,3,-7283.083224166603,-793.0000000000001,-109.29190935060792,0.0,-7283.083224166603,-97.51080525218715,-1.1414075253105012,1.7497411570925618,0.2674067740918222,break_dn
USDJPY.a,15m,-1,0.76,2020-07-10 03:30:00,107.17330412065263,2020-07-10 04:45:00,107.02164889079526,107.25667555460238,107.00864889079526,target,5,11525.797469160012,-988.0000000000001,-0.0,0.0,11525.797469160012,154.9503291815862,1.8190310838215173,0.2482370563500865,1.994737439119262,break_dn
USDJPY.a,15m,-1,0.82,2020-07-10 05:00:00,107.02216232475722,2020-07-10 09:30:00,106.88495444385796,107.10002277807102,106.87195444385796,target,18,11251.046233738833,-1066.0,-0.0,0.0,11251.046233738833,151.97644245605085,1.7622281281392036,0.9098030158813201,2.3781305769046694,break_dn
USDJPY.a,15m,1,0.84,2020-07-10 22:45:00,106.96275593016455,2020-07-13 00:00:00,106.88197705430052,106.88600824518478,107.07498350963043,stop_gap,5,-6785.425572578277,-1092.0,-85.92743875616662,252.83999999999995,-6532.585572578277,-87.88223651650671,-1.0133058200326404,1.2607016119125782,0.0,break_up
USDJPY.a,15m,1,0.15,2020-07-13 00:15:00,106.91868039495682,2020-07-14 00:30:00,107.27414801062483,106.49418752430311,107.72662495139377,signal,97,5332.014235020069,-195.00000000000003,-25.559681255530478,45.14999999999999,5377.164235020068,72.21514988284305,0.8444844199997005,0.31020637579621163,0.9406980249826881,break_up
USDJPY.a,15m,1,0.93,2020-07-14 01:30:00,107.31077517567016,2020-07-14 03:45:00,107.24032105462199,107.24166361776093,107.40767276447812,stop,9,-6552.233257480012,-1209.0,-124.85837192186041,0.0,-6552.233257480012,-88.10184335142041,-1.0194260291558108,1.197703802002078,0.8280065746021696,break_up
USDJPY.a,15m,-1,1.09,2020-07-14 21:15:00,107.16723614012639,2020-07-14 22:00:00,107.24013648402182,107.22603860857957,107.05492278284085,stop,3,-7946.137484601493,-1417.0000000000002,-119.66842320456685,0.0,-7946.137484601493,-106.2586602808501,-1.239749721620467,1.2204225734290877,0.15707061913130524,break_dn
USDJPY.a,15m,-1,0.91,2020-07-15 09:45:00,107.19633475745184,2020-07-15 10:30:00,107.07073040116794,107.26663479941604,107.05773040116793,target,3,11429.996421835001,-1183.0,-0.0,0.0,11429.996421835001,152.48191046410912,1.7866896345219876,0.18015981490616867,2.5794402447750158,break_dn
USDJPY.a,15m,-1,0.67,2020-07-15 10:45:00,107.0211019967613,2020-07-15 15:00:00,106.84313262943995,107.11793368528004,106.83013262943994,target,17,11923.947610530648,-871.0000000000001,-0.0,0.0,11923.947610530648,158.8966745439957,1.8379248574904508,0.11254583499889562,2.107801690578009,break_dn
USDJPY.a,15m,-1,0.57,2020-07-15 15:15:00,106.8300235818037,2020-07-15 19:00:00,106.9580766300879,106.94320939193949,106.60658121612103,stop,15,-7299.0237521994595,-741.0,-106.43257445914419,0.0,-7299.0237521994595,-97.52212551073704,-1.1313524913642055,1.1130054027547092,1.4491532251871924,break_dn
USDJPY.a,15m,-1,0.93,2020-07-16 02:15:00,106.88637644207093,2020-07-16 03:45:00,106.96983849677949,106.9557685038734,106.7494629922532,stop,6,-7761.971087896271,-1209.0,-99.50934026624746,0.0,-7761.971087896271,-103.7331993223739,-1.2027608423876728,1.4644839091011028,0.7692009818480978,break_dn
USDJPY.a,15m,-1,0.91,2020-07-16 08:00:00,106.8752473524167,2020-07-16 08:30:00,106.96040230242342,106.94625038322765,106.73549923354472,stop,2,-7749.100450611976,-1183.0,-104.82464681460999,0.0,-7749.100450611976,-103.62146594419285,-1.1993142973494675,1.1936483079004336,0.15840665233903126,break_dn
USDJPY.a,15m,1,0.71,2020-07-16 10:30:00,106.9967814360176,2020-07-16 12:45:00,107.13598956593975,106.90650521703013,107.13598956593975,target,9,9883.777224472866,-923.0000000000001,-0.0,0.0,9883.777224472866,132.29084563017375,1.542024372348555,0.8837480890584449,1.6972195524014333,break_up
USDJPY.a,15m,1,0.47,2020-07-16 13:00:00,107.16387820587404,2020-07-16 22:00:00,107.3961362266273,107.02693188668636,107.3961362266273,target,36,10916.1269754034,-611.0,-0.0,0.0,10916.1269754034,145.86376733360507,1.6959785566412506,0.8753663960091601,1.7387965995611123,break_up
USDJPY.a,15m,1,0.81,2020-07-17 01:30:00,107.3048245585779,2020-07-17 06:15:00,107.22383184189604,107.22495966631797,107.42308066736405,stop,19,-6560.4100512308605,-1053.0,-91.35377817606664,0.0,-6560.4100512308605,-87.54530783982548,-1.0141216545845662,1.0495795612555332,0.7033809203581698,break_up
USDJPY.a,15m,-1,0.97,2020-07-17 10:15:00,107.13324827415477,2020-07-17 14:45:00,107.21410713006445,107.20013637373113,107.00172725253775,stop,18,-7843.309023239144,-1261.0,-94.16336433116292,0.0,-7843.309023239144,-104.78101304445622,-1.208867592618215,1.252116989056035,0.5419241148179265,break_dn
USDJPY.a,15m,-1,1.27,2020-07-17 21:15:00,106.97428263240374,2020-07-17 23:45:00,107.03895399368993,107.02498037056759,106.8750392588648,stop,10,-8213.262883345791,-1651.0000000000002,-123.65013653731417,0.0,-8213.262883345791,-109.69700449822648,-1.275626164567318,1.1581851522940292,0.6959409567685445,break_dn
USDJPY.a,15m,-1,0.92,2020-07-20 02:00:00,107.02927898645221,2020-07-20 02:45:00,107.11317072618557,107.09909149872685,106.8918170025463,stop,3,-7718.040055469146,-1196.0,-99.28892620211973,0.0,-7718.040055469146,-102.9028652772299,-1.2016719782742669,1.0703097641557413,0.14723702266679325,break_dn
USDJPY.a,15m,1,0.75,2020-07-20 07:00:00,107.37499443687636,2020-07-20 07:30:00,107.28828298031362,107.28976109127359,107.50347781745283,stop,2,-6503.35924220542,-975.0000000000001,-110.8583219977459,0.0,-6503.35924220542,-86.76474409051863,-1.0173419328962396,1.2905094373390833,0.09392524800025535,break_up
USDJPY.a,15m,1,0.88,2020-07-20 10:45:00,107.24291469877046,2020-07-20 10:45:00,107.16931724882,107.17068929697567,107.34562140604866,stop,0,-6476.575595641293,-1144.0,-120.7402376996766,0.0,-6476.575595641293,-86.44802219595509,-1.0189967535185387,1.272609033475657,0.0,break_up
USDJPY.a,15m,-1,0.58,2020-07-20 14:15:00,107.08307844205709,2020-07-20 16:30:00,107.20529934398212,107.19058560407981,106.87082879184038,stop,9,-7088.812311651907,-754.0,-99.3969143332802,0.0,-7088.812311651907,-94.52486468102543,-1.136862880811556,1.4038279413515018,0.15885864472427877,break_dn
USDJPY.a,15m,1,0.58,2020-07-20 20:00:00,107.28613479359043,2020-07-21 00:00:00,107.17630526068196,107.17776888436936,107.4604622312613,stop,16,-6370.112908691708,-754.0,-84.89017386908371,174.57999999999996,-6195.532908691708,-82.33444219851076,-0.9857300480961635,1.7914747819296228,0.46015584391797393,break_up
USDJPY.a,15m,-1,0.58,2020-07-21 16:30:00,107.09905005868909,2020-07-21 17:15:00,106.89739011216153,107.20780494391923,106.88439011216153,target,3,11696.276898598255,-754.0,-0.0,0.0,11696.276898598255,153.95429676941484,1.8542610394081578,0.10987958182870554,2.2256476863257717,break_dn
USDJPY.a,15m,-1,0.73,2020-07-21 19:30:00,106.77777994230101,2020-07-22 00:15:00,106.87965779665676,106.86498349148408,106.60703301703182,stop,19,-7437.0833679696625,-949.0000000000001,-122.22427760527552,-3438.2999999999997,-10875.383367969662,-142.81030545912873,-1.7083920981586247,1.0116567333031738,1.0754142827848978,break_dn
USDJPY.a,15m,-1,0.62,2020-07-22 05:00:00,106.7559475702474,2020-07-22 07:15:00,106.87190543244412,106.85761160206341,106.55577679587319,stop,9,-7189.387456196812,-806.0000000000001,-80.21748360326883,0.0,-7189.387456196812,-94.25098927747217,-1.140598696760096,1.0923472910614094,0.4421187065327623,break_dn
USDJPY.a,15m,-1,0.58,2020-07-22 10:15:00,106.77900571128133,2020-07-22 10:15:00,106.90126082562192,106.88676939254391,106.56646121491218,stop,0,-7090.796631754187,-754.0,-86.50311852448363,0.0,-7090.796631754187,-93.09238999206356,-1.1344741837715828,1.1691720925129514,0.009332562413790463,break_dn
USDJPY.a,15m,1,0.72,2020-07-22 16:00:00,107.07606977573845,2020-07-22 19:30:00,107.20957200260226,106.98821399869887,107.20957200260226,target,14,9612.160334194414,-936.0000000000001,-0.0,0.0,9612.160334194414,125.53001351956347,1.519561164471507,0.22844002312343747,1.5471973368389984,break_up
USDJPY.a,15m,1,0.54,2020-07-22 21:15:00,107.2658823663148,2020-07-23 00:00:00,107.14753712126395,107.1487168980968,107.4585662038064,stop,11,-6390.6432327457305,-702.0000000000001,-63.70794897355533,162.54,-6228.103232745731,-81.45673295628437,-0.9843791588512026,1.296306570739709,0.19730756883238873,break_up
USDJPY.a,15m,1,0.79,2020-07-23 02:15:00,107.20670063587407,2020-07-23 04:00:00,107.12562245614772,107.12658114524274,107.32583770951452,stop,7,-6405.17619838144,-1027.0,-75.73643850588387,0.0,-6405.17619838144,-83.77303916278994,-1.0119657412629595,1.2568806301758395,0.0,break_up
USDJPY.a,15m,1,0.93,2020-07-23 05:45:00,107.16857678244801,2020-07-23 09:45:00,107.10012176824252,107.10093438640256,107.2661312271949,stop,16,-6366.316321111256,-1209.0,-75.57348888387813,0.0,-6366.316321111256,-83.02788429591182,-1.0120134443418327,1.102515386916551,0.13930934004246245,break_up
USDJPY.a,15m,-1,1.12,2020-07-23 10:15:00,107.0764007399012,2020-07-23 10:45:00,107.14602783642499,107.132081038287,106.966837923426,stop,2,-7798.234810664327,-1456.0000000000002,-106.04139145467026,0.0,-7798.234810664327,-101.72668629679605,-1.2504799460908025,1.8067299029501693,0.0,break_dn
USDJPY.a,15m,1,0.92,2020-07-23 11:30:00,107.18370000862711,2020-07-23 15:15:00,107.11549854996993,107.11644895271304,107.27710209457392,stop,15,-6274.534196461048,-1196.0,-87.43705236600903,0.0,-6274.534196461048,-82.5377188371988,-1.0141321609036034,1.2743295620014774,0.16802697324661256,break_up
USDJPY.a,15m,1,0.96,2020-07-23 16:00:00,107.2067927344088,2020-07-23 16:30:00,107.1413427361532,107.14255017580948,107.29389964838104,stop,2,-6283.199832536411,-1248.0,-115.91420700251285,0.0,-6283.199832536411,-82.46261282992594,-1.0187950119452807,1.5845062311990483,0.34567841124935395,break_up
USDJPY.a,15m,-1,0.91,2020-07-23 17:45:00,107.05701083033075,2020-07-23 18:30:00,106.93812247083348,107.12443876458327,106.92512247083347,target,3,10818.840714252163,-1183.0,-0.0,0.0,10818.840714252163,141.91242308356283,1.7631914845861,0.13331521674064806,3.09976618218791,break_dn
USDJPY.a,15m,-1,0.74,2020-07-24 10:00:00,106.31280474085221,2020-07-24 11:30:00,106.40970845686422,106.39459422166993,106.15281155666011,stop,6,-7170.874984888598,-962.0000000000001,-156.4534043765162,0.0,-7170.874984888598,-95.16578639650932,-1.1847943652799802,1.225038454163603,1.709324224270247,break_dn
USDJPY.a,15m,-1,0.5,2020-07-24 15:00:00,106.21567346146041,2020-07-24 16:30:00,105.99055888898194,106.33672055550903,105.97755888898193,target,6,11255.728623923744,-650.0000000000001,-0.0,0.0,11255.728623923744,150.09151760139076,1.8597271933521535,0.6718586611167977,2.541766606448471,break_dn
USDJPY.a,15m,-1,0.27,2020-07-24 17:00:00,105.79417661177561,2020-07-24 21:45:00,106.03660539284844,106.02139956443995,105.34520087112013,stop,19,-6545.5770889664545,-351.00000000000006,-59.5573670294399,0.0,-6545.5770889664545,-87.01532457038323,-1.066920301097223,1.0114444228875783,0.4936852129605178,break_dn
USDJPY.a,15m,-1,0.42,2020-07-27 04:00:00,105.80235112614999,2020-07-27 06:15:00,105.52617889338103,105.94791055330948,105.51317889338102,target,9,11599.233776296187,-546.0,-0.0,0.0,11599.233776296187,153.94777872291573,1.8973160183320839,0.32734996818719636,2.441278679673599,break_dn
USDJPY.a,15m,-1,0.32,2020-07-27 09:30:00,105.54955112194192,2020-07-27 16:45:00,105.19132961572238,105.73733519213881,105.17832961572238,target,29,11463.088199025151,-416.00000000000006,-0.0,0.0,11463.088199025151,152.454819799203,1.907624570305292,0.36983370306790775,2.0212104335790757,break_dn
USDJPY.a,15m,-1,0.47,2020-07-27 17:00:00,105.18125298606643,2020-07-27 18:45:00,105.32689859833643,105.31135203232078,104.92629593535845,stop,7,-6845.343776690086,-611.0,-119.68860273483484,0.0,-6845.343776690086,-91.15450666439817,-1.1194979245677825,1.089531537813402,0.5015639080001332,break_dn
USDJPY.a,15m,-1,0.66,2020-07-28 01:30:00,105.30200037192976,2020-07-28 05:45:00,105.40974079863182,105.39490304993573,105.11919390012852,stop,17,-7110.868162335379,-858.0000000000001,-121.29141394089655,0.0,-7110.868162335379,-94.16332316560317,-1.1597128200666897,1.8836876592404936,0.8826480968018647,break_dn
USDJPY.a,15m,-1,0.49,2020-07-28 16:00:00,105.08716918635751,2020-07-28 16:30:00,105.22730921999992,105.2114662033756,104.84706759324882,stop,2,-6866.861648478107,-637.0,-139.30781459209365,0.0,-6866.861648478107,-91.47458193959145,-1.1274609560583917,1.2054256589334507,0.1381303169570285,break_dn
USDJPY.a,15m,-1,0.43,2020-07-28 17:00:00,105.05806768772275,2020-07-29 04:15:00,105.21508137600114,105.20016628125201,104.77966743749599,stop,45,-6751.58859597046,-559.0,-82.34907421231135,-2025.2999999999997,-8776.88859597046,-116.55096893813578,-1.436423001867083,1.294399245685583,0.7182878112142475,break_dn
USDJPY.a,15m,-1,0.79,2020-07-29 07:15:00,105.0419448977821,2020-07-29 10:30:00,104.9046812996097,105.11865935019516,104.8916812996097,target,13,10843.824255619284,-1027.0,-0.0,0.0,10843.824255619284,143.96158413858836,1.789279514547288,0.6915920084031864,2.827953416313169,break_dn
USDJPY.a,15m,-1,0.4,2020-07-29 10:45:00,104.83666992064421,2020-07-29 13:30:00,105.0044044427812,104.98950368729454,104.53199262541092,stop,11,-6709.380885479277,-520.0,-76.03021946598454,0.0,-6709.380885479277,-89.06719002887183,-1.0974964879373905,1.1864529896109501,0.23993336975141086,break_dn
USDJPY.a,15m,-1,0.3,2020-07-29 21:15:00,104.84633178752756,2020-07-29 21:45:00,105.06249236377438,105.04644669101027,104.44810661797943,stop,2,-6484.817287404639,-390.00000000000006,-91.37018292290828,0.0,-6484.817287404639,-86.11251575424912,-1.0801822976942528,1.1826616026770922,0.3664484066470296,break_dn
USDJPY.a,15m,1,0.51,2020-07-30 03:45:00,105.1095119433092,2020-07-30 04:00:00,104.98944774886785,104.9917958127628,105.30140837447439,stop,1,-6123.273916509092,-663.0000000000001,-119.75125864246236,0.0,-6123.273916509092,-81.21638183406729,-1.0199468321296115,1.0747205393345103,0.09759118514574483,break_up
USDJPY.a,15m,1,0.47,2020-07-30 07:30:00,105.1010781225202,2020-07-30 16:00:00,104.97108270889149,104.97363955660451,105.31372088679099,stop,34,-6109.78444054983,-611.0,-120.17184251231501,0.0,-6109.78444054983,-81.3949015239126,-1.0200633748084937,1.5307620665572284,1.5216891063265665,break_up
USDJPY.a,15m,-1,0.43,2020-07-30 19:15:00,105.00837067296652,2020-07-30 23:00:00,104.75265489089993,105.14517255455004,104.73965489089993,target,15,10995.778628863278,-559.0,-0.0,0.0,10995.778628863278,145.90727671016253,1.8692417027207595,0.0923183722861967,2.3345488327332684,break_dn
USDJPY.a,15m,-1,0.34,2020-07-31 05:00:00,104.24743558765591,2020-07-31 06:15:00,104.43817822598493,104.42287661676201,103.90124676647596,stop,5,-6485.2497031864405,-442.00000000000006,-78.25471357919554,0.0,-6485.2497031864405,-86.26345403975783,-1.0872179632146541,1.0349028004976428,0.3387781521731095,break_dn
USDJPY.a,15m,1,0.38,2020-07-31 14:15:00,104.81770482051544,2020-07-31 15:30:00,105.0894054200582,104.6597972899709,105.0894054200582,target,5,10324.62278262466,-494.00000000000006,-0.0,0.0,10324.62278262466,136.67336345463795,1.7206310465738213,0.3780998937134638,2.4020081764089896,break_up
USDJPY.a,15m,1,0.2,2020-07-31 19:15:00,106.00292264753537,2020-08-03 11:30:00,105.69650242182327,105.69926303480906,106.56547393038187,stop,65,-6128.40451424205,-260.0,-55.212259715902285,60.19999999999999,-6068.20451424205,-80.64683697105067,-0.9991787284059109,1.2050421992245064,1.4064344896914809,break_up
USDJPY.a,15m,1,0.29,2020-08-03 14:00:00,106.12112437148298,2020-08-03 22:45:00,105.91407647641883,105.91619186998041,106.48561626003917,stop,35,-6004.388956860353,-377.0,-61.34641328604327,0.0,-6004.388956860353,-79.53692584138278,-1.0103223917439708,1.0106955703186986,1.7072725212044535,break_up
USDJPY.a,15m,1,0.74,2020-08-04 08:45:00,106.12995213183265,2020-08-04 09:15:00,106.04767095785598,106.04918144469056,106.24963711061888,stop,2,-6088.806874273416,-962.0000000000001,-111.77602575824697,0.0,-6088.806874273416,-80.44274912857453,-1.0187009283692068,1.1631958963945739,0.0,break_up
USDJPY.a,15m,-1,0.59,2020-08-04 21:15:00,105.7186118523854,2020-08-05 04:45:00,105.53463239052189,105.81918380473905,105.52163239052189,target,30,10854.788249946567,-767.0000000000001,-0.0,-2778.8999999999996,8075.888249946567,106.60159707118761,1.3610102882577497,0.7794235448363542,2.0543685147807667,break_dn
USDJPY.a,15m,1,0.41,2020-08-05 14:00:00,105.83138934375643,2020-08-05 15:15:00,105.68220939139084,105.68456022307004,106.0818795538599,stop,5,-6116.378046989012,-533.0,-96.38409884722788,0.0,-6116.378046989012,-80.20648348906792,-1.0160106637443929,1.671258008011575,0.28339511977635856,break_up
USDJPY.a,15m,-1,0.37,2020-08-05 16:00:00,105.49928956093315,2020-08-05 21:30:00,105.67476758563758,105.65949521396814,105.1870095720637,stop,22,-6492.686914063996,-481.00000000000006,-84.07775176881596,0.0,-6492.686914063996,-85.47055858494595,-1.095329792551726,1.1092644716353472,1.106637360008906,break_dn
USDJPY.a,15m,-1,0.85,2020-08-06 08:45:00,105.50012417041263,2020-08-06 10:15:00,105.58531435930267,105.57062159316645,105.36175681366711,stop,6,-7241.16605565328,-1105.0,-143.88512157843917,0.0,-7241.16605565328,-95.4025805125515,-1.2084156492859264,1.0621073319069034,1.5337322442299106,break_dn
USDJPY.a,15m,-1,0.63,2020-08-06 14:30:00,105.46978219735924,2020-08-06 15:30:00,105.57958438758988,105.56441410901235,105.2811717819753,stop,4,-6917.537984530228,-819.0000000000001,-136.72755038403437,0.0,-6917.537984530228,-91.06435218883023,-1.1603082756389604,1.1329983804383779,0.8008101710660188,break_dn
USDJPY.a,15m,1,0.59,2020-08-07 03:00:00,105.59485979758512,2020-08-07 09:00:00,105.49215717240982,105.49335511060804,105.75628977878394,stop,24,-6059.454885342532,-767.0000000000001,-70.67835369495944,0.0,-6059.454885342532,-79.61560313798527,-1.0118018018073167,1.1315713688279978,0.48411757011758194,break_up
USDJPY.a,15m,1,0.46,2020-08-07 11:15:00,105.6839758835006,2020-08-07 15:45:00,105.55291692208253,105.55501886045812,105.89996227908377,stop,18,-6028.71222523089,-598.0,-96.68916527699602,0.0,-6028.71222523089,-79.19961953013048,-1.01629952619871,1.0156552967065409,1.4657915640403105,break_up
USDJPY.a,15m,1,0.39,2020-08-07 16:30:00,105.7956401527238,2020-08-07 17:15:00,106.04669532385745,105.64665233807128,106.04669532385745,target,3,9791.151674212088,-507.00000000000006,-0.0,0.0,9791.151674212088,128.81199490508325,1.6850718410707457,0.2929108855350927,1.7542363976929491,break_up
USDJPY.a,15m,1,0.64,2020-08-10 10:30:00,106.04290945749979,2020-08-10 11:15:00,105.94986684511669,105.95129968301411,106.18440063397176,stop,3,-5954.727192518476,-832.0000000000001,-91.7016254352818,0.0,-5954.727192518476,-78.49609510144977,-1.0156406661349175,1.0251030310578366,0.04465181279152286,break_up
USDJPY.a,15m,-1,0.57,2020-08-10 18:15:00,105.7365900517047,2020-08-10 18:30:00,105.85362576995071,105.83847762768225,105.5370447446355,stop,1,-6671.035940022861,-741.0,-122.44410930178215,0.0,-6671.035940022861,-88.00066088368303,-1.1486750678198,1.250495431586027,0.0,break_dn
USDJPY.a,15m,1,0.71,2020-08-11 02:45:00,106.02268048569067,2020-08-11 03:15:00,106.14342289702343,105.94028855148828,106.14342289702343,target,2,8572.71120462569,-923.0000000000001,-0.0,0.0,8572.71120462569,113.00101775924993,1.4654639741331839,0.4087837725466238,1.4724683366616882,break_up
USDJPY.a,15m,1,0.5,2020-08-11 14:00:00,106.13517553104704,2020-08-11 14:45:00,106.01570719868491,106.01747140515923,106.32805718968153,stop,3,-5973.4166181065975,-650.0000000000001,-88.21032371592428,0.0,-5973.4166181065975,-78.48426326020723,-1.0149884845668153,1.326848399485136,0.19391392426393422,break_up
USDJPY.a,15m,1,0.51,2020-08-11 16:15:00,106.19548916823189,2020-08-11 17:00:00,106.3833825735138,106.0798087132431,106.3833825735138,target,3,9582.563669377507,-663.0000000000001,-0.0,0.0,9582.563669377507,125.68161517718046,1.6242450403580992,0.6093438017573284,1.7333164170865547,break_up
USDJPY.a,15m,1,0.48,2020-08-11 21:30:00,106.65221391134106,2020-08-11 22:15:00,106.52663412489903,106.52855862009744,106.85688275980513,stop,3,-6027.829749217517,-624.0,-92.37576952341405,0.0,-6027.829749217517,-79.2577673397242,-1.0155633873735141,1.1419965124084577,0.25705401151260754,break_up
USDJPY.a,15m,1,0.52,2020-08-12 03:15:00,106.5740835191461,2020-08-12 06:15:00,106.75725810584328,106.46137094707836,106.75725810584328,target,12,9525.078508253217,-676.0000000000001,-0.0,0.0,9525.078508253217,125.32126065035392,1.6251477837547437,0.541940601882338,1.7115790839903904,break_up
USDJPY.a,15m,1,0.6,2020-08-12 07:15:00,106.78722084823238,2020-08-12 08:45:00,106.68773862827197,106.68939916792854,106.9402016641429,stop,6,-5968.9331976244375,-780.0000000000001,-99.63237939380267,0.0,-5968.9331976244375,-78.57948829844773,-1.016975170038091,1.1369754423244602,0.1101918484137815,break_up
USDJPY.a,15m,1,0.67,2020-08-12 14:15:00,106.88998631637385,2020-08-12 15:45:00,106.79993620186201,106.80181871434687,107.02436257130628,stop,6,-6033.357672293263,-871.0000000000001,-126.12833648550412,0.0,-6033.357672293263,-79.05163844032381,-1.0213515218921179,1.462967273788123,1.417909535385663,break_up
USDJPY.a,15m,1,0.77,2020-08-13 01:30:00,106.8899048298585,2020-08-13 02:45:00,106.81184112865967,106.81310745206466,107.00478509587067,stop,5,-6010.904992309833,-1001.0000000000001,-97.50690218459552,0.0,-6010.904992309833,-78.52608838430457,-1.016489148996603,1.2878672775001105,0.0,break_up
USDJPY.a,15m,-1,0.43,2020-08-13 09:30:00,106.6078651982562,2020-08-13 10:00:00,106.75755014196513,106.74286033460773,106.33827933078456,stop,2,-6436.452579483543,-559.0,-72.6617163679385,0.0,-6436.452579483543,-84.23135376680307,-1.1088173081965549,1.0602959900057642,0.08048584971179873,break_dn
USDJPY.a,15m,1,0.5,2020-08-13 14:15:00,106.93530019468946,2020-08-13 16:45:00,106.8175615392908,106.81954240133771,107.12391519732459,stop,10,-5886.932769932684,-650.0000000000001,-99.04310234518849,0.0,-5886.932769932684,-76.7900145952612,-1.0171121268776024,1.0478792932833398,0.5070916057648998,break_up
USDJPY.a,15m,1,0.44,2020-08-13 21:00:00,106.99620399649467,2020-08-14 00:00:00,106.86421431947113,106.8659416584519,107.2141166830962,stop,12,-5807.545789035771,-572.0,-76.00291515373601,132.43999999999997,-5675.1057890357715,-74.26272634369961,-0.9901532473737145,1.5215756102089393,0.41298202008060964,break_up
USDJPY.a,15m,-1,0.83,2020-08-14 12:00:00,106.71400503383104,2020-08-14 15:45:00,106.59157763160317,106.78321118419842,106.57857763160317,target,15,10161.474384913261,-1079.0,-0.0,0.0,10161.474384913261,133.28552011539486,1.769024885475771,0.6212593236399461,2.2686572363523356,break_dn
USDJPY.a,15m,-1,0.57,2020-08-17 00:00:00,106.53005949373528,2020-08-17 00:30:00,106.64606565067331,106.6316591285401,106.45268174291982,stop,2,-6612.350945467569,-741.0,-80.17176159251346,0.0,-6612.350945467569,-86.49616173924264,-1.1417969873699942,1.0427252663677569,0.000585570365415076,break_dn
USDJPY.a,15m,-1,0.73,2020-08-17 04:00:00,106.52002693185258,2020-08-17 07:30:00,106.6141370504035,106.59983244865741,106.3663351026852,stop,14,-6870.038654216828,-949.0000000000001,-95.23592746433711,0.0,-6870.038654216828,-89.81189597372037,-1.1792432693728954,1.1900564265460494,0.7646956538334352,break_dn
USDJPY.a,15m,-1,0.43,2020-08-17 12:45:00,106.32185954341456,2020-08-17 17:15:00,106.07057163576782,106.45571418211608,106.05757163576781,target,18,10805.38002880988,-559.0,-0.0,0.0,10805.38002880988,141.41741356446298,1.8773193823120402,0.4941215129116944,2.2700710738320264,break_dn
USDJPY.a,15m,-1,0.71,2020-08-18 03:15:00,105.88312163710985,2020-08-18 04:30:00,105.73563820803035,105.96468089598483,105.72263820803035,target,5,10471.323464644513,-923.0000000000001,-0.0,0.0,10471.323464644513,137.1196383410056,1.8082978084141532,0.5134715968219111,2.000038246545467,break_dn
USDJPY.a,15m,-1,0.65,2020-08-18 09:45:00,105.49591592113201,2020-08-18 11:15:00,105.60136214660618,105.58647924673757,105.31804150652486,stop,6,-6854.004655820916,-845.0000000000001,-122.38849145916006,0.0,-6854.004655820916,-89.73096558927573,-1.1643369406886768,1.6351440042403589,1.025977353533732,break_dn
USDJPY.a,15m,-1,0.5,2020-08-18 16:45:00,105.30243666038419,2020-08-18 17:00:00,105.43509552103038,105.4195644408512,105.0728711182976,stop,1,-6632.943032309413,-650.0000000000001,-126.55400895807537,0.0,-6632.943032309413,-86.91575802050481,-1.1325994577652443,1.4476782445609209,0.15740638395665943,break_dn
USDJPY.a,15m,-1,0.9,2020-08-19 02:00:00,105.35311436676288,2020-08-19 02:45:00,105.23953361518808,105.41773319240596,105.22653361518807,target,3,10222.267641732116,-1170.0,-0.0,0.0,10222.267641732116,133.89911221444387,1.7577037410453755,0.6017694201361395,2.2921240875064304,break_dn
USDJPY.a,15m,-1,0.44,2020-08-19 03:00:00,105.2328938819532,2020-08-19 04:30:00,105.38037872065331,105.36529898045086,104.97140203909827,stop,6,-6489.33290280479,-572.0,-91.50856890747401,0.0,-6489.33290280479,-85.05208939680652,-1.113890933004511,1.398028626896719,0.9810338380248043,break_dn
USDJPY.a,15m,1,0.62,2020-08-19 08:15:00,105.6002097074613,2020-08-19 09:00:00,105.50394926099737,105.50574819355522,105.74650361288955,stop,3,-5968.14768076365,-806.0000000000001,-111.53381858637796,0.0,-5968.14768076365,-77.99307164913169,-1.0190440792599986,1.1667154474242591,0.0,break_up
USDJPY.a,15m,1,0.21,2020-08-19 21:15:00,105.97177285987703,2020-08-20 21:30:00,105.78270520363539,105.69826908354409,106.4744618329118,signal,97,-3970.4207810745943,-273.0,-54.38144731371758,63.20999999999999,-3907.2107810745943,-51.36841970156638,-0.6802745422247981,0.7523583865494278,0.8966133609228172,break_up
USDJPY.a,15m,-1,0.59,2020-08-20 21:45:00,105.7697519748043,2020-08-21 08:15:00,105.59197667421837,105.86701166289082,105.57897667421837,target,42,10488.742734569343,-767.0000000000001,-0.0,-926.2999999999998,9562.442734569344,125.73595459622577,1.6664180584430415,0.44466547288568914,2.197744810924528,break_dn
USDJPY.a,15m,-1,0.87,2020-08-21 10:15:00,105.54714981942404,2020-08-21 12:30:00,105.6285838790957,105.61385587716708,105.41628824566584,stop,9,-7084.763191434831,-1131.0,-150.33616778959845,0.0,-7084.763191434831,-93.35367126040022,-1.2207895718459263,1.2420188417534697,1.591307041901997,break_dn
USDJPY.a,15m,1,0.27,2020-08-21 17:00:00,105.99871986831599,2020-08-24 00:00:00,105.76142629882276,105.79119068042083,106.36661863915836,stop_gap,28,-6406.926376317273,-351.00000000000006,-42.489931785726796,81.27,-6325.656376317273,-83.54612055243595,-1.1289186445021226,1.1695697881235045,0.3531075914055735,break_up
USDJPY.a,15m,1,0.03,2020-08-24 00:15:00,105.8060456245383,2020-08-25 00:30:00,105.9783922588166,103.9537337702822,109.46853245943561,signal,97,517.0399028348953,-39.0,-3.646447100427845,9.029999999999998,526.0699028348953,6.930641430761497,0.09466906659123156,0.06372880693229967,0.10362962101691847,break_up
USDJPY.a,15m,1,0.95,2020-08-25 03:15:00,106.03260927152245,2020-08-25 03:30:00,105.9714712544744,105.97245059695209,106.11209880609584,stop,1,-5808.111619564897,-1235.0,-93.03753538033125,0.0,-5808.111619564897,-76.35808724144391,-1.016279322719223,1.1238490875221796,0.3555718045705585,break_up
USDJPY.a,15m,1,0.48,2020-08-25 10:00:00,106.14083249752848,2020-08-25 11:30:00,106.33710834771658,106.0219458261417,106.33710834771658,target,6,9421.240809028859,-624.0,-0.0,0.0,9421.240809028859,123.72062514341326,1.6509491593852,0.3939255509654544,1.9528471927371325,break_up
USDJPY.a,15m,1,0.54,2020-08-25 13:30:00,106.43110723455,2020-08-25 15:00:00,106.32265345458467,106.3246298378899,106.6017403242202,stop,6,-5856.504118127845,-702.0000000000001,-106.72469848229521,0.0,-5856.504118127845,-76.65118722554878,-1.0185615291810983,1.6915067441491074,0.6282344192124232,break_up
USDJPY.a,15m,1,0.48,2020-08-25 18:00:00,106.54645371326477,2020-08-25 18:45:00,106.42563417886323,106.42780045876995,106.74039908246009,stop,3,-5799.337651273618,-624.0,-103.98143552236844,0.0,-5799.337651273618,-75.91896737747096,-1.018257231257082,1.4281421439828714,0.26586954457800677,break_up
USDJPY.a,15m,1,0.77,2020-08-26 01:00:00,106.41078911544867,2020-08-26 03:00:00,106.51808422780316,106.33645788609843,106.51808422780316,target,8,8261.723651295924,-1001.0000000000001,-0.0,0.0,8261.723651295924,107.78076128082023,1.4434728618429935,0.9792534858491555,1.9266583615421256,break_up
USDJPY.a,15m,1,0.39,2020-08-26 03:15:00,106.54492034709165,2020-08-26 07:30:00,106.39782513231661,106.39927501674443,106.79444996651117,stop,17,-5736.713376226377,-507.00000000000006,-56.54549268456798,0.0,-5736.713376226377,-74.9725950558323,-1.0099548981375315,1.098012182816906,0.08980482159762684,break_up
USDJPY.a,15m,-1,0.5,2020-08-26 10:30:00,106.27300257731034,2020-08-26 15:30:00,106.40300122571726,106.38824171919835,106.0455165616033,stop,20,-6499.932420346255,-650.0000000000001,-87.9753259454683,0.0,-6499.932420346255,-84.88555923796754,-1.1280771990931417,1.6660782052355851,0.980591971260554,break_dn
USDJPY.a,15m,-1,0.85,2020-08-27 01:15:00,105.93913973296367,2020-08-27 03:00:00,105.82373476256373,106.00613261871814,105.81073476256373,target,7,9809.42248399458,-1105.0,-0.0,0.0,9809.42248399458,127.86687551609468,1.722645160008358,0.027768128143529077,2.0321520924269167,break_dn
USDJPY.a,15m,1,0.47,2020-08-27 15:15:00,106.17232696205862,2020-08-27 15:45:00,106.0477913350163,106.04984202318906,106.37131595362187,stop,2,-5853.174470989045,-611.0,-96.38234411932682,0.0,-5853.174470989045,-76.05004145774438,-1.016742370055328,1.137502809280022,0.005494862859009503,break_up
USDJPY.a,15m,1,0.23,2020-08-27 17:00:00,106.24467178152919,2020-08-27 19:45:00,106.69457535754616,105.99771232122693,106.69457535754616,target,11,10347.78224839019,-299.0,-0.0,0.0,10347.78224839019,133.93793801292395,1.8217709719089463,0.09585290436015428,1.8518351874881114,break_up
USDJPY.a,15m,1,0.29,2020-08-27 20:00:00,106.6972745196744,2020-08-28 08:00:00,106.49424347921516,106.49731100957557,107.05137798084887,stop,48,-5887.900173317874,-377.0,-88.95838045179713,87.28999999999998,-5800.610173317874,-74.78577369080323,-1.0002877042935627,2.9719148227629044,1.2488552546521579,break_up
USDJPY.a,15m,-1,0.28,2020-08-28 10:15:00,106.07769444783364,2020-08-28 12:15:00,105.68782576181489,106.28258711909255,105.67482576181489,target,8,10916.323208524831,-364.00000000000006,-0.0,0.0,10916.323208524831,141.29651652405462,1.9027946857409868,0.2357602732668077,2.502258595602763,break_dn
USDJPY.a,15m,-1,0.27,2020-08-28 14:00:00,105.34658326171582,2020-08-28 15:45:00,105.57946265928055,105.5626391037092,104.92172179258161,stop,7,-6287.743734247713,-351.00000000000006,-103.2360004262232,0.0,-6287.743734247713,-81.2397830510219,-1.0778667006461453,1.006298817371634,0.6645655141332274,break_dn
USDJPY.a,15m,-1,0.52,2020-08-28 22:30:00,105.40742599241027,2020-08-31 01:00:00,105.53520554415813,105.519614394692,105.18777121061602,stop,10,-6644.536690888913,-676.0000000000001,-134.7397722387232,-816.3999999999999,-7460.936690888912,-95.89669488209512,-1.2789160807153053,2.7772390127037507,1.331920139436772,break_dn
USDJPY.a,15m,1,0.58,2020-08-31 15:45:00,105.97519687484008,2020-08-31 18:15:00,105.87148805062787,105.87410738040589,106.1317852391882,stop,10,-6015.111804307907,-754.0,-151.92112712501748,0.0,-6015.111804307907,-76.92575366328633,-1.0259109988893962,1.9012546844340747,1.204903890771829,break_up
USDJPY.a,15m,1,0.69,2020-08-31 23:45:00,105.92895573361832,2020-09-01 00:45:00,105.84280006134249,105.84423045393434,106.05653909213133,stop,4,-5944.74138703272,-897.0000000000001,-98.69708883811256,207.68999999999994,-5737.05138703272,-73.47315040058096,-0.9813561263647047,1.0381285720908724,0.0,break_up
USDJPY.a,15m,1,0.54,2020-09-01 02:15:00,105.95989949385513,2020-09-01 03:45:00,105.85154677357748,105.85315568204848,106.13168863590303,stop,6,-5851.046894993146,-702.0000000000001,-86.8810574335656,0.0,-5851.046894993146,-74.97983611842963,-1.0150726158619217,1.385555671583377,0.6848219574290396,break_up
USDJPY.a,15m,-1,0.6,2020-09-01 05:00:00,105.71167211714499,2020-09-01 13:30:00,105.82309169928953,105.80795801297849,105.523083974043,stop,34,-6685.17492867295,-780.0000000000001,-128.02117866242838,0.0,-6685.17492867295,-85.51788534957198,-1.1571744872916263,2.0286240384860754,1.242883146166314,break_dn
USDJPY.a,15m,1,0.63,2020-09-02 01:15:00,105.99688514382085,2020-09-02 02:30:00,105.90422256792782,105.9055008028095,106.13799839438101,stop,5,-5837.7422812608875,-819.0000000000001,-80.52879754605543,0.0,-5837.7422812608875,-74.7286892991332,-1.0139874607349042,1.3228212020025454,0.0,break_up
USDJPY.a,15m,1,0.56,2020-09-02 04:00:00,106.05213128307605,2020-09-02 11:15:00,106.2116804612245,105.95115976938774,106.2116804612245,target,29,8934.753976313346,-728.0000000000001,-0.0,0.0,8934.753976313346,114.59783632908425,1.5801405002303,0.8926407041324247,1.7417656772665526,break_up
USDJPY.a,15m,1,0.32,2020-09-02 11:30:00,106.21027498873353,2020-09-03 11:45:00,106.25006087373849,106.03081855537393,106.52936288925216,signal,97,1273.1483201587253,-416.00000000000006,-60.10408073678788,96.31999999999998,1369.4683201587252,17.616320247314917,0.23847506720031325,0.7760935962348374,0.7395946123620515,break_up
USDJPY.a,15m,1,0.64,2020-09-03 13:00:00,106.39699175672156,2020-09-03 15:00:00,106.53587091616787,106.30806454191607,106.53587091616787,target,8,8888.266204563479,-832.0000000000001,-0.0,0.0,8888.266204563479,114.50634404323758,1.5617171835423758,0.47220366468694736,1.7430911742539807,break_up
USDJPY.a,15m,1,0.65,2020-09-03 15:15:00,106.54707054783735,2020-09-03 15:30:00,106.45703075911176,106.45874045074235,106.67551909851531,stop,1,-5852.586267163389,-845.0000000000001,-111.12995598848212,0.0,-5852.586267163389,-75.39808565887247,-1.019355708720164,1.483871886797447,0.0,break_up
USDJPY.a,15m,-1,0.51,2020-09-03 21:00:00,106.03562051841865,2020-09-03 22:45:00,106.16095534063952,106.1462114013894,105.81857719722123,stop,7,-6392.075933264081,-663.0000000000001,-88.9409017562637,0.0,-6392.075933264081,-82.83741715685983,-1.1333196630144002,1.079469467776404,0.2949657109373478,break_dn
USDJPY.a,15m,-1,0.86,2020-09-04 02:30:00,106.06905267766405,2020-09-04 03:00:00,106.14898007217401,106.1345107037446,105.93797859251082,stop,2,-6873.755927857048,-1118.0,-126.36568492898522,0.0,-6873.755927857048,-89.09621580656953,-1.2210480409478228,1.251906408468686,0.07718958188314884,break_dn
USDJPY.a,15m,1,0.8,2020-09-04 12:45:00,106.23182550818615,2020-09-04 13:30:00,106.15983483727199,106.16107461213622,106.33185077572757,stop,3,-5759.253673132889,-1040.0,-99.1819891383345,0.0,-5759.253673132889,-74.49418978464051,-1.0175230977054555,1.1141273480199343,0.0,break_up
USDJPY.a,15m,1,0.34,2020-09-04 15:45:00,106.36318506397792,2020-09-04 20:30:00,106.19825290195409,106.19995093786221,106.64709812427559,stop,19,-5607.693508810258,-442.00000000000006,-57.733220875959965,0.0,-5607.693508810258,-72.48473476737885,-1.010402456572816,1.011951776927062,0.8687824010620477,break_up
USDJPY.a,15m,1,0.62,2020-09-04 21:15:00,106.24608937193638,2020-09-07 03:45:00,106.38353675798359,106.1562316210082,106.38353675798359,target,26,8521.737934927245,-806.0000000000001,-0.0,186.61999999999998,8708.357934927246,112.36761931942075,1.563108185953639,0.7688749297942683,1.568152180619953,break_up
USDJPY.a,15m,-1,1.28,2020-09-07 10:30:00,106.18833493862442,2020-09-07 13:15:00,106.24634007880812,106.23225732988284,106.1024853402343,stop,11,-7424.657943513012,-1664.0000000000002,-138.59186243517956,0.0,-7424.657943513012,-96.02323586794897,-1.3206280104928516,1.8593036270519383,1.2826018122047913,break_dn
USDJPY.a,15m,1,1.01,2020-09-08 00:15:00,106.30358595229616,2020-09-08 03:00:00,106.24716550520546,106.24794522601174,106.37410954797654,stop,11,-5698.465156160851,-1313.0000000000002,-78.75180143433025,0.0,-5698.465156160851,-73.66752414479438,-1.0140134908069416,1.1248227058761748,0.1332485788547748,break_up
USDJPY.a,15m,1,1.01,2020-09-08 05:00:00,106.32560669728035,2020-09-08 05:00:00,106.26959094336384,106.27050098928436,106.39499802143128,stop,0,-5657.591145567693,-1313.0000000000002,-91.91463797217772,0.0,-5657.591145567693,-73.1466914381926,-1.0165145491023584,1.0453853035431278,0.0,break_up
USDJPY.a,15m,1,0.72,2020-09-08 13:00:00,106.36469901918663,2020-09-08 13:30:00,106.28687476851519,106.28803952037137,106.47692095925726,stop,2,-5603.346048343723,-936.0000000000001,-83.86213364456698,0.0,-5603.346048343723,-72.63102740161736,-1.0151938360435546,1.0135602291618073,0.2387307652175987,break_up
USDJPY.a,15m,-1,0.36,2020-09-08 15:30:00,106.09374388549078,2020-09-09 09:15:00,105.8107165374507,106.24364173127465,105.7977165374507,target,71,10188.984529442849,-468.00000000000006,-0.0,-1695.6,8493.384529442848,111.27893842787799,1.5739208712862518,0.01505101355809727,2.033010440524785,break_dn
USDJPY.a,15m,-1,0.56,2020-09-09 09:30:00,105.84216050470579,2020-09-09 10:30:00,105.95479030553234,105.94045359276559,105.64809281446882,stop,4,-6307.268846287002,-728.0000000000001,-74.85591493766837,0.0,-6307.268846287002,-82.35041032194525,-1.1458567743647032,1.0666008909032023,0.2966689243504434,break_dn
USDJPY.a,15m,1,0.76,2020-09-09 13:00:00,106.06494999116093,2020-09-09 13:00:00,106.1678753189609,105.99256234051956,106.1678753189609,target,0,7822.3249127973995,-988.0000000000001,-0.0,0.0,7822.3249127973995,101.89215535483906,1.421863078688409,0.1927123071038637,1.4235854862815023,break_up
USDJPY.a,15m,1,0.33,2020-09-09 13:15:00,106.169930706078,2020-09-10 13:30:00,106.1152201601037,106.00209629687603,106.46380740624795,signal,97,-1805.4480171519742,-429.00000000000006,-51.46943315553706,99.32999999999998,-1706.1180171519743,-22.11915140768759,-0.30804497254246327,0.9767407461763724,0.7928606211009761,break_up
USDJPY.a,15m,1,0.6,2020-09-10 21:30:00,106.23492053489828,2020-09-10 21:45:00,106.14130904012917,106.14268335659462,106.37763328681078,stop,1,-5616.689686146401,-780.0000000000001,-82.458987926515,0.0,-5616.689686146401,-72.83840790925284,-1.0148998103662688,1.3651819929240478,0.0,break_up
USDJPY.a,15m,1,0.78,2020-09-11 04:15:00,106.2118118086025,2020-09-11 05:15:00,106.14015352748231,106.14131435964194,106.3113712807161,stop,4,-5589.345927375064,-1014.0000000000001,-90.54490845045012,0.0,-5589.345927375064,-72.39507123767517,-1.0164663002242305,1.0186440738114293,0.0,break_up
USDJPY.a,15m,1,0.8,2020-09-11 11:00:00,106.24474578824196,2020-09-11 11:30:00,106.17470839234899,106.17582419499865,106.34135161000268,stop,2,-5602.991671437394,-1040.0,-89.26421197326061,0.0,-5602.991671437394,-72.30741967189873,-1.0161894494476578,1.0990138892257872,0.09074386507533998,break_up
USDJPY.a,15m,-1,0.87,2020-09-11 16:45:00,106.10726152936168,2020-09-11 17:45:00,106.18438068628726,106.17026981321739,105.98346037356524,stop,4,-6709.366652525133,-1131.0,-96.64595707774124,0.0,-6709.366652525133,-86.83807590839632,-1.223952664735037,1.6940386899404294,0.3374402231041618,break_dn
USDJPY.a,15m,-1,1.21,2020-09-11 21:00:00,106.11231578487867,2020-09-14 03:15:00,106.17129391467988,106.15741408792854,106.02417182414291,stop,25,-7136.3537059457085,-1573.0000000000002,-106.4590369104898,-1899.6999999999996,-9036.053705945707,-117.09955479022572,-1.6558966690748027,1.0129918873180137,1.248734011486066,break_dn
USDJPY.a,15m,-1,0.9,2020-09-14 06:15:00,106.0794188833373,2020-09-14 10:15:00,105.97784509398166,106.13907745300918,105.96484509398165,target,16,9141.64104200765,-1170.0,-0.0,0.0,9141.64104200765,118.46879830444264,1.7025850588488722,0.5796504484251142,1.968181335608442,break_dn
USDJPY.a,15m,-1,0.46,2020-09-14 16:15:00,105.87600543704718,2020-09-14 16:45:00,105.65558552815826,105.99420723592087,105.64258552815825,target,2,10139.3158088907,-598.0,-0.0,0.0,10139.3158088907,131.60360019698652,1.8647762638915362,0.03379443452532169,2.0896927068862894,break_dn
USDJPY.a,15m,-1,0.77,2020-09-14 23:15:00,105.69125407230864,2020-09-15 11:30:00,105.77695114256326,105.76264785470904,105.55070429058189,stop,49,-6598.674409606119,-1001.0000000000001,-100.35316477393093,-1208.8999999999999,-7807.574409606119,-100.90123289508516,-1.42025071155283,1.4111302735907472,1.2081454351988945,break_dn
USDJPY.a,15m,-1,0.48,2020-09-15 14:00:00,105.59995133073843,2020-09-15 16:00:00,105.38984587439552,105.71307706280224,105.37684587439551,target,8,10085.061904459963,-624.0,-0.0,0.0,10085.061904459963,130.7050491050537,1.8572737829834218,0.06230827534082916,2.1918207839625494,break_dn
USDJPY.a,15m,-1,1.06,2020-09-16 02:30:00,105.37535326515834,2020-09-16 02:45:00,105.44079323170322,105.42677242245946,105.27445515508109,stop,1,-6936.636453757956,-1378.0000000000002,-108.20577983805302,0.0,-6936.636453757956,-90.21132190945171,-1.2726767605631946,1.043321937920768,0.16245433797008352,break_dn
USDJPY.a,15m,-1,0.68,2020-09-16 03:15:00,105.30910055523063,2020-09-16 08:45:00,105.4029934292519,105.38878933373528,105.15242133252946,stop,22,-6384.715433445991,-884.0000000000001,-81.87849512928076,0.0,-6384.715433445991,-82.88619713314978,-1.1782446133967264,1.1030341588715882,0.7165444909825509,break_dn
USDJPY.a,15m,-1,0.77,2020-09-16 13:30:00,105.112966473572,2020-09-16 15:30:00,104.98872435841085,105.18313782079458,104.97572435841084,target,8,9566.642867408733,-1001.0000000000001,-0.0,0.0,9566.642867408733,124.48312647348513,1.7705533679873167,0.4992568593113737,3.690487411486644,break_dn
USDJPY.a,15m,1,0.3,2020-09-17 05:00:00,105.15340276128032,2020-09-17 08:45:00,104.97222780290294,104.97376110222345,105.46947779555309,stop,15,-5435.248751321496,-390.00000000000006,-45.99897961547865,0.0,-5435.248751321496,-71.13786144849763,-1.0085353215315613,1.0098034177189223,0.0,break_up
USDJPY.a,15m,-1,0.48,2020-09-17 10:45:00,104.7165337622645,2020-09-17 11:00:00,104.84431706745674,104.82905195061086,104.49589609877829,stop,1,-6133.5986492274515,-624.0,-108.72560860216922,0.0,-6133.5986492274515,-80.25137591413956,-1.1356679935060114,1.346148920112747,0.0,break_dn
USDJPY.a,15m,-1,0.51,2020-09-17 14:30:00,104.62752106115744,2020-09-17 16:30:00,104.74824645231496,104.73283751782039,104.42132496435924,stop,8,-6156.99494903356,-663.0000000000001,-122.8556592226969,0.0,-6156.99494903356,-80.61270712598512,-1.146310794939556,1.4857976027750308,0.9639619901222789,break_dn
USDJPY.a,15m,1,0.55,2020-09-18 05:15:00,104.85004727602524,2020-09-18 09:30:00,104.75135338781647,104.75254132439353,104.99991735121291,stop,17,-5428.163851482424,-715.0000000000001,-65.33651173872738,0.0,-5428.163851482424,-70.78578813830345,-1.012183221200232,1.1491326852381158,0.22514240010376677,break_up
USDJPY.a,15m,-1,0.75,2020-09-18 10:45:00,104.58196726505882,2020-09-18 11:45:00,104.45394419466317,104.65252790266841,104.44094419466316,target,4,9601.730279674215,-975.0000000000001,-0.0,0.0,9601.730279674215,125.75317831101567,1.8143695229060524,0.6523854729867541,2.451327977162592,break_dn
USDJPY.a,15m,-1,0.53,2020-09-18 12:00:00,104.47282230013069,2020-09-18 13:00:00,104.2871397317869,104.57393013410656,104.27413973178689,target,4,9841.176122221043,-689.0000000000001,-0.0,0.0,9841.176122221043,129.0667315289338,1.836480528186374,0.4764981898515355,1.9763285620219309,break_dn
USDJPY.a,15m,-1,0.61,2020-09-21 04:15:00,104.38599348566784,2020-09-21 10:00:00,104.22524910965717,104.47437544517142,104.21224910965717,target,23,9805.406936650812,-793.0000000000001,-0.0,0.0,9805.406936650812,129.16966886334185,1.8187464604036079,0.7128888597407419,2.715412591164834,break_dn
USDJPY.a,15m,1,0.36,2020-09-21 20:15:00,104.80976860780336,2020-09-21 23:45:00,104.65980845035622,104.66158116790827,105.06183766418347,stop,14,-5398.565668097035,-468.00000000000006,-63.817831873644344,0.0,-5398.565668097035,-71.41745255027317,-1.011962670745229,1.1388860481214274,0.20400779052557572,break_up
USDJPY.a,15m,1,0.68,2020-09-22 03:15:00,104.72287328158107,2020-09-22 04:00:00,104.64219002745578,104.64375852215345,104.83948295569311,stop,3,-5486.461280519734,-884.0000000000001,-106.65763944098187,0.0,-5486.461280519734,-72.77736386427989,-1.0198255636370823,2.058696541067892,0.22911930150668136,break_up
USDJPY.a,15m,1,0.63,2020-09-22 11:00:00,104.68992819022854,2020-09-22 11:30:00,104.60384545343881,104.60546150559664,104.82007698880675,stop,2,-5423.212417753263,-819.0000000000001,-101.8112859431984,0.0,-5423.212417753263,-71.95505238319618,-1.0191324208458177,1.68028603048698,0.5454435671559325,break_up
USDJPY.a,15m,-1,0.43,2020-09-22 13:30:00,104.47290283015525,2020-09-22 15:15:00,104.6099661490213,104.59523752744931,104.22852494510137,stop,7,-5893.722711240358,-559.0,-74.33072759522769,0.0,-5893.722711240358,-78.14039782507207,-1.1203961091805863,1.226938662250142,0.5468835222964087,break_dn
USDJPY.a,15m,1,0.3,2020-09-22 16:45:00,104.8284631326615,2020-09-23 03:30:00,105.1367194509416,104.65264027452919,105.1367194509416,target,43,9247.68954840303,-390.00000000000006,-0.0,270.9,9518.58954840303,126.92132183346921,1.8045794594087592,0.5543257213357408,1.9880058318439673,break_up
USDJPY.a,15m,1,0.4,2020-09-23 03:45:00,105.1590499182653,2020-09-23 10:00:00,105.02626660181262,105.02772946313425,105.37954107373149,stop,25,-5311.332658106949,-520.0,-58.51445286491481,0.0,-5311.332658106949,-71.02323739067049,-1.0111396303048723,1.2720784290504525,0.29660331054920797,break_up
USDJPY.a,15m,1,0.49,2020-09-23 15:45:00,105.2111714958395,2020-09-23 16:30:00,105.10302806456744,105.10492092700878,105.38115814598245,stop,3,-5299.028132330676,-637.0,-92.7502596255973,0.0,-5299.028132330676,-70.90995905925955,-1.0178150805418602,1.1310197880536776,0.2619139310665507,break_up
USDJPY.a,15m,1,0.44,2020-09-23 17:30:00,105.28437517968533,2020-09-23 22:00:00,105.47598479108389,105.16700760445805,105.47598479108389,target,18,8430.822901536714,-572.0,-0.0,0.0,8430.822901536714,113.1033755032614,1.632560023733285,0.2502836036992985,1.8116146636150094,break_up
USDJPY.a,15m,1,0.54,2020-09-24 05:00:00,105.48517899244499,2020-09-24 08:15:00,105.38798471596395,105.38921144359823,105.63757711280353,stop,13,-5248.4909299758165,-702.0000000000001,-66.2432922512411,0.0,-5248.4909299758165,-70.78727055738135,-1.0127827338409394,1.0438840383945582,0.0,break_up
USDJPY.a,15m,1,0.57,2020-09-24 13:30:00,105.4471140720663,2020-09-24 15:15:00,105.35467190603649,105.35641164857968,105.58617670284066,stop,7,-5269.203463699298,-741.0,-99.16532496187277,0.0,-5269.203463699298,-71.18017295848416,-1.019180772423908,1.3904156826074952,0.9248477020692071,break_up
USDJPY.a,15m,1,0.45,2020-09-24 18:30:00,105.50631008711181,2020-09-24 19:15:00,105.39129427137918,105.39314915551802,105.68970168896398,stop,3,-5175.7117079684895,-585.0,-83.4697862475977,0.0,-5175.7117079684895,-69.56411952696035,-1.0163915594606001,1.0101550552990004,0.0,break_up
USDJPY.a,15m,1,0.52,2020-09-25 03:15:00,105.49866381401333,2020-09-25 06:45:00,105.39859940874084,105.39975843095715,105.6554831380857,stop,14,-5203.349074169524,-676.0000000000001,-60.269155248106166,0.0,-5203.349074169524,-69.92215272572791,-1.0117184947926978,1.0481109400734092,0.4684900311275942,break_up
USDJPY.a,15m,1,0.67,2020-09-25 15:15:00,105.50677305909655,2020-09-25 17:00:00,105.62070781954458,105.43064609022771,105.62070781954458,target,7,7633.62895001815,-871.0000000000001,-0.0,0.0,7633.62895001815,102.97423868761366,1.4966412316289635,0.6012725815395737,2.4988114426467636,break_up
USDJPY.a,15m,-1,0.5,2020-09-28 04:00:00,105.38995824508032,2020-09-28 04:30:00,105.50641043307022,105.49181954086541,105.1893609182692,stop,2,-5822.609399494639,-650.0000000000001,-79.5446102401563,0.0,-5822.609399494639,-78.28613166931697,-1.1432427507656389,1.0606752455578177,0.11739733907913992,break_dn
USDJPY.a,15m,-1,0.61,2020-09-28 06:00:00,105.32993064898801,2020-09-28 10:00:00,105.427956757231,105.41363299051638,105.16573401896726,stop,16,-5979.592602822422,-793.0000000000001,-80.74976959171146,0.0,-5979.592602822422,-80.58928251750146,-1.1711274314801712,1.123855668722447,0.7876798639578364,break_dn
USDJPY.a,15m,1,0.61,2020-09-29 07:45:00,105.5598019342983,2020-09-29 09:30:00,105.68697446289373,105.47551276855314,105.68697446289373,target,7,7757.52424432082,-793.0000000000001,-0.0,0.0,7757.52424432082,103.57239056523771,1.5087648272604146,0.25865642524242516,1.722618374711182,break_up
USDJPY.a,15m,1,0.42,2020-09-29 09:45:00,105.7008949295594,2020-09-29 10:30:00,105.57751971760068,105.57909690432189,105.90280619135622,stop,3,-5181.758902266097,-546.0,-66.24184229060603,0.0,-5181.758902266097,-69.13971604452993,-1.012949197806213,1.1814225171450419,0.05012454371646899,break_up
USDJPY.a,15m,1,0.57,2020-09-29 19:00:00,105.69912065187647,2020-09-30 00:00:00,105.60681110597895,105.60803908130926,105.83892183738149,stop,20,-5261.644116158706,-741.0,-69.99459382739113,514.7099999999999,-4746.934116158706,-63.03241885709105,-0.9143402488439353,1.2529499784181117,0.0755295289781668,break_up
USDJPY.a,15m,1,0.91,2020-09-30 02:45:00,105.69461509040613,2020-09-30 03:45:00,105.76743974865472,105.63778012567263,105.76743974865472,target,4,6627.043900621899,-1183.0,-0.0,0.0,6627.043900621899,87.80550395264423,1.2813355051784086,0.8201833259634537,1.8190371029286212,break_up
USDJPY.a,15m,1,0.56,2020-09-30 04:00:00,105.80588683807744,2020-09-30 04:00:00,105.71160703321941,105.71293729033557,105.95012541932886,stop,0,-5279.669072049843,-728.0000000000001,-74.49439850508776,0.0,-5279.669072049843,-69.98781192769147,-1.0143116039667053,1.0746350090356234,0.0,break_up
USDJPY.a,15m,-1,0.57,2020-09-30 07:30:00,105.5500644101249,2020-09-30 10:00:00,105.65428975109667,105.63973235749067,105.37353528501866,stop,10,-5940.844435390658,-741.0,-88.7714355414437,0.0,-5940.844435390658,-79.02506495877009,-1.1623477957693824,1.0364415892782664,1.2943801384396902,break_dn
USDJPY.a,15m,1,0.64,2020-09-30 14:45:00,105.73890268425782,2020-09-30 15:30:00,105.658192233232,105.6595123192275,105.85597536154498,stop,3,-5165.468865652656,-832.0000000000001,-84.48550371219713,0.0,-5165.468865652656,-68.51101860026326,-1.0166277859410002,1.044241127070712,0.0,break_up
USDJPY.a,15m,-1,0.77,2020-10-01 01:00:00,105.43906455677478,2020-10-01 03:00:00,105.51995644238343,105.50567771212668,105.30864457574663,stop,8,-6228.675191866103,-1001.0000000000001,-98.46222976946144,0.0,-6228.675191866103,-82.50586460339917,-1.2143530085208711,1.2300189473441585,0.5414029193521063,break_dn
USDJPY.a,15m,-1,0.55,2020-10-01 06:00:00,105.46118035806542,2020-10-01 11:00:00,105.56728893121459,105.55315554472953,105.27968891054094,stop,20,-5835.9715232044355,-715.0000000000001,-62.33625667746891,0.0,-5835.9715232044355,-77.02147342345248,-1.1536652112125678,1.1722688025448698,0.480350838827441,break_dn
USDJPY.a,15m,1,0.56,2020-10-01 16:15:00,105.65899963217728,2020-10-01 18:15:00,105.56692390291556,105.5685509618333,105.7978980763334,stop,8,-5156.240838656459,-728.0000000000001,-91.11529939270471,0.0,-5156.240838656459,-67.96326544154459,-1.017988754412264,1.1829873426590298,0.7628676857303951,break_up
USDJPY.a,15m,-1,1.09,2020-10-02 00:30:00,105.51327298350573,2020-10-02 00:30:00,105.57367644036644,105.55958591562505,105.42282816874989,stop,0,-6583.976797817599,-1417.0000000000002,-118.8671968116541,0.0,-6583.976797817599,-86.826084873722,-1.304246008546561,1.289640145011407,0.17863225512086006,break_dn
USDJPY.a,15m,1,0.95,2020-10-02 05:30:00,105.61158602922795,2020-10-02 07:45:00,105.55766493570734,105.5586021603173,105.67679567936538,stop,9,-5122.503884458353,-1235.0,-89.03633794736547,0.0,-5122.503884458353,-67.96148788547143,-1.0176888669936643,1.2755963393676633,1.026991269056132,break_up
USDJPY.a,15m,-1,0.29,2020-10-02 08:30:00,105.29166567724293,2020-10-02 08:45:00,104.97197955664274,105.46001022167864,104.95897955664273,target,1,9270.89749740567,-377.0,-0.0,0.0,9270.89749740567,123.51159139666149,1.8989989944240728,0.007926141958131011,2.077083509982533,break_dn
USDJPY.a,15m,-1,0.42,2020-10-02 12:45:00,105.08349879574496,2020-10-02 14:00:00,105.21747029924602,105.20248906384707,104.85302187230586,stop,5,-5626.803147044456,-546.0,-83.2118867554201,0.0,-5626.803147044456,-74.74151383628222,-1.1259030308772229,1.172374904940376,0.1470607304619201,break_dn
USDJPY.a,15m,1,0.44,2020-10-02 20:00:00,105.38917246484992,2020-10-05 00:00:00,105.2741304936304,105.27556507951013,105.57386984097974,stop,16,-5061.8467336591375,-572.0,-63.12177870838293,132.43999999999997,-4929.406733659138,-65.25474235546848,-0.9861328194857004,1.3746682434668978,0.051295390107304335,break_up
USDJPY.a,15m,1,0.21,2020-10-05 01:00:00,105.49918428341162,2020-10-06 01:15:00,105.7633263086427,105.2648796844293,105.92524063114139,signal,97,5546.9825298526985,-273.0,-28.295037006158395,63.20999999999999,5610.1925298526985,73.74572358956428,1.1401911289468112,0.40197368647778275,1.2625262921565659,break_up
USDJPY.a,15m,-1,0.68,2020-10-06 08:00:00,105.61937122011214,2020-10-06 09:45:00,105.70702947540639,105.6931631793335,105.47367364133302,stop,7,-5960.761360008576,-884.0000000000001,-58.90813295576291,0.0,-5960.761360008576,-78.75311693241966,-1.1879106642404795,1.038443492982651,0.0456854669223591,break_dn
USDJPY.a,15m,-1,0.78,2020-10-06 22:00:00,105.55717753650039,2020-10-06 23:30:00,105.63494137823282,105.6205685474152,105.43286290516961,stop,6,-6065.579655129853,-1014.0000000000001,-107.08080377431811,0.0,-6065.579655129853,-80.86854946820267,-1.2267329485711373,1.0068062108265083,1.3752349937681714,break_dn
USDJPY.a,15m,1,0.69,2020-10-07 03:15:00,105.66271780311784,2020-10-07 08:45:00,105.76322495115201,105.591887524424,105.76322495115201,target,22,6934.993214357618,-897.0000000000001,-0.0,0.0,6934.993214357618,92.03616916903083,1.4189856356289994,0.4478000609730479,1.5428740207915486,break_up
USDJPY.a,15m,1,0.28,2020-10-07 10:45:00,105.92989200870439,2020-10-08 11:00:00,105.98426268788893,105.75401460734388,106.23997078531224,signal,97,1522.3790171672251,-364.00000000000006,-41.28947822014221,84.27999999999999,1606.659017167225,21.159132741738937,0.32625384921924255,0.4656198469553584,1.012682640963846,break_up
USDJPY.a,15m,1,0.8,2020-10-08 18:15:00,106.04773939240182,2020-10-08 18:30:00,105.98432674614665,105.98543589984918,106.13112820030166,stop,1,-5073.011700413873,-1040.0,-88.73229620233099,0.0,-5073.011700413873,-66.88193108722562,-1.0178024322086312,1.167501040818326,0.0,break_up
USDJPY.a,15m,-1,1.05,2020-10-09 14:30:00,105.83428010736806,2020-10-09 14:45:00,105.89623816250086,105.88212402633495,105.74075194733008,stop,1,-6505.59578894459,-1365.0000000000002,-116.98429742042798,0.0,-6505.59578894459,-85.4538589033316,-1.2950037637109664,1.7080518150800028,0.0,break_dn
USDJPY.a,15m,-1,0.87,2020-10-09 16:30:00,105.83312930330352,2020-10-09 17:00:00,105.73380681095728,105.89059659452137,105.72080681095727,target,2,8641.056834123432,-1131.0,-0.0,0.0,8641.056834123432,113.15106952688016,1.7283308511921063,0.015151169961713326,2.6646340911220725,break_dn
USDJPY.a,15m,-1,0.87,2020-10-12 04:30:00,105.58214624758253,2020-10-12 07:00:00,105.48158994775781,105.6402050261211,105.4685899477578,target,10,8748.39808475039,-1131.0,-0.0,0.0,8748.39808475039,114.72999075268899,1.7319740848134069,0.8586772521292491,2.069389859842076,break_dn
USDJPY.a,15m,-1,0.79,2020-10-13 04:45:00,105.31528751164262,2020-10-13 05:15:00,105.3929040808531,105.37882629616638,105.19034740766725,stop,2,-6131.708967627674,-1027.0,-85.1449902499198,0.0,-6131.708967627674,-81.12365175924957,-1.2215620709813195,1.034210661250642,0.5238927985816322,break_dn
USDJPY.a,15m,1,0.66,2020-10-13 10:45:00,105.4767397638647,2020-10-13 16:15:00,105.58654380081364,105.40122809959317,105.58654380081364,target,22,7247.066438630299,-858.0000000000001,-0.0,0.0,7247.066438630299,95.78714734915407,1.4541334508812034,0.7778899383474361,1.6190907367062002,break_up
USDJPY.a,15m,1,0.5,2020-10-13 16:30:00,105.60487680210714,2020-10-13 20:15:00,105.50435705405101,105.50551157300947,105.76197685398104,stop,15,-5025.987402806464,-650.0000000000001,-57.725947923257344,0.0,-5025.987402806464,-66.57371576147408,-1.011618943255525,1.0957233540932787,0.23270914889280514,break_up
USDJPY.a,15m,-1,1.14,2020-10-14 03:45:00,105.44240928301505,2020-10-14 04:15:00,105.36925830914008,105.48637084542996,105.35625830914007,target,2,8339.21102174699,-1482.0,-0.0,0.0,8339.21102174699,110.48414280485778,1.6639757519211535,0.5366214413012258,2.647978748261821,break_dn
USDJPY.a,15m,-1,0.87,2020-10-14 15:00:00,105.33518725912779,2020-10-14 15:30:00,105.23760513683972,105.39319743158015,105.22460513683971,target,2,8489.644639062433,-1131.0,-0.0,0.0,8489.644639062433,112.28899003686075,1.682155355911393,0.014010316429822258,3.0027019704320357,break_dn
USDJPY.a,15m,-1,0.6,2020-10-14 17:45:00,105.1169603557099,2020-10-15 01:45:00,105.21514382864588,105.20097063536117,104.95505872927765,stop,32,-5891.00837615831,-780.0000000000001,-70.39159708201643,-941.9999999999998,-6833.00837615831,-91.02573300483192,-1.3555897374548815,1.1074792832056033,0.9636958244393189,break_dn
USDJPY.a,15m,1,0.84,2020-10-15 07:30:00,105.30067741426025,2020-10-15 08:30:00,105.23998192517612,105.2408938572625,105.38221228547498,stop,4,-5098.421083066512,-1092.0,-76.60229525549099,0.0,-5098.421083066512,-67.96802949871034,-1.0152538947526353,1.0316785644349211,0.0,break_up
USDJPY.a,15m,1,0.71,2020-10-15 09:45:00,105.32266815209702,2020-10-15 10:00:00,105.25169050052087,105.25272828379886,105.42154343240227,stop,1,-5039.413261907185,-923.0000000000001,-73.68261273803749,0.0,-5039.413261907185,-67.41913325161839,-1.014838221793177,1.2963729315373083,0.0,break_up
USDJPY.a,15m,1,0.58,2020-10-15 12:15:00,105.35085654645307,2020-10-15 13:30:00,105.26430407839852,105.2654543101905,105.48309137961897,stop,5,-5020.043147163847,-754.0,-66.71344393525673,0.0,-5020.043147163847,-67.33046882317855,-1.0134684036662187,1.1575404904989368,0.0,break_up
USDJPY.a,15m,1,0.35,2020-10-15 17:15:00,105.3659168432778,2020-10-16 06:15:00,105.22468222962728,105.22585266965734,105.60429466068533,stop,52,-4943.211477768372,-455.00000000000006,-40.96540105223711,105.34999999999998,-4837.8614777683715,-64.9581355610409,-0.9868663061910538,1.0632043828804683,0.9144605177143531,break_up
USDJPY.a,15m,-1,0.74,2020-10-16 06:30:00,105.22322401331472,2020-10-16 09:30:00,105.30261565610817,105.28860087456535,105.09479825086932,stop,12,-5874.981566715547,-962.0000000000001,-75.09383416873504,0.0,-5874.981566715547,-78.77702673034075,-1.2143691403155583,1.0519927902568433,0.5081922362004456,break_dn
USDJPY.a,15m,1,0.31,2020-10-19 00:15:00,105.40570076885605,2020-10-20 00:30:00,105.4273043134682,105.25063167698212,105.65073664603575,signal,97,669.7098829765906,-403.00000000000006,-43.13256497123321,93.30999999999999,763.0198829765906,10.246034605122949,0.15872630912264118,0.6751878636212804,0.6274572835124075,break_up
USDJPY.a,15m,1,0.5,2020-10-20 03:15:00,105.54272539163233,2020-10-20 15:15:00,105.69518374698472,105.44590812650763,105.69518374698472,target,48,7622.917767619697,-650.0000000000001,-0.0,0.0,7622.917767619697,102.59349748722622,1.5747021479694814,0.5962303475313239,1.8723376262921143,break_up
USDJPY.a,15m,-1,0.45,2020-10-21 04:00:00,105.3782314922302,2020-10-21 10:00:00,105.1753838211351,105.48730808943246,105.1623838211351,target,24,9128.145199279488,-585.0,-0.0,0.0,9128.145199279488,122.65311588755401,1.859680960884386,0.3645924862880009,2.202410951496152,break_dn
USDJPY.a,15m,-1,0.45,2020-10-21 10:15:00,105.14116907207092,2020-10-21 11:15:00,104.9397376760142,105.2496311619929,104.9267376760142,target,4,9064.412822552371,-585.0,-0.0,0.0,9064.412822552371,122.13029065759979,1.8571594572963765,0.08141948892406203,2.4448088015055136,break_dn
USDJPY.a,15m,-1,0.53,2020-10-21 13:15:00,104.82184517069228,2020-10-21 14:45:00,104.92965106732792,104.91502885461469,104.6389422907706,stop,6,-5713.712521688891,-689.0000000000001,-85.97727380081315,0.0,-5713.712521688891,-76.92671744183606,-1.1569181652596052,1.1499312411488944,0.06272740512330205,break_dn
USDJPY.a,15m,-1,0.45,2020-10-21 15:30:00,104.74275223728597,2020-10-21 16:45:00,104.54111834233515,104.85194082883243,104.52811834233515,target,5,9073.525272786754,-585.0,-0.0,0.0,9073.525272786754,122.06172311379204,1.8466571653232533,0.0389029902654507,2.012593387034184,break_dn
USDJPY.a,15m,1,0.47,2020-10-22 17:15:00,104.78515029382895,2020-10-23 05:00:00,104.67778246770801,104.67918342182101,104.95163315635797,stop,47,-5046.287827683955,-611.0,-65.84484331082858,141.46999999999997,-4904.817827683954,-65.78001707244285,-0.9848155762596793,1.1055369627232565,1.4329922483667443,break_up
USDJPY.a,15m,-1,0.91,2020-10-23 07:45:00,104.69024101563977,2020-10-23 09:45:00,104.75889584106626,104.74486059894906,104.58327880210189,stop,8,-6247.589113810776,-1183.0,-94.20703266537662,0.0,-6247.589113810776,-83.869445140021,-1.256963551657405,1.570114218459077,0.0227210748341003,break_dn
USDJPY.a,15m,-1,0.67,2020-10-23 11:00:00,104.68212678277476,2020-10-23 14:15:00,104.77004362667198,104.75567717221317,104.54064565557366,stop,13,-5890.428541113651,-871.0000000000001,-91.55244873974937,0.0,-5890.428541113651,-78.70062352998691,-1.1953280542564564,1.2899077482749162,1.8372000992315072,break_dn
USDJPY.a,15m,1,0.52,2020-10-23 17:15:00,104.83213502813997,2020-10-23 20:15:00,104.73676562323435,104.73809704246354,104.97780591507292,stop,12,-4959.209055092515,-676.0000000000001,-69.2337999178086,0.0,-4959.209055092515,-66.44523425150757,-1.014158312937176,1.1180059566749443,0.5621661446676283,break_up
USDJPY.a,15m,-1,1.01,2020-10-23 23:15:00,104.69035331504284,2020-10-26 01:45:00,104.75305747921013,104.73912109283482,104.59475781433036,stop,10,-6333.120580895894,-1313.0000000000002,-94.57502390546965,-1585.6999999999998,-7918.820580895894,-106.27694745361306,-1.6077042612382466,1.0590329782395038,0.847963899836367,break_dn
USDJPY.a,15m,1,0.4,2020-10-26 04:45:00,104.88784667120743,2020-10-27 03:00:00,104.76609664572749,104.76701533182116,105.08796933635767,stop,89,-4870.001019197617,-520.0,-36.7474437467089,120.39999999999998,-4749.6010191976175,-63.55810928359856,-0.9826922889628402,1.149094861586942,1.3833607211638,break_up
USDJPY.a,15m,-1,0.83,2020-10-27 03:15:00,104.79938271813249,2020-10-27 06:00:00,104.6949575391107,104.85752123044466,104.6819575391107,target,11,8667.289858808444,-1079.0,-0.0,0.0,8667.289858808444,116.04031924875247,1.7961446701815749,0.6642289307327017,2.0534188678834933,break_dn
USDJPY.a,15m,-1,0.53,2020-10-27 12:45:00,104.61716460856022,2020-10-27 18:30:00,104.45039521306549,104.70830239346725,104.43739521306549,target,23,8838.777961220445,-689.0000000000001,-0.0,0.0,8838.777961220445,118.47694415406012,1.8298600922201618,0.766261671940108,2.5035127723694797,break_dn
USDJPY.a,15m,-1,0.43,2020-10-28 05:30:00,104.35304338625379,2020-10-28 14:00:00,104.13599253211302,104.4665037339435,104.12299253211302,target,34,9333.186728052922,-559.0,-0.0,0.0,9333.186728052922,126.44233444277228,1.9130106557962796,0.1758906450806425,2.115658828318209,break_dn
USDJPY.a,15m,1,0.49,2020-10-28 23:00:00,104.37285006600042,2020-10-29 10:30:00,104.27135532212121,104.27257957268164,104.53184085463671,stop,46,-4973.242450081529,-637.0,-59.98827746076535,147.48999999999998,-4825.752450081529,-65.54732322302135,-0.982190678628694,1.0955373047898984,1.307961391818602,break_up
USDJPY.a,15m,1,0.44,2020-10-29 18:00:00,104.4683325666758,2020-10-29 18:30:00,104.64727291473618,104.3573635426319,104.64727291473618,target,2,7873.375314656699,-572.0,-0.0,0.0,7873.375314656699,107.35974250989969,1.6125252033359803,0.13816978934346494,1.8263423966316794,break_up
USDJPY.a,15m,-1,0.9,2020-10-30 06:45:00,104.41826581552263,2020-10-30 08:15:00,104.32377661895465,104.47311169052267,104.31077661895465,target,6,8504.027691117955,-1170.0,-0.0,0.0,8504.027691117955,116.1207103018011,1.7228131845450034,0.26864708562613615,3.19560615128313,break_dn
USDJPY.a,15m,-1,0.42,2020-10-30 15:45:00,104.39880759057668,2020-10-30 16:00:00,104.5324835412148,104.51732554237516,104.1653489152497,stop,1,-5614.3899268010955,-546.0,-90.63595126486999,0.0,-5614.3899268010955,-76.13747359924021,-1.1278962267708963,2.2544467345979013,0.17556488498940806,break_dn
USDJPY.a,15m,1,0.23,2020-10-30 16:15:00,104.61741018975788,2020-11-02 16:30:00,104.72402444905663,104.40304953796337,104.99990092407327,signal,97,2452.1279638712913,-299.0,-44.87534339473965,69.22999999999999,2521.3579638712913,34.14869000342109,0.5114010355027327,0.874275144197298,1.551543193481969,break_up
USDJPY.a,15m,-1,0.62,2020-11-03 04:15:00,104.68517941040687,2020-11-03 09:00:00,104.54142519313774,104.76478740343114,104.52842519313774,target,19,8912.761470686291,-806.0000000000001,-0.0,0.0,8912.761470686291,120.56206598843347,1.8057761765870737,0.776562594339987,2.61505663562461,break_dn
USDJPY.a,15m,-1,0.44,2020-11-03 17:45:00,104.52769105302546,2020-11-04 01:00:00,104.65723863674285,104.6423502465196,104.3022995069608,stop,29,-5700.093683564831,-572.0,-83.08916982275683,-2072.3999999999996,-7772.4936835648305,-103.3074464917909,-1.5406316609615756,2.5406505845468192,0.8171263914416038,break_dn
USDJPY.a,15m,-1,0.38,2020-11-04 02:45:00,104.42909615637438,2020-11-04 02:45:00,104.57731061160244,104.56145484616401,104.167090307672,stop,0,-5632.149298666179,-494.00000000000006,-108.51908665993766,0.0,-5632.149298666179,-75.48957412092264,-1.1197939135211488,1.7898624110147352,0.023392165480816428,break_dn
USDJPY.a,15m,1,0.25,2020-11-04 04:30:00,104.88886561933249,2020-11-04 04:30:00,105.23516947691765,104.69191526154118,105.23516947691765,target,0,8657.59643962889,-325.00000000000006,-0.0,0.0,8657.59643962889,116.26982665898578,1.758330685299408,0.09071128142568552,2.3159865551035606,break_up
USDJPY.a,15m,1,0.16,2020-11-04 09:30:00,105.06463107223745,2020-11-04 12:15:00,104.76400874732792,104.76751369270946,105.6119726145811,stop,11,-4809.957198552411,-208.00000000000003,-56.07912610451461,0.0,-4809.957198552411,-64.62439929638536,-1.0117965007200325,1.4796545154506242,0.07192082737300433,break_up
USDJPY.a,15m,-1,0.42,2020-11-05 00:45:00,104.47466169651969,2020-11-05 02:45:00,104.25236218929996,104.59431890535002,104.23936218929995,target,8,9336.57930322869,-546.0,-0.0,0.0,9336.57930322869,124.8204068248681,1.8578028803508118,0.5794745185693371,2.1282603782007534,break_dn
USDJPY.a,15m,-1,0.5,2020-11-05 11:45:00,104.21354483625674,2020-11-05 12:45:00,104.02670423376333,104.31564788311834,104.01370423376332,target,4,9342.030124670942,-650.0000000000001,-0.0,0.0,9342.030124670942,124.33835180119526,1.8299219096436883,0.6606576964808522,2.5224010856976737,break_dn
USDJPY.a,15m,-1,0.36,2020-11-05 13:00:00,104.10197358576092,2020-11-05 13:00:00,104.26123148325479,104.24519186189615,103.8216162762077,stop,0,-5733.284309779435,-468.00000000000006,-109.4263689107586,0.0,-5733.284309779435,-76.3096861894747,-1.111994235592522,1.983171574910567,0.4117741628535311,break_dn
USDJPY.a,15m,-1,0.4,2020-11-05 21:45:00,103.52215426854508,2020-11-06 01:15:00,103.66626274520888,103.65091192829018,103.27017614341963,stop,14,-5764.339066552111,-520.0,-94.03267674758558,-628.0,-6392.339066552111,-84.95882150051604,-1.241157046347126,1.4511426491038453,0.6302869181199351,break_dn
USDJPY.a,15m,-1,0.43,2020-11-06 06:00:00,103.39040563297779,2020-11-06 07:30:00,103.52261763023036,103.50743909936097,103.16112180127806,stop,6,-5685.11588186044,-559.0,-93.67682738356596,0.0,-5685.11588186044,-75.61174929737508,-1.1296939357473699,1.0731491675296607,0.11454529539356133,break_dn
USDJPY.a,15m,-1,0.4,2020-11-06 12:00:00,103.38045110920815,2020-11-06 16:15:00,103.52292682459111,103.50667104263825,103.1356579147235,stop,17,-5699.028615318298,-520.0,-130.23127811417143,0.0,-5699.028615318298,-75.877332616374,-1.1287893402500297,1.3987401672148019,1.6198004835851538,break_dn
USDJPY.a,15m,-1,0.39,2020-11-06 21:00:00,103.24536034136074,2020-11-09 03:00:00,103.38770427484052,103.37252008057597,102.99595983884807,stop,24,-5551.413405711386,-507.00000000000006,-85.18357631733032,-612.3,-6163.713405711386,-81.89511467680572,-1.2428771437811341,1.294746746535798,0.4510888565416645,break_dn
USDJPY.a,15m,1,0.55,2020-11-09 06:30:00,103.4100628608404,2020-11-09 07:45:00,103.54792168620988,103.32003915689506,103.54792168620988,target,5,7582.235395321249,-715.0000000000001,-0.0,0.0,7582.235395321249,100.35770196184122,1.5313614006949767,0.3117274629961211,1.56555588120642,break_up
USDJPY.a,15m,1,0.55,2020-11-09 10:45:00,103.58117723203247,2020-11-09 11:45:00,103.72285196802942,103.48907401598528,103.72285196802942,target,4,7792.110479831892,-715.0000000000001,-0.0,0.0,7792.110479831892,103.34863657843579,1.5382170360300047,0.6099377898344331,1.887260569473031,break_up
USDJPY.a,15m,1,0.32,2020-11-10 11:45:00,105.26569232291055,2020-11-11 03:15:00,105.10276155230211,105.10451915097076,105.5439616980585,stop,62,-5213.784659470093,-416.00000000000006,-56.24315739690153,288.9599999999999,-4924.824659470093,-64.27027995841985,-0.954878338349822,1.2886283766142517,1.3731049307145935,break_up
USDJPY.a,15m,-1,0.43,2020-11-11 03:30:00,105.06980910558607,2020-11-11 07:15:00,105.20305841470457,105.18863838699433,104.83572322601134,stop,15,-5729.720292095379,-559.0,-61.06119153999561,0.0,-5729.720292095379,-74.51094573315112,-1.1213507945125272,1.255506156780967,0.5285658958946383,break_dn
USDJPY.a,15m,1,0.3,2020-11-11 17:15:00,105.65546896885786,2020-11-11 21:15:00,105.4856159365212,105.48710944108325,105.95178111783349,stop,16,-5095.5909700998345,-390.00000000000006,-44.80513686139637,0.0,-5095.5909700998345,-66.42435305083099,-1.0088709239197224,1.0303483928161714,0.12788721509702963,break_up
USDJPY.a,15m,-1,0.85,2020-11-12 01:15:00,105.41017114265489,2020-11-12 02:15:00,105.4842276344341,105.46996411345455,105.2930717730909,stop,4,-6294.801801233448,-1105.0,-107.39928326189526,0.0,-6294.801801233448,-82.00283403518164,-1.2385484579340347,1.1009464233792772,0.2537278621884165,break_dn
USDJPY.a,15m,-1,0.67,2020-11-12 03:00:00,105.40091067891349,2020-11-12 03:00:00,105.26603978042714,105.47648010978644,105.25303978042713,target,0,9036.35019858578,-871.0000000000001,-0.0,0.0,9036.35019858578,117.86514852637555,1.7847282549092083,0.040880565736957676,2.1425419914264627,break_dn
USDJPY.a,15m,-1,0.35,2020-11-12 03:15:00,105.29991991613396,2020-11-13 02:30:00,105.03052088280201,105.442739558599,105.017520882802,target,93,9428.966166618266,-455.00000000000006,-0.0,-549.4999999999999,8879.466166618266,117.04309891333521,1.7763595325765353,0.8197757804547094,2.0929888282497293,break_dn
USDJPY.a,15m,-1,0.49,2020-11-13 02:45:00,105.00098273918408,2020-11-13 10:15:00,105.11926855080186,105.1048271247613,104.79334575047741,stop,30,-5796.004769271278,-637.0,-70.62987598721969,0.0,-5796.004769271278,-76.19875369535751,-1.1390679521120948,1.1846308313359715,1.386524060821918,break_dn
USDJPY.a,15m,-1,0.55,2020-11-13 14:30:00,104.88802042836714,2020-11-13 15:30:00,104.71935117163493,104.98032441418253,104.70635117163492,target,4,9276.80912027185,-715.0000000000001,-0.0,0.0,9276.80912027185,122.0979858573462,1.8273236550104694,0.45479695445464824,2.3186477428523795,break_dn
USDJPY.a,15m,-1,0.31,2020-11-13 15:45:00,104.74068466265865,2020-11-16 10:00:00,104.42811172371542,104.9054441381423,104.41511172371541,target,73,9689.761107240243,-403.00000000000006,-0.0,-486.69999999999993,9203.061107240243,120.82704010359708,1.8018565431321478,0.52388693935793,2.055630862288476,break_dn
USDJPY.a,15m,-1,0.79,2020-11-16 10:15:00,104.43515928090966,2020-11-16 11:45:00,104.51493357949423,104.50053190826009,104.30693618347985,stop,6,-6302.169588180817,-1027.0,-110.73202749685392,0.0,-6302.169588180817,-82.70402211152212,-1.2203012456106448,1.833194166236371,1.1038149120556524,break_dn
USDJPY.a,15m,-1,0.98,2020-11-17 00:30:00,104.57524690925119,2020-11-17 02:00:00,104.48517997064152,104.62791001467923,104.47217997064152,target,6,8826.55998374733,-1274.0,-0.0,0.0,8826.55998374733,115.34135199258542,1.7102473900392816,0.26115229318559485,2.017482797256958,break_dn
USDJPY.a,15m,-1,0.68,2020-11-17 02:15:00,104.4801846630916,2020-11-17 08:45:00,104.57045248148582,104.5564022437851,104.33019551242978,stop,26,-6138.211650806284,-884.0000000000001,-71.41616364810287,0.0,-6138.211650806284,-80.2499426643054,-1.1843437901449216,1.0340834252577946,0.7502817928788562,break_dn
USDJPY.a,15m,-1,0.9,2020-11-17 10:00:00,104.47312785190371,2020-11-17 10:15:00,104.37692969219438,104.5305351539028,104.36392969219438,target,1,8657.83437383982,-1170.0,-0.0,0.0,8657.83437383982,113.35294676174107,1.6757129556594208,0.20680554011187202,2.109972907377253,break_dn
USDJPY.a,15m,-1,0.53,2020-11-17 10:45:00,104.32097160008472,2020-11-17 15:30:00,104.13971886562089,104.41964056718956,104.12671886562089,target,19,9606.394926582752,-689.0000000000001,-0.0,0.0,9606.394926582752,126.16632659593138,1.836978127796071,0.577977064001142,2.5334368790858877,break_dn
USDJPY.a,15m,-1,0.39,2020-11-17 15:45:00,104.07667745804642,2020-11-17 16:15:00,104.22558502331877,104.2105467866594,103.8129064266812,stop,2,-5807.39504562176,-507.00000000000006,-79.49122971505766,0.0,-5807.39504562176,-76.5140541477082,-1.112335191452552,1.2200146489547006,0.03494047587209709,break_dn
USDJPY.a,15m,-1,0.71,2020-11-17 21:15:00,104.1960865552665,2020-11-18 02:30:00,104.06862902870002,104.26918548564998,104.05562902870001,target,21,9049.48438622064,-923.0000000000001,-0.0,-3344.0999999999995,5705.38438622064,75.29527680688089,1.0992982543647163,0.27241773072496456,2.162638419429368,break_dn
USDJPY.a,15m,-1,0.79,2020-11-18 08:45:00,103.9680797855236,2020-11-18 12:00:00,103.85209011008925,104.03395494495537,103.83909011008924,target,13,9163.184359313589,-1027.0,-0.0,0.0,9163.184359313589,120.46771664661526,1.7607498248939573,0.39347478928301405,2.6729314515887275,break_dn
USDJPY.a,15m,-1,0.59,2020-11-18 17:15:00,103.80466907505382,2020-11-19 01:45:00,103.90760542374065,103.89327095863986,103.63145808272027,stop,34,-6073.244572522668,-767.0000000000001,-78.73344094603098,-926.2999999999998,-6999.544572522668,-92.33085844910336,-1.3389822415188608,1.1775249094436255,1.7118041842365468,break_dn
USDJPY.a,15m,-1,0.8,2020-11-19 05:15:00,103.77511187965953,2020-11-19 07:15:00,103.8544429176651,103.84010693235975,103.6477861352805,stop,8,-6346.483040445037,-1040.0,-106.87882442788933,0.0,-6346.483040445037,-83.86797094784839,-1.2205704082043822,1.013740547982441,0.8940969696197407,break_dn
USDJPY.a,15m,1,0.36,2020-11-19 11:45:00,104.05525816624021,2020-11-19 17:15:00,103.91108957952346,103.91309489475806,104.29681021048387,stop,22,-5190.069121802821,-468.00000000000006,-72.1913484455026,0.0,-5190.069121802821,-68.71107705756256,-1.0141057195272116,1.0850774931666034,1.137718850118772,break_up
USDJPY.a,15m,-1,0.58,2020-11-19 19:30:00,103.81382154166944,2020-11-20 04:15:00,103.91717855677567,103.90277986328391,103.63944027343217,stop,35,-5994.706876161132,-754.0,-81.1242225215647,-910.5999999999998,-6905.306876161131,-91.32451634363022,-1.338346013565756,1.0811631400531208,0.9310151109682626,break_dn
USDJPY.a,15m,-1,0.67,2020-11-20 08:30:00,103.74814499110263,2020-11-20 09:15:00,103.83874954624679,103.8244389406268,103.59812211874637,stop,3,-6070.505194658296,-871.0000000000001,-87.8105765388673,0.0,-6070.505194658296,-80.23957435444117,-1.1875719596276617,1.138425909774697,0.054329224381306725,break_dn
USDJPY.a,15m,-1,0.7,2020-11-20 16:45:00,103.734075940445,2020-11-20 17:45:00,103.8220101081507,103.8075383500961,103.58992329980781,stop,4,-6155.391739399789,-910.0000000000001,-103.0230638224863,0.0,-6155.391739399789,-81.1067740112241,-1.1969954174297188,1.115183397115541,0.4366306604607416,break_dn
USDJPY.a,15m,1,0.85,2020-11-20 21:45:00,103.84867306949363,2020-11-23 00:00:00,103.7290237348327,103.78879212580398,103.93041574839204,stop_gap,9,-10170.193446179426,-1105.0,-82.98253922135453,255.84999999999994,-9914.343446179426,-130.8007577161748,-1.947853982820532,1.981816955134904,0.0,break_up
USDJPY.a,15m,1,0.79,2020-11-23 01:15:00,103.8526377176087,2020-11-23 02:15:00,103.78794005857452,103.78893697181205,103.9391260563759,stop,4,-5111.115063700283,-1027.0,-78.75614576454146,0.0,-5111.115063700283,-67.26801257367077,-1.0156499460887212,1.0618041714082957,0.1626712884081052,break_up
USDJPY.a,15m,-1,0.57,2020-11-23 03:15:00,103.74329635952074,2020-11-23 09:00:00,103.84416406404688,103.83039882300919,103.57120235398162,stop,23,-5749.459157989861,-741.0,-43.618739147955154,0.0,-5749.459157989861,-75.70171847939831,-1.158035036971304,1.2020743878632407,0.31338217574485683,break_dn
USDJPY.a,15m,-1,0.71,2020-11-23 12:30:00,103.71624133798153,2020-11-23 16:45:00,103.80090202019055,103.786101181614,103.578797636772,stop,17,-6010.908436840381,-923.0000000000001,-127.85953893409344,0.0,-6010.908436840381,-79.10467654334485,-1.2118647538693936,5.4646366520211425,0.4758289777515516,break_dn
USDJPY.a,15m,1,0.14,2020-11-23 17:00:00,104.0563248048331,2020-11-24 16:00:00,104.71093090510246,103.70903454744878,104.71093090510246,target,92,9164.485403771068,-182.00000000000003,-0.0,42.13999999999999,9206.625403771068,119.93064852511473,1.8935633415757922,0.0412473558601519,2.0319464199250348,break_up
USDJPY.a,15m,1,0.32,2020-11-24 16:45:00,104.74252133150385,2020-11-24 18:30:00,104.58244167967489,104.58473599594653,105.01152800810695,stop,7,-5122.548858526898,-416.00000000000006,-73.41812069253575,0.0,-5122.548858526898,-66.62348178571027,-1.014540744635999,1.137756755846503,0.0,break_up
USDJPY.a,15m,-1,0.78,2020-11-25 06:30:00,104.45115694464597,2020-11-25 08:15:00,104.529406770216,104.5152496972995,104.325500605401,stop,7,-6103.486394462038,-1014.0000000000001,-90.25168748668094,0.0,-6103.486394462038,-79.64341564202203,-1.220884145716683,1.3549590516651204,0.33009886094826063,break_dn
USDJPY.a,15m,-1,0.39,2020-11-25 10:15:00,104.3709793929082,2020-11-25 13:15:00,104.51210193592165,104.49761187507886,104.12077624984228,stop,12,-5503.779177524635,-507.00000000000006,-58.11237286845159,0.0,-5503.779177524635,-71.76773437791157,-1.1144260982206808,1.0267555753710846,0.2288464413825703,break_dn
USDJPY.a,15m,-1,0.67,2020-11-25 16:45:00,104.36388895384628,2020-11-25 22:30:00,104.45266185703478,104.43820672029028,104.21858655941942,stop,23,-5947.784513629415,-871.0000000000001,-97.49416188123863,0.0,-5947.784513629415,-77.30693401099552,-1.1945044561503968,1.2125101502022806,1.4517249240474106,break_dn
USDJPY.a,15m,-1,0.6,2020-11-26 05:00:00,104.26725287347627,2020-11-26 07:45:00,104.36382885791629,104.34982969499762,104.10434061000475,stop,11,-5794.559066401348,-780.0000000000001,-59.94977511922665,0.0,-5794.559066401348,-75.44685119987177,-1.1695289629795773,1.098941868333687,0.05150202439265971,break_dn
USDJPY.a,15m,-1,0.79,2020-11-26 09:45:00,104.2823124181224,2020-11-26 10:00:00,104.35849836087463,104.34436280040225,104.1602743991955,stop,1,-6018.689477426364,-1027.0,-89.70927731738823,0.0,-6018.689477426364,-78.46986241076195,-1.2278077902667996,1.1230806212169389,0.2306580168652539,break_dn
USDJPY.a,15m,-1,0.83,2020-11-26 15:15:00,104.22932702901802,2020-11-26 16:15:00,104.30217468614862,104.28824903026761,104.1135019394648,stop,4,-6046.355541839361,-1079.0,-76.82943812295923,0.0,-6046.355541839361,-78.82169597431579,-1.2363405109412944,1.131546274193354,0.0,break_dn
USDJPY.a,15m,-1,0.81,2020-11-26 19:15:00,104.22546481166805,2020-11-27 02:45:00,104.12080528689415,104.28509735655292,104.10780528689415,target,30,8477.421506685374,-1053.0,-0.0,-1271.6999999999998,7205.721506685374,94.01462330905198,1.4917948738500577,0.998367392283596,2.0033492097089507,break_dn
USDJPY.a,15m,-1,0.64,2020-11-27 03:00:00,104.11627970787768,2020-11-27 05:45:00,103.97907688303478,104.19246155848262,103.96607688303477,target,11,8780.980789945716,-832.0000000000001,-0.0,0.0,8780.980789945716,114.61857571473973,1.8009909677096494,0.24573165358509746,2.4189450166196163,break_dn
USDJPY.a,15m,-1,1.18,2020-11-27 22:00:00,104.03340730273341,2020-11-27 23:30:00,104.0892092326865,104.07542728871398,103.95114542257205,stop,6,-6584.62773446476,-1534.0000000000002,-92.26938875620066,0.0,-6584.62773446476,-85.7274272550389,-1.3279854490881882,1.0374276965904583,0.366666060777148,break_dn
USDJPY.a,15m,-1,0.42,2020-11-30 00:15:00,104.01526639676686,2020-11-30 01:30:00,104.1464699322004,104.13222647216912,103.80154705566177,stop,5,-5510.548488208769,-546.0,-52.225321313785514,0.0,-5510.548488208769,-71.53545842464139,-1.1217805305126,1.24601153626071,0.1219766379064853,break_dn
USDJPY.a,15m,1,0.53,2020-11-30 10:45:00,104.18697236352645,2020-11-30 11:00:00,104.33078314397136,104.09560842801433,104.33078314397136,target,1,7621.971363580174,-689.0000000000001,-0.0,0.0,7621.971363580174,99.19875760848964,1.5740431893482818,0.20765703031616187,1.7843762482398333,break_up
USDJPY.a,15m,1,0.37,2020-11-30 18:30:00,104.36357591808944,2020-12-01 10:30:00,104.22899269326955,104.23039979518477,104.58620040963048,stop,64,-4979.579318335993,-481.00000000000006,-52.06277086332088,111.36999999999998,-4868.209318335993,-63.428165371217986,-0.9879640730649022,1.3634269727119845,0.7390520144592094,break_up
USDJPY.a,15m,1,0.45,2020-12-01 16:30:00,104.45813617928361,2020-12-01 18:15:00,104.34787106231154,104.3500290157061,104.62594196858778,stop,7,-4961.930263743284,-585.0,-97.10790275486657,0.0,-4961.930263743284,-64.62225541299851,-1.0199612432992111,1.2037701756026618,1.1087500286735879,break_up
USDJPY.a,15m,-1,0.58,2020-12-02 01:30:00,104.26220758049311,2020-12-02 02:45:00,104.35992659327061,104.34547211577619,104.09805576844764,stop,5,-5667.702741095182,-754.0,-84.35969467621914,0.0,-5667.702741095182,-73.54822012397653,-1.1735970475939552,1.1984984863917714,0.4348499678766698,break_dn
USDJPY.a,15m,1,0.57,2020-12-02 09:00:00,104.50179724313189,2020-12-02 10:45:00,104.63183536022132,104.41608231988934,104.63183536022132,target,7,7412.172674097334,-741.0,-0.0,0.0,7412.172674097334,96.04796872152707,1.5171000821112164,0.5459637757531274,1.7873522027732793,break_up
USDJPY.a,15m,1,0.59,2020-12-02 14:15:00,104.7479738223544,2020-12-02 14:45:00,104.663805978668,104.66536150911107,104.87127698177785,stop,2,-4965.9027774976885,-767.0000000000001,-91.77629614079049,0.0,-4965.9027774976885,-64.49932718809468,-1.0188292807936365,1.173842234253479,0.04873580568722576,break_up
USDJPY.a,15m,-1,0.74,2020-12-02 23:15:00,104.45911276798432,2020-12-03 02:15:00,104.53951272730845,104.52533146048522,104.32633707902957,stop,12,-5949.596989985309,-962.0000000000001,-87.41374491878307,-1161.7999999999997,-7111.396989985309,-91.97059209243913,-1.4512512357870009,1.0856033138182224,1.0588062877166788,break_dn
USDJPY.a,15m,-1,0.8,2020-12-03 05:15:00,104.4411570818525,2020-12-03 09:45:00,104.3356468015895,104.50167659920524,104.3226468015895,target,18,8440.822421039229,-1040.0,-0.0,0.0,8440.822421039229,108.86995681889258,1.7434091492833916,0.9062021732235889,2.4480876307875747,break_dn
USDJPY.a,15m,-1,0.43,2020-12-03 14:30:00,104.14578183563705,2020-12-03 16:15:00,103.93450304529436,104.25974847735283,103.92150304529436,target,7,9084.987984735633,-559.0,-0.0,0.0,9084.987984735633,117.62322038992069,1.853865193901215,0.17740423038319234,2.454944985874065,break_dn
USDJPY.a,15m,-1,0.75,2020-12-04 02:15:00,103.81908183316887,2020-12-04 06:00:00,103.89862853258813,103.88443975244523,103.69112049510952,stop,15,-5966.002456445096,-975.0000000000001,-89.15851071711461,0.0,-5966.002456445096,-77.29846756395447,-1.2170935106257732,1.1156745446989453,1.2252812521499639,break_dn
USDJPY.a,15m,1,0.5,2020-12-04 12:45:00,104.07027740791457,2020-12-04 13:00:00,103.97176599864291,103.97365453109536,104.22069093780927,stop,1,-4925.570463583284,-650.0000000000001,-94.42662262240738,0.0,-4925.570463583284,-63.832494678017866,-1.019545396645437,1.1516673025869395,0.03852702597946124,break_up
USDJPY.a,15m,1,0.39,2020-12-04 17:15:00,104.09054663190103,2020-12-07 04:30:00,103.96445125710795,103.9659095643029,104.29918087139419,stop,45,-4917.719616930171,-507.00000000000006,-56.87398060291629,117.38999999999999,-4800.32961693017,-62.10935981812061,-0.987550310393602,1.0153209983169948,1.2392249839909417,break_up
USDJPY.a,15m,1,0.43,2020-12-07 10:15:00,104.21597640478126,2020-12-07 15:15:00,104.10336669672952,104.10494159931206,104.39611680137588,stop,20,-4842.217446224624,-559.0,-67.72081104886728,0.0,-4842.217446224624,-62.69726234065759,-1.014183864022437,1.161585362681878,0.8648062633421084,break_up
USDJPY.a,15m,-1,0.51,2020-12-07 16:45:00,103.96478021287194,2020-12-07 17:00:00,104.07380461776042,104.05901348568919,103.7799730286216,stop,1,-5560.244649312111,-663.0000000000001,-91.34773563186181,0.0,-5560.244649312111,-71.79576291019575,-1.1569629455607375,1.1484243716964584,0.14623510847038723,break_dn
USDJPY.a,15m,1,0.69,2020-12-08 09:00:00,104.11360846460433,2020-12-08 10:15:00,104.04342289883301,104.04448652130525,104.2140269573895,stop,5,-4842.804038220464,-897.0000000000001,-73.3899505837691,0.0,-4842.804038220464,-62.6677257613111,-1.015387623979672,1.3108494969865072,0.4107456191274025,break_up
USDJPY.a,15m,1,0.51,2020-12-08 15:00:00,104.15885520481379,2020-12-08 15:15:00,104.06488916800241,104.06637391756448,104.30225216487104,stop,1,-4792.267877380411,-663.0000000000001,-75.72222766561761,0.0,-4792.267877380411,-62.09697401585662,-1.0160545944615205,1.4257501029189845,0.0664436597822331,break_up
USDJPY.a,15m,1,0.81,2020-12-08 22:30:00,104.19464597989766,2020-12-09 01:30:00,104.13542118877892,104.1361932112353,104.2706135775294,stop,12,-4797.208080617708,-1053.0,-62.53381896621219,731.43,-4065.7780806177084,-52.693224894404686,-0.8587239281799306,1.0375210838679474,0.0,break_up
USDJPY.a,15m,1,1.01,2020-12-09 08:15:00,104.17548241800304,2020-12-09 09:00:00,104.22940354856917,104.12829822571543,104.22940354856917,target,3,5446.034187178526,-1313.0000000000002,-0.0,0.0,5446.034187178526,70.15906546375216,1.1427795613717753,0.7096109179733489,1.4309364794334374,break_up
USDJPY.a,15m,1,0.67,2020-12-09 09:15:00,104.22357471627927,2020-12-09 11:15:00,104.1512472897374,104.1522081590149,104.3225836819702,stop,8,-4845.9375783056375,-871.0000000000001,-64.3782415931545,0.0,-4845.9375783056375,-62.28332146749621,-1.0134638591847247,1.0869897505621022,0.3982997752774284,break_up
USDJPY.a,15m,-1,0.65,2020-12-09 15:15:00,104.09823265133413,2020-12-09 16:15:00,104.18584035557292,104.1716264666238,103.9537470667524,stop,4,-5694.5007755214765,-845.0000000000001,-78.90278169199392,0.0,-5694.5007755214765,-73.13366151870329,-1.1936660315724756,1.3593427221639032,0.12579604013894533,break_dn
USDJPY.a,15m,1,0.59,2020-12-09 18:15:00,104.27886645983557,2020-12-09 19:15:00,104.39729691640606,104.19885154179697,104.39729691640606,target,4,6987.396937659113,-767.0000000000001,-0.0,0.0,6987.396937659113,89.9861716671953,1.480104703892358,0.33576813541961575,1.5763752967113396,break_up
USDJPY.a,15m,1,0.73,2020-12-10 04:00:00,104.29180755610282,2020-12-10 04:30:00,104.38190403515283,104.2260479824236,104.38190403515283,target,2,6577.0429706502955,-949.0000000000001,-0.0,0.0,6577.0429706502955,84.2777485507375,1.3700891597851168,0.22517719130987093,1.3715484886981122,break_up
USDJPY.a,15m,1,0.54,2020-12-10 05:15:00,104.4878886755297,2020-12-10 06:00:00,104.39804201396004,104.39933842074142,104.62332315851718,stop,3,-4851.719724761978,-702.0000000000001,-70.00596619464056,0.0,-4851.719724761978,-62.14072513457552,-1.014640350662772,1.0377008598043695,0.1593595016076521,break_up
USDJPY.a,15m,1,0.55,2020-12-10 10:15:00,104.57174691458204,2020-12-10 11:30:00,104.48416948877627,104.48539889994768,104.70320220010466,stop,5,-4816.758419316898,-715.0000000000001,-67.61761442776812,0.0,-4816.758419316898,-61.58954117988828,-1.0142378626377737,1.1551732255156875,0.08399828819077358,break_up
USDJPY.a,15m,-1,0.44,2020-12-10 22:00:00,104.18906145821803,2020-12-11 02:45:00,103.988374019997,104.2973129900015,103.97537401999699,target,19,8830.24728172569,-572.0,-0.0,-690.8,8139.447281725689,103.88899620691663,1.70886670306953,0.7846405531874348,1.9774450734445408,break_dn
USDJPY.a,15m,-1,0.49,2020-12-11 12:00:00,104.0300174920085,2020-12-11 13:30:00,104.14304712961155,104.12850427646575,103.83599144706852,stop,6,-5538.452242549383,-637.0,-75.59980414387176,0.0,-5538.452242549383,-70.6649317764823,-1.1476629907854345,1.1065698671358695,0.8327766254172351,break_dn
USDJPY.a,15m,-1,0.61,2020-12-11 17:15:00,103.91893972244631,2020-12-11 20:30:00,104.01135239662857,103.99694645204822,103.76610709590356,stop,13,-5637.173125117627,-793.0000000000001,-85.76261940040575,0.0,-5637.173125117627,-71.92389571732134,-1.184675663931355,1.2442551822005667,1.217070923634623,break_dn
USDJPY.a,15m,1,0.55,2020-12-14 07:00:00,104.06576654363745,2020-12-14 08:45:00,103.97800442084984,103.97895225021436,104.1980954995713,stop,7,-4826.9167533185,-715.0000000000001,-52.13061504838203,0.0,-4826.9167533185,-61.44101156144723,-1.010917895281379,1.0570441803888686,0.0,break_up
USDJPY.a,15m,-1,0.89,2020-12-14 10:30:00,103.90023145174264,2020-12-14 11:15:00,103.8088401021986,103.9535799489007,103.7958401021986,target,3,8133.830109419535,-1157.0,-0.0,0.0,8133.830109419535,103.71225773961507,1.713100732215113,0.8391716850938966,2.066252239797004,break_dn
USDJPY.a,15m,-1,0.47,2020-12-14 14:45:00,103.64088982989368,2020-12-14 15:00:00,103.75645411152809,103.74177494602286,103.44245010795427,stop,1,-5431.521236817062,-611.0,-78.92077874518063,0.0,-5431.521236817062,-69.22398856578727,-1.1455037776477603,1.1310902389228934,0.05838155438245022,break_dn
USDJPY.a,15m,-1,0.39,2020-12-14 16:00:00,103.55975372733593,2020-12-14 16:45:00,103.69781143899155,103.68270235314445,103.31759529371112,stop,3,-5384.250754569166,-507.00000000000006,-82.25434803700419,0.0,-5384.250754569166,-68.62183853625342,-1.1228894243245289,1.5473639612724122,0.3965373912504278,break_dn
USDJPY.a,15m,1,0.49,2020-12-15 03:00:00,104.117893829389,2020-12-15 12:00:00,104.02014043439537,104.02139383445122,104.26921233109756,stop,36,-4789.916354687946,-637.0,-61.41660273612606,0.0,-4789.916354687946,-61.22950833443504,-1.0129886022963284,1.2320604728078919,0.3534318383434624,break_up
USDJPY.a,15m,-1,0.75,2020-12-15 13:30:00,103.95116220787044,2020-12-15 15:30:00,103.84142922365359,104.0137853881732,103.82842922365359,target,8,8229.97381626358,-975.0000000000001,-0.0,0.0,8229.97381626358,105.23420712928194,1.752274216772773,0.4285600316017534,2.940799349060077,break_dn
USDJPY.a,15m,-1,0.86,2020-12-15 22:15:00,103.67419699186398,2020-12-16 05:30:00,103.57959018741947,103.72920490629026,103.56659018741946,target,29,8136.185182227849,-1118.0,-0.0,-4050.5999999999995,4085.585182227849,52.2423169822167,0.8636358047744891,0.8871997537994338,2.548669465588479,break_dn
USDJPY.a,15m,-1,0.45,2020-12-16 05:45:00,103.53323081418631,2020-12-16 10:30:00,103.33769665596161,103.63865167201921,103.3246966559616,target,19,8799.037120111634,-585.0,-0.0,0.0,8799.037120111634,112.40320380287449,1.8547957419834822,0.6523299774575861,1.9847193286737035,break_dn
USDJPY.a,15m,1,0.44,2020-12-16 19:15:00,103.6493098065894,2020-12-16 21:15:00,103.82670379947801,103.539148100261,103.82670379947801,target,8,7805.3356870988755,-572.0,-0.0,0.0,7805.3356870988755,99.60434012350032,1.6103054210125383,0.3659148712642474,2.4481301388581906,break_up
USDJPY.a,15m,-1,0.58,2020-12-17 03:15:00,103.38474897665749,2020-12-17 08:45:00,103.2332761340021,103.46886193299895,103.22027613400209,target,22,8785.424874012875,-754.0,-0.0,0.0,8785.424874012875,111.98065705661845,1.8008265223789046,0.49042412889462916,2.0537736892306167,break_dn
USDJPY.a,15m,-1,0.43,2020-12-17 12:00:00,103.06983791867279,2020-12-18 02:15:00,103.19668040494406,103.18243368318662,102.84813263362676,stop,57,-5454.226909664697,-559.0,-53.60903556991958,-675.0999999999999,-6129.326909664696,-77.9882771391797,-1.2659666807783636,1.164893563213003,1.7481822653161354,break_dn
USDJPY.a,15m,1,0.43,2020-12-18 05:00:00,103.3860157159084,2020-12-18 10:00:00,103.57219909684683,103.27190045157658,103.57219909684683,target,20,8005.8853803525235,-559.0,-0.0,0.0,8005.8853803525235,101.76012972281993,1.6315379193887847,0.6924202153941654,1.831343819911171,break_up
USDJPY.a,15m,1,0.28,2020-12-18 10:15:00,103.57817977213416,2020-12-18 13:00:00,103.40431899083757,103.40617412361802,103.87965175276395,stop,11,-4868.101876304707,-364.00000000000006,-51.943717852514105,0.0,-4868.101876304707,-61.88182694527441,-1.0107853015087154,1.2451903410256424,0.10360257363389672,break_up
USDJPY.a,15m,-1,0.84,2020-12-18 23:30:00,103.30422549909146,2020-12-21 00:00:00,103.50259681622612,103.36288863159915,103.18922273680172,stop_gap,2,-16663.190639311266,-1092.0,-134.13256299332886,-1318.7999999999997,-17981.990639311265,-228.84889702627476,-3.649162736180139,4.343008803274251,0.24249470635731363,break_dn
USDJPY.a,15m,-1,0.6,2020-12-21 04:15:00,103.28786330494948,2020-12-21 04:30:00,103.3824431822758,103.36772278559829,103.13155442880343,stop,1,-5674.79263957864,-780.0000000000001,-103.22380064994049,0.0,-5674.79263957864,-72.55056040229185,-1.1843287303888033,1.354087131195663,0.0,break_dn
USDJPY.a,15m,1,0.32,2020-12-21 07:30:00,103.509083792972,2020-12-21 12:00:00,103.75698190048143,103.36250904975928,103.75698190048143,target,18,7932.739440301702,-416.00000000000006,-0.0,0.0,7932.739440301702,102.06737414790926,1.691274376989034,0.7032848273347809,1.964296172159323,break_up
USDJPY.a,15m,1,0.35,2020-12-21 12:15:00,103.8083222284119,2020-12-21 13:30:00,103.67065220532729,103.67285847012879,104.03628305974242,stop,5,-4818.450807961341,-455.00000000000006,-77.21926805276073,0.0,-4818.450807961341,-61.902094787673875,-1.0162867532206654,1.021101364416684,0.6177133474565185,break_up
USDJPY.a,15m,-1,0.48,2020-12-21 19:00:00,103.43467247557106,2020-12-22 16:30:00,103.54746125214466,103.53299958620774,103.24200082758455,stop,86,-5413.861275532554,-624.0,-70.15996497160022,-753.5999999999999,-6167.461275532554,-79.0481886145092,-1.3067482176748797,1.3457888020109756,1.5730399741185028,break_dn
USDJPY.a,15m,1,0.53,2020-12-22 21:15:00,103.70396152294123,2020-12-22 23:00:00,103.6141732432469,103.61550041305472,103.83899917389056,stop,7,-4758.778823799603,-689.0000000000001,-70.33999981448385,0.0,-4758.778823799603,-61.05609724049583,-1.0150028618171925,1.050874481006263,0.20391420684082356,break_up
USDJPY.a,15m,-1,0.66,2020-12-23 05:30:00,103.47623220960554,2020-12-23 15:00:00,103.56218159318098,103.54812112991733,103.33475774016534,stop,38,-5672.65931597899,-858.0000000000001,-69.99057540039658,0.0,-5672.65931597899,-72.46007985147325,-1.1955859568159393,1.067866787559238,1.6863823949467593,break_dn
USDJPY.a,15m,1,0.8,2020-12-24 10:15:00,103.61759983492918,2020-12-24 16:15:00,103.69738865253423,103.55880567373289,103.69738865253423,target,24,6383.105408403935,-1040.0,-0.0,0.0,6383.105408403935,80.9765530190326,1.357087438303063,0.5884910036162865,1.435519503187421,break_up
USDJPY.a,15m,1,0.81,2020-12-24 17:00:00,103.70971576095373,2020-12-24 17:45:00,103.64976646409468,103.65098306403017,103.78603387193965,stop,3,-4855.893045582676,-1053.0,-98.54459477518691,0.0,-4855.893045582676,-61.6744518861171,-1.0207141847593453,1.6977895819004145,0.9753381344096419,break_up
USDJPY.a,15m,-1,0.19,2020-12-28 00:15:00,103.52692761870613,2020-12-28 17:30:00,103.78939046800146,103.77499231458278,103.03401537083447,stop,69,-4986.794136611309,-247.00000000000003,-26.56491495499526,0.0,-4986.794136611309,-63.477568243132076,-1.0580419288113518,1.0201870137124072,0.49554660840273096,break_dn
USDJPY.a,15m,-1,0.84,2020-12-29 10:45:00,103.60522736232197,2020-12-29 11:00:00,103.67532966792658,103.66112920830362,103.49874158339276,stop,1,-5888.593670786975,-1092.0,-100.83860832829181,0.0,-5888.593670786975,-74.75458993649491,-1.2540248783129,1.4806780746596766,0.03984416404971152,break_dn
USDJPY.a,15m,-1,0.46,2020-12-29 16:45:00,103.56715048330045,2020-12-30 03:45:00,103.37953933451287,103.66873033274356,103.36653933451286,target,44,8630.11284422876,-598.0,-0.0,-2166.6,6463.5128442287605,81.93431894259572,1.3832580926030218,0.6679426783119112,2.2853989701025212,break_dn
USDJPY.a,15m,-1,0.71,2020-12-30 11:30:00,103.23816936343356,2020-12-30 14:00:00,103.12341560958633,103.30479219520683,103.11041560958633,target,10,8147.516523152974,-923.0000000000001,-0.0,0.0,8147.516523152974,103.1041336151948,1.7224388515599005,0.4327440878609666,2.644279126907841,break_dn
USDJPY.a,15m,-1,0.63,2020-12-30 14:15:00,103.06614549342257,2020-12-30 16:30:00,103.1566254257095,103.14193496955365,102.91713006089269,stop,9,-5700.235734077182,-819.0000000000001,-106.49873781895329,0.0,-5700.235734077182,-72.10237859741639,-1.19383240135417,1.3043302530086087,1.387336326757551,break_dn
USDJPY.a,15m,-1,0.67,2020-12-30 22:00:00,103.26008646740354,2020-12-31 00:00:00,103.13491016482536,103.33054491758732,103.12191016482535,target,8,8386.812272738242,-871.0000000000001,-0.0,-1051.8999999999999,7334.912272738242,92.48475592622269,1.5537710848398287,0.4955194516115041,2.513346049219669,break_dn
USDJPY.a,15m,-1,0.66,2020-12-31 02:00:00,103.1271461000367,2020-12-31 02:15:00,103.21430113620829,103.20000891840225,102.98098216319549,stop,1,-5752.23238732525,-858.0000000000001,-85.28637519855688,0.0,-5752.23238732525,-72.41990684501194,-1.196152415273603,1.1233973897722174,0.07062724380052414,break_dn
USDJPY.a,15m,-1,0.85,2020-12-31 04:30:00,103.09518757975142,2020-12-31 04:45:00,103.1654242540758,103.15110409730099,102.98579180539804,stop,1,-5970.117317572061,-1105.0,-112.21332585831266,0.0,-5970.117317572061,-75.19809562204752,-1.2560988667100415,2.017515131348822,0.03912224593533154,break_dn
USDJPY.a,15m,-1,1.17,2020-12-31 09:45:00,103.11737552894374,2020-12-31 10:15:00,103.17206142201135,103.15802921072175,103.03494157855651,stop,2,-6398.249488910807,-1521.0000000000002,-120.76872088355654,0.0,-6398.249488910807,-80.49198866322078,-1.3451645872131777,1.5896339084155844,0.5503936658411922,break_dn
USDJPY.a,15m,-1,0.3,2020-12-31 12:00:00,103.01505048333793,2020-12-31 17:30:00,103.18711751945594,103.17265185872701,102.69969628254599,stop,22,-5162.011083540249,-390.00000000000006,-43.96982186770879,0.0,-5162.011083540249,-64.78247565664837,-1.091786386338435,1.122766322471613,0.1208776464729716,break_dn
USDJPY.a,15m,1,0.74,2020-12-31 23:30:00,103.28969133203988,2021-01-04 00:00:00,103.09361054759127,103.22642827477547,103.37514345044904,stop_gap,2,-14509.97804919723,-962.0000000000001,-102.81947824581529,222.73999999999995,-14287.23804919723,-179.91192873149822,-3.0518724955335816,3.0774885131802843,0.22617730756070728,break_up
USDJPY.a,15m,1,0.41,2021-01-04 01:15:00,103.27800214981505,2021-01-04 02:00:00,103.16464201425245,103.16646412238492,103.45307175523016,stop,3,-4647.765558066652,-533.0,-74.70643343122785,0.0,-4647.765558066652,-58.66802951850515,-1.0163362054579455,1.4165765116657205,0.34067170686476306,break_up
USDJPY.a,15m,-1,0.45,2021-01-04 05:45:00,102.93798146612983,2021-01-04 06:30:00,103.0531435857689,103.03865189540113,102.74269620919773,stop,3,-5182.295383757989,-585.0,-67.12606654916598,0.0,-5182.295383757989,-65.32275000023508,-1.1439518086160918,1.0431914776796825,0.03954950980788488,break_dn
USDJPY.a,15m,-1,0.62,2021-01-04 10:30:00,102.82894130826533,2021-01-04 14:00:00,102.91699735610247,102.90257692737369,102.68484614525262,stop,14,-5459.474965902814,-806.0000000000001,-88.06658118417248,0.0,-5459.474965902814,-68.7571659511388,-1.1958349627992269,1.2366120206129554,1.5881078977992933,break_dn
USDJPY.a,15m,1,0.28,2021-01-04 17:30:00,103.21027772157173,2021-01-05 00:00:00,103.05097333963985,103.05242821005966,103.48314357988068,stop,26,-4460.522694092504,-364.00000000000006,-40.736371754578315,84.27999999999999,-4376.242694092504,-55.35068611806267,-0.990148024119322,1.0343885135130575,0.28332224787941707,break_up
USDJPY.a,15m,-1,0.45,2021-01-05 11:15:00,102.84390652679923,2021-01-05 17:00:00,102.95804023861346,102.94320624927187,102.64858750145626,stop,23,-5136.017031640492,-585.0,-82.52952037158693,0.0,-5136.017031640492,-64.66326973860453,-1.149386010073535,1.0382050486513799,0.4723731912962716,break_dn
USDJPY.a,15m,-1,0.4,2021-01-05 18:30:00,102.73566108535594,2021-01-06 04:45:00,102.86138795970459,102.84669855076326,102.51760289847346,stop,41,-5029.07497394574,-520.0,-67.57635765257422,-1884.0,-6913.07497394574,-86.92157478987629,-1.5564735174263828,1.209852135504562,1.2938073183582608,break_dn
USDJPY.a,15m,1,0.39,2021-01-06 15:00:00,102.94414161206801,2021-01-06 15:45:00,103.12912965127842,102.8289351743608,103.12912965127842,target,3,7214.53352920598,-507.00000000000006,-0.0,0.0,7214.53352920598,89.89693397136361,1.6057092198314231,0.4352327271452744,2.246909053727147,break_up
USDJPY.a,15m,1,0.36,2021-01-06 17:30:00,103.35059422984682,2021-01-06 19:00:00,103.22244771569945,103.22470081044645,103.55259837910711,stop,6,-4613.274509305484,-468.00000000000006,-81.11141089216976,0.0,-4613.274509305484,-57.33317999559628,-1.0178968428829402,1.037339604157556,0.7419432294243349,break_up
USDJPY.a,15m,-1,0.59,2021-01-07 02:45:00,102.96178043608413,2021-01-07 02:45:00,103.05338111525658,103.03855176938278,102.81189646123443,stop,0,-5404.440071175046,-767.0000000000001,-107.93140655419923,0.0,-5404.440071175046,-67.25591237047993,-1.193162541753943,1.3314808994943161,0.15344837165059724,break_dn
USDJPY.a,15m,1,0.42,2021-01-07 09:15:00,103.30099017970477,2021-01-07 11:00:00,103.46948224080955,103.19425887959522,103.46948224080955,target,7,7076.666566401002,-546.0,-0.0,0.0,7076.666566401002,88.13080926215055,1.5786565040606928,0.4496354832697985,1.6116155253303095,break_up
USDJPY.a,15m,1,0.33,2021-01-07 16:45:00,103.82161734522069,2021-01-08 10:00:00,104.04712158509638,103.68693920745181,104.04712158509638,target,69,7441.6399158977665,-429.00000000000006,-0.0,99.32999999999998,7540.969915897766,93.41957512448627,1.6967433888034105,0.5540420030810174,2.0150460889580164,break_up
USDJPY.a,15m,1,0.28,2021-01-08 10:15:00,104.07026268177357,2021-01-08 10:45:00,103.9089042675236,103.91087334828687,104.34325330342628,stop,2,-4518.035598999291,-364.00000000000006,-55.13426137154156,0.0,-4518.035598999291,-55.970647113444834,-1.012353905497939,1.1623279784216165,0.0,break_up
USDJPY.a,15m,-1,0.18,2021-01-08 15:45:00,103.68336581075837,2021-01-08 17:00:00,103.9502594802408,103.9344923503263,103.18601529934742,stop,5,-4804.086050683707,-234.00000000000003,-49.80833846094234,0.0,-4804.086050683707,-59.473895012758625,-1.0627855978170857,1.0736985015823173,0.3160391207354241,break_dn
USDJPY.a,15m,1,0.27,2021-01-08 19:30:00,104.01908349682398,2021-01-11 00:00:00,103.85214771516804,103.85414534096303,104.30370931807396,stop,18,-4507.266104710297,-1080.0,-53.935896464426854,81.27,-4425.996104710297,-54.920842888765016,-0.9938620981923157,1.085761483685745,0.2601975446615053,break_up
USDJPY.a,15m,1,0.35,2021-01-11 00:45:00,103.9633977244586,2021-01-11 03:15:00,104.17541910679789,103.83579044660105,104.17541910679789,target,10,7420.748381875058,-455.00000000000006,-0.0,0.0,7420.748381875058,92.42486079157119,1.6615148124699497,0.8181173222357152,1.791451705415924,break_up
USDJPY.a,15m,1,0.44,2021-01-11 15:30:00,104.29205892986644,2021-01-11 18:30:00,104.18852272074123,104.19055446999145,104.45589106001708,stop,12,-4555.593201509225,-572.0,-89.39696700978281,0.0,-4555.593201509225,-56.702509621362985,-1.0200163544806191,1.2616088989996799,1.0437085253596703,break_up
USDJPY.a,15m,1,0.59,2021-01-12 06:45:00,104.32381317976848,2021-01-12 07:45:00,104.24644752627314,104.24764631300395,104.4347073739921,stop,4,-4564.573556224744,-767.0000000000001,-70.72841711761886,0.0,-4564.573556224744,-56.82112824286697,-1.0157389529297154,1.402357538202295,0.015581843942633455,break_up
USDJPY.a,15m,-1,0.28,2021-01-12 19:00:00,104.09077167178113,2021-01-12 22:00:00,103.7910432858314,104.2489783570843,103.7780432858314,target,12,8392.394806592165,-364.00000000000006,-0.0,0.0,8392.394806592165,104.0563515811167,1.8945367913837046,0.2985229614562431,2.2234943555452453,break_dn
USDJPY.a,15m,-1,0.54,2021-01-13 02:15:00,103.67707902150535,2021-01-13 10:30:00,103.77458836830438,103.76020534479491,103.51358931041017,stop,33,-5265.504727147572,-702.0000000000001,-74.68326951063494,0.0,-5265.504727147572,-65.42537369459211,-1.1730260997995186,1.3103067017079115,1.829492939024762,break_dn
USDJPY.a,15m,1,0.54,2021-01-14 03:00:00,103.9389319767086,2021-01-14 03:00:00,103.85395675254131,103.85535471760421,104.06429056479156,stop,0,-4588.6621050339045,-702.0000000000001,-75.49011339671316,0.0,-4588.6621050339045,-57.01847496085044,-1.0167266201103908,1.004244188048419,0.0,break_up
USDJPY.a,15m,1,0.19,2021-01-14 04:30:00,104.07927640706744,2021-01-14 17:45:00,103.84635771205075,103.84829580960786,104.49540838078426,stop,53,-4425.455205317164,-247.00000000000003,-36.82385358509435,0.0,-4425.455205317164,-54.848918488937265,-1.0083907374837164,1.2177490670689863,0.5183274883229562,break_up
USDJPY.a,15m,-1,0.75,2021-01-15 07:00:00,103.76125383185345,2021-01-15 07:30:00,103.83491281665341,103.82081290019856,103.64437419960288,stop,2,-5524.423859997185,-975.0000000000001,-82.4937341131581,0.0,-5524.423859997185,-68.63257672362269,-1.2367383648977281,1.0199314702937103,0.004261850638518598,break_dn
USDJPY.a,15m,-1,0.81,2021-01-15 08:15:00,103.77028243040542,2021-01-15 09:15:00,103.67542657113323,103.82528671443339,103.66242657113322,target,4,7683.324601047118,-1053.0,-0.0,0.0,7683.324601047118,95.64587651178276,1.7245176616415325,0.41301454961284495,2.2595045568125247,break_dn
USDJPY.a,15m,-1,0.75,2021-01-15 09:30:00,103.67117555027764,2021-01-15 10:45:00,103.7454402297524,103.7310666543334,103.55386669133318,stop,5,-5569.850960607426,-975.0000000000001,-103.01815642495531,0.0,-5569.850960607426,-69.40276617792347,-1.2399951653189933,1.4497052791264953,0.3869614802235618,break_dn
USDJPY.a,15m,-1,0.66,2021-01-15 12:45:00,103.63211717347819,2021-01-15 14:00:00,103.7130913402227,103.69882439649828,103.50135120700342,stop,5,-5344.295005137724,-858.0000000000001,-83.61828581178844,0.0,-5344.295005137724,-66.64853488196033,-1.2138740465950115,1.0775868529282575,0.21162885875111898,break_dn
USDJPY.a,15m,1,0.54,2021-01-15 23:15:00,103.8998175443499,2021-01-18 00:00:00,103.80776027791359,103.81869384562555,104.0206123087489,stop_gap,3,-4971.09238756093,-702.0000000000001,-66.94499266589168,162.54,-4808.55238756093,-60.10536216525995,-1.0976726633099148,1.2550900162461613,0.16249820776648483,break_up
USDJPY.a,15m,1,0.43,2021-01-18 00:15:00,103.86082030414873,2021-01-18 03:15:00,103.75761673583006,103.75904041643444,104.01391916713109,stop,12,-4437.75343770308,-559.0,-61.21826598863235,0.0,-4437.75343770308,-55.56866167762135,-1.0139878382297514,1.2951508113152395,0.6796990781270511,break_up
USDJPY.a,15m,-1,0.85,2021-01-18 07:15:00,103.71525639471056,2021-01-18 10:00:00,103.7805272418944,103.76653479031029,103.61193041937943,stop,11,-5548.022010626355,-1105.0,-84.35838464995682,0.0,-5548.022010626355,-69.70597588381888,-1.2728722578089264,1.2235875275664676,0.3170222960457514,break_dn
USDJPY.a,15m,-1,0.47,2021-01-18 17:45:00,103.66830660324484,2021-01-19 03:00:00,103.77340743490127,103.75950378132114,103.4879924373577,stop,37,-4939.739087852175,-611.0,-42.471718265551125,-737.8999999999999,-5677.639087852174,-70.97214326931491,-1.3246115088710508,1.0493021689233704,0.34328478035417637,break_dn
USDJPY.a,15m,1,0.3,2021-01-19 05:00:00,104.06501611565281,2021-01-19 15:30:00,103.92025932013809,103.9215904280598,104.3098191438804,stop,42,-4342.703865441706,-390.00000000000006,-39.933237651243374,0.0,-4342.703865441706,-54.157714865814796,-1.0092808195244065,1.4015349622950242,0.1463049241690468,break_up
USDJPY.a,15m,-1,0.79,2021-01-20 02:30:00,103.84317325662921,2021-01-20 02:45:00,103.91170442659846,103.89744360547488,103.73411278905026,stop,1,-5413.962427570567,-1027.0,-99.60486876326209,0.0,-5413.962427570567,-67.60206915704767,-1.2627737139508934,1.5814665871204874,0.3717178359510973,break_dn
USDJPY.a,15m,-1,0.67,2021-01-20 03:45:00,103.80818408020771,2021-01-20 17:00:00,103.69618940698453,103.87190529650773,103.68318940698452,target,53,7503.643105953032,-871.0000000000001,-0.0,0.0,7503.643105953032,93.56406432332706,1.7575727477621446,0.5620721303191895,3.8634554470614884,break_dn
USDJPY.a,15m,-1,0.22,2021-01-20 17:15:00,103.57981254895574,2021-01-21 17:30:00,103.49927816525681,103.77145729981893,103.19708540036213,signal,97,1771.7564413765103,-286.0,-56.239271299685946,-345.4,1426.3564413765102,17.739244447753183,0.3383050326550068,0.46016105657502343,1.3191728331563894,break_dn
USDJPY.a,15m,1,0.61,2021-01-22 04:00:00,103.59680060761526,2021-01-22 05:00:00,103.52542411476914,103.52648970101312,103.69602059797376,stop,4,-4353.966063613768,-793.0000000000001,-65.00076088321914,0.0,-4353.966063613768,-54.30251243561882,-1.0151553478041682,1.0211873389934099,0.0,break_up
USDJPY.a,15m,1,0.78,2021-01-22 07:45:00,103.5955408544836,2021-01-22 09:00:00,103.66454822406797,103.540725887966,103.66454822406797,target,5,5382.574827580811,-1014.0000000000001,-0.0,0.0,5382.574827580811,67.16008044399352,1.2589147447935825,0.4112171531906776,1.6502636280433656,break_up
USDJPY.a,15m,1,0.72,2021-01-22 14:45:00,103.74569299677495,2021-01-22 15:30:00,103.82327910159572,103.68636044920214,103.82327910159572,target,3,5586.199547095248,-936.0000000000001,-0.0,0.0,5586.199547095248,69.78316257839674,1.3076482975142805,0.2982005239745189,1.909693884052509,break_up
USDJPY.a,15m,1,0.46,2021-01-25 00:15:00,103.82374015374032,2021-01-25 06:15:00,103.72837661130572,103.72930582423999,103.96238835152003,stop,24,-4386.722951991487,-598.0,-42.74379497624814,0.0,-4386.722951991487,-54.63881955530783,-1.0098397790208655,1.1091321799447562,0.7016499890482226,break_up
USDJPY.a,15m,-1,1.02,2021-01-25 07:15:00,103.735373202995,2021-01-25 11:00:00,103.79181585062302,103.77772365811273,103.65255268377454,stop,15,-5757.1500580577895,-1326.0000000000002,-111.40363604967207,0.0,-5757.1500580577895,-71.82020743233308,-1.3327518552307442,1.1482001048117378,1.4727870768240254,break_dn
USDJPY.a,15m,1,0.54,2021-01-25 12:30:00,103.85973214351398,2021-01-25 14:45:00,103.78004714749218,103.7810348813286,103.97593023734282,stop,9,-4302.989785177033,-702.0000000000001,-53.33762716617396,0.0,-4302.989785177033,-53.68592229578019,-1.0125510571649088,1.34353013787066,0.0,break_up
USDJPY.a,15m,1,0.33,2021-01-25 17:00:00,103.91992524662385,2021-01-25 17:45:00,103.79026526944679,103.79177023673864,104.13145952652272,stop,3,-4278.779246842845,-429.00000000000006,-49.66392063112586,0.0,-4278.779246842845,-53.51326066510344,-1.0117433356151966,1.1932834054699428,0.13323516100888025,break_up
USDJPY.a,15m,-1,0.79,2021-01-25 21:15:00,103.7552554664555,2021-01-26 09:45:00,103.82302204644766,103.8091207848048,103.64975843039039,stop,50,-5353.559819381189,-1027.0,-71.19966978532845,-1240.3,-6593.8598193811895,-82.79324021805786,-1.5495421274761056,1.3690540742055037,1.8240951593068513,break_dn
USDJPY.a,15m,-1,0.7,2021-01-26 15:30:00,103.6802742850793,2021-01-26 17:00:00,103.5758935333434,103.7400532333283,103.5628935333434,target,6,7306.6526215131935,-910.0000000000001,-0.0,0.0,7306.6526215131935,91.00515534990997,1.7461122149747117,0.14596635063471047,2.0621688519149726,break_dn
USDJPY.a,15m,-1,1.01,2021-01-26 22:15:00,103.62951306218457,2021-01-27 02:45:00,103.68554243837447,103.67169115997821,103.54661768004357,stop,18,-5658.966995179653,-1313.0000000000002,-85.97911802124888,-4757.099999999999,-10416.066995179652,-129.5965388390704,-2.445093107196822,1.1969941855237183,1.0316506542676853,break_dn
USDJPY.a,15m,1,0.73,2021-01-27 05:30:00,103.75157450169142,2021-01-27 07:30:00,103.69323597067876,103.69401913969256,103.82296172061487,stop,8,-4258.712763924606,-949.0000000000001,-57.17133800726665,0.0,-4258.712763924606,-53.039378056427886,-1.013607229397948,1.1914528778876816,0.007392852616952655,break_up
USDJPY.a,15m,1,0.68,2021-01-27 13:30:00,103.81872759207718,2021-01-27 15:00:00,103.90004837754105,103.75747581122948,103.90004837754105,target,6,5529.813411543387,-884.0000000000001,-0.0,0.0,5529.813411543387,69.17516990345739,1.3276476918455111,0.3710519394315492,1.5227705485779441,break_up
USDJPY.a,15m,1,0.48,2021-01-27 15:15:00,103.91580100392834,2021-01-27 16:30:00,104.04767584326068,103.82916207836966,104.04767584326068,target,5,6329.9922879523365,-624.0,-0.0,0.0,6329.9922879523365,79.35525062476073,1.522119976465216,0.2516305896887796,2.818582923287552,break_up
USDJPY.a,15m,1,0.43,2021-01-27 22:30:00,104.20305272358277,2021-01-27 23:15:00,104.10418070252203,104.10573550593567,104.35552898812864,stop,3,-4251.49690561193,-559.0,-66.85654678663074,0.0,-4251.49690561193,-53.2899027760699,-1.0159766529626673,1.254173994424746,0.0,break_up
USDJPY.a,15m,1,0.41,2021-01-28 01:30:00,104.1379104587379,2021-01-28 02:15:00,104.29989555638971,104.03605222180514,104.29989555638971,target,3,6641.389003724129,-533.0,-0.0,0.0,6641.389003724129,83.53865965514507,1.590299444891466,0.23474251526347772,1.6404126587463437,break_up
USDJPY.a,15m,1,0.58,2021-01-28 15:00:00,104.37789041989909,2021-01-28 15:45:00,104.30353580842753,104.30523112139305,104.48153775721391,stop,3,-4312.567465350639,-754.0,-98.32815200052508,0.0,-4312.567465350639,-54.1340772864086,-1.0233323607629188,1.3197267503363252,1.185114388267219,break_up
USDJPY.a,15m,-1,0.61,2021-01-28 21:45:00,104.18107360368889,2021-01-28 22:30:00,104.26398876450763,104.249747835556,104.04650432888802,stop,3,-5057.824809943327,-793.0000000000001,-75.69666604987255,0.0,-5057.824809943327,-63.101570757412645,-1.2073693227351208,1.091040908271177,0.10300229790074185,break_dn
USDJPY.a,15m,1,0.51,2021-01-29 10:30:00,104.64283206454104,2021-01-29 11:15:00,104.76424652873628,104.56137673563187,104.76424652873628,target,3,6192.137673957248,-663.0000000000001,-0.0,0.0,6192.137673957248,77.23174847184144,1.4905650228314131,0.2066416619568691,1.536645142008225,break_up
USDJPY.a,15m,1,0.24,2021-01-29 11:30:00,104.78111610410653,2021-02-01 11:45:00,104.8640591039064,104.6072509876705,105.086498024659,signal,97,1990.6319951968496,-312.0,-45.16301249258504,72.23999999999998,2062.8719951968496,25.749631943862536,0.49436598647142443,0.9899404068777584,0.9138342362766148,break_up
USDJPY.a,15m,1,0.47,2021-02-01 12:45:00,104.94195242017204,2021-02-01 14:00:00,104.85180915026969,104.85320534737954,105.0775893052409,stop,5,-4236.733685410726,-611.0,-65.62126416288491,0.0,-4236.733685410726,-52.942211592661366,-1.0157323173139436,1.103725645138424,0.11321590123256131,break_up
USDJPY.a,15m,1,0.51,2021-02-01 15:30:00,104.98705536650826,2021-02-01 15:45:00,104.902464297918,104.90406284412592,105.11087431174816,stop,1,-4314.14449810309,-663.0000000000001,-81.52585660388623,0.0,-4314.14449810309,-53.914937789506304,-1.0192613281537748,1.2537920709155779,0.0,break_up
USDJPY.a,15m,1,0.48,2021-02-01 19:15:00,105.00499999396561,2021-02-01 21:30:00,104.91612036300873,104.9173244793739,105.13835104125219,stop,9,-4266.222285930325,-624.0,-57.797585528330686,0.0,-4266.222285930325,-53.19997000194692,-1.0137337815555505,1.1861919995557182,0.3421708577827021,break_up
USDJPY.a,15m,1,0.56,2021-02-02 00:30:00,104.95169504590451,2021-02-02 01:45:00,104.87712350552556,104.87810522052627,105.05478955894746,stop,5,-4176.00626122146,-728.0000000000001,-54.976040039150206,0.0,-4176.00626122146,-52.160549774875925,-1.0133403632317268,1.0014298243775472,0.0,break_up
USDJPY.a,15m,1,0.67,2021-02-02 06:45:00,104.97366360714267,2021-02-02 10:30:00,104.91079090323555,104.91209459362372,105.05581081275254,stop,15,-4212.471161776904,-871.0000000000001,-87.34725600699029,0.0,-4212.471161776904,-52.6381494130961,-1.0211744563321383,1.976052565877514,0.8987701717893785,break_up
USDJPY.a,15m,1,0.58,2021-02-02 14:45:00,105.05083133907031,2021-02-02 15:45:00,104.9794120026443,104.98070328082996,105.1495934383401,stop,4,-4142.32151270906,-754.0,-74.89413476825125,0.0,-4142.32151270906,-51.899629755943835,-1.01841314615094,1.0242881504592598,0.18778020182086036,break_up
USDJPY.a,15m,1,0.32,2021-02-02 16:45:00,105.13499219537451,2021-02-02 23:45:00,105.0083496416702,105.0094674976965,105.341065004607,stop,28,-4052.5617185380725,-416.00000000000006,-35.77139284195287,0.0,-4052.5617185380725,-50.741512086848935,-1.008905466788531,1.4418851327473214,0.3027914452579815,break_up
USDJPY.a,15m,1,0.65,2021-02-03 09:30:00,105.0816614336396,2021-02-03 10:15:00,105.01763251006247,105.01873494977066,105.16953010045869,stop,3,-4161.88003251321,-845.0000000000001,-71.65858103281,0.0,-4161.88003251321,-52.02934980606707,-1.0175194868743551,1.0434626186384681,0.2437537490946733,break_up
USDJPY.a,15m,1,0.69,2021-02-04 05:30:00,105.10956533182103,2021-02-04 07:30:00,105.18721296534105,105.05039351732948,105.18721296534105,target,8,5357.68671288109,-897.0000000000001,-0.0,0.0,5357.68671288109,66.80349991628513,1.3122401972497497,0.5165522146596145,1.376240848429655,break_up
USDJPY.a,15m,1,0.43,2021-02-04 09:15:00,105.25568791012608,2021-02-04 10:00:00,105.15982672070709,105.16097308288656,105.4040538342269,stop,3,-4122.0311450168765,-559.0,-49.293573717269275,0.0,-4122.0311450168765,-51.33089807981348,-1.0121033022271144,1.1792019621555891,0.024411065735924446,break_up
USDJPY.a,15m,1,0.67,2021-02-04 22:00:00,105.53870453442572,2021-02-05 01:00:00,105.61859963498543,105.4782001825073,105.61859963498543,target,12,5352.971737500597,-871.0000000000001,-0.0,201.67,5554.641737500597,69.22611222459257,1.3702336762731921,0.623170618810185,1.6576570510085022,break_up
USDJPY.a,15m,1,0.59,2021-02-05 02:15:00,105.64086016618741,2021-02-05 02:15:00,105.56958732698897,105.57087757627008,105.73624484745986,stop,0,-4205.097512708122,-767.0000000000001,-76.12470758539779,0.0,-4205.097512708122,-52.44251888545967,-1.0184367180842602,1.7412926033654226,0.0,break_up
USDJPY.a,15m,1,0.42,2021-02-05 14:15:00,105.69800308943235,2021-02-05 15:30:00,105.59835283212433,105.60027950106605,105.85144099786788,stop,5,-4185.31080693657,-546.0,-80.9200955520509,0.0,-4185.31080693657,-51.94091865132255,-1.0197154952445986,2.0977851188184893,0.7162744608321875,break_up
USDJPY.a,15m,-1,0.37,2021-02-05 19:15:00,105.39747359590918,2021-02-08 02:45:00,105.52156224590128,105.5070820151467,105.18283596970662,stop,30,-4591.28004970782,-481.00000000000006,-54.768537919358764,-580.8999999999999,-5172.180049707819,-63.90817139263498,-1.275345917444412,1.35506382743263,0.8619191533495068,break_dn
USDJPY.a,15m,1,0.41,2021-02-08 10:30:00,105.5848453487577,2021-02-08 15:45:00,105.48531658517885,105.4866820030082,105.74263599398361,stop,21,-4080.6793067326767,-533.0,-55.98213100347174,0.0,-4080.6793067326767,-50.42280371965727,-1.013909650480254,1.4246188094950727,0.8878533079415409,break_up
USDJPY.a,15m,-1,0.47,2021-02-08 22:15:00,105.18324619595603,2021-02-09 04:15:00,105.02374417988112,105.26912791005945,105.01074417988112,target,24,7496.594755520774,-611.0,-0.0,-737.8999999999999,6758.694755520774,83.34095899964588,1.674419491694563,0.9170031696052476,2.0172652323566256,break_dn
USDJPY.a,15m,-1,0.48,2021-02-09 09:15:00,104.77919835586663,2021-02-09 10:15:00,104.87798160483776,104.86354629592635,104.6129074081473,stop,4,-4741.595950614283,-624.0,-68.89482774687337,0.0,-4741.595950614283,-58.56796126635506,-1.171140029041373,1.2780590024728216,0.3580212610437974,break_dn
USDJPY.a,15m,-1,0.67,2021-02-10 11:00:00,104.41605572056208,2021-02-10 11:00:00,104.49115118053666,104.47673476137977,104.29753047724046,stop,0,-5031.395818296645,-871.0000000000001,-94.90008351128915,0.0,-5031.395818296645,-62.180546576105236,-1.2375848227430282,1.268053654128947,0.0,break_dn
USDJPY.a,15m,-1,0.91,2021-02-10 23:45:00,104.61537601470972,2021-02-11 10:00:00,104.67369731377974,104.65978190024529,104.52843619950941,stop,41,-5307.238215371471,-1183.0,-83.30263163412252,-1428.6999999999998,-6735.9382153714705,-83.1247362788819,-1.6669254126398922,1.1850678047650158,1.4722376081738777,break_dn
USDJPY.a,15m,1,0.58,2021-02-11 16:15:00,104.74977851267364,2021-02-11 16:45:00,104.67997699651313,104.68118119530276,104.8456376093945,stop,2,-4048.487937309573,-754.0,-69.84352979824325,0.0,-4048.487937309573,-49.84351205486885,-1.0175546046955706,1.0755305819721857,0.5717641568153201,break_up
USDJPY.a,15m,1,0.53,2021-02-11 18:30:00,104.75978073520272,2021-02-12 07:45:00,104.86882043441871,104.68458978279064,104.86882043441871,target,53,5779.104058447147,-689.0000000000001,-0.0,159.52999999999997,5938.634058447146,73.07145035069225,1.4902018876139818,0.9280469652823593,1.7185480520193612,break_up
USDJPY.a,15m,1,0.4,2021-02-12 10:00:00,104.93774689913818,2021-02-12 11:00:00,105.10152404919923,104.83823797540039,105.10152404919923,target,4,6551.086002442048,-520.0,-0.0,0.0,6551.086002442048,80.73286100536079,1.6458538984163442,0.42957854966677383,2.2334991929716104,break_up
USDJPY.a,15m,1,0.45,2021-02-12 15:15:00,105.03000667731612,2021-02-12 17:45:00,104.93841279651564,104.93997699067103,105.16804601865796,stop,10,-4121.724636021966,-585.0,-70.38873699276083,0.0,-4121.724636021966,-50.675699127657786,-1.0173742041506653,1.1774635819183017,1.0440258784238692,break_up
USDJPY.a,15m,-1,0.22,2021-02-15 00:15:00,104.93136952976332,2021-02-15 02:15:00,105.12832907175094,105.11402936901999,104.56794126196003,stop,8,-4333.109923727733,-286.0,-28.593460080801766,0.0,-4333.109923727733,-53.12731892062853,-1.0782859701899667,1.0874337295214924,0.00749770594829398,break_dn
USDJPY.a,15m,1,0.85,2021-02-15 23:30:00,105.36944375025084,2021-02-16 00:00:00,105.3207210779568,105.32150960187816,105.42498079624366,stop,2,-4141.4271449928465,-1105.0,-67.02453331551853,255.84999999999994,-3885.5771449928466,-47.40393985436823,-0.9536556681601865,1.6573518660053574,0.0,break_up
USDJPY.a,15m,1,0.65,2021-02-16 01:45:00,105.4066041778757,2021-02-16 01:45:00,105.34403579676936,105.3449420635829,105.48911587283419,stop,0,-4066.944771912447,-845.0000000000001,-58.90734288018593,0.0,-4066.944771912447,-49.57556805760903,-1.014697303586459,1.0963649017075754,0.0,break_up
USDJPY.a,15m,1,0.71,2021-02-16 02:15:00,105.41266380643364,2021-02-16 02:45:00,105.48469259276024,105.35615370361988,105.48469259276024,target,2,5114.04382918846,-923.0000000000001,-0.0,0.0,5114.04382918846,62.2626116491486,1.2746178601724065,0.2771859482411363,1.5278010349917488,break_up
USDJPY.a,15m,1,0.31,2021-02-16 15:45:00,105.67338133964216,2021-02-16 19:00:00,105.8913323402635,105.54283382986826,105.8913323402635,target,13,6756.481019261557,-403.00000000000006,-0.0,0.0,6756.481019261557,82.26790080497094,1.6695148072821133,0.17910214972810165,2.011671159508701,break_up
USDJPY.a,15m,1,0.32,2021-02-16 19:15:00,105.9364044084977,2021-02-17 01:00:00,106.14262860744327,105.81168569627836,106.14262860744327,target,23,6599.174366258467,-416.00000000000006,-0.0,288.9599999999999,6888.134366258467,83.91280836047868,1.7259174274268083,0.7168483935311214,2.3139718681088373,break_up
USDJPY.a,15m,1,0.4,2021-02-17 08:15:00,105.95707697420406,2021-02-17 15:15:00,106.11758012795771,105.85570993602114,106.11758012795771,target,28,6420.126150146076,-520.0,-0.0,0.0,6420.126150146076,78.25370224424216,1.5833860457087425,0.8886219408079246,1.725640098907732,break_up
USDJPY.a,15m,1,0.44,2021-02-17 15:30:00,106.1103103817293,2021-02-17 16:15:00,106.01333712309479,106.01566002870298,106.24467994259403,stop,3,-4266.82337991889,-572.0,-102.2078467604879,0.0,-4266.82337991889,-52.05607495637274,-1.0245419645455511,1.8416242111724566,1.1060668547277464,break_up
USDJPY.a,15m,-1,0.37,2021-02-17 18:45:00,105.83360942556483,2021-02-18 15:45:00,105.62994932656359,105.9440253367182,105.61694932656359,target,84,7535.42366304589,-481.00000000000006,-0.0,-580.8999999999999,6954.52366304589,84.65736741359774,1.7022917896331435,0.8186372189568192,2.133835813187923,break_dn
USDJPY.a,15m,-1,0.47,2021-02-18 16:00:00,105.62268352191553,2021-02-18 16:00:00,105.72549165759818,105.71051694047149,105.450966119057,stop,0,-4831.982377084571,-611.0,-92.81170495414551,0.0,-4831.982377084571,-58.83045683392836,-1.1704899726423654,1.517833192380298,0.13301909577942073,break_dn
USDJPY.a,15m,-1,0.6,2021-02-18 21:30:00,105.65305063207467,2021-02-19 02:00:00,105.73579947659343,105.72181149366553,105.51837701266894,stop,18,-4964.93067112567,-780.0000000000001,-59.278975674006546,-941.9999999999998,-5906.93067112567,-71.90281911275552,-1.431756994328402,1.0463709479593148,0.3352289593435698,break_dn
USDJPY.a,15m,-1,0.53,2021-02-19 04:45:00,105.64018983566663,2021-02-19 06:00:00,105.73165184783367,105.71752590557608,105.49094818884782,stop,5,-4847.486644853248,-689.0000000000001,-59.67493965213325,0.0,-4847.486644853248,-59.091687632076265,-1.1826565828097084,1.1095749297040731,0.028315838510943395,break_dn
USDJPY.a,15m,-1,0.58,2021-02-19 07:00:00,105.59520685102008,2021-02-19 08:30:00,105.67946648918095,105.66518731193656,105.45762537612688,stop,6,-4887.059013330628,-754.0,-74.19228017399311,0.0,-4887.059013330628,-59.406628924799215,-1.2040452014374592,1.2545380214729078,0.717440987992308,break_dn
USDJPY.a,15m,-1,0.54,2021-02-19 10:15:00,105.53703744063306,2021-02-19 10:30:00,105.40766143880565,105.61266928059719,105.39466143880564,target,1,6986.304098680136,-702.0000000000001,-0.0,0.0,6986.304098680136,84.83631792244078,1.7106023321496147,0.48871691320045435,2.6316620186346995,break_dn
USDJPY.a,15m,-1,0.45,2021-02-19 15:00:00,105.2618365651359,2021-02-19 15:15:00,105.36781584410818,105.35303463126174,105.08293073747654,stop,1,-4769.06755375282,-585.0,-80.15457808966366,0.0,-4769.06755375282,-57.50883988370161,-1.1620781390917616,1.098306566346356,0.22847595372409463,break_dn
USDJPY.a,15m,-1,0.31,2021-02-22 00:00:00,105.37795387693829,2021-02-22 00:45:00,105.52310596737205,105.50852970332325,105.24294059335351,stop,3,-4499.71480344638,-403.00000000000006,-48.86418551261118,0.0,-4499.71480344638,-54.1963524702699,-1.1116306475122424,1.225694889265846,0.0,break_dn
USDJPY.a,15m,1,0.3,2021-02-22 04:15:00,105.6823306015724,2021-02-22 13:15:00,105.54718614505599,105.54887256233495,105.9032548753301,stop,36,-4054.333695492431,-390.00000000000006,-50.59251836867224,0.0,-4054.333695492431,-48.70323010722031,-1.0126363109228698,1.126425972023557,1.2188804762684151,break_up
USDJPY.a,15m,-1,0.49,2021-02-22 15:15:00,105.49584569708678,2021-02-22 15:45:00,105.35032681913522,105.5783365904324,105.33732681913521,target,2,7130.425019626415,-637.0,-0.0,0.0,7130.425019626415,85.68415514737,1.764059910732965,0.47465000468801766,2.24080125199157,break_dn
USDJPY.a,15m,-1,0.53,2021-02-22 21:45:00,104.98994735731206,2021-02-22 22:00:00,105.08265976340182,105.0680457253722,104.8369085492556,stop,1,-4913.757522757265,-689.0000000000001,-85.54401556980761,0.0,-4913.757522757265,-59.09449198779933,-1.1871234750816653,1.2298930832200203,0.0,break_dn
USDJPY.a,15m,-1,0.5,2021-02-23 03:00:00,104.93997507051533,2021-02-23 05:00:00,105.0352597756492,105.02086879917478,104.78126240165045,stop,8,-4764.235256693183,-650.0000000000001,-69.54882372063169,0.0,-4764.235256693183,-57.31796762080963,-1.1778997792894532,1.1252408683975865,0.2345678809689587,break_dn
USDJPY.a,15m,1,0.33,2021-02-23 11:15:00,105.26112055146702,2021-02-23 17:00:00,105.13513994414956,105.13727799793054,105.46644400413892,stop,23,-4157.360041476139,-429.00000000000006,-70.55577477218888,0.0,-4157.360041476139,-50.008010596423496,-1.0172642901807747,1.0264690757492605,1.3555877502440092,break_up
USDJPY.a,15m,1,0.48,2021-02-24 02:00:00,105.31083945089516,2021-02-24 03:15:00,105.43811009640197,105.22644495179901,105.43811009640197,target,5,6108.990984326965,-624.0,-0.0,0.0,6108.990984326965,72.98739260977108,1.5080443259911398,0.49576040314531383,2.0991954570760005,break_up
USDJPY.a,15m,1,0.37,2021-02-24 05:00:00,105.51006207234089,2021-02-24 10:45:00,105.69358545805004,105.39870727097498,105.69358545805004,target,23,6790.365271238585,-481.00000000000006,-0.0,0.0,6790.365271238585,81.11293937134539,1.6480958473097487,0.6830605542634256,1.804483733025945,break_up
USDJPY.a,15m,1,0.45,2021-02-24 13:15:00,105.86006964083784,2021-02-24 14:30:00,105.76716109608599,105.76892286691324,106.00015426617352,stop,5,-4180.884513833263,-585.0,-79.27968722675537,0.0,-4180.884513833263,-49.84868149293333,-1.0193289433229495,1.0101250639326644,0.08700647121883363,break_up
USDJPY.a,15m,1,0.37,2021-02-24 15:00:00,105.89624557574766,2021-02-24 15:45:00,106.0707672059045,105.78611639704775,106.0707672059045,target,3,6457.300315803309,-481.00000000000006,-0.0,0.0,6457.300315803309,77.07545019430474,1.58469927967413,0.1838348018813337,1.8319797408287868,break_up
USDJPY.a,15m,1,0.39,2021-02-25 03:00:00,106.041153432652,2021-02-25 06:00:00,105.93308629957588,105.93480162907251,106.214396741855,stop,12,-4214.618189968647,-507.00000000000006,-66.89785036883721,0.0,-4214.618189968647,-49.96733591242294,-1.0161288237613333,1.0263430330113188,0.9106245882856894,break_up
USDJPY.a,15m,1,0.36,2021-02-25 18:00:00,106.26548959793648,2021-02-25 20:15:00,106.14685319006865,106.14952980808263,106.45394038383475,stop,9,-4270.910683241709,-468.00000000000006,-96.35824850340792,0.0,-4270.910683241709,-51.02264902007694,-1.0230822944518299,1.6340974589149844,1.1858455610935634,break_up
USDJPY.a,15m,-1,0.26,2021-02-26 04:45:00,105.9051697210004,2021-02-26 05:45:00,106.07668590212437,106.06111758715765,105.59876482568468,stop,4,-4459.4207092230245,-338.00000000000006,-66.7761891344546,0.0,-4459.4207092230245,-53.52613667451294,-1.0998302532143396,1.3968147456403968,0.15498590391761777,break_dn
USDJPY.a,15m,1,0.23,2021-02-26 18:15:00,106.64980048600205,2021-03-01 00:00:00,106.47505676147297,106.47681143749708,106.95437712500583,stop,23,-4019.1056641688333,-299.0,-40.3575485544748,69.22999999999999,-3949.8756641688333,-48.03333161109772,-0.9927433326748552,1.0451556764118382,0.24394326902566715,break_up
USDJPY.a,15m,1,0.36,2021-03-01 04:00:00,106.64638778028788,2021-03-01 06:00:00,106.53520683262607,106.53690009988422,106.82219980023157,stop,8,-4002.514115825079,-468.00000000000006,-60.95762129322867,0.0,-4002.514115825079,-48.532850110751205,-1.015465367901711,1.0082210151945972,0.5170647464938819,break_up
USDJPY.a,15m,1,0.3,2021-03-01 19:45:00,106.77619336908836,2021-03-02 20:00:00,106.7389011075777,106.64468093572819,106.99663812854362,signal,97,-1118.7678453197236,-390.00000000000006,-65.93354533779602,90.29999999999998,-1028.4678453197237,-12.306304258192517,-0.2606769613696449,0.7618547275599451,1.3748253780420874,break_up
USDJPY.a,15m,-1,0.65,2021-03-02 21:30:00,106.72913395180076,2021-03-03 02:45:00,106.80533533109539,106.79117182611337,106.60765634777327,stop,21,-4953.089654150986,-845.0000000000001,-75.62782383144526,-3061.4999999999995,-8014.589654150985,-95.8296395530838,-1.9875177971655855,1.3518523825726272,1.1143829888883674,break_dn
USDJPY.a,15m,1,0.73,2021-03-03 08:45:00,106.89260387708728,2021-03-03 09:15:00,106.83728195037655,106.83823028120116,106.96353943759766,stop,2,-4038.50064988346,-949.0000000000001,-69.22815019677779,0.0,-4038.50064988346,-48.282066069553785,-1.0174410172650603,1.1513654020308384,0.0,break_up
USDJPY.a,15m,1,0.54,2021-03-03 10:45:00,106.91576637061294,2021-03-03 13:30:00,107.02228441396979,106.84185779301511,107.02228441396979,target,11,5751.974341269517,-702.0000000000001,-0.0,0.0,5751.974341269517,68.81523619450749,1.4412135481276636,0.8221829263660408,1.5320769668062506,break_up
USDJPY.a,15m,1,0.41,2021-03-03 17:30:00,107.09922925097662,2021-03-03 17:45:00,106.99974794124438,107.00186725510468,107.25126548979061,stop,1,-4078.733699021868,-533.0,-86.89186827238673,0.0,-4078.733699021868,-48.90041011573055,-1.021767362525034,1.4711001936013408,0.5522765689203076,break_up
USDJPY.a,15m,1,0.44,2021-03-03 22:45:00,106.99196914400481,2021-03-04 08:15:00,107.12867704667285,106.90266147666357,107.12867704667285,target,38,6015.147717393575,-572.0,-0.0,132.43999999999997,6147.587717393574,73.49793424977175,1.5644558505169859,0.35796639814434483,1.5343683255279357,break_up
USDJPY.a,15m,1,0.53,2021-03-04 08:30:00,107.14169230182884,2021-03-04 10:30:00,107.25182174902831,107.06608912548585,107.25182174902831,target,8,5836.860701571865,-689.0000000000001,-0.0,0.0,5836.860701571865,69.74178904493846,1.4566775170905089,0.5646892616674067,2.90077360210654,break_up
USDJPY.a,15m,1,0.52,2021-03-04 15:00:00,107.4017952074722,2021-03-04 17:15:00,107.51591744805381,107.3240412759731,107.51591744805381,target,9,5934.356510243617,-676.0000000000001,-0.0,0.0,5934.356510243617,70.7123990863313,1.4677359508557373,0.576115015775402,2.240462818652432,break_up
USDJPY.a,15m,1,0.3,2021-03-04 19:30:00,107.7424735362982,2021-03-04 23:30:00,107.97183332080171,107.60758333959915,107.97183332080171,target,16,6880.793535105027,-390.00000000000006,-0.0,0.0,6880.793535105027,82.53935213542853,1.7003443550104747,0.2555673958658242,1.7015800207768974,break_up
USDJPY.a,15m,1,0.57,2021-03-05 00:00:00,107.96718368740747,2021-03-05 02:15:00,107.89342239999046,107.89514103453243,108.12871793093514,stop,9,-4204.393382769794,-741.0,-97.96216889228924,0.0,-4204.393382769794,-50.5445381028587,-1.0238557919980276,1.6821102856617647,0.6220802650100228,break_up
USDJPY.a,15m,1,0.46,2021-03-05 06:00:00,107.96998534264777,2021-03-05 07:45:00,108.10604788953931,107.88097605523035,108.10604788953931,target,7,6258.877157010716,-598.0,-0.0,0.0,6258.877157010716,74.95744999187748,1.5286331442408525,0.17959185059885593,1.764025551804175,break_up
USDJPY.a,15m,1,0.35,2021-03-05 08:15:00,108.20708520734306,2021-03-05 10:30:00,108.40035487879898,108.08932256060051,108.40035487879898,target,9,6764.438500957296,-455.00000000000006,-0.0,0.0,6764.438500957296,81.26031309701649,1.6411797526803829,0.7140227369963711,1.8419660109301723,break_up
USDJPY.a,15m,1,0.35,2021-03-05 10:45:00,108.43735476501313,2021-03-05 13:30:00,108.3171121866931,108.31942555841634,108.63014888316732,stop,11,-4208.49024120109,-455.00000000000006,-80.96801031380684,0.0,-4208.49024120109,-50.62977065324655,-1.0196166139839857,1.7328596614054896,1.0060716798726166,break_up
USDJPY.a,15m,1,0.25,2021-03-05 21:30:00,108.35850349199836,2021-03-08 14:15:00,108.63876067674732,108.19661966162633,108.63876067674732,target,67,7006.429618724042,-325.00000000000006,-0.0,75.24999999999999,7081.679618724042,85.20004377362959,1.7498176568837687,0.6887870872718466,1.7327024407379612,break_up
USDJPY.a,15m,1,0.48,2021-03-08 15:00:00,108.69810899890273,2021-03-08 15:00:00,108.61080217159015,108.61246566994423,108.82706866011154,stop,0,-4190.727711003546,-624.0,-79.84792099559259,0.0,-4190.727711003546,-50.26987720998047,-1.0194235601804196,1.0171136498551383,0.0,break_up
USDJPY.a,15m,1,0.55,2021-03-08 23:15:00,108.94582118257645,2021-03-09 00:00:00,108.85979763951141,108.87041354461392,109.05517291077216,stop_gap,3,-4731.294868577152,-715.0000000000001,-66.12982687237606,165.54999999999998,-4565.7448685771515,-54.8275206588685,-1.100863855545923,1.390060548356485,0.0,break_up
USDJPY.a,15m,1,0.2,2021-03-09 02:30:00,109.11303462295976,2021-03-09 09:30:00,108.90750054238322,108.9094913699054,109.47801726018922,stop,28,-4110.681611530822,-260.0,-39.81655044354376,0.0,-4110.681611530822,-49.202661822777436,-1.0097808573475355,1.3414083683080016,0.594298141672756,break_up
USDJPY.a,15m,-1,0.34,2021-03-09 17:15:00,108.63914473537007,2021-03-09 17:30:00,108.77645961223995,108.76074049364824,108.40151901270353,stop,1,-4668.705813575912,-442.00000000000006,-92.45003211777794,0.0,-4668.705813575912,-55.75585311889469,-1.1292735767619748,1.0925978546554613,0.30547722960110874,break_dn
USDJPY.a,15m,-1,0.29,2021-03-09 18:30:00,108.59105485082435,2021-03-10 03:45:00,108.74341569124682,108.72855816989752,108.32188366020496,stop,37,-4418.464372251762,-377.0,-53.86811912952642,-1365.8999999999996,-5784.364372251762,-69.18988278981955,-1.4505892786218988,1.1268466115584312,1.2803680086489508,break_dn
USDJPY.a,15m,1,0.45,2021-03-10 06:30:00,108.84407726964994,2021-03-10 09:45:00,108.75225104278671,108.75396814952595,108.9820637009481,stop,13,-4132.180208845498,-585.0,-77.26980326562925,0.0,-4132.180208845498,-49.393566806190904,-1.019055859571956,1.7986777523397113,0.8536619849823254,break_up
USDJPY.a,15m,-1,0.4,2021-03-10 23:00:00,108.37163100667098,2021-03-11 02:30:00,108.4864155164313,108.47170037339426,108.1755992532115,stop,14,-4591.380390412496,-520.0,-68.60572148116627,-628.0,-5219.380390412496,-62.259830871595604,-1.3039405967377111,1.2128486199441961,0.2061670553790288,break_dn
USDJPY.a,15m,1,0.3,2021-03-11 07:00:00,108.62597610784583,2021-03-11 10:30:00,108.49040502292931,108.4924472578204,108.85110548435918,stop,14,-4067.1325474956175,-390.00000000000006,-61.26704673294733,0.0,-4067.1325474956175,-48.2199761833758,-1.0152943344505982,1.3553333815978585,1.3856473123144792,break_up
USDJPY.a,15m,1,0.29,2021-03-12 08:15:00,108.85099487121137,2021-03-12 10:00:00,109.08412762399779,108.71343618800111,109.08412762399779,target,7,6760.849830806109,-377.0,-0.0,0.0,6760.849830806109,80.00277556283372,1.694787616061097,0.26893882921829176,2.2899690622011972,break_up
USDJPY.a,15m,1,0.06,2021-03-15 00:15:00,109.0399041459423,2021-03-16 00:30:00,109.13023049943757,108.40227473266133,110.10845053467736,signal,97,541.9581209716283,-78.0,-9.23400674906991,18.059999999999995,560.0181209716283,6.6188906101096485,0.14638025089683562,0.19745661558247418,0.5098507805417647,break_up
USDJPY.a,15m,1,0.56,2021-03-16 04:00:00,109.24675674996907,2021-03-16 04:30:00,109.17286875849557,109.17400562644025,109.35098874711952,stop,2,-4137.727522515888,-728.0000000000001,-63.66460490195299,0.0,-4137.727522515888,-48.90622090967819,-1.015626809450304,1.1925142287968091,0.0,break_up
USDJPY.a,15m,1,0.55,2021-03-16 10:30:00,109.2437238258433,2021-03-16 12:30:00,109.16896264884338,109.17015216613034,109.34969566773934,stop,8,-4111.8647349960465,-715.0000000000001,-65.42345078295735,0.0,-4111.8647349960465,-48.77046424532723,-1.0161681453374953,1.0156604613085274,0.5882179948847067,break_up
USDJPY.a,15m,-1,0.66,2021-03-16 14:45:00,109.08812671052746,2021-03-16 15:00:00,108.98204518740104,109.14897740629948,108.96904518740104,target,1,7001.380526343723,-858.0000000000001,-0.0,0.0,7001.380526343723,82.94962493716072,1.7433083020753426,0.03078501319952289,2.3192292008656943,break_dn
USDJPY.a,15m,1,0.47,2021-03-17 14:30:00,109.21489654554973,2021-03-17 17:15:00,109.12761703717528,109.12905988273461,109.34488023453076,stop,11,-4102.1368935991795,-611.0,-67.81374128816138,0.0,-4102.1368935991795,-48.68990577352931,-1.0168091991464334,1.0239977029285259,0.40895642140551,break_up
USDJPY.a,15m,1,0.53,2021-03-17 18:30:00,109.25892401595598,2021-03-17 21:00:00,109.18187416011402,109.18389315792625,109.36721368414752,stop,10,-4083.6423596240506,-689.0000000000001,-107.00688404838832,0.0,-4083.6423596240506,-48.138121003234154,-1.0269088994214728,4.410505552593348,0.8939786349961238,break_up
USDJPY.a,15m,-1,0.32,2021-03-17 21:45:00,108.80125720160508,2021-03-17 21:45:00,108.9414622048103,108.92584800721792,108.55730398556415,stop,0,-4486.560102567182,-416.00000000000006,-83.65432295600623,0.0,-4486.560102567182,-52.887729650631,-1.1253238352186665,1.0734564058484313,0.13048476189811636,break_dn
USDJPY.a,15m,-1,0.34,2021-03-18 01:15:00,108.80275474720845,2021-03-18 02:45:00,108.93407268840068,108.91920591954502,108.57358816090996,stop,6,-4464.81000053555,-442.00000000000006,-63.47014109211541,0.0,-4464.81000053555,-52.46666416705018,-1.1276652570975094,1.0411681596569027,0.8566229536971848,break_dn
USDJPY.a,15m,1,0.35,2021-03-18 16:00:00,109.11943087154891,2021-03-18 18:15:00,109.00506576207201,109.00730563454651,109.30338873090696,stop,9,-4002.778831691742,-455.00000000000006,-78.39553660755514,0.0,-4002.778831691742,-47.127234340412954,-1.0199765238797802,1.0562374244646815,0.941528698385878,break_up
USDJPY.a,15m,-1,0.31,2021-03-18 22:15:00,108.93778289957247,2021-03-19 03:30:00,109.07831540482077,109.06390594744708,108.68618810510584,stop,21,-4356.507662697368,-403.00000000000006,-43.69317858436011,-486.69999999999993,-4843.207662697368,-57.34327745117955,-1.2387308099596623,1.0007457205839474,0.9259441596160176,break_dn
USDJPY.a,15m,-1,0.46,2021-03-19 08:00:00,108.86381740485366,2021-03-19 11:00:00,108.71061645030447,108.94869177484776,108.69761645030447,target,12,7047.243909262818,-598.0,-0.0,0.0,7047.243909262818,83.48592642398187,1.8050320086010319,0.626603710284246,2.2011050552322153,break_dn
USDJPY.a,15m,-1,0.4,2021-03-19 11:15:00,108.67573176561338,2021-03-19 12:30:00,108.79006263094539,108.77518609561938,108.48062780876127,stop,5,-4573.234613280306,-520.0,-75.0614130399752,0.0,-4573.234613280306,-54.20923862954186,-1.149581575031607,1.128842096466275,0.6810338535214042,break_dn
USDJPY.a,15m,-1,0.02,2021-03-22 00:15:00,108.61690045003847,2021-03-23 00:30:00,108.86167031076049,109.99329884408228,105.86440231183546,signal,97,-489.53972144403224,-44.0,-2.681243041920065,-31.399999999999995,-520.9397214440322,-6.180903026153493,-0.18924016610973077,0.24709382939798633,0.02898902687705664,break_dn
USDJPY.a,15m,1,0.62,2021-03-23 04:15:00,108.86769277676717,2021-03-23 04:45:00,108.80371097556937,108.8048266332759,108.9583467334482,stop,2,-3966.871674263473,-806.0000000000001,-69.17077780407284,0.0,-3966.871674263473,-47.20146496020875,-1.0177465587128878,1.6494216283771759,0.0844210084808156,break_up
USDJPY.a,15m,-1,0.58,2021-03-23 13:00:00,108.65984904749912,2021-03-23 13:00:00,108.54417074185432,108.72591462907285,108.53117074185431,target,0,6709.341727398764,-754.0,-0.0,0.0,6709.341727398764,80.6294626557235,1.7509617396725377,0.017421363340223758,3.3126030572348837,break_dn
USDJPY.a,15m,-1,0.16,2021-03-23 13:15:00,108.48376982982062,2021-03-23 20:15:00,108.74095686216006,108.72622330071961,108.00255339856078,stop,28,-4114.992517431119,-208.00000000000003,-27.736983047028673,0.0,-4114.992517431119,-49.45598522166518,-1.0607686142244965,1.0691955418009833,0.3166373718469149,break_dn
USDJPY.a,15m,-1,0.42,2021-03-24 02:30:00,108.54614395359893,2021-03-24 03:45:00,108.65089297237219,108.6365773236942,108.36484535261162,stop,5,-4399.458788477005,-546.0,-55.25724447555508,0.0,-4399.458788477005,-53.24963091162855,-1.1583005107839264,1.0489053576257146,0.4881378804353829,break_dn
USDJPY.a,15m,1,0.42,2021-03-24 12:30:00,108.69200806255706,2021-03-24 16:15:00,108.83256706080172,108.60221646959914,108.83256706080172,target,15,5903.477926275599,-546.0,-0.0,0.0,5903.477926275599,71.25337314259713,1.5653915206797206,0.7351251980571513,2.3497961278158193,break_up
USDJPY.a,15m,1,0.49,2021-03-24 23:30:00,108.73775305885185,2021-03-25 03:00:00,108.85271403019867,108.65964298490067,108.85271403019867,target,14,5633.087595994084,-637.0,-0.0,147.48999999999998,5780.577595994084,69.82753457410219,1.5103169844718334,0.45772660353898903,1.59066474864433,break_up
USDJPY.a,15m,1,0.46,2021-03-25 10:15:00,109.00177555214374,2021-03-25 11:30:00,109.13041202573501,108.9167939871325,109.13041202573501,target,5,5917.277785198479,-598.0,-0.0,0.0,5917.277785198479,71.33327691841814,1.5136985718519764,0.5033509577998024,1.6971262865913506,break_up
USDJPY.a,15m,1,0.53,2021-03-25 15:30:00,109.11890519493735,2021-03-25 16:15:00,109.04349309800718,109.04489975978414,109.22520048043172,stop,3,-3996.841137299512,-689.0000000000001,-74.55307417951043,0.0,-3996.841137299512,-48.24660897627048,-1.0190075468653945,1.2824084439321937,0.4471942499105779,break_up
USDJPY.a,15m,1,0.38,2021-03-25 20:30:00,109.22203063498198,2021-03-25 20:45:00,109.11807907389961,109.11964745833878,109.38470508332244,stop,1,-3950.1593211300014,-494.00000000000006,-59.59860868856325,0.0,-3950.1593211300014,-47.762761765458364,-1.0153187710187301,1.0356255632845515,0.15597645571865068,break_up
USDJPY.a,15m,1,0.63,2021-03-26 02:15:00,109.18769342123643,2021-03-26 03:30:00,109.26913767161432,109.12643116419285,109.26913767161432,target,5,5130.987773806752,-819.0000000000001,-0.0,0.0,5130.987773806752,61.849139260627794,1.3294360069030378,0.9254216865712509,1.506744661691208,break_up
USDJPY.a,15m,1,0.54,2021-03-26 03:45:00,109.28484458812133,2021-03-26 04:15:00,109.2107477156984,109.21206063962063,109.38887872075874,stop,2,-4001.231110838092,-702.0000000000001,-70.89789180051575,0.0,-4001.231110838092,-48.17024835583817,-1.0180386465597622,1.097008197082975,0.4143140417612413,break_up
USDJPY.a,15m,1,0.36,2021-03-26 11:00:00,109.33790722081785,2021-03-26 13:00:00,109.51000839576857,109.23099580211571,109.51000839576857,target,8,6195.642298225607,-468.00000000000006,-0.0,0.0,6195.642298225607,74.2399670255246,1.609754851632763,0.1300817161224123,1.7219187755336258,break_up
USDJPY.a,15m,1,0.45,2021-03-26 22:00:00,109.69893678479946,2021-03-29 04:45:00,109.61005639199736,109.6115769723376,109.8318460553248,stop,27,-3999.6176760943313,-585.0,-68.42611531099811,135.45,-3864.1676760943315,-46.181881306526755,-0.9829507456828689,1.0294983730503364,1.2026492759061214,break_up
USDJPY.a,15m,1,0.41,2021-03-29 18:00:00,109.78004707229137,2021-03-30 04:30:00,109.92780972854347,109.68509513572828,109.92780972854347,target,42,6058.268906336025,-533.0,-0.0,123.40999999999997,6181.678906336025,73.60308471610432,1.5878839517076666,0.9799386474813327,1.7688204557789893,break_up
USDJPY.a,15m,1,0.43,2021-03-30 09:30:00,110.06003718651816,2021-03-30 10:00:00,110.20051832196445,109.96874083901778,110.20051832196445,target,2,6040.6888241906245,-559.0,-0.0,0.0,6040.6888241906245,71.83065790660956,1.538737740255344,0.19756744943255172,1.675453812445312,break_up
USDJPY.a,15m,1,0.42,2021-03-30 21:00:00,110.30906234228559,2021-03-31 03:15:00,110.45432916921634,110.21533541539183,110.45432916921634,target,25,6101.206731091537,-546.0,-0.0,379.25999999999993,6480.466731091537,76.94517197207102,1.6462379813824641,0.3634210937502831,1.8131145802641615,break_up
USDJPY.a,15m,1,0.27,2021-03-31 03:45:00,110.5942266066356,2021-03-31 05:45:00,110.84327198512959,110.4468640074352,110.84327198512959,target,8,6724.225219337698,-351.00000000000006,-0.0,0.0,6724.225219337698,79.79126718079047,1.690017547500633,0.2594050786496886,1.8849653499029315,break_up
USDJPY.a,15m,1,0.36,2021-03-31 12:30:00,110.60342305248302,2021-03-31 15:00:00,110.78411993773184,110.49144003113408,110.78411993773184,target,10,6505.087868957559,-468.00000000000006,-0.0,0.0,6505.087868957559,77.2293910680642,1.6136096621804425,0.5306434115387876,2.1036845110911844,break_up
USDJPY.a,15m,1,0.29,2021-03-31 15:15:00,110.81134210560653,2021-03-31 17:00:00,110.66812814539742,110.67029792416997,111.05340415166006,stop,7,-4153.2048460641845,-377.0,-62.923584404140136,0.0,-4153.2048460641845,-49.34469934425119,-1.0153836815560544,1.0730120453399055,0.08265420292229136,break_up
USDJPY.a,15m,1,0.56,2021-04-01 01:45:00,110.77482919040915,2021-04-01 03:15:00,110.70042435143053,110.70165897796853,110.88568204406295,stop,6,-4166.670982802885,-728.0000000000001,-69.1390861280937,0.0,-4166.670982802885,-49.54449152188327,-1.0168733490969355,1.0226728598045043,0.3986705602983821,break_up
USDJPY.a,15m,-1,0.41,2021-04-01 06:15:00,110.59702643760397,2021-04-01 07:45:00,110.70871181270147,110.69430653117644,110.40238693764711,stop,6,-4579.100378997254,-533.0,-57.61654252626202,0.0,-4579.100378997254,-54.83354199520167,-1.148080465345137,1.1613225095416502,0.2778208430057356,break_dn
USDJPY.a,15m,1,0.36,2021-04-01 09:30:00,110.8109399431013,2021-04-01 10:00:00,110.69746701099339,110.69904729454532,110.99290541090934,stop,2,-4085.0255558847834,-468.00000000000006,-56.89020786976965,0.0,-4085.0255558847834,-48.747749963044996,-1.0141232115990206,1.223851118626312,0.0,break_up
USDJPY.a,15m,1,0.35,2021-04-01 13:00:00,110.84419926180101,2021-04-01 15:00:00,110.72892997025195,110.73059303075708,111.03781393848584,stop,8,-4034.4252042169155,-455.00000000000006,-58.20711767918349,0.0,-4034.4252042169155,-48.05008444700653,-1.0146388141727913,1.5773717704947592,0.0,break_up
USDJPY.a,15m,-1,0.35,2021-04-01 18:00:00,110.60566846886809,2021-04-02 11:45:00,110.39311716015303,110.72044141992349,110.38011716015302,target,71,7439.295805027228,-455.00000000000006,-0.0,-549.4999999999999,6889.795805027228,81.98283861596148,1.7151367713813068,0.5430855489794846,2.001067906298103,break_dn
USDJPY.a,15m,-1,0.4,2021-04-02 12:00:00,110.38807950879374,2021-04-02 12:45:00,110.50262627222996,110.48829106495218,110.18741787009566,stop,3,-4581.8705374489355,-520.0,-53.40829111097254,0.0,-4581.8705374489355,-54.49755602508318,-1.1430494428718039,1.0370110513198831,0.010772298476534657,break_dn
USDJPY.a,15m,1,0.3,2021-04-05 00:15:00,110.68181422120863,2021-04-05 04:15:00,110.54684921365589,110.54825466466873,110.83549067066255,stop,16,-4048.950226582093,-390.00000000000006,-42.16353038524207,0.0,-4048.950226582093,-48.0418733096458,-1.0105230284470386,1.0468305288724338,0.5105271427807386,break_up
USDJPY.a,15m,-1,0.63,2021-04-05 06:30:00,110.52924199633678,2021-04-05 07:15:00,110.60700551441265,110.59293050308898,110.40413899382204,stop,3,-4899.101638779769,-819.0000000000001,-67.72571339088404,0.0,-4899.101638779769,-58.16130811703605,-1.2209976656923731,1.268015341880039,0.0,break_dn
USDJPY.a,15m,-1,0.68,2021-04-05 14:15:00,110.51436863061114,2021-04-05 16:30:00,110.41567770217985,110.57266114891009,110.40267770217984,target,9,6710.9831333281145,-884.0000000000001,-0.0,0.0,6710.9831333281145,79.63818372033455,1.6930290766506164,0.43970255766642624,2.236455627848765,break_dn
USDJPY.a,15m,-1,0.64,2021-04-05 16:45:00,110.40002058281397,2021-04-05 16:45:00,110.29046686714615,110.46276656642692,110.27746686714615,target,0,7011.437802740147,-832.0000000000001,-0.0,0.0,7011.437802740147,83.20363213331568,1.7459877008796103,0.01560924109616539,2.343107468373611,break_dn
USDJPY.a,15m,-1,0.24,2021-04-05 17:00:00,110.25770482689869,2021-04-06 11:30:00,110.43997501914095,110.42513668844693,109.92972662310616,stop,74,-4374.484613814161,-312.0,-44.11993665632717,-376.79999999999995,-4751.284613814161,-56.42443392705389,-1.1823925889112854,1.3157302980701675,1.7661204036335199,break_dn
USDJPY.a,15m,1,0.29,2021-04-06 11:45:00,110.47527372852487,2021-04-06 14:45:00,110.33723505603503,110.33899759109842,110.70800481780317,stop,12,-4003.1215022054025,-377.0,-51.113516838317295,0.0,-4003.1215022054025,-47.57594447890174,-1.0129335560625452,1.1394051185863647,0.5630205913089423,break_up
USDJPY.a,15m,-1,0.6,2021-04-06 22:45:00,109.84902103977349,2021-04-07 00:00:00,109.74171116589102,109.91564441705448,109.71871116589102,target,5,6438.592432948269,-1380.0,-0.0,-2825.999999999999,3612.5924329482696,42.96299452407313,0.9037349401926952,0.1948109020616732,2.1016803033405953,break_dn
USDJPY.a,15m,-1,0.16,2021-04-07 04:15:00,109.59675226563128,2021-04-07 09:15:00,109.8519601827598,109.83716005575108,109.11967988849783,stop,20,-4083.326674056252,-208.00000000000003,-28.80203213921204,0.0,-4083.326674056252,-48.66631405536097,-1.0615625932975663,1.007653430232012,0.03640591524478262,break_dn
USDJPY.a,15m,1,0.3,2021-04-07 15:30:00,109.9053383692234,2021-04-07 16:15:00,109.77211074149533,109.77413473412496,110.1247305317501,stop,3,-3996.8288318422647,-390.00000000000006,-60.71977888878719,0.0,-3996.8288318422647,-47.738192044389685,-1.0154263456809913,1.0010269084759311,0.1498558386880363,break_up
USDJPY.a,15m,-1,0.37,2021-04-07 17:30:00,109.71836104930803,2021-04-07 21:30:00,109.83915622713367,109.82444349879802,109.51111300240396,stop,16,-4469.421579548736,-481.00000000000006,-63.370948418930304,0.0,-4469.421579548736,-53.52198187614234,-1.1386914461947915,1.0052459309212771,1.1251724472980782,break_dn
USDJPY.a,15m,1,0.48,2021-04-08 01:30:00,109.87678830869315,2021-04-08 03:45:00,109.79451567251935,109.79578337806106,110.00343324387786,stop,9,-3949.0865363422927,-624.0,-60.84986600212748,0.0,-3949.0865363422927,-47.25592166525253,-1.0156497330695198,1.3553287168628387,0.3359263577477319,break_up
USDJPY.a,15m,-1,0.71,2021-04-08 06:15:00,109.71322644345409,2021-04-08 10:00:00,109.6155616027485,109.76821919862574,109.6025616027485,target,15,6934.2036900969215,-923.0000000000001,-0.0,0.0,6934.2036900969215,82.91838950774672,1.7759583130676184,0.7232508431658222,3.750065673385027,break_dn
USDJPY.a,15m,-1,0.26,2021-04-08 10:15:00,109.53588179612431,2021-04-08 14:30:00,109.24865496723308,109.68767251638347,109.23565496723307,target,17,7467.8975511721155,-338.00000000000006,-0.0,0.0,7467.8975511721155,89.4209284679158,1.8922555239269132,0.38947179231213647,2.0085667661618936,break_dn
USDJPY.a,15m,-1,0.41,2021-04-08 20:45:00,109.21884527360295,2021-04-08 22:30:00,109.33027120561742,109.31586988291825,109.0282602341635,stop,7,-4568.463212593258,-533.0,-57.4542306657934,0.0,-4568.463212593258,-54.62957159691769,-1.1484295870996208,1.032261063495561,0.0,break_dn
USDJPY.a,15m,1,0.47,2021-04-09 09:00:00,109.39997009834387,2021-04-09 10:30:00,109.52663418062193,109.31568290968903,109.52663418062193,target,6,5953.21186706856,-611.0,-0.0,0.0,5953.21186706856,71.39614325111897,1.5027679093290032,0.21320082720346314,1.898626638402417,break_up
USDJPY.a,15m,1,0.36,2021-04-09 13:15:00,109.7311770447807,2021-04-09 14:00:00,109.61812603125826,109.6199679850027,109.91106402999459,stop,3,-4069.83648680773,-468.00000000000006,-66.31033479992351,0.0,-4069.83648680773,-48.58859180497615,-1.0165629828012481,1.1525773622812885,0.16925739015223293,break_up
USDJPY.a,15m,1,0.33,2021-04-09 20:00:00,109.65222971653266,2021-04-12 05:00:00,109.53282711605348,109.53451876013007,109.84496247973988,stop,36,-3940.2858158128283,-429.00000000000006,-55.8242545272379,99.32999999999998,-3840.9558158128284,-46.11919543434708,-0.988800057669193,1.4716532923255452,0.9920086204038117,break_up
USDJPY.a,15m,-1,0.36,2021-04-12 10:45:00,109.49175036326824,2021-04-12 14:15:00,109.29018545187665,109.60090727406167,109.27718545187665,target,14,7256.336810097082,-468.00000000000006,-0.0,0.0,7256.336810097082,86.99052243811627,1.8465611561051674,0.10305931754564526,2.251349561671852,break_dn
USDJPY.a,15m,-1,0.33,2021-04-12 14:30:00,109.2547679594961,2021-04-12 15:00:00,109.38756655283183,109.37278679636377,109.02242640727246,stop,2,-4382.3535800787995,-429.00000000000006,-58.73196344572949,0.0,-4382.3535800787995,-52.526109028179306,-1.1252321820848958,1.1204316532298049,0.04887321082971942,break_dn
USDJPY.a,15m,-1,0.85,2021-04-13 02:45:00,109.36646864091504,2021-04-13 03:00:00,109.4272399516054,109.4131998443085,109.28060031138301,stop,1,-5165.561408680262,-1105.0,-88.40912023675476,0.0,-5165.561408680262,-61.94858810128602,-1.3004439491681303,3.1356213502839454,0.22401821812527556,break_dn
USDJPY.a,15m,1,0.46,2021-04-13 05:45:00,109.65885233659473,2021-04-13 09:15:00,109.57154123874854,109.57285637920604,109.7892872415879,stop,14,-4016.310500925044,-598.0,-60.49646104501265,0.0,-4016.310500925044,-48.16036759774216,-1.01529304978329,1.1146144482291453,1.0831632815510974,break_up
USDJPY.a,15m,-1,0.34,2021-04-13 12:30:00,109.28259682787805,2021-04-13 13:30:00,109.41194644366377,109.39682966944305,109.05834066111392,stop,4,-4397.886936714258,-442.00000000000006,-71.9703235040722,0.0,-4397.886936714258,-52.82449869394336,-1.1323329964799445,1.395423329561845,0.4166650082933476,break_dn
USDJPY.a,15m,-1,0.27,2021-04-13 16:45:00,109.18196123814957,2021-04-13 17:15:00,109.34000991450355,109.32402988323271,108.90394023353457,stop,2,-4267.314261557602,-351.00000000000006,-80.46084431269986,0.0,-4267.314261557602,-51.24313947741517,-1.112481056333653,1.0631393138298568,0.07715452021906359,break_dn
USDJPY.a,15m,-1,0.31,2021-04-13 19:15:00,109.15641542249008,2021-04-14 02:45:00,108.9265326784198,109.2787336607901,108.9135326784198,target,30,7126.365066178707,-403.00000000000006,-0.0,-1460.1,5666.265066178707,68.02598576861321,1.4943212607589098,0.2827426064222084,2.186226896386435,break_dn
USDJPY.a,15m,-1,0.33,2021-04-14 03:00:00,108.92107894290011,2021-04-14 10:30:00,109.05271490191248,109.03773781881242,108.69352436237517,stop,30,-4343.986647408244,-429.00000000000006,-65.24374230211063,0.0,-4343.986647408244,-51.91029204060348,-1.1283835711851196,1.2851234501229407,1.4493448661995618,break_dn
USDJPY.a,15m,-1,0.63,2021-04-14 23:00:00,108.89719863134837,2021-04-15 00:00:00,108.97338742997114,108.95913037678787,108.77273924642428,stop,4,-4799.894313234276,-819.0000000000001,-79.19435054614057,-989.0999999999999,-5788.994313234276,-68.82826631053392,-1.4837107846821287,1.2885373742549118,0.26155618953448223,break_dn
USDJPY.a,15m,-1,0.43,2021-04-15 03:15:00,108.84526999492716,2021-04-15 09:00:00,108.95020851969971,108.93616733128543,108.66566533742915,stop,23,-4512.356565219633,-559.0,-44.77110181382615,0.0,-4512.356565219633,-53.62675027048211,-1.1544730459310653,1.2401904124947494,0.4430272276454355,break_dn
USDJPY.a,15m,-1,0.32,2021-04-15 10:30:00,108.81514498906982,2021-04-16 04:00:00,108.94908679053817,108.93439069843797,108.58221860312405,stop,70,-4286.137646987299,-416.00000000000006,-54.2749472064164,-502.3999999999999,-4788.537646987299,-56.8818101974293,-1.2549030255366926,1.0554259067018674,1.7203553080176972,break_dn
USDJPY.a,15m,1,0.33,2021-04-16 10:45:00,108.9560006504997,2021-04-16 11:15:00,108.83991527696932,108.84139943463094,109.14320113073809,stop,2,-3830.817326502597,-429.00000000000006,-48.97720283333762,0.0,-3830.817326502597,-45.45762305090766,-1.01295062753367,1.1605518274083695,0.08725343291070964,break_up
USDJPY.a,15m,-1,0.6,2021-04-16 20:15:00,108.77315246939982,2021-04-19 03:45:00,108.66211721741658,108.83644139129171,108.64911721741657,target,30,6662.115118994337,-780.0000000000001,-0.0,-941.9999999999998,5720.115118994337,68.2154418325039,1.5063497549552374,0.9930257732550766,2.3250904739879217,break_dn
USDJPY.a,15m,-1,0.31,2021-04-19 04:45:00,108.63186662368369,2021-04-19 10:30:00,108.39307896783302,108.75496051608349,108.38007896783301,target,23,7402.417331370828,-403.00000000000006,-0.0,0.0,7402.417331370828,88.0706263246073,1.939882241071057,0.41540140878996756,2.249231202994693,break_dn
USDJPY.a,15m,-1,0.2,2021-04-19 11:00:00,108.21963822709814,2021-04-20 09:30:00,108.42192873465018,108.40721523025552,107.84856953948898,stop,90,-4045.8101510407123,-260.0,-34.27008789317825,-314.0,-4359.810151040712,-51.501690407524066,-1.162138769053407,1.3240523556797095,1.3095327410261302,break_dn
USDJPY.a,15m,1,0.17,2021-04-20 09:45:00,108.46416788367289,2021-04-20 17:00:00,108.23841849953766,108.24048825013584,108.86902349972833,stop,29,-3837.739530298862,-221.00000000000003,-35.18576016905315,0.0,-3837.739530298862,-45.80259420195734,-1.0092531920115058,1.0513602868270893,0.3747865418119609,break_up
USDJPY.a,15m,-1,0.32,2021-04-21 03:30:00,107.96702171142107,2021-04-21 03:45:00,108.09988006174572,108.08515101693934,107.73369796612134,stop,1,-4251.46721038891,-416.00000000000006,-55.329433804182266,0.0,-4251.46721038891,-50.91653567385824,-1.124685781752179,1.1426316948766237,0.32186519047288625,break_dn
USDJPY.a,15m,1,0.27,2021-04-21 17:15:00,108.2023789525647,2021-04-21 22:15:00,108.0604631555278,108.06169156519758,108.44361686960482,stop,20,-3831.7265199963376,-351.00000000000006,-33.167061084172076,0.0,-3831.7265199963376,-45.728165550823626,-1.0087314839856454,1.0546713201625117,0.0,break_up
USDJPY.a,15m,-1,0.87,2021-04-22 01:30:00,108.05844513251745,2021-04-22 03:15:00,108.11593815135133,108.10191309236484,107.97317381527031,stop,7,-5001.89263854766,-1131.0,-89.18013182382062,0.0,-5001.89263854766,-59.67740583916351,-1.3226528007233465,1.8992119200531725,1.8736819672095502,break_dn
USDJPY.a,15m,-1,0.52,2021-04-22 05:15:00,107.98717710788334,2021-04-22 10:00:00,107.85758035535076,108.05970982232462,107.84458035535076,target,19,6739.031131694048,-676.0000000000001,-0.0,0.0,6739.031131694048,80.59574614108104,1.7867351791651838,0.8799187043844905,2.3875724108401504,break_dn
USDJPY.a,15m,1,0.39,2021-04-22 15:00:00,108.0912001617583,2021-04-22 17:00:00,107.9918376354296,107.99392341663477,108.23115316673044,stop,8,-3875.138526818916,-507.00000000000006,-81.34546700178781,0.0,-3875.138526818916,-46.42186045495078,-1.021441724869791,1.523490137032349,1.159576608967178,break_up
USDJPY.a,15m,1,0.35,2021-04-22 20:00:00,108.21744669002786,2021-04-22 20:00:00,108.10836443022491,108.11053446526668,108.39093106946662,stop,0,-3817.879093103116,-455.00000000000006,-75.95122646207126,0.0,-3817.879093103116,-45.83387141791239,-1.020297351838101,1.1172407111972709,0.1454773764823603,break_up
USDJPY.a,15m,-1,0.5,2021-04-23 00:00:00,107.96200687811213,2021-04-23 04:00:00,107.84417162219954,108.03641418890024,107.83117162219953,target,16,5891.762795629774,-650.0000000000001,-0.0,0.0,5891.762795629774,70.7025688263304,1.5836515883253135,0.5509286850132943,2.1369792353463177,break_dn
USDJPY.a,15m,-1,0.48,2021-04-23 12:30:00,107.88907576157543,2021-04-23 15:00:00,107.7474123325578,107.9677938337211,107.7344123325578,target,10,6799.844592846057,-624.0,-0.0,0.0,6799.844592846057,81.7038478730303,1.7996303155832187,0.4817729574778836,2.808449896566262,break_dn
USDJPY.a,15m,-1,0.49,2021-04-26 03:45:00,107.83009759654352,2021-04-26 07:00:00,107.69095739881139,107.90752130059431,107.67795739881139,target,13,6817.869688874481,-637.0,-0.0,0.0,6817.869688874481,81.41371359139568,1.7971265962793714,0.8641075014002935,2.0290633013433754,break_dn
USDJPY.a,15m,-1,0.61,2021-04-26 07:15:00,107.6860974425057,2021-04-26 08:30:00,107.76319886198263,107.74892236668008,107.56315526663984,stop,5,-4703.186588092863,-793.0000000000001,-77.86621345511462,0.0,-4703.186588092863,-56.14612686623024,-1.2272425393292494,1.0330702081575331,0.5586547531403978,break_dn
USDJPY.a,15m,1,0.51,2021-04-27 01:45:00,108.17275029352464,2021-04-27 04:15:00,108.28094827701129,108.09802586149436,108.28094827701129,target,10,5518.097157819014,-663.0000000000001,-0.0,0.0,5518.097157819014,65.39385983518363,1.4479599315362266,0.9735810838303769,1.5423296416445407,break_up
USDJPY.a,15m,1,0.33,2021-04-27 04:30:00,108.29003749837585,2021-04-27 09:00:00,108.17144661228129,108.1728706452593,108.4822587094814,stop,18,-3913.4992411206754,-429.00000000000006,-46.993088274416465,0.0,-3913.4992411206754,-46.40280204824836,-1.0121538894331432,1.0586398377744495,0.8104894780239909,break_up
USDJPY.a,15m,1,0.29,2021-04-27 17:45:00,108.50436919755177,2021-04-27 21:00:00,108.72756015214402,108.374219923928,108.72756015214402,target,13,6472.537683175388,-377.0,-0.0,0.0,6472.537683175388,76.64571476537964,1.7148843660660176,0.6636164393927562,1.7643648408828678,break_up
USDJPY.a,15m,1,0.44,2021-04-27 21:15:00,108.73110415315854,2021-04-28 00:00:00,108.64252920260587,108.64389512682128,108.87220974635744,stop,11,-3897.2978243174343,-572.0,-60.10066547768524,397.31999999999994,-3499.977824317434,-41.447827227897825,-0.912118319553821,1.056130965186458,0.5033406366871636,break_up
USDJPY.a,15m,1,0.5,2021-04-28 04:00:00,108.928934873265,2021-04-28 05:00:00,108.85096794140466,108.85239086552436,109.0402182689513,stop,4,-3898.3465930172656,-650.0000000000001,-71.14620598488031,0.0,-3898.3465930172656,-46.27067526866683,-1.018589621339342,1.0181707956691977,0.24907405945588207,break_up
USDJPY.a,15m,1,0.35,2021-04-28 08:45:00,108.88973611853748,2021-04-28 09:45:00,109.05345379121478,108.7797731043926,109.05345379121478,target,4,5730.118543705274,-455.00000000000006,-0.0,0.0,5730.118543705274,67.92562082771903,1.4888430801068078,0.2067615071693514,1.5029042514674915,break_up
USDJPY.a,15m,1,0.38,2021-04-28 13:45:00,108.95398091986723,2021-04-28 14:45:00,108.84934905806952,108.85107867381537,109.11784265236926,stop,4,-3976.010748313115,-494.00000000000006,-65.72539834202865,0.0,-3976.010748313115,-47.13346257785931,-1.0168083381287207,1.0396363925167913,0.4666475414788944,break_up
USDJPY.a,15m,-1,0.42,2021-04-29 00:15:00,108.59371707265997,2021-04-29 09:00:00,108.69938139390537,108.68504091512649,108.41491816974701,stop,35,-4437.901492306764,-546.0,-56.30010871253941,0.0,-4437.901492306764,-52.39784679734437,-1.15702885896565,1.1857027082464515,1.7379587671001775,break_dn
USDJPY.a,15m,1,0.37,2021-04-29 21:30:00,108.96417923862663,2021-04-30 02:30:00,108.86038321182696,108.86157945856662,109.12684108286676,stop,20,-3840.4529915878243,-481.00000000000006,-44.261129367891584,111.36999999999998,-3729.0829915878244,-44.02876930180841,-0.9823220550836256,1.0251409755958585,0.0,break_up
USDJPY.a,15m,1,0.45,2021-04-30 03:45:00,109.01204667285297,2021-04-30 03:45:00,108.92477774761716,108.9263477568966,109.13830448620679,stop,0,-3927.101635611834,-585.0,-70.6504175754502,0.0,-3927.101635611834,-46.34793379493418,-1.0183200599672322,1.3541206625303521,0.5245495423759249,break_up
USDJPY.a,15m,-1,0.36,2021-04-30 05:30:00,108.750832295979,2021-04-30 06:30:00,108.87016304741412,108.85557103284167,108.54185793431668,stop,4,-4295.9070516646425,-468.00000000000006,-57.312524608417235,0.0,-4295.9070516646425,-50.734795387801185,-1.1393182217920936,1.0518334221029975,0.046136664654795295,break_dn
USDJPY.a,15m,-1,0.4,2021-04-30 08:45:00,108.79399618359326,2021-04-30 10:45:00,108.90273681725508,108.88802280651693,108.60895438696615,stop,8,-4349.625346472408,-520.0,-68.56042952566041,0.0,-4349.625346472408,-51.42673649648955,-1.1564877082748326,1.042298589052759,0.6061706974155899,break_dn
USDJPY.a,15m,1,0.33,2021-04-30 17:00:00,109.0223862516248,2021-04-30 17:45:00,109.20020959142337,108.91039520428832,109.20020959142337,target,3,5868.170213353096,-429.00000000000006,-0.0,0.0,5868.170213353096,69.51174617258035,1.5878353138739147,0.3338325028113131,2.711053745778441,break_up
USDJPY.a,15m,1,0.17,2021-04-30 18:00:00,109.30069792254936,2021-05-03 11:00:00,109.68921352150866,109.08589323924568,109.68921352150866,target,68,6604.765182308129,-221.00000000000003,-0.0,51.169999999999995,6655.935182308129,78.58569349825484,1.822705133508552,0.28722801384237195,1.8495969051519296,break_up
USDJPY.a,15m,-1,0.51,2021-05-03 23:15:00,109.09211995062888,2021-05-04 03:00:00,109.18195525723253,109.16779753023944,108.9464049395211,stop,15,-4581.600636785964,-663.0000000000001,-59.04407664721957,-800.6999999999999,-5382.300636785963,-63.618209222949986,-1.3945386090139427,1.121601005316547,0.9794175634357253,break_dn
USDJPY.a,15m,1,0.48,2021-05-04 07:00:00,109.27072979248838,2021-05-04 10:00:00,109.38993550296253,109.19203224851873,109.38993550296253,target,12,5721.874102759102,-624.0,-0.0,0.0,5721.874102759102,67.73400120615321,1.5147322833875863,0.17446278239218196,2.1254819283321202,break_up
USDJPY.a,15m,1,0.43,2021-05-04 13:15:00,109.47401502185593,2021-05-04 13:30:00,109.38280128588077,109.38440363775155,109.61119272449689,stop,1,-3922.1906469318665,-559.0,-68.901130443264,0.0,-3922.1906469318665,-46.429873780425304,-1.0178811195339428,1.0491414991026287,0.06678814532201152,break_up
USDJPY.a,15m,1,0.62,2021-05-05 02:30:00,109.34470730130919,2021-05-05 05:15:00,109.28241420096326,109.28344353039745,109.42911293920508,stop,11,-3862.172221447395,-806.0000000000001,-63.81842491993147,0.0,-3862.172221447395,-45.721840639645436,-1.0168016009930596,1.1378225706936609,0.5271092231220077,break_up
USDJPY.a,15m,1,0.65,2021-05-05 09:15:00,109.40472895783641,2021-05-05 09:30:00,109.47997373984781,109.3465131300761,109.47997373984781,target,1,4890.910830740722,-845.0000000000001,-0.0,0.0,4890.910830740722,57.93088001165144,1.2925141650686855,0.2701835298327592,1.327320165947602,break_up
USDJPY.a,15m,-1,0.27,2021-05-05 16:45:00,109.19465874296044,2021-05-06 04:00:00,109.34973660077385,109.33538913351038,108.91722173297924,stop,45,-4187.10216096207,-351.00000000000006,-36.3816161136918,-423.9,-4611.00216096207,-54.38236527464615,-1.2135108639012508,1.1748795437392876,0.2462776009148359,break_dn
USDJPY.a,15m,1,0.46,2021-05-06 05:15:00,109.35790440924002,2021-05-06 09:30:00,109.27463852888802,109.27614188972844,109.47971622054311,stop,17,-3830.2304961920863,-598.0,-69.15459865894779,0.0,-3830.2304961920863,-45.25979923963261,-1.018386919206956,1.2218851600563707,0.8695376706182263,break_up
USDJPY.a,15m,-1,0.28,2021-05-06 12:30:00,109.14481485759461,2021-05-06 15:30:00,109.29550432340052,109.28065837441919,108.87968325116164,stop,12,-4219.305042565509,-364.00000000000006,-51.68657147700891,0.0,-4219.305042565509,-49.851644187422934,-1.1092871366139851,1.1423816611416513,0.6022728173348127,break_dn
USDJPY.a,15m,-1,0.39,2021-05-06 21:30:00,109.02989498286328,2021-05-07 03:45:00,109.1400966940178,109.12573326183613,108.83853347632774,stop,25,-4297.866735026148,-507.00000000000006,-53.173855084988354,-612.3,-4910.166735026148,-57.83287913673872,-1.3136891908314077,1.2427708261587276,0.9692889298398449,break_dn
USDJPY.a,15m,1,0.56,2021-05-07 10:00:00,109.18387226280876,2021-05-07 10:00:00,109.11586294075825,109.11717133497137,109.27865733005727,stop,0,-3808.5220348287976,-728.0000000000001,-73.27007593524158,0.0,-3808.5220348287976,-44.92046748952706,-1.019615832276213,1.5722759219247953,0.0,break_up
USDJPY.a,15m,1,0.51,2021-05-07 14:15:00,109.16985368507818,2021-05-07 15:00:00,109.27300304519412,109.09749847740295,109.27300304519412,target,3,5260.617365912708,-663.0000000000001,-0.0,0.0,5260.617365912708,61.9539522606168,1.4255969049101036,0.5508060353730249,1.6466861024933452,break_up
USDJPY.a,15m,-1,0.07,2021-05-07 15:45:00,108.62285635136104,2021-05-10 16:00:00,108.70933072695055,109.12143850339183,107.65012299321634,signal,97,-605.3206291266237,-91.00000000000001,-18.63017730773074,-109.89999999999999,-715.2206291266236,-8.358265071859702,-0.20492986997899473,0.8687508104225315,0.5713328289044938,break_dn
USDJPY.a,15m,1,0.62,2021-05-11 00:00:00,108.82806133852803,2021-05-11 00:00:00,108.76571302831583,108.76730503610787,108.97338992778425,stop,0,-3865.595233156455,-1054.0,-98.70448310692753,0.0,-3865.595233156455,-45.35445531824078,-1.0262031711711446,1.2189902212260233,0.031908812662118036,break_up
USDJPY.a,15m,1,0.5,2021-05-11 02:15:00,108.8458198338295,2021-05-11 03:45:00,108.9527455299696,108.77162723501519,108.9527455299696,target,6,5346.284807005475,-650.0000000000001,-0.0,0.0,5346.284807005475,62.698516703840085,1.4411908714470174,0.7523639112466949,1.8489737300327138,break_up
USDJPY.a,15m,1,0.44,2021-05-11 11:00:00,108.95202389056585,2021-05-11 11:30:00,108.86578998898939,108.86738088826716,109.07923822346568,stop,2,-3794.291669364384,-572.0,-69.9995682217703,0.0,-3794.291669364384,-44.429426985267376,-1.018795402272694,1.35892970998301,0.3187045438080117,break_up
USDJPY.a,15m,-1,0.25,2021-05-11 13:30:00,108.69881131412879,2021-05-11 16:00:00,108.41493337676455,108.84603331161772,108.40193337676455,target,10,7096.948434105954,-325.00000000000006,-0.0,0.0,7096.948434105954,83.2237039123741,1.9282304425029237,0.46996160255477326,2.2945709193640926,break_dn
USDJPY.a,15m,-1,0.6,2021-05-11 23:45:00,108.62913759339273,2021-05-12 02:45:00,108.70655691339753,108.69248035577571,108.50503928844856,stop,12,-4645.159200288447,-780.0000000000001,-64.59345730885458,-2825.999999999999,-7471.159200288446,-87.68027330121943,-1.9658018583390802,1.608114372899937,1.2809291912806933,break_dn
USDJPY.a,15m,1,0.54,2021-05-12 06:00:00,108.91079643366503,2021-05-12 06:30:00,108.84012070627594,108.84128563451105,109.00842873097791,stop,2,-3816.4892790107106,-702.0000000000001,-62.9061246963855,0.0,-3816.4892790107106,-45.02637935578294,-1.0167589532747638,1.20551676408453,0.0,break_up
USDJPY.a,15m,1,0.11,2021-05-12 15:45:00,109.15371753587826,2021-05-13 03:00:00,109.77389536783079,108.8170523160846,109.77389536783079,target,45,6821.956151477849,-143.0,-0.0,33.10999999999999,6855.0661514778485,80.89786019327121,1.851060921393905,0.7565899917858233,1.8810451062033837,break_up
USDJPY.a,15m,-1,0.43,2021-05-13 19:30:00,109.52180073400962,2021-05-14 03:15:00,109.62344271710512,109.60931064862125,109.35337870275751,stop,31,-4370.605273106691,-559.0,-48.67894480650878,-675.0999999999999,-5045.705273106691,-59.633449009631164,-1.3408992982825974,1.0307319620946251,1.311859742054454,break_dn
USDJPY.a,15m,-1,0.37,2021-05-14 09:30:00,109.43124373326197,2021-05-14 15:30:00,109.2468476168908,109.5310761915546,109.2338476168908,target,24,6822.656305732962,-481.00000000000006,-0.0,0.0,6822.656305732962,80.43663543913549,1.8470557524551907,0.2780284810444727,2.43651951902199,break_dn
USDJPY.a,15m,-1,0.38,2021-05-14 21:15:00,109.40609548262034,2021-05-17 00:00:00,109.26435966680656,109.50432016659673,109.20635966680655,target,11,5385.9610009239705,-2204.0,-0.0,-596.5999999999999,4789.361000923971,56.39321414874375,1.2831379110783634,0.11101605969309314,2.2305542125544044,break_dn
USDJPY.a,15m,-1,0.05,2021-05-17 00:15:00,109.24115231767207,2021-05-18 00:30:00,109.21480269028851,109.93087764858993,107.84924470282013,signal,97,131.74813691783527,-65.0,-8.026902885137297,-78.5,53.24813691783527,0.6277365316004309,0.015440388958014716,0.3796405186097359,0.24089635427912262,break_dn
USDJPY.a,15m,1,0.54,2021-05-18 03:30:00,109.26974780386332,2021-05-18 03:30:00,109.19817958909934,109.19930129489433,109.36939741021135,stop,0,-3864.683597255209,-702.0000000000001,-60.572112929335375,0.0,-3864.683597255209,-45.50210460701692,-1.015922801731453,1.0468624342446955,0.0,break_up
USDJPY.a,15m,-1,0.55,2021-05-18 04:15:00,109.14213597482225,2021-05-18 06:45:00,109.2244714628917,109.21024970737295,108.9995005852541,stop,10,-4528.451843819568,-715.0000000000001,-67.19655353048974,0.0,-4528.451843819568,-53.20186757493363,-1.2087942473004454,1.113784582591805,0.5452054003149392,break_dn
USDJPY.a,15m,-1,0.49,2021-05-18 09:00:00,109.14319660834452,2021-05-18 10:15:00,109.00501936017909,109.21999031991047,108.99201936017909,target,5,6770.6851601062535,-637.0,-0.0,0.0,6770.6851601062535,79.63745725431856,1.7993302491543803,0.1406806812064962,2.2423269410107927,break_dn
USDJPY.a,15m,1,0.41,2021-05-19 11:00:00,109.08994029409602,2021-05-19 13:45:00,109.24989806864005,108.99955096567997,109.24989806864005,target,11,6558.268756305053,-533.0,-0.0,0.0,6558.268756305053,77.4636679065232,1.7696533135831958,0.629944873956065,1.7707810059970703,break_up
USDJPY.a,15m,-1,0.28,2021-05-19 17:15:00,108.70514752964297,2021-05-19 20:00:00,108.8543107929655,108.8391255145337,108.43674897093258,stop,11,-4176.571373030982,-364.00000000000006,-61.18779609032482,0.0,-4176.571373030982,-49.452568346437914,-1.113341594473042,1.2005888167986078,1.0012654672510388,break_dn
USDJPY.a,15m,1,0.44,2021-05-20 07:00:00,109.14982311505636,2021-05-20 09:30:00,109.06252339072152,109.06377072773442,109.28045854453114,stop,10,-3841.1878707329947,-572.0,-54.882828567379065,0.0,-3841.1878707329947,-45.445298957182,-1.0144950890000544,1.1948897439844601,0.2577137675525968,break_up
USDJPY.a,15m,-1,0.29,2021-05-20 16:45:00,108.81379695561526,2021-05-21 17:00:00,108.89437301973956,108.94281170168813,108.55937659662374,signal,97,-2336.705859604734,-377.0,-79.63514489414065,-455.2999999999999,-2792.005859604734,-33.12268449867394,-0.7462407752205578,0.9782063541283648,1.579640791604965,break_dn
USDJPY.a,15m,1,0.54,2021-05-24 01:00:00,108.9237125516415,2021-05-24 06:00:00,108.85330173798248,108.8544359808968,108.99712803820641,stop,20,-3802.1839375872732,-702.0000000000001,-61.24911737339596,0.0,-3802.1839375872732,-45.20511774585069,-1.0163726769689319,1.1362073901084044,1.0290268064972385,break_up
USDJPY.a,15m,-1,0.8,2021-05-24 23:15:00,108.75542226010934,2021-05-25 01:00:00,108.81583939265977,108.8019768899258,108.6640462201484,stop,7,-4833.370604034144,-1040.0,-69.00021871693848,-1256.0,-6089.370604034144,-72.18347794900147,-1.6350067189992366,1.0434566891022747,0.7393949913263137,break_dn
USDJPY.a,15m,-1,0.37,2021-05-25 09:45:00,108.6441552028289,2021-05-25 11:00:00,108.75709044879014,108.74229410720986,108.45041178558027,stop,5,-4178.604100565849,-481.00000000000006,-66.46463847027678,0.0,-4178.604100565849,-49.47659179281795,-1.1507693780933412,2.0363463239341812,0.8575111303690377,break_dn
USDJPY.a,15m,1,0.39,2021-05-25 13:15:00,108.86921278022334,2021-05-25 15:45:00,109.02125030882954,108.77487484558523,109.02125030882954,target,10,5929.463615641823,-507.00000000000006,-0.0,0.0,5929.463615641823,70.13022973497573,1.6116266397970251,0.341461580083407,1.937579198419714,break_up
USDJPY.a,15m,1,0.28,2021-05-25 16:30:00,109.04932848190224,2021-05-25 16:45:00,108.91686603612722,108.91885999306248,109.26728001387502,stop,1,-3708.9484817005314,-364.00000000000006,-55.83079418729299,0.0,-3708.9484817005314,-43.90113613190435,-1.0152830538086086,1.0065915767870444,0.11245257937935302,break_up
USDJPY.a,15m,-1,0.68,2021-05-26 03:15:00,108.76332623023605,2021-05-26 03:45:00,108.83150117341856,108.81735683344324,108.66028633311352,stop,2,-4635.89613641085,-884.0000000000001,-77.81511832092735,0.0,-4635.89613641085,-54.9827903380156,-1.2617838620286503,1.196984040987791,0.5242627058487981,break_dn
USDJPY.a,15m,-1,0.57,2021-05-26 04:15:00,108.7372251583135,2021-05-26 06:15:00,108.81542306655565,108.8013714754262,108.61125704914761,stop,8,-4457.28076980231,-741.0,-59.94069437860039,0.0,-4457.28076980231,-52.605488979188486,-1.2190553060867673,1.1345131717951995,0.22176110732153398,break_dn
USDJPY.a,15m,1,0.52,2021-05-26 09:30:00,108.86068624800083,2021-05-26 16:00:00,108.95881571877057,108.79109214061471,108.95881571877057,target,26,5102.73248002619,-676.0000000000001,-0.0,0.0,5102.73248002619,60.44342791407225,1.4100255676143736,0.9007407430780416,1.929958685352058,break_up
USDJPY.a,15m,1,0.32,2021-05-26 16:15:00,109.00386045721442,2021-05-26 17:15:00,108.88898826613021,108.8904761820442,109.18604763591162,stop,4,-3675.9101146944886,-416.00000000000006,-47.61330924736498,0.0,-3675.9101146944886,-43.5607248807204,-1.0131227713168343,1.0747562396237598,0.468667658772002,break_up
USDJPY.a,15m,1,0.38,2021-05-26 18:45:00,109.11017641725466,2021-05-27 15:00:00,109.25824038473678,109.01487980763162,109.25824038473678,target,81,5626.430764320418,-494.00000000000006,-0.0,114.37999999999998,5740.8107643204185,67.83611432781503,1.5853026469640294,0.7678805945364846,2.999304842805322,break_up
USDJPY.a,15m,1,0.4,2021-05-27 15:15:00,109.39819753021045,2021-05-27 15:30:00,109.3038552328004,109.30576964987924,109.54046070024152,stop,1,-3773.691896402056,-520.0,-76.57668315360468,0.0,-3773.691896402056,-44.59171455594612,-1.0207125498494203,1.2571696959192753,0.019501364556814813,break_up
USDJPY.a,15m,1,0.46,2021-05-28 01:45:00,109.84882939315094,2021-05-28 14:15:00,109.96877225386125,109.76961387306937,109.96877225386125,target,50,5517.371592674266,-598.0,-0.0,0.0,5517.371592674266,65.1433880851354,1.5141333489550441,0.6542833159155526,1.819979300781196,break_up
USDJPY.a,15m,1,0.41,2021-05-28 15:00:00,110.06095323195501,2021-05-28 15:30:00,109.96936604700167,109.97102030363736,110.1959593927253,stop,2,-3755.074583086952,-533.0,-67.82452206300523,0.0,-3755.074583086952,-44.36616955618572,-1.0183943374983409,1.0447033551844447,0.5120123285916666,break_up
USDJPY.a,15m,1,0.35,2021-05-28 15:45:00,110.11618120648876,2021-05-28 16:30:00,110.01015302944933,110.01212322842298,110.27575354315402,stop,3,-3710.98619638019,-455.00000000000006,-68.95696407775526,0.0,-3710.98619638019,-43.77201995429545,-1.0189336657339843,1.1261145821484995,0.8055008858451385,break_up
USDJPY.a,15m,-1,0.03,2021-05-31 00:15:00,109.75805145403326,2021-06-01 00:30:00,109.59666097412976,110.91171191569128,107.46557616861745,signal,97,484.1714397105079,-69.0,-3.9658447786483078,-47.099999999999994,437.0714397105079,5.157411997035154,0.12628540610130543,0.15424689662242405,0.3511010973290504,break_dn
USDJPY.a,15m,-1,0.6,2021-06-01 01:15:00,109.5403567492117,2021-06-01 03:15:00,109.43680376125923,109.60109811937039,109.42380376125922,target,8,6213.179277148129,-780.0000000000001,-0.0,0.0,6213.179277148129,73.29636465219002,1.704818111312319,0.47156082771053714,2.0637787538242676,break_dn
USDJPY.a,15m,-1,0.61,2021-06-01 03:45:00,109.4122002460244,2021-06-01 07:00:00,109.48640207472414,109.47229444483979,109.29441111032041,stop,13,-4526.31155068427,-793.0000000000001,-67.56542294545726,0.0,-4526.31155068427,-53.365102177018024,-1.2347585983746687,1.2114273159584161,1.3678565925625632,break_dn
USDJPY.a,15m,1,0.61,2021-06-02 06:45:00,109.64863934796551,2021-06-02 09:00:00,109.72735418408278,109.58882290795862,109.72735418408278,target,9,4801.605003153541,-793.0000000000001,-0.0,0.0,4801.605003153541,56.58915475157234,1.315939833734566,0.7629900402005846,1.6276570792787712,break_up
USDJPY.a,15m,-1,0.67,2021-06-02 21:00:00,109.56520205559163,2021-06-03 03:00:00,109.6340378601014,109.62023546814315,109.4545290637137,stop,24,-4611.998902154881,-871.0000000000001,-53.760261202182576,-1051.8999999999999,-5663.8989021548805,-66.65985985032948,-1.5360814565266157,1.3591369486372749,0.7123319048210673,break_dn
USDJPY.a,15m,1,0.68,2021-06-03 07:30:00,109.71259097165675,2021-06-03 09:00:00,109.77972572257802,109.65863713871099,109.77972572257802,target,6,4565.16306264632,-884.0000000000001,-0.0,0.0,4565.16306264632,53.84784001445344,1.2442999367394947,0.38164057180992095,1.2679178588112296,break_up
USDJPY.a,15m,1,0.2,2021-06-03 15:30:00,109.94222427855826,2021-06-03 18:30:00,110.25418237953326,109.76490881023336,110.25418237953326,target,12,6239.1620195001005,-260.0,-0.0,0.0,6239.1620195001005,73.93493268505132,1.7593394638498765,0.3227258123549647,1.9275008811725314,break_up
USDJPY.a,15m,-1,0.45,2021-06-04 13:00:00,110.1132587113607,2021-06-04 15:30:00,109.96556452016341,110.1947177399183,109.9525645201634,target,10,6646.23860387799,-585.0,-0.0,0.0,6646.23860387799,78.48128091138953,1.81311014644433,0.6351817540116821,4.348918930578561,break_dn
USDJPY.a,15m,-1,0.5,2021-06-04 23:00:00,109.50210872177038,2021-06-07 00:00:00,109.59168980970867,109.57708281376235,109.35483437247531,stop,4,-4479.054396914251,-650.0000000000001,-80.3497973161331,-784.9999999999999,-5264.054396914251,-62.141998418895,-1.4042329175466728,1.0389092573200576,1.962127421111707,break_dn
USDJPY.a,15m,-1,0.26,2021-06-07 00:15:00,109.44497947869989,2021-06-07 01:45:00,109.59895340390861,109.58448505006263,109.15102989987474,stop,6,-4003.322055426651,-338.00000000000006,-38.17719999551083,0.0,-4003.322055426651,-47.207604767256065,-1.1037116561342544,1.0753729749619356,0.19339355723461116,break_dn
USDJPY.a,15m,-1,0.32,2021-06-07 07:45:00,109.43505909956042,2021-06-07 09:45:00,109.5647492960593,109.55022156213128,109.19555687573744,stop,8,-4150.086287964314,-416.00000000000006,-48.88748569666464,0.0,-4150.086287964314,-48.97076383305799,-1.1261499068681364,1.119643480706486,0.4694159742125518,break_dn
USDJPY.a,15m,-1,0.34,2021-06-07 12:00:00,109.3657582574613,2021-06-07 13:30:00,109.48791484197841,109.47319104281704,109.15461791436594,stop,6,-4153.323873581883,-442.00000000000006,-58.60917148636428,0.0,-4153.323873581883,-48.981273643213015,-1.1370512652410423,1.0913032008849874,0.0,break_dn
USDJPY.a,15m,-1,0.48,2021-06-07 14:30:00,109.35981241552396,2021-06-07 16:15:00,109.22155215076536,109.43572392461732,109.20855215076536,target,7,6636.4927084127885,-624.0,-0.0,0.0,6636.4927084127885,78.31423525367826,1.8213346883746129,0.04199079314992433,2.2238052903986767,break_dn
USDJPY.a,15m,-1,0.83,2021-06-08 00:15:00,109.2374717400434,2021-06-08 02:45:00,109.29549640296996,109.28184092074014,109.15331815851974,stop,10,-4816.047022904143,-1079.0,-54.405025074926556,0.0,-4816.047022904143,-56.82361419259274,-1.3077695376698162,1.0261235218154308,0.12332299036135122,break_dn
USDJPY.a,15m,1,0.46,2021-06-08 10:30:00,109.51185434015011,2021-06-08 13:15:00,109.43161088089498,109.43307531491917,109.62784937016168,stop,11,-3691.199125735949,-598.0,-67.36396511241492,0.0,-3691.199125735949,-43.549969827645334,-1.018589136129735,1.8514362131612032,0.5857607366252724,break_up
USDJPY.a,15m,1,0.45,2021-06-08 20:30:00,109.52090129719161,2021-06-09 03:00:00,109.43842133708199,109.43924261234503,109.64851477530995,stop,26,-3711.5982049330396,-585.0,-36.95738683676349,406.34999999999997,-3305.2482049330397,-39.0031647772515,-0.8994751782693278,1.2968773302014946,0.0,break_up
USDJPY.a,15m,-1,0.57,2021-06-09 14:45:00,109.36015254350265,2021-06-09 16:30:00,109.24558730598277,109.42370634700862,109.23258730598276,target,7,6530.218538633362,-741.0,-0.0,0.0,6530.218538633362,77.07370427229971,1.8026495850736146,0.9888858420794552,2.110849958650441,break_dn
USDJPY.a,15m,1,0.61,2021-06-10 07:15:00,109.57058879614742,2021-06-10 09:00:00,109.50913996869602,109.51011377388058,109.65077245223885,stop,7,-3748.3784745354137,-793.0000000000001,-59.402116258358504,0.0,-3748.3784745354137,-44.2208158258335,-1.016102601504808,1.531025416392264,0.15562133753424473,break_up
USDJPY.a,15m,-1,0.41,2021-06-10 09:15:00,109.48535859679052,2021-06-10 15:00:00,109.58804471042723,109.57374453300835,109.31051093398331,stop,23,-4210.130659105004,-533.0,-53.30727417380653,0.0,-4210.130659105004,-49.54532959079581,-1.1617924528584613,1.2631127528516293,0.38873375404257315,break_dn
USDJPY.a,15m,1,0.32,2021-06-10 16:15:00,109.7133303437982,2021-06-10 16:45:00,109.59751969403446,109.59976393971223,109.89447212057551,stop,2,-3705.940792439833,-416.00000000000006,-71.81586168882059,0.0,-3705.940792439833,-43.623422420151336,-1.0197615280314198,1.4205815980231942,0.7191357061897542,break_up
USDJPY.a,15m,-1,0.34,2021-06-10 19:45:00,109.43660322411421,2021-06-11 11:15:00,109.55695679148945,109.54239167260835,109.22921665478331,stop,62,-4092.021290758396,-442.00000000000006,-53.21404195759236,-533.8,-4625.821290758396,-54.407385376865065,-1.2860909608933877,1.2515239401883353,1.2345698039181212,break_dn
USDJPY.a,15m,1,0.23,2021-06-11 11:30:00,109.57907745454546,2021-06-11 17:30:00,109.83569325874039,109.42665337062981,109.83569325874039,target,24,5902.163496483539,-299.0,-0.0,0.0,5902.163496483539,69.82273640245258,1.6835646808738514,0.8861949573546747,1.7249409588057372,break_up
USDJPY.a,15m,1,0.57,2021-06-14 03:15:00,109.76173580144132,2021-06-14 09:15:00,109.69784030326525,109.69882420897532,109.84635158204937,stop,24,-3642.0433960357736,-741.0,-56.082625473760444,0.0,-3642.0433960357736,-43.081522717683086,-1.015639497769888,1.2197402487116256,1.1168720390706257,break_up
USDJPY.a,15m,-1,0.47,2021-06-14 12:15:00,109.62621181737849,2021-06-14 13:15:00,109.71648436604119,109.70229485370832,109.47641029258334,stop,4,-4242.809787146726,-611.0,-55.90707964425353,0.0,-4242.809787146726,-50.10769802331606,-1.1865003424856524,1.1932775951254817,0.19993704394945053,break_dn
USDJPY.a,15m,1,0.28,2021-06-14 17:00:00,109.92602258208181,2021-06-15 05:00:00,110.13604730111766,109.79997634944118,110.13604730111766,target,48,5880.692133003607,-364.00000000000006,-0.0,84.27999999999999,5964.972133003606,70.32110415447573,1.690131585631926,0.2778550484857428,1.8007473382034518,break_up
USDJPY.a,15m,1,0.48,2021-06-15 12:30:00,110.14679616296078,2021-06-15 13:00:00,110.07071882933579,110.072139172757,110.25472165448598,stop,2,-3651.7120139997132,-624.0,-68.17648421810053,0.0,-3651.7120139997132,-43.10672362168513,-1.0190249220781533,1.725172185608213,0.27062217461582677,break_up
USDJPY.a,15m,-1,0.75,2021-06-16 00:30:00,110.0303808391179,2021-06-16 02:30:00,110.09226508660136,110.0784464635071,109.94210707298579,stop,8,-4641.318561259666,-975.0000000000001,-61.396732068558926,0.0,-4641.318561259666,-54.85821066173977,-1.2874949253203585,1.3443944961340992,0.04953309455863011,break_dn
USDJPY.a,15m,1,0.5,2021-06-16 04:00:00,110.15055216651056,2021-06-16 07:00:00,110.07845984839444,110.07910634809033,110.24978730381932,stop,12,-3604.6159058059857,-650.0000000000001,-32.32498479423815,0.0,-3604.6159058059857,-42.55370293995337,-1.0090488108357458,1.071471615879632,0.0,break_up
USDJPY.a,15m,1,0.63,2021-06-16 09:30:00,110.14149463998288,2021-06-16 09:30:00,110.08411366664157,110.08485562661589,110.21428874676822,stop,0,-3615.001320502529,-819.0000000000001,-46.74347838189751,0.0,-3615.001320502529,-42.66842949775841,-1.0130998040081074,1.1386963887416701,0.0,break_up
USDJPY.a,15m,-1,0.73,2021-06-16 10:00:00,110.04534676450457,2021-06-16 10:00:00,109.97572628730425,110.09363685634787,109.96272628730425,target,0,5082.2948356231445,-949.0000000000001,-0.0,0.0,5082.2948356231445,60.036774060221404,1.4417134973823436,0.22060913717031433,1.9123335860332131,break_dn
USDJPY.a,15m,-1,0.33,2021-06-16 10:15:00,109.9832534241828,2021-06-16 21:00:00,110.10526269711156,110.0901923870169,109.77161522596619,stop,43,-4026.3060066487524,-429.00000000000006,-68.32023312349436,0.0,-4026.3060066487524,-47.85601897996087,-1.1409244086090264,3.925104234163958,1.6668707032379264,break_dn
USDJPY.a,15m,1,0.3,2021-06-17 09:15:00,110.74196910247275,2021-06-17 10:00:00,110.62296265969843,110.62459777894003,110.92880444211994,stop,3,-3570.193283229628,-390.00000000000006,-49.05357724783719,0.0,-3570.193283229628,-42.39808692220239,-1.0139311647205063,1.1158526506368767,0.05990302669871283,break_up
USDJPY.a,15m,1,0.35,2021-06-17 13:00:00,110.70506242132755,2021-06-17 15:00:00,110.60451775977302,110.6062192711742,110.86056145765161,stop,8,-3519.0631544087832,-455.00000000000006,-59.55289904115932,0.0,-3519.0631544087832,-42.117968390245466,-1.0172142571188785,1.012335413959404,0.6367419348209552,break_up
USDJPY.a,15m,-1,0.29,2021-06-17 17:45:00,110.34541596468381,2021-06-18 08:45:00,110.12554011103238,110.4642299444838,110.11254011103237,target,60,6376.399755891483,-377.0,-0.0,-455.2999999999999,5921.099755891483,71.35463894427905,1.7184497480442007,0.18166242181710002,3.1091961173732616,break_dn
USDJPY.a,15m,-1,0.2,2021-06-18 09:00:00,110.04594544744884,2021-06-18 12:30:00,110.2286500025536,110.21362074084553,109.71075851830896,stop,14,-3654.0911020949807,-260.0,-40.58523416105886,0.0,-3654.0911020949807,-43.96657315726666,-1.0896331320113404,1.0917204845324913,0.6139571630585977,break_dn
USDJPY.a,15m,1,0.26,2021-06-18 17:00:00,110.44441862354446,2021-06-18 17:30:00,110.31115393870103,110.31392027068327,110.65615945863345,stop,2,-3464.881805929423,-338.00000000000006,-71.92463153823317,0.0,-3464.881805929423,-42.00302372795216,-1.0211982137827147,3.08370653515064,0.30330939500539617,break_up
USDJPY.a,15m,-1,0.32,2021-06-18 21:15:00,110.13763579559215,2021-06-21 03:00:00,110.25726396858751,110.24276805785851,109.93146388428296,stop,23,-3828.1015358516015,-416.00000000000006,-47.86914332787205,-502.3999999999999,-4330.501535851601,-52.331387378946175,-1.2872183103269585,1.1163481302294411,0.2914024195020865,break_dn
USDJPY.a,15m,-1,0.49,2021-06-21 03:45:00,110.15795715357834,2021-06-21 03:45:00,110.24176606344355,110.22720179381103,110.02259641237795,stop,0,-4106.636583395385,-637.0,-76.64921199293076,0.0,-4106.636583395385,-49.62612022904045,-1.2103306419612008,1.1126181920038836,0.028264333120287154,break_dn
USDJPY.a,15m,-1,0.45,2021-06-21 05:00:00,110.12273874476325,2021-06-21 05:00:00,109.99381888048833,110.19709055975584,109.98081888048833,target,0,5801.393892371394,-585.0,-0.0,0.0,5801.393892371394,70.19647563822171,1.7339168423498765,0.01696334160594885,2.511555969170055,break_dn
USDJPY.a,15m,-1,0.14,2021-06-21 05:15:00,109.96067883442304,2021-06-21 16:00:00,110.21396810567195,110.19917536237297,109.48764927525407,stop,43,-3546.0497974848413,-182.00000000000003,-25.098406185716875,0.0,-3546.0497974848413,-42.773702441189954,-1.0620249838693188,1.0160364499219734,1.02592199780118,break_dn
USDJPY.a,15m,1,0.23,2021-06-21 16:15:00,110.20817122204224,2021-06-22 05:45:00,110.45024792724907,110.06587603637547,110.45024792724907,target,54,5567.764219757024,-299.0,-0.0,69.22999999999999,5636.9942197570235,67.98318033076413,1.7223822721647093,0.4861107683869979,1.8611225440750019,break_up
USDJPY.a,15m,1,0.44,2021-06-22 08:00:00,110.46687100783437,2021-06-22 09:45:00,110.38775336113353,110.38921133431819,110.58057733136363,stop,7,-3481.1764548368274,-572.0,-64.15082012471102,0.0,-3481.1764548368274,-41.93561211254729,-1.0187738773374178,1.0799814631837301,0.9030297062866752,break_up
USDJPY.a,15m,1,0.45,2021-06-22 14:30:00,110.50289834330063,2021-06-22 15:45:00,110.61284386738836,110.42707806630582,110.61284386738836,target,5,4947.5485839480625,-585.0,-0.0,0.0,4947.5485839480625,59.55037410488492,1.4500807494447567,0.6581134398130113,2.5732121331175604,break_up
USDJPY.a,15m,1,0.27,2021-06-22 16:00:00,110.7090258885446,2021-06-23 10:15:00,110.91230547962819,110.5833472601859,110.91230547962819,target,73,5488.548959256818,-351.00000000000006,-0.0,243.81,5732.358959256819,68.45016676750784,1.6893054440221422,0.9629790691157799,1.6548088897168844,break_up
USDJPY.a,15m,1,0.36,2021-06-23 12:30:00,110.9478642710021,2021-06-23 13:00:00,111.10063333080751,110.85068333459624,111.10063333080751,target,2,5499.686152994684,-468.00000000000006,-0.0,0.0,5499.686152994684,65.43997995504581,1.5720064598615184,0.3587562776355735,1.6272299367178231,break_up
USDJPY.a,15m,1,0.19,2021-06-23 13:15:00,111.09111217324768,2021-06-23 14:30:00,110.90355994884467,110.90579067127892,111.41941865744215,stop,5,-3563.4922636571246,-247.00000000000003,-42.38372625063022,0.0,-3563.4922636571246,-42.42932660146471,-1.012037040551422,2.3208972983619987,0.0,break_up
USDJPY.a,15m,1,0.3,2021-06-23 20:15:00,111.00617933420219,2021-06-24 08:15:00,110.88953744362622,110.89074979295953,111.19450041408096,stop,48,-3499.2567172788827,-390.00000000000006,-36.37047999902351,90.29999999999998,-3408.9567172788825,-40.62623392614126,-0.984426424576009,1.4569869410520997,0.9427453719931121,break_up
USDJPY.a,15m,-1,0.43,2021-06-24 15:15:00,110.76096090037184,2021-06-24 17:45:00,110.85660290899672,110.84173606259905,110.6025278748019,stop,10,-4112.606370869769,-559.0,-80.2743950991914,0.0,-4112.606370869769,-48.98571261282487,-1.1840522010447632,1.6470298042105869,0.8784990139944066,break_dn
USDJPY.a,15m,-1,0.33,2021-06-24 21:15:00,110.85215074316721,2021-06-25 03:00:00,110.97092007024705,110.95699844484221,110.64200311031558,stop,23,-3919.387793634456,-429.00000000000006,-30.413638359183448,-518.0999999999999,-4437.4877936344565,-52.73743676714565,-1.2825205028971751,1.0381654065264019,0.31617996997179015,break_dn
USDJPY.a,15m,-1,0.54,2021-06-25 07:30:00,110.8133890188171,2021-06-25 08:00:00,110.8915888377207,110.87764157379283,110.68671685241432,stop,2,-4222.790220794338,-702.0000000000001,-51.15225210490395,0.0,-4222.790220794338,-50.1669475222034,-1.2170694057714075,1.0678327299019128,0.0,break_dn
USDJPY.a,15m,-1,0.43,2021-06-25 09:45:00,110.77224452106249,2021-06-25 15:15:00,110.6291976663201,110.85140116683995,110.61619766632009,target,22,6151.014753922951,-559.0,-0.0,0.0,6151.014753922951,73.12499549624876,1.8071363855481652,0.40117261950170974,2.1128298125804426,break_dn
USDJPY.a,15m,1,0.44,2021-06-25 20:30:00,110.86387690736792,2021-06-25 22:30:00,110.78473903012106,110.7858314199592,110.97233716008161,stop,8,-3482.0665988620476,-572.0,-48.06515287804753,0.0,-3482.0665988620476,-41.38827643653494,-1.0139968353636393,1.0490921395510362,0.1681467188915684,break_up
USDJPY.a,15m,-1,0.48,2021-06-28 04:00:00,110.70004210970937,2021-06-28 14:00:00,110.78525067528645,110.7711885980667,110.56062280386658,stop,40,-4090.01114769967,-624.0,-50.979706547897116,0.0,-4090.01114769967,-48.7674664282775,-1.197649631688385,1.0395156809311548,1.1671989950128554,break_dn
USDJPY.a,15m,-1,0.27,2021-06-28 18:30:00,110.52682207207327,2021-06-29 10:00:00,110.6650747562635,110.65079792908654,110.28240414182694,stop,62,-3732.822473135954,-351.00000000000006,-34.47433377764208,-423.9,-4156.722473135954,-49.7576870259383,-1.241795684249634,1.2194142599115132,0.5954552269428712,break_dn
USDJPY.a,15m,-1,0.35,2021-06-29 17:30:00,110.46164324499871,2021-06-29 22:15:00,110.57094177594767,110.55675297317505,110.27549405364988,stop,19,-3825.448583213671,-455.00000000000006,-41.60809704177769,0.0,-3825.448583213671,-46.06904209677364,-1.1491835067209477,1.013111453989688,0.20653244810350693,break_dn
USDJPY.a,15m,-1,0.47,2021-06-30 11:30:00,110.47000085554056,2021-06-30 12:00:00,110.55554839354987,110.54096791844543,110.32506416310912,stop,2,-4020.734286437488,-611.0,-74.28232990824597,0.0,-4020.734286437488,-48.487633347806174,-1.205454115016467,1.0004520625942759,0.7186552951885624,break_dn
USDJPY.a,15m,1,0.54,2021-07-01 02:45:00,111.14557807617693,2021-07-01 03:45:00,111.08302559613396,111.08410359047315,111.22779281905372,stop,4,-3377.833922320235,-702.0000000000001,-58.211694315570476,0.0,-3377.833922320235,-40.62353359303637,-1.017535638189447,1.1806211202263341,0.2996677989603066,break_up
USDJPY.a,15m,1,0.56,2021-07-01 06:15:00,111.1066904033149,2021-07-01 09:15:00,111.18426130585961,111.0473693470702,111.18426130585961,target,12,4343.970542503599,-728.0000000000001,-0.0,0.0,4343.970542503599,52.18685881180014,1.307645336332657,0.7702223494878591,1.3706700762323163,break_up
USDJPY.a,15m,1,0.55,2021-07-01 10:00:00,111.21669165830971,2021-07-01 11:00:00,111.29596414449827,111.15651792775087,111.29596414449827,target,4,4359.9867403706585,-715.0000000000001,-0.0,0.0,4359.9867403706585,52.276614898975744,1.3173935777678976,0.24415402158501892,2.6308546972249913,break_up
USDJPY.a,15m,1,0.36,2021-07-01 11:15:00,111.35981693187509,2021-07-01 12:45:00,111.50489476137233,111.26655261931384,111.50489476137233,target,6,5222.801861900621,-468.00000000000006,-0.0,0.0,5222.801861900621,62.55458162454359,1.5555556623222653,0.39475905481978496,1.5995729130255,break_up
USDJPY.a,15m,1,0.26,2021-07-01 17:45:00,111.58646277848277,2021-07-02 11:15:00,111.45471863570278,111.45590533444451,111.80118933111098,stop,70,-3425.3477122798304,-338.00000000000006,-30.854167285164895,78.25999999999999,-3347.08771227983,-40.28983165477454,-0.9860344902452887,1.1984209681441877,0.5555962132345359,break_up
USDJPY.a,15m,-1,0.49,2021-07-02 14:15:00,111.38814229740652,2021-07-02 15:15:00,111.47081377835289,111.45653411842842,111.25693176314316,stop,4,-4050.902566372315,-637.0,-62.70333629885258,0.0,-4050.902566372315,-48.614038420727,-1.2087919244012446,1.1091633686604903,0.1482969345598924,break_dn
USDJPY.a,15m,-1,0.38,2021-07-02 20:15:00,111.18382193557889,2021-07-02 21:00:00,111.03143921618748,111.27128039190626,111.01843921618747,target,3,5790.54333687364,-494.00000000000006,-0.0,0.0,5790.54333687364,69.24773617060535,1.742344031559657,0.09350798955895893,2.662086038969337,break_dn
USDJPY.a,15m,-1,0.23,2021-07-02 21:15:00,110.96073650880021,2021-07-05 01:45:00,111.12109181025528,111.10672644921998,110.67254710156006,stop,18,-3688.171933466606,-299.0,-31.403303811743353,-361.09999999999997,-4049.271933466606,-48.447235554498285,-1.2059413199899618,1.3169639678390024,0.08039258572519138,break_dn
USDJPY.a,15m,-1,0.56,2021-07-05 09:30:00,111.08736235735397,2021-07-05 09:45:00,110.98230881394394,111.14734559302802,110.96930881394394,target,1,5882.9984309612655,-728.0000000000001,-0.0,0.0,5882.9984309612655,70.44436272706118,1.7513817357382873,0.027301672336084905,2.0232712688833874,break_dn
USDJPY.a,15m,-1,0.34,2021-07-05 11:00:00,110.91008159860546,2021-07-06 11:15:00,110.80389956361807,111.00943825405454,110.71712349189093,signal,97,3610.1891895710596,-442.00000000000006,-61.170326028360044,-533.8,3076.3891895710594,36.6363008562765,0.9106791545912184,0.7741645594537203,1.6313109360702187,break_dn
USDJPY.a,15m,-1,0.33,2021-07-06 14:00:00,110.69910164702894,2021-07-06 16:15:00,110.81689452772811,110.80222205259237,110.49555589481527,stop,9,-3887.165063072616,-429.00000000000006,-55.19167947943657,0.0,-3887.165063072616,-46.52795245678776,-1.1422848858630068,1.017241470278532,0.9901206892184056,break_dn
USDJPY.a,15m,-1,0.31,2021-07-06 17:15:00,110.54948113542358,2021-07-06 17:15:00,110.67384439044251,110.65856609357787,110.33586781284426,stop,0,-3855.2609055869734,-403.00000000000006,-70.62720280373878,0.0,-3855.2609055869734,-46.485417379551265,-1.1400586948296345,1.0773150264236913,0.2519241505753655,break_dn
USDJPY.a,15m,-1,0.35,2021-07-07 00:00:00,110.58522198108027,2021-07-07 03:30:00,110.49778599667782,110.68010700166109,110.48478599667781,target,14,3060.259454085638,-455.00000000000006,-0.0,0.0,3060.259454085638,36.987006593445415,0.9214940763802969,0.8197080892603333,1.4040359612589886,break_dn
USDJPY.a,15m,-1,0.53,2021-07-08 02:00:00,110.60523741543746,2021-07-08 04:00:00,110.49383907140273,110.66858046429863,110.48083907140273,target,8,5904.112233840451,-689.0000000000001,-0.0,0.0,5904.112233840451,71.65932979306965,1.7586514390691494,0.690882193852998,2.119213044696705,break_dn
USDJPY.a,15m,-1,0.33,2021-07-08 04:15:00,110.48214447198383,2021-07-08 05:30:00,110.59886964691881,110.58439032997579,110.2832193400484,stop,5,-3851.9307728544873,-429.00000000000006,-48.81745911977354,0.0,-3851.9307728544873,-46.66897051947226,-1.1416127482070026,1.2211304249213442,0.5784534762129788,break_dn
USDJPY.a,15m,-1,0.29,2021-07-08 08:15:00,110.4559710018553,2021-07-08 08:45:00,110.25359010881877,110.56820494559062,110.24059010881876,target,2,5869.045898059468,-377.0,-0.0,0.0,5869.045898059468,71.32900704318799,1.8032057530991483,0.044808174580009616,2.19159189875197,break_dn
USDJPY.a,15m,-1,0.27,2021-07-08 15:45:00,109.63196126682837,2021-07-08 15:45:00,109.76946766369957,109.75340956394213,109.35918087211574,stop,0,-3712.6727155224735,-351.00000000000006,-82.56869345076586,0.0,-3712.6727155224735,-45.578905996457415,-1.1322216954792121,1.078967233677175,0.024382942360986433,break_dn
USDJPY.a,15m,-1,0.38,2021-07-08 21:45:00,109.82380561386022,2021-07-09 03:30:00,109.92516767370272,109.91092848445018,109.65314303109965,stop,23,-3851.7582740150256,-494.00000000000006,-47.0891915962039,-596.5999999999999,-4448.358274015025,-54.538107389256695,-1.343643282754547,1.1385573669471205,1.306265657795374,break_dn
USDJPY.a,15m,1,0.3,2021-07-09 08:00:00,110.00700082539568,2021-07-09 16:45:00,110.18569936339733,109.89815031830133,110.18569936339733,target,35,5360.956140049638,-390.00000000000006,-0.0,0.0,5360.956140049638,65.13603194621642,1.641687694176461,0.9738202257873431,1.7363187333661705,break_up
USDJPY.a,15m,1,0.18,2021-07-09 17:00:00,110.15859117774328,2021-07-12 17:15:00,110.30865508813058,109.97561378928441,110.4807724214312,signal,97,2701.150386971449,-234.00000000000003,-48.41682729912363,54.179999999999986,2755.3303869714487,33.3531539763581,0.836572822885786,0.9924241419813135,1.2865459729175799,break_up
USDJPY.a,15m,1,0.39,2021-07-13 04:00:00,110.39767075466281,2021-07-13 12:30:00,110.31087817864535,110.31222180774903,110.52755638450195,stop,34,-3384.9104646808855,-507.00000000000006,-52.401535043429675,0.0,-3384.9104646808855,-41.05171164351355,-1.0157243494765156,1.1664363138772593,0.5772949476716388,break_up
USDJPY.a,15m,1,0.33,2021-07-13 20:45:00,110.60627898987268,2021-07-14 04:15:00,110.50250898046784,110.5038514000184,110.76829719996319,stop,30,-3424.4103103597326,-429.00000000000006,-44.29984516890969,297.98999999999995,-3126.420310359733,-37.9598323043187,-0.9249461940833559,1.2719130661771034,0.9052347151703743,break_up
USDJPY.a,15m,-1,0.17,2021-07-14 15:15:00,110.31701870596181,2021-07-15 00:45:00,109.94579929832152,110.51060035083924,109.93279929832151,target,38,6310.729929885042,-221.00000000000003,-0.0,-266.9,6043.8299298850425,73.47894518169277,1.8365346976228443,0.3046843313865669,1.999253112075082,break_dn
USDJPY.a,15m,-1,0.55,2021-07-15 03:45:00,109.86521466399563,2021-07-15 05:00:00,109.94101764245508,109.92664734120113,109.74470531759773,stop,5,-4169.1638152697415,-715.0000000000001,-75.36656896719806,0.0,-4169.1638152697415,-50.90544362998999,-1.2339195019269074,2.0149754436110983,0.7360034765274253,break_dn
USDJPY.a,15m,-1,0.5,2021-07-15 07:15:00,109.84319646993546,2021-07-15 13:00:00,109.92426435451132,109.90954905475714,109.70990189048574,stop,23,-4053.3942287929394,-650.0000000000001,-85.76498770876543,0.0,-4053.3942287929394,-49.41069674347632,-1.2217743256534037,1.4890682907089705,1.9621913793619825,break_dn
USDJPY.a,15m,1,0.27,2021-07-15 15:15:00,110.04516257862788,2021-07-15 16:15:00,109.92408885736667,109.9260554827906,110.24088903441881,stop,4,-3268.990474052714,-351.00000000000006,-53.09888644636344,0.0,-3268.990474052714,-39.96695587566093,-1.016511404380301,1.0928196822605722,0.3764462650770866,break_up
USDJPY.a,15m,-1,0.49,2021-07-15 23:00:00,109.78911678893012,2021-07-16 03:45:00,109.8706585603532,109.8564805960708,109.65403880785841,stop,19,-3995.5467997314286,-637.0,-57.72024983785418,-769.2999999999998,-4764.846799731428,-58.394149474039956,-1.4435314087877265,1.6460353975885855,0.8478854054497851,break_dn
USDJPY.a,15m,1,0.35,2021-07-16 14:00:00,110.24199776023379,2021-07-16 17:15:00,110.14630094897792,110.14830573969286,110.3843885206143,stop,13,-3349.3883939551943,-455.00000000000006,-70.16767502267194,0.0,-3349.3883939551943,-41.06623529902144,-1.021397667628045,1.2700949296082216,1.0673506579199843,break_up
USDJPY.a,15m,-1,0.58,2021-07-16 23:15:00,110.03328230609233,2021-07-19 01:00:00,110.1028374841473,110.0885745437466,109.92485091250681,stop,7,-4034.200327188216,-754.0,-73.25054323996372,-910.5999999999998,-4944.800327188215,-60.819041233864304,-1.5419013892700308,1.1885518961737236,0.6923631185212139,break_dn
USDJPY.a,15m,-1,0.57,2021-07-19 02:00:00,109.98716807665583,2021-07-19 02:30:00,109.8881445986107,110.04292770069465,109.87514459861069,target,2,5644.338248572992,-741.0,-0.0,0.0,5644.338248572992,69.53083198591409,1.775899313385096,0.014919816238113136,2.4241210192117038,break_dn
USDJPY.a,15m,-1,0.24,2021-07-19 14:45:00,109.62668861247745,2021-07-19 16:00:00,109.38284105307233,109.76007947346383,109.36984105307232,target,5,5852.341425723011,-312.0,-0.0,0.0,5852.341425723011,72.93495437386233,1.828067962092407,0.3471856106189952,1.9618181526257206,break_dn
USDJPY.a,15m,-1,0.19,2021-07-19 16:15:00,109.38646680905221,2021-07-19 16:45:00,109.08642622075453,109.55128688962273,109.07342622075453,target,2,5700.771177655853,-247.00000000000003,-0.0,0.0,5700.771177655853,71.04600628914811,1.8204128238445927,0.027503875329419995,1.9564776812145894,break_dn
USDJPY.a,15m,-1,0.29,2021-07-19 21:30:00,109.44161261806892,2021-07-20 02:45:00,109.56523861827932,109.55093595013493,109.23012809973015,stop,21,-3585.1540061018163,-377.0,-37.77737618720507,-455.2999999999999,-4040.454006101816,-50.27783941919955,-1.2744397520401165,1.082910479343981,0.5818759533464031,break_dn
USDJPY.a,15m,-1,0.23,2021-07-20 06:45:00,109.37083210026572,2021-07-20 08:15:00,109.523989374577,109.50934429582675,109.0973114083465,stop,6,-3522.6173091595147,-299.0,-37.83681125574304,0.0,-3522.6173091595147,-43.93452174184143,-1.1057313306668044,1.1780038506601496,0.006007415176265644,break_dn
USDJPY.a,15m,1,0.19,2021-07-20 17:30:00,109.74305294904117,2021-07-21 10:30:00,110.02765618593601,109.57817190703199,110.02765618593601,target,68,5407.461501001932,-247.00000000000003,-0.0,171.56999999999996,5579.031501001932,69.38095708909435,1.780879313453644,0.1337506651610035,2.1588112655122833,break_up
USDJPY.a,15m,1,0.35,2021-07-21 15:30:00,110.19513799198764,2021-07-21 16:30:00,110.3364556381514,110.1032721809243,110.3364556381514,target,4,4946.117615731964,-455.00000000000006,-0.0,0.0,4946.117615731964,61.16143554736434,1.538305105327264,0.42603435962312153,2.099388290159303,break_up
USDJPY.a,15m,1,0.47,2021-07-21 23:30:00,110.31176712913951,2021-07-22 03:00:00,110.24111611595292,110.24200623314734,110.40998753370533,stop,14,-3320.597619769785,-611.0,-41.83550813770109,141.46999999999997,-3179.1276197697853,-39.27915646530112,-0.969612162008043,1.7311579420232035,0.0,break_up
USDJPY.a,15m,-1,0.9,2021-07-22 08:30:00,110.1335316824601,2021-07-22 09:00:00,110.18380777559692,110.17002252816648,110.06495494366705,stop,2,-4524.848382313422,-1170.0,-70.67226873871905,0.0,-4524.848382313422,-55.76284410525915,-1.3777727581693981,1.9311231673528169,0.014570297010510814,break_dn
USDJPY.a,15m,-1,0.57,2021-07-22 09:30:00,110.12836279994646,2021-07-22 10:00:00,110.19992224476373,110.18579198857202,110.01541602285597,stop,2,-4078.888354584279,-741.0,-64.42460292715127,0.0,-4078.888354584279,-50.21795035676277,-1.246046592854288,1.4215280070524594,1.0510822352031741,break_dn
USDJPY.a,15m,-1,0.59,2021-07-23 02:45:00,110.10326175182028,2021-07-23 04:00:00,110.17263731312367,110.1586424390346,109.99471512193081,stop,5,-4093.1581168999287,-767.0000000000001,-58.69757125564913,0.0,-4093.1581168999287,-50.31911050494269,-1.2527031496543544,1.0245132560408503,0.3116926258694975,break_dn
USDJPY.a,15m,1,0.32,2021-07-23 05:30:00,110.25664460751605,2021-07-23 11:15:00,110.41908728715433,110.15645635642284,110.41908728715433,target,23,5198.165748424799,-416.00000000000006,-0.0,0.0,5198.165748424799,63.83396514051471,1.621374541084052,0.28590785050640377,2.149507453559369,break_up
USDJPY.a,15m,1,0.38,2021-07-23 12:00:00,110.49894009227896,2021-07-23 16:45:00,110.41187551117318,110.41367924165989,110.62164151668023,stop,19,-3308.45408201958,-494.00000000000006,-68.54175849488763,0.0,-3308.45408201958,-40.642487207428296,-1.0211554362127164,1.2894557288685788,1.0445580483233232,break_up
USDJPY.a,15m,1,0.08,2021-07-26 00:15:00,110.49370769046135,2021-07-26 10:30:00,110.12271676441004,110.12420128285065,111.16459743429871,stop,41,-2967.9274084104463,-104.00000000000001,-11.876147524792929,0.0,-2967.9274084104463,-36.667047887405595,-1.0040175715766468,1.0194889255025625,0.24165293943352872,break_up
USDJPY.a,15m,-1,0.3,2021-07-26 17:30:00,110.24675513833769,2021-07-26 20:15:00,110.36818404449815,110.35368136223646,110.0366372755271,stop,11,-3642.8671848138097,-390.00000000000006,-45.08046785076775,0.0,-3642.8671848138097,-44.732857507210824,-1.135632604733364,1.021684463165295,0.858116325369893,break_dn
USDJPY.a,15m,-1,0.35,2021-07-27 09:45:00,110.14321400539762,2021-07-27 15:30:00,109.98516237672546,110.23291881163728,109.97216237672545,target,23,5531.8070035259125,-455.00000000000006,-0.0,0.0,5531.8070035259125,68.20642939653989,1.7619081440288031,0.42122597647026394,2.1092961829952923,break_dn
USDJPY.a,15m,-1,0.34,2021-07-27 16:00:00,109.95186162630324,2021-07-27 18:15:00,109.77687805812005,110.04606097093998,109.76387805812004,target,9,5949.441318228594,-442.00000000000006,-0.0,0.0,5949.441318228594,73.65307468092615,1.8575879573047023,0.7551896881139555,3.3849665040970947,break_dn
USDJPY.a,15m,-1,0.6,2021-07-28 01:15:00,109.76829848234492,2021-07-28 03:00:00,109.83638711779406,109.82223007153783,109.66253985692435,stop,7,-4085.318126948607,-780.0000000000001,-69.42277537384757,0.0,-4085.318126948607,-50.49571893116394,-1.2625000758941132,1.4778262396457265,0.3392906201866913,break_dn
USDJPY.a,15m,1,0.21,2021-07-28 11:00:00,109.98202736548443,2021-07-28 21:00:00,110.24637562359605,109.82881218820198,110.24637562359605,target,40,5551.313420344115,-273.0,-0.0,0.0,5551.313420344115,68.51868955267709,1.7253398964797477,0.6724357685172032,1.9970125671787589,break_up
USDJPY.a,15m,-1,0.53,2021-07-29 03:30:00,109.80013807665624,2021-07-29 08:30:00,109.69339109977999,109.86130445011001,109.68039109977998,target,20,5657.589774441362,-689.0000000000001,-0.0,0.0,5657.589774441362,69.83563005365757,1.745190549132806,0.7661386591632976,1.9804685126181059,break_dn
USDJPY.a,15m,-1,0.16,2021-07-29 15:45:00,109.66975344345703,2021-07-29 16:00:00,109.88917747556384,109.87408548609326,109.27382902781349,stop,1,-3510.784513709041,-208.00000000000003,-33.47183152914644,0.0,-3510.784513709041,-43.29260783452453,-1.0738601213782415,1.1855534424145069,0.02815732365220311,break_dn
USDJPY.a,15m,-1,0.27,2021-07-29 18:15:00,109.50939102728599,2021-07-30 10:00:00,109.64165463109255,109.62732314613928,109.27535370772146,stop,63,-3571.117302777225,-351.00000000000006,-35.95009373838353,-423.9,-3995.0173027772253,-49.34992346045594,-1.2546506010854788,1.0142188055046777,1.2582749189013018,break_dn
USDJPY.a,15m,1,0.35,2021-07-30 14:15:00,109.6499074460989,2021-07-30 15:45:00,109.79132757809853,109.55833621095073,109.79132757809853,target,6,4949.704619987329,-455.00000000000006,-0.0,0.0,4949.704619987329,61.231352479062174,1.5443728783478197,0.6869782415526401,1.5844774144013956,break_up
USDJPY.a,15m,1,0.31,2021-07-30 20:00:00,109.80098308473899,2021-07-30 22:45:00,109.69643899085733,109.69755139754577,109.96589720490849,stop,11,-3240.8669103313628,-403.00000000000006,-34.4846073412708,0.0,-3240.8669103313628,-40.25881495953678,-1.010754989294111,1.0536721163157883,0.2515371833044534,break_up
USDJPY.a,15m,-1,0.51,2021-08-02 13:00:00,109.55908636084978,2021-08-02 16:30:00,109.44872587997517,109.62213706001242,109.43572587997517,target,14,5628.384524604811,-663.0000000000001,-0.0,0.0,5628.384524604811,69.70113329822868,1.750345076902633,0.522018622907251,2.174224277769743,break_dn
USDJPY.a,15m,-1,0.23,2021-08-02 17:30:00,109.268788958055,2021-08-03 16:00:00,109.00958616270573,109.40670691864713,108.99658616270573,target,90,5961.664293033152,-299.0,-0.0,-361.09999999999997,5600.564293033151,69.85352396473601,1.76556261638309,0.770103048863239,2.4419514079894595,break_dn
USDJPY.a,15m,-1,0.38,2021-08-03 21:45:00,109.11314697517312,2021-08-04 04:30:00,108.95203322377245,109.19998338811378,108.93903322377244,target,27,6122.322553225728,-494.00000000000006,-0.0,-1789.7999999999997,4332.522553225728,53.66797834803656,1.3129716847999504,0.09043469854332624,2.155167041515382,break_dn
USDJPY.a,15m,1,0.35,2021-08-04 11:30:00,109.21482737370758,2021-08-04 14:00:00,109.1195904684622,109.12084214834657,109.36131570330684,stop,10,-3333.2916835880155,-455.00000000000006,-43.80879595243836,0.0,-3333.2916835880155,-41.24688973462845,-1.0133178367084206,1.4877590937349972,0.2359160836955854,break_up
USDJPY.a,15m,-1,0.35,2021-08-04 15:30:00,108.85874163549424,2021-08-04 17:00:00,108.96744793500845,108.95139761964471,108.68620476071058,stop,6,-3804.7204829973675,-455.00000000000006,-106.76103773058,0.0,-3804.7204829973675,-47.057193141398294,-1.173224811229432,5.852383626136408,1.4650066775374635,break_dn
USDJPY.a,15m,1,0.31,2021-08-04 23:45:00,109.49494173051036,2021-08-05 03:45:00,109.66421200367981,109.38939399816009,109.66421200367981,target,16,5247.378468252805,-403.00000000000006,-0.0,93.30999999999999,5340.688468252805,65.94350146020881,1.6322498772186806,0.36894900196553604,1.8575318021896923,break_up
USDJPY.a,15m,1,0.19,2021-08-05 16:45:00,109.71826842481057,2021-08-06 15:30:00,110.01572780011382,109.54963609994309,110.01572780011382,target,91,5651.728130761711,-247.00000000000003,-0.0,57.18999999999999,5708.918130761711,70.29997005717328,1.7818017722246182,0.41669605673642607,2.228111220578088,break_up
USDJPY.a,15m,1,0.19,2021-08-06 15:45:00,110.07619206868618,2021-08-09 16:00:00,110.14100748101697,109.8981091220264,110.38678175594723,signal,97,1231.4928342849641,-247.00000000000003,-37.715721355099554,57.18999999999999,1288.6828342849642,15.903208797615076,0.3808641624757213,0.4390766783276478,1.5712224924510323,break_up
USDJPY.a,15m,1,0.36,2021-08-09 19:45:00,110.31610531764771,2021-08-10 10:30:00,110.45774170453875,110.22412914773064,110.45774170453875,target,59,5098.909928077319,-468.00000000000006,-0.0,108.35999999999997,5207.269928077319,64.27968226007164,1.5726506879058872,0.9470422363341011,1.6297121579146738,break_up
USDJPY.a,15m,1,0.37,2021-08-10 16:45:00,110.57100513513288,2021-08-11 00:15:00,110.48004039713244,110.48094542034337,110.70310915931327,stop,30,-3365.695306016178,-666.0000000000001,-33.48585880435745,334.1099999999999,-3031.585306016178,-37.33543628889891,-0.9097823393283296,1.2658838127496663,0.31084780728605765,break_up
USDJPY.a,15m,1,0.49,2021-08-11 03:00:00,110.61258821097222,2021-08-11 09:15:00,110.70959579700802,110.543702101496,110.70959579700802,target,25,4753.371715754241,-637.0,-0.0,0.0,4753.371715754241,58.53046329318616,1.4082314529503543,0.40049018854443974,1.9076674532350477,break_up
USDJPY.a,15m,1,0.68,2021-08-11 09:30:00,110.75752408468543,2021-08-11 14:30:00,110.70646156405259,110.70738400550432,110.81423198899134,stop,20,-3472.251403033113,-884.0000000000001,-62.726018717828396,0.0,-3472.251403033113,-42.743492729518465,-1.0183972874953582,1.406541151056008,0.8670890837156272,break_up
USDJPY.a,15m,-1,0.48,2021-08-11 20:00:00,110.41487127860593,2021-08-12 15:30:00,110.50019863278793,110.48606008971701,110.27887982056598,stop,78,-4095.7130007359415,-624.0,-54.65006740377679,-753.5999999999999,-4849.313000735941,-59.703092165424586,-1.4191465288604495,1.2379574826239497,1.4871898680921487,break_dn
USDJPY.a,15m,1,0.32,2021-08-12 15:45:00,110.51079909809152,2021-08-12 17:45:00,110.40441632591649,110.40591767425057,110.67916465149885,stop,8,-3404.2487096012337,-416.00000000000006,-48.043146690673126,0.0,-3404.2487096012337,-42.01792366653357,-1.0143147211308339,1.6952391718208661,0.33562570586248786,break_up
USDJPY.a,15m,1,0.55,2021-08-13 03:45:00,110.46957795566296,2021-08-13 04:00:00,110.40771485589377,110.40857557985287,110.54784884029426,stop,1,-3402.4704873051096,-715.0000000000001,-47.339817750294365,0.0,-3402.4704873051096,-41.9804090317269,-1.0141096792979432,1.2225418218977553,0.0,break_up
USDJPY.a,15m,-1,0.73,2021-08-13 09:45:00,110.35749672312402,2021-08-13 10:00:00,110.28063311964843,110.4031834401758,110.26763311964842,target,1,5611.0430537178645,-949.0000000000001,-0.0,0.0,5611.0430537178645,69.29548401342632,1.6824059253036903,0.8427674247713502,2.4185743746652313,break_dn
USDJPY.a,15m,-1,0.29,2021-08-13 10:15:00,110.26434748065284,2021-08-13 17:00:00,110.05197373405566,110.37801313297217,110.03897373405566,target,27,6158.8386513182195,-377.0,-0.0,0.0,6158.8386513182195,76.01288263994422,1.868407405964184,0.5951887660582764,3.3110044501002576,break_dn
USDJPY.a,15m,-1,0.5,2021-08-13 20:45:00,109.60799360487796,2021-08-16 01:15:00,109.69016849821357,109.67555249752155,109.47289500495691,stop,18,-4108.74466678024,-650.0000000000001,-80.80003460049926,-784.9999999999999,-4893.74466678024,-60.558975671557995,-1.4487344227494858,2.131568317464107,0.9620288659974423,break_dn
USDJPY.a,15m,-1,0.36,2021-08-16 03:15:00,109.50083525412458,2021-08-16 10:00:00,109.33379879583383,109.59260060208308,109.32079879583382,target,27,6013.312498467087,-468.00000000000006,-0.0,0.0,6013.312498467087,74.93457929633912,1.8202563604542017,0.710123672226377,2.155881915405076,break_dn
USDJPY.a,15m,-1,0.25,2021-08-16 16:15:00,109.21866604858728,2021-08-17 07:30:00,109.36407029036211,109.3500100034002,108.9599799931996,stop,61,-3635.106044370673,-325.00000000000006,-26.50717404758798,-392.49999999999994,-4027.606044370673,-50.39254892619099,-1.2265828450521117,1.0303782279548541,0.7968851610746603,break_dn
USDJPY.a,15m,1,0.25,2021-08-17 17:45:00,109.62546602024229,2021-08-18 04:00:00,109.49418072017468,109.4953178682381,109.8423642635238,stop,41,-3282.1325016900714,-325.00000000000006,-28.428701585386243,225.74999999999994,-3056.3825016900714,-38.46152603916353,-0.9393548673950793,1.1330627286782586,0.22692584798873433,break_up
USDJPY.a,15m,1,0.46,2021-08-18 06:30:00,109.60571508461834,2021-08-18 13:45:00,109.70575495362742,109.53512252318629,109.70575495362742,target,29,4601.833974417702,-598.0,-0.0,0.0,4601.833974417702,57.86819803252172,1.4171446251511157,0.959238243303042,2.08640843162252,break_up
USDJPY.a,15m,1,0.39,2021-08-18 18:15:00,109.9380527460122,2021-08-18 21:00:00,109.8518493349644,109.85356501316537,110.07086997366928,stop,11,-3361.9330308643925,-507.00000000000006,-66.91144983752719,0.0,-3361.9330308643925,-42.23420265596659,-1.020306832047164,1.7405218610705055,1.5143885351941515,break_up
USDJPY.a,15m,1,0.43,2021-08-19 01:45:00,109.8207794855222,2021-08-19 03:15:00,109.93249704224884,109.74425147887558,109.93249704224884,target,6,4803.854939245767,-559.0,-0.0,0.0,4803.854939245767,60.53631056589319,1.4598257764968434,0.4675345287303691,1.9498811091064858,break_up
USDJPY.a,15m,-1,0.36,2021-08-19 20:45:00,109.79988498361527,2021-08-20 08:15:00,109.63684438933682,109.8895778053316,109.62384438933681,target,46,5869.461394024426,-468.00000000000006,-0.0,-565.1999999999999,5304.261394024426,67.79098590381706,1.6427244840668946,0.9601104607577422,1.9832688972354175,break_dn
USDJPY.a,15m,-1,0.35,2021-08-20 10:45:00,109.59889511850866,2021-08-20 11:30:00,109.7055090618779,109.69083802435799,109.41832395128401,stop,3,-3731.488017923396,-455.00000000000006,-58.486313197161095,0.0,-3731.488017923396,-47.78739490809943,-1.1595668244808457,1.077895902634875,0.23813820442600322,break_dn
USDJPY.a,15m,1,0.3,2021-08-20 17:00:00,109.84220238940439,2021-08-23 00:00:00,109.73320061763943,109.73437133976402,110.01525732047196,stop,28,-3270.053152948975,-3000.0,-35.121663737972256,90.29999999999998,-3179.7531529489747,-40.70637201632949,-0.98294296604238,2.051379358191723,0.33197868995061014,break_up
USDJPY.a,15m,1,0.14,2021-08-23 00:15:00,109.7937647327438,2021-08-23 03:30:00,109.9301909987828,109.5744045006086,109.9301909987828,target,13,1909.9677245461353,-182.00000000000003,-0.0,0.0,1909.9677245461353,24.318673840964774,0.6219279798852689,0.5095031658924755,0.6347334058727386,break_up
USDJPY.a,15m,1,0.32,2021-08-23 03:45:00,109.93890052359791,2021-08-23 03:45:00,109.83459510113748,109.83594588653433,110.10010822693135,stop,0,-3337.773518733684,-416.00000000000006,-43.22513269932869,0.0,-3337.773518733684,-42.498218432660806,-1.0131201996857881,1.0091874107016174,0.0,break_up
USDJPY.a,15m,1,0.46,2021-08-23 09:00:00,109.9596716056601,2021-08-23 10:30:00,109.88704971797695,109.88833466263051,110.06733067473895,stop,6,-3340.6068334251418,-598.0,-59.107454063691456,0.0,-3340.6068334251418,-42.44868980927069,-1.0180123313250122,1.6915724242633794,0.411124910801584,break_up
USDJPY.a,15m,1,0.39,2021-08-23 12:15:00,110.05798260340559,2021-08-23 16:00:00,109.97347378915067,109.97518957702576,110.17562084594849,stop,15,-3295.8437559417753,-507.00000000000006,-66.91572712829183,0.0,-3295.8437559417753,-41.74596519503245,-1.020723821197374,2.7415666914294547,1.0631015732002516,break_up
USDJPY.a,15m,-1,0.46,2021-08-24 12:45:00,109.65503152246572,2021-08-24 13:00:00,109.7395508730274,109.72512263646178,109.51775472707646,stop,1,-3887.890125837174,-598.0,-65.6988820184582,0.0,-3887.890125837174,-48.926875112759056,-1.2058497253508154,1.0838531905563487,0.0,break_dn
USDJPY.a,15m,-1,0.23,2021-08-24 15:45:00,109.56197252837434,2021-08-24 16:30:00,109.71670835172856,109.70156448046676,109.28587103906649,stop,3,-3558.9239371469575,-299.0,-49.30903902117422,0.0,-3558.9239371469575,-44.78010450653295,-1.1084867073982378,1.3541430490241924,1.0671999792345968,break_dn
USDJPY.a,15m,1,0.39,2021-08-25 03:15:00,109.76972307315302,2021-08-25 09:30:00,109.68630741177992,109.68730729912382,109.89338540175237,stop,25,-3253.210793550722,-507.00000000000006,-38.99560641165675,0.0,-3253.210793550722,-40.94514806963978,-1.012132232642022,1.0279958436475556,1.1803192773815505,break_up
USDJPY.a,15m,1,0.27,2021-08-25 14:15:00,109.90591710361686,2021-08-25 17:45:00,110.09793989278396,109.78903005360802,110.09793989278396,target,14,5184.615307511635,-351.00000000000006,-0.0,0.0,5184.615307511635,64.84443661110099,1.6428063600935467,0.30728043537873884,1.6946521994366164,break_up
USDJPY.a,15m,1,0.36,2021-08-26 01:15:00,110.01770360306773,2021-08-26 06:15:00,109.92632179212764,109.92743675789225,110.15712648421551,stop,20,-3289.7451938433164,-468.00000000000006,-40.13876752600873,0.0,-3289.7451938433164,-41.21428667103631,-1.012351885816402,1.0048385195183953,1.0557187054340313,break_up
USDJPY.a,15m,1,0.35,2021-08-26 10:00:00,110.15876111628116,2021-08-26 13:45:00,110.0663454255569,110.06774993227883,110.29650013544236,stop,15,-3234.5491753488172,-455.00000000000006,-49.157735267275086,0.0,-3234.5491753488172,-40.46983491754154,-1.0154322431613438,1.238980873804113,0.7387980329662007,break_up
USDJPY.a,15m,-1,0.34,2021-08-26 21:45:00,110.00590537381433,2021-08-27 10:30:00,110.11442907615157,110.10027034772652,109.82045930454697,stop,51,-3689.8058794660647,-442.00000000000006,-39.39676645156729,-533.8,-4223.605879466065,-52.88574917766437,-1.3164174924991632,1.177286673009099,1.2812526597721288,break_dn
USDJPY.a,15m,1,0.46,2021-08-27 11:30:00,110.15677233396758,2021-08-27 12:00:00,110.08641221315686,110.08755086958942,110.24189826082115,stop,2,-3236.5655572930623,-598.0,-52.378195897615285,0.0,-3236.5655572930623,-40.50159277597332,-1.0164494704466023,1.2246538660965534,0.0,break_up
USDJPY.a,15m,1,0.53,2021-08-27 14:15:00,110.17169964246736,2021-08-27 15:30:00,110.11040576047668,110.11162480731346,110.2537503853731,stop,5,-3248.5757455059743,-689.0000000000001,-64.609482349535,0.0,-3248.5757455059743,-40.69816571493966,-1.0202921378586827,1.2101513434221782,0.654190018698516,break_up
USDJPY.a,15m,1,0.27,2021-08-27 16:15:00,110.26209717830429,2021-08-27 16:45:00,110.14299690477912,110.14490544916757,110.45418910166488,stop,2,-3215.7073851794003,-351.00000000000006,-51.53069848795811,0.0,-3215.7073851794003,-40.220121405745466,-1.0162856577209094,1.4770426170804807,0.04183590200284942,break_up
USDJPY.a,15m,-1,0.27,2021-08-27 19:00:00,109.83835536192414,2021-08-30 16:45:00,109.9691496485157,109.95514275757733,109.60971448484534,stop,87,-3531.4457379719074,-351.00000000000006,-27.1860553354337,-423.9,-3955.3457379719075,-49.32949894883733,-1.254367269448995,1.0672781714046606,1.1675520389979734,break_dn
USDJPY.a,15m,1,0.41,2021-08-30 23:15:00,109.93349031815791,2021-08-31 03:45:00,109.85696170438717,109.85789895233697,110.04720209532609,stop,18,-3137.6731646000735,-533.0,-38.4271659412993,123.40999999999997,-3014.2631646000737,-37.58915898946118,-0.9725795131798884,1.0383503103228762,0.668193798240568,break_up
USDJPY.a,15m,-1,0.67,2021-08-31 05:45:00,109.8364133180676,2021-08-31 06:45:00,109.89662056829593,109.88277977867683,109.74544044264634,stop,4,-4033.885765298152,-871.0000000000001,-56.332904479385114,0.0,-4033.885765298152,-50.24804675130134,-1.2985086512369841,1.285124660141372,0.030481474087844736,break_dn
USDJPY.a,15m,-1,0.63,2021-08-31 08:45:00,109.81140691369725,2021-08-31 09:30:00,109.8749058142844,109.86098157014784,109.71403685970431,stop,3,-4000.4307369903813,-819.0000000000001,-58.22738060278955,0.0,-4000.4307369903813,-49.64763065922727,-1.2808742436861786,1.0407149539032885,0.10906608505994175,break_dn
USDJPY.a,15m,-1,0.57,2021-08-31 10:15:00,109.80028633032848,2021-08-31 11:00:00,109.86833899653236,109.85422616912619,109.69754766174763,stop,3,-3879.0019736213276,-741.0,-63.43116215141384,0.0,-3879.0019736213276,-48.16777687621304,-1.2616401480006456,1.032885357341425,0.4131701322291101,break_dn
USDJPY.a,15m,-1,0.4,2021-08-31 15:30:00,109.75301219932696,2021-08-31 16:00:00,109.84425484672683,109.82947292085633,109.60305415828735,stop,2,-3649.7058959946576,-520.0,-71.27703481982321,0.0,-3649.7058959946576,-45.50536438211431,-1.1933270517832582,1.7000598225207795,1.3603350484601864,break_dn
USDJPY.a,15m,-1,0.31,2021-08-31 17:30:00,109.61661384687811,2021-08-31 17:45:00,109.73081115940602,109.71534687470054,109.4233062505989,stop,1,-3540.1166883651026,-403.00000000000006,-76.39282586966767,0.0,-3540.1166883651026,-44.10304403859647,-1.156627271000793,2.5258635192511125,0.2999386074877164,break_dn
USDJPY.a,15m,1,0.33,2021-09-01 03:00:00,110.0705997419422,2021-09-01 04:00:00,110.21371801251745,109.98014099374129,110.21371801251745,target,4,4722.902928983032,-429.00000000000006,-0.0,0.0,4722.902928983032,58.57285766457649,1.582138526363045,0.19456097162781397,1.6847486958287579,break_up
USDJPY.a,15m,1,0.55,2021-09-01 08:45:00,110.26356966678735,2021-09-01 09:00:00,110.20676305123484,110.20768080140292,110.33463839719417,stop,1,-3124.363855387671,-715.0000000000001,-50.476259244171864,0.0,-3124.363855387671,-38.66044475895621,-1.0164209840682628,1.7278874087546885,0.0,break_up
USDJPY.a,15m,1,0.37,2021-09-01 10:15:00,110.30179464760859,2021-09-01 15:15:00,110.21662830216371,110.21814436445845,110.42771127108308,stop,20,-3151.1547814603914,-481.00000000000006,-56.09430490524059,0.0,-3151.1547814603914,-38.95374388193316,-1.0181238154570205,1.3125436456866086,1.4130896864898763,break_up
USDJPY.a,15m,-1,0.33,2021-09-01 22:00:00,109.92809255875224,2021-09-01 23:00:00,110.03562544330684,110.02134456960275,109.7413108607945,stop,4,-3548.5851903018356,-429.00000000000006,-42.26883223476261,0.0,-3548.5851903018356,-43.777571022926665,-1.1531427963198464,1.4252501370810446,0.0,break_dn
USDJPY.a,15m,-1,0.47,2021-09-02 04:30:00,109.93505572588842,2021-09-02 06:30:00,110.01305432671101,109.99898590483915,109.80702819032172,stop,8,-3665.934238662018,-611.0,-50.21582797732107,0.0,-3665.934238662018,-45.24493410317789,-1.220059166152372,1.000220477418981,0.0,break_dn
USDJPY.a,15m,-1,0.71,2021-09-02 09:30:00,109.9573753632763,2021-09-02 09:30:00,110.01433393502938,110.00039697994383,109.87620604011235,stop,0,-4044.058594469078,-923.0000000000001,-66.52381107404997,0.0,-4044.058594469078,-49.73530996320408,-1.3239523794110064,1.2929462217464154,0.0,break_dn
USDJPY.a,15m,-1,0.53,2021-09-02 12:45:00,109.96030913857061,2021-09-02 15:30:00,110.03127619469363,110.01719757829308,109.84860484341384,stop,11,-3761.253974520273,-689.0000000000001,-57.166669228987416,0.0,-3761.253974520273,-46.226967304010515,-1.2474776328764792,1.6117661492688333,0.18121675723394898,break_dn
USDJPY.a,15m,-1,0.62,2021-09-02 21:15:00,109.97943270338224,2021-09-03 03:45:00,109.89731466288309,110.02784266855846,109.88431466288309,target,26,5091.318510947531,-806.0000000000001,-0.0,-973.3999999999999,4117.918510947531,50.61129204271747,1.3719910819473304,0.07368930353026548,1.9920010896768765,break_dn
USDJPY.a,15m,-1,0.58,2021-09-03 04:15:00,109.86440340856659,2021-09-03 05:30:00,109.93055970484141,109.91667476139406,109.76465047721187,stop,5,-3837.0651839399266,-754.0,-51.326719946239976,0.0,-3837.0651839399266,-47.0707131020485,-1.265631989536975,1.1784005598002714,0.14163414884294356,break_dn
USDJPY.a,15m,-1,0.61,2021-09-03 14:30:00,109.90630907400069,2021-09-03 15:00:00,109.97000671152976,109.95597824346432,109.80904351307136,stop,2,-3885.5558892735326,-793.0000000000001,-62.73655199168421,0.0,-3885.5558892735326,-47.425802967323044,-1.2824381445661295,1.302436233540986,0.0,break_dn
USDJPY.a,15m,-1,0.22,2021-09-03 16:30:00,109.72450010321535,2021-09-06 10:00:00,109.87125173158702,109.85730876585782,109.46338246828435,stop,70,-3228.535824176845,-286.0,-20.745246042202343,-345.4,-3573.935824176845,-43.760128299820614,-1.2232005438455444,1.2386232457402757,0.9976766618909781,break_dn
USDJPY.a,15m,1,0.46,2021-09-06 10:15:00,109.88969231211809,2021-09-06 15:45:00,109.82445035874173,109.82527501623417,109.97144996753164,stop,22,-3001.129855312456,-598.0,-37.934244652150234,0.0,-3001.129855312456,-36.74603566703583,-1.0128018023906238,1.0197930729112301,0.8896320017094597,break_up
USDJPY.a,15m,1,0.68,2021-09-06 22:45:00,109.86132198175983,2021-09-06 23:30:00,109.81708181806135,109.81763341459543,109.90873317080913,stop,3,-3008.331131496334,-884.0000000000001,-37.5085643175262,0.0,-3008.331131496334,-36.825069515092665,-1.0126256494520627,1.0373876897652745,0.015519351724542794,break_up
USDJPY.a,15m,-1,0.77,2021-09-07 03:30:00,109.7955729369719,2021-09-07 05:15:00,109.84790773054586,109.83411877843675,109.71976244312653,stop,7,-4029.7791051950894,-1001.0000000000001,-60.74931240128857,0.0,-4029.7791051950894,-49.30051093788748,-1.357728657232271,1.1785204655480723,1.2601343005103278,break_dn
USDJPY.a,15m,-1,0.64,2021-09-07 06:00:00,109.73731787468812,2021-09-07 06:15:00,109.79712540312946,109.78311744287362,109.65076511425278,stop,1,-3827.681820245744,-832.0000000000001,-64.50945637354938,0.0,-3827.681820245744,-46.85950018058315,-1.3058535442758454,1.1721098568976163,0.09427762878950986,break_dn
USDJPY.a,15m,1,0.35,2021-09-07 15:00:00,110.03979112799092,2021-09-07 16:00:00,110.1646089253375,109.95669553733124,110.1646089253375,target,4,4368.622907130301,-455.00000000000006,-0.0,0.0,4368.622907130301,53.65481814429049,1.5020989243312848,0.21410435679772605,1.6030799101559565,break_up
USDJPY.a,15m,1,0.35,2021-09-07 22:00:00,110.3017458319558,2021-09-08 09:00:00,110.4307876009383,110.21960619953086,110.4307876009383,target,44,4516.461914387619,-455.00000000000006,-0.0,316.04999999999995,4832.511914387619,59.39637338596934,1.6809396987340275,0.642148380734512,1.7196834691618252,break_up
USDJPY.a,15m,1,0.49,2021-09-08 09:15:00,110.44755942212194,2021-09-08 09:30:00,110.38680862470949,110.38772067695075,110.53255864609852,stop,1,-2976.7890732101987,-637.0,-44.69055982205756,0.0,-2976.7890732101987,-36.58769567794686,-1.0152418343441576,1.2292941957840373,0.0,break_up
USDJPY.a,15m,1,0.33,2021-09-08 17:30:00,110.38709536446511,2021-09-08 18:00:00,110.2976183892559,110.29930815911254,110.52038368177493,stop,2,-2952.7401819038914,-429.00000000000006,-55.76240526916613,0.0,-2952.7401819038914,-36.32319312627524,-1.0192484753313786,1.0604662045138158,0.06726077577222848,break_up
USDJPY.a,15m,-1,0.69,2021-09-09 03:00:00,110.22041746249641,2021-09-09 03:00:00,110.27615245289876,110.26227864664335,110.1384427067133,stop,0,-3845.714337761635,-897.0000000000001,-60.292631622241,0.0,-3845.714337761635,-47.44657102433018,-1.3314241232810105,1.232228341236833,0.22496885093739366,break_dn
USDJPY.a,15m,-1,0.69,2021-09-09 04:00:00,110.21037414010723,2021-09-09 05:00:00,110.14161088650671,110.25219455674664,110.1286108865067,target,4,4744.664498436052,-897.0000000000001,-0.0,0.0,4744.664498436052,58.540360846760635,1.6442508020286375,0.06278894625562433,2.71097586341115,break_dn
USDJPY.a,15m,-1,0.35,2021-09-09 09:15:00,110.0753451150386,2021-09-09 10:30:00,109.92546728920195,110.15776635539902,109.91246728920194,target,5,5245.723904282897,-455.00000000000006,-0.0,0.0,5245.723904282897,64.69339579698328,1.8184369123936626,0.3233982508009349,2.006098359058551,break_dn
USDJPY.a,15m,-1,0.36,2021-09-09 16:15:00,109.8108884253854,2021-09-09 16:45:00,109.90754373615844,109.89276718429721,109.65046563140557,stop,2,-3479.591187829612,-468.00000000000006,-63.95586700425026,0.0,-3479.591187829612,-42.88299459045209,-1.180468683912841,1.0394829592650463,0.1574086558795992,break_dn
USDJPY.a,15m,-1,0.35,2021-09-09 18:30:00,109.7728765903346,2021-09-10 06:45:00,109.87013457335016,109.85611255035909,109.60677489928182,stop,49,-3404.029405544335,-455.00000000000006,-35.770804687487036,-549.4999999999999,-3953.529405544335,-48.73309514300033,-1.3570815184005705,1.2028864644073531,1.8246511518571935,break_dn
USDJPY.a,15m,1,0.33,2021-09-10 09:00:00,109.92063717598687,2021-09-10 15:00:00,109.83275785170247,109.83392339473832,110.05015321052338,stop,24,-2900.017701385238,-429.00000000000006,-38.46292018337245,0.0,-2900.017701385238,-35.655994306380805,-1.0134412664177594,1.2643569961804362,0.7999054246557548,break_up
USDJPY.a,15m,1,0.33,2021-09-10 19:00:00,109.9479593782236,2021-09-10 22:45:00,109.86126481287926,109.8621622086824,110.07767558263518,stop,15,-2860.9206563633907,-429.00000000000006,-29.6140615041056,0.0,-2860.9206563633907,-35.425810566676766,-1.0104595035937582,1.0485121910741306,0.0,break_up
USDJPY.a,15m,1,0.31,2021-09-13 03:15:00,109.97573177813746,2021-09-13 09:45:00,110.11812527098972,109.88393736450514,110.11812527098972,target,26,4414.198278420187,-403.00000000000006,-0.0,0.0,4414.198278420187,54.55471592629652,1.5512217706692493,0.9230602907585297,1.593432716378843,break_up
USDJPY.a,15m,1,0.43,2021-09-14 13:15:00,110.08366343427822,2021-09-14 15:30:00,110.01530071304708,110.0166493358511,110.17670132829778,stop,9,-2939.59701293899,-559.0,-57.99078057253016,0.0,-2939.59701293899,-36.35319183840558,-1.0201244638914766,2.3228460567518803,1.1689564966239834,break_up
USDJPY.a,15m,-1,0.68,2021-09-15 03:15:00,109.68436893107403,2021-09-15 03:45:00,109.61568421599992,109.72615789200005,109.60268421599991,target,2,4670.560625039684,-884.0000000000001,-0.0,0.0,4670.560625039684,58.28197461335682,1.6436090668949352,0.23046921274308035,3.023978779892649,break_dn
USDJPY.a,15m,-1,0.55,2021-09-15 08:30:00,109.59534966078908,2021-09-15 09:00:00,109.50542500805415,109.64778749597293,109.49242500805414,target,2,4945.855900421492,-715.0000000000001,-0.0,0.0,4945.855900421492,61.68194020382459,1.7148811048292067,0.06961269850524182,2.08531989174778,break_dn
USDJPY.a,15m,-1,0.27,2021-09-15 09:15:00,109.50520892301516,2021-09-15 12:15:00,109.3068146027004,109.6120926986498,109.2938146027004,target,12,5356.6466484985685,-351.00000000000006,-0.0,0.0,5356.6466484985685,66.80735852361181,1.8561687135092122,0.5313348695592857,2.266096248724322,break_dn
USDJPY.a,15m,-1,0.35,2021-09-15 15:15:00,109.18797761984219,2021-09-15 15:30:00,109.2863599161012,109.27145374373855,109.0270925125229,stop,1,-3443.3803690656364,-455.00000000000006,-66.71603269285367,0.0,-3443.3803690656364,-43.01922417486519,-1.178568094287224,1.881045415486257,0.8981923973287846,break_dn
USDJPY.a,15m,-1,0.37,2021-09-15 20:15:00,109.37696430300593,2021-09-16 03:00:00,109.4694877377061,109.45555035096217,109.22289929807566,stop,27,-3423.367083906257,-481.00000000000006,-34.68330952513762,-580.8999999999999,-4004.2670839062566,-49.85508733245576,-1.3771329328131892,1.094796076804529,0.8012147784935779,break_dn
USDJPY.a,15m,-1,0.43,2021-09-16 04:45:00,109.31021442777941,2021-09-16 11:15:00,109.3919606423689,109.37750652038008,109.17798695923986,stop,26,-3515.0872273479195,-559.0,-62.5272455192389,0.0,-3515.0872273479195,-43.9152747618313,-1.2147967380743403,1.141078680317718,1.4298028796694282,break_dn
USDJPY.a,15m,1,0.1,2021-09-16 15:45:00,109.64120727302219,2021-09-17 16:00:00,110.02019618927294,109.35367451081308,110.17665097837384,signal,97,3789.889162507478,-130.0,-16.076214541190197,30.099999999999994,3819.989162507478,47.627170510440564,1.3285404881024858,0.11201253302318195,1.359124170669636,break_up
USDJPY.a,15m,1,0.34,2021-09-17 16:15:00,110.08379925281798,2021-09-17 16:30:00,109.99941456588725,110.00076566802659,110.2084686639468,stop,1,-2869.079355644914,-442.00000000000006,-45.93747273737688,0.0,-2869.079355644914,-35.771340144218996,-1.016271754889697,1.6113871652551695,0.0,break_up
USDJPY.a,15m,1,0.41,2021-09-20 03:15:00,110.03773430700373,2021-09-20 04:30:00,109.96705417933244,109.96808250959569,110.13583498080862,stop,5,-2897.8852345231016,-533.0,-42.16154079322016,0.0,-2897.8852345231016,-36.39721283510831,-1.0147638725994206,1.1591130452925804,0.0,break_up
USDJPY.a,15m,-1,0.62,2021-09-20 09:15:00,109.8693327094871,2021-09-20 10:00:00,109.79327569073925,109.91486215463038,109.78027569073924,target,3,4715.535162366479,-806.0000000000001,-0.0,0.0,4715.535162366479,59.35844095932847,1.6705017710732926,0.2782219390779438,2.884566439889046,break_dn
USDJPY.a,15m,-1,0.38,2021-09-20 13:15:00,109.65206607730083,2021-09-20 13:45:00,109.5195781210842,109.72621093945791,109.50657812108419,target,2,5034.542336232164,-494.00000000000006,-0.0,0.0,5034.542336232164,63.50612927109108,1.7868797966870016,0.3362865878198178,2.145341870942271,break_dn
USDJPY.a,15m,-1,0.29,2021-09-20 15:15:00,109.45584749290295,2021-09-20 15:30:00,109.56852828636929,109.55367658005554,109.2636468398889,stop,1,-3267.7430105238295,-377.0,-53.69948309838917,0.0,-3267.7430105238295,-41.18180626360321,-1.1518127864219347,1.166856508831523,0.25398880461997675,break_dn
USDJPY.a,15m,-1,0.33,2021-09-20 19:45:00,109.4049576754484,2021-09-21 03:15:00,109.50440732438165,109.49019540227684,109.23760919544634,stop,30,-3281.838414797079,-429.00000000000006,-39.99342945826853,-518.0999999999999,-3799.938414797079,-47.82626724057586,-1.3509235079087833,1.115026503966897,0.9497868896873508,break_dn
USDJPY.a,15m,1,0.33,2021-09-21 07:00:00,109.64080918865007,2021-09-21 08:15:00,109.55409053308487,109.55516997969227,109.77066004061545,stop,5,-2861.715633651357,-429.00000000000006,-35.621738043852176,0.0,-2861.715633651357,-35.95603949809605,-1.0126045840512572,1.1537844621936455,0.0,break_up
USDJPY.a,15m,-1,0.23,2021-09-21 16:00:00,109.28380942703228,2021-09-22 04:00:00,109.42132067674812,109.40653798156355,109.04792403687293,stop,48,-3162.75874346438,-299.0,-41.001989245247515,-1083.3,-4246.05874346438,-53.51388675985214,-1.504224101888323,1.2074661315266342,1.326581476121044,break_dn
USDJPY.a,15m,1,0.28,2021-09-22 07:15:00,109.50401422212737,2021-09-22 21:00:00,109.6563168538568,109.40534157307161,109.6563168538568,target,55,4264.473688423948,-364.00000000000006,-0.0,0.0,4264.473688423948,53.60620117294008,1.5435141671666748,0.9527890760715813,2.8476561697847216,break_up
USDJPY.a,15m,1,0.1,2021-09-22 21:45:00,109.8185804357688,2021-09-23 22:00:00,110.24235107127353,109.55210981808608,110.30778036382785,signal,97,4237.7063550473795,-130.0,-12.978574529177095,30.099999999999994,4267.80635504738,53.002390603178455,1.6016048569111097,0.3474320605171957,1.5927443255171814,break_up
USDJPY.a,15m,1,0.51,2021-09-23 22:30:00,110.26262790283047,2021-09-23 23:15:00,110.33768623888548,110.20615688055726,110.33768623888548,target,3,3827.9751388054137,-663.0000000000001,-0.0,0.0,3827.9751388054137,47.568728228363284,1.3291478183601069,0.24132559110661697,1.4763695398706322,break_up
USDJPY.a,15m,1,0.3,2021-09-24 03:30:00,110.41666230681938,2021-09-24 04:45:00,110.32005840492064,110.32118347895754,110.56663304208494,stop,5,-2898.1170569619508,-390.00000000000006,-33.75222110695591,0.0,-2898.1170569619508,-36.0305201636832,-1.0117834923415714,1.0647628285349946,0.014010364502654703,break_up
USDJPY.a,15m,1,0.33,2021-09-24 09:15:00,110.52774337067129,2021-09-24 11:00:00,110.43894383800281,110.44052613567823,110.66094772864354,stop,7,-2930.384578059659,-429.00000000000006,-52.21582328872287,0.0,-2930.384578059659,-36.448689088020366,-1.0181420297896184,2.0838011052029075,0.48449861236791236,break_up
USDJPY.a,15m,1,0.29,2021-09-24 16:15:00,110.60509614028777,2021-09-24 19:45:00,110.76180701074826,110.50559649462586,110.76180701074826,target,14,4544.615243354101,-377.0,-0.0,0.0,4544.615243354101,56.52582079874343,1.5749892315494063,0.17182111729189367,1.607079690068158,break_up
USDJPY.a,15m,1,0.19,2021-09-27 11:30:00,110.89017977346255,2021-09-28 05:45:00,111.14382175750433,110.74208912124784,111.14382175750433,target,73,4819.197696793779,-247.00000000000003,-0.0,57.18999999999999,4876.387696793779,60.10318038738422,1.73307349386022,0.7304969749590338,2.017819639987861,break_up
USDJPY.a,15m,1,0.18,2021-09-28 15:30:00,111.56838766181912,2021-09-28 17:15:00,111.4098253123466,111.41270661710723,111.84258676578553,stop,7,-2854.12229050533,-234.00000000000003,-51.863485691445725,0.0,-2854.12229050533,-35.37593510979639,-1.0185077429687555,2.1479022217378345,0.44714716752909345,break_up
USDJPY.a,15m,1,0.32,2021-09-29 04:00:00,111.66510072501353,2021-09-29 04:30:00,111.57189035669651,111.57357634542574,111.79684730914852,stop,2,-2982.7317861445413,-416.00000000000006,-53.95163933516775,0.0,-2982.7317861445413,-36.95499638027198,-1.0184211981202673,1.1811139884300668,0.1955683837147031,break_up
USDJPY.a,15m,-1,0.22,2021-09-29 10:30:00,111.30551213122219,2021-09-29 14:15:00,111.44772495793266,111.43263576163304,111.05872847673395,stop,15,-3128.6821876304884,-286.0,-45.962318591583234,0.0,-3128.6821876304884,-38.840795730400274,-1.118697021559723,1.1444596752594716,0.7749317015555087,break_dn
USDJPY.a,15m,1,0.13,2021-09-29 17:15:00,111.74558352936623,2021-09-30 17:30:00,111.74531487594953,111.53300362236126,112.12399275527748,signal,97,-3.4924944170597882,-169.00000000000003,-43.81322531217558,39.129999999999995,35.63750558294021,0.44222680944209297,0.012895605336957192,0.17679718603580308,1.5684289043647808,break_up
USDJPY.a,15m,-1,0.12,2021-09-30 18:00:00,111.57498711242587,2021-10-01 09:45:00,111.11568543173806,111.81415728413097,111.10268543173805,target,63,5511.620168253785,-156.0,-0.0,-188.39999999999998,5323.220168253785,66.51819709692917,1.8547533646243575,0.11712533956225009,2.1532246632362737,break_dn
USDJPY.a,15m,-1,0.27,2021-10-01 12:30:00,111.09355504436519,2021-10-01 14:15:00,111.21352576405484,111.19836766933366,110.88526466133266,stop,7,-3239.2094316204666,-351.00000000000006,-58.26855747160183,0.0,-3239.2094316204666,-40.138572844822264,-1.1446208863267378,1.2159313410302213,0.42509234339454727,break_dn
USDJPY.a,15m,-1,0.19,2021-10-01 15:45:00,111.01730433942075,2021-10-04 10:15:00,111.17947567952136,111.16468143322295,110.72763713355411,stop,74,-3081.2554619116527,-247.00000000000003,-34.09067966951564,-298.29999999999995,-3379.555461911653,-41.845810148045466,-1.2069130657396048,1.0564440956354701,0.8977266141392839,break_dn
USDJPY.a,15m,1,0.2,2021-10-04 10:30:00,111.17621215247044,2021-10-04 15:15:00,111.03328294328539,111.03505798723657,111.41588402552688,stop,19,-2858.584183701112,-260.0,-35.50087902362799,0.0,-2858.584183701112,-35.293559638879024,-1.0125752148244678,1.290873366496435,0.8982225024637966,break_up
USDJPY.a,15m,-1,0.39,2021-10-05 03:45:00,110.89005589399551,2021-10-05 04:00:00,110.97761093250662,110.9631287848575,110.74674243028501,stop,1,-3414.646501933391,-507.00000000000006,-57.80375831567848,0.0,-3414.646501933391,-42.3047772183541,-1.1981876928404267,1.5593211745200002,0.06918973556215936,break_dn
USDJPY.a,15m,1,0.35,2021-10-05 06:45:00,111.14099205495643,2021-10-05 10:00:00,111.25701384379198,111.06049307810402,111.25701384379198,target,13,4060.7626092443634,-455.00000000000006,-0.0,0.0,4060.7626092443634,50.28981306336492,1.4412827761559113,0.3353092922648111,1.4535333195363909,break_up
USDJPY.a,15m,1,0.32,2021-10-05 10:15:00,111.2531549928372,2021-10-05 10:15:00,111.1613106794937,111.16304316874948,111.39391366250102,stop,0,-2939.018026992016,-416.00000000000006,-55.439656185055874,0.0,-2939.018026992016,-36.39776105867749,-1.0192259925190308,1.078160317147951,0.0,break_up
USDJPY.a,15m,1,0.3,2021-10-05 14:00:00,111.24196351281746,2021-10-05 15:15:00,111.14620870136213,111.14782233806633,111.38835532386732,stop,5,-2872.6443436600844,-390.00000000000006,-48.40910112618869,0.0,-2872.6443436600844,-35.451698618310196,-1.0171406051440546,1.1680703274434001,0.7758187358041021,break_up
USDJPY.a,15m,1,0.28,2021-10-05 21:45:00,111.48694433300022,2021-10-06 06:15:00,111.64900509233108,111.38499745383446,111.64900509233108,target,34,4537.701261263976,-364.00000000000006,-0.0,252.83999999999997,4790.541261263977,59.06067407268898,1.6782343974714748,0.7155131534886418,1.6876992057796987,break_up
USDJPY.a,15m,1,0.25,2021-10-06 07:15:00,111.72895270632695,2021-10-06 10:15:00,111.6153230650698,111.61709118243361,111.91081763513279,stop,12,-2840.7410314287063,-325.00000000000006,-44.202934095404345,0.0,-2840.7410314287063,-35.16940297158711,-1.0158063049945167,1.1885472475211285,0.5189209985053004,break_up
USDJPY.a,15m,-1,0.28,2021-10-06 15:15:00,111.34150256815134,2021-10-06 20:15:00,111.45564158722078,111.44077574207762,111.14744851584477,stop,20,-3195.892533944346,-364.00000000000006,-52.24366400841966,0.0,-3195.892533944346,-39.474818168035945,-1.1497468505862676,1.0526250719681665,1.405239327342754,break_dn
USDJPY.a,15m,-1,0.45,2021-10-07 00:15:00,111.40422144933548,2021-10-07 04:45:00,111.48126163895577,111.46697965116678,111.29604069766643,stop,18,-3466.808532913106,-585.0,-57.6894505046287,0.0,-3466.808532913106,-42.67946421991393,-1.2275716539390624,1.0640609309366365,1.453538289396645,break_dn
USDJPY.a,15m,-1,0.37,2021-10-07 10:15:00,111.32301618829158,2021-10-07 11:45:00,111.41385106776701,111.39927819013513,111.17644361972974,stop,6,-3360.8905405911855,-481.00000000000006,-58.196472379226,0.0,-3360.8905405911855,-41.3863122954733,-1.1910896289055162,1.5339724748951318,1.2196924555216915,break_dn
USDJPY.a,15m,1,0.28,2021-10-07 16:15:00,111.54721709457279,2021-10-07 16:30:00,111.4471283890881,111.44900148510018,111.70099702979964,stop,1,-2802.483753571039,-364.00000000000006,-52.446688338304874,0.0,-2802.483753571039,-34.46699556264837,-1.0190712659844439,1.3258289112293098,0.0,break_up
USDJPY.a,15m,1,0.24,2021-10-07 19:30:00,111.5771768068423,2021-10-08 03:30:00,111.75838244277512,111.46080877861245,111.75838244277512,target,32,4348.935262387499,-312.0,-0.0,72.23999999999998,4421.175262387499,54.06046373044877,1.5830433731242626,0.1476076127058881,1.5624840939862736,break_up
USDJPY.a,15m,1,0.37,2021-10-08 08:00:00,111.94071709120178,2021-10-08 12:00:00,111.86213900054489,111.86350168254272,112.05399663491458,stop,16,-2907.3893543049394,-481.00000000000006,-50.41923392006405,0.0,-2907.3893543049394,-35.60510136551431,-1.0176477988201762,1.446823802941539,0.7418585201194698,break_up
USDJPY.a,15m,1,0.19,2021-10-08 18:30:00,112.14383691185927,2021-10-11 04:30:00,112.38650315459564,112.00024842270219,112.38650315459564,target,40,4610.658611991155,-247.00000000000003,-0.0,57.18999999999999,4667.848611991155,56.70678656142258,1.7109744950907095,0.2495806736991203,1.8675806794469083,break_up
USDJPY.a,15m,1,0.24,2021-10-11 06:45:00,112.71925144793666,2021-10-11 11:00:00,112.90584327655252,112.60307836172373,112.90584327655252,target,17,4478.203886780648,-312.0,-0.0,0.0,4478.203886780648,54.010268681186666,1.6061536686205495,0.8715568402055325,1.7452282509886876,break_up
USDJPY.a,15m,1,0.12,2021-10-11 15:45:00,113.22562033258849,2021-10-12 15:30:00,113.6425066395036,112.9937466802482,113.6425066395036,target,95,5002.635682981236,-156.0,-0.0,36.11999999999999,5038.755682981236,60.211133194248305,1.8108840856953576,0.9600932677843605,2.425371152502302,break_up
USDJPY.a,15m,1,0.15,2021-10-12 15:45:00,113.78894816908189,2021-10-12 16:00:00,113.59037878042285,113.59352301592976,114.1379539681405,stop,1,-2978.540829885574,-195.00000000000003,-47.16353260355804,0.0,-2978.540829885574,-35.62769893775739,-1.0160892057966626,1.452976571858461,0.0,break_up
USDJPY.a,15m,-1,0.4,2021-10-14 01:15:00,113.24204639390317,2021-10-14 03:00:00,113.33045985790234,113.31617447463192,113.09665105073614,stop,7,-3536.538559966971,-520.0,-51.4153308163221,0.0,-3536.538559966971,-42.21673221481468,-1.1927121696660574,1.1999987753943098,0.4188209595871067,break_dn
USDJPY.a,15m,1,0.17,2021-10-14 16:45:00,113.65049112529435,2021-10-15 06:30:00,113.95247701681161,113.4762614915942,113.95247701681161,target,55,5133.760155793453,-221.00000000000003,-0.0,51.169999999999995,5184.930155793453,61.366200669607096,1.750539704641521,0.9383657752258447,1.7362653429339678,break_up
USDJPY.a,15m,1,0.37,2021-10-15 07:45:00,113.97492142986488,2021-10-15 08:30:00,114.09313999943357,113.89493000028321,114.09313999943357,target,3,4374.087074041781,-481.00000000000006,-0.0,0.0,4374.087074041781,51.623547096603694,1.4778904463508913,0.43656464258120425,1.6761616942753634,break_up
USDJPY.a,15m,1,0.32,2021-10-15 09:00:00,114.1681664031334,2021-10-15 09:00:00,114.07270386953924,114.07445347423933,114.30709305152133,stop,0,-3054.8010750130743,-416.00000000000006,-55.98735040316484,0.0,-3054.8010750130743,-36.038391724987385,-1.0186698326553476,1.3569782167106759,0.0,break_up
USDJPY.a,15m,1,0.15,2021-10-15 12:00:00,114.31362355986353,2021-10-15 17:45:00,114.1194478627696,114.1224314893354,114.65213702132922,stop,23,-2912.6354564088783,-195.00000000000003,-44.75439848684454,0.0,-2912.6354564088783,-34.394087165319135,-1.0156053886416507,1.7083530659053965,0.7865202762911806,break_up
USDJPY.a,15m,1,0.22,2021-10-15 21:00:00,114.32536216719987,2021-10-15 22:45:00,114.19149280269552,114.19311407385378,114.54677185229247,stop,7,-2945.1260190956814,-286.0,-35.66796548160235,0.0,-2945.1260190956814,-34.74998165472018,-1.0122593159359505,1.0386703030976174,0.04263073030004902,break_up
USDJPY.a,15m,1,0.05,2021-10-18 00:15:00,114.28402110485763,2021-10-19 00:30:00,114.30324162344327,113.71117127689617,115.19265744620766,signal,97,96.10259292820444,-65.0,-7.583765567306047,15.049999999999997,111.15259292820444,1.3121527237087682,0.03880688707675828,0.4678732396785403,0.2967250522658779,break_up
USDJPY.a,15m,-1,0.17,2021-10-19 04:00:00,114.120002163491,2021-10-19 15:15:00,114.30606819000492,114.29109629395097,113.78380741209806,stop,45,-3163.122450736765,-221.00000000000003,-33.52223291713282,0.0,-3163.122450736765,-37.10146159305228,-1.0875067777819094,1.2566055651996328,1.4085939876667222,break_dn
USDJPY.a,15m,1,0.37,2021-10-19 22:15:00,114.32683953240657,2021-10-20 02:00:00,114.44146286493752,114.24726856753124,114.44146286493752,target,15,4241.063303645291,-481.00000000000006,-0.0,334.1099999999999,4575.173303645291,53.434807976434335,1.5540006675134672,0.2870334982408325,1.83685679597367,break_up
USDJPY.a,15m,1,0.3,2021-10-20 02:15:00,114.45686934430476,2021-10-20 03:00:00,114.61149474768551,114.35875262615724,114.61149474768551,target,3,4638.762101422458,-390.00000000000006,-0.0,0.0,4638.762101422458,54.14518027188375,1.5759332996468798,0.14135556678437347,1.6014666884698263,break_up
USDJPY.a,15m,-1,0.2,2021-10-20 15:15:00,114.23966285040184,2021-10-21 01:30:00,114.39983254734841,114.38525145151179,113.95249709697642,stop,41,-3203.3939389313564,-260.0,-31.621916732201175,-314.0,-3517.3939389313564,-40.92283633705464,-1.2079908427291635,1.2180702901611997,1.0898026987842,break_dn
USDJPY.a,15m,1,0.34,2021-10-21 01:45:00,114.402001630756,2021-10-21 03:00:00,114.31168392704237,114.31327062743586,114.5374587451283,stop,5,-3070.80192626367,-442.00000000000006,-53.947813378726295,0.0,-3070.80192626367,-35.6869692916317,-1.0178821419133928,1.1157501555437268,0.07887174698961974,break_up
USDJPY.a,15m,-1,0.12,2021-10-21 07:15:00,114.05664167929626,2021-10-22 07:30:00,114.05417934015686,114.29068125467725,113.59263749064552,signal,97,29.548069672785005,-156.0,-28.304163764373975,-188.39999999999998,-158.85193032721497,-1.863335421128264,-0.05656163424092625,0.6467210532976799,1.733218318465702,break_dn
USDJPY.a,15m,-1,0.19,2021-10-22 17:30:00,113.63639067062788,2021-10-22 18:15:00,113.80241040718836,113.78656117433637,113.33787765132726,stop,3,-3154.3749946492308,-247.00000000000003,-54.13542418775241,0.0,-3154.3749946492308,-37.22149250159951,-1.105541584136637,1.5689454556900233,0.46873832669904814,break_dn
USDJPY.a,15m,-1,0.25,2021-10-25 09:15:00,113.52769911713132,2021-10-25 09:30:00,113.66092320763265,113.6459119779227,113.3041760441546,stop,1,-3330.6022625332334,-325.00000000000006,-50.28074274872086,0.0,-3330.6022625332334,-39.14867847215191,-1.1269847426875805,1.4490883794022698,0.09896653420782658,break_dn
USDJPY.a,15m,1,0.28,2021-10-25 15:30:00,113.75833966022446,2021-10-25 15:45:00,113.92310187032692,113.65294906483653,113.92310187032692,target,1,4613.341882868668,-364.00000000000006,-0.0,0.0,4613.341882868668,54.14716061555576,1.563348318661465,0.30685527589465683,1.5813587461203211,break_up
USDJPY.a,15m,1,0.39,2021-10-26 06:00:00,113.93882098563644,2021-10-26 10:30:00,114.05058738373687,113.86220630813156,114.05058738373687,target,18,4358.889525916709,-507.00000000000006,-0.0,0.0,4358.889525916709,50.997105204084626,1.4588118326715156,0.89827416727106,1.842714985709748,break_up
USDJPY.a,15m,1,0.29,2021-10-26 10:45:00,114.07010261616446,2021-10-26 11:15:00,113.96439910770174,113.96610621585322,114.24178756829359,stop,2,-3065.40174541901,-377.0,-49.50613639291367,0.0,-3065.40174541901,-35.836079679888236,-1.0164150696213472,1.087562798577344,0.056707576588049195,break_up
USDJPY.a,15m,1,0.19,2021-10-26 15:30:00,114.13632479884446,2021-10-27 06:45:00,113.97738494151372,113.97875063809391,114.40549872381216,stop,61,-3019.8572892839907,-247.00000000000003,-25.948235023656725,171.56999999999996,-2848.2872892839905,-33.22894274856496,-0.9513606584778882,1.1189956399235035,1.1148731512754553,break_up
USDJPY.a,15m,-1,0.24,2021-10-27 12:15:00,113.60754234990279,2021-10-27 13:00:00,113.74397501016188,113.7287081639901,113.36958367201977,stop,3,-3274.3838462181425,-312.0,-54.40430812241983,0.0,-3274.3838462181425,-38.38979243992091,-1.125999617027021,1.2087373918164073,0.3015896041143556,break_dn
USDJPY.a,15m,-1,0.26,2021-10-27 16:30:00,113.60617702480316,2021-10-27 17:00:00,113.73566529896716,113.71954481829165,113.38491036341671,stop,2,-3366.6951282640985,-338.00000000000006,-81.13249756329883,0.0,-3366.6951282640985,-39.436716803869444,-1.142196299138054,1.1363277985111,1.9245062295871491,break_dn
USDJPY.a,15m,-1,0.38,2021-10-28 08:15:00,113.5189517244727,2021-10-28 09:00:00,113.60957733841637,113.59495421086528,113.37009157826942,stop,3,-3443.7733298595385,-494.00000000000006,-61.678846941301344,0.0,-3443.7733298595385,-40.33622727558192,-1.1924032784342853,1.1979644331239379,0.20988424497460623,break_dn
USDJPY.a,15m,-1,0.22,2021-10-28 17:15:00,113.42116603277617,2021-10-28 20:00:00,113.57022827878656,113.55468839228395,113.1596232154321,stop,11,-3279.369412228533,-286.0,-55.87750305732685,0.0,-3279.369412228533,-38.311970931309766,-1.1163841513877923,1.0248018963135845,1.2444809497730156,break_dn
USDJPY.a,15m,1,0.37,2021-10-29 02:15:00,113.59676371835656,2021-10-29 04:00:00,113.51605448794487,113.51788104981439,113.71323790037121,stop,7,-2986.2415252323444,-481.00000000000006,-67.58278917234554,0.0,-2986.2415252323444,-34.859658818117566,-1.023155426955982,2.583124051484646,1.4608567860740163,break_up
USDJPY.a,15m,1,0.24,2021-10-29 06:15:00,113.6481895752169,2021-10-29 09:15:00,113.52719844512498,113.52923779369371,113.8465244126126,stop,12,-2903.787122206154,-312.0,-48.94436564935681,0.0,-2903.787122206154,-33.90933203284681,-1.0171443297663574,1.0692532183059655,0.3346769949413173,break_up
USDJPY.a,15m,1,0.25,2021-10-29 11:15:00,113.69042272398312,2021-10-29 14:30:00,113.87160104433546,113.57819947783227,113.87160104433546,target,13,4529.458008808618,-325.00000000000006,-0.0,0.0,4529.458008808618,52.78906838914957,1.614445549978208,0.31564515550996675,1.778395144163051,break_up
USDJPY.a,15m,1,0.21,2021-10-29 14:45:00,113.85825553108192,2021-10-29 19:00:00,114.09174517960966,113.72012741019516,114.09174517960966,target,17,4903.282619082474,-273.0,-0.0,0.0,4903.282619082474,57.22069763564162,1.6903846011135755,0.9792034396298434,1.7139483792164227,break_up
USDJPY.a,15m,1,0.23,2021-11-01 03:00:00,114.25315348568985,2021-11-01 03:30:00,114.12454363553971,114.12640837340898,114.46418325318206,stop,2,-2958.026553453252,-299.0,-42.88897099311092,0.0,-2958.026553453252,-34.523869647712175,-1.0147125031941018,1.0584509593755458,0.0,break_up
USDJPY.a,15m,1,0.3,2021-11-01 07:00:00,114.21521824185437,2021-11-01 10:30:00,114.37074857181415,114.11762571409292,114.37074857181415,target,14,4665.909898793217,-390.00000000000006,-0.0,0.0,4665.909898793217,54.43873143732849,1.5936704738291545,0.1559365476378379,1.9856208522368035,break_up
USDJPY.a,15m,1,0.2,2021-11-01 14:00:00,114.25934732339692,2021-11-01 17:15:00,114.11417775140853,114.11636390500138,114.50227218999726,stop,13,-2903.391439767802,-260.0,-43.72307185682763,0.0,-2903.391439767802,-33.78143065755436,-1.0152895602677328,1.0794770829295588,0.3682432354317995,break_up
USDJPY.a,15m,1,0.25,2021-11-01 18:15:00,114.20539408844866,2021-11-01 20:45:00,114.08742976708278,114.0892413912264,114.39451721754722,stop,10,-2949.1080341468746,-325.00000000000006,-45.29060359030564,0.0,-2949.1080341468746,-34.374523088702865,-1.0155969184266693,1.1053905033558737,0.48734048287339243,break_up
USDJPY.a,15m,-1,0.32,2021-11-02 05:00:00,113.95881978565805,2021-11-02 07:30:00,113.79240242309452,114.05029878845274,113.77940242309451,target,10,5325.355602033142,-416.00000000000006,-0.0,0.0,5325.355602033142,62.511965665876474,1.8191864524041863,0.48295469990099527,3.9770851730271595,break_dn
USDJPY.a,15m,-1,0.19,2021-11-02 12:00:00,113.50736130688266,2021-11-02 14:15:00,113.67671354499917,113.66153439579438,113.20393120841125,stop,9,-3217.692524213817,-247.00000000000003,-41.40383489112633,0.0,-3217.692524213817,-37.90934435025059,-1.0984552447638214,1.12625811899486,0.2942232474088165,break_dn
USDJPY.a,15m,1,0.25,2021-11-02 22:00:00,113.96816888040661,2021-11-03 04:00:00,113.85472956282118,113.8560795165675,114.14984096686497,stop,24,-2835.9829396357836,-325.00000000000006,-33.74884365833654,225.74999999999994,-2610.2329396357836,-30.824911662491804,-0.931482827713282,1.1256097464137271,0.3731943706402173,break_up
USDJPY.a,15m,-1,0.46,2021-11-03 14:45:00,113.78726171033426,2021-11-03 15:30:00,113.86354258413054,113.84918140935159,113.66563718129682,stop,3,-3508.9201946288144,-598.0,-62.614039831583476,0.0,-3508.9201946288144,-41.41265717670336,-1.231932244614707,1.2231695384137187,1.0701232626424966,break_dn
USDJPY.a,15m,1,0.29,2021-11-04 02:45:00,114.05219638063213,2021-11-04 04:45:00,114.20674144364101,113.95362927817949,114.20674144364101,target,8,4481.806827257586,-377.0,-0.0,0.0,4481.806827257586,52.63919064963898,1.5679172783145192,0.1744636922891422,1.9053377312995259,break_up
USDJPY.a,15m,-1,0.3,2021-11-04 13:30:00,113.96774935041256,2021-11-04 15:00:00,113.79128643116292,114.06435678441854,113.77828643116291,target,6,5293.887577489329,-390.00000000000006,-0.0,0.0,5293.887577489329,62.701175943639264,1.8265977257892048,0.41664132788109753,2.1400977320211023,break_dn
USDJPY.a,15m,-1,0.31,2021-11-04 22:45:00,113.70875510482061,2021-11-05 01:15:00,113.81434824494636,113.79998794555621,113.53002410888756,stop,10,-3273.3873438981927,-403.00000000000006,-42.16928109462139,-486.69999999999993,-3760.0873438981926,-44.622721535095074,-1.3294898980211003,1.0330150241897602,0.09596439999036122,break_dn
USDJPY.a,15m,-1,0.35,2021-11-05 04:15:00,113.6518862114586,2021-11-05 05:30:00,113.74776189685713,113.73286174152126,113.4932765169575,stop,5,-3355.648988948374,-455.00000000000006,-66.50543675524371,0.0,-3355.648988948374,-39.956548106776964,-1.184008123495284,1.0634544593256952,1.1841381141242098,break_dn
USDJPY.a,15m,1,0.23,2021-11-05 13:15:00,113.87010034135443,2021-11-05 16:00:00,113.7450161474878,113.74755700399223,114.06988599201556,stop,11,-2876.93645893242,-299.0,-58.43969960176252,0.0,-2876.93645893242,-34.28755104347486,-1.020734350468312,1.7063379034340216,1.3048417163060797,break_up
USDJPY.a,15m,-1,0.19,2021-11-05 18:30:00,113.49198415022772,2021-11-08 05:30:00,113.65051159375321,113.63612649683931,113.20974700632138,stop,44,-3012.0214269842336,-247.00000000000003,-26.316841363909628,-298.29999999999995,-3310.3214269842338,-39.37174158468212,-1.2087179626329154,1.214187599178502,1.3319066515897218,break_dn
USDJPY.a,15m,1,0.33,2021-11-08 05:45:00,113.66290172666099,2021-11-08 06:15:00,113.57775640478296,113.57911231145928,113.78877537708144,stop,2,-2809.795621975013,-429.00000000000006,-44.74492031849028,0.0,-2809.795621975013,-33.44376791427987,-1.0161823145925948,1.0490791283049428,0.0,break_up
USDJPY.a,15m,-1,0.47,2021-11-08 23:15:00,113.22615364269167,2021-11-09 01:45:00,113.30016126334864,113.286164431987,113.108671136026,stop,10,-3478.358170877641,-611.0,-46.85107399695942,-737.8999999999999,-4216.258170877641,-50.209736465399494,-1.494858203172263,1.0805783104967268,0.285842644182675,break_dn
USDJPY.a,15m,-1,0.55,2021-11-09 02:15:00,113.22725607312884,2021-11-09 03:15:00,113.14104769441964,113.27797615279017,113.12804769441964,target,4,4741.460829006101,-715.0000000000001,-0.0,0.0,4741.460829006101,56.632988277835516,1.6996893397019972,0.7047293125293254,2.8244449552403816,break_dn
USDJPY.a,15m,-1,0.22,2021-11-09 03:30:00,113.09904666567544,2021-11-09 05:15:00,112.8674966881251,113.22275165593744,112.8544966881251,target,7,5094.099506107568,-286.0,-0.0,0.0,5094.099506107568,60.99890238927186,1.8717917285304102,0.5008151586556331,1.9808955577010576,break_dn
USDJPY.a,15m,-1,0.25,2021-11-09 07:15:00,112.75282149097312,2021-11-09 08:45:00,112.87997691034028,112.86526037617318,112.53147924765365,stop,6,-3178.885484178906,-325.00000000000006,-42.91335417733146,0.0,-3178.885484178906,-37.93316089227433,-1.130884739215508,1.3089644989365614,0.13181819569579914,break_dn
USDJPY.a,15m,-1,0.22,2021-11-09 17:00:00,112.79622321293192,2021-11-09 17:00:00,112.93509217657595,112.91942699597382,112.54614600805236,stop,0,-3055.117200168638,-286.0,-58.633973246811124,0.0,-3055.117200168638,-36.690347840860206,-1.1271485356646844,1.2887330498129081,0.17226104919762672,break_dn
USDJPY.a,15m,1,0.33,2021-11-10 09:15:00,113.01294975279441,2021-11-10 10:00:00,113.13970699609374,112.92864650195312,113.13970699609374,target,3,4182.989028877671,-429.00000000000006,-0.0,0.0,4182.989028877671,50.150794156785224,1.5035866592850768,0.17733305234637708,1.5426480700065255,break_up
USDJPY.a,15m,1,0.29,2021-11-10 14:30:00,113.26107044105737,2021-11-10 15:30:00,113.408309462328,113.166345268836,113.408309462328,target,4,4269.931616848438,-377.0,-0.0,0.0,4269.931616848438,51.04858048114644,1.554381140912966,0.5391432906347692,2.4484469492502297,break_up
USDJPY.a,15m,1,0.2,2021-11-10 15:45:00,113.45158926279139,2021-11-10 15:45:00,113.30966060935391,113.31204450354099,113.67791099291802,stop,0,-2838.5730687494975,-260.0,-47.67788374144939,0.0,-2838.5730687494975,-33.93617012036026,-1.0170833659385143,1.3084637773013343,0.21076203339054062,break_up
USDJPY.a,15m,1,0.1,2021-11-10 17:00:00,113.66896743601922,2021-11-11 17:15:00,113.97772621482028,113.39646599572626,114.17206800854748,signal,97,3087.5877880106377,-130.0,-25.475703594388847,30.099999999999994,3117.6877880106376,37.436982234613275,1.1440995631652184,0.10997166101949062,1.7872660175931545,break_up
USDJPY.a,15m,1,0.31,2021-11-11 19:45:00,114.07405560053853,2021-11-12 02:45:00,114.21466082722517,113.98266958638742,114.21466082722517,target,28,4358.762027286005,-403.00000000000006,-0.0,93.30999999999999,4452.072027286005,53.46551736821816,1.5715230390633839,0.44925474559640516,1.9471732202613077,break_up
USDJPY.a,15m,1,0.28,2021-11-12 03:00:00,114.26385238816616,2021-11-12 07:45:00,114.16336767255385,114.16447677502742,114.42104644994515,stop,19,-2813.5720371446955,-364.00000000000006,-31.054869260108152,0.0,-2813.5720371446955,-33.77962294906055,-1.0111607107473066,1.0148605375180502,0.36374730874240213,break_up
USDJPY.a,15m,-1,0.27,2021-11-12 14:30:00,113.96193137664511,2021-11-15 03:45:00,113.76711856448085,114.06744071775957,113.75411856448085,target,53,5259.945928434974,-351.00000000000006,-0.0,-423.9,4836.0459284349745,57.90247488970685,1.697601466110556,0.7967884404064121,1.9802168645756657,break_dn
USDJPY.a,15m,-1,0.43,2021-11-15 08:00:00,113.82217770404829,2021-11-15 08:30:00,113.90331917813343,113.88909814739996,113.69080370520005,stop,2,-3489.0833856611607,-559.0,-52.50432153904205,0.0,-3489.0833856611607,-41.68646836901957,-1.2125065229877943,1.1330214229641684,0.1819728537106123,break_dn
USDJPY.a,15m,1,0.32,2021-11-15 22:30:00,114.1398541990209,2021-11-16 03:30:00,114.27702962482755,114.05048518758623,114.27702962482755,target,20,4389.613625812672,-416.00000000000006,-0.0,96.31999999999998,4485.933625812671,53.31735479862408,1.568613365597358,0.5242779154511549,1.8702881266767295,break_up
USDJPY.a,15m,1,0.29,2021-11-16 03:45:00,114.2591029204357,2021-11-16 04:45:00,114.157734183782,114.15955486698289,114.41289026603422,stop,4,-2939.6933629572145,-377.0,-52.79981282584328,0.0,-2939.6933629572145,-34.975313236331964,-1.0182894907307571,1.2466634568050383,0.5313723144710245,break_up
USDJPY.a,15m,1,0.35,2021-11-16 14:45:00,114.32089055786018,2021-11-16 16:00:00,114.44268760761464,114.23915619619268,114.44268760761464,target,5,4262.896741406194,-455.00000000000006,-0.0,0.0,4262.896741406194,50.850592213425415,1.4901572272618882,0.9407372406354199,2.3626469724617603,break_up
USDJPY.a,15m,1,0.33,2021-11-17 01:15:00,114.89208565174688,2021-11-17 02:15:00,114.80282573956345,114.80464694477257,115.02470611045486,stop,4,-2945.5771020534057,-429.00000000000006,-60.09977190104455,0.0,-2945.5771020534057,-35.20664172862463,-1.0208283639150888,1.3047499865293555,0.8910738842010533,break_up
USDJPY.a,15m,-1,0.29,2021-11-18 03:30:00,114.06263530022916,2021-11-18 07:00:00,114.17372363977108,114.15859572192593,113.87480855614811,stop,14,-3221.561846715744,-377.0,-61.709617509162484,0.0,-3221.561846715744,-38.7687934597713,-1.1576474715060323,2.181781781164105,1.9136566615914603,break_dn
USDJPY.a,15m,-1,0.32,2021-11-18 09:15:00,114.12766826359618,2021-11-18 10:30:00,114.23041749564331,114.21524498521818,113.95351002956365,stop,5,-3287.9754255081934,-416.00000000000006,-69.52033360400334,0.0,-3287.9754255081934,-39.56714144933625,-1.173248211900636,1.1228067753922395,1.7089959617600672,break_dn
USDJPY.a,15m,1,0.2,2021-11-18 15:30:00,114.3692506340306,2021-11-18 17:15:00,114.22652324874836,114.22915396872504,114.60669206254993,stop,7,-2854.5477056448476,-260.0,-52.61439953367058,0.0,-2854.5477056448476,-34.40841983769693,-1.0187778914718721,1.3794092358237648,0.8262107147014027,break_up
USDJPY.a,15m,1,0.26,2021-11-19 02:15:00,114.34185558485247,2021-11-19 11:00:00,114.51075811466924,114.23662094266538,114.51075811466924,target,35,4391.4657752361845,-338.00000000000006,-0.0,0.0,4391.4657752361845,53.181833853165244,1.6050088289035378,0.9298799598567657,1.8923845894158335,break_up
USDJPY.a,15m,-1,0.14,2021-11-19 12:15:00,113.8750326805017,2021-11-22 01:00:00,114.08769987433028,114.07276264203689,113.4764747159262,stop,51,-2977.3407136001147,-182.00000000000003,-27.12125210734397,-219.79999999999998,-3197.140713600115,-38.73574432054059,-1.154944814915868,1.0467170371722228,1.4566971958391954,break_dn
USDJPY.a,15m,1,0.25,2021-11-22 03:30:00,114.18628639110646,2021-11-22 11:15:00,114.07396065717136,114.0756170840961,114.3647658318078,stop,31,-2808.143348377712,-325.00000000000006,-41.41067311856159,0.0,-2808.143348377712,-33.91364182662342,-1.0149673560762829,1.0688274310363515,0.7383583678343731,break_up
USDJPY.a,15m,1,0.07,2021-11-22 16:15:00,114.53782516208015,2021-11-23 16:30:00,114.9951774973087,114.16599084238882,115.23701831522234,signal,97,3201.466346599844,-91.00000000000001,-25.51503767809629,21.069999999999997,3222.5363465998444,38.75769364315119,1.2380845738249968,0.13937702717481992,1.6571220172235448,break_up
USDJPY.a,15m,1,0.22,2021-11-23 21:00:00,115.0833985324191,2021-11-24 06:00:00,114.95681041091774,114.95856280486647,115.28687439026704,stop,36,-2784.938673029842,-286.0,-38.552666872309786,198.65999999999997,-2586.278673029842,-31.21518137761655,-0.941702538256145,1.0285399455454318,1.2224182177060026,break_up
USDJPY.a,15m,-1,0.28,2021-11-24 09:15:00,114.89982981306373,2021-11-24 10:45:00,115.01274787266063,114.9976222993486,114.70775540130278,stop,6,-3161.705668713012,-364.00000000000006,-59.51605273653423,0.0,-3161.705668713012,-38.06237182001928,-1.1546700967184536,1.7912438224138414,0.754964065937228,break_dn
USDJPY.a,15m,1,0.19,2021-11-24 15:30:00,115.21259952817587,2021-11-24 17:15:00,115.4520773932994,115.07096130335029,115.4520773932994,target,7,4550.079437347123,-247.00000000000003,-0.0,0.0,4550.079437347123,54.80895124721877,1.690771438419465,0.8020400447390281,1.810249119825231,break_up
USDJPY.a,15m,1,0.17,2021-11-24 17:45:00,115.45085493691248,2021-11-24 18:45:00,115.28597983404015,115.28864100385834,115.72771799228332,stop,4,-2802.8767488296044,-221.00000000000003,-45.239886909263525,0.0,-2802.8767488296044,-33.76492534148675,-1.0164053097541788,1.0532691840685482,0.17967052853468488,break_up
USDJPY.a,15m,1,0.24,2021-11-24 20:45:00,115.49439103855778,2021-11-24 22:15:00,115.3775129585977,115.37950135491388,115.68099729017224,stop,6,-2805.0739190417744,-312.0,-47.721511588356975,0.0,-2805.0739190417744,-33.77333780054693,-1.017307004886026,1.0130677956998972,0.22290044353845145,break_up
USDJPY.a,15m,1,0.53,2021-11-25 07:15:00,115.39957754686841,2021-11-25 09:15:00,115.34643810182307,115.34737191070501,115.46325617858997,stop,8,-2816.390587403348,-689.0000000000001,-49.491870742770466,0.0,-2816.390587403348,-33.88882123780476,-1.0178871277234547,1.466844434741266,0.6210527351894213,break_up
USDJPY.a,15m,-1,0.26,2021-11-25 14:15:00,115.2753987527707,2021-11-25 17:30:00,115.39456913104377,115.38067030535406,115.0636593892919,stop,13,-3098.4298350997788,-338.00000000000006,-23.36946793208851,0.0,-3098.4298350997788,-37.36232316927417,-1.1320283148545942,1.0791257888909833,0.1367772433991676,break_dn
USDJPY.a,15m,-1,0.29,2021-11-26 01:30:00,115.23111328726189,2021-11-26 01:45:00,115.06125492546644,115.32387253726678,115.04825492546644,target,1,4925.892492068001,-377.0,-0.0,0.0,4925.892492068001,59.67511796299559,1.831174376533834,0.031120483811061722,2.157340505139256,break_dn
USDJPY.a,15m,-1,0.11,2021-11-26 15:45:00,113.83522586068973,2021-11-26 17:00:00,113.41432345889493,114.06533827055253,113.40132345889492,target,5,4629.926419742858,-143.0,-0.0,0.0,4629.926419742858,57.40345617442907,1.8291164828779278,0.37709456592107704,2.3259321868336333,break_dn
USDJPY.a,15m,-1,0.08,2021-11-26 17:15:00,113.31377213522718,2021-11-29 00:00:00,113.65685689626386,113.63895298739341,112.68509402521317,stop,27,-2744.6780882934268,-104.00000000000001,-39.231270963555325,-125.59999999999998,-2870.2780882934267,-35.536638428788194,-1.1033391377339574,1.0124454210007496,0.8050047642207491,break_dn
USDJPY.a,15m,-1,0.1,2021-11-29 07:45:00,113.284488476531,2021-11-29 09:45:00,113.56228958437814,113.54488751482097,112.76822497035806,stop,8,-2778.0110784713943,-130.0,-44.020695571631194,0.0,-2778.0110784713943,-34.21990784806984,-1.0668284709169533,1.2385280897614577,1.127072044729186,break_dn
USDJPY.a,15m,1,0.11,2021-11-29 15:15:00,113.71725270901312,2021-11-30 07:00:00,113.48608043351884,113.48843746339635,114.13512507320728,stop,63,-2542.895030437165,-143.0,-25.927328652638227,33.10999999999999,-2509.785030437165,-31.24544593010372,-0.9971462997549642,1.6967956307570067,1.0434063969091525,break_up
USDJPY.a,15m,-1,0.08,2021-11-30 07:15:00,113.34907945769487,2021-11-30 11:30:00,112.74360977287172,113.65819511356415,112.73060977287172,target,17,4843.757478585189,-104.00000000000001,-0.0,0.0,4843.757478585189,60.24059017948432,1.9587156888591795,0.028858267563472678,2.1483203619285525,break_dn
USDJPY.a,15m,-1,0.13,2021-11-30 17:00:00,112.62035797978221,2021-11-30 17:30:00,112.83803776055859,112.81997877012384,112.22604245975232,stop,2,-2829.837150092928,-169.00000000000003,-65.76687565171513,0.0,-2829.837150092928,-35.143093293109196,-1.0904664809905174,3.625083434342472,0.38752466438900474,break_dn
USDJPY.a,15m,1,0.13,2021-12-01 03:15:00,113.40598880954117,2021-12-01 15:15:00,113.2086088649657,113.21127403390949,113.75945193218104,stop,48,-2565.939279481157,-169.00000000000003,-34.647196269252255,0.0,-2565.939279481157,-31.681352595873868,-1.0136875536802306,1.006543077716434,1.1453223810846187,break_up
USDJPY.a,15m,-1,0.12,2021-12-01 17:00:00,112.8348195800869,2021-12-01 17:15:00,113.07407151248235,113.05773878474623,112.41052243050753,stop,1,-2871.0231887453688,-156.0,-39.99273283327651,0.0,-2871.0231887453688,-35.56488140821781,-1.0732674771609432,1.1626652818413465,0.37600878854286846,break_dn
USDJPY.a,15m,-1,0.13,2021-12-01 20:00:00,112.76068249837431,2021-12-02 02:15:00,112.97063023657527,112.95520483866879,112.3725903226624,stop,25,-2729.320596612567,-169.00000000000003,-31.530172784208723,-204.09999999999997,-2933.420596612567,-36.576839778650786,-1.1600093740357187,1.2045788739276322,0.6872346804584688,break_dn
USDJPY.a,15m,-1,0.15,2021-12-02 05:15:00,113.02527723592134,2021-12-02 09:00:00,113.20720030645722,113.1920334503895,112.696933099221,stop,15,-2728.8460580383144,-195.00000000000003,-32.502841015711034,0.0,-2728.8460580383144,-33.910811205961956,-1.0909522689519777,1.2396705258509397,0.3554724248832061,break_dn
USDJPY.a,15m,1,0.25,2021-12-03 00:45:00,113.20324981744517,2021-12-03 01:15:00,113.09869549311846,113.10070854782433,113.36558290435133,stop,2,-2613.8581081678326,-325.00000000000006,-50.32636764667352,0.0,-2613.8581081678326,-32.63158760604921,-1.019631653804496,1.348235865972439,0.22186367146565728,break_up
USDJPY.a,15m,1,0.26,2021-12-03 06:45:00,113.21317996774756,2021-12-03 09:45:00,113.3690082913668,113.1154958543166,113.3690082913668,target,12,4051.536414100042,-338.00000000000006,-0.0,0.0,4051.536414100042,50.57668614740324,1.5952268812816728,0.3396659557237878,1.9739139301164326,break_up
USDJPY.a,15m,1,0.17,2021-12-03 16:00:00,113.43499072894569,2021-12-03 17:30:00,113.283434846731,113.28709296061709,113.68281407876582,stop,6,-2576.449997649803,-221.00000000000003,-62.18793606343531,0.0,-2576.449997649803,-32.43712045215167,-1.0247340708884929,1.7308626887250969,1.2035967348662069,break_up
USDJPY.a,15m,-1,0.31,2021-12-06 06:15:00,113.00085169852207,2021-12-06 08:45:00,113.09881805176865,113.08424187445215,112.83451625109572,stop,10,-3036.9569506438697,-403.00000000000006,-48.861496811171634,0.0,-3036.9569506438697,-38.294397737373984,-1.1747948982470229,1.7166086997821663,0.21407435975472736,break_dn
USDJPY.a,15m,1,0.23,2021-12-06 09:00:00,113.12406572881497,2021-12-06 11:00:00,113.30915956884705,113.01192021557648,113.30915956884705,target,8,4257.158320737872,-299.0,-0.0,0.0,4257.158320737872,53.50956587108918,1.6504792272737807,0.8209488383114012,2.21974347431674,break_up
USDJPY.a,15m,1,0.15,2021-12-06 17:45:00,113.34180140489826,2021-12-07 06:00:00,113.6401569559261,113.17042152203695,113.6401569559261,target,49,4475.333265417589,-195.00000000000003,-0.0,45.14999999999999,4520.483265417589,56.254426077017,1.7584651476959487,0.23224082216501452,1.8275108482550668,break_up
USDJPY.a,15m,1,0.23,2021-12-07 20:00:00,113.74240549988554,2021-12-07 20:00:00,113.62442637172009,113.62653462154839,113.93093075690321,stop,0,-2713.519947805224,-299.0,-48.48974605078195,0.0,-2713.519947805224,-33.60349154496949,-1.0181948204635347,1.1685895699482693,0.0,break_up
USDJPY.a,15m,-1,0.26,2021-12-07 22:45:00,113.51575718625499,2021-12-08 10:30:00,113.63147950001088,113.61660824011614,113.31778351976772,stop,47,-3008.780157653291,-338.00000000000006,-48.6527572633139,-1224.6,-4233.3801576532915,-52.25902859536372,-1.6144830175009233,1.1625343440280507,1.8914743966643888,break_dn
USDJPY.a,15m,-1,0.12,2021-12-08 12:45:00,113.40962113964837,2021-12-08 13:45:00,113.63790443489665,113.62220786508837,112.98858426982326,stop,4,-2739.39954297947,-156.0,-32.3588376993487,0.0,-2739.39954297947,-33.76583002091186,-1.0738360769036543,1.8363275484094255,0.4592061872457687,break_dn
USDJPY.a,15m,1,0.15,2021-12-08 15:45:00,113.8599577967603,2021-12-08 19:30:00,113.68516328181444,113.68775872265823,114.16248255468355,stop,15,-2621.917724187881,-195.00000000000003,-38.93161265678037,0.0,-2621.917724187881,-32.138254395675816,-1.0150723275216496,1.0044060786167952,0.5519321386325553,break_up
USDJPY.a,15m,1,0.29,2021-12-09 03:00:00,113.79606717583586,2021-12-09 05:30:00,113.70585804887237,113.70728668576182,113.93142662847636,stop,10,-2616.0646819411113,-377.0,-41.430469793673986,0.0,-2616.0646819411113,-32.12077571996825,-1.016091788728038,1.0144928887049285,0.15693565278276342,break_up
USDJPY.a,15m,-1,0.3,2021-12-09 06:45:00,113.59504586938405,2021-12-09 10:00:00,113.44374197762288,113.68012901118855,113.43074197762287,target,13,4539.1167528352125,-390.00000000000006,-0.0,0.0,4539.1167528352125,55.8464181716264,1.7783063548455558,0.8809516083476698,2.915335096040482,break_dn
USDJPY.a,15m,-1,0.24,2021-12-09 10:15:00,113.41375547523153,2021-12-09 11:00:00,113.5350938990374,113.5201628234636,113.20467435307283,stop,3,-2912.1221713411387,-312.0,-46.34581377145611,0.0,-2912.1221713411387,-35.80682738135669,-1.1403199668245563,1.2522116844587976,0.11047616002878236,break_dn
USDJPY.a,15m,-1,0.27,2021-12-09 14:45:00,113.4617299362233,2021-12-09 15:15:00,113.2866085163563,113.55769574182185,113.27360851635629,target,2,4728.278336409304,-351.00000000000006,-0.0,0.0,4728.278336409304,58.40341704662525,1.8248314467302094,0.013234545042013024,1.9770577138383403,break_dn
USDJPY.a,15m,-1,0.34,2021-12-10 00:15:00,113.40087149681511,2021-12-10 02:00:00,113.49236991413628,113.47783406572465,113.2503318685507,stop,7,-3110.9461889195136,-442.00000000000006,-52.218845995208,0.0,-3110.9461889195136,-38.42107581824728,-1.1888690647620093,1.1970559778633578,0.2322102428275872,break_dn
USDJPY.a,15m,-1,0.23,2021-12-10 03:15:00,113.36387807544934,2021-12-10 04:00:00,113.49099922313117,113.4761747834968,113.1456504330064,stop,3,-2923.7863966821747,-299.0,-41.96211159027179,0.0,-2923.7863966821747,-36.02783415180646,-1.1320113464777697,1.1943531282678153,0.2838736415662979,break_dn
USDJPY.a,15m,1,0.33,2021-12-10 09:15:00,113.58194892608076,2021-12-10 12:30:00,113.69805485181188,113.50297257409406,113.69805485181188,target,13,3831.4955491269416,-429.00000000000006,-0.0,0.0,3831.4955491269416,47.124464366861375,1.470135335583457,0.41719989910776517,1.570736945916968,break_up
USDJPY.a,15m,-1,0.22,2021-12-10 17:15:00,113.29827751341331,2021-12-10 17:45:00,113.43271165637444,113.41712813418197,113.06574373163606,stop,2,-2957.551145144777,-286.0,-56.83748823424338,0.0,-2957.551145144777,-36.37720336563245,-1.1311185595135052,1.1924421233150588,0.0,break_dn
USDJPY.a,15m,1,0.39,2021-12-13 06:15:00,113.57870566497563,2021-12-13 06:45:00,113.51113082579357,113.51221845881051,113.67056308237898,stop,2,-2635.4187281002482,-507.00000000000006,-42.41768766056343,0.0,-2635.4187281002482,-32.357986774238356,-1.016358530906466,1.319135966667224,0.0,break_up
USDJPY.a,15m,1,0.3,2021-12-13 10:15:00,113.60483215026264,2021-12-13 16:15:00,113.51848561258832,113.52019293457602,113.73861413084798,stop,24,-2590.3961302294933,-390.00000000000006,-51.219659630783504,0.0,-2590.3961302294933,-31.994410510694614,-1.020171760499486,1.1795023081531502,1.4315804884816938,break_up
USDJPY.a,15m,1,0.28,2021-12-14 03:00:00,113.64495382890694,2021-12-14 05:30:00,113.55313328038979,113.55462094156935,113.78375811686129,stop,10,-2570.975358480155,-364.00000000000006,-41.654513027926704,0.0,-2570.975358480155,-31.884567713283072,-1.01646865525296,1.9478379811926911,0.23298459413137523,break_up
USDJPY.a,15m,1,0.26,2021-12-14 09:45:00,113.70087884110565,2021-12-14 11:45:00,113.60221913804763,113.60398951784707,113.85302096430586,stop,8,-2565.152279508482,-338.00000000000006,-46.02987478538691,0.0,-2565.152279508482,-31.716225956748083,-1.0182721866548063,1.856539348774106,0.558587438472528,break_up
USDJPY.a,15m,-1,0.29,2021-12-14 13:45:00,113.48979741772256,2021-12-14 14:00:00,113.5902182773728,113.57541682348635,113.3221663530273,stop,1,-2912.204929857026,-377.0,-52.24216270679682,0.0,-2912.204929857026,-36.00613519095065,-1.1728749896639428,1.2287235742756135,0.18450744409666256,break_dn
USDJPY.a,15m,-1,0.24,2021-12-14 15:45:00,113.46362833675069,2021-12-14 15:45:00,113.58367547550532,113.56861798063133,113.25476403873733,stop,0,-2881.1313301110886,-312.0,-49.37987697547517,0.0,-2881.1313301110886,-35.665933737710645,-1.1434188584457337,1.1369851238377193,0.19647972874487638,break_dn
USDJPY.a,15m,1,0.36,2021-12-15 02:15:00,113.7926965065194,2021-12-15 03:00:00,113.722239019941,113.723326041528,113.890347916944,stop,3,-2536.4695168225917,-468.00000000000006,-39.1327771316674,0.0,-2536.4695168225917,-31.362740425545855,-1.0156698039595347,1.2497610695003991,0.10528246396353763,break_up
USDJPY.a,15m,1,0.35,2021-12-15 06:00:00,113.7866757515758,2021-12-15 07:45:00,113.71411348350756,113.71504269061695,113.88891461876608,stop,7,-2539.679382388371,-455.00000000000006,-32.5222488287694,0.0,-2539.679382388371,-31.3838390962799,-1.0129717632746094,1.0285160314192625,0.0,break_up
USDJPY.a,15m,1,0.34,2021-12-15 12:30:00,113.78977572230148,2021-12-15 15:15:00,113.8896256818139,113.71768715909306,113.8896256818139,target,11,3394.8986234219947,-442.00000000000006,-0.0,0.0,3394.8986234219947,41.72014653920027,1.385101256959752,0.32981268100376065,1.459652863302093,break_up
USDJPY.a,15m,1,0.26,2021-12-15 20:15:00,113.96093867218379,2021-12-15 20:45:00,113.86569762501014,113.86731422398252,114.10637155203497,stop,2,-2476.2672265147503,-338.00000000000006,-42.031573281905594,0.0,-2476.2672265147503,-30.520939130561512,-1.017266846464085,1.4412760211276223,0.2676793113091826,break_up
USDJPY.a,15m,1,0.1,2021-12-15 21:15:00,114.14655569804876,2021-12-16 16:00:00,113.9149834837741,113.91706241275962,114.56187517448078,stop,75,-2315.722142746637,-130.0,-20.789289855315964,30.099999999999994,-2285.622142746637,-27.945396675283114,-0.9959429269867262,1.483946241040104,0.5422568324578916,break_up
USDJPY.a,15m,-1,0.29,2021-12-17 03:45:00,113.63174240409758,2021-12-17 04:15:00,113.7327611126795,113.71787054859142,113.46325890281715,stop,2,-2929.542548875631,-377.0,-54.82635855398238,0.0,-2929.542548875631,-35.92333156083275,-1.172888481176345,1.0827772553382173,0.1943894669503965,break_dn
USDJPY.a,15m,-1,0.28,2021-12-17 05:00:00,113.61271366392093,2021-12-17 13:45:00,113.45413705101566,113.70043147449218,113.44113705101566,target,35,4440.145161347403,-364.00000000000006,-0.0,0.0,4440.145161347403,54.66256095002408,1.8078040465506195,0.9836809140258198,2.196973028235752,break_dn
USDJPY.a,15m,1,0.1,2021-12-20 00:15:00,113.66609106369786,2021-12-20 07:45:00,113.4283574372958,113.429994006013,114.09301198797398,stop,30,-2377.3362640206133,-130.0,-16.36568717208723,0.0,-2377.3362640206133,-29.489783968789453,-1.0069317624423222,1.0762144441334642,0.22409824510712012,break_up
USDJPY.a,15m,-1,0.32,2021-12-20 08:30:00,113.43594407884555,2021-12-20 10:15:00,113.527086602876,113.51227024839739,113.28945950320524,stop,7,-2916.56076897425,-416.00000000000006,-58.12334331534656,0.0,-2916.56076897425,-36.2343403419614,-1.1941189314963538,1.3108992858144275,1.2308239676793227,break_dn
USDJPY.a,15m,1,0.19,2021-12-20 14:00:00,113.70123007421219,2021-12-20 14:45:00,113.57585585672261,113.57778424942168,113.89643150115663,stop,3,-2382.1101323020034,-247.00000000000003,-36.63946128237766,0.0,-2382.1101323020034,-29.532288106374025,-1.0156213683398652,1.6463098250351902,0.0,break_up
USDJPY.a,15m,-1,0.19,2021-12-20 18:15:00,113.36056968510194,2021-12-20 19:00:00,113.50165291032351,113.48661377302521,113.10977245394959,stop,3,-2680.5812792099887,-247.00000000000003,-38.743608667726015,0.0,-2680.5812792099887,-33.18326460283856,-1.11931648319322,1.2648773736623524,0.2663328812563737,break_dn
USDJPY.a,15m,1,0.19,2021-12-20 22:00:00,113.72606211673447,2021-12-21 00:00:00,113.58864849502484,113.60082669118671,113.93734661762656,stop_gap,8,-2610.858812482903,-779.0,-25.678594527967476,57.18999999999999,-2553.668812482903,-31.64151543387313,-1.073207689611541,1.3180145794411549,0.04741376682803621,break_up
USDJPY.a,15m,1,0.33,2021-12-21 01:45:00,113.6848088479201,2021-12-21 02:45:00,113.6099276629496,113.61113652899938,113.79372694200123,stop,4,-2471.0791040262875,-429.00000000000006,-39.89257964277992,0.0,-2471.0791040262875,-30.60019360510674,-1.016408687380677,1.0154268118070915,0.0,break_up
USDJPY.a,15m,1,0.33,2021-12-21 07:00:00,113.69373054708586,2021-12-21 10:15:00,113.61912073979053,113.62044815605144,113.79610368789713,stop,13,-2462.1236407459437,-429.00000000000006,-43.804736609908545,0.0,-2462.1236407459437,-30.433420456197673,-1.018113713842701,1.7293451441334282,1.0953443491824701,break_up
USDJPY.a,15m,1,0.33,2021-12-21 14:30:00,113.76279877389513,2021-12-21 15:00:00,113.6891193119832,113.69032063434247,113.86335873131507,stop,2,-2431.4222430934365,-429.00000000000006,-39.64363785583002,0.0,-2431.4222430934365,-29.982355218512318,-1.0165749613149468,1.3355582040679093,0.0,break_up
USDJPY.a,15m,1,0.29,2021-12-21 15:45:00,113.78780982391237,2021-12-21 17:00:00,113.91216923686602,113.70491538156699,113.91216923686602,target,5,3606.4229756559025,-377.0,-0.0,0.0,3606.4229756559025,44.32245865079297,1.5002141209360136,0.4802472009703308,1.8118244340419096,break_up
USDJPY.a,15m,1,0.31,2021-12-22 07:00:00,114.14868468009333,2021-12-22 10:15:00,114.25990401004974,114.07254799497514,114.25990401004974,target,13,3447.79922864879,-403.00000000000006,-0.0,0.0,3447.79922864879,42.21479023891871,1.4607850313389399,0.8101834220595402,2.118759434512669,break_up
USDJPY.a,15m,1,0.14,2021-12-22 10:30:00,114.32085736447908,2021-12-22 16:00:00,114.15081264334552,114.15226750136188,114.61646499727625,stop,22,-2380.6260958699,-182.00000000000003,-20.36801222902176,0.0,-2380.6260958699,-28.99771517988365,-1.0086295699483883,1.1676702314078609,0.08388781661848739,break_up
USDJPY.a,15m,-1,0.48,2021-12-23 05:45:00,114.1123661850438,2021-12-23 07:45:00,114.17647110154785,114.16265951501158,114.01368096997683,stop,8,-3077.0359921943964,-624.0,-38.956153740494486,0.0,-3077.0359921943964,-37.34390462699197,-1.2746206414470886,1.3249036203982738,0.06693104326077344,break_dn
USDJPY.a,15m,1,0.34,2021-12-23 14:30:00,114.39577853663441,2021-12-23 15:30:00,114.32274915100106,114.32404033507079,114.49791932985843,stop,4,-2482.999111533815,-442.00000000000006,-43.90025837072322,0.0,-2482.999111533815,-30.052912410275354,-1.0179985564397438,1.3908703376947291,0.25399944476490016,break_up
USDJPY.a,15m,1,0.28,2021-12-24 01:15:00,114.4796544121425,2021-12-24 02:45:00,114.39387781282112,114.39504533481565,114.60790933036868,stop,6,-2401.74478099857,-364.00000000000006,-32.690615846990845,0.0,-2401.74478099857,-29.02864686869138,-1.013799015796161,1.437841139344163,0.40593266044994264,break_up
USDJPY.a,15m,-1,0.39,2021-12-24 06:00:00,114.32429445811799,2021-12-24 07:30:00,114.39947550406116,114.38545063575201,114.20409872849599,stop,6,-2932.060791783556,-507.00000000000006,-39.96986405657003,0.0,-2932.060791783556,-35.43287613766305,-1.2293287260868413,1.4177724186899072,0.3972527234023679,break_dn
USDJPY.a,15m,-1,0.74,2021-12-24 19:00:00,114.35655562394214,2021-12-24 23:30:00,114.43948712417172,114.38885669024724,114.29328661950552,stop,18,-6136.931016988711,-3700.0,-46.65211041182119,0.0,-6136.931016988711,-74.34286291054123,-2.5674539486176573,1.6545700241921675,0.8840458600475153,break_dn
USDJPY.a,15m,1,0.35,2021-12-27 04:30:00,114.43477554362359,2021-12-27 10:00:00,114.52837358079903,114.3673132096005,114.52837358079903,target,22,3275.9313011403883,-455.00000000000006,-0.0,0.0,3275.9313011403883,39.58831605889523,1.387411783639195,0.8415887835151691,1.633866630506545,break_up
USDJPY.a,15m,1,0.22,2021-12-27 10:15:00,114.55369612199169,2021-12-27 14:15:00,114.72981921595549,114.44509039202227,114.72981921595549,target,16,3874.7080672034995,-286.0,-0.0,0.0,3874.7080672034995,46.80989821226523,1.6216740499177749,0.1537315019786328,1.650961492167942,break_up
USDJPY.a,15m,1,0.25,2021-12-27 14:30:00,114.74572839560284,2021-12-27 17:45:00,114.89413056513828,114.65093471743086,114.89413056513828,target,13,3710.0542383861066,-325.00000000000006,-0.0,0.0,3710.0542383861066,44.61948704018111,1.5655281280066156,0.6722852919286041,1.5746999934567067,break_up
USDJPY.a,15m,1,0.34,2021-12-28 05:30:00,114.93975873138248,2021-12-28 06:15:00,114.86782656980527,114.8688995906766,115.04320081864681,stop,3,-2445.6934936251005,-442.00000000000006,-36.48270962527403,0.0,-2445.6934936251005,-29.413180369860886,-1.015143012752372,1.3372831005079346,0.0,break_up
USDJPY.a,15m,-1,0.49,2021-12-28 16:00:00,114.72516839883747,2021-12-28 16:00:00,114.78908829594243,114.77484089419863,114.62831821160273,stop,0,-3132.074958143363,-637.0,-61.12268544601223,0.0,-3132.074958143363,-37.6535418985769,-1.2868267768754156,1.7480821233397696,0.3858956289208551,break_dn
USDJPY.a,15m,1,0.46,2021-12-29 07:15:00,114.86159085765243,2021-12-29 09:00:00,114.9280183698955,114.80949081505226,114.9280183698955,target,7,3055.665563181066,-598.0,-0.0,0.0,3055.665563181066,36.77650955843666,1.274999192473703,0.3376361471991933,1.2938404458684105,break_up
USDJPY.a,15m,1,0.28,2021-12-30 03:15:00,115.0477245923504,2021-12-30 08:45:00,115.18327404799106,114.96086297600446,115.18327404799106,target,22,3795.3847579383937,-364.00000000000006,-0.0,0.0,3795.3847579383937,45.46081895310939,1.5605219122426481,0.7681712033157244,1.9487941253064303,break_up
USDJPY.a,15m,1,0.23,2021-12-30 16:00:00,115.19193441013044,2021-12-30 16:45:00,115.08511059009416,115.08662406989914,115.3607518602017,stop,3,-2456.947860834504,-299.0,-34.810035514659994,0.0,-2456.947860834504,-29.374861159477437,-1.0143716163261858,1.3002940625742956,0.029110055696495288,break_up
USDJPY.a,15m,1,0.33,2021-12-30 19:45:00,115.20685715005384,2021-12-30 21:00:00,115.13315377642054,115.13427079892679,115.31045840214641,stop,5,-2432.211329898678,-429.00000000000006,-36.8617427064542,0.0,-2432.211329898678,-29.131362091187015,-1.0153888780591127,1.0312841035749645,0.0,break_up
USDJPY.a,15m,-1,0.53,2021-12-31 00:15:00,115.03637859669352,2021-12-31 04:00:00,115.09600098009754,115.08217446375572,114.95265107248856,stop,15,-3159.9863204129974,-689.0000000000001,-43.805366116653964,0.0,-3159.9863204129974,-37.848923476603105,-1.3019162476614854,1.0835345302903152,0.2702994284770592,break_dn
USDJPY.a,15m,1,0.45,2021-12-31 09:45:00,115.15740741949875,2021-12-31 10:30:00,115.1035658181306,115.1043158731445,115.220368253711,stop,3,-2422.872061566679,-585.0,-33.75247562504651,0.0,-2422.872061566679,-28.971422345164477,-1.0141275789725723,1.0624557650360418,0.01116148505628601,break_up
USDJPY.a,15m,1,0.29,2021-12-31 14:00:00,115.1436907511962,2021-12-31 16:30:00,115.06126273987753,115.06249801251182,115.26200397497637,stop,10,-2390.412328241396,-377.0,-35.822906394485955,0.0,-2390.412328241396,-28.603671088041757,-1.015214077691006,1.3386757603869075,0.13928891902218357,break_up
USDJPY.a,15m,-1,0.35,2021-12-31 16:45:00,115.03710387884543,2021-12-31 16:45:00,115.11916699503179,115.10482281329995,114.89835437340011,stop,0,-2872.2090665226574,-455.00000000000006,-47.046360614510036,0.0,-2872.2090665226574,-34.36885028757642,-1.2118193655494853,1.1207518512498837,0.2378046697743522,break_dn
USDJPY.a,15m,1,0.42,2022-01-03 07:30:00,115.30357879894898,2022-01-03 10:00:00,115.24565458989245,115.2466239668505,115.376752066299,stop,10,-2432.816780373969,-546.0,-40.713832238518314,0.0,-2432.816780373969,-29.07033799248958,-1.0170201003556238,1.098744332013548,1.0433039456299302,break_up
USDJPY.a,15m,1,0.37,2022-01-04 02:45:00,115.37281434014,2022-01-04 03:30:00,115.45939157551622,115.30880421224188,115.45939157551622,target,3,3203.3577089203363,-481.00000000000006,-0.0,0.0,3203.3577089203363,38.547246848399446,1.352555263036352,0.4657753564787153,1.7682461131801832,break_up
USDJPY.a,15m,1,0.24,2022-01-04 04:30:00,115.48085676336343,2022-01-04 05:00:00,115.63730903763808,115.38184548118096,115.63730903763808,target,2,3754.854582591406,-312.0,-0.0,0.0,3754.854582591406,45.05309450873291,1.5801459270702778,0.3924478353065811,2.031518350261027,break_up
USDJPY.a,15m,1,0.28,2022-01-04 12:45:00,115.89702413720647,2022-01-04 13:15:00,116.02349995431801,115.81275002284099,116.02349995431801,target,2,3541.3228791231295,-364.00000000000006,-0.0,0.0,3541.3228791231295,42.356644963828735,1.5007670868308711,0.3918657283450848,3.3103387071343326,break_up
USDJPY.a,15m,1,0.28,2022-01-04 22:30:00,116.14305506387834,2022-01-05 03:30:00,116.0549587621013,116.05666850609938,116.27666298780122,stop,20,-2466.6964497571944,-364.00000000000006,-47.87283194639332,252.83999999999997,-2213.8564497571942,-26.38127596836846,-0.9152616310903394,1.5286529209353064,1.1569500937565038,break_up
USDJPY.a,15m,-1,0.21,2022-01-05 11:30:00,115.857756052823,2022-01-05 13:45:00,115.64578470961037,115.97210764519481,115.63278470961036,target,9,4451.398207465417,-273.0,-0.0,0.0,4451.398207465417,53.025603088214375,1.8536807298969018,0.29946191799103355,2.0704220021109982,break_dn
USDJPY.a,15m,1,0.22,2022-01-05 20:30:00,116.03434747990964,2022-01-06 03:45:00,115.9224532518263,115.92426667430439,116.2114666513912,stop,29,-2461.6730178335615,-286.0,-39.895294518208765,66.21999999999998,-2395.4530178335617,-28.64181721104711,-0.9891300075855438,1.1386860699324053,1.3685630229724266,break_up
USDJPY.a,15m,-1,0.3,2022-01-06 08:30:00,115.82986428272386,2022-01-06 09:00:00,115.9235522295976,115.90887317689605,115.67825364620788,stop,2,-2810.638406212291,-390.00000000000006,-50.37158104623408,0.0,-2810.638406212291,-33.89605683607225,-1.1857898766379558,1.2800548385821373,0.5425247774059105,break_dn
USDJPY.a,15m,-1,0.21,2022-01-06 10:15:00,115.80768378142947,2022-01-06 21:45:00,115.93452870645427,115.91952715379765,115.5879456924047,stop,46,-2663.7434255207636,-273.0,-42.03260578908784,0.0,-2663.7434255207636,-32.06705755391871,-1.1341300100219183,1.2814010838187584,1.6155072723906918,break_dn
USDJPY.a,15m,1,0.24,2022-01-07 02:45:00,116.0140119587608,2022-01-07 03:15:00,115.91551443003324,115.91699729506315,116.16600540987369,stop,2,-2363.9406894615145,-312.0,-35.588760717830375,0.0,-2363.9406894615145,-28.43463740922108,-1.0152849576898506,1.0618184389304706,0.35033921619439923,break_up
USDJPY.a,15m,1,0.36,2022-01-07 08:30:00,115.94771153744026,2022-01-07 09:30:00,115.88081675121387,115.88199683688772,116.03800632622455,stop,4,-2408.212304149856,-468.00000000000006,-42.48308425868784,0.0,-2408.212304149856,-29.050008878915254,-1.0179577121090033,1.5782090851552073,0.0,break_up
USDJPY.a,15m,-1,0.42,2022-01-07 14:00:00,115.79619683884053,2022-01-07 14:45:00,115.86612924070513,115.85190300980098,115.68719398039804,stop,3,-2937.1608783134207,-546.0,-51.5016979745874,0.0,-2937.1608783134207,-35.456906130430376,-1.2553798018940792,1.0735464335167741,0.542073495986005,break_dn
USDJPY.a,15m,-1,0.23,2022-01-07 16:30:00,115.7255899212945,2022-01-10 05:30:00,115.83884935983178,115.82446114253025,115.52607771493948,stop,52,-2604.967086357533,-299.0,-31.928997935133104,-361.09999999999997,-2966.067086357533,-35.62425655670301,-1.3043172414123005,1.2684184248767862,1.9377723760249286,break_dn
USDJPY.a,15m,1,0.31,2022-01-10 05:45:00,115.83092508690095,2022-01-10 09:00:00,115.75503256433737,115.75608437871914,115.94183124256172,stop,13,-2352.668199470912,-403.00000000000006,-32.606245835006156,0.0,-2352.668199470912,-28.23290587810748,-1.0140540410068346,1.0011274441568905,0.12125637663676717,break_up
USDJPY.a,15m,-1,0.25,2022-01-10 14:30:00,115.20059141596747,2022-01-10 14:30:00,115.3078271784494,115.2927143024006,115.0205713951988,stop,0,-2680.894062048367,-325.00000000000006,-52.821901220049,0.0,-2680.894062048367,-32.41835720115833,-1.1640512649348371,1.328753242239967,0.22352117660149276,break_dn
USDJPY.a,15m,-1,0.15,2022-01-10 18:00:00,115.10819316788654,2022-01-10 23:00:00,115.27149595467816,115.256825693944,114.82534861211201,stop,20,-2449.5418018742753,-195.00000000000003,-25.05391101245668,0.0,-2449.5418018742753,-29.643321628863706,-1.0987015502144726,1.0684527561084993,0.43189179104531344,break_dn
USDJPY.a,15m,-1,0.21,2022-01-10 23:45:00,115.20299186034184,2022-01-11 02:45:00,115.32295036764144,115.3083357251826,114.99532854963478,stop,12,-2519.1286532916024,-273.0,-33.9074916353969,-329.69999999999993,-2848.828653291602,-34.37697433034266,-1.2877684666749383,1.253116542265636,0.6928914223166067,break_dn
USDJPY.a,15m,1,0.27,2022-01-11 05:45:00,115.38491350609725,2022-01-11 06:15:00,115.30176651391206,115.30314454348171,115.50971091303659,stop,2,-2244.968789000183,-351.00000000000006,-37.20679838055258,0.0,-2244.968789000183,-27.106382772496904,-1.0168527216876873,1.0262268642417354,0.01328736317538364,break_up
USDJPY.a,15m,-1,0.18,2022-01-11 09:15:00,115.14790466788145,2022-01-11 09:45:00,115.2829272698828,115.26808096022947,114.91083807954107,stop,2,-2430.4068360244173,-234.00000000000003,-33.23357375985395,0.0,-2430.4068360244173,-29.3312857704085,-1.1235377574334093,1.1491062789542603,0.09906003629216502,break_dn
USDJPY.a,15m,1,0.22,2022-01-11 12:00:00,115.39023000191489,2022-01-11 15:00:00,115.55032462093305,115.28883768953348,115.55032462093305,target,12,3522.0816183996817,-286.0,-0.0,0.0,3522.0816183996817,42.51910000933215,1.5789621052919738,0.3770503011221739,1.7138380021498765,break_up
USDJPY.a,15m,-1,0.26,2022-01-11 22:30:00,115.310853027197,2022-01-12 04:15:00,115.4120758361483,115.39761548711304,115.1407690257739,stop,23,-2631.7930327339527,-338.00000000000006,-37.9690749167062,-1224.6,-3856.3930327339526,-46.34529101727999,-1.709527474149871,1.0159575107517391,0.9318895208276832,break_dn
USDJPY.a,15m,1,0.3,2022-01-12 10:00:00,115.41387488043515,2022-01-12 11:00:00,115.33837873500335,115.33968913041572,115.51762173916856,stop,4,-2264.8843629539783,-390.00000000000006,-39.311862371331834,0.0,-2264.8843629539783,-27.224452583794463,-1.0176637078149358,1.2788828098428753,0.4465159354213496,break_up
USDJPY.a,15m,1,0.25,2022-01-12 13:00:00,115.4709049330945,2022-01-12 13:15:00,115.38066637867867,115.38203824977458,115.60392350045085,stop,1,-2255.9638603958374,-325.00000000000006,-34.296777397939145,0.0,-2255.9638603958374,-27.113936086166056,-1.0154374062884035,1.0679472840551343,0.0,break_up
USDJPY.a,15m,-1,0.1,2022-01-12 16:30:00,115.09232744687473,2022-01-12 19:00:00,114.71682761215177,115.29958619392411,114.70382761215177,target,10,3754.998347229588,-130.0,-0.0,0.0,3754.998347229588,45.01703730744836,1.8117442089597058,0.4133603736630319,2.4912215007829013,break_dn
USDJPY.a,15m,-1,0.22,2022-01-13 03:30:00,114.58576108382478,2022-01-13 10:00:00,114.40191159138571,114.68604420430715,114.3889115913857,target,26,4044.6888336594498,-286.0,-0.0,0.0,4044.6888336594498,48.36008905432159,1.833304463948951,0.7303214720776566,2.2312935890752725,break_dn
USDJPY.a,15m,-1,0.22,2022-01-13 13:30:00,114.47987306501771,2022-01-13 14:30:00,114.28761854036915,114.58419072981542,114.27461854036915,target,4,4229.599542268346,-286.0,-0.0,0.0,4229.599542268346,50.71510889565699,1.8429718976300458,0.5955552695966315,2.1268983105400125,break_dn
USDJPY.a,15m,-1,0.11,2022-01-13 14:45:00,114.26360864377496,2022-01-14 03:00:00,113.88791163730293,114.46004418134854,113.87491163730293,target,49,4132.667071192259,-143.0,-0.0,-172.7,3959.967071192259,47.86381657605766,1.8326470399338073,0.6179704432533136,2.151385889717995,break_dn
USDJPY.a,15m,-1,0.14,2022-01-14 03:45:00,113.82639263222244,2022-01-14 12:15:00,114.00351555713726,113.98828448158667,113.50743103682666,stop,34,-2479.720948807568,-182.00000000000003,-31.235057708227245,0.0,-2479.720948807568,-29.958625015392347,-1.0940817935578697,1.016773657376755,1.1698713243822674,break_dn
USDJPY.a,15m,-1,0.21,2022-01-14 14:30:00,113.75646852779484,2022-01-14 15:30:00,113.56005864939979,113.86197067530011,113.54705864939979,target,4,4124.60744629594,-273.0,-0.0,0.0,4124.60744629594,50.178205194387914,1.8616671133184373,0.4789615510209179,2.298233102626786,break_dn
USDJPY.a,15m,1,0.18,2022-01-14 21:30:00,114.14951913111396,2022-01-17 02:00:00,114.34800028117105,114.02549985941447,114.34800028117105,target,18,3572.660701027644,-234.00000000000003,-0.0,54.179999999999986,3626.8407010276437,44.01471608682125,1.6246761273144217,0.32671640914121153,2.2132114237142484,break_up
USDJPY.a,15m,1,0.15,2022-01-17 02:15:00,114.4194105846829,2022-01-18 02:30:00,114.49631397561632,114.27291759616513,114.67216480766976,signal,97,1153.5508640013602,-195.00000000000003,-20.58073151029957,45.14999999999999,1198.7008640013603,14.497886916137592,0.5455100052364187,0.9311748368513261,1.5740645176963595,break_up
USDJPY.a,15m,1,0.1,2022-01-18 05:00:00,114.77226674166202,2022-01-18 11:15:00,114.55390890744246,114.55653442332722,115.15793115334557,stop,25,-2183.5783421956025,-130.0,-26.25515884757304,0.0,-2183.5783421956025,-26.490571656245944,-1.0121702483198851,1.2017983381593007,1.319845169865063,break_up
USDJPY.a,15m,-1,0.2,2022-01-18 17:00:00,114.52222080791529,2022-01-18 17:15:00,114.65359369424351,114.6379505338398,114.2960989323204,stop,1,-2627.457726564444,-260.0,-52.863208074073896,0.0,-2627.457726564444,-31.909649409387374,-1.135169769726374,1.3806236108166061,0.217928520212178,break_dn
USDJPY.a,15m,-1,0.16,2022-01-18 21:15:00,114.53070215009055,2022-01-19 02:00:00,114.68939944562841,114.67496114897016,114.24607770205968,stop,19,-2539.1567286058034,-208.00000000000003,-23.01274653204311,-753.5999999999999,-3292.7567286058033,-39.95637324847209,-1.4265820304881836,1.0072012909968542,0.1573707724777607,break_dn
USDJPY.a,15m,1,0.22,2022-01-19 03:15:00,114.74601578757009,2022-01-19 03:45:00,114.64071944518848,114.64235083370386,114.91129833259228,stop,2,-2316.519532395347,-286.0,-35.89054733832783,0.0,-2316.519532395347,-28.11340516573253,-1.0157371267196336,1.0516166120207098,0.414645555964669,break_up
USDJPY.a,15m,-1,0.26,2022-01-19 06:30:00,114.4577038813549,2022-01-19 07:15:00,114.30027953052809,114.54336023473596,114.28727953052808,target,3,4093.0331214972,-338.00000000000006,-0.0,0.0,4093.0331214972,49.823780308483926,1.8378595937477158,0.31867009938733243,2.238057934851315,break_dn
USDJPY.a,15m,-1,0.27,2022-01-19 13:30:00,114.4448143386353,2022-01-19 14:45:00,114.54467278742436,114.52974375674215,114.28151248651571,stop,5,-2696.1781173047257,-351.00000000000006,-52.08382841968801,0.0,-2696.1781173047257,-32.64982845551927,-1.1757816197848923,1.191408861855196,0.38637187639747655,break_dn
USDJPY.a,15m,-1,0.25,2022-01-20 03:15:00,114.1737163254733,2022-01-20 04:00:00,114.27759327729483,114.26247408290607,114.00305183418787,stop,3,-2596.9237955383305,-325.00000000000006,-52.9798597187529,0.0,-2596.9237955383305,-31.39860865766595,-1.1703422306519082,1.366457175515845,1.6867970733340105,break_dn
USDJPY.a,15m,-1,0.22,2022-01-20 06:30:00,114.38373490808232,2022-01-20 07:00:00,114.50059832869741,114.48568077358958,114.18663845282083,stop,2,-2570.995253531976,-286.0,-42.1862123720589,0.0,-2570.995253531976,-31.088373624347742,-1.1463282010859592,1.4151146905257583,0.08568182769212168,break_dn
USDJPY.a,15m,1,0.14,2022-01-20 07:15:00,114.53131848649532,2022-01-20 09:45:00,114.37158312528624,114.3733523297393,114.8012953405214,stop,10,-2236.295056927219,-182.00000000000003,-24.76886234289987,0.0,-2236.295056927219,-27.024369105925985,-1.011199895530798,1.1921445097014112,0.09927134917192798,break_up
USDJPY.a,15m,-1,0.19,2022-01-20 15:45:00,114.11166702563872,2022-01-20 23:00:00,114.24431301308482,114.22963708099175,113.8797258380165,stop,29,-2520.273761475835,-247.00000000000003,-31.842709768151632,0.0,-2520.273761475835,-30.56398854605345,-1.1244038756204016,1.0200298202893756,1.2602098489641471,break_dn
USDJPY.a,15m,-1,0.12,2022-01-21 01:15:00,113.95368084879439,2022-01-24 01:30:00,113.7362093901244,114.13016096853178,113.60467806293643,signal,97,2609.657504039887,-156.0,-29.02536298563163,-188.39999999999998,2421.257504039887,29.605932375068804,1.1433098468554628,0.46078363572401726,1.9757514291878147,break_dn
USDJPY.a,15m,1,0.26,2022-01-24 07:15:00,113.9619254673363,2022-01-24 07:45:00,113.87505398891014,113.87673187651092,114.09353624697816,stop,2,-2258.658439080193,-338.00000000000006,-43.625077620293446,0.0,-2258.658439080193,-27.701517009812708,-1.0196949979983443,2.381933492534956,0.17694444520599004,break_up
USDJPY.a,15m,1,0.2,2022-01-24 23:30:00,114.00732017248423,2022-01-25 03:00:00,113.89689743970143,113.89912627799858,114.18074744400283,stop,14,-2208.454655655885,-260.0,-44.57676594285533,60.19999999999999,-2148.254655655885,-26.3823352381245,-0.9927799835048816,1.4170871028638432,0.8103953363782356,break_up
USDJPY.a,15m,-1,0.21,2022-01-25 06:15:00,113.71867147219658,2022-01-25 08:00:00,113.83600820190797,113.82108640835013,113.51782718329974,stop,7,-2464.0713239393363,-273.0,-40.357664714794446,0.0,-2464.0713239393363,-30.302634362602472,-1.1456993883731377,1.0382130946604198,0.485002227820621,break_dn
USDJPY.a,15m,-1,0.4,2022-01-26 01:00:00,113.85013621426947,2022-01-26 01:00:00,113.91914166609259,113.90484598749678,113.74030802500641,stop,0,-2760.2180729246584,-520.0,-51.827143831807646,0.0,-2760.2180729246584,-33.85440205994318,-1.2613002714597794,1.3135456700202075,0.16699419007851551,break_dn
USDJPY.a,15m,-1,0.32,2022-01-26 02:15:00,113.83912183049614,2022-01-26 06:45:00,113.92110600465548,113.90698106645938,113.70603786708125,stop,18,-2623.49357309904,-416.00000000000006,-35.99802227520426,0.0,-2623.49357309904,-32.16034780559088,-1.208150563377344,1.3539523131918,0.8859785944055092,break_dn
USDJPY.a,15m,1,0.34,2022-01-26 08:45:00,113.9476797919068,2022-01-26 10:00:00,114.0291857347588,113.88490713262061,114.0291857347588,target,5,2771.20205696815,-442.00000000000006,-0.0,0.0,2771.20205696815,33.914977486093356,1.2984306189804236,0.3613004796148366,1.7255953360103766,break_up
USDJPY.a,15m,1,0.23,2022-01-26 17:00:00,114.36505186507215,2022-01-26 17:45:00,114.27116444386274,114.27288669289527,114.50722661420946,stop,3,-2159.410687816248,-299.0,-39.61172774809759,0.0,-2159.410687816248,-26.38226873007984,-1.0186865492880548,1.584675226254232,0.216438969913445,break_up
USDJPY.a,15m,1,0.06,2022-01-26 21:45:00,114.64198429693188,2022-01-27 14:45:00,115.28196252921289,114.29951873539355,115.28196252921289,target,68,3839.869393686058,-78.0,-0.0,18.059999999999995,3857.929393686058,47.2834902698857,1.8775266902539005,0.6978345380433965,2.0586470064354176,break_up
USDJPY.a,15m,1,0.17,2022-01-27 15:00:00,115.33753886328189,2022-01-27 20:45:00,115.20898616723787,115.21144663299901,115.54310673400198,stop,23,-2185.3958327484265,-221.00000000000003,-41.82791793937296,0.0,-2185.3958327484265,-26.967072356426225,-1.0195132226278045,1.241463196667324,1.2091239593119,break_up
USDJPY.a,15m,1,0.16,2022-01-28 01:30:00,115.39219609571958,2022-01-28 09:15:00,115.61345953903184,115.26177023048409,115.61345953903184,target,31,3540.21509299605,-208.00000000000003,-0.0,0.0,3540.21509299605,43.61773783773134,1.6964690470923371,0.5765428167474128,1.9766317349318405,break_up
USDJPY.a,15m,1,0.2,2022-01-28 09:30:00,115.65532493757063,2022-01-28 10:15:00,115.54797176266185,115.55006114012684,115.81987771974632,stop,3,-2147.063498175612,-260.0,-41.787549299904676,0.0,-2147.063498175612,-26.52482628764588,-1.0198489653208034,1.2475793269833364,0.28191138026561025,break_up
USDJPY.a,15m,-1,0.14,2022-01-28 17:00:00,115.22904000153726,2022-01-28 17:15:00,115.39032835059488,115.37442906702178,114.92914186595644,stop,1,-2258.036886806792,-182.00000000000003,-40.589970023333784,0.0,-2258.036886806792,-28.018533025289198,-1.1093568042419126,1.0383174137590778,0.05529990519203913,break_dn
USDJPY.a,15m,-1,0.12,2022-01-28 18:00:00,115.18594066909377,2022-01-31 01:00:00,115.3718029393922,115.35733759824818,114.85232480350362,stop,28,-2230.34724358115,-156.0,-17.58409372810865,-188.39999999999998,-2418.74724358115,-29.993584918011653,-1.1759969755166468,1.114718518288634,0.367221684800779,break_dn
USDJPY.a,15m,1,0.22,2022-01-31 14:00:00,115.52827764087486,2022-01-31 14:00:00,115.4319627052554,115.43387916656768,115.67424166686463,stop,0,-2118.928583628133,-286.0,-42.16214887019092,0.0,-2118.928583628133,-26.02654807484431,-1.0203018250701856,1.3059283190711395,0.0,break_up
USDJPY.a,15m,-1,0.11,2022-01-31 16:00:00,115.26747692984857,2022-02-01 11:00:00,114.89409028235659,115.46295485882172,114.88109028235658,target,76,4107.253122411819,-143.0,-0.0,-172.7,3934.5531224118195,48.449886016527195,1.82980579634194,0.8979175862638645,2.447728663599131,break_dn
USDJPY.a,15m,-1,0.17,2022-02-01 11:15:00,114.83858717139337,2022-02-01 14:00:00,114.60170550657881,114.9641472467106,114.5887055065788,target,11,4026.988301847539,-221.00000000000003,-0.0,0.0,4026.988301847539,49.48509526016572,1.8866002128151416,0.05107378751108567,2.083362651165022,break_dn
USDJPY.a,15m,-1,0.18,2022-02-01 14:15:00,114.58160336180632,2022-02-01 15:15:00,114.71561910867486,114.70058866159096,114.34782267681808,stop,4,-2412.283443633754,-234.00000000000003,-36.54804751004517,0.0,-2412.283443633754,-29.61024737913976,-1.1263218827124564,1.1967582419964615,0.12273248739764052,break_dn
USDJPY.a,15m,-1,0.24,2022-02-01 20:00:00,114.68370420216218,2022-02-01 22:00:00,114.7888988873466,114.7740877444812,114.50682451103759,stop,8,-2524.672444426301,-312.0,-43.467428769514974,0.0,-2524.672444426301,-30.884783964045226,-1.1638699091159534,1.109668809879249,0.5167334778418043,break_dn
USDJPY.a,15m,-1,0.24,2022-02-02 00:15:00,114.64206566175416,2022-02-02 01:15:00,114.7435826919916,114.72931491653452,114.47037016693096,stop,4,-2436.4087256986977,-312.0,-30.426610970037952,0.0,-2436.4087256986977,-29.767871032882113,-1.1635289091351313,1.0880819381761049,0.0,break_dn
USDJPY.a,15m,-1,0.19,2022-02-02 09:15:00,114.63924761208146,2022-02-02 11:30:00,114.43658899338801,114.748205503306,114.42358899338801,target,9,3850.513755175513,-247.00000000000003,-0.0,0.0,3850.513755175513,47.127247019468996,1.8599719250790236,0.3281303218769033,2.0764683451447024,break_dn
USDJPY.a,15m,-1,0.23,2022-02-02 14:30:00,114.2698950047321,2022-02-02 15:30:00,114.37812469481982,114.36323866231332,114.08352267537335,stop,4,-2489.282872017355,-299.0,-43.3787476492254,0.0,-2489.282872017355,-30.486450650334604,-1.1594755647275128,1.0188693879403743,1.2415948521330815,break_dn
USDJPY.a,15m,-1,0.24,2022-02-03 00:15:00,114.40317897119097,2022-02-03 06:00:00,114.50472549855897,114.49025449243177,114.23149101513644,stop,23,-2437.1166568320177,-312.0,-35.30414705270505,0.0,-2437.1166568320177,-29.899825598065036,-1.1661891415748844,1.2841844322676357,0.8748609265317918,break_dn
USDJPY.a,15m,1,0.16,2022-02-03 06:15:00,114.5279634799835,2022-02-03 11:45:00,114.74533023304114,114.39983488347943,114.74533023304114,target,22,3477.868048922346,-208.00000000000003,-0.0,0.0,3477.868048922346,42.595756705359356,1.6964733789989095,0.5694550785248189,1.959254427707129,break_up
USDJPY.a,15m,1,0.17,2022-02-03 20:30:00,114.94537020759684,2022-02-04 03:45:00,114.81664385916046,114.81811702683733,115.15676594632534,stop,29,-2188.3479234183483,-221.00000000000003,-25.043850506713877,51.169999999999995,-2137.177923418348,-26.082857953671386,-0.9879230341122784,1.008777987557308,0.8300758517210569,break_up
USDJPY.a,15m,-1,0.17,2022-02-04 14:15:00,114.82086288457191,2022-02-04 15:30:00,114.95777682063422,114.94216959676922,114.57866080646156,stop,5,-2327.5369130593335,-221.00000000000003,-44.322805704871094,0.0,-2327.5369130593335,-28.59489823776244,-1.1286591943866906,4.584553528443747,0.3863173250931405,break_dn
USDJPY.a,15m,1,0.12,2022-02-04 15:45:00,115.34377971001166,2022-02-04 16:00:00,115.17117206873004,115.17414809338915,115.63870381322168,stop,1,-2071.2916953793865,-156.0,-35.712295909207235,0.0,-2071.2916953793865,-25.413315441779417,-1.017544044667852,1.230783000059845,0.2901598827409239,break_up
USDJPY.a,15m,-1,0.21,2022-02-07 13:45:00,114.92978112136643,2022-02-07 15:30:00,115.04638394407523,115.03151815396802,114.72996369206395,stop,7,-2448.6592768847827,-273.0,-39.18159225139411,0.0,-2448.6592768847827,-29.92448839571663,-1.1461197533195597,1.5846626789765583,0.14528752204037054,break_dn
USDJPY.a,15m,1,0.28,2022-02-08 07:15:00,115.48790872408668,2022-02-08 10:00:00,115.41006765669093,115.41170477844676,115.59859044310649,stop,11,-2179.549887081066,-364.00000000000006,-45.83940916321098,0.0,-2179.549887081066,-26.505772108813453,-1.021483425065287,1.1273527028720791,0.7491905495693394,break_up
USDJPY.a,15m,1,0.2,2022-02-08 15:30:00,115.47801951401635,2022-02-09 01:00:00,115.63748950021431,115.37575524989283,115.63748950021431,target,38,3189.399723959241,-260.0,-0.0,180.59999999999997,3369.999723959241,40.82385976675027,1.6476917684015222,0.9193779940839492,1.9750837471405736,break_up
USDJPY.a,15m,1,0.29,2022-02-09 01:15:00,115.59576822171475,2022-02-09 02:00:00,115.52243720831262,115.52379427269344,115.69841145461311,stop,3,-2126.5993886616316,-377.0,-39.35486704375565,0.0,-2126.5993886616316,-25.76842880143199,-1.0188549384779546,1.4139591213011518,0.5311891150217399,break_up
USDJPY.a,15m,-1,0.24,2022-02-09 10:00:00,115.40209174125454,2022-02-09 15:00:00,115.50277743347021,115.48839911763346,115.22920176473308,stop,20,-2416.4566131762513,-312.0,-33.0795800817388,0.0,-2416.4566131762513,-29.152357726864114,-1.1665942870702535,1.1807595482690516,0.7657716411673554,break_dn
USDJPY.a,15m,1,0.22,2022-02-09 20:45:00,115.49491065452435,2022-02-10 06:45:00,115.64645510262201,115.39827244868899,115.64645510262201,target,40,3333.977858148671,-286.0,-0.0,66.21999999999998,3400.197858148671,40.987421445564976,1.5993099909261004,0.31985956544980976,1.625540790184792,break_up
USDJPY.a,15m,1,0.26,2022-02-10 08:30:00,115.69478382597674,2022-02-10 09:30:00,115.61211697493344,115.61343676774328,115.81612646451343,stop,4,-2149.3381271257877,-338.00000000000006,-34.314613055753135,0.0,-2149.3381271257877,-25.874479450242937,-1.0162242229589928,1.6200195660244703,0.0,break_up
USDJPY.a,15m,1,0.05,2022-02-10 15:45:00,116.13955600074448,2022-02-10 18:15:00,115.73231549678127,115.73554867786152,116.90690264427698,stop,10,-2036.2025198160438,-65.0,-16.165905401207514,0.0,-2036.2025198160438,-24.25838448480801,-1.0080027784080146,1.0112588995394003,0.49118911469088605,break_up
USDJPY.a,15m,1,0.17,2022-02-10 22:30:00,115.99052779151462,2022-02-11 15:00:00,115.86689667433777,115.86856946789393,116.19686106421211,stop,66,-2101.7289920065564,-221.00000000000003,-28.437490454875963,51.169999999999995,-2050.5589920065563,-24.705210934052175,-0.9890355458804814,1.3572488256680197,1.504384473633909,break_up
USDJPY.a,15m,-1,0.2,2022-02-14 10:15:00,115.31243572277522,2022-02-14 10:45:00,115.12061557996404,115.41719221001797,115.10761557996403,target,2,3836.402856223629,-260.0,-0.0,0.0,3836.402856223629,47.00251147673975,1.8311051454663174,0.03402440572986247,2.2665491085531126,break_dn
USDJPY.a,15m,1,0.13,2022-02-14 17:15:00,115.57578078095835,2022-02-14 21:00:00,115.41874096249705,115.4210207689099,115.84095846218023,stop,15,-2041.517639996897,-169.00000000000003,-29.637483366910807,0.0,-2041.517639996897,-24.788115150395548,-1.0147312369821342,1.3361383100281112,1.1063530997143918,break_up
USDJPY.a,15m,-1,0.17,2022-02-15 07:15:00,115.29696691282071,2022-02-15 10:00:00,115.43191536790901,115.41695524372061,115.0630895125588,stop,11,-2294.1237365012057,-221.00000000000003,-33.32211120276264,0.0,-2294.1237365012057,-27.738734723991893,-1.1246798257481057,2.567192033334234,0.3330899973435285,break_dn
USDJPY.a,15m,1,0.19,2022-02-15 13:15:00,115.67830202764513,2022-02-15 15:30:00,115.56798153188274,115.56998483620237,115.85203032759527,stop,9,-2096.0894194854945,-247.00000000000003,-38.06278207289847,0.0,-2096.0894194854945,-25.366988102900276,-1.0184947956362753,1.0090921504633326,0.38496172029073555,break_up
USDJPY.a,15m,1,0.14,2022-02-15 16:45:00,115.79147396417261,2022-02-15 18:45:00,115.64275053203073,115.64483198098114,116.03833603803771,stop,8,-2082.128049986295,-182.00000000000003,-29.14028530571707,0.0,-2082.128049986295,-25.18207706246455,-1.0141940862030512,1.0806861767935403,0.5627722295574114,break_up
USDJPY.a,15m,1,0.23,2022-02-15 23:15:00,115.64589424739174,2022-02-16 10:30:00,115.7857394626993,115.55513026865036,115.7857394626993,target,45,3216.43995207387,-299.0,-0.0,207.68999999999997,3424.12995207387,41.205166748773124,1.6402455838980161,0.7700659266039854,1.5876976153599593,break_up
USDJPY.a,15m,-1,0.15,2022-02-16 16:00:00,115.48076815710542,2022-02-17 05:45:00,115.22657036033985,115.61621481983008,115.21357036033984,target,55,3812.9669514835027,-195.00000000000003,-0.0,-235.49999999999994,3577.4669514835027,43.39964926491768,1.7608244601078928,0.5849671103056301,2.678310043288882,break_dn
USDJPY.a,15m,-1,0.09,2022-02-17 06:00:00,115.16455069843607,2022-02-17 08:15:00,115.41501005327993,115.39946197833835,114.7020760433233,stop,9,-2254.1341935946944,-117.00000000000001,-22.9326744741774,0.0,-2254.1341935946944,-27.202875952920223,-1.0661870087636711,1.0278318762060912,0.13005207092985177,break_dn
USDJPY.a,15m,-1,0.12,2022-02-17 11:15:00,114.97510327812869,2022-02-17 12:00:00,115.16079005949122,115.14508328218548,114.64983343562905,stop,3,-2228.241376350411,-156.0,-32.48132766874624,0.0,-2228.241376350411,-26.87014340492535,-1.0924036764964988,1.1112879007121272,0.13591762311623093,break_dn
USDJPY.a,15m,-1,0.26,2022-02-18 02:15:00,114.83978935867364,2022-02-18 02:45:00,114.93516049815662,114.92026852072686,114.68246295854625,stop,2,-2479.649626557432,-338.00000000000006,-49.191413173332386,0.0,-2479.649626557432,-30.062774505866606,-1.1850414076119098,1.2824517389743768,0.618661494520885,break_dn
USDJPY.a,15m,1,0.24,2022-02-18 08:00:00,115.22403299905561,2022-02-18 09:00:00,115.13710721252973,115.13858210213408,115.35583579573183,stop,4,-2086.21887662116,-312.0,-35.397350504391625,0.0,-2086.21887662116,-25.116940399524914,-1.0172600833635161,1.1940541612957913,0.0,break_up
USDJPY.a,15m,1,0.22,2022-02-18 10:45:00,115.24313299786861,2022-02-18 11:00:00,115.14796840253456,115.14968793528011,115.38462412943976,stop,1,-2093.6210973491993,-286.0,-37.829720402327254,0.0,-2093.6210973491993,-25.1991849338509,-1.018401536666802,1.0501678221433812,0.06278557656082707,break_up
USDJPY.a,15m,-1,0.06,2022-02-21 00:15:00,114.99712453990749,2022-02-22 00:30:00,114.71378959201515,115.31705587789119,114.35988824421763,signal,97,1700.0096873540542,-78.0,-9.475104181623076,-94.19999999999999,1605.8096873540542,19.48627646338958,0.8365387072709173,0.3965709045325502,0.9162107774588377,break_dn
USDJPY.a,15m,-1,0.17,2022-02-22 04:45:00,114.642576954947,2022-02-22 08:30:00,114.77732043903734,114.76267678490504,114.40364643018992,stop,15,-2290.6392295357136,-221.00000000000003,-27.942120249080876,0.0,-2290.6392295357136,-27.741919901945916,-1.1219290163642732,1.1442401300735767,0.6043052265133849,break_dn
USDJPY.a,15m,1,0.17,2022-02-22 10:30:00,114.86837906341462,2022-02-22 13:45:00,115.05541522801019,114.75029238599491,115.05541522801019,target,13,3179.614798124661,-221.00000000000003,-0.0,0.0,3179.614798124661,38.25576516131074,1.5838887898487666,0.9770709612273544,1.9106383676412155,break_up
USDJPY.a,15m,1,0.1,2022-02-22 14:00:00,115.09444904866046,2022-02-22 20:00:00,114.89446192909543,114.89629161059021,115.44441677881956,stop,24,-1999.8711956503714,-130.0,-18.29681494778378,0.0,-1999.8711956503714,-24.137141030686042,-1.009233473709599,1.107447950465843,0.744614750657138,break_up
USDJPY.a,15m,1,0.25,2022-02-22 23:45:00,115.0919630053661,2022-02-23 02:45:00,115.00940172627796,115.01060740336449,115.20978519327102,stop,12,-2064.0319772034845,-325.00000000000006,-30.141927163118165,225.74999999999994,-1838.2819772034845,-22.113187910388323,-0.9038256405095012,1.0689246127683063,0.4306648069939443,break_up
USDJPY.a,15m,1,0.2,2022-02-23 11:00:00,115.15590531962442,2022-02-23 11:45:00,115.071,115.05199048176196,115.31901903647609,ruin,3,-1698.1063924885123,-260.0,-18.701510312334623,0.0,-1698.1063924885123,-20.31278019014844,-0.8170663725309714,0.9614153443289553,0.12601357654914566,break_up
