symbol,tf,side,lots,entry_time,entry_price,exit_time,exit_price,stop_price,target_price,exit_reason,bars_held,gross_ccy,spread_ccy,slippage_ccy,swap_ccy,net_ccy,net_acct,r_multiple,mae_r,mfe_r,tag
XAUUSD.a,1h,-1,0.04,2021-01-06 19:00:00,1907.8635445403634,2021-01-19 14:00:00,1842.9032249927568,1932.207836784697,,signal,198,259.84127819042624,-0.2,-0.7457999420553241,0.0,259.84127819042624,336.88306671821476,2.668400415819298,0.8123651844608397,4.339561137373077,cross_dn
XAUUSD.a,1h,-1,0.08,2021-01-19 15:00:00,1837.7529625067257,2021-01-19 20:00:00,1842.8079303816683,1849.5031241564013,,signal,5,-40.43974299954061,-0.4,-1.5668861066902722,0.0,-40.43974299954061,-52.58607448381136,-0.430204113411675,0.48654968873829585,0.4019487261144259,cross_dn
XAUUSD.a,1h,-1,0.07,2021-01-22 15:00:00,1843.3389841395574,2021-01-22 17:00:00,1857.1618398747582,1856.9290581368898,,stop,2,-96.75999014640594,-0.3500000000000001,-1.2794721650794953,0.0,-96.75999014640594,-125.32703435795915,-1.0171288057676602,1.0177292532150715,0.4436314431209777,cross_dn
XAUUSD.a,1h,1,0.06,2021-01-29 13:00:00,1857.7735801614372,2021-01-29 22:00:00,1842.0902365268057,1842.3215167295937,,stop,9,-94.10006180778873,-0.30000000000000004,-1.3876812167275006,0.0,-94.10006180778873,-123.14988916227865,-1.0149675934096503,1.0382807598611494,1.1562481552945185,cross_up
XAUUSD.a,1h,-1,0.05,2021-02-02 14:00:00,1842.0503653647713,2021-02-08 15:00:00,1825.5119069463678,1858.0731239731058,,signal,93,82.6922920920174,-0.25,-1.119069463680811,0.0,82.6922920920174,107.77891154269511,1.0321854571160274,0.3320049165854301,3.5699448991896947,cross_dn
XAUUSD.a,1h,-1,0.07,2021-02-11 21:00:00,1825.2615410329356,2021-02-22 08:00:00,1789.6777341386428,1837.7583224894372,,signal,144,249.08664826004977,-0.3500000000000001,-1.5082779409999738,0.0,249.08664826004977,316.1720294738008,2.847437719716218,0.4351887712843865,5.1766561860837506,cross_dn
XAUUSD.a,1h,-1,0.06,2021-02-24 21:00:00,1797.5129438348486,2021-03-09 17:00:00,1717.9903736819354,1814.1975606934757,,signal,203,477.1354209174792,-0.30000000000000004,-1.5644841832260603,0.0,477.1354209174792,619.8415382743926,4.766220934332959,0.4900955313770591,7.2349844684884985,cross_dn
XAUUSD.a,1h,-1,0.08,2021-03-12 11:00:00,1706.269797828076,2021-03-12 18:00:00,1718.6126712620887,1718.3799077589924,,stop,7,-98.74298747210196,-0.4,-1.4621080247714608,0.0,-98.74298747210196,-127.06436343902661,-1.0192205937373089,1.1618558586329162,0.5862703037856419,cross_dn
XAUUSD.a,1h,1,0.07,2021-03-15 03:00:00,1725.4925019059262,2021-03-19 04:00:00,1730.6459216945048,1712.0897434329934,,signal,93,36.07393852004952,-0.3500000000000001,-1.4570962769338631,0.0,36.07393852004952,46.58248023663114,0.38450441369856303,0.47173139161573246,2.2418890972895777,cross_up
XAUUSD.a,1h,1,0.07,2021-03-19 11:00:00,1741.8260590368507,2021-03-22 10:00:00,1728.3208144804441,1728.4716681162467,,stop,22,-94.53671189484568,-0.3500000000000001,-1.0559754506178243,0.0,-94.53671189484568,-122.46798530287161,-1.0112961824091775,1.0832436404517485,0.3806943344234158,cross_up
XAUUSD.a,1h,-1,0.07,2021-03-22 12:00:00,1729.752405222957,2021-03-22 22:00:00,1739.4852635607335,1742.3739122942447,,signal,10,-68.13000836443643,-0.3500000000000001,-1.1936898502718833,0.0,-68.13000836443643,-87.94032548686178,-0.7711328197816814,0.8943143408540137,0.13488129534306345,cross_dn
XAUUSD.a,1h,-1,0.1,2021-03-23 07:00:00,1735.6502224926132,2021-03-23 10:00:00,1738.3683174138953,1744.768510609774,,signal,3,-27.18094921282045,-0.5,-1.3663482779081675,0.0,-27.18094921282045,-35.34905545735041,-0.2980926777435936,0.4298808566938798,0.05156916370389834,cross_dn
XAUUSD.a,1h,-1,0.09,2021-03-23 18:00:00,1729.9019599310489,2021-03-25 08:00:00,1735.7431639334661,1740.7807785126515,,signal,36,-52.57083602175544,-0.45,-1.1369508023870616,0.0,-52.57083602175544,-69.24504217828694,-0.5369336714829877,0.8510152090051062,0.5526298546071595,cross_dn
XAUUSD.a,1h,-1,0.12,2021-03-25 12:00:00,1732.0798687967588,2021-03-25 16:00:00,1740.183058799377,1740.0034312055707,,stop,4,-97.23828003141898,-0.6000000000000001,-1.5555311256764894,0.0,-97.23828003141898,-128.06305812118924,-1.0226700547731633,1.6949612447433218,0.9010932745122789,cross_dn
XAUUSD.a,1h,1,0.08,2021-03-25 18:00:00,1737.1053985148071,2021-03-25 19:00:00,1730.7545299505362,1725.512507622126,,signal,1,-50.80694851416774,-0.4,-1.5275207914192566,0.0,-50.80694851416774,-67.04178786309478,-0.5478244057554592,0.5904824411940889,0.030587839433284178,cross_up
XAUUSD.a,1h,1,0.08,2021-04-01 04:00:00,1706.9891384347507,2021-04-12 04:00:00,1741.9106058038708,1695.8275183989235,,signal,138,279.3717389529611,-0.4,-1.110307138066121,0.0,279.3717389529611,367.47351391379294,3.128709565191026,0.1092259394995909,4.630229429004176,cross_up
XAUUSD.a,1h,1,0.08,2021-04-13 23:00:00,1745.0390660519608,2021-04-14 17:00:00,1733.0456269318972,1733.1814930052747,,stop,17,-95.9475129605089,-0.4,-1.0869285870199852,0.0,-95.9475129605089,-124.29883400980542,-1.011458168787364,1.0524131711293487,0.36440289518154134,cross_up
XAUUSD.a,1h,-1,0.09,2021-04-14 23:00:00,1736.7661086608193,2021-04-15 10:00:00,1746.8924955053317,1746.7403725820081,,stop,10,-91.13748160061118,-0.45,-0.9191063099113406,0.0,-91.13748160061118,-117.56034466824619,-1.0152515438257423,1.1182671149783778,0.24323686238796094,cross_dn
XAUUSD.a,1h,1,0.11,2021-04-15 11:00:00,1745.7285046668192,2021-04-23 19:00:00,1776.3003429786274,1737.1097563897097,,signal,146,336.29022142989106,-0.55,-2.1924544701984376,0.0,336.29022142989106,434.4666504268453,3.547132057795903,0.17502595717124828,6.046295083426852,cross_up
XAUUSD.a,1h,1,0.09,2021-04-27 18:00:00,1781.2603410491959,2021-04-27 19:00:00,1777.9823975971753,1771.0413972236367,,signal,1,-29.501491068184578,-0.45,-1.3968432508447508,0.0,-29.501491068184578,-37.98361130976912,-0.32077125659717215,0.35525599427562393,0.04498106249047901,cross_up
XAUUSD.a,1h,1,0.11,2021-04-29 04:00:00,1784.7753255835305,2021-04-29 11:00:00,1775.467629248422,1775.5865560631958,,stop,7,-102.38465968619244,-0.55,-1.3081949625104254,0.0,-102.38465968619244,-131.64212110085816,-1.0129426268131412,1.0083314814923094,0.5620637676285305,cross_up
XAUUSD.a,1h,-1,0.07,2021-04-29 17:00:00,1757.5800842743306,2021-04-29 21:00:00,1771.2469292700548,1771.0348092247282,,stop,4,-95.66791497006945,-0.3500000000000001,-1.1348403172860841,0.0,-95.66791497006945,-123.03605505693379,-1.0157654687188802,1.2300448940192175,0.11595066269151202,cross_dn
XAUUSD.a,1h,1,0.1,2021-05-03 12:00:00,1775.6945014351777,2021-05-05 09:00:00,1778.1832412074864,1766.292114495282,,signal,43,24.887397723086906,-0.5,-1.5351758502724044,0.0,24.887397723086906,32.25761836775055,0.2646923369797312,0.529067934235949,2.4850603058760625,cross_up
XAUUSD.a,1h,1,0.09,2021-05-05 22:00:00,1784.677729372638,2021-05-12 20:00:00,1820.1728077199,1774.4845075294916,,signal,113,319.45570512535846,-0.45,-2.1094610418011577,0.0,319.45570512535846,413.1070802086622,3.4822236672037024,0.2666212326640597,5.955160356700821,cross_up
XAUUSD.a,1h,1,0.09,2021-05-14 11:00:00,1833.3378641580755,2021-05-28 09:00:00,1891.0381031738084,1822.1452094898268,,signal,228,519.3021511415961,-0.45,-1.294142871446359,0.0,519.3021511415961,672.375056505679,5.1551879983769116,0.1409731832923948,7.091448650433879,cross_up
XAUUSD.a,1h,1,0.08,2021-05-28 21:00:00,1902.4097915649506,2021-06-02 03:00:00,1898.763333572811,1890.6422893335523,,signal,47,-29.171663937117046,-0.4,-1.226662835021055,0.0,-29.171663937117046,-37.58653808317921,-0.3098752751803235,0.8523296930582933,1.2007823034311187,cross_up
XAUUSD.a,1h,1,0.1,2021-06-02 22:00:00,1908.0030981116322,2021-06-03 09:00:00,1898.2164160269008,1898.3160234341312,,stop,10,-97.8668208473141,-0.5,-0.9960740723052355,0.0,-97.8668208473141,-126.7343773112767,-1.0102825063857304,1.2968928732232228,0.16794563297282372,cross_up
XAUUSD.a,1h,-1,0.11,2021-06-03 11:00:00,1893.608075333939,2021-06-07 18:00:00,1892.004186795304,1902.6948588928383,,signal,53,17.642773924986614,-0.55,-1.6321094966860061,0.0,17.642773924986614,22.723234750504385,0.17650784001170147,0.5009390436732768,4.188288967955717,cross_dn
XAUUSD.a,1h,-1,0.11,2021-06-09 23:00:00,1889.7724664936702,2021-06-10 22:00:00,1898.7638114482975,1898.57412585208,,stop,22,-98.90479450089992,-0.55,-1.5365415583940534,0.0,-98.90479450089992,-127.5729987886956,-1.0215511176351362,1.087014745371639,2.2714428813434937,cross_dn
XAUUSD.a,1h,1,0.08,2021-06-10 23:00:00,1898.329329178611,2021-06-11 15:00:00,1886.3843505698912,1886.50953364853,,stop,15,-95.55982886975835,-0.4,-1.0014646291083458,0.0,-95.55982886975835,-123.6476228841136,-1.0105909682041512,1.247003735479165,0.3900804214129558,cross_up
XAUUSD.a,1h,-1,0.09,2021-06-11 18:00:00,1883.5756264276558,2021-06-23 18:00:00,1790.0561810417155,1894.6437501232629,,signal,184,841.6750084734631,-0.45,-1.731258750876205,0.0,841.6750084734631,1109.2038961972867,8.44943984706807,0.06725381761314671,11.081880705429608,cross_dn
XAUUSD.a,1h,-1,0.08,2021-06-23 23:00:00,1775.1048120821652,2021-06-24 14:00:00,1787.4192535265447,1787.2464504777695,,stop,14,-98.51553155503643,-0.4,-0.9824243902014995,0.0,-98.51553155503643,-129.99687470149826,-1.014232267766909,1.0373548863384665,0.18159098552657246,cross_dn
XAUUSD.a,1h,1,0.12,2021-06-25 15:00:00,1785.151788118208,2021-06-25 19:00:00,1776.6112627337673,1776.7258302412176,,stop,4,-102.48630461328958,-0.6000000000000001,-1.3748100894040576,0.0,-102.48630461328958,-134.9978326505125,-1.0135969713026023,1.0517247116090904,0.614554684154369,cross_up
XAUUSD.a,1h,-1,0.11,2021-06-28 05:00:00,1773.3109225908188,2021-06-28 08:00:00,1782.66844104941,1782.5034973898046,,stop,3,-102.93270304450243,-0.55,-1.2643802556598178,0.0,-102.93270304450243,-135.5929854497944,-1.0179431403292514,1.3488144160164168,0.1763295514329208,cross_dn
XAUUSD.a,1h,1,0.1,2021-06-28 09:00:00,1785.806227027375,2021-06-28 11:00:00,1775.976901743223,1776.101361699547,,stop,2,-98.29325284151992,-0.5,-1.2445995632403308,0.0,-98.29325284151992,-129.5958294986155,-1.0128244908218498,1.207252922282146,0.0,cross_up
XAUUSD.a,1h,-1,0.09,2021-06-28 14:00:00,1778.0456224674335,2021-07-01 08:00:00,1774.6200278753731,1788.5108216916503,,signal,63,30.830351328543657,-0.45,-1.4405017567155218,0.0,30.830351328543657,41.2021747879023,0.3273319999616894,0.4715034493703837,2.6244720123318133,cross_dn
XAUUSD.a,1h,-1,0.1,2021-07-12 15:00:00,1800.001339391972,2021-07-12 22:00:00,1806.608099541657,1809.6958510806817,,signal,7,-66.06760149685215,-0.5,-1.7619908331422887,0.0,-66.06760149685215,-88.31032239965268,-0.6814948871926619,0.7755584653927758,0.8717653517107379,cross_dn
XAUUSD.a,1h,-1,0.08,2021-07-16 20:00:00,1815.0866058002448,2021-07-20 16:00:00,1822.92346130571,1827.0634499670512,,signal,42,-62.69484404372088,-0.4,-1.3353808913585494,0.0,-62.69484404372088,-85.5797158625164,-0.6543339293989343,0.7467237675632163,1.67962490953983,cross_dn
XAUUSD.a,1h,-1,0.07,2021-07-20 19:00:00,1807.3866177519517,2021-07-26 10:00:00,1807.4763885483037,1820.3810718526624,,signal,83,-0.6283955744640936,-0.3500000000000001,-1.069439676253102,0.0,-0.6283955744640936,-0.8555885609346916,-0.0069083930464692,0.4850824974404727,1.3649375044528775,cross_dn
XAUUSD.a,1h,-1,0.1,2021-07-26 20:00:00,1799.3043812870822,2021-07-28 08:00:00,1805.0568238965539,1809.2363652004856,,signal,34,-57.524426094717,-0.5,-1.3364779310749662,0.0,-57.524426094717,-78.13695476055013,-0.5791836414181716,0.8181264472198967,0.5793788368219701,cross_dn
XAUUSD.a,1h,-1,0.11,2021-07-28 15:00:00,1796.4198356251368,2021-07-28 22:00:00,1805.3578544081333,1805.169435077751,,stop,7,-98.31820661296206,-0.55,-1.5226126342077553,0.0,-98.31820661296206,-133.35079359948196,-1.0215346235450968,1.5280887367785243,0.441144265636484,cross_dn
XAUUSD.a,1h,1,0.08,2021-07-28 23:00:00,1808.979773871189,2021-08-02 06:00:00,1812.075694960876,1797.2450558014564,,signal,52,24.76736871749563,-0.4,-1.1888806259831486,0.0,24.76736871749563,33.73427684590587,0.26382577504543936,0.22324983485937763,2.0239281410662744,cross_up
XAUUSD.a,1h,1,0.13,2021-08-04 15:00:00,1817.9264802842038,2021-08-04 17:00:00,1810.6944380068744,1810.8349617418012,,stop,2,-94.01654960528163,-0.65,-1.8268085540484713,0.0,-94.01654960528163,-127.40060383392274,-1.019815746667873,1.2742659037230881,1.943662649033484,cross_up
XAUUSD.a,1h,-1,0.11,2021-08-05 03:00:00,1811.5322369253063,2021-08-11 22:00:00,1751.6017153389264,1820.3046446702822,,signal,111,659.2357374501787,-0.55,-2.0177374563813846,0.0,659.2357374501787,893.636623898846,6.831707249438218,0.374784571154551,14.75561108059984,cross_dn
XAUUSD.a,1h,-1,0.1,2021-08-19 09:00:00,1778.712341597364,2021-08-19 12:00:00,1788.2183349437616,1788.0382465086718,,stop,3,-95.05993346397645,-0.5,-1.3008843508981043,0.0,-95.05993346397645,-132.68373271170853,-1.0193105587932243,1.1910542202899488,0.3272970962488482,cross_dn
XAUUSD.a,1h,1,0.08,2021-08-19 13:00:00,1789.1739023645794,2021-08-19 17:00:00,1778.0529964940047,1778.199297075849,,stop,4,-88.9672469645975,-0.4,-1.1704046547539875,0.0,-88.9672469645975,-124.3114897224982,-1.0133308285806486,1.0974337616448906,0.2966938263159531,cross_up
XAUUSD.a,1h,-1,0.08,2021-08-19 21:00:00,1780.7213851725312,2021-08-20 10:00:00,1787.5988843422747,1792.1081498515493,,signal,12,-55.0199933579479,-0.4,-1.1021494763936666,0.0,-55.0199933579479,-77.34479498137075,-0.603990629789367,0.6708327644237716,0.37863127008108854,cross_dn
XAUUSD.a,1h,-1,0.1,2021-08-20 13:00:00,1781.6262623542357,2021-08-20 14:00:00,1785.1027706710668,1790.6235292375052,,signal,1,-34.765083168310866,-0.5,-1.4554134213374463,0.0,-34.765083168310866,-48.77256336743949,-0.3863960424799318,0.39609113434116067,0.20075678288420032,cross_dn
XAUUSD.a,1h,-1,0.1,2021-08-20 16:00:00,1782.0313497785187,2021-08-23 08:00:00,1787.797317587057,1791.4094528916905,,signal,15,-57.65967808538335,-0.8,-1.3463517411394543,0.0,-57.65967808538335,-80.53477580504965,-0.6148330572778463,0.7057557526943051,0.5983459246291817,cross_dn
XAUUSD.a,1h,-1,0.11,2021-08-25 15:00:00,1794.1069849738703,2021-08-27 07:00:00,1798.1824648105492,1802.5993304405536,,signal,38,-44.83027820346706,-0.6599999999999999,-1.374225832083777,0.0,-44.83027820346706,-61.89633595221055,-0.47990038236993066,0.6044284286675901,1.6552535490952536,cross_dn
XAUUSD.a,1h,-1,0.11,2021-09-02 21:00:00,1809.6617923173353,2021-09-03 15:00:00,1818.556898243551,1818.4060342048551,,stop,17,-97.84616518837151,-0.55,-1.1095044256547955,0.0,-97.84616518837151,-131.19977096244403,-1.0172529580764562,2.2755783678702053,0.1477306247873959,cross_dn
XAUUSD.a,1h,1,0.11,2021-09-03 16:00:00,1823.642982500145,2021-09-07 11:00:00,1814.9413487941956,1815.0246634420091,,stop,37,-95.71797076544408,-0.55,-0.9164611259475792,0.0,-95.71797076544408,-129.06257856297407,-1.0096671575108191,1.217520775149219,1.1959429014321317,cross_up
XAUUSD.a,1h,-1,0.13,2021-09-07 13:00:00,1810.4119592670734,2021-09-10 12:00:00,1801.8616589695775,1817.7812525093716,,signal,68,111.1539038674457,-0.65,-2.1231332090168737,0.0,111.1539038674457,150.30953869837145,1.1602605591020396,0.6280169048454458,3.806601032791177,cross_dn
XAUUSD.a,1h,-1,0.09,2021-09-10 14:00:00,1793.6473705823541,2021-09-14 17:00:00,1804.2623058514575,1804.0543446831111,,stop,49,-95.53441742193058,-0.45,-1.421650515117241,0.0,-95.53441742193058,-130.3476742644908,-1.019982865944797,1.3800965850968265,1.2796582804396062,cross_dn
XAUUSD.a,1h,1,0.07,2021-09-14 19:00:00,1805.9511059096956,2021-09-15 17:00:00,1792.6642057749466,1792.7857429255791,,stop,21,-93.00830094324284,-0.3500000000000001,-0.850760054427357,0.0,-93.00830094324284,-126.9599237533687,-1.0092315837230754,1.0779122403853716,0.07207504202119833,cross_up
XAUUSD.a,1h,-1,0.11,2021-09-16 02:00:00,1794.3152870891022,2021-09-21 14:00:00,1766.079798214178,1802.564430313196,,signal,81,310.59037762416574,-0.55,-1.535560711914403,0.0,310.59037762416574,427.57485906410477,3.4228389673796564,0.22726153007287747,6.328570818921277,cross_dn
XAUUSD.a,1h,-1,0.09,2021-09-23 07:00:00,1764.059233060226,2021-09-23 13:00:00,1774.9160584737438,1774.7359342003615,,stop,6,-97.71142872165979,-0.45,-1.1711184604411267,0.0,-97.71142872165979,-134.3555657146822,-1.0168707797491066,1.1727186867398844,0.3586532028915997,cross_dn
XAUUSD.a,1h,1,0.06,2021-09-30 20:00:00,1758.4319111153422,2021-10-06 09:00:00,1751.0793212978817,1744.010426780855,,signal,81,-44.11553890476307,-0.30000000000000004,-0.8481444254206864,0.0,-44.11553890476307,-60.78864976128957,-0.5098358564851493,0.7448547504679625,0.8382000496128165,cross_up
XAUUSD.a,1h,1,0.08,2021-10-06 21:00:00,1762.1947598042457,2021-10-08 01:00:00,1755.986184231211,1751.1427186592095,,signal,26,-49.668604584278,-1.2,-1.1810523006254776,0.0,-49.668604584278,-67.92473583452265,-0.5617582753773267,0.9296707883557213,0.431163812477716,cross_up
XAUUSD.a,1h,1,0.09,2021-10-08 16:00:00,1776.0136331271071,2021-10-08 17:00:00,1765.3354790557612,1765.5059251970893,,stop,1,-96.10338664211349,-0.45,-1.5340152719526734,0.0,-96.10338664211349,-131.4108552235868,-1.0162210581473372,1.952246223793948,0.5049975606700902,cross_up
XAUUSD.a,1h,-1,0.08,2021-10-11 03:00:00,1753.910038616063,2021-10-12 13:00:00,1760.2190655667455,1765.3213401453538,,signal,33,-50.472215605459496,-0.4,-1.1050490679304656,0.0,-50.472215605459496,-68.3794174462953,-0.5528753170256955,0.7641513425575936,0.3330065905549099,cross_dn
XAUUSD.a,1h,-1,0.07,2021-10-15 19:00:00,1768.3451543533693,2021-10-19 10:00:00,1780.8517560449618,1780.6984524310633,,stop,37,-87.54621184114787,-0.3500000000000001,-0.7231252972892812,0.0,-87.54621184114787,-117.30856884206925,-1.0124099340058288,1.1717393651147672,0.6512555839558493,cross_dn
XAUUSD.a,1h,1,0.11,2021-10-19 14:00:00,1778.6293891211396,2021-10-19 18:00:00,1769.9596305074951,1770.0930029235017,,stop,4,-95.36734475008939,-0.55,-1.4670965760717323,0.0,-95.36734475008939,-127.47940749911695,-1.015623990400461,1.081182236540954,0.758003530891175,cross_up
XAUUSD.a,1h,-1,0.09,2021-10-19 22:00:00,1770.509939116105,2021-10-20 11:00:00,1776.8051530364155,1781.0301189858578,,signal,12,-56.656925282794646,-0.45,-1.1727546554768944,0.0,-56.656925282794646,-75.65453575664604,-0.5983941337742942,0.7167235710079274,0.34884756359125746,cross_dn
XAUUSD.a,1h,-1,0.08,2021-10-26 21:00:00,1790.9644471019863,2021-10-28 05:00:00,1802.1510331209756,1801.9832747326134,,stop,30,-89.49268815191499,-0.4,-0.9420671068976141,0.0,-89.49268815191499,-119.18374194533746,-1.0152247039327447,1.113145001372136,0.6819643027266892,cross_dn
XAUUSD.a,1h,1,0.09,2021-10-28 06:00:00,1799.6655551927956,2021-10-29 12:00:00,1792.7944418725458,1789.7668009698164,,signal,29,-61.8400198822485,-0.45,-1.5400462941792112,0.0,-61.8400198822485,-82.04096724763322,-0.6941391982739622,0.8855210459157489,1.0864442701525745,cross_up
XAUUSD.a,1h,1,0.11,2021-11-02 04:00:00,1791.4929555124693,2021-11-02 22:00:00,1786.9233984976956,1783.2859887060763,,signal,18,-50.26512716251,-0.55,-1.465233050698158,0.0,-50.26512716251,-67.63064887384793,-0.5567899959354151,0.6266572820135158,0.5966935900991055,cross_up
XAUUSD.a,1h,1,0.07,2021-11-04 19:00:00,1792.392843784353,2021-11-16 23:00:00,1850.4397722031717,1780.3191059524725,,signal,188,406.3284989317306,-0.4900000000000001,-1.2631891555951038,0.0,406.3284989317306,556.4085871413732,4.807701577347991,0.6089948188984181,7.01581874603721,cross_up
XAUUSD.a,1h,1,0.09,2021-11-17 18:00:00,1862.9641962642195,2021-11-19 01:00:00,1858.2828577463056,1852.2747336627524,,signal,29,-42.132046661225104,-1.2600000000000002,-1.3885605664963618,0.0,-42.132046661225104,-57.90232348582418,-0.43793955715523114,0.7394381325712966,0.7442660152708416,cross_up
XAUUSD.a,1h,1,0.08,2021-11-26 12:00:00,1809.9189301325482,2021-11-26 16:00:00,1798.5332456976832,1798.7036360031177,,stop,4,-91.08547547891976,-0.4,-1.3631224434749285,0.0,-91.08547547891976,-127.43504879808575,-1.0151926738138182,1.2981318157625166,0.5020884697687086,cross_up
XAUUSD.a,1h,-1,0.04,2021-11-29 02:00:00,1795.3731444722328,2021-11-30 17:00:00,1802.5710010612966,1814.1909364302019,,signal,38,-28.791426356255215,-0.2,-1.048008490372507,0.0,-28.791426356255215,-40.5941859094187,-0.3825027189768454,0.48129214883427573,0.7553035182862443,cross_dn
XAUUSD.a,1h,-1,0.05,2021-11-30 18:00:00,1784.4282418716532,2021-12-06 01:00:00,1784.184960461827,1800.9451326620704,,signal,75,1.216407049131476,-0.25,-0.9496046182693105,0.0,1.216407049131476,1.733415580031744,0.014729249766998713,0.6140234416413786,1.3694007037193705,cross_dn
XAUUSD.a,1h,-1,0.11,2021-12-09 15:00:00,1776.2908427365105,2021-12-10 15:00:00,1784.875945696432,1784.7188623927893,,stop,23,-94.43613255913556,-0.55,-1.177916340069537,0.0,-94.43613255913556,-131.56879301048463,-1.0186382222691623,1.0677665252934165,0.734554852621691,cross_dn
XAUUSD.a,1h,1,0.1,2021-12-13 02:00:00,1783.3151017085613,2021-12-14 15:00:00,1774.548858934872,1774.6532315398213,,stop,36,-87.66242773689328,-0.5,-1.0437260494919567,0.0,-87.66242773689328,-123.23042542824871,-1.0120496616684407,1.3559544855507586,0.9530157033789127,cross_up
XAUUSD.a,1h,-1,0.09,2021-12-14 17:00:00,1775.7765555434135,2021-12-16 08:00:00,1783.7522179128002,1786.042523002021,,signal,37,-71.78096132448104,-0.45,-1.4799224304051675,0.0,-71.78096132448104,-100.17998286786278,-0.776903141525115,0.8185730658575903,2.225465416243615,cross_dn
XAUUSD.a,1h,-1,0.1,2021-12-20 23:00:00,1788.4588391306313,2021-12-21 10:00:00,1797.7700792569703,1797.6189631842317,,stop,10,-93.11240126339044,-0.5,-1.0111607273880086,0.0,-93.11240126339044,-130.75931590584116,-1.0164971644329712,1.0667061725575826,0.016248593333499407,cross_dn
XAUUSD.a,1h,1,0.11,2021-12-22 21:00:00,1801.9328210919207,2021-12-29 07:00:00,1805.7495013876814,1793.7667760875804,,signal,78,41.98348325336838,-0.55,-1.1109694710089355,0.0,41.98348325336838,58.07085114647686,0.46738418582461705,0.37996620031748557,2.2406414486271298,cross_up
XAUUSD.a,1h,1,0.1,2021-12-30 20:00:00,1813.6466576627051,2022-01-03 16:00:00,1804.739151819255,1804.8683915589056,,stop,42,-89.07505843450053,-0.5,-1.2923973965059743,0.0,-89.07505843450053,-123.77208781038605,-1.0147226955895754,1.2322089049024618,2.061152182372721,cross_up
XAUUSD.a,1h,-1,0.08,2022-01-03 20:00:00,1799.5761468866417,2022-01-04 16:00:00,1810.5685226553692,1810.4002267982376,,stop,19,-87.93900614981976,-0.4,-0.9463668570542382,0.0,-87.93900614981976,-121.87176039721685,-1.0155482829493276,1.047096215653065,0.09757382569859598,cross_dn
XAUUSD.a,1h,1,0.11,2022-01-05 05:00:00,1815.6916972057343,2022-01-06 03:00:00,1807.5581016585961,1807.6784530742066,,stop,21,-89.46955101851972,-0.55,-1.323865571715814,0.0,-89.46955101851972,-124.01351586183341,-1.0150190626461686,1.0809226654726884,1.7381602963355907,cross_up
XAUUSD.a,1h,-1,0.09,2022-01-06 06:00:00,1806.8969190573139,2022-01-11 01:00:00,1800.412673322274,1816.469357669294,,signal,64,58.35821161535864,-0.45,-1.3081198009331163,0.0,58.35821161535864,81.27997829406905,0.6773870272643724,0.06404647420969947,2.5350822335850136,cross_dn
XAUUSD.a,1h,-1,0.1,2022-01-17 01:00:00,1817.132357700801,2022-01-19 16:00:00,1826.3328405643172,1826.1714633537042,,stop,59,-92.00482863516072,-0.5,-1.1137721061299906,0.0,-92.00482863516072,-127.19971884138297,-1.0178532276100927,1.2531817564894607,1.2581286398780622,cross_dn
XAUUSD.a,1h,1,0.09,2022-01-19 17:00:00,1827.2666620827606,2022-01-26 20:00:00,1830.2194846470088,1817.8485657822503,,signal,118,26.575403078233876,-0.45,-1.4492763538395523,0.0,26.575403078233876,37.16995549216593,0.3135264781788441,0.10157701219394194,2.819395456362076,cross_up
XAUUSD.a,1h,1,0.11,2022-02-01 11:00:00,1804.8105839092864,2022-02-02 08:00:00,1796.9195566214266,1796.99947374991,,stop,20,-86.80130016645717,-0.55,-0.8790884133175014,0.0,-86.80130016645717,-121.65564143862251,-1.0102312125745019,1.0524219658352434,0.5068954361065812,cross_up
XAUUSD.a,1h,-1,0.1,2022-02-11 09:00:00,1822.8474162796624,2022-02-11 15:00:00,1831.8273629006587,1831.6620392762322,,stop,6,-89.79946620996316,-0.5,-1.153236244264467,0.0,-89.79946620996316,-125.42875968651445,-1.0187556092292123,1.189226552788108,0.2266025762462886,cross_dn
XAUUSD.a,1h,1,0.08,2022-02-11 18:00:00,1836.0541404768865,2022-02-23 13:00:00,1894.7465645626821,1825.4264742652767,,signal,177,469.5393926863653,-0.4,-1.334966997084668,0.0,469.5393926863653,646.9623466247318,5.522607025583824,0.3118408511236517,7.337063280923544,cross_up
XAUUSD.a,1h,1,0.08,2022-02-23 17:00:00,1906.4328044909732,2022-02-24 21:00:00,1894.3964370845742,1894.8063185228139,,stop,27,-96.29093925119196,-0.4,-3.279051505917482,0.0,-96.29093925119196,-134.531525324753,-1.0352541119786427,2.4437998350305796,5.842452800876718,cross_up
XAUUSD.a,1h,-1,0.03,2022-02-25 14:00:00,1898.6682942123448,2022-02-28 01:00:00,1925.4250710298854,1925.0596252613036,,stop,10,-80.27033045262192,-0.15000000000000002,-0.9463373057452715,0.0,-80.27033045262192,-111.71465415865993,-1.013847189742112,1.128086557378462,0.5921752935974554,cross_dn
XAUUSD.a,1h,1,0.06,2022-03-01 12:00:00,1916.4038658210768,2022-03-09 23:00:00,1990.9103519696498,1901.4499856242664,,signal,149,447.038916891438,-0.30000000000000004,-3.235776364203078,0.0,447.038916891438,610.5671044858954,4.982418286624038,0.34799435013440444,10.302753007997554,cross_up
XAUUSD.a,1h,1,0.05,2022-03-17 15:00:00,1943.3744237208737,2022-03-18 06:00:00,1926.6382942879598,1926.8218068054694,,stop,14,-83.68064716456956,-0.25,-0.9175625875479538,0.0,-83.68064716456956,-113.43913560883533,-1.0110866166025274,1.0025256915980743,0.3857744253830786,cross_up
XAUUSD.a,1h,-1,0.05,2022-03-18 20:00:00,1928.2333941545735,2022-03-22 02:00:00,1936.257116680777,1944.493479192029,,signal,28,-40.11861263101764,-0.25,-1.071166807770425,0.0,-40.11861263101764,-54.246596126098815,-0.49346128926882205,0.8005250781556403,0.6312017514626409,cross_dn
XAUUSD.a,1h,-1,0.07,2022-03-22 14:00:00,1927.2607332800999,2022-03-23 20:00:00,1935.5760733157588,1939.83398152501,,signal,29,-58.20738024961225,-0.3500000000000001,-1.4850264206227197,0.0,-58.20738024961225,-77.63675440767767,-0.6613517743137824,0.7483560760608784,1.3179357439958364,cross_dn
XAUUSD.a,1h,-1,0.06,2022-03-28 10:00:00,1933.3681518298947,2022-03-30 22:00:00,1932.8629508312515,1947.5772536680297,,signal,58,3.031205991859224,-0.30000000000000004,-1.3554099750174937,0.0,3.031205991859224,4.0365488479229015,0.03555474542995563,0.8664761721294935,3.050731307559155,cross_dn
XAUUSD.a,1h,-1,0.06,2022-04-01 20:00:00,1922.8188471334554,2022-04-04 22:00:00,1932.2151647863832,1938.2778858810013,,signal,25,-56.37790591756675,-0.30000000000000004,-1.2619774365986003,0.0,-56.37790591756675,-74.73508479601091,-0.607820305413195,0.9089279803231657,0.47860977996641957,cross_dn
XAUUSD.a,1h,-1,0.05,2022-04-05 21:00:00,1921.9727739133778,2022-04-07 17:00:00,1931.8444937787358,1938.4142808914567,,signal,42,-49.35859932679023,-0.25,-1.0449377873571213,0.0,-49.35859932679023,-66.03598812869119,-0.6004145409857983,0.7375982081685771,0.4204464908596549,cross_dn
XAUUSD.a,1h,-1,0.07,2022-04-19 16:00:00,1967.016931400644,2022-04-29 08:00:00,1905.9479666626573,1980.243080682569,,signal,176,427.482753165906,-0.3500000000000001,-1.3715332772049955,0.0,427.482753165906,598.0787301554452,4.617289842739337,0.09322959941494273,7.178728243329247,cross_dn
XAUUSD.a,1h,-1,0.06,2022-05-02 07:00:00,1888.4695814549668,2022-05-05 02:00:00,1882.9690679170208,1902.546727215987,,signal,64,33.003081227676375,-0.30000000000000004,-1.5488150042489865,0.0,33.003081227676375,45.513958003746104,0.39074068218978647,0.09024688431876535,2.7043537163891647,cross_dn
XAUUSD.a,1h,-1,0.06,2022-05-06 07:00:00,1876.809497432029,2022-05-06 18:00:00,1885.8694129810408,1891.503037996098,,signal,11,-54.35949329407049,-0.30000000000000004,-1.5529557724884988,0.0,-54.35949329407049,-76.66092215948679,-0.6165917267868354,0.901790995178732,0.25586055420995024,cross_dn
XAUUSD.a,1h,-1,0.07,2022-05-09 07:00:00,1874.9103630493848,2022-05-17 10:00:00,1830.3861647289948,1887.7726664289776,,signal,141,311.66938824273035,-0.3500000000000001,-1.486306205928729,0.0,311.66938824273035,444.5878040065765,3.46160380504101,0.10492964679689308,6.847168850729873,cross_dn
XAUUSD.a,1h,-1,0.06,2022-05-18 01:00:00,1813.0352114700763,2022-05-19 12:00:00,1828.6481344023919,1828.4519174897255,,stop,34,-93.67753759389325,-0.30000000000000004,-0.8773014759982073,0.0,-93.67753759389325,-133.949435324077,-1.01272755103563,1.1179293753125534,0.37071547338271466,cross_dn
XAUUSD.a,1h,1,0.07,2022-05-19 14:00:00,1828.8961018987775,2022-05-25 20:00:00,1844.9663313862532,1816.6516674722454,,signal,98,112.49160641232972,-0.3500000000000001,-1.3113605924542728,0.0,112.49160641232972,159.16746574082734,1.3124517578903956,0.11810279253437242,3.329994402425889,cross_up
XAUUSD.a,1h,1,0.09,2022-05-27 11:00:00,1858.4266704752542,2022-05-30 02:00:00,1848.5914880683752,1848.7001283311454,,stop,14,-88.51664166191176,-0.6300000000000001,-0.9777623649329888,0.0,-88.51664166191176,-123.65422672931348,-1.0111694640459687,1.0545032677894057,0.35915430920757996,cross_up
XAUUSD.a,1h,-1,0.1,2022-05-31 05:00:00,1848.979233356649,2022-06-02 10:00:00,1852.0065098892892,1858.0370481433977,,signal,51,-30.27276532640144,-0.5,-1.5301977857831095,0.0,-30.27276532640144,-42.140909735096734,-0.3342170936271496,0.8954440816361954,2.266466453551557,cross_dn
XAUUSD.a,1h,-1,0.1,2022-06-06 04:00:00,1850.765788062983,2022-06-08 03:00:00,1853.737287688659,1860.095837675372,,signal,45,-29.71499625676188,-0.8999999999999999,-1.5457537731851623,0.0,-29.71499625676188,-41.13542403029179,-0.318487012301674,0.7582180407297519,1.4850712095447114,cross_dn
XAUUSD.a,1h,-1,0.1,2022-06-08 06:00:00,1848.9392297186646,2022-06-08 16:00:00,1852.139766874123,1858.0925378720756,,signal,10,-32.005371554585054,-0.5,-1.5953374824623925,0.0,-32.005371554585054,-44.342280964539135,-0.3496590633481319,0.4775071709681905,0.4795238666829966,cross_dn
XAUUSD.a,1h,-1,0.09,2022-06-09 17:00:00,1846.5590814271502,2022-06-10 17:00:00,1856.4605603376658,1856.194423268256,,stop,23,-89.11331019464046,-0.45,-1.9452336246875317,0.0,-89.11331019464046,-126.44490350564796,-1.0276209265637437,1.3358030036817723,2.230235499842313,cross_dn
XAUUSD.a,1h,1,0.04,2022-06-10 20:00:00,1871.929992551383,2022-06-13 15:00:00,1852.1148072551953,1852.3090796214951,,stop,18,-79.26074118475117,-0.2,-0.7770894651990491,0.0,-79.26074118475117,-113.49065877912223,-1.0099012908825422,1.5142003156298969,0.3521756338916855,cross_up
XAUUSD.a,1h,-1,0.05,2022-06-13 18:00:00,1827.268240867648,2022-06-16 05:00:00,1831.1129024206457,1845.525267816607,,signal,56,-19.22330776498825,-0.25,-1.2290242064578694,0.0,-19.22330776498825,-27.369203930959817,-0.21058530305871412,0.7981452387121941,1.2147783387542552,cross_dn
XAUUSD.a,1h,-1,0.1,2022-06-21 02:00:00,1837.9605617242712,2022-06-21 04:00:00,1841.18837279897,1847.0082294250294,,signal,2,-32.278110746988204,-0.8999999999999999,-1.3674559794046317,0.0,-32.278110746988204,-46.330664638487995,-0.35675614771178255,0.401146283856619,0.08406163327676364,cross_dn
XAUUSD.a,1h,-1,0.1,2022-06-21 09:00:00,1835.252130778381,2022-06-22 15:00:00,1843.93137877922,1843.7316259871823,,stop,29,-86.79248000839152,-0.5,-1.4975279203786251,0.0,-86.79248000839152,-125.66963976658103,-1.0235571560710872,1.3477063127245474,1.40009876602772,cross_dn
XAUUSD.a,1h,1,0.06,2022-06-22 22:00:00,1838.0110016979277,2022-06-23 07:00:00,1832.72254143643,1824.5328483558671,,signal,8,-31.730761568986054,-0.30000000000000004,-0.9295027628401444,0.0,-31.730761568986054,-46.03130803676912,-0.39237276259458126,0.4177873299864608,0.05111963668808092,cross_up
XAUUSD.a,1h,1,0.09,2022-06-23 11:00:00,1838.0313110379561,2022-06-23 12:00:00,1832.9699397504692,1828.1677448905195,,signal,1,-45.55234158738267,-0.45,-1.441084491552636,0.0,-45.55234158738267,-66.14346307828292,-0.513138069115332,0.643916301976308,0.0,cross_up
XAUUSD.a,1h,1,0.07,2022-06-23 18:00:00,1841.064312639315,2022-06-23 20:00:00,1830.3256834895703,1828.8082985537549,,signal,2,-75.17040404821229,-0.3500000000000001,-1.4604311460163497,0.0,-75.17040404821229,-109.25454420332295,-0.8761926246802181,0.9745674699727811,0.0755292344005786,cross_up
XAUUSD.a,1h,1,0.08,2022-06-27 08:00:00,1835.52478737079,2022-06-27 18:00:00,1824.2724605342437,1824.4128539321416,,stop,10,-90.01861469236974,-0.4,-1.1231471831833248,0.0,-90.01861469236974,-129.7060815140338,-1.0126344707402244,1.333232191552077,0.5008320703086382,cross_up
XAUUSD.a,1h,-1,0.07,2022-06-27 21:00:00,1823.951993174154,2022-07-05 06:00:00,1809.684398970944,1835.522841940794,,signal,121,99.87315942247098,-0.3500000000000001,-0.9015855932177517,0.0,99.87315942247098,145.25737306194512,1.2330637527944506,0.7897438649610343,3.408738111578263,cross_dn
XAUUSD.a,1h,-1,0.1,2022-07-05 12:00:00,1800.8915739161425,2022-07-18 17:00:00,1719.1606984750933,1809.198126673121,,signal,212,817.3087544104919,-0.6,-2.013969501865926,0.0,817.3087544104919,1193.6916771246724,9.839325389510927,0.5403476285739393,12.453008720042243,cross_dn
XAUUSD.a,1h,-1,0.07,2022-07-18 19:00:00,1710.3614650903532,2022-07-21 23:00:00,1719.7539967276193,1723.2689301447576,,signal,73,-65.74772146086252,-0.42000000000000004,-1.5959541866720317,0.0,-65.74772146086252,-94.80292055148016,-0.7276821279528533,0.7428673925694591,2.287162116335135,cross_dn
XAUUSD.a,1h,-1,0.08,2022-07-26 21:00:00,1717.2868321278493,2022-07-27 21:00:00,1728.226779215239,1728.0322135587467,,stop,23,-87.51957669911826,-0.4,-1.1565252519400948,0.0,-87.51957669911826,-125.13343632364173,-1.0181069101868203,1.9453165070572156,0.5431945031812389,cross_dn
XAUUSD.a,1h,1,0.07,2022-07-27 22:00:00,1734.9292644540192,2022-08-03 15:00:00,1765.3794096669883,1722.7428619589573,,signal,108,213.15101649078386,-0.42000000000000004,-1.4082646621626767,0.0,213.15101649078386,307.24470845518397,2.498698465384512,0.14928642433699935,4.354093471595235,cross_up
XAUUSD.a,1h,1,0.07,2022-08-03 16:00:00,1772.0752195949394,2022-08-03 17:00:00,1759.162716794882,1759.3362083735476,,stop,1,-90.38751960040169,-0.42000000000000004,-1.2144410506587708,0.0,-90.38751960040169,-130.75384735621122,-1.0136189203110386,1.3984774238226165,0.05218461570582958,cross_up
XAUUSD.a,1h,-1,0.06,2022-08-03 18:00:00,1757.3078718798738,2022-08-04 07:00:00,1772.0152170547924,1771.8376315554617,,stop,12,-88.2440710495116,-0.36,-0.7055129959842316,0.0,-88.2440710495116,-126.79656735327482,-1.0122221910957727,1.0070454327410754,0.05078348825779931,cross_dn
XAUUSD.a,1h,1,0.09,2022-08-04 08:00:00,1771.0403338805381,2022-08-08 04:00:00,1774.11547848886,1761.101208389108,,signal,42,27.676301474896263,-0.54,-1.5213872005222813,0.0,27.676301474896263,39.966355434585715,0.30939790537641515,0.6157819302930869,2.4005800248758993,cross_up
XAUUSD.a,1h,1,0.09,2022-08-08 17:00:00,1784.863912302219,2022-08-11 11:00:00,1787.9046524324797,1774.696036239748,,signal,63,27.366661172346312,-0.45,-1.3562562153646918,0.0,27.366661172346312,38.509338172583284,0.29905361862974666,0.1921652359071021,2.271476123025095,cross_up
XAUUSD.a,1h,1,0.1,2022-08-11 15:00:00,1794.9473599197195,2022-08-11 22:00:00,1785.5587723896767,1785.6846261915991,,stop,7,-93.88587530042741,-0.5,-1.2585380192239026,0.0,-93.88587530042741,-132.24107738524341,-1.0135871121438296,1.071752704018841,0.46559041929359973,cross_up
XAUUSD.a,1h,-1,0.09,2022-08-12 02:00:00,1787.6907950187504,2022-08-12 10:00:00,1793.3032831437508,1797.9752859374507,,signal,8,-50.51239312500434,-0.45,-1.319096587515008,0.0,-50.51239312500434,-70.87966480741505,-0.5457234752179364,0.5570722971646809,0.14592798327250076,cross_dn
XAUUSD.a,1h,-1,0.1,2022-08-12 11:00:00,1788.686651366517,2022-08-12 16:00:00,1798.0755815629996,1797.9003929688542,,stop,5,-93.88930196482534,-0.5,-1.251885941454065,0.0,-93.88930196482534,-132.00048077385185,-1.0190138384281227,1.0867841823285953,0.41097868053477715,cross_dn
XAUUSD.a,1h,1,0.08,2022-08-12 17:00:00,1798.1683977011376,2022-08-15 10:00:00,1787.352028871681,1787.4576171545496,,stop,16,-86.53095063565343,-0.4,-0.8447062629491746,0.0,-86.53095063565343,-122.52343486017986,-1.009858131478784,1.11741601362098,0.37640602207527946,cross_up
XAUUSD.a,1h,-1,0.09,2022-08-15 13:00:00,1779.5181593154853,2022-08-24 06:00:00,1744.515910231664,1789.4420152231298,,signal,154,315.0202417543908,-0.54,-1.1863841699507467,0.0,315.0202417543908,456.43200578746234,3.5270815507164097,0.6783492976081053,5.219559795863619,cross_dn
XAUUSD.a,1h,-1,0.1,2022-08-26 16:00:00,1745.8923115208477,2022-08-26 17:00:00,1755.0313531247027,1754.8376798858835,,stop,1,-91.39041603855048,-0.5,-1.4367323881924183,0.0,-91.39041603855048,-131.71115055925532,-1.0216506722714962,1.152293349868222,0.6978261001801198,cross_dn
XAUUSD.a,1h,1,0.08,2022-09-05 02:00:00,1710.3803153781744,2022-09-06 20:00:00,1701.4031162725835,1699.7521606303658,,signal,39,-71.81759284472719,-0.4,-1.3901396386652227,0.0,-71.81759284472719,-106.69042523802952,-0.8446620620989637,0.8741230814398909,1.5392779847507225,cross_up
XAUUSD.a,1h,1,0.07,2022-09-07 23:00:00,1717.4320092738324,2022-09-08 17:00:00,1705.2979739287637,1705.4495208302626,,stop,17,-84.93824741548089,-0.3500000000000001,-1.0608283104923777,0.0,-84.93824741548089,-126.05293236495983,-1.0126473647116478,1.1218044846974855,0.8978093971741585,cross_up
XAUUSD.a,1h,-1,0.06,2022-09-13 18:00:00,1705.8824531962784,2022-09-21 22:00:00,1686.118870167788,1720.4820697317325,,signal,142,118.58149817094318,-0.30000000000000004,-1.666442013454628,0.0,118.58149817094318,178.6834702111735,1.3537056251098218,0.10120449397649192,3.570124809079953,cross_dn
XAUUSD.a,1h,-1,0.05,2022-09-22 04:00:00,1660.3148926797458,2022-09-22 11:00:00,1676.7676511621632,1676.5179084957758,,stop,7,-82.26379241208747,-0.25,-0.9987133319373115,0.0,-82.26379241208747,-123.69751054385823,-1.0154133446034375,1.098876130370685,0.2872855727969149,cross_dn
XAUUSD.a,1h,1,0.04,2022-09-22 19:00:00,1671.7111392371296,2022-09-23 12:00:00,1653.4722073386197,1653.6281796171493,,stop,16,-72.95572759403967,-0.2,-0.6238891141180545,0.0,-72.95572759403967,-110.82780518022676,-1.0086253733795463,1.0585180545324078,0.25708517082201815,cross_up
XAUUSD.a,1h,-1,0.06,2022-09-23 13:00:00,1657.0991171609103,2022-09-28 20:00:00,1659.3486082385118,1670.1976898774594,,signal,76,-13.496946465609199,-0.30000000000000004,-1.6632988621425073,0.0,-13.496946465609199,-20.707190036221537,-0.17173558724909443,0.2863581338408455,3.2277651982260327,cross_dn
XAUUSD.a,1h,-1,0.06,2022-10-07 16:00:00,1697.7241276690895,2022-10-21 21:00:00,1652.155226959906,1711.829352237939,,signal,235,273.4134042551009,-0.30000000000000004,-1.5027235188732873,0.0,273.4134042551009,429.5238461316486,3.2306398587810863,0.6753435427003248,5.710233628393698,cross_dn
XAUUSD.a,1h,-1,0.07,2022-10-28 12:00:00,1650.7013317584617,2022-11-01 21:00:00,1649.271409250194,1661.6472632839918,,signal,55,10.009457557874159,-0.3500000000000001,-1.279729502716278,0.0,10.009457557874159,15.643688356267441,0.13063506791839585,0.5790889726245808,1.8245438236006584,cross_dn
XAUUSD.a,1h,-1,0.05,2022-11-03 02:00:00,1633.930781879038,2022-11-04 08:00:00,1648.4698813064879,1648.2885932064023,,stop,29,-72.69549713724928,-0.25,-0.6564405004278782,0.0,-72.69549713724928,-114.67251969784094,-1.012626443958074,1.022385500566164,1.2035805099418466,cross_dn
XAUUSD.a,1h,1,0.07,2022-11-04 13:00:00,1646.088106865003,2022-11-17 08:00:00,1762.9775648739696,1634.0217681726708,,signal,202,818.2262060627661,-0.3500000000000001,-1.1540917644257138,0.0,818.2262060627661,1215.410059361516,9.68723495912194,0.21946233505659726,11.6341747662201,cross_up
XAUUSD.a,1h,1,0.08,2022-11-24 02:00:00,1752.3597827262454,2022-11-28 20:00:00,1742.4885338990769,1740.6477099285,,signal,59,-78.96999061734823,-0.64,-1.46345761477025,0.0,-78.96999061734823,-118.50772186225105,-0.8428267991186674,0.897346089606673,0.96739641815886,cross_up
XAUUSD.a,1h,1,0.09,2022-11-29 13:00:00,1755.459865970603,2022-11-30 20:00:00,1745.1929106375242,1745.349580880355,,stop,30,-92.40259799770956,-0.72,-1.410032185477893,0.0,-92.40259799770956,-136.59526364466947,-1.0154961251272687,1.0474349512475867,0.9079995220166351,cross_up
XAUUSD.a,1h,-1,0.07,2022-12-05 21:00:00,1766.6285081655785,2022-12-06 14:00:00,1780.1697349907681,1779.9612084798198,,stop,16,-94.78858777632719,-0.56,-0.8996855766394231,0.0,-94.78858777632719,-140.6484075382485,-1.0156402308634804,1.0659124933035098,0.06139102704530845,cross_dn
XAUUSD.a,1h,1,0.07,2022-12-07 22:00:00,1789.9160311239941,2022-12-12 19:00:00,1784.3066203151998,1777.581964077711,,signal,66,-39.265875661560365,-0.56,-1.1673155872043302,0.0,-39.265875661560365,-58.240693654049785,-0.4547900370368724,0.6920694602974768,1.3121356333864693,cross_up
XAUUSD.a,1h,1,0.07,2022-12-13 16:00:00,1811.2212148676363,2022-12-14 21:00:00,1798.5328297967653,1798.6722293566336,,stop,28,-88.81869549609657,-0.0,-0.9757969190770113,0.0,-88.81869549609657,-129.67179428585527,-1.0111084326096345,1.2846628003117555,1.058952942507775,cross_up
XAUUSD.a,1h,-1,0.08,2022-12-15 10:00:00,1788.9099578799483,2022-12-19 04:00:00,1794.1887752186958,1800.6356700069623,,signal,40,-42.230538709980465,-0.64,-1.2604034991358577,0.0,-42.230538709980465,-62.91421653950967,-0.45019162005402297,0.5364315661102241,1.2997042495046338,cross_dn
XAUUSD.a,1h,-1,0.11,2022-12-20 03:00:00,1786.2167218099505,2022-12-20 05:00:00,1794.3867405660467,1794.200140968202,,stop,2,-89.87020631705786,-0.88,-1.1725955762909797,0.0,-89.87020631705786,-134.75612349051275,-1.0233733935480223,1.2417333968746196,0.1862261996370118,cross_dn
XAUUSD.a,1h,1,0.09,2022-12-20 09:00:00,1793.2462047222343,2022-12-22 20:00:00,1792.9563603230545,1783.3789796992023,,signal,57,-2.6085995926187024,-0.72,-1.6855141850181283,0.0,-2.6085995926187024,-3.918522468670596,-0.02937445923279373,0.08170531434647862,3.1005470338776884,cross_up
XAUUSD.a,1h,1,0.11,2022-12-27 11:00:00,1806.6340732419883,2022-12-28 17:00:00,1798.3792313118963,1798.5139866554205,,stop,29,-90.80326123101167,-0.88,-1.4823087787643936,0.0,-90.80326123101167,-134.4277569002956,-1.0165953086937594,1.0546775764872962,3.283946109900135,cross_up
XAUUSD.a,1h,-1,0.08,2022-12-28 18:00:00,1797.9583943111518,2022-12-29 04:00:00,1809.4950749362129,1809.2996119603363,,stop,9,-92.29344500048865,-0.64,-0.923703807013019,0.0,-92.29344500048865,-136.93998991125517,-1.0172347433867153,1.0062063917509487,0.08274193655204849,cross_dn
XAUUSD.a,1h,1,0.1,2022-12-29 08:00:00,1809.7590124697,2023-01-05 20:00:00,1833.7403853307278,1800.8379367711082,,signal,104,239.81372861027694,-0.8,-2.3922933854400337,0.0,239.81372861027694,354.49183830048327,2.688170538090241,0.6040765319983542,6.204519432453204,cross_up
XAUUSD.a,1h,1,0.05,2023-01-06 18:00:00,1862.4997355053954,2023-01-18 06:00:00,1899.9608953588786,1845.683297350606,,signal,170,187.30579926741598,-0.4,-0.891046411213854,0.0,187.30579926741598,267.8245814278998,2.2276512724434414,0.15816283334874684,3.9485332080083397,cross_up
XAUUSD.a,1h,1,0.08,2023-01-18 14:00:00,1915.811038856525,2023-01-18 19:00:00,1903.838883678941,1904.0078462370152,,stop,5,-95.777241420672,-0.64,-1.3517004645924635,0.0,-95.777241420672,-137.61097905268966,-1.0143149877766813,1.2082357135265749,0.8522237557021639,cross_up
XAUUSD.a,1h,-1,0.07,2023-01-19 01:00:00,1904.1144108992596,2023-01-19 10:00:00,1916.4327258133112,1916.2312250996833,,stop,9,-86.2282043983612,-0.42000000000000004,-0.9905049953952458,0.0,-86.2282043983612,-125.08261804018335,-1.0166298426545832,1.0403385652558403,0.26280925386709203,cross_dn
XAUUSD.a,1h,1,0.08,2023-01-19 12:00:00,1910.550934763956,2023-01-19 15:00:00,1907.9980517943104,1898.8633971597462,,signal,3,-20.423063757165437,-0.48,-1.4711712910303552,0.0,-20.423063757165437,-29.580637520879225,-0.21842778659605153,0.33804680658593583,0.07179144696328292,cross_up
XAUUSD.a,1h,1,0.08,2023-01-19 16:00:00,1913.3530661909972,2023-01-25 16:00:00,1922.1625813019964,1901.6664742888254,,signal,92,70.4761208879936,-0.48,-1.718699168056358,0.0,70.4761208879936,99.61429969044595,0.7538138736034804,0.170542978456098,2.4906263564823945,cross_up
XAUUSD.a,1h,1,0.06,2023-01-25 19:00:00,1937.07616591819,2023-01-26 18:00:00,1921.7479198915828,1921.9353571667123,,stop,22,-91.96947615964382,-0.36,-1.1246236507773082,0.0,-91.96947615964382,-129.66596571120547,-1.0123796078667973,1.2242520345143977,0.7954551358185699,cross_up
XAUUSD.a,1h,-1,0.06,2023-01-26 21:00:00,1929.6408229121819,2023-02-01 06:00:00,1926.9473319251988,1945.2230695139856,,signal,77,16.160945921898474,-0.36,-0.9279831023866376,0.0,16.160945921898474,22.867537245158584,0.17285639585958643,0.343286640528391,1.859861652351666,cross_dn
XAUUSD.a,1h,-1,0.05,2023-02-02 22:00:00,1913.0792258277431,2023-02-09 11:00:00,1883.9761155174795,1931.610753957649,,signal,104,145.51555155131837,-0.3,-0.8611551747963329,0.0,145.51555155131837,208.57062199191373,1.570464675457477,0.2984521370005806,2.8437603989440023,cross_dn
XAUUSD.a,1h,-1,0.06,2023-02-09 20:00:00,1868.2963187128123,2023-02-20 06:00:00,1842.8997783408277,1884.1901732752813,,signal,147,152.37924223190794,-0.36,-0.9573400899328176,0.0,152.37924223190794,221.12470031186305,1.5978842811330938,0.24749699776896977,3.1072587532939226,cross_dn
XAUUSD.a,1h,-1,0.11,2023-02-21 12:00:00,1835.4229778723031,2023-02-21 16:00:00,1843.8871310241097,1843.7102864207227,,stop,4,-93.10568466987274,-0.6599999999999999,-1.2852906372590978,0.0,-93.10568466987274,-135.6810373936153,-1.0213392083031323,1.00961875364137,0.6302381336216984,cross_dn
XAUUSD.a,1h,1,0.08,2023-02-28 20:00:00,1829.3823610606541,2023-03-07 16:00:00,1835.3902293997317,1818.7033187580817,,signal,111,48.06294671262003,-0.4,-1.1163296042925202,0.0,48.06294671262003,72.23600263409287,0.5625849368187497,0.596716529451251,2.701332022291615,cross_up
XAUUSD.a,1h,1,0.08,2023-03-09 22:00:00,1830.6924891919994,2023-03-21 21:00:00,1941.3797554458845,1819.962608769302,,signal,183,885.4981300310811,-0.4,-2.4039128658477016,0.0,885.4981300310811,1328.6790157267328,10.31579681165359,0.2798250375323874,16.68681324996455,cross_up
XAUUSD.a,1h,1,0.04,2023-03-23 03:00:00,1969.7950468441038,2023-03-27 10:00:00,1969.4516650341798,1949.4948479090756,,signal,53,-1.373527239696159,-0.2,-0.9466797265621469,0.0,-1.373527239696159,-2.0684093663069936,-0.01691519433001864,0.17512374413087775,1.6485037049637987,cross_up
XAUUSD.a,1h,1,0.08,2023-03-29 03:00:00,1971.9885965122721,2023-03-29 09:00:00,1960.3661556583622,1960.4908541172056,,stop,6,-92.97952683127914,-0.4,-0.9975876707473099,0.0,-92.97952683127914,-139.20341173051344,-1.010845473359783,1.0331242520591772,0.07752856666109233,cross_up
XAUUSD.a,1h,-1,0.09,2023-03-29 10:00:00,1961.8841342873827,2023-03-29 18:00:00,1969.2629669496805,1972.3515382369512,,signal,8,-66.40949396068004,-0.45,-1.8534050942507732,0.0,-66.40949396068004,-99.42880621742457,-0.7049343560111633,0.9463536288790677,0.31088265085219685,cross_dn
XAUUSD.a,1h,-1,0.07,2023-03-29 19:00:00,1961.658716403868,2023-03-30 15:00:00,1968.8155105156175,1974.6608687100747,,signal,19,-50.09755878224565,-0.3500000000000001,-1.1971472186427623,0.0,-50.09755878224565,-74.79926956259801,-0.5504314934330556,0.7568965017764114,0.49289657996152264,cross_dn
XAUUSD.a,1h,-1,0.07,2023-04-03 03:00:00,1956.8778771272687,2023-04-03 13:00:00,1970.8102461003816,1970.5950020984615,,stop,10,-97.52658281179062,-0.3500000000000001,-1.156708013440842,0.0,-97.52658281179062,-144.99075703465542,-1.01569162651592,1.1388773453285004,0.5240075556914308,cross_dn
XAUUSD.a,1h,1,0.06,2023-04-03 19:00:00,1988.063273305355,2023-04-10 04:00:00,1998.2226097760765,1972.0089781252902,,signal,77,60.95601882432857,-0.36,-1.288682687080084,0.0,60.95601882432857,91.48434462603717,0.6328111173224602,0.6978365091521843,2.739249914206898,cross_up
XAUUSD.a,1h,1,0.08,2023-04-11 21:00:00,2005.6941865083197,2023-04-14 18:00:00,1994.388016657841,1994.616046956955,,stop,66,-90.44935880382945,-0.4,-1.824242392911124,0.0,-90.44935880382945,-134.97486838749694,-1.0205838081436547,1.07998156665627,3.8838483025229245,cross_up
XAUUSD.a,1h,-1,0.05,2023-04-14 21:00:00,2003.7168919904875,2023-04-20 18:00:00,2003.755591593935,2022.4414628189827,,signal,89,-0.1934980172370615,-0.25,-1.1559159393506282,0.0,-0.1934980172370615,-0.28654062289840143,-0.0020667818665578686,0.6009808242113327,1.844469083260854,cross_dn
XAUUSD.a,1h,-1,0.07,2023-04-21 11:00:00,1986.6456720290712,2023-04-25 03:00:00,1999.8682406373455,1999.6687653173324,,stop,38,-92.55798025792002,-0.42000000000000004,-0.9763272400929145,0.0,-92.55798025792002,-138.23908633846617,-1.015317046080973,1.0914709475160782,1.156842824941693,cross_dn
XAUUSD.a,1h,1,0.08,2023-04-25 06:00:00,1994.8115836924367,2023-04-25 13:00:00,1982.933137221096,1983.0795029412232,,stop,7,-95.02757177072453,-0.4,-1.1709257610162576,0.0,-95.02757177072453,-142.66262088383806,-1.0124756829782229,1.1133220073588086,0.2103988508012937,cross_up
XAUUSD.a,1h,-1,0.07,2023-04-25 15:00:00,1977.4512309295867,2023-04-25 15:00:00,1990.2401438535446,1990.011990247925,,stop,0,-89.52239046770548,-0.3500000000000001,-1.2470752393381594,0.0,-89.52239046770548,-134.5493206097625,-1.0181639978792114,1.3565078860747857,0.11155622793766848,cross_dn
XAUUSD.a,1h,1,0.05,2023-04-25 21:00:00,1999.2382738439912,2023-04-26 20:00:00,1983.2880732854203,1983.461982539615,,stop,22,-79.7510027928547,-0.25,-0.8695462709735169,0.0,-79.7510027928547,-120.79824718699592,-1.0110234560733884,1.0121690539247223,0.6358735372251939,cross_up
XAUUSD.a,1h,-1,0.05,2023-04-27 18:00:00,1983.2430608206316,2023-05-01 15:00:00,1999.8902573244527,1999.6883510687965,,stop,43,-83.23598251910539,-0.25,-0.7595312782814276,0.0,-83.23598251910539,-124.96769438054439,-1.0122774516356603,1.3369748327684248,0.4270560576706949,cross_dn
XAUUSD.a,1h,1,0.06,2023-05-02 18:00:00,2008.5673967746927,2023-05-05 19:00:00,2015.0905260094385,1994.2712034067447,,signal,70,39.13877540847443,-0.30000000000000004,-1.7936878867389785,0.0,39.13877540847443,57.955037401676854,0.45628434554967257,0.6363509880251758,4.934362694300388,cross_up
XAUUSD.a,1h,1,0.09,2023-05-09 16:00:00,2027.2390175910125,2023-05-11 13:00:00,2026.731155978587,2017.7126319790636,,signal,43,-4.570754511830273,-0.45,-1.5991923854326389,0.0,-4.570754511830273,-6.784353309728482,-0.053311049238714416,0.6024338951610465,2.1982085611484448,cross_up
XAUUSD.a,1h,1,0.07,2023-05-11 15:00:00,2037.028353263361,2023-05-11 16:00:00,2024.3430697548897,2024.5516760859998,,stop,1,-88.79698455929862,-0.3500000000000001,-1.460244317771152,0.0,-88.79698455929862,-132.50314789121632,-1.0167197025413641,2.0757412326379074,0.32553913825780606,cross_up
XAUUSD.a,1h,-1,0.05,2023-05-11 17:00:00,2012.686919890265,2023-05-22 07:00:00,1978.0098121862532,2030.2638609258472,,signal,151,173.3855385200593,-0.4,-0.8981218625323355,0.0,173.3855385200593,260.7575812793216,1.9728750090139482,0.559999609136137,3.4577643383584262,cross_dn
XAUUSD.a,1h,-1,0.08,2023-05-23 01:00:00,1971.7060166484187,2023-05-24 04:00:00,1975.164352242072,1982.65198963596,,signal,26,-27.666684749226988,-0.72,-1.3496358731551283,0.0,-27.666684749226988,-41.85073629398407,-0.31594592802207927,0.5457699702329751,1.6002247281584916,cross_dn
XAUUSD.a,1h,-1,0.06,2023-05-24 21:00:00,1962.4705934233095,2023-05-30 17:00:00,1952.9385817705238,1976.179731477539,,signal,86,57.192069916714445,-0.48,-1.1829812462870022,0.0,57.192069916714445,87.76770547199246,0.6953034986648906,0.19836451904804767,2.227754458558921,cross_dn
XAUUSD.a,1h,-1,0.07,2023-06-02 22:00:00,1950.973850921181,2023-06-05 22:00:00,1963.565431501979,1963.3731452256095,,stop,23,-88.14106406558518,-0.3500000000000001,-0.9960039345869719,0.0,-88.14106406558518,-133.23014052267362,-1.0155078403373983,1.0489426865344889,1.0398858680671978,cross_dn
XAUUSD.a,1h,1,0.09,2023-06-06 14:00:00,1963.5719186528074,2023-06-07 18:00:00,1953.989431669106,1954.1501813528532,,stop,27,-86.24238285331376,-0.45,-1.4467471537253094,0.0,-86.24238285331376,-129.49890063113017,-1.0170615756552783,1.8247079180281205,0.6992427338453472,cross_up
XAUUSD.a,1h,-1,0.06,2023-06-07 20:00:00,1942.0603258620638,2023-06-08 15:00:00,1955.9628084840926,1955.8357493375854,,stop,18,-83.41489573217314,-0.0,-0.7623548790435302,0.0,-83.41489573217314,-124.55747544710707,-1.0092236109280426,1.3015697245022293,0.18731372336022264,cross_dn
XAUUSD.a,1h,1,0.08,2023-06-08 20:00:00,1966.362483394052,2023-06-12 05:00:00,1954.7072553825176,1954.8045431083538,,stop,31,-93.24182409227615,-0.4,-0.7783018066896346,0.0,-93.24182409227615,-138.4108067753409,-1.0084173930156526,1.0514402301497785,0.5742819604424738,cross_up
XAUUSD.a,1h,-1,0.08,2023-06-12 19:00:00,1955.3146041104114,2023-06-13 11:00:00,1962.349863400083,1966.2717543677145,,signal,15,-56.28207431737246,-0.4,-1.117814401329943,0.0,-56.28207431737246,-83.02292976556248,-0.6420701664634455,0.9177017430135566,0.20485290953416002,cross_dn
XAUUSD.a,1h,-1,0.06,2023-06-13 19:00:00,1943.0136726018773,2023-06-14 15:00:00,1956.7699990266847,1956.5883035934296,,stop,19,-82.53795854884447,-0.30000000000000004,-0.790172599531152,0.0,-82.53795854884447,-121.28303780651316,-1.0133849261440804,1.2638522114376005,0.22274436806119594,cross_dn
XAUUSD.a,1h,1,0.07,2023-06-16 01:00:00,1957.4589030726893,2023-06-19 17:00:00,1951.89342555715,1944.9076632918138,,signal,39,-38.95834260877451,-0.3500000000000001,-0.9320421999010144,0.0,-38.95834260877451,-56.90755431539243,-0.4434205395405985,0.7727446245961841,0.8294875334287045,cross_up
XAUUSD.a,1h,1,0.09,2023-06-26 13:00:00,1929.9162893290543,2023-06-27 03:00:00,1922.464414656616,1920.2725903195899,,signal,13,-67.06687205194362,-0.54,-1.1805361809085482,0.0,-67.06687205194362,-100.4310817052421,-0.7727195410313878,0.9245715072923539,0.3519096425152893,cross_up
XAUUSD.a,1h,1,0.1,2023-06-27 05:00:00,1929.2805547093462,2023-06-27 14:00:00,1920.0779395436368,1920.1745583572367,,stop,9,-92.02615165709403,-0.5,-0.9661881359990171,0.0,-92.02615165709403,-137.59891097053534,-1.010610460389379,1.0685875914162954,0.04606253664450922,cross_up
XAUUSD.a,1h,-1,0.08,2023-06-27 18:00:00,1917.0814518007214,2023-06-30 20:00:00,1920.1313378259822,1928.2818729798041,,signal,71,-24.399088202086205,-0.4,-1.301405215715424,0.0,-24.399088202086205,-36.608882790310595,-0.27230101230091047,0.3043232164915553,2.1598698311363487,cross_dn
XAUUSD.a,1h,-1,0.1,2023-07-06 01:00:00,1915.1911986052755,2023-07-06 13:00:00,1923.9490191245459,1923.8032646744534,,stop,12,-87.57820519270354,-0.5,-0.9575445009259737,0.0,-87.57820519270354,-131.10313497208654,-1.016924446343265,1.1296710123420182,0.0,cross_dn
XAUUSD.a,1h,1,0.06,2023-07-07 19:00:00,1927.7524809925678,2023-07-10 15:00:00,1914.227568491901,1914.3471740773912,,stop,19,-81.14947500400149,-0.30000000000000004,-0.7176335129417364,0.0,-81.14947500400149,-122.46204633517165,-1.0089222564053981,1.1288425612572797,0.11767869377508493,cross_up
XAUUSD.a,1h,-1,0.08,2023-07-17 18:00:00,1953.8977345647857,2023-07-17 22:00:00,1955.7008283135972,1964.3003470480762,,signal,4,-14.424749990492273,-0.4,-1.1332530175572797,0.0,-14.424749990492273,-21.141669950449625,-0.17333085815777474,0.19536106324048744,0.256448518972589,cross_dn
XAUUSD.a,1h,-1,0.1,2023-07-21 04:00:00,1972.8316332015409,2023-07-26 05:00:00,1963.9137045897257,1981.6605305618066,,signal,70,89.17928611815114,-0.5,-1.274091794518084,0.0,89.17928611815114,131.87910165057397,1.0100840736862646,0.10062035633772916,2.4489618940241096,cross_dn
XAUUSD.a,1h,-1,0.06,2023-07-27 18:00:00,1944.4842855904717,2023-07-28 15:00:00,1959.6444568052798,1959.4550166672664,,stop,20,-90.96102728884853,-0.30000000000000004,-0.8366408280809182,0.0,-90.96102728884853,-136.48794683519674,-1.0126540338639216,1.109211990005475,0.1298724544912486,cross_dn
XAUUSD.a,1h,1,0.08,2023-07-31 17:00:00,1971.4974085269748,2023-08-01 04:00:00,1960.7170556909202,1960.8184675225862,,stop,10,-86.24282268843672,-0.4,-0.8112946533279572,0.0,-86.24282268843672,-128.618887579134,-1.0094964314929964,1.012029987105773,0.07047435440610533,cross_up
XAUUSD.a,1h,-1,0.11,2023-08-01 14:00:00,1956.2880189143261,2023-08-07 03:00:00,1944.010212185077,1963.8547615329953,,signal,81,135.05587402173956,-0.6599999999999999,-1.544668071692849,0.0,135.05587402173956,205.18348579766575,1.6226013422151282,0.043873711900107915,4.046393601228505,cross_dn
XAUUSD.a,1h,-1,0.11,2023-08-07 11:00:00,1936.687139867396,2023-08-22 05:00:00,1895.2085252854974,1944.739633235164,,signal,247,456.264760400883,-0.55,-1.287556280945372,0.0,456.264760400883,711.4463300706091,5.151027475281802,0.6163134703679594,6.449820880981446,cross_dn
XAUUSD.a,1h,-1,0.16,2023-09-04 20:00:00,1938.2580803827448,2023-09-11 10:00:00,1928.0154567822526,1943.7699484766717,,signal,103,163.88197760787443,-0.8,-1.7746170320843044,0.0,163.88197760787443,254.696595809826,1.8582853264898629,0.12371842098446333,4.172465666964028,cross_dn
XAUUSD.a,1h,-1,0.15,2023-09-12 04:00:00,1921.4725217208256,2023-09-15 09:00:00,1916.3030819590929,1927.2901529657695,,signal,74,77.5415964259912,-0.75,-1.5924587727855142,0.0,77.5415964259912,119.8775530672055,0.8885815453197609,0.5221159869516055,3.527642240759382,cross_dn
XAUUSD.a,1h,-1,0.11,2023-09-21 10:00:00,1928.0900042016897,2023-10-06 21:00:00,1831.955107509245,1935.7744343879474,,signal,264,1057.483863616892,-0.55,-2.092365203390798,0.0,1057.483863616892,1653.4035830027392,12.51034811460263,0.13013271954745048,15.314083328148405,cross_dn
XAUUSD.a,1h,-1,0.07,2023-10-24 16:00:00,1964.774180942825,2023-10-25 04:00:00,1974.5797183739548,1977.727950004318,,signal,11,-68.63876201790845,-0.3500000000000001,-1.2560572353691088,0.0,-68.63876201790845,-107.39909563121334,-0.7569640453355179,0.9878066373139528,0.44729691530854415,cross_dn
XAUUSD.a,1h,-1,0.08,2023-10-25 13:00:00,1969.396520987243,2023-10-25 14:00:00,1973.1532590832744,1979.836790178827,,signal,1,-30.053904768250504,-0.4,-1.3321453323897123,0.0,-30.053904768250504,-47.41934200326686,-0.35983153567148474,0.44285055566229825,0.0,cross_dn
XAUUSD.a,1h,-1,0.07,2023-10-31 23:00:00,1984.7646048509237,2023-11-03 12:00:00,1988.6711970104473,1997.338193144875,,signal,58,-27.346145116665188,-0.3500000000000001,-0.856758146264197,0.0,-27.346145116665188,-42.44911615259805,-0.31069827229852043,0.5794205264841528,1.1877758760486956,cross_dn
XAUUSD.a,1h,-1,0.09,2023-11-06 12:00:00,1986.7520377429857,2023-11-14 17:00:00,1967.8307255842947,1996.8653038288387,,signal,143,170.29180942821972,-0.45,-1.6330605173021422,0.0,170.29180942821972,262.804113442112,1.8709398129215,0.23018896538979347,5.451457251788111,cross_dn
XAUUSD.a,1h,-1,0.09,2023-11-20 18:00:00,1971.8352430719954,2023-11-21 02:00:00,1981.320200485613,1982.6372787698574,,signal,7,-85.3646167225586,-0.45,-1.4436087410339877,0.0,-85.3646167225586,-129.98632099305428,-0.8780712894232431,0.896567758049665,0.05417896111111696,cross_dn
XAUUSD.a,1h,-1,0.03,2023-12-04 21:00:00,2024.1756618059428,2023-12-07 16:00:00,2037.321800788263,2051.7739876615674,,signal,64,-39.43841694696084,-0.15000000000000002,-0.6108047295779818,0.0,-39.43841694696084,-60.03260057380446,-0.4763382768611335,0.6161365831758141,0.5201642259404358,cross_dn
XAUUSD.a,1h,-1,0.07,2023-12-07 17:00:00,2026.2070421251842,2023-12-08 06:00:00,2032.6038899049481,2039.0350985328746,,signal,12,-44.777934458347325,-0.3500000000000001,-1.1744586692733066,0.0,-44.777934458347325,-67.66082571524225,-0.4986607149567109,0.6113909719101257,0.46827375358148304,cross_dn
XAUUSD.a,1h,-1,0.1,2023-12-08 12:00:00,2028.552347572412,2023-12-13 23:00:00,2024.0957309296766,2038.096672944563,,signal,80,44.56616642735298,-0.5,-2.514618593532222,0.0,44.56616642735298,66.9191801843221,0.46693888451656196,0.3947531418597177,5.818362787007204,cross_dn
XAUUSD.a,1h,-1,0.09,2023-12-18 14:00:00,2021.935569402211,2023-12-18 19:00:00,2033.1292966281076,2032.9337343177287,,stop,5,-100.74354503306859,-0.45,-1.3100607934100585,0.0,-100.74354503306859,-150.29620324193434,-1.0177813582430368,1.0551242581765448,0.143257481071968,cross_dn
XAUUSD.a,1h,1,0.08,2023-12-18 20:00:00,2033.6725957159488,2023-12-29 12:00:00,2065.4959953528396,2021.3898074684253,,signal,176,254.5871970951266,-0.4,-1.1840743545724133,0.0,254.5871970951266,374.2388385593088,2.5908937771769485,0.9739316085955212,4.459688075718101,cross_up
XAUUSD.a,1h,1,0.1,2024-01-02 12:00:00,2077.2005965501553,2024-01-02 14:00:00,2066.9240284402626,2067.0535413252846,,stop,2,-102.7656810989265,-0.5,-1.295128850219367,0.0,-102.7656810989265,-151.4489442177091,-1.0127635931954482,1.1954795042824615,0.05907166528233082,cross_up
XAUUSD.a,1h,-1,0.07,2024-01-02 18:00:00,2059.2365654447954,2024-01-12 08:00:00,2036.1292539992116,2072.9911901237,,signal,174,161.75118011908606,-0.3500000000000001,-1.2495559889648422,0.0,161.75118011908606,241.383644409918,1.679966701019697,0.6102263603075719,3.3389908134121806,cross_dn
XAUUSD.a,1h,-1,0.09,2024-01-16 16:00:00,2037.5139715487242,2024-01-19 11:00:00,2029.829773293629,2048.105753056349,,signal,64,69.15778429585703,-0.45,-1.2559192853209387,0.0,69.15778429585703,104.80198865849918,0.725486855026565,0.4943482309851793,3.3690245142458974,cross_dn
XAUUSD.a,1h,-1,0.09,2024-01-22 21:00:00,2021.2279053122604,2024-01-23 08:00:00,2030.9564998298338,2031.880438734175,,signal,10,-87.5573506581602,-0.45,-1.3769969370119757,0.0,-87.5573506581602,-132.4539372173548,-0.9132658056307578,0.9821226813723831,0.2006945416254101,cross_dn
XAUUSD.a,1h,-1,0.08,2024-01-24 20:00:00,2019.1524986692466,2024-01-26 14:00:00,2023.5181793286445,2031.132871447583,,signal,40,-34.92544527518294,-0.4,-1.0908692583116075,0.0,-34.92544527518294,-52.97593592182707,-0.3644027393948977,0.5148004527793776,0.8624521841198822,cross_dn
XAUUSD.a,1h,-1,0.09,2024-01-26 19:00:00,2018.0829447650713,2024-01-29 01:00:00,2028.2426111787308,2028.0770508558116,,stop,5,-91.43699772293621,-0.45,-1.0400429062724719,0.0,-91.43699772293621,-139.02116055910756,-1.0165657960217758,1.0413192676202387,0.20341436708930322,cross_dn
XAUUSD.a,1h,1,0.1,2024-01-29 05:00:00,2025.5340978131142,2024-02-02 22:00:00,2038.1202464932305,2015.8583713115463,,signal,109,125.86148680116366,-0.5,-1.9950701353888587,0.0,125.86148680116366,193.17537956405388,1.3007962428533828,0.5182140909317449,4.122264326138489,cross_up
XAUUSD.a,1h,1,0.11,2024-02-07 03:00:00,2035.1667050925937,2024-02-08 14:00:00,2026.2590602284656,2026.3743144585142,,stop,34,-97.98409350540896,-0.55,-1.2677965305335446,0.0,-97.98409350540896,-150.91192321557565,-1.0131084064442974,1.30302503259889,1.0660689791323787,cross_up
XAUUSD.a,1h,-1,0.09,2024-02-08 15:00:00,2024.8107092861605,2024-02-08 20:00:00,2034.681619377134,2034.4945191707088,,stop,5,-88.83819081876095,-0.45,-1.23390185782705,0.0,-88.83819081876095,-136.88473161596448,-1.0193209293300665,1.0873086976480364,0.4802561534774909,cross_dn
XAUUSD.a,1h,1,0.12,2024-02-16 02:00:00,2003.5001187242015,2024-02-16 15:00:00,1995.4283028168577,1995.520940972854,,stop,13,-96.86179088812514,-0.72,-1.1116578719555084,0.0,-96.86179088812514,-148.86927055732752,-1.0116099877560367,1.0602745029427252,0.5677127915885307,cross_up
XAUUSD.a,1h,-1,0.12,2024-02-23 09:00:00,2020.8398370307261,2024-02-23 14:00:00,2028.5831637102053,2028.4192458637986,,stop,5,-92.91992015375035,-0.72,-1.2470141568826705,0.0,-92.91992015375035,-141.25647246735434,-1.0216267323767425,1.0409997854773982,0.6319539077805026,cross_dn
XAUUSD.a,1h,1,0.1,2024-02-23 18:00:00,2030.321763798265,2024-02-28 10:00:00,2028.0710842915212,2020.7867963873928,,signal,61,-22.50679506743836,-0.7000000000000001,-0.9783141695746165,0.0,-22.50679506743836,-34.62956790337169,-0.23604480327614966,0.5549849905340114,1.1545121999245411,cross_up
XAUUSD.a,1h,1,0.12,2024-02-28 23:00:00,2033.9279436350496,2024-03-12 21:00:00,2154.8392673018902,2026.442587589452,,signal,205,1450.9358840020877,-0.72,-3.137584754631292,0.0,1450.9358840020877,2197.2225092785457,16.153049090824737,0.7839231159218861,21.534320529716393,cross_up
XAUUSD.a,1h,1,0.08,2024-03-14 01:00:00,2175.0091940507564,2024-03-14 15:00:00,2162.400027823836,2162.516954705875,,stop,14,-100.87332981536383,-0.48,-0.9354150563121456,0.0,-100.87332981536383,-152.5240864511973,-1.0093599617179072,1.1694615871046554,0.15536093214853927,cross_up
XAUUSD.a,1h,-1,0.09,2024-03-14 18:00:00,2161.854961622974,2024-03-20 21:00:00,2173.1475132088385,2172.922858445831,,stop,95,-101.63296427278192,-0.54,-1.481892867067401,0.0,-101.63296427278192,-154.5278459370259,-1.0202978729024237,1.9692122835854071,1.4252899060638013,cross_dn
XAUUSD.a,1h,1,0.07,2024-03-20 22:00:00,2182.346700567576,2024-03-21 18:00:00,2167.9727872023245,2168.218769749376,,stop,19,-100.61739355676129,-0.42000000000000004,-1.7218778293610093,0.0,-100.61739355676129,-153.17469485562245,-1.0174110809443193,1.1322748372301354,2.8555702849600606,cross_up
XAUUSD.a,1h,-1,0.06,2024-03-22 13:00:00,2166.5391390864797,2024-03-25 16:00:00,2181.2366297607573,2181.0220460507976,,stop,26,-88.18494404566536,-0.30000000000000004,-0.9875022597583192,0.0,-88.18494404566536,-134.8166883944067,-1.0148163424986694,1.0164299853467869,0.6524338732382818,cross_dn
XAUUSD.a,1h,1,0.08,2024-03-26 13:00:00,2191.0252166280857,2024-03-26 16:00:00,2178.3244131632828,2178.510838526933,,stop,3,-101.60642771842322,-0.4,-1.4914029092017915,0.0,-101.60642771842322,-155.23570763513243,-1.0148968939681666,1.0168477031162728,0.7203540838424957,cross_up
XAUUSD.a,1h,-1,0.04,2024-04-11 04:00:00,2335.0433775153856,2024-04-11 06:00:00,2344.077530611734,2356.0668729288564,,signal,2,-36.136612385393164,-0.2,-1.2602448938704742,0.0,-36.136612385393164,-55.44806417693667,-0.42971698657491936,0.5087937221781087,0.04820214219639619,cross_dn
XAUUSD.a,1h,-1,0.05,2024-04-11 11:00:00,2336.244925503097,2024-04-11 20:00:00,2350.0705175244657,2354.933105352358,,signal,9,-69.1279601068436,-0.25,-1.7051752446550148,0.0,-69.1279601068436,-105.734196159078,-0.7398040971826106,0.7793736262378175,0.5610458368695234,cross_dn
XAUUSD.a,1h,-1,0.03,2024-04-15 12:00:00,2351.3974932698075,2024-04-15 22:00:00,2381.9719271100453,2381.5347521413255,,stop,10,-91.72330152071345,-0.15000000000000002,-1.1615249061581876,0.0,-91.72330152071345,-142.35454118342068,-1.0145061291268576,1.2009223162759939,0.9004632234637037,cross_dn
XAUUSD.a,1h,1,0.03,2024-04-15 23:00:00,2386.6691654568262,2024-04-18 03:00:00,2367.6734223139506,2354.1454192733836,,signal,49,-56.98722942862696,-0.15000000000000002,-1.0594661162961942,0.0,-56.98722942862696,-88.49223489646722,-0.5840576616154414,0.9906351277956018,0.3588404139347066,cross_up
XAUUSD.a,1h,1,0.05,2024-04-18 14:00:00,2383.234520501647,2024-04-22 06:00:00,2365.941052282232,2366.1983940091345,,stop,38,-86.46734109707495,-0.25,-1.2867086345139795,0.0,-86.46734109707495,-134.32445954308542,-1.015105647813535,1.2558324517636081,2.0295387870916435,cross_up
XAUUSD.a,1h,-1,0.04,2024-04-22 08:00:00,2369.782864109365,2024-04-25 22:00:00,2333.19064812647,2390.329062200811,,signal,83,146.36886393158056,-0.2,-1.2851850117580008,0.0,146.36886393158056,224.602356880034,1.7809726071963394,0.032956748865221076,3.818364047703176,cross_dn
XAUUSD.a,1h,-1,0.07,2024-04-30 08:00:00,2326.368374118529,2024-05-02 06:00:00,2320.3921658976437,2340.520022505688,,signal,44,41.833457546197685,-0.3500000000000001,-2.1303225670085957,0.0,41.833457546197685,64.06741231652427,0.4222976756762994,0.13649476220903212,3.160647642935785,cross_dn
XAUUSD.a,1h,-1,0.05,2024-05-02 14:00:00,2299.2810585193993,2024-05-03 15:00:00,2317.2673098792366,2317.016737773205,,stop,24,-89.93125679918649,-0.25,-1.0028605301572293,0.0,-89.93125679918649,-135.49577653104697,-1.0141281369856625,1.2020369321928273,0.7770245685088211,cross_dn
XAUUSD.a,1h,1,0.05,2024-05-06 10:00:00,2314.3863879016744,2024-05-08 12:00:00,2307.236219143465,2296.7431670823094,,signal,48,-35.75084379104737,-0.3,-1.0378085653501303,0.0,-35.75084379104737,-54.40700622591291,-0.40526436932430737,0.6090944511604931,0.9954878578092556,cross_up
XAUUSD.a,1h,1,0.06,2024-05-08 20:00:00,2317.164804558056,2024-05-08 21:00:00,2313.7098814818055,2302.2778479540416,,signal,1,-20.729538457502713,-0.30000000000000004,-1.321422218334838,0.0,-20.729538457502713,-31.519665573163916,-0.23207719133935079,0.2347561460018954,0.024531235742688645,cross_up
XAUUSD.a,1h,1,0.06,2024-05-09 17:00:00,2324.5856182858815,2024-05-13 23:00:00,2337.1631199506987,2309.137538439049,,signal,52,75.46500998890315,-0.8400000000000001,-1.2825605916148872,0.0,75.46500998890315,114.20422522874613,0.8141789652515323,0.07933790464791696,3.4783858089092003,cross_up
XAUUSD.a,1h,1,0.06,2024-05-14 18:00:00,2352.9601192505847,2024-05-22 16:00:00,2412.2936341971717,2338.2177931905203,,signal,136,356.001089679522,-0.54,-1.516389633938254,0.0,356.001089679522,535.1146730392046,4.02470510453,0.4497335918071419,6.583077891101213,cross_up
XAUUSD.a,1h,1,0.06,2024-05-28 19:00:00,2360.4895220447693,2024-05-29 11:00:00,2345.47899332314,2345.6351093579865,,stop,15,-90.06317232977563,-0.48,-0.9366962090794216,0.0,-90.06317232977563,-135.41908720852786,-1.0105097413232231,1.0562196147094647,0.1198618883676868,cross_up
XAUUSD.a,1h,-1,0.07,2024-05-29 15:00:00,2341.2860822787165,2024-05-31 15:00:00,2355.4787474791215,2355.2354624805002,,stop,46,-99.34865640283444,-0.56,-1.1429949903504661,0.0,-99.34865640283444,-149.05354058007057,-1.0174405597311136,1.1042725553723038,1.338129867327714,cross_dn
XAUUSD.a,1h,1,0.07,2024-05-31 16:00:00,2354.99433833248,2024-05-31 17:00:00,2340.9877169613023,2341.1929167815424,,stop,1,-98.04634959824263,-0.56,-1.436398741679736,0.0,-98.04634959824263,-147.43811969660544,-1.0148680206225662,1.5124774107825216,0.3395057277416261,cross_up
XAUUSD.a,1h,-1,0.05,2024-05-31 19:00:00,2329.850850103331,2024-06-03 19:00:00,2347.7335040098424,2347.447486089997,,stop,23,-89.41326953255611,-0.4,-1.030089599228113,0.0,-89.41326953255611,-134.01068559007825,-1.016254124939693,1.1467617965138548,0.8581668743261058,cross_dn
XAUUSD.a,1h,1,0.06,2024-06-03 23:00:00,2348.1271792726766,2024-06-04 12:00:00,2331.1537570041787,2331.3239440627785,,stop,12,-101.84053361098722,-0.48,-1.0211223516002121,0.0,-101.84053361098722,-153.39046828880637,-1.0101282316455091,1.2710159088944983,0.2769002914738016,cross_up
XAUUSD.a,1h,-1,0.06,2024-06-04 16:00:00,2335.0981189230065,2024-06-05 17:00:00,2350.0910652517937,2349.816298826053,,stop,24,-89.9576779727231,-0.48,-1.1685985544455513,0.0,-89.9576779727231,-135.67867933504735,-1.0186685057222302,1.0226727201423989,1.3247642746214083,cross_dn
XAUUSD.a,1h,1,0.06,2024-06-05 18:00:00,2349.242555406411,2024-06-07 13:00:00,2332.499491514166,2332.7494645215897,,stop,41,-100.45838335347071,-0.48,-1.4998380445428354,0.0,-100.45838335347071,-150.87692557179867,-1.0151562256686377,1.0557484663130061,2.3299116497898935,cross_up
XAUUSD.a,1h,-1,0.03,2024-06-07 17:00:00,2309.234192448198,2024-06-12 15:00:00,2336.1601373373223,2335.912939665637,,stop,67,-80.7778346673731,-0.24,-0.5015930150562901,0.0,-80.7778346673731,-120.77844928660322,-1.0092657151278672,1.0636109454664961,0.8431502523287274,cross_dn
XAUUSD.a,1h,1,0.07,2024-06-12 16:00:00,2336.087389034853,2024-06-12 17:00:00,2321.8283402514785,2322.0268606928807,,stop,1,-99.81334148362158,-0.56,-1.3896430898156307,0.0,-99.81334148362158,-149.1220328736092,-1.014118988744516,1.1398852621355273,0.39490770404208075,cross_up
XAUUSD.a,1h,-1,0.06,2024-06-13 15:00:00,2306.6520125060115,2024-06-13 15:00:00,2323.2156823548444,2322.9137011138614,,stop,0,-99.38201909299733,-0.48,-1.3318874458981496,0.0,-99.38201909299733,-149.25586707666488,-1.0185701035276986,1.2285309340104293,0.06899729376626143,cross_dn
XAUUSD.a,1h,1,0.05,2024-06-13 16:00:00,2323.5407598158467,2024-06-13 17:00:00,2310.5380373138564,2304.8715632514145,,signal,1,-65.0136125099516,-0.4,-1.6196268614330311,0.0,-65.0136125099516,-97.90616907106741,-0.6964800256462323,0.8115378593587391,0.06370066221376484,cross_up
XAUUSD.a,1h,1,0.05,2024-06-14 15:00:00,2332.2706534018525,2024-06-17 09:00:00,2315.389292108092,2315.544734365959,,stop,17,-84.4068064688031,-0.4,-0.7772112893346566,0.0,-84.4068064688031,-127.95695667217934,-1.00929349577344,1.0050660514245602,0.19486801240357174,cross_up
XAUUSD.a,1h,-1,0.08,2024-06-18 12:00:00,2311.140903623268,2024-06-18 15:00:00,2322.8797315651323,2322.619896867785,,stop,3,-93.91062353491361,-0.8,-1.2786775787775126,0.0,-93.91062353491361,-141.73263033688045,-1.0226356695062435,1.1359094041596431,0.3999395700891087,cross_dn
XAUUSD.a,1h,1,0.06,2024-06-18 20:00:00,2330.4301163286154,2024-06-21 23:00:00,2321.976716632332,2314.9651096094226,,signal,70,-50.72039817769928,-0.96,-1.599400412014784,0.0,-50.72039817769928,-76.37003971707665,-0.546614679823716,0.8871717017483126,2.473964891583409,cross_up
XAUUSD.a,1h,1,0.07,2024-06-27 21:00:00,2325.978279542588,2024-07-09 02:00:00,2359.6718107752113,2313.3612154208495,,signal,163,235.85471862836224,-0.56,-1.514649147046755,0.0,235.85471862836224,349.7875046395596,2.6704731708996206,0.5942966977292988,5.306442117707637,cross_up
XAUUSD.a,1h,1,0.08,2024-07-10 10:00:00,2372.149051747815,2024-07-19 03:00:00,2441.107198174485,2360.6230339479616,,signal,154,551.6651714133586,-0.64,-2.124829208240102,0.0,551.6651714133586,823.3562750565038,5.982824911787548,0.19686346032224672,9.678186359698598,cross_up
XAUUSD.a,1h,1,0.07,2024-07-24 08:00:00,2417.9990628953274,2024-07-24 22:00:00,2405.2153793456723,2405.420764090559,,stop,14,-89.48578484758538,-0.56,-1.4376932142062135,0.0,-89.48578484758538,-136.01110277322113,-1.0163284994317852,1.5645249966447503,1.113102600119877,cross_up
XAUUSD.a,1h,-1,0.06,2024-07-25 03:00:00,2398.6573221192784,2024-07-29 04:00:00,2400.2452168015902,2414.5912531740723,,signal,47,-9.527368093870791,-0.48,-1.742601619081658,0.0,-9.527368093870791,-14.51900044783723,-0.09965492362501861,0.2794462876367258,2.8603940837039117,cross_dn
XAUUSD.a,1h,-1,0.05,2024-07-30 01:00:00,2382.5962568144473,2024-07-30 10:00:00,2390.5106641538587,2399.620813439784,,signal,9,-39.572036697056774,-0.44999999999999996,-1.0066415385826901,0.0,-39.572036697056774,-60.402412762244374,-0.4648818476501668,0.4942121766056016,0.3598482444664782,cross_dn
XAUUSD.a,1h,-1,0.02,2024-08-05 12:00:00,2424.8056045093085,2024-08-08 18:00:00,2414.0744225999824,2458.7220852854402,,signal,75,21.462363818652193,-0.16,-0.6176903999289504,0.0,21.462363818652193,32.62352377128381,0.3164002179400059,0.11777151990081065,1.789560801131883,cross_dn
XAUUSD.a,1h,-1,0.05,2024-08-15 01:00:00,2447.237279999264,2024-08-15 15:00:00,2465.5983821129894,2465.308077022163,,stop,14,-91.80551056862669,-0.44999999999999996,-1.0015254541296716,0.0,-91.80551056862669,-138.93926776534096,-1.0160648747511443,1.2596411753112653,0.3401775799636361,cross_dn
XAUUSD.a,1h,1,0.06,2024-08-16 05:00:00,2457.45816527556,2024-08-16 06:00:00,2454.89328938698,2442.1665975207584,,signal,1,-15.389255331479944,-0.54,-1.4005273562409222,0.0,-15.389255331479944,-23.235026846858734,-0.16773138828584772,0.2562304492506842,0.02039259345020302,cross_up
XAUUSD.a,1h,1,0.06,2024-08-16 11:00:00,2462.2453282587617,2024-08-22 15:00:00,2499.377094670328,2447.405811320588,,signal,96,222.790598469398,-0.48,-1.4748639560639385,0.0,222.790598469398,330.83945660058214,2.5022220444418246,0.20858686112612126,4.683081803186401,cross_up
XAUUSD.a,1h,1,0.06,2024-08-23 21:00:00,2511.147223674835,2024-08-28 15:00:00,2501.280013211734,2494.356813002974,,signal,63,-59.203262778605676,-0.54,-1.3198414591897507,0.0,-59.203262778605676,-87.38231015852769,-0.5876693939140707,0.6323385343175749,1.0608898539341463,cross_up
XAUUSD.a,1h,1,0.07,2024-08-29 10:00:00,2517.300171788437,2024-08-29 15:00:00,2503.9681207420585,2504.1449515565373,,stop,5,-93.32435732465048,-0.63,-1.2378157013522026,0.0,-93.32435732465048,-137.19328079008952,-1.0134418741276539,1.0497864380065143,0.5343755625250751,cross_up
XAUUSD.a,1h,-1,0.05,2024-08-30 20:00:00,2497.573427899885,2024-09-05 10:00:00,2504.549867137507,2514.8816288616813,,signal,80,-34.88219618811172,-0.44999999999999996,-0.9986713750676965,0.0,-34.88219618811172,-51.918846468180455,-0.4030713101275562,0.5636964882514546,1.495442995896332,cross_dn
XAUUSD.a,1h,-1,0.04,2024-09-09 01:00:00,2496.410079533512,2024-09-10 10:00:00,2505.0195377742853,2516.885062796455,,signal,32,-34.43783296309266,-0.36,-0.7163021942779385,0.0,-34.43783296309266,-51.71622310120537,-0.4204867046878256,0.5504239159445352,0.5343144555000703,cross_dn
XAUUSD.a,1h,-1,0.07,2024-09-18 09:00:00,2567.663445076583,2024-09-18 16:00:00,2576.361392860589,2581.3366243061423,,signal,7,-60.88563448804462,-0.56,-1.5595000482458765,0.0,-60.88563448804462,-89.82169283476378,-0.6361320683343786,0.9592907913516728,0.07997006827927285,cross_dn
XAUUSD.a,1h,-1,0.07,2024-09-18 17:00:00,2571.67656377231,2024-09-18 21:00:00,2586.0605960328226,2585.734107573624,,stop,4,-100.6882258235869,-0.63,-1.65541921438987,0.0,-100.6882258235869,-148.36328326936447,-1.0232251425862928,2.022646105860438,0.3725091556763048,cross_dn
XAUUSD.a,1h,1,0.04,2024-09-19 13:00:00,2592.0194767976586,2024-09-19 16:00:00,2571.19997397728,2571.465815699832,,stop,3,-83.27801128151441,-0.36,-1.0633668902087878,0.0,-83.27801128151441,-122.5271253424668,-1.0129340325933553,1.0825067462074403,0.0,cross_up
XAUUSD.a,1h,-1,0.05,2024-09-27 22:00:00,2647.8893395869554,2024-10-01 16:00:00,2667.207813217392,2666.9192863713834,,stop,40,-96.59236815218264,-0.44999999999999996,-0.9926342300428457,0.0,-96.59236815218264,-140.16363605679928,-1.0151617263714425,1.2575263969012795,1.2211983485929627,cross_dn
XAUUSD.a,1h,1,0.05,2024-10-01 20:00:00,2666.62785528684,2024-10-02 08:00:00,2647.0272636155473,2647.2229421561947,,stop,11,-98.00295835646239,-0.4,-0.9783927032373546,0.0,-98.00295835646239,-142.4710099966017,-1.0100839689067367,1.1403223058955354,0.26550722894110224,cross_up
XAUUSD.a,1h,-1,0.06,2024-10-03 13:00:00,2644.7054185667675,2024-10-03 19:00:00,2659.7530017417325,2659.4482698582224,,stop,6,-90.2854990497899,-0.48,-1.3483913010623882,0.0,-90.2854990497899,-131.80557241680887,-1.020669806503901,1.1127142985387715,0.4982359532463665,cross_dn
XAUUSD.a,1h,1,0.05,2024-10-03 23:00:00,2658.1112010225766,2024-10-04 15:00:00,2640.53457741775,2640.7352469608736,,stop,15,-87.88311802413318,-0.44999999999999996,-1.0033477156182538,0.0,-87.88311802413318,-129.35401534314568,-1.0115486920839631,1.507324485871114,0.5627776721035451,cross_up
XAUUSD.a,1h,-1,0.04,2024-10-04 21:00:00,2649.9231402826613,2024-10-11 03:00:00,2633.4572233953727,2672.690731180183,,signal,97,65.86366754915434,-0.32,-1.0177871629819986,0.0,65.86366754915434,97.70752799945755,0.7232173558196276,0.4281023741690566,2.1145469671936965,cross_dn
XAUUSD.a,1h,-1,0.05,2024-10-23 23:00:00,2715.8538478858936,2024-10-24 09:00:00,2734.2683681754056,2734.005092283501,,stop,9,-92.07260144755992,-0.44999999999999996,-0.8663794595209994,0.0,-92.07260144755992,-138.43838552889866,-1.0145045643228248,1.1346964242749589,0.09276762788316023,cross_dn
XAUUSD.a,1h,1,0.07,2024-10-24 16:00:00,2739.260177418449,2024-10-24 17:00:00,2725.3266130353186,2725.5234244395865,,stop,1,-97.53495068191343,-0.63,-1.3776798298756543,0.0,-97.53495068191343,-147.0405696826772,-1.0143273599351144,1.2200974600212147,0.29263266128004395,cross_up
XAUUSD.a,1h,-1,0.07,2024-10-25 08:00:00,2725.9616535690166,2024-10-25 17:00:00,2738.734601933702,2738.462788786215,,stop,9,-89.41063855279755,-0.56,-1.3426920324097058,0.0,-89.41063855279755,-134.66066019970413,-1.021743077149761,1.1701614434870589,0.7152673268196676,cross_dn
XAUUSD.a,1h,1,0.05,2024-10-25 21:00:00,2744.6213583768113,2024-10-28 04:00:00,2728.5352401021883,2728.73021850616,,stop,6,-80.43059137311502,-0.44999999999999996,-0.9748920198587645,0.0,-80.43059137311502,-121.89223516422675,-1.012269629841451,1.2536141862046837,0.18681111911119316,cross_up
XAUUSD.a,1h,-1,0.04,2024-10-31 20:00:00,2740.6267532956904,2024-11-01 16:00:00,2760.5468147414285,2760.260902503248,,stop,19,-79.68024578295262,-0.36,-0.7836489527219377,0.0,-79.68024578295262,-121.0688391268615,-1.0145619876450016,1.1013080564747055,0.12308928032186309,cross_dn
XAUUSD.a,1h,1,0.04,2024-11-18 08:00:00,2585.717141093359,2024-11-25 18:00:00,2628.1226714919476,2565.8390835863147,,signal,125,169.62212159435512,-0.36,-2.0586280644185098,0.0,169.62212159435512,261.3350408195777,2.1332834148186617,0.27151250022523976,6.82475432313077,cross_up
XAUUSD.a,1h,1,0.05,2024-11-29 05:00:00,2657.6094587851812,2024-12-02 02:00:00,2640.8400523808305,2641.0624712256003,,stop,18,-83.84703202175388,-0.4,-1.1120942238483773,0.0,-83.84703202175388,-129.07883866768353,-1.0134416517791547,1.673988010533258,0.5215777907454444,cross_up
XAUUSD.a,1h,-1,0.04,2024-12-02 06:00:00,2629.3103783974475,2024-12-02 16:00:00,2650.370896097347,2650.0517541897166,,stop,10,-84.24207079959888,-0.32,-0.9565676305237334,0.0,-84.24207079959888,-130.5532115232366,-1.0153867279985154,1.070788255561652,0.37222113300338344,cross_dn
XAUUSD.a,1h,1,0.05,2024-12-03 16:00:00,2653.1353163150807,2024-12-03 17:00:00,2636.351324695904,2636.5662652776236,,stop,1,-83.91995809588252,-0.4,-1.074702908596418,0.0,-83.91995809588252,-129.5560912325473,-1.0129724135216656,1.0939260356012686,0.15116639325070316,cross_up
XAUUSD.a,1h,-1,0.04,2024-12-05 20:00:00,2627.8339536147037,2024-12-09 01:00:00,2647.0330943228532,2646.467398020636,,stop_gap,27,-76.79656283259828,-0.4,-0.8923772914137925,0.0,-76.79656283259828,-120.00587997718269,-1.0303591912420074,1.1123035512799495,0.7912629191632067,cross_dn
XAUUSD.a,1h,1,0.04,2024-12-09 11:00:00,2649.6755874248365,2024-12-13 02:00:00,2680.6127318354675,2630.1432312720217,,signal,83,123.74857764252374,-0.36,-1.0981453162590267,0.0,123.74857764252374,194.3501604173256,1.5838920900575812,0.043291624329445576,3.91014847249533,cross_up
XAUUSD.a,1h,1,0.04,2024-12-23 02:00:00,2624.541928499756,2024-12-23 22:00:00,2611.1518123836813,2605.2284711866855,,signal,20,-53.560464464299,-0.36,-0.9455009305507817,0.0,-53.560464464299,-85.70359943083287,-0.6933049789595603,0.8513197939257067,0.45605876552629954,cross_up
XAUUSD.a,1h,1,0.07,2024-12-24 09:00:00,2619.2523567820144,2024-12-24 12:00:00,2613.5884918913684,2607.2627408827416,,signal,3,-39.64705423452188,-0.7000000000000002,-1.2811135208397084,0.0,-39.64705423452188,-63.59605760887024,-0.472397526178423,0.49479122866430236,0.1799593278143532,cross_up
XAUUSD.a,1h,1,0.07,2024-12-26 04:00:00,2627.0017247374535,2024-12-27 16:00:00,2614.727213122118,2614.878977650493,,stop,35,-85.9215813073488,-0.63,-1.0623516986280175,0.0,-85.9215813073488,-138.34666748357455,-1.012518988252957,1.2614075529053834,0.9988062256590942,cross_up
XAUUSD.a,1h,-1,0.06,2024-12-27 20:00:00,2615.8189623647277,2025-01-02 01:00:00,2625.122536640724,2628.4539124405014,,signal,48,-55.821445655977186,-0.6000000000000001,-1.3504396886879333,0.0,-55.821445655977186,-90.12907993215015,-0.7363364493093536,0.9704064964040944,1.563042374230995,cross_dn
XAUUSD.a,1h,-1,0.06,2025-01-06 10:00:00,2626.6853653355315,2025-01-06 13:00:00,2641.324580243782,2641.0438971400076,,stop,3,-87.83528944950194,-0.54,-1.1440986226451115,0.0,-87.83528944950194,-139.73605499618495,-1.0195481757881895,1.5812643641873214,0.07001867246749188,cross_dn
XAUUSD.a,1h,1,0.06,2025-01-07 13:00:00,2644.1535211984033,2025-01-13 21:00:00,2659.0738961573607,2629.9863771380074,,signal,100,89.52224975374429,-0.54,-1.633246111670745,0.0,89.52224975374429,145.44638465271208,1.053167448241535,0.15483157290220512,3.7937412489398255,cross_up
XAUUSD.a,1h,1,0.06,2025-01-15 07:00:00,2675.7102675382644,2025-01-27 18:00:00,2741.814526383203,2662.9736006182998,,signal,193,396.6255530696317,-0.54,-1.9856834015664875,0.0,396.6255530696317,631.7906799669179,5.1900751790345465,0.09109663819860689,8.65923032727327,cross_up
XAUUSD.a,1h,1,0.07,2025-01-28 23:00:00,2764.4033626921873,2025-01-29 17:00:00,2751.7288172628732,2751.8723298978452,,stop,17,-88.72181800519867,-0.63,-1.0045884448028155,0.0,-88.72181800519867,-142.47694433235162,-1.0114525783570536,1.2930588370579903,0.14576909483769276,cross_up
XAUUSD.a,1h,-1,0.04,2025-02-12 13:00:00,2882.5799848656243,2025-02-12 18:00:00,2903.3852566550445,2903.0058834736105,,stop,5,-83.22108715768081,-0.36,-1.157492725735288,0.0,-83.22108715768081,-132.437517358415,-1.018573145236588,1.072658567188274,0.9017955693965141,cross_dn
XAUUSD.a,1h,1,0.03,2025-02-12 21:00:00,2901.3396060689047,2025-02-14 22:00:00,2880.355575720038,2878.415336878267,,signal,47,-62.952091046600344,-0.24,-1.106545679771914,0.0,-62.952091046600344,-99.04045034234346,-0.9153631103510556,0.9849651424493935,1.6842584428760794,cross_up
XAUUSD.a,1h,1,0.05,2025-02-18 12:00:00,2912.8994943266066,2025-02-21 13:00:00,2930.3283303157114,2897.870763726042,,signal,70,87.14417994552377,-0.44999999999999996,-1.616696842884842,0.0,87.14417994552377,136.43138044513225,1.1597011385944824,0.38922078531280485,2.7986732074239664,cross_up
XAUUSD.a,1h,1,0.04,2025-02-21 21:00:00,2942.1891539238572,2025-02-24 04:00:00,2927.986046094041,2920.9265871730713,,signal,6,-56.81243131926567,-0.36,-1.3916312476722725,0.0,-56.81243131926567,-88.95149653081413,-0.6679865134011359,0.9932551498316378,0.021203746538548087,cross_up
XAUUSD.a,1h,1,0.04,2025-02-24 05:00:00,2941.018328626962,2025-02-25 17:00:00,2932.517814322544,2919.0457617551206,,signal,35,-34.0020572176727,-0.2,-1.6174854196456931,0.0,-34.0020572176727,-53.68689363955016,-0.3868694246784532,0.7768017604186167,0.6913926561992395,cross_up
XAUUSD.a,1h,1,0.04,2025-03-03 21:00:00,2890.2842010294703,2025-03-10 12:00:00,2897.782253765395,2870.129476802037,,signal,106,29.99221094369932,-0.2,-1.3419698768384791,0.0,29.99221094369932,47.40877123073411,0.372024576040539,0.591136891531049,1.9913841795909897,cross_up
XAUUSD.a,1h,1,0.04,2025-03-11 18:00:00,2914.492380650183,2025-03-21 17:00:00,3006.48679175553,2894.852220167711,,signal,183,367.9776444213876,-0.4,-1.385665955759659,0.0,367.9776444213876,586.2503894044538,4.683994878119689,0.4379995091109536,7.278841711980995,cross_up
XAUUSD.a,1h,1,0.06,2025-03-26 11:00:00,3030.591757173845,2025-03-26 17:00:00,3015.373320990312,3015.572303520921,,stop,6,-91.31061710119775,-0.66,-1.1938951836538718,0.0,-91.31061710119775,-144.66194090810797,-1.0132483201591267,1.0487570012760412,0.09442705832905404,cross_up
XAUUSD.a,1h,-1,0.05,2025-03-26 20:00:00,3015.5934966181367,2025-03-27 05:00:00,3032.3443852534137,3032.0535321738594,,stop,8,-83.7544431763854,-0.6,-0.8542653977717529,0.0,-83.7544431763854,-132.82338705676673,-1.0176702582791968,1.0496030414622441,0.019045925938323677,cross_dn
XAUUSD.a,1h,1,0.06,2025-03-27 06:00:00,3031.9722519063903,2025-04-03 16:00:00,3075.723933789256,3017.5022433704708,,signal,125,262.5100912971948,-0.30000000000000004,-4.152794528927342,0.0,262.5100912971948,412.0972846536079,3.023611338877865,0.3678126307374688,9.379244508164021,cross_up
XAUUSD.a,1h,1,0.02,2025-04-09 15:00:00,3066.8996883512305,2025-04-23 06:00:00,3353.6172081783766,3026.6554142575033,,signal,198,573.4350396542923,-0.24,-2.1311672864944335,0.0,573.4350396542923,897.1838217230576,7.124430152706774,0.6062896871839363,10.761787146168853,cross_up
XAUUSD.a,1h,1,0.02,2025-04-28 23:00:00,3352.4641717453014,2025-04-29 06:00:00,3312.6297506259366,3313.0722650555444,,stop,6,-79.66884223872967,-0.24,-0.8850288592156847,0.0,-79.66884223872967,-124.17213565886794,-1.011233638246887,1.1368876378087776,0.0,cross_up
XAUUSD.a,1h,-1,0.02,2025-04-29 19:00:00,3312.209487598536,2025-04-29 20:00:00,3329.1824758013595,3346.8516694278214,,signal,1,-33.94597640564734,-0.22,-1.1299032054370275,0.0,-33.94597640564734,-53.136067004222184,-0.4899514784162682,0.513839240530061,0.0,cross_dn
XAUUSD.a,1h,-1,0.03,2025-04-30 06:00:00,3306.350948514841,2025-05-05 12:00:00,3283.048282016131,3337.256546079083,,signal,75,69.90799949613029,-0.33,-1.669692096786826,0.0,69.90799949613029,107.68661926758416,0.7539950149895043,0.4325770261315664,3.3877665137263477,cross_dn
XAUUSD.a,1h,-1,0.02,2025-05-08 15:00:00,3343.950539679017,2025-05-16 04:00:00,3243.6031302558117,3385.7242739785274,,signal,127,200.69481884641027,-0.22,-1.1725210232465324,0.0,200.69481884641027,313.1941617453344,2.40216516684219,0.6135305054899856,5.353137406287301,cross_dn
XAUUSD.a,1h,-1,0.02,2025-05-16 14:00:00,3175.730884588061,2025-05-19 01:00:00,3216.129879302245,3215.537459299478,,stop,10,-80.79798942836806,-0.2,-0.9848400055345636,0.0,-80.79798942836806,-126.10499036766147,-1.0148824662021767,1.6356372253567706,0.5431485814794288,cross_dn
XAUUSD.a,1h,1,0.02,2025-05-19 04:00:00,3246.8339719256755,2025-05-20 06:00:00,3204.735926224072,3205.093010005242,,stop,25,-84.19609140320699,-0.2,-0.7141675623393162,0.0,-84.19609140320699,-130.5892164333018,-1.0085547568800775,1.0149256264488993,0.03775734917965064,cross_up
XAUUSD.a,1h,-1,0.03,2025-05-27 12:00:00,3298.364164304575,2025-05-29 19:00:00,3326.5731753365158,3326.111728230325,,stop,53,-84.62703309582275,-0.24,-1.1443413185731348,0.0,-84.62703309582275,-131.23725745273674,-1.0166301844524337,1.1790525389172806,1.907344531080102,cross_dn
XAUUSD.a,1h,1,0.03,2025-05-29 22:00:00,3321.601331363533,2025-05-30 08:00:00,3291.019053729842,3291.346547216715,,stop,9,-91.7468329010726,-0.15000000000000002,-0.9824804606186242,0.0,-91.7468329010726,-142.55921329625775,-1.010824519034197,1.0454984973627692,0.0402801960362116,cross_up
XAUUSD.a,1h,-1,0.03,2025-05-30 12:00:00,3295.5939246689127,2025-06-02 07:00:00,3309.1197388463506,3323.618217646371,,signal,18,-40.57744253231385,-0.24,-1.3184330781031335,0.0,-40.57744253231385,-62.859111942611264,-0.48264604528355814,0.7513508136681369,0.8711700483773366,cross_dn
XAUUSD.a,1h,-1,0.03,2025-06-06 14:00:00,3360.4204436142713,2025-06-11 08:00:00,3342.041601380409,3386.221436540364,,signal,63,55.13652670158763,-0.24,-1.089608282451477,0.0,55.13652670158763,84.60804809426186,0.712330811705935,0.15307768956962817,2.604568119016532,cross_dn
XAUUSD.a,1h,-1,0.03,2025-06-17 01:00:00,3386.185705717957,2025-06-23 18:00:00,3386.743232063703,3411.7138456596995,,signal,107,-1.6725790372388474,-0.24,-1.3993923822197845,0.0,-1.6725790372388474,-2.6047764237819213,-0.021839677587893354,0.6723676037977482,1.807640737760964,cross_dn
XAUUSD.a,1h,-1,0.02,2025-06-24 04:00:00,3350.96146046967,2025-06-26 14:00:00,3343.4599921912863,3383.643013698281,,signal,56,15.002936556767054,-0.16,-0.6399687651469763,0.0,15.002936556767054,22.967662589582456,0.2295321836728493,0.21169555442895618,1.7019221846829526,cross_dn
XAUUSD.a,1h,-1,0.04,2025-06-26 16:00:00,3321.824849590166,2025-07-01 05:00:00,3318.0859978122485,3344.594093631497,,signal,58,14.955407111670866,-0.36,-1.327982497987666,0.0,14.955407111670866,22.770801656065753,0.16420623236902196,0.6383677202216178,3.3182853788654194,cross_dn
XAUUSD.a,1h,-1,0.04,2025-07-04 01:00:00,3326.0455423745157,2025-07-04 12:00:00,3343.09912784598,3348.4827572767317,,signal,11,-68.21434188585772,-0.32,-1.1930227678415226,0.0,-68.21434188585772,-104.02016207547915,-0.7600580350897339,0.8510172812757749,0.10854922882050676,cross_dn
XAUUSD.a,1h,-1,0.05,2025-07-04 13:00:00,3334.4318241430183,2025-07-08 06:00:00,3334.7106173413836,3353.230980747524,,signal,36,-1.3939659918264624,-0.4,-1.50617341383583,0.0,-1.3939659918264624,-2.140151060623426,-0.014830090744521624,0.6063131499340662,2.017740739173743,cross_dn
XAUUSD.a,1h,-1,0.05,2025-07-08 15:00:00,3324.744366652333,2025-07-10 08:00:00,3322.5037064881167,3343.490642955145,,signal,39,11.203300821082394,-0.4,-1.4370648811642992,0.0,11.203300821082394,17.1079327200965,0.11952561287493507,0.2750217304165931,2.258814815717894,cross_dn
XAUUSD.a,1h,-1,0.04,2025-07-15 21:00:00,3328.0402129169643,2025-07-16 18:00:00,3351.632724445876,3351.2451842547976,,stop,20,-94.37004611564771,-0.2,-1.3501607643136935,0.0,-94.37004611564771,-144.70826220696125,-1.0167007399163126,2.113331077598937,0.3732050684692974,cross_dn
XAUUSD.a,1h,1,0.03,2025-07-17 02:00:00,3349.968316836555,2025-07-17 09:00:00,3339.2841078295323,3325.293118156074,,signal,7,-32.05262702106802,-0.24,-1.0553530228053147,0.0,-32.05262702106802,-49.52736842107641,-0.4329938390921338,0.5831084492112601,0.013847230487154024,cross_up
XAUUSD.a,1h,1,0.05,2025-07-18 12:00:00,3347.7209159338604,2025-07-24 06:00:00,3383.752208854014,3329.9632396726165,,signal,86,180.15646460076823,-0.4,-1.677911459860011,0.0,180.15646460076823,272.35360797116806,2.0290544995908,0.15660359457783837,5.139697487634352,cross_up
XAUUSD.a,1h,1,0.03,2025-08-01 18:00:00,3346.2302629898977,2025-08-11 10:00:00,3365.223744009691,3318.140751359885,,signal,130,56.98044305937992,-0.30000000000000004,-1.2975359418544337,0.0,56.98044305937992,87.45636127174484,0.6761769755904016,0.2054241122416799,2.194048007023853,cross_up
XAUUSD.a,1h,1,0.05,2025-08-14 04:00:00,3369.9129190561366,2025-08-14 10:00:00,3351.364175677607,3351.6043578277618,,stop,6,-92.74371689264854,-0.5,-1.2009107507737777,0.0,-92.74371689264854,-141.96625779550658,-1.0131185704413852,1.4459311535145905,0.058829360233609795,cross_up
XAUUSD.a,1h,-1,0.04,2025-08-14 12:00:00,3346.1294922334146,2025-08-20 20:00:00,3345.35436957655,3366.533737809594,,signal,100,3.100490627457475,-0.4,-0.9949566123998984,0.0,3.100490627457475,4.816146492470098,0.03798830267801053,0.6395976620581714,1.7010916725063898,cross_dn
XAUUSD.a,1h,-1,0.07,2025-08-22 08:00:00,3328.356042573921,2025-08-22 17:00:00,3341.9441128117405,3341.6404227413805,,stop,9,-95.11649166473627,-0.3500000000000001,-1.7758304925176507,0.0,-95.11649166473627,-146.49533585623502,-1.0228606880059006,3.642921748402066,0.531906079534643,cross_dn
XAUUSD.a,1h,1,0.04,2025-08-22 18:00:00,3374.063374805461,2025-08-26 02:00:00,3352.5300756929864,3352.6991608033613,,stop,30,-86.1331964498986,-0.32,-0.6763404414991185,0.0,-86.1331964498986,-132.8928880332931,-1.0079144081948574,1.0453637472113912,0.2240487384215672,cross_up
XAUUSD.a,1h,-1,0.04,2025-09-11 15:00:00,3616.566181429929,2025-09-11 15:00:00,3638.472458441576,3638.116730586469,,stop,0,-87.62510804658632,-0.2,-1.2229114204254756,0.0,-87.62510804658632,-132.30625261831872,-1.0165066724064722,1.2720705338384137,0.19749758574656193,cross_dn
XAUUSD.a,1h,1,0.04,2025-09-12 05:00:00,3646.651821933618,2025-09-18 02:00:00,3662.7161240422183,3624.435508936051,,signal,89,64.25720843440104,-0.32,-1.8710076622522473,0.0,64.25720843440104,96.595424723251,0.7230858743464555,0.9066230717861987,2.7352953693548057,cross_up
XAUUSD.a,1h,1,0.03,2025-09-19 22:00:00,3683.9563135351646,2025-09-25 07:00:00,3736.338214733261,3659.368947189412,,signal,77,157.145703594289,-0.24,-1.2707116004370484,0.0,157.145703594289,238.19699512571654,2.1304396925433906,0.13203177150062448,4.359299200963512,cross_up
XAUUSD.a,1h,1,0.03,2025-09-25 13:00:00,3757.3264004721095,2025-09-25 16:00:00,3729.8859262223646,3730.2649364467948,,stop,3,-82.3214227492349,-0.24,-1.1370306732911097,0.0,-82.3214227492349,-125.75836044796044,-1.0140055328889692,1.3020877377198565,0.13131586393723388,cross_up
XAUUSD.a,1h,-1,0.03,2025-09-25 17:00:00,3733.4670174801145,2025-09-26 13:00:00,3751.8313160343987,3765.3141853691977,,signal,19,-55.0928956628527,-0.24,-1.2678962063925148,0.0,-55.0928956628527,-84.46203419214555,-0.5766383566112715,0.7803828147747144,0.31045201615882645,cross_dn
XAUUSD.a,1h,-1,0.03,2025-10-03 08:00:00,3843.6778882625763,2025-10-03 10:00:00,3859.62430961033,3873.569656960908,,signal,2,-47.839264043260755,-0.24,-1.4058576619786847,0.0,-47.839264043260755,-72.42557346867025,-0.5334719905230471,0.5798289125123329,0.0,cross_dn
XAUUSD.a,1h,-1,0.02,2025-10-10 01:00:00,3979.0671708456935,2025-10-13 01:00:00,4026.5218487745556,4025.8358476950584,,stop,23,-94.90935585772422,-0.1,-1.2720021589940498,0.0,-94.90935585772422,-146.05259199748275,-1.014667959961892,1.4140410550272886,0.6933523253209992,cross_dn
XAUUSD.a,1h,1,0.01,2025-10-13 02:00:00,4042.863386382546,2025-10-21 17:00:00,4172.857907951593,3989.4099100419144,,signal,153,129.9945215690468,-0.05,-1.4441840968135744,0.0,129.9945215690468,200.28429484484525,2.4319189408871713,0.33998511652893054,6.332920453297737,cross_up
XAUUSD.a,1h,1,0.01,2025-10-30 22:00:00,4016.757053073808,2025-11-04 05:00:00,3986.338329452223,3955.379778525847,,signal,52,-30.41872362158483,-0.09,-0.6633410955537923,0.0,-30.41872362158483,-46.56734885886046,-0.49560238452450783,0.8836666905342394,0.4797043717407931,cross_up
XAUUSD.a,1h,1,0.03,2025-11-06 07:00:00,3988.711326978981,2025-11-14 16:00:00,4055.376383241643,3958.5098297525606,,signal,147,199.99516878798568,-0.15000000000000002,-3.2017005501423457,0.0,199.99516878798568,306.0604006243564,2.2073427606212417,0.7579533824884483,8.489932505621283,cross_up
XAUUSD.a,1h,1,0.02,2025-11-19 12:00:00,4113.865417065144,2025-11-19 18:00:00,4068.6793673902102,4069.2715489229745,,stop,6,-90.37209934986822,-0.22,-1.184363065528398,0.0,-90.37209934986822,-139.73266231135403,-1.0132794385738484,1.0386050592759934,0.4248248408157541,cross_up
XAUUSD.a,1h,-1,0.01,2025-11-20 10:00:00,4059.673351729785,2025-11-24 18:00:00,4092.0927118041604,4110.263805605909,,signal,54,-32.41936007437562,-0.1,-0.6254236083210014,0.0,-32.41936007437562,-50.226753128583674,-0.6408197118325514,0.9394390567554337,0.739533822356986,cross_dn
XAUUSD.a,1h,-1,0.02,2025-12-02 19:00:00,4184.491110633652,2025-12-03 06:00:00,4221.383633361962,4230.827414700707,,signal,10,-73.78504545661963,-0.2,-1.1345334478462126,0.0,-73.78504545661963,-112.13703165187864,-0.7961904487444985,0.957756348070525,0.024842521578462895,cross_dn
XAUUSD.a,1h,-1,0.02,2025-12-03 12:00:00,4201.81204852482,2025-12-03 15:00:00,4235.312179214379,4234.8034678126105,,stop,3,-67.00026137911846,-0.2,-0.8174228035376572,0.0,-67.00026137911846,-101.6649642339779,-1.015419506427753,1.1078017334254358,0.21769443933798563,cross_dn
XAUUSD.a,1h,1,0.02,2025-12-03 16:00:00,4237.515254677285,2025-12-03 18:00:00,4202.546416209611,4203.050716519264,,stop,2,-69.93767693534755,-0.2,-1.0086006193047428,0.0,-69.93767693534755,-106.10926390943477,-1.0146324406652514,1.2066099503964005,0.11532855320707516,cross_up
XAUUSD.a,1h,-1,0.02,2025-12-03 21:00:00,4196.670990796816,2025-12-05 07:00:00,4217.152368600522,4238.747777351723,,signal,32,-40.962755607411964,-0.22,-0.8494744020902651,0.0,-40.962755607411964,-61.8604542683439,-0.48676192933553497,0.5378026949290671,0.5178862879269659,cross_dn
XAUUSD.a,1h,-1,0.03,2025-12-08 13:00:00,4203.395701390549,2025-12-09 23:00:00,4212.55418137415,4232.376351272269,,signal,33,-27.475439950802865,-0.42000000000000004,-1.34508824490017,0.0,-27.475439950802865,-41.36247847349361,-0.31602051786208896,0.6181468905136966,1.1623514837670113,cross_dn
XAUUSD.a,1h,-1,0.04,2025-12-10 14:00:00,4196.957997209665,2025-12-10 22:00:00,4220.848031820817,4220.347298698944,,stop,8,-95.5601384446054,-0.44,-1.562932487494423,0.0,-95.5601384446054,-143.06909173806446,-1.0214086394201465,1.7880825902178268,0.6549146932278764,cross_dn
XAUUSD.a,1h,1,0.02,2025-12-10 23:00:00,4230.12785383735,2025-12-16 14:00:00,4278.267951912083,4197.368906510533,,signal,83,96.28019614946606,-0.2,-1.0481923516687928,0.0,96.28019614946606,145.04179833004332,1.4695251832870866,0.7893371413733332,3.768196362695617,cross_up
XAUUSD.a,1h,1,0.02,2025-12-16 17:00:00,4324.84791248147,2025-12-29 14:00:00,4446.373243324723,4288.701781340556,,signal,178,243.05066168650592,-0.22,-1.7870267011052554,0.0,243.05066168650592,363.3315818618819,3.362056380791972,0.9330988246012781,6.225620292286702,cross_up
XAUUSD.a,1h,1,0.02,2026-01-02 15:00:00,4394.935312182037,2026-01-02 16:00:00,4352.55828572515,4353.122206264415,,stop,1,-84.7540529137732,-0.2,-1.1278410785282391,0.0,-84.7540529137732,-126.6289954038834,-1.013486693391672,1.1196324969082625,0.17756843590118818,cross_up
XAUUSD.a,1h,-1,0.02,2026-01-02 18:00:00,4334.898396696817,2026-01-05 02:00:00,4384.305883403701,4383.673136966866,,stop,7,-98.8149734137678,-0.1,-1.1654928736701349,0.0,-98.8149734137678,-147.96426248261952,-1.0129728304719159,1.2629816778544825,0.5164229795455125,cross_dn
XAUUSD.a,1h,1,0.01,2026-01-05 05:00:00,4405.997212711789,2026-01-08 08:00:00,4425.353326675743,4354.826365720609,,signal,72,19.356113963954158,-0.11,-0.6333466485141357,0.0,19.356113963954158,28.885842146508914,0.37826448265142915,0.19224252265131897,1.850326755477218,cross_up
XAUUSD.a,1h,1,0.02,2026-01-08 23:00:00,4476.54315266625,2026-01-16 11:00:00,4603.027464380078,4435.217525697165,,signal,126,252.96862342765598,-0.2,-1.1301424796927386,0.0,252.96862342765598,377.4580692455214,3.060674961046566,0.5776839800666271,4.025512969426943,cross_up
XAUUSD.a,1h,1,0.01,2026-01-19 03:00:00,4675.783741524003,2026-01-30 09:00:00,5154.129675426248,4614.391717922632,,signal,211,478.3459339022447,-0.05,-3.2206491475049233,0.0,478.3459339022447,683.5466331841166,7.79166259461046,0.3676982806525162,15.02273755405909,cross_up
XAUUSD.a,1h,-1,0.01,2026-02-12 20:00:00,4940.155936647683,2026-02-13 20:00:00,5036.040828608969,5034.948528196558,,stop,23,-95.88489196128558,-0.09,-1.0023004124105808,0.0,-95.88489196128558,-135.4325512525397,-1.0115230567554157,1.0052902003758721,0.5594945320208696,cross_dn
XAUUSD.a,1h,1,0.01,2026-02-18 20:00:00,4999.941820811542,2026-03-03 16:00:00,5155.537665917602,4945.555275369234,,signal,203,155.59584510605964,-0.1,-2.4646681647974074,0.0,155.59584510605964,223.0540950815827,2.860925323361653,0.7331192023188378,7.711800331818519,cross_up
XAUUSD.a,1h,1,0.01,2026-03-10 05:00:00,5184.762627232137,2026-03-12 06:00:00,5150.363893653488,5104.587487981678,,signal,47,-34.39873357864872,-0.12,-0.9122126930228305,0.0,-34.39873357864872,-48.19977521634469,-0.42904488723357015,0.7404119005854762,0.6716218178262163,cross_up
XAUUSD.a,1h,1,0.02,2026-03-12 14:00:00,5182.729755486702,2026-03-12 18:00:00,5142.374453059775,5130.622915251684,,signal,4,-80.71060485385351,-0.2,-1.8221877609006008,0.0,-80.71060485385351,-113.8597252685347,-0.774472262085213,0.849595855112917,0.0656390696091238,cross_up
XAUUSD.a,1h,-1,0.01,2026-03-26 12:00:00,4427.045714705208,2026-03-27 18:00:00,4522.155671301316,4520.962251222064,,stop,29,-95.10995659610762,-0.12,-1.0734200792525508,0.0,-95.10995659610762,-138.07664788494472,-1.0127072411687357,1.3655133595325362,0.8089705766733961,cross_dn
XAUUSD.a,1h,1,0.01,2026-03-27 22:00:00,4517.650706104809,2026-03-30 03:00:00,4426.427634853706,4427.528024352591,,stop,4,-91.22307125110274,-0.1,-1.1003894988855796,0.0,-91.22307125110274,-133.11406865767216,-1.012209906290968,1.0827541325622843,0.09464092423083854,cross_up
XAUUSD.a,1h,-1,0.01,2026-04-06 03:00:00,4610.257848752898,2026-04-06 12:00:00,4696.8109943752515,4706.724975571469,,signal,9,-86.55314562235344,-0.13,-1.281988750502273,0.0,-86.55314562235344,-124.97927285406394,-0.8972294342832117,0.9118355044670856,0.0998044522566262,cross_dn
XAUUSD.a,1h,-1,0.01,2026-04-07 05:00:00,4626.317559223875,2026-04-07 11:00:00,4688.712426812266,4687.837412170587,,stop,6,-62.39486758839121,-0.1,-0.7750146416785978,0.0,-62.39486758839121,-89.83366100609193,-1.0142232889021474,1.0505948515856902,0.10594237326152497,cross_dn
XAUUSD.a,1h,1,0.01,2026-04-07 23:00:00,4701.46192829124,2026-04-13 03:00:00,4671.2823384534395,4623.200806948507,,signal,72,-30.17958983780045,-0.14,-1.055323093121455,0.0,-30.17958983780045,-42.90774260378817,-0.3856268517497155,0.7298889577761483,1.9876800771550116,cross_up
XAUUSD.a,1h,1,0.02,2026-04-14 04:00:00,4770.461806729799,2026-04-17 03:00:00,4791.198748265292,4718.780247911592,,signal,68,41.47388307098663,-0.24,-1.2050069388313303,0.0,41.47388307098663,57.91713760977898,0.40124450596462674,0.35799629796152144,1.951338070605435,cross_up
XAUUSD.a,1h,1,0.02,2026-04-17 17:00:00,4881.739978243535,2026-04-20 01:00:00,4762.345855690861,4828.6660056780465,,stop_gap,7,-238.78824510534832,-0.2,-1.3882886182776526,0.0,-238.78824510534832,-334.362390928291,-2.249579535531331,2.307910494025927,0.06801868377218076,cross_up
XAUUSD.a,1h,-1,0.01,2026-04-20 09:00:00,4790.530749670019,2026-04-21 01:00:00,4823.943781206,4847.883313651376,,signal,15,-33.413031535980735,-0.23,-0.7075624120001023,0.0,-33.413031535980735,-46.52005782941975,-0.5825900224241408,0.6494783797650117,0.12590107867480216,cross_dn
XAUUSD.a,1h,-1,0.02,2026-04-21 09:00:00,4783.883242508729,2026-04-30 20:00:00,4608.082845872656,4823.709662286455,,signal,172,351.6007932721459,-0.28,-1.5713834906246598,0.0,351.6007932721459,489.4016024833956,4.414165210361119,0.35194620981496705,6.869139732759438,cross_dn
XAUUSD.a,1h,-1,0.02,2026-05-01 13:00:00,4562.666830845243,2026-05-01 15:00:00,4604.36260409393,4603.699309294281,,stop,2,-83.39154649737429,-0.28,-1.0465895992962237,0.0,-83.39154649737429,-115.78299802478936,-1.0161651166276102,1.099450261353008,0.02819305313665608,cross_dn
XAUUSD.a,1h,1,0.02,2026-05-01 19:00:00,4643.642183502929,2026-05-04 09:00:00,4590.210658721822,4590.76722075963,,stop,13,-106.86304956221284,-0.28,-1.1131240756145842,0.0,-106.86304956221284,-148.4559542700538,-1.0105260034037185,1.1344156173524789,0.12232285682112728,cross_up
XAUUSD.a,1h,-1,0.02,2026-05-04 11:00:00,4578.407722502077,2026-05-06 04:00:00,4625.301716548807,4624.626586258898,,stop,39,-93.78798809345972,-0.26,-1.0902605798178255,0.0,-93.78798809345972,-129.73853657969252,-1.0146072455061084,1.086402248270601,1.684111554788947,cross_dn
XAUUSD.a,1h,1,0.02,2026-05-06 05:00:00,4626.361361608039,2026-05-11 09:00:00,4651.713460174712,4580.702475840924,,signal,73,50.70419713334559,-0.24,-1.7061593011528091,0.0,50.70419713334559,70.01988169876762,0.5552500491576213,0.02587364076435315,3.033552748054994,cross_up
XAUUSD.a,1h,1,0.01,2026-05-11 19:00:00,4732.624680803438,2026-05-12 16:00:00,4676.488663364849,4677.085661075605,,stop,20,-56.13601743858908,-0.12,-0.5969977107552817,0.0,-56.13601743858908,-77.77764799250305,-1.010749158225708,1.0049633766846267,0.7366950190526402,cross_up
XAUUSD.a,1h,-1,0.02,2026-05-12 18:00:00,4672.268301315926,2026-05-13 02:00:00,4724.239424563289,4723.579822856063,,stop,7,-103.94224649472562,-0.24,-1.0792034144507017,0.0,-103.94224649472562,-143.62218329564695,-1.0128548459961224,1.0076040844672993,0.6645349873176701,cross_dn
XAUUSD.a,1h,1,0.02,2026-05-21 05:00:00,4561.636877294217,2026-05-21 10:00:00,4513.436076168141,4513.999979624667,,stop,5,-96.40160225215186,-0.24,-1.1278069130512494,0.0,-96.40160225215186,-135.42784408096296,-1.011837535274386,1.047441788513264,0.06954950611531274,cross_up
XAUUSD.a,1h,-1,0.02,2026-05-21 15:00:00,4513.683791837623,2026-05-21 23:00:00,4543.532321304421,4561.453791089278,,signal,8,-59.697058933596054,-0.46,-1.5692852176854029,0.0,-59.697058933596054,-83.5029009715853,-0.6248383909230268,0.9561693296613243,0.5238390669800272,cross_dn
XAUUSD.a,1h,-1,0.02,2026-05-22 14:00:00,4514.404126960883,2026-05-25 01:00:00,4559.577700121657,4558.770601419507,,stop,10,-90.34714632154646,-0.46,-1.1541974042988037,0.0,-90.34714632154646,-126.21665850092408,-1.0181916348323312,1.1543823047486066,0.5088104753947927,cross_dn
XAUUSD.a,1h,1,0.02,2026-05-25 03:00:00,4567.5211693219835,2026-05-26 12:00:00,4519.291926330426,4519.726052809868,,stop,30,-96.45848598311568,-0.24,-0.868252958884617,0.0,-96.45848598311568,-134.6414566841832,-1.00908307189359,1.1568372117676071,0.2684130014572686,cross_up
XAUUSD.a,1h,-1,0.02,2026-05-26 13:00:00,4522.290726465108,2026-05-29 05:00:00,4506.821184076201,4558.717206620192,,signal,61,30.93908477781406,-0.24,-1.4847363048045674,0.0,30.93908477781406,43.226709109193365,0.42467848452680645,0.504283517284288,4.282618737823152,cross_dn
XAUUSD.a,1h,-1,0.02,2026-06-01 19:00:00,4473.825396081538,2026-06-02 08:00:00,4522.92848820487,4522.307450562183,,stop,12,-98.20618424666281,-0.24,-1.0020752853734645,0.0,-98.20618424666281,-137.13074669645022,-1.0128096395530222,1.1184469078163803,0.2267931134380454,cross_dn
XAUUSD.a,1h,1,0.02,2026-06-02 11:00:00,4535.621148299559,2026-06-02 17:00:00,4492.7240325256425,4493.212728905588,,stop,6,-85.79423154783217,-0.2,-0.9773927598899645,0.0,-85.79423154783217,-119.40908230849723,-1.0115235697752714,1.0712766226325825,0.08863456252689031,cross_up
XAUUSD.a,1h,-1,0.02,2026-06-02 23:00:00,4487.72028338552,2026-06-04 22:00:00,4478.68734850822,4524.930698103052,,signal,45,18.0658697546005,-0.24,-1.3893940328762633,0.0,18.0658697546005,25.317585877489943,0.24275286760091458,0.7460200813456719,1.718612487148341,cross_dn
XAUUSD.a,1h,-1,0.02,2026-06-05 03:00:00,4461.505610549166,2026-06-12 12:00:00,4220.421824296429,4502.2643491507515,,signal,124,482.1675725054738,-0.2,-2.1672971857162615,0.0,482.1675725054738,684.3721754697729,5.914898118151221,0.3538968561277634,10.740165804153097,cross_dn
XAUUSD.a,1h,-1,0.01,2026-06-18 02:00:00,4266.062498244472,2026-06-26 19:00:00,4090.933474009896,4332.503697859455,,signal,152,175.1290242345763,-0.1,-0.8269480197920435,0.0,175.1290242345763,253.784433803203,2.6358498228422054,0.9608119980592805,4.625631385727825,cross_dn
XAUUSD.a,1h,-1,0.02,2026-06-29 19:00:00,4026.4948525356162,2026-07-01 16:00:00,4076.1846054322373,4075.3956202054655,,stop,43,-99.37950579324206,-0.2,-1.3779704535436845,0.0,-99.37950579324206,-143.948993008549,-1.0161344139236936,1.664291816722612,1.7239985495687005,cross_dn
XAUUSD.a,1h,1,0.01,2026-07-01 19:00:00,4081.667952950247,2026-07-07 14:00:00,4135.326158106083,4022.9413336205607,,signal,84,53.658205155836185,-0.08,-0.5876837878332841,0.0,53.658205155836185,77.22382873155861,0.9136947736528719,0.9077306604519587,2.067751361065818,cross_up
XAUUSD.a,1h,1,0.02,2026-07-07 15:00:00,4157.40232461578,2026-07-07 22:00:00,4119.795956158973,4120.3097632604195,,stop,7,-75.21273691361421,-0.16,-1.027614202893023,0.0,-75.21273691361421,-108.48668942810976,-1.0138520253838432,1.751626801754693,0.6232428966752644,cross_up
XAUUSD.a,1h,-1,0.02,2026-07-07 23:00:00,4113.6338289372,2026-07-09 20:00:00,4128.427627201399,4156.857258453876,,signal,43,-29.587596528399445,-0.16,-1.310508805597838,0.0,-29.587596528399445,-42.60518464475916,-0.3422634073608626,0.5695099009508938,2.128101123991346,cross_dn
XAUUSD.a,1h,-1,0.02,2026-07-10 18:00:00,4092.720683836517,2026-07-10 19:00:00,4113.412522151806,4131.624868161167,,signal,1,-41.38367663057852,-0.16,-1.2500886072224058,0.0,-41.38367663057852,-59.47383215811121,-0.5318666532786996,0.5359144916006514,0.038830883174682994,cross_dn
XAUUSD.a,1h,-1,0.02,2026-07-10 21:00:00,4100.690823246657,2026-07-13 01:00:00,4098.1121487343635,4138.424178334579,,signal,3,5.157349024586438,-0.34,-1.3285949374543182,0.0,5.157349024586438,7.4343380969071635,0.06833939113775275,0.5170273543893729,0.07740693187368253,cross_dn
XAUUSD.a,1h,-1,0.02,2026-07-13 02:00:00,4076.548176175234,2026-07-16 01:00:00,4064.8743062504213,4118.388591795448,,signal,68,23.347739849625214,-0.34,-1.3372250016858782,0.0,23.347739849625214,33.326776552842986,0.27900941593832557,0.6393775833297907,2.240851931928185,cross_dn
XAUUSD.a,1h,-1,0.02,2026-07-16 06:00:00,4030.9473549093427,2026-07-20 14:00:00,4024.5621056974605,4071.7022237423457,,signal,54,12.770498423764366,-0.16,-1.2484227898427784,0.0,12.770498423764366,18.219363451078372,0.15667451263421694,0.3075128309702337,1.7597248368829617,cross_dn
XAUUSD.a,1h,-1,0.02,2026-07-20 18:00:00,4005.82962142271,2026-07-21 05:00:00,4023.741135471347,4044.937500789046,,signal,10,-35.8230280972748,-0.16,-1.2045418853879382,0.0,-35.8230280972748,-51.129007903166816,-0.45800269252276077,0.7706983622137911,0.16031606735768633,cross_dn
XAUUSD.a,1h,-1,0.02,2026-07-23 19:00:00,4048.2496303971407,2026-07-27 01:00:00,4091.0366415919484,4090.4301388464855,,stop,28,-85.5740223896155,-0.34,-0.8730054909254338,0.0,-85.5740223896155,-122.39022638998769,-1.0143787443006107,1.153859244283608,0.6258727399847354,cross_dn
XAUUSD.a,1h,1,0.02,2026-07-27 05:00:00,4110.539101136907,2026-07-27 16:00:00,4071.2668220875375,4071.6871546470607,,stop,11,-78.5445580987398,-0.16,-0.8406651190462191,0.0,-78.5445580987398,-112.2690614753074,-1.0108188288489728,1.0284967613488827,0.013149891041527296,cross_up
XAUUSD.a,1h,-1,0.03,2026-07-28 05:00:00,4045.107486816712,2026-07-29 21:00:00,4078.295178781972,4077.6617746733923,,stop,39,-99.56307589578,-0.24,-1.6602123257390264,0.0,-99.56307589578,-142.5628968409462,-1.0194568565397062,1.9918271125682707,1.5133947034446336,cross_dn
XAUUSD.a,1h,1,0.01,2026-07-30 03:00:00,4085.017198929621,2026-07-31 16:00:00,4028.0329440803835,4028.509374858687,,stop,36,-56.98425484923746,-0.08,-0.47643077830339753,0.0,-56.98425484923746,-81.38050162697076,-1.0084312356056282,1.1197953552447808,0.6275732901316877,cross_up
XAUUSD.a,1h,-1,0.02,2026-07-31 17:00:00,4024.8029380896214,2026-08-03 01:00:00,4075.377586871232,4064.8725648586164,,stop_gap,7,-101.1492975632209,-0.34,-0.955173742463532,0.0,-101.1492975632209,-143.5556309441114,-1.2621692004564409,1.3712895861784113,0.09740390426200166,cross_dn
XAUUSD.a,1h,1,0.02,2026-08-04 16:00:00,4071.1940603818302,2026-08-13 21:00:00,4355.5255726297955,4033.366487061304,,signal,166,568.6630244959306,-0.16,-1.49770948081755,0.0,568.6630244959306,805.7912833644087,7.516514734866117,0.26287862289157954,10.006878749813007,cross_up
XAUUSD.a,1h,1,0.02,2026-08-17 04:00:00,4401.120677258201,2026-08-18 18:00:00,4359.048105660411,4359.56190754987,,stop,37,-84.1451431955793,-0.16,-1.027603778916426,0.0,-84.1451431955793,-118.58109244021884,-1.0123632603434742,1.1915818876677042,0.8440895384534634,cross_up
XAUUSD.a,1h,-1,0.02,2026-08-18 20:00:00,4363.576374764222,2026-08-19 15:00:00,4405.821614596656,4405.174550969981,,stop,18,-84.49047966486796,-0.16,-1.1341272533499587,0.0,-84.49047966486796,-119.01743860384275,-1.0155550960569601,1.893439386529487,0.9379347443318976,cross_dn
XAUUSD.a,1h,1,0.01,2026-08-19 18:00:00,4488.675052256513,2026-08-21 17:00:00,4588.52,4432.630657777181,,end_of_data,45,99.84494774348786,-0.08,-0.39200735578473983,0.0,99.84494774348786,139.37233593920612,1.781533169750091,0.6790162086691285,2.0693407221351516,cross_up
