symbol,tf,side,lots,entry_time,entry_price,exit_time,exit_price,stop_price,target_price,exit_reason,bars_held,gross_ccy,spread_ccy,slippage_ccy,swap_ccy,net_ccy,net_acct,r_multiple,mae_r,mfe_r,tag
XAUUSD.a,15m,1,0.15,2020-01-06 05:30:00,1579.1473855309714,2020-01-06 09:00:00,1573.3160657462215,1573.3830168637714,1589.7539662724569,stop,14,-87.46979677124841,-3.5999999999999996,-1.0042667632487896,0.0,-87.46979677124841,-125.93555167479903,-1.0116146487872808,1.0334844759096833,0.06637578043987637,break_up
XAUUSD.a,15m,1,0.26,2020-01-06 13:15:00,1578.0987192833434,2020-01-06 15:15:00,1574.7677323051566,1574.825225402382,1583.8095491952356,stop,8,-86.60566143285496,-6.24,-1.494820527859092,0.0,-86.60566143285496,-124.71474653003897,-1.017563221229721,1.166557636033223,0.3944655965807218,break_up
XAUUSD.a,15m,-1,0.34,2020-01-07 02:00:00,1563.7587999501286,2020-01-07 03:45:00,1559.0846189376437,1566.2326905311782,1558.8446189376436,target,7,158.92215442448833,-8.16,-0.0,0.0,158.92215442448833,229.25211970873366,1.8894049107466728,0.7482950394216407,2.9301214878522717,break_dn
XAUUSD.a,15m,1,0.25,2020-01-07 10:00:00,1570.035901997806,2020-01-07 10:00:00,1566.5399456791215,1566.6087986758305,1576.032402648339,stop,0,-87.39890796711052,-6.0,-1.7213249177251386,0.0,-87.39890796711052,-126.560534003954,-1.0200907268442947,1.0375823731384397,0.14417365214108702,break_up
XAUUSD.a,15m,1,0.3,2020-01-07 14:15:00,1568.436668582592,2020-01-07 14:30:00,1565.5876199971271,1565.646258380023,1573.1874832399542,stop,1,-85.4714575639423,-7.199999999999999,-1.75915148687506,0.0,-85.4714575639423,-124.30403950544255,-1.0210142518981244,1.0273287346616233,0.41331966760523736,break_up
XAUUSD.a,15m,1,0.21,2020-01-07 19:15:00,1572.894354853478,2020-01-08 01:15:00,1579.8316157996658,1568.999192100167,1579.8316157996658,target,20,145.68247986994243,-5.04,-0.0,-52.239599999999996,93.44287986994243,136.22205357446853,1.1423555902523754,0.8483226665353742,4.874159656200089,break_up
XAUUSD.a,15m,1,0.1,2020-01-08 06:30:00,1591.2159182178632,2020-01-08 10:45:00,1582.938531466242,1583.0420959612209,1606.5558080775586,stop,17,-82.7738675162118,-2.4,-1.0356449497888274,0.0,-82.7738675162118,-120.38784617518733,-1.0126702651130803,1.3660583589017283,0.5069943598013876,break_up
XAUUSD.a,15m,-1,0.12,2020-01-08 15:15:00,1572.2950361943385,2020-01-08 18:30:00,1559.1786108377898,1579.1006945811052,1558.9386108377898,target,13,157.39710427858427,-2.88,-0.0,0.0,157.39710427858427,229.1245422208083,1.9272823599334603,0.8911648897121267,2.7014338877319077,break_dn
XAUUSD.a,15m,-1,0.24,2020-01-09 08:30:00,1550.716185103076,2020-01-09 08:30:00,1544.0315889931776,1554.2442055034112,1543.7915889931776,target,0,160.43030663756144,-5.76,-0.0,0.0,160.43030663756144,233.32262923771643,1.894715832500081,0.29302973895099577,2.975091953005341,break_dn
XAUUSD.a,15m,-1,0.11,2020-01-09 08:45:00,1540.5522433099989,2020-01-09 10:15:00,1548.726772821037,1548.4056963025157,1524.9286073949684,stop,6,-89.9198246214196,-2.6399999999999997,-0.8918417037333983,0.0,-89.9198246214196,-131.02116366227537,-1.0408834838417231,1.0438410591891696,0.0028322968279149694,break_dn
XAUUSD.a,15m,-1,0.29,2020-01-09 13:30:00,1547.2823685134153,2020-01-09 14:15:00,1550.5242070123895,1550.2204366902176,1541.4891266195646,stop,3,-94.01331647025108,-6.959999999999999,-1.8493393429824037,0.0,-94.01331647025108,-137.02767343971067,-1.1033911753887553,1.6907815570131801,0.2833046965987121,break_dn
XAUUSD.a,15m,-1,0.38,2020-01-10 04:15:00,1547.5198982092243,2020-01-10 09:15:00,1550.0251766055555,1549.7471948163666,1543.1856103672667,stop,20,-95.20057906058855,-9.12,-1.4433079891844205,0.0,-95.20057906058855,-138.41719599376046,-1.1248068121226253,1.746557588379278,0.8036191513445281,break_dn
XAUUSD.a,15m,1,0.38,2020-01-10 22:15:00,1559.4987502327997,2020-01-13 03:00:00,1557.2124055712115,1557.2571080467594,1563.2057839064812,stop,15,-86.88109714034954,-9.12,-1.6986940708162024,-31.509600000000002,-118.39069714034954,-171.2778813407447,-1.3898492279410386,2.314709397027073,1.6199060625348014,break_up
XAUUSD.a,15m,1,0.49,2020-01-13 07:15:00,1556.230610733958,2020-01-13 08:15:00,1554.4621913590795,1554.4931283113613,1558.9537433772775,stop,4,-86.65254936904535,-11.76,-1.515910661804416,0.0,-86.65254936904535,-125.28562455763885,-1.0178056202925652,1.335616811875241,0.12626848087141423,break_up
XAUUSD.a,15m,-1,0.4,2020-01-13 08:30:00,1554.0397199819208,2020-01-13 10:45:00,1550.2310981583873,1556.1094509208062,1549.9910981583873,target,9,152.34487294133942,-9.6,-0.0,0.0,152.34487294133942,220.4510070635537,1.8401531097488908,0.6282362570176954,1.9856300665505429,break_dn
XAUUSD.a,15m,-1,0.3,2020-01-13 21:15:00,1548.419806371526,2020-01-14 02:00:00,1543.1270210059608,1551.2164894970197,1542.8870210059608,target,15,158.7835609669537,-7.199999999999999,-0.0,9.068999999999999,167.8525609669537,243.0954712185055,2.0006146976616876,0.7402317443841948,2.388474514911933,break_dn
XAUUSD.a,15m,-1,0.13,2020-01-14 03:15:00,1537.8549690268908,2020-01-14 10:15:00,1544.4759369421158,1544.1919562443477,1525.2260875113043,stop,28,-86.07258289792549,-3.12,-0.5717490709853223,0.0,-86.07258289792549,-124.87136458954213,-1.0448132035024198,1.039142221238676,0.3021891888333689,break_dn
XAUUSD.a,15m,1,0.32,2020-01-14 17:00:00,1546.6557875171043,2020-01-14 17:15:00,1543.9686067896737,1544.0219679742115,1551.1260640515773,stop,1,-85.98978327777877,-7.68,-1.7075579052090275,0.0,-85.98978327777877,-124.61565021995648,-1.0202600002273607,1.3690336252665372,0.05475412439885385,break_up
XAUUSD.a,15m,1,0.28,2020-01-14 20:45:00,1547.1555171441828,2020-01-15 04:45:00,1552.4753272041885,1544.112336397906,1552.4753272041885,target,28,148.9546816801594,-6.720000000000001,-0.0,-69.65280000000001,79.3018816801594,115.0019311747312,0.9306742833039684,0.8693263281911173,1.8843714303966344,break_up
XAUUSD.a,15m,1,0.42,2020-01-15 08:00:00,1553.490717581962,2020-01-15 08:15:00,1551.4554183175092,1551.4900178066705,1556.739964386659,stop,1,-85.48256910701593,-10.08,-1.4531785447760561,0.0,-85.48256910701593,-123.91831191310312,-1.0172936937308834,1.589802538713569,0.20956788380560096,break_up
XAUUSD.a,15m,1,0.23,2020-01-15 16:00:00,1555.055470561435,2020-01-15 16:45:00,1551.434891032312,1551.4949184868342,1561.3501630263315,stop,3,-83.27332916982914,-5.52,-1.3806314540112279,0.0,-83.27332916982914,-120.80854369625582,-1.0168590300786353,1.7428394337220454,0.55736565481563,break_up
XAUUSD.a,15m,1,0.32,2020-01-15 20:45:00,1555.394849216755,2020-01-16 07:45:00,1552.7713870375826,1552.8018370465256,1559.786325906949,stop,40,-83.95078973351337,-7.68,-0.974400286176293,-26.5344,-110.48518973351338,-159.9634998820214,-1.3315256360200693,1.5174819701702211,1.074098615973301,break_up
XAUUSD.a,15m,1,0.45,2020-01-16 14:00:00,1556.468633306914,2020-01-16 15:30:00,1554.5802913266655,1554.6171746558596,1559.455650688281,stop,6,-84.97538911118113,-10.799999999999999,-1.6597498137363305,0.0,-84.97538911118113,-122.74891171245486,-1.019921227607807,2.1327148217246368,0.5408528527039064,break_up
XAUUSD.a,15m,-1,0.34,2020-01-16 16:45:00,1551.7588695314867,2020-01-16 17:00:00,1554.4927658724898,1554.1999984342035,1547.0000031315928,stop,1,-92.95247559410791,-8.16,-1.7940929017331328,0.0,-92.95247559410791,-134.76646744973817,-1.1199311670762175,1.565312861709411,0.24942129471693208,break_dn
XAUUSD.a,15m,-1,0.16,2020-01-16 17:45:00,1548.7205150481257,2020-01-16 22:45:00,1554.1665787681175,1553.8906168848887,1538.4687662302226,stop,20,-87.13701951986877,-3.84,-0.5753901316619157,0.0,-87.13701951986877,-126.28919609245017,-1.0533764888858654,1.0192226610324462,0.13549347193599376,break_dn
XAUUSD.a,15m,-1,0.3,2020-01-17 03:00:00,1549.9879149401434,2020-01-17 03:30:00,1552.9857058024754,1552.7106427276099,1544.5787145447803,stop,2,-89.93372586996202,-7.199999999999999,-1.0518922459656737,0.0,-89.93372586996202,-130.48245294811971,-1.101024816410862,1.2384951133856312,0.21225586443256644,break_dn
XAUUSD.a,15m,1,0.41,2020-01-17 06:00:00,1554.8602959939255,2020-01-17 14:15:00,1558.0362304053388,1552.8818847973305,1558.0362304053388,target,33,130.21331086794157,-9.84,-0.0,0.0,130.21331086794157,188.9285146512602,1.6052954092046898,0.39440536692703004,2.1834207234112553,break_up
XAUUSD.a,15m,1,0.41,2020-01-17 14:30:00,1558.3327747141057,2020-01-17 15:30:00,1556.294864974442,1556.3393285811255,1561.5313428377488,stop,4,-83.5542993262136,-9.84,-1.8230078740265439,0.0,-83.5542993262136,-121.30767346063126,-1.0223048949996705,1.3207152531228477,1.2226190843947062,break_up
XAUUSD.a,15m,1,0.34,2020-01-17 20:00:00,1560.0286339114505,2020-01-17 22:45:00,1557.626442043416,1557.667622474869,1563.974755050262,stop,11,-81.67452351316888,-8.16,-1.4001346693939007,0.0,-81.67452351316888,-118.78202954213043,-1.0174418602192299,1.596194687183319,0.5130708262487119,break_up
XAUUSD.a,15m,1,0.5,2020-01-20 06:15:00,1559.6264455879998,2020-01-20 07:45:00,1562.1162423025025,1558.011878848749,1562.1162423025025,target,6,124.48983572513725,-12.0,-0.0,0.0,124.48983572513725,180.7999937914999,1.5420834914869568,0.2888983011108773,1.6558958803032093,break_up
XAUUSD.a,15m,1,0.54,2020-01-20 18:00:00,1561.1655693561952,2020-01-21 03:15:00,1563.4451614363854,1559.6424192818074,1563.4451614363854,target,18,123.09797233027304,-12.959999999999999,-0.0,-44.7768,78.32117233027304,114.17080514617061,0.952231894006381,0.857150833754876,4.441079547938678,break_up
XAUUSD.a,15m,1,0.17,2020-01-21 03:30:00,1565.5748409112916,2020-01-21 09:45:00,1560.833694132413,1560.8807704913927,1574.1684590172144,stop,25,-80.59949524093622,-4.08,-0.8002981026549025,0.0,-80.59949524093622,-117.54166519510612,-1.0100288991788666,1.545533036857997,0.6487246283735606,break_up
XAUUSD.a,15m,-1,0.22,2020-01-21 15:30:00,1552.4198803833378,2020-01-21 17:15:00,1556.3529289128796,1556.0353401014336,1545.279319797133,stop,7,-86.52706764991945,-5.279999999999999,-1.7069538518150358,0.0,-86.52706764991945,-126.14378466034849,-1.0878418890567343,1.211497280619441,1.6899318094341742,break_dn
XAUUSD.a,15m,-1,0.22,2020-01-21 22:15:00,1557.156021921687,2020-01-22 23:30:00,1559.0072802050493,1560.7693690520273,1550.0012618959456,signal,97,-40.72768223397088,-5.279999999999999,-0.7603290221651552,19.9518,-20.775882233970883,-30.35856248114398,-0.2613527705192728,0.6874451827381416,1.9278584842278226,break_dn
XAUUSD.a,15m,1,0.23,2020-01-23 01:30:00,1561.5327993007188,2020-01-23 04:00:00,1557.9317169431133,1557.985330255742,1567.839339488516,stop,10,-82.82489422492631,-5.52,-1.2331061904574332,0.0,-82.82489422492631,-120.465564512503,-1.0151131164074647,1.5568280457694064,0.6278280856135561,break_up
XAUUSD.a,15m,-1,0.38,2020-01-23 09:45:00,1555.0885779811354,2020-01-23 15:15:00,1557.4868773544233,1557.2064396224605,1550.9471207550787,stop,22,-91.13537618494229,-9.12,-1.5366338145884542,0.0,-91.13537618494229,-132.72850907321597,-1.1324155112358292,1.1763856383487352,1.5008430763902298,break_dn
XAUUSD.a,15m,1,0.23,2020-01-23 18:30:00,1566.444250266744,2020-01-23 20:45:00,1562.8871376020954,1562.9498878533022,1572.6402242933957,stop,9,-81.81359128691452,-5.52,-1.4432557777559596,0.0,-81.81359128691452,-119.63325089112627,-1.0179575681576212,1.1859818119615717,0.4337700426909237,break_up
XAUUSD.a,15m,1,0.36,2020-01-24 03:45:00,1561.996242332141,2020-01-24 06:30:00,1559.7857512906187,1559.8168414561387,1565.5563170877226,stop,11,-79.57767749480445,-8.64,-1.1192459587236399,0.0,-79.57767749480445,-116.2277849106934,-1.014265464358744,1.195852658791977,0.35044386568290126,break_up
XAUUSD.a,15m,-1,0.46,2020-01-24 09:45:00,1559.5525841984766,2020-01-24 11:45:00,1561.5505968687853,1561.2784994112283,1556.1230011775433,stop,8,-91.90858283420266,-11.04,-1.476483047622394,0.0,-91.90858283420266,-134.4026773236077,-1.1576540119391028,1.110955965482476,1.1371266583528081,break_dn
XAUUSD.a,15m,-1,0.54,2020-01-24 14:45:00,1558.4680319626148,2020-01-24 15:30:00,1560.1995211085239,1559.9192327822836,1555.6615344354327,stop,3,-93.50041387909187,-12.959999999999999,-2.175569616971705,0.0,-93.50041387909187,-136.6006514128855,-1.193142342838655,1.9859195214916703,1.3010135723638983,break_dn
XAUUSD.a,15m,1,0.25,2020-01-24 17:00:00,1564.619446541911,2020-01-24 17:15:00,1570.144772055703,1561.5276139721486,1570.144772055703,target,1,138.133137844801,-6.0,-0.0,0.0,138.133137844801,202.31580327611607,1.7870713853747733,0.17770902191940868,3.402691840747958,break_up
XAUUSD.a,15m,1,0.26,2020-01-27 11:00:00,1579.8152919157287,2020-01-27 12:45:00,1584.9426258896574,1576.8386870551712,1584.9426258896574,target,7,133.31068332214545,-6.24,-0.0,0.0,133.31068332214545,196.83826495311322,1.7225443799646287,0.2335855608320861,1.9601889930323564,break_up
XAUUSD.a,15m,-1,0.48,2020-01-28 09:00:00,1578.9172654483555,2020-01-28 10:45:00,1580.8195041435272,1580.5409459038738,1575.7681081922526,stop,7,-91.30745736824247,-11.52,-1.8507955033674963,0.0,-91.30745736824247,-135.41876630415933,-1.1715597663978174,1.4859663694567846,1.23624413999283,break_dn
XAUUSD.a,15m,-1,0.39,2020-01-28 14:00:00,1578.1504986402197,2020-01-28 14:15:00,1574.4202000967668,1580.1648999516167,1574.1802000967668,target,1,145.4816431946599,-9.36,-0.0,0.0,145.4816431946599,215.3847704414241,1.8518149895691787,0.36710726685715683,2.482374595334055,break_dn
XAUUSD.a,15m,-1,0.18,2020-01-28 17:30:00,1569.9047797202413,2020-01-29 17:00:00,1574.4577565493169,1574.1612651131131,1561.497469773774,stop,90,-81.95358292335959,-4.32,-1.016845851667446,16.324199999999998,-65.6293829233596,-97.36430425089695,-0.8565932906010892,1.0842796001338595,1.5352524717188043,break_dn
XAUUSD.a,15m,1,0.21,2020-01-29 17:15:00,1573.328056603364,2020-01-29 17:45:00,1569.6647224508145,1569.7236599454718,1579.7026801090562,stop,2,-76.93001720354209,-5.04,-1.2376873878033035,0.0,-76.93001720354209,-114.12933151876999,-1.0163515562384917,1.245161681508335,0.0,break_up
XAUUSD.a,15m,1,0.29,2020-01-30 02:45:00,1578.6803210960009,2020-01-30 16:30:00,1575.9790950444963,1576.0425918721485,1583.1448162557033,stop,55,-78.33555549363314,-6.959999999999999,-1.8414080019161532,0.0,-78.33555549363314,-116.79148911429805,-1.0240725344656416,2.4150777260969654,1.6452329013745675,break_up
XAUUSD.a,15m,1,0.16,2020-01-30 17:45:00,1583.6919403282234,2020-01-30 21:45:00,1578.8871861567452,1578.9695867220457,1592.2608265559088,stop,16,-76.87606674365088,-3.84,-1.3184090448072898,0.0,-76.87606674365088,-114.57622919943198,-1.0174490459995917,1.366255233361417,0.49298715554275707,break_up
XAUUSD.a,15m,-1,0.16,2020-01-31 03:15:00,1571.7709135097605,2020-01-31 09:45:00,1576.8131201007875,1576.5383494744283,1562.3533010511433,stop,26,-80.6753054564324,-3.84,-0.5563300217488755,0.0,-80.6753054564324,-120.23145373536869,-1.0576348855853712,1.0360047889146027,0.18058208146700955,break_dn
XAUUSD.a,15m,1,0.18,2020-01-31 16:45:00,1583.616470601682,2020-02-03 01:00:00,1593.24,1579.5094304064219,1591.001139187156,target_gap,29,173.22352916972295,-4.32,-0.0,-14.9256,158.29792916972295,236.52327038373593,2.1412815507545297,0.6468090097456992,2.3870059537357204,break_up
XAUUSD.a,15m,-1,0.33,2020-02-03 09:00:00,1579.2850137818855,2020-02-03 09:30:00,1575.0178246360867,1581.6060876819565,1574.7778246360867,target,2,140.81724181135837,-7.92,-0.0,0.0,140.81724181135837,210.17185088485004,1.8384546677588038,0.26064927019174233,2.3200527056551583,break_dn
XAUUSD.a,15m,-1,0.24,2020-02-03 09:45:00,1574.2712449995636,2020-02-03 10:00:00,1577.7824735243018,1577.4819147736941,1567.9661704526115,stop,1,-84.26948459371852,-5.76,-1.4534100145865991,0.0,-84.26948459371852,-125.91441979756526,-1.0936124770692421,1.2952920396687815,0.0502216082335476,break_dn
XAUUSD.a,15m,-1,0.32,2020-02-03 15:15:00,1578.4845158179871,2020-02-03 17:00:00,1573.9617034755336,1580.9191482622332,1573.7217034755336,target,7,144.729994958514,-7.68,-0.0,0.0,144.729994958514,216.2117673680724,1.8576982136020743,0.8073022220081234,4.022995685092073,break_dn
XAUUSD.a,15m,-1,0.28,2020-02-03 21:15:00,1576.7005913465114,2020-02-04 02:00:00,1579.77430918552,1579.4913051179144,1571.2373897641712,stop,15,-86.06409949224145,-6.720000000000001,-1.2041138929566002,8.464400000000001,-77.59969949224146,-116.07338303204214,-0.9930856641078206,1.060448650741012,0.40512622903029977,break_dn
XAUUSD.a,15m,-1,0.38,2020-02-04 03:15:00,1577.1591765356034,2020-02-04 07:30:00,1573.357749988055,1579.1961250059726,1573.117749988055,target,17,144.45420880683605,-9.12,-0.0,0.0,144.45420880683605,215.10246114544648,1.866235991163417,0.2704160033546785,2.120415218368551,break_dn
XAUUSD.a,15m,-1,0.36,2020-02-04 07:45:00,1573.122734482178,2020-02-04 10:15:00,1569.0302316839309,1575.2998841580347,1568.7902316839309,target,10,147.33010073689547,-8.64,-0.0,0.0,147.33010073689547,219.2216479732397,1.8797526158308853,0.7060908741688422,2.228939303526911,break_dn
XAUUSD.a,15m,-1,0.22,2020-02-04 19:45:00,1549.4497118789388,2020-02-04 22:00:00,1553.3186663489093,1553.0165032219757,1542.4969935560487,stop,9,-85.11699833935108,-5.279999999999999,-1.3675887925432717,0.0,-85.11699833935108,-126.32383250126313,-1.0847156723993916,1.3710608921960157,0.10645755313951571,break_dn
XAUUSD.a,15m,1,0.22,2020-02-05 09:15:00,1562.1479803670272,2020-02-05 10:30:00,1558.5893717253502,1558.6433298873546,1568.353340225291,stop,5,-78.28939011689363,-5.279999999999999,-1.1870795640970204,0.0,-78.28939011689363,-115.80928096342362,-1.0153961607062831,2.687280920494831,0.07761676508130842,break_up
XAUUSD.a,15m,-1,0.18,2020-02-05 11:45:00,1550.326820476779,2020-02-05 13:30:00,1555.05676880073,1554.7513475466503,1541.607304906699,stop,7,-85.13906983111838,-4.32,-1.177582573434336,0.0,-85.13906983111838,-125.99196423398946,-1.069029129951402,1.1918063648267516,0.6434180267907572,break_dn
XAUUSD.a,15m,1,0.25,2020-02-05 20:15:00,1558.935899068414,2020-02-06 01:00:00,1555.761203827288,1555.7995867127254,1564.3208265745495,stop,15,-79.36738102815184,-6.0,-0.9595721359355281,-20.73,-100.09738102815184,-148.2638618164677,-1.2766251530603296,1.366540886987917,0.06826518130366642,break_up
XAUUSD.a,15m,-1,0.42,2020-02-06 06:15:00,1553.3367250274748,2020-02-06 07:45:00,1555.4946182312256,1555.2159840975037,1549.5580318049924,stop,6,-90.63151455753132,-10.08,-1.622633616321107,0.0,-90.63151455753132,-134.0940914918792,-1.1482680797797613,1.5661890473036006,0.4399207329419054,break_dn
XAUUSD.a,15m,1,0.31,2020-02-06 21:45:00,1566.8486688664739,2020-02-07 08:15:00,1564.3498757097764,1564.381141870437,1570.9477162591259,stop,38,-77.46258785762257,-7.4399999999999995,-0.969250980479096,-25.7052,-103.16778785762257,-153.49608382077986,-1.3487160067722077,1.4462532212233352,0.9488573528421791,break_up
XAUUSD.a,15m,1,0.34,2020-02-07 11:45:00,1567.6889957415751,2020-02-07 14:45:00,1565.4294721189735,1565.4718053867637,1571.316389226473,stop,12,-76.8238031684541,-8.16,-1.4393311048649693,0.0,-76.8238031684541,-114.9282716260814,-1.0190932040175356,1.1496512854854888,0.9836793010089667,break_up
XAUUSD.a,15m,1,0.18,2020-02-07 16:45:00,1573.4756982704448,2020-02-07 17:15:00,1569.2363956162233,1569.3078584302934,1580.9242831394133,stop,2,-76.30744777598784,-4.32,-1.2863306532612189,0.0,-76.30744777598784,-114.1233664991443,-1.017146247651296,1.0186807634840858,0.15458888879273275,break_up
XAUUSD.a,15m,1,0.29,2020-02-10 16:15:00,1575.498099601479,2020-02-10 16:45:00,1572.829078482637,1572.873904242713,1579.912191514574,stop,2,-77.40161244641831,-6.959999999999999,-1.2999470422035746,0.0,-77.40161244641831,-115.75976975116401,-1.017081716087295,1.4282852795081307,0.08455940514481278,break_up
XAUUSD.a,15m,-1,0.52,2020-02-11 02:15:00,1571.3302942769924,2020-02-11 04:00:00,1568.7078799167205,1572.7910600416396,1568.4678799167204,target,7,136.36554673414048,-12.48,-0.0,0.0,136.36554673414048,203.35159595899205,1.7952326264335765,0.4310791902764163,1.978615837625613,break_dn
XAUUSD.a,15m,-1,0.31,2020-02-11 04:15:00,1569.0369076439904,2020-02-11 15:15:00,1571.7413844170046,1571.4634963174133,1564.2530073651733,stop,44,-83.83877996344086,-7.4399999999999995,-1.1745310873312464,0.0,-83.83877996344086,-124.93112589175784,-1.114518007371787,1.2334568230665988,1.3298123737792982,break_dn
XAUUSD.a,15m,-1,0.17,2020-02-11 17:45:00,1564.1299003481754,2020-02-11 20:45:00,1568.8209201345433,1568.5302513011982,1555.419497397604,stop,12,-79.74733636825363,-4.08,-0.861370166867129,0.0,-79.74733636825363,-118.8768355617638,-1.066055829739082,1.0272134427640716,0.46357673966304624,break_dn
XAUUSD.a,15m,-1,0.44,2020-02-12 01:30:00,1566.4277074076795,2020-02-12 02:45:00,1568.4253010269979,1568.1538266254822,1563.1023467490356,stop,5,-87.89411925001059,-10.559999999999999,-1.3848736666873678,0.0,-87.89411925001059,-130.8337589312453,-1.157274421555442,1.246896836627654,0.2361988693912271,break_dn
XAUUSD.a,15m,-1,0.39,2020-02-12 07:45:00,1564.9722896718272,2020-02-12 12:30:00,1567.185184081843,1566.9074693684067,1561.1250612631866,stop,19,-86.30288199062034,-9.36,-1.4708738240161847,0.0,-86.30288199062034,-127.97746306219281,-1.1435084886055886,1.414706000177544,1.6341064746682767,break_dn
XAUUSD.a,15m,1,0.23,2020-02-12 18:45:00,1570.4606481068433,2020-02-12 20:45:00,1567.2581237930337,1567.2973047364112,1575.9753905271778,stop,8,-73.65805921762058,-5.52,-0.9011616976833003,0.0,-73.65805921762058,-109.28009022984226,-1.0123859280480536,1.0465661545907337,0.0,break_up
XAUUSD.a,15m,1,0.15,2020-02-13 02:00:00,1570.1062586279504,2020-02-14 03:15:00,1577.4857502395214,1565.2913415719017,1578.9673168561962,signal,97,110.69237417356476,-3.5999999999999996,-0.7274928143548888,-12.438,98.25437417356476,146.13358048302214,1.3604162928086732,0.20483398082871357,1.701740918206737,break_up
XAUUSD.a,15m,1,0.39,2020-02-14 12:00:00,1577.0993362402185,2020-02-14 15:15:00,1575.161617511919,1575.188591590045,1580.1728168199097,stop,13,-75.5710304036761,-9.36,-1.0519890469138702,0.0,-75.5710304036761,-112.41339720298114,-1.0141170501895598,1.1510361889636682,0.0,break_up
XAUUSD.a,15m,1,0.17,2020-02-14 15:45:00,1580.162903466678,2020-02-17 17:00:00,1581.2754845381844,1575.90562027089,1587.8887594582202,signal,97,18.91387821560852,-4.08,-0.4935257017301959,-14.096400000000001,4.817478215608519,7.175272885922727,0.06656382920139112,0.5385837308043433,1.133844358321704,break_up
XAUUSD.a,15m,1,0.38,2020-02-18 02:45:00,1586.5021733416665,2020-02-18 15:30:00,1589.6077497319254,1584.5561251340373,1589.6077497319254,target,51,118.01190282983725,-9.12,-0.0,0.0,118.01190282983725,176.619577098399,1.595837337473881,0.7616323870374255,2.5784698645499384,break_up
XAUUSD.a,15m,1,0.23,2020-02-18 15:45:00,1591.3569101698163,2020-02-18 16:30:00,1588.1484607886716,1588.1989198501255,1596.8721602997487,stop,3,-73.79433576632687,-5.52,-1.1605584134420026,0.0,-73.79433576632687,-110.25763983673275,-1.0159782191665687,1.0693225209591428,0.6437922933161285,break_up
XAUUSD.a,15m,1,0.28,2020-02-18 23:00:00,1603.031281623999,2020-02-19 02:00:00,1600.3747101352722,1600.413662803657,1607.512674392686,stop,8,-74.38400168434873,-6.720000000000001,-1.0906747147742852,-69.65280000000001,-144.03680168434875,-215.2855566614584,-1.965210308220038,1.3452232222027378,0.1141183634835011,break_up
XAUUSD.a,15m,1,0.27,2020-02-19 10:15:00,1607.0053017530984,2020-02-19 15:45:00,1604.2217225964807,1604.2689859108425,1611.682028178315,stop,22,-75.15663722867612,-6.4799999999999995,-1.276109487767551,0.0,-75.15663722867612,-112.48972823546086,-1.0172726092623894,1.4345207130264452,1.5622093695797477,break_up
XAUUSD.a,15m,1,0.17,2020-02-19 23:00:00,1613.1780125772393,2020-02-20 02:00:00,1608.7899525304658,1608.8408612255762,1620.988277548848,stop,8,-74.59702079514932,-4.08,-0.8654478168750858,-14.096400000000001,-88.69342079514932,-132.8461757760909,-1.2029232147439077,1.1200929327440983,0.0,break_up
XAUUSD.a,15m,1,0.33,2020-02-20 13:00:00,1610.9086293606113,2020-02-20 13:45:00,1614.4757037179843,1608.707148141008,1614.4757037179843,target,3,117.71345379331001,-7.92,-0.0,0.0,117.71345379331001,177.4717371145067,1.6203065125469962,0.13110689205124584,3.143960792286965,break_up
XAUUSD.a,15m,1,0.2,2020-02-20 18:30:00,1622.0704727215473,2020-02-20 19:45:00,1618.4630062243266,1618.5368097870203,1628.3263804259593,stop,5,-72.1493299444137,-4.8,-1.476071253875658,0.0,-72.1493299444137,-109.02807698438035,-1.0208858524599382,1.5764018314024373,0.4752935720162392,break_up
XAUUSD.a,15m,1,0.22,2020-02-21 01:15:00,1620.7903625928277,2020-02-21 06:30:00,1626.4936638429888,1617.5481680785056,1626.4936638429888,target,21,125.47262750354366,-5.279999999999999,-0.0,0.0,125.47262750354366,190.00352454463962,1.7590867003713675,0.567628680110957,1.7764626340984506,break_up
XAUUSD.a,15m,1,0.24,2020-02-21 09:15:00,1632.751299455684,2020-02-21 14:45:00,1637.8455446202142,1629.767227689893,1637.8455446202142,target,22,122.2618839487277,-5.76,-0.0,0.0,122.2618839487277,185.19477104536293,1.7071456601446688,0.47964645893983393,1.7890657341147662,break_up
XAUUSD.a,15m,1,0.26,2020-02-21 15:00:00,1637.897945934651,2020-02-21 15:15:00,1642.7630325396415,1635.1384837301794,1642.7630325396415,target,1,126.49225172975139,-6.24,-0.0,0.0,126.49225172975139,191.5069442245407,1.7630560756029292,0.2964149801818758,1.932280158325219,break_up
XAUUSD.a,15m,1,0.17,2020-02-21 15:30:00,1641.9909217497757,2020-02-24 01:00:00,1653.33,1637.7827811128745,1649.594437774251,target_gap,34,192.7643302538122,-4.08,-0.0,-14.096400000000001,178.66793025381222,270.4753928483162,2.4975111711009017,0.9626393458082511,9.231886859853764,break_up
XAUUSD.a,15m,1,0.11,2020-02-24 04:30:00,1662.2499173647388,2020-02-24 10:00:00,1674.9784085103302,1655.390795744835,1674.9784085103302,target,22,140.01340260150437,-2.6399999999999997,-0.0,0.0,140.01340260150437,212.22190617886227,1.8557027927097454,0.48255703108311526,2.520742974594401,break_up
XAUUSD.a,15m,-1,0.05,2020-02-25 08:30:00,1634.0962427427048,2020-02-25 10:15:00,1648.8084773408366,1648.4361775794673,1605.6676448410656,stop,7,-73.56117299065886,-1.2,-0.661498806846274,0.0,-73.56117299065886,-111.31801850830614,-1.0259624444327902,1.035134219664731,0.04367124047867539,break_dn
XAUUSD.a,15m,-1,0.08,2020-02-25 13:45:00,1643.6254900293598,2020-02-25 16:00:00,1653.115876837516,1652.7659595103296,1625.598080979341,stop,9,-75.92309446524996,-1.92,-0.8793386174908231,0.0,-75.92309446524996,-115.12744243900399,-1.0382822050787348,1.0070062582456691,0.06843084271130742,break_dn
XAUUSD.a,15m,-1,0.09,2020-02-25 23:00:00,1629.5277933325783,2020-02-26 01:00:00,1638.0601592466116,1637.6729726513818,1613.5740546972368,stop,4,-76.79129322630001,-2.16,-1.3246793570685826,8.162099999999999,-68.62919322630002,-103.90491025934901,-0.9361937430192183,1.154327768538674,0.016917163783013493,break_dn
XAUUSD.a,15m,1,0.13,2020-02-26 10:30:00,1649.0956632219543,2020-02-26 14:00:00,1643.3829234037853,1643.470371094919,1659.3992578101618,stop,14,-74.2656176361968,-3.12,-1.136819984740346,0.0,-74.2656176361968,-113.07705534082982,-1.0155454488689575,1.359158431116689,1.0513830472236896,break_up
XAUUSD.a,15m,-1,0.08,2020-02-26 16:00:00,1632.1010096293921,2020-02-26 18:00:00,1641.1019915433365,1640.725921684041,1615.1781566319182,stop,8,-72.00785531155452,-1.92,-1.0885588743633188,0.0,-72.00785531155452,-109.84174646341222,-1.0436027471251503,1.0410529769713002,0.8418647730417792,break_dn
XAUUSD.a,15m,1,0.13,2020-02-27 03:00:00,1646.3924965709698,2020-02-27 16:45:00,1656.3578999506017,1641.001050024699,1656.3578999506017,target,55,129.55024393521444,-3.12,-0.0,0.0,129.55024393521444,196.92676851490353,1.8483728428180064,0.9389866944839766,2.113997297610914,break_up
XAUUSD.a,15m,1,0.14,2020-02-27 17:30:00,1656.221569690357,2020-02-27 18:00:00,1651.090011645179,1651.216740811023,1665.296518377954,stop,2,-71.84181263249275,-3.3600000000000003,-1.774208321818876,0.0,-71.84181263249275,-109.15720220693268,-1.0253213783926654,2.8355754077741424,0.8348797552093737,break_up
XAUUSD.a,15m,-1,0.11,2020-02-27 20:15:00,1640.4226099620569,2020-02-27 20:30:00,1647.0388492784778,1646.6601131542,1628.2097736916,stop,1,-72.77863248062977,-2.6399999999999997,-1.5260973670564384,0.0,-72.77863248062977,-110.54702283075837,-1.0607191872470476,1.1170158672975945,0.1559293730353428,break_dn
XAUUSD.a,15m,-1,0.11,2020-02-27 22:15:00,1639.3681876825524,2020-02-28 01:00:00,1646.3115378220368,1645.9429787094923,1626.4940425810155,stop,7,-76.37685153432881,-2.6399999999999997,-1.4141502379901678,3.3253,-73.05155153432881,-111.01722065336737,-1.0100777518666408,1.3463260324438788,0.6354860048680471,break_dn
XAUUSD.a,15m,-1,0.11,2020-02-28 06:00:00,1638.8787606448882,2020-02-28 08:00:00,1627.0912562626718,1644.9993718686642,1626.8512562626718,target,8,129.66254820438053,-2.6399999999999997,-0.0,0.0,129.66254820438053,198.73177746092503,1.925870464771055,0.5736746260687537,1.9946963135744067,break_dn
XAUUSD.a,15m,-1,0.11,2020-02-28 09:30:00,1623.9981592548302,2020-02-28 10:00:00,1630.5908708768852,1630.1963564437192,1611.8172871125614,stop,2,-72.51982784260554,-2.6399999999999997,-1.6996587648256192,0.0,-72.51982784260554,-110.94426436160317,-1.0636498680411839,2.225137459307238,0.4546740235825311,break_dn
XAUUSD.a,15m,1,0.11,2020-03-02 08:00:00,1604.32549064056,2020-03-02 09:00:00,1597.8265028103253,1597.945674787563,1616.0786504248742,stop,4,-71.4888661325815,-2.6399999999999997,-1.3108917496121568,0.0,-71.4888661325815,-109.28011576719176,-1.0186795324478797,1.0432104615422895,0.16215348268302854,break_up
XAUUSD.a,15m,1,0.12,2020-03-02 11:00:00,1605.8588865282034,2020-03-02 14:30:00,1599.7901309573915,1599.9011885330326,1616.8476229339346,stop,14,-72.82506684974214,-2.88,-1.33269090769214,0.0,-72.82506684974214,-111.27674665710467,-1.0186410213695156,1.6950987674080535,0.8797212406612334,break_up
XAUUSD.a,15m,-1,0.09,2020-03-02 16:15:00,1592.8107592354481,2020-03-02 16:30:00,1600.6708499512574,1600.3024574577744,1578.005085084451,stop,1,-70.74081644228363,-2.16,-1.1555324413475543,0.0,-70.74081644228363,-108.13662362390112,-1.0491734293814965,1.1998936019289592,0.1322476167680649,break_dn
XAUUSD.a,15m,-1,0.1,2020-03-02 20:30:00,1594.1246525555378,2020-03-03 06:15:00,1601.1672968987791,1600.849686383696,1580.960627232608,stop,35,-70.42644343241363,-2.4,-0.7761051508301152,3.023,-67.40344343241364,-102.91701927292021,-1.002276645065926,1.0520909820315252,1.5307956537606124,break_dn
XAUUSD.a,15m,1,0.14,2020-03-03 06:30:00,1600.8218017474323,2020-03-03 08:00:00,1595.9163696022565,1595.989903883198,1609.610192233604,stop,6,-68.67605003246172,-3.3600000000000003,-1.0294799331811595,0.0,-68.67605003246172,-104.93704642442007,-1.01521850896016,1.2503993083449978,0.03480997680283405,break_up
XAUUSD.a,15m,1,0.14,2020-03-03 12:45:00,1599.6248545785086,2020-03-03 17:00:00,1608.9750229846989,1594.4924885076505,1608.9750229846989,target,17,130.9023576866639,-3.3600000000000003,-0.0,0.0,130.9023576866639,197.66006958998565,1.8218046563905739,0.21527197461265057,5.610501087401418,break_up
XAUUSD.a,15m,1,0.03,2020-03-03 17:15:00,1623.9515161451432,2020-03-04 18:30:00,1640.7726350562307,1601.7846583742207,1667.2906832515582,signal,97,50.46335673326257,-0.72,-0.4641896626159048,-7.4628,43.00055673326257,65.07249698591512,0.646619338618649,0.2003674219883959,1.3036797616288487,break_up
XAUUSD.a,15m,-1,0.19,2020-03-04 23:45:00,1635.0162840985627,2020-03-05 01:00:00,1639.0323575218968,1638.710896087752,1627.7882078244959,stop,1,-76.30539504334774,-4.56,-1.5477672487494885,5.7437000000000005,-70.56169504334774,-106.45358614951985,-1.005186318401191,1.2352355036986362,0.348151335600709,break_dn
XAUUSD.a,15m,-1,0.19,2020-03-05 01:45:00,1636.4652238895005,2020-03-05 03:00:00,1640.6071538656308,1640.2903984452823,1628.9492031094353,stop,5,-78.69666954647596,-4.56,-1.4583529866222977,0.0,-78.69666954647596,-118.96160347448486,-1.0828080956121908,1.133223084930163,0.2288062614496083,break_dn
XAUUSD.a,15m,1,0.15,2020-03-05 09:00:00,1641.9812248109981,2020-03-05 09:45:00,1637.3284575865637,1637.3790999206176,1650.371800158765,stop,3,-69.79150836651684,-3.5999999999999996,-0.7596350108095478,0.0,-69.79150836651684,-105.29322505999552,-1.011004119892481,1.045435516331724,0.169220785517941,break_up
XAUUSD.a,15m,1,0.2,2020-03-05 11:15:00,1642.7280320372104,2020-03-05 14:15:00,1649.1240826397445,1639.1129586801278,1649.1240826397445,target,12,127.9210120506832,-4.8,-0.0,0.0,127.9210120506832,193.4094527527717,1.7692727009268487,0.22075127068910508,3.2425256156487885,break_up
XAUUSD.a,15m,1,0.12,2020-03-05 14:30:00,1652.4002496352919,2020-03-05 18:45:00,1663.5884403617683,1646.3857798191157,1663.5884403617683,target,17,134.25828871771773,-2.88,-0.0,0.0,134.25828871771773,203.4339789043544,1.8602122994092236,0.36748869024951064,1.8903994387217087,break_up
XAUUSD.a,15m,1,0.15,2020-03-05 20:15:00,1668.4114704540268,2020-03-06 06:30:00,1677.035533689474,1663.6772331552631,1677.035533689474,target,37,129.36094853170857,-3.5999999999999996,-0.0,-12.438,116.92294853170857,177.15329848291475,1.6464876480701198,0.7036973949102392,1.8732752471637069,break_up
XAUUSD.a,15m,1,0.07,2020-03-06 11:45:00,1685.0650057116186,2020-03-06 15:30:00,1674.753024932343,1674.8996924513099,1704.4206150973803,stop,15,-72.1838654549299,-1.6800000000000002,-1.0266726327694207,0.0,-72.1838654549299,-108.8532647519037,-1.0144282340554769,1.3619851505882756,0.48055521392098166,break_up
XAUUSD.a,15m,-1,0.1,2020-03-10 02:45:00,1666.8639701347024,2020-03-10 08:45:00,1653.5260145064165,1673.8569927467918,1653.2860145064164,target,24,133.37955628285954,-2.4,-0.0,0.0,133.37955628285954,203.65778458874297,1.9073233947831987,0.6400708411208992,2.2356527358677174,break_dn
XAUUSD.a,15m,-1,0.1,2020-03-10 17:00:00,1653.5291750839901,2020-03-10 18:15:00,1661.119897698157,1660.7341958823029,1639.391608235394,stop,5,-75.90722614166907,-2.4,-1.4570181585421338,0.0,-75.90722614166907,-117.33634165224304,-1.0535323667552097,1.0202364603487886,0.4995370845886991,break_dn
XAUUSD.a,15m,-1,0.1,2020-03-10 22:15:00,1648.0285136249813,2020-03-11 03:15:00,1655.274113972051,1654.9216248377222,1634.4867503245553,stop,16,-72.4560034706974,-2.4,-1.124891343287502,9.069,-63.387003470697394,-97.66872645716084,-0.9195703001793416,1.0635961249932262,0.9384026204343361,break_dn
XAUUSD.a,15m,1,0.17,2020-03-11 14:00:00,1665.316402961832,2020-03-11 16:15:00,1661.0108404973164,1661.1066527534902,1672.8466944930196,stop,9,-73.19456189676453,-4.08,-1.6288083549543948,0.0,-73.19456189676453,-112.02106197851933,-1.0227596060174549,1.1892399106986455,1.4118645392286082,break_up
XAUUSD.a,15m,-1,0.06,2020-03-11 18:15:00,1647.0157024450727,2020-03-12 15:00:00,1625.751298280562,1657.879350859719,1625.511298280562,target,79,127.58642498706467,-1.44,-0.0,1.8137999999999999,129.40022498706466,203.8601417677269,1.985217428008346,0.6944533978802305,2.8421117166721497,break_dn
XAUUSD.a,15m,-1,0.04,2020-03-12 15:30:00,1615.7507865884577,2020-03-12 17:00:00,1582.1852756800718,1632.8923621599643,1581.9452756800717,target,6,134.26204363354373,-0.96,-0.0,0.0,134.26204363354373,212.0741816069496,1.958134523187,0.025622697850041707,2.052949359389887,break_dn
XAUUSD.a,15m,-1,0.04,2020-03-13 04:30:00,1562.21061091929,2020-03-13 07:30:00,1579.3643969406091,1578.910779559586,1529.2584408808277,stop,12,-68.61514408527637,-0.96,-0.8544695240927858,0.0,-68.61514408527637,-108.83691403666704,-1.0271624431341737,1.2915671419428072,0.6617065466408452,break_dn
XAUUSD.a,15m,1,0.07,2020-03-13 11:00:00,1591.9736540271442,2020-03-13 11:15:00,1582.2153546581483,1582.4076441959562,1610.3147116080877,stop,1,-68.30809558297165,-1.6800000000000002,-1.3460267646562163,0.0,-68.30809558297165,-108.589294305654,-1.0201013318197745,1.0697933838390468,0.171058362026841,break_up
XAUUSD.a,15m,1,0.05,2020-03-13 15:45:00,1594.2690541723975,2020-03-13 16:30:00,1580.7558397553717,1580.9593112659898,1620.0513774680205,stop,3,-67.56607208512946,-1.2,-1.0173575530906254,0.0,-67.56607208512946,-107.46949592035861,-1.0152874110378303,1.2538975613392882,0.2758089208346153,break_up
XAUUSD.a,15m,-1,0.06,2020-03-13 17:45:00,1571.4375487986256,2020-03-13 18:30:00,1549.4825248138782,1582.7637375930608,1549.2425248138782,target,3,131.73014390848448,-1.44,-0.0,0.0,131.73014390848448,213.85805137991213,1.9384299858690655,0.36927260151528024,2.4410284253966728,break_dn
XAUUSD.a,15m,-1,0.02,2020-03-13 18:45:00,1543.6943054934807,2020-03-16 01:00:00,1572.584620757226,1571.9863843591463,1487.7272312817076,stop,21,-57.78063052749076,-0.48,-0.716472796159596,0.6046,-57.17603052749076,-92.72640814694986,-1.010460044293135,1.0170936764014402,1.3931215758525481,break_dn
XAUUSD.a,15m,-1,0.03,2020-03-16 04:15:00,1532.6802329239933,2020-03-16 13:45:00,1492.719568347817,1553.1402158260917,1492.479568347817,target,38,119.88199372852932,-0.72,-0.0,0.0,119.88199372852932,194.21321905896824,1.9531132927817936,0.8714458443744876,2.7932688505879546,break_dn
XAUUSD.a,15m,-1,0.04,2020-03-16 22:45:00,1496.0142926050003,2020-03-16 23:45:00,1512.53060234442,1511.9575022646907,1464.8949954706186,stop,4,-66.06523895767896,-0.96,-1.3324003189171683,0.0,-66.06523895767896,-107.97620161425016,-1.0359463427981075,1.321296517116035,0.40294851175689145,break_dn
XAUUSD.a,15m,-1,0.03,2020-03-17 01:30:00,1502.086382440436,2020-03-17 13:45:00,1467.2784586203857,1520.0657706898073,1467.0384586203857,target,49,104.42377146015087,-0.72,-0.0,0.0,104.42377146015087,174.01351707269055,1.9359904429043806,0.9574084123894403,2.049924164784894,break_dn
XAUUSD.a,15m,1,0.06,2020-03-18 01:00:00,1527.808800592785,2020-03-18 08:45:00,1516.8789057535155,1517.0253526961988,1549.7392946076027,stop,31,-65.57936903561722,-1.44,-0.8786816560994726,0.0,-65.57936903561722,-109.08078681905725,-1.0135807159349868,1.5161014129776198,1.7157035101056946,break_up
XAUUSD.a,15m,-1,0.06,2020-03-18 12:30:00,1490.9482394531883,2020-03-18 13:00:00,1501.7914118149852,1501.3016255975526,1470.5167488048946,stop,2,-65.05903417078116,-1.44,-1.4987173045948277,0.0,-65.05903417078116,-109.7172439934249,-1.0473068627599815,2.025594356704967,0.3678255017331845,break_dn
XAUUSD.a,15m,-1,0.04,2020-03-18 19:30:00,1488.2900864652772,2020-03-18 21:45:00,1501.9107368527916,1501.373184552971,1462.693630894058,stop,9,-54.48260155005755,-0.96,-1.1902091992827708,0.0,-54.48260155005755,-94.23773056709024,-1.041087538763181,1.0861275700507749,1.2038499107556273,break_dn
XAUUSD.a,15m,-1,0.04,2020-03-19 06:00:00,1471.6920134906775,2020-03-19 09:15:00,1485.1109762233468,1484.6819017840303,1445.496196431939,stop,13,-53.67585093067737,-0.96,-0.7562977572659046,0.0,-53.67585093067737,-92.97095460331411,-1.0330314187179042,1.0622097894701097,0.6021617210272915,break_dn
XAUUSD.a,15m,-1,0.07,2020-03-19 14:00:00,1474.938453682467,2020-03-19 16:45:00,1483.8589740285079,1483.3784268726836,1458.4231462546327,stop,11,-62.44364242228563,-1.6800000000000002,-1.6838300907693229,0.0,-62.44364242228563,-107.35604301948874,-1.0569370476651916,1.0369163645777513,1.3209110303087492,break_dn
XAUUSD.a,15m,-1,0.05,2020-03-19 21:15:00,1469.039949458495,2020-03-20 04:15:00,1482.156538591976,1481.7428656964373,1444.1142686071255,stop,24,-65.58294566740528,-1.2,-0.8683644776929579,1.5115,-64.07144566740529,-109.86187528704609,-1.0087675060948587,1.0044977312683507,1.1666572604981114,break_dn
XAUUSD.a,15m,1,0.1,2020-03-20 08:15:00,1484.8322004863703,2020-03-20 09:15:00,1495.6499618805972,1478.9400190597014,1495.6499618805972,target,4,108.17761394226864,-2.4,-0.0,0.0,108.17761394226864,182.7108516598859,1.8359518505767702,0.416178713586647,1.8648101132624952,break_up
XAUUSD.a,15m,1,0.08,2020-03-20 09:30:00,1495.4044404645122,2020-03-20 10:45:00,1510.632976041061,1487.2885119794694,1510.632976041061,target,5,121.82828461239114,-1.92,-0.0,0.0,121.82828461239114,204.45790053433888,1.8763762648493334,0.19522602588628818,1.9203667903445898,break_up
XAUUSD.a,15m,1,0.07,2020-03-20 11:00:00,1510.506699885182,2020-03-20 14:30:00,1501.408120107971,1501.5745222010212,1527.3309555979579,stop,14,-63.69005844047661,-1.6800000000000002,-1.1648146513519633,0.0,-63.69005844047661,-108.13252706362753,-1.0186295099508953,1.0687986986769047,0.6261966916238729,break_up
XAUUSD.a,15m,-1,0.06,2020-03-23 01:45:00,1486.1294063922558,2020-03-23 02:00:00,1496.661893962819,1496.2191457234608,1466.3417085530784,stop,1,-63.19492542337957,-1.44,-1.216489436149049,0.0,-63.19492542337957,-109.8621839007329,-1.0438810384316812,1.061533232540409,0.0,break_dn
XAUUSD.a,15m,1,0.02,2020-03-23 15:15:00,1518.6492141397246,2020-03-24 02:30:00,1566.6490482561253,1493.9904758719374,1566.6490482561253,target,41,95.99966823280147,-0.48,-0.0,-1.6584,94.34126823280147,160.58088209838547,1.9129378642224326,0.4002319191090648,1.9656636659141211,break_up
XAUUSD.a,15m,1,0.09,2020-03-24 04:00:00,1569.2770218614892,2020-03-24 05:30:00,1583.2997160563343,1562.1801419718329,1583.2997160563343,target,6,126.2042477536063,-2.16,-0.0,0.0,126.2042477536063,212.3864019279161,1.9758956630058273,0.21516805768614036,2.1323424341120996,break_up
XAUUSD.a,15m,1,0.03,2020-03-24 13:30:00,1593.0017096935044,2020-03-24 20:30:00,1627.3992490440544,1575.0653754779728,1627.3992490440544,target,28,103.19261805165002,-0.72,-0.0,0.0,103.19261805165002,175.00062416546544,1.9177574936557653,0.5158082795699168,1.995295687315275,break_up
XAUUSD.a,15m,1,0.04,2020-03-24 20:45:00,1628.748202125825,2020-03-25 05:30:00,1611.8996954122274,1612.1027630253798,1660.6644739492403,stop,31,-67.39402685439018,-0.96,-0.8122704526099314,-9.9504,-77.34442685439018,-129.2844577591144,-1.1616459377800619,1.4513406333137182,0.5870555781201167,break_up
XAUUSD.a,15m,1,0.04,2020-03-25 13:45:00,1625.1577099309147,2020-03-25 14:00:00,1608.1701308216839,1608.5322125111725,1656.615574977655,stop,1,-67.95031643692346,-3.72,-1.4483267579547703,0.0,-67.95031643692346,-113.11855574650151,-1.0217786981253651,1.2641853293337713,0.03562540440937062,break_up
XAUUSD.a,15m,1,0.07,2020-03-26 01:00:00,1615.1078362890707,2020-03-26 01:30:00,1605.976852257494,1606.2112221517768,1636.7775556964466,stop,2,-63.91688822103652,-5.11,-1.6405892599792735,0.0,-63.91688822103652,-108.37044459314433,-1.0263437180331645,1.5126919164287975,0.25652047798304545,break_up
XAUUSD.a,15m,-1,0.06,2020-03-26 04:45:00,1602.4555169495154,2020-03-26 13:00:00,1613.8364728154877,1612.9726096009833,1581.824780798033,stop,33,-68.2857351958337,-4.26,-0.9231792870255802,0.0,-68.2857351958337,-114.31062021165057,-1.082138975392956,1.2117876558504812,0.7526335663127056,break_dn
XAUUSD.a,15m,1,0.05,2020-03-26 15:45:00,1625.0681266635768,2020-03-26 20:30:00,1643.3731149596217,1613.698442520189,1643.3731149596217,target,19,91.5249414802247,-1.2,-0.0,0.0,91.5249414802247,151.3559475446084,1.609982130127206,0.5310725071538934,1.7266859033934143,break_up
XAUUSD.a,15m,-1,0.09,2020-03-27 10:30:00,1617.4222329721138,2020-03-27 16:15:00,1635.0937957044132,1624.8580508812192,1602.8438982375615,stop,23,-159.04406459069492,-90.45,-1.6717034087459326,0.0,-159.04406459069492,-262.40132086699595,-2.376545922494934,1.1468499003241681,1.2227616495261404,break_dn
XAUUSD.a,15m,-1,0.06,2020-03-27 17:15:00,1611.4656244777307,2020-03-27 17:45:00,1632.9208423033674,1622.6492841661468,1589.6814316677066,stop,2,-128.73130695382042,-60.300000000000004,-1.3293488233241795,0.0,-128.73130695382042,-212.20378965089745,-1.9184433739395468,1.1055750860405826,0.10333151311173253,break_dn
XAUUSD.a,15m,-1,0.03,2020-03-30 01:15:00,1623.0486606196323,2020-03-31 02:30:00,1616.6258469661439,1645.0159603812724,1579.6580792374552,signal,97,19.26844096046534,-1.02,-0.395081796863456,0.9068999999999999,20.17534096046534,32.72667557822693,0.3061420259413049,0.282753886356761,0.6299663941308666,break_dn
XAUUSD.a,15m,-1,0.13,2020-03-31 02:45:00,1614.6355992457236,2020-03-31 11:30:00,1605.28953299286,1619.72023350357,1605.04953299286,target,35,121.49886128722801,-3.12,-0.0,0.0,121.49886128722801,197.71343697068934,1.8381000046249785,0.9488196219485545,2.2254499875309635,break_dn
XAUUSD.a,15m,-1,0.15,2020-03-31 12:15:00,1609.7983842671529,2020-03-31 13:15:00,1601.6022569128993,1614.1238715435502,1601.3622569128993,target,4,122.94191031380365,-3.5999999999999996,-0.0,0.0,122.94191031380365,201.825347309864,1.8948448649882716,0.27086329423282696,2.766944739951089,break_dn
XAUUSD.a,15m,-1,0.08,2020-03-31 13:30:00,1600.5649630680373,2020-03-31 15:30:00,1609.0305906900455,1608.6680403800297,1584.4339192399405,stop,8,-67.72502097606593,-1.92,-0.9804024801277091,0.0,-67.72502097606593,-110.95732256838629,-1.0447422992594815,1.0039441336593313,0.7657539017743525,break_dn
XAUUSD.a,15m,-1,0.09,2020-03-31 19:45:00,1599.2347848458244,2020-03-31 20:15:00,1584.4833270953288,1606.6333364523357,1584.2433270953288,target,2,132.76311975445992,-2.16,-0.0,0.0,132.76311975445992,217.12123203830103,1.9938304867013539,0.08315345852748955,2.2294613490710313,break_dn
XAUUSD.a,15m,-1,0.08,2020-03-31 22:30:00,1578.5854033593007,2020-04-01 07:30:00,1587.2272767632912,1586.9173138217116,1562.1453723565771,stop,32,-69.13498723192424,-1.92,-0.5597035326376577,7.2552,-61.87978723192424,-101.03812166403932,-0.9283553200537389,1.1227432991391721,1.293269221736555,break_dn
XAUUSD.a,15m,-1,0.17,2020-04-01 08:15:00,1586.4829527010081,2020-04-01 10:00:00,1590.8378143737561,1590.5054314841789,1578.6091370316421,stop,7,-74.0326484367165,-4.08,-1.5705091228151948,0.0,-74.0326484367165,-121.97688146557567,-1.0826313592921604,1.7892070255542307,0.7142244511091209,break_dn
XAUUSD.a,15m,1,0.38,2020-04-02 01:00:00,1586.7562972483381,2020-04-02 04:00:00,1584.8561919191982,1584.9695327818013,1600.9309344363974,stop,12,-72.20400250731745,-9.12,-4.306952778918681,0.0,-72.20400250731745,-118.84649983098637,-1.063433577690719,2.2086275624156406,4.932772571163084,break_up
XAUUSD.a,15m,-1,0.18,2020-04-02 07:15:00,1583.3600061804177,2020-04-02 08:15:00,1587.3025503546937,1586.9888979775164,1576.2522040449674,stop,4,-70.96579513696815,-4.32,-1.3257427891906088,0.0,-70.96579513696815,-116.41752540596501,-1.0864320003776469,1.3668067544884355,0.05511494737251038,break_dn
XAUUSD.a,15m,1,0.09,2020-04-02 21:00:00,1615.8898404188853,2020-04-02 21:30:00,1608.6887727930236,1608.825165885817,1628.6696682283664,stop,2,-64.80960863275527,-4.5,-1.2275378351388655,0.0,-64.80960863275527,-107.13748699456998,-1.0193063519281476,1.1068932308604107,0.0,break_up
XAUUSD.a,15m,1,0.1,2020-04-02 22:15:00,1618.3199344812601,2020-04-02 23:45:00,1611.6773065116136,1611.801615043711,1629.8567699125776,stop,6,-66.42627969646583,-8.8,-1.2430853209747037,0.0,-66.42627969646583,-109.63241408890218,-1.019070641334551,1.3638384197695543,0.22552830262835163,break_up
XAUUSD.a,15m,1,0.15,2020-04-03 11:00:00,1615.4179115631944,2020-04-03 11:30:00,1611.024504260783,1611.1227562060371,1622.6644875879258,stop,2,-65.90110953617,-3.5999999999999996,-1.4737791788129302,0.0,-65.90110953617,-109.49210729077225,-1.0228750620371352,1.7479953433310587,0.482424560814272,break_up
XAUUSD.a,15m,1,0.11,2020-04-03 15:00:00,1619.6042295708407,2020-04-03 15:15:00,1613.6233361767247,1613.7376345075386,1630.3947309849227,stop,1,-65.78982733527641,-11.55,-1.2572816389529708,0.0,-65.78982733527641,-109.75947169715784,-1.0194829078163008,1.1444849181496728,0.2123498239979006,break_up
XAUUSD.a,15m,1,0.11,2020-04-03 22:00:00,1623.080642324841,2020-04-03 23:45:00,1617.4733599434344,1617.5769404271161,1633.546119145768,stop,7,-61.680106195472035,-7.37,-1.139385320498723,0.0,-61.680106195472035,-102.89964665088259,-1.0188201478943788,1.47730427191234,0.3977972855077988,break_up
XAUUSD.a,15m,1,0.12,2020-04-06 09:15:00,1623.6748556242014,2020-04-06 11:15:00,1632.7991977699826,1618.6704011150089,1632.7991977699826,target,8,109.49210574937388,-2.88,-0.0,0.0,109.49210574937388,180.65917426926572,1.8232440976375914,0.25474417278838013,1.9353047086366908,break_up
XAUUSD.a,15m,1,0.07,2020-04-06 21:00:00,1656.993610070095,2020-04-07 02:15:00,1673.7975990892073,1648.1062004553964,1673.7975990892073,target,17,117.62792313378647,-1.6800000000000002,-0.0,-5.804400000000001,111.82352313378647,182.81376395139037,1.7974628954529444,0.8184173325448416,1.9124121275782535,break_up
XAUUSD.a,15m,1,0.08,2020-04-07 05:30:00,1659.4495498845522,2020-04-07 10:45:00,1651.0236264943032,1651.1957754471825,1674.638449105635,stop,21,-67.40738712199163,-1.92,-1.377191623034214,0.0,-67.40738712199163,-108.90954893443788,-1.0208569975089068,1.8512197056625004,1.1256001949101635,break_up
XAUUSD.a,15m,-1,0.07,2020-04-07 16:45:00,1647.4518031976793,2020-04-07 17:15:00,1656.4200763560623,1656.0012131448977,1631.1275737102046,stop,2,-62.777912108681,-1.6800000000000002,-1.2520424781524389,0.0,-62.777912108681,-101.60211061805043,-1.0489932303808651,1.0934318110879795,0.19671570413189424,break_dn
XAUUSD.a,15m,-1,0.08,2020-04-07 21:45:00,1643.937421187648,2020-04-07 22:30:00,1652.5313079919274,1652.124204793638,1628.1715904127243,stop,3,-68.75109443423571,-1.92,-1.3368255863150291,0.0,-68.75109443423571,-111.11647153723871,-1.049726879062925,1.474642471741754,0.015564254996891076,break_dn
XAUUSD.a,15m,-1,0.11,2020-04-08 01:45:00,1646.670673719789,2020-04-08 10:15:00,1652.7938382203838,1652.4544035940385,1633.5111928119234,stop,34,-67.35480950654323,-2.6399999999999997,-1.0937808897982164,0.0,-67.35480950654323,-109.63410623501404,-1.0586878422273105,1.4297566553078551,1.0807340342117864,break_dn
XAUUSD.a,15m,-1,0.12,2020-04-08 23:00:00,1645.572185231402,2020-04-09 09:00:00,1651.0874201831741,1650.796027854998,1635.1779442900036,stop,36,-66.18281942126487,-2.88,-0.6167079381118719,3.6275999999999997,-62.555219421264866,-100.4854696500809,-0.9979119447866377,1.2591908375811531,0.8350529573188236,break_dn
XAUUSD.a,15m,1,0.24,2020-04-09 09:15:00,1651.4852142983948,2020-04-09 10:00:00,1656.2152563353284,1648.7973718323358,1656.2152563353284,target,3,113.52100888640598,-5.76,-0.0,0.0,113.52100888640598,181.83727196284798,1.7597913927853455,0.7051061668705951,2.427517901066583,break_up
XAUUSD.a,15m,1,0.16,2020-04-09 10:45:00,1657.3013400002894,2020-04-09 14:45:00,1664.5051868443675,1653.2174065778163,1664.5051868443675,target,16,115.2615495052487,-3.84,-0.0,0.0,115.2615495052487,184.99863492753065,1.763948159496576,0.5414730779206418,1.9806052555118203,break_up
XAUUSD.a,15m,1,0.09,2020-04-09 15:45:00,1669.0635551217604,2020-04-09 16:30:00,1681.8222287494862,1662.198885625257,1681.8222287494862,target,3,114.82806264953206,-2.16,-0.0,0.0,114.82806264953206,182.23783946918277,1.8585998399812973,0.3180859796487612,1.9777273887919837,break_up
XAUUSD.a,15m,1,0.09,2020-04-09 20:15:00,1689.43378526934,2020-04-09 20:30:00,1681.6872639309333,1681.8503576989428,1703.0292846021146,stop,1,-69.71869204565974,-2.16,-1.4678439120850184,0.0,-69.71869204565974,-110.11749884804027,-1.0215066032470805,1.3719106792754892,0.1063127092829622,break_up
XAUUSD.a,15m,1,0.01,2020-04-13 01:15:00,1689.8765525286417,2020-04-14 02:30:00,1717.4614974054653,1653.0028638423712,1762.3742723152577,signal,97,27.584944876823556,-0.51,-0.13700518906953657,-0.8292,26.755744876823556,41.81173114472904,0.725605325370818,0.2748993358078634,0.8863622988585778,break_up
XAUUSD.a,15m,1,0.06,2020-04-14 15:30:00,1729.8487063882487,2020-04-14 22:00:00,1718.673183608354,1718.846016522538,1750.8679669549238,stop,26,-67.05313667936798,-1.44,-1.0369974851036357,0.0,-67.05313667936798,-104.12462797858282,-1.0157082419202466,1.057805548488663,1.629719080570768,break_up
XAUUSD.a,15m,-1,0.1,2020-04-15 04:45:00,1721.6942395143776,2020-04-15 10:15:00,1709.2911131208546,1728.2494434395726,1709.0511131208546,target,22,124.03126393523053,-2.4,-0.0,0.0,124.03126393523053,195.94506064113259,1.8921038208821463,0.8917740092194733,1.965497894711864,break_dn
XAUUSD.a,15m,-1,0.09,2020-04-15 19:30:00,1710.546207425428,2020-04-15 20:30:00,1718.3839541391349,1717.9925232461858,1696.2649535076284,stop,4,-70.53972042336113,-2.16,-1.3628780365406588,0.0,-70.53972042336113,-111.38436826679478,-1.0525670549532564,1.0923244152360334,0.026349597593107527,break_dn
XAUUSD.a,15m,1,0.13,2020-04-16 13:45:00,1726.8493135113526,2020-04-16 14:45:00,1735.739267294543,1721.8803663527285,1735.739267294543,target,4,115.56939918147418,-3.12,-0.0,0.0,115.56939918147418,183.4784390383473,1.7891020973650058,0.2876491670618494,2.081061874586461,break_up
XAUUSD.a,15m,1,0.09,2020-04-16 15:00:00,1737.0802370481247,2020-04-16 15:30:00,1729.4465777219236,1729.5708011489626,1751.1683977020748,stop,2,-68.70293393580937,-2.16,-1.118010843350318,0.0,-68.70293393580937,-108.7295392023824,-1.0165423113942291,1.6326442109310408,0.2196919947155319,break_up
XAUUSD.a,15m,-1,0.08,2020-04-16 20:00:00,1713.0563277426768,2020-04-17 08:45:00,1697.9078570487889,1720.8910714756057,1697.6678570487888,target,47,121.18776555110344,-1.92,-0.0,2.4184,123.60616555110344,194.3187636395275,1.97208373631282,0.8441465965921061,2.5828959353992467,break_dn
XAUUSD.a,15m,-1,0.06,2020-04-17 09:00:00,1694.3970291423157,2020-04-17 09:45:00,1705.3555862961828,1704.9612233000096,1673.9375533999805,stop,3,-65.75134292320263,-1.44,-0.9261779770388485,0.0,-65.75134292320263,-103.41513514187264,-1.037330154130684,1.074665108215183,0.8970896408045901,break_dn
XAUUSD.a,15m,-1,0.08,2020-04-17 13:00:00,1690.600208990375,2020-04-17 15:30:00,1699.1027387602926,1698.7195159028859,1674.1509681942282,stop,10,-68.0202381593408,-1.92,-1.1457828592542634,0.0,-68.0202381593408,-106.79389910875733,-1.0471989618739792,1.033313692908611,0.9077386862933313,break_dn
XAUUSD.a,15m,-1,0.1,2020-04-17 21:15:00,1680.8727678120185,2020-04-20 14:30:00,1687.8128556315903,1687.4474451466301,1666.33510970674,stop,65,-69.40087819571772,-2.4,-1.2541048496018075,3.023,-66.37787819571773,-104.4629980103203,-1.0095990239137602,1.3441316947158728,1.5016353365426114,break_dn
XAUUSD.a,15m,1,0.09,2020-04-20 16:45:00,1692.0875259312766,2020-04-20 17:00:00,1684.5653500651556,1684.7041040408621,1705.9617919182756,stop,1,-67.69958279508865,-2.16,-1.2487857813593364,0.0,-67.69958279508865,-105.97765031087279,-1.0187926381244297,1.3147732955473297,0.0,break_up
XAUUSD.a,15m,-1,0.15,2020-04-21 08:00:00,1686.6411974382327,2020-04-21 08:15:00,1691.3896175778718,1691.0699425811245,1678.290114837751,stop,1,-71.22630209458748,-3.5999999999999996,-1.1951249512110604,0.0,-71.22630209458748,-112.89634188395543,-1.072181845293235,1.2619381746853238,0.19219833401316616,break_dn
XAUUSD.a,15m,1,0.11,2020-04-21 10:00:00,1694.729653857584,2020-04-21 12:00:00,1688.8418240583821,1688.938681707012,1706.1326365859763,stop,8,-64.7661277912207,-2.6399999999999997,-1.0654341349268057,0.0,-64.7661277912207,-103.14720145121946,-1.016725628462956,1.1120160294585237,0.5284684613987666,break_up
XAUUSD.a,15m,1,0.1,2020-04-22 02:45:00,1687.9135468945956,2020-04-22 06:30:00,1681.4202403368206,1681.5313770042942,1699.857245991412,stop,15,-64.93306557774986,-2.4,-1.111366674736038,0.0,-64.93306557774986,-102.98988957262698,-1.017413617842184,1.0096169493055087,0.6136554138673043,break_up
XAUUSD.a,15m,1,0.09,2020-04-22 10:45:00,1692.2444844570086,2020-04-22 12:15:00,1705.8823155293112,1684.9388422353445,1705.8823155293112,target,6,122.74047965072305,-2.16,-0.0,0.0,122.74047965072305,193.58170436199518,1.8667532105337676,0.1306503149275843,2.048487331970994,break_up
XAUUSD.a,15m,1,0.05,2020-04-22 12:30:00,1707.2610354914816,2020-04-22 14:45:00,1695.1226493610238,1695.2454910181216,1729.9990179637566,stop,9,-60.691930652288875,-1.2,-0.6142082854889647,0.0,-60.691930652288875,-95.8767979720844,-1.0102235614349484,1.0395729897364057,0.0,break_up
XAUUSD.a,15m,1,0.09,2020-04-22 18:15:00,1710.5191105822544,2020-04-23 11:15:00,1723.6943208829196,1703.3628395585404,1723.6943208829196,target,64,118.57689270598667,-2.16,-0.0,-7.4628,111.11409270598666,175.34179060436588,1.725201611251692,0.5057257572081185,2.3742657819194224,break_up
XAUUSD.a,15m,1,0.09,2020-04-23 11:30:00,1724.033627362053,2020-04-23 17:15:00,1737.3966256124022,1716.9866871937988,1737.3966256124022,target,23,120.26698425314248,-2.16,-0.0,0.0,120.26698425314248,188.1023261228123,1.8962837673219106,0.6064514895848468,1.940753335689974,break_up
XAUUSD.a,15m,-1,0.2,2020-04-24 06:45:00,1722.4524258057936,2020-04-24 07:00:00,1726.167612977302,1725.8558846353717,1716.208230729257,stop,1,-74.30374343016865,-4.8,-1.4345668386067922,0.0,-74.30374343016865,-116.9125063805659,-1.0915916300268547,1.0276528582659594,0.21520043064084265,break_dn
XAUUSD.a,15m,-1,0.15,2020-04-24 08:15:00,1722.2749055682896,2020-04-24 09:15:00,1727.0956313880854,1726.7800298393524,1713.4899403212949,stop,4,-72.31088729693738,-3.5999999999999996,-1.134023230993148,0.0,-72.31088729693738,-113.85927553092849,-1.0700539052296771,1.18866741725798,0.005528275534937211,break_dn
XAUUSD.a,15m,1,0.11,2020-04-24 13:45:00,1733.0614395171574,2020-04-24 17:00:00,1726.8890667308422,1727.0223203135988,1744.2353593728023,stop,13,-67.8961006494676,-2.6399999999999997,-1.465789410322209,0.0,-67.8961006494676,-106.47195447547806,-1.0220650691375874,2.9096030273426825,0.5296402298132856,break_up
XAUUSD.a,15m,-1,0.08,2020-04-24 18:45:00,1713.2128625893515,2020-04-24 19:45:00,1721.5344454821886,1721.1538470888552,1697.5023058222896,stop,4,-66.57266314269691,-1.92,-1.1247871466671981,0.0,-66.57266314269691,-104.45064507138338,-1.0479283637132457,1.0775915015554207,0.3642952066626494,break_dn
XAUUSD.a,15m,-1,0.21,2020-04-27 07:00:00,1721.6281857620688,2020-04-27 09:45:00,1715.841522338339,1724.8092388308305,1715.601522338339,target,11,121.51993189832592,-5.04,-0.0,0.0,121.51993189832592,188.02112283320065,1.8191030764483376,0.6104312615843968,2.658926330129205,break_dn
XAUUSD.a,15m,-1,0.06,2020-04-27 17:15:00,1709.589329993377,2020-04-28 18:30:00,1703.396813277441,1719.9848258196598,1689.3403483606803,signal,97,37.15510029561665,-1.44,-1.1617593292912982,1.8137999999999999,38.96890029561665,59.96968390085817,0.6247721921560858,0.8042588969623594,1.718949273030186,break_dn
XAUUSD.a,15m,1,0.12,2020-04-28 23:00:00,1709.0358369861658,2020-04-29 01:00:00,1703.340708033748,1703.443662782884,1719.272674434232,stop,4,-68.34154742901501,-2.88,-1.2354569896353593,-29.8512,-98.19274742901501,-151.2216398888316,-1.463246432419065,1.0274781824203432,0.20996538576090532,break_up
XAUUSD.a,15m,1,0.18,2020-04-29 04:15:00,1709.9103073084757,2020-04-29 10:30:00,1706.0756908659728,1706.1371064666866,1716.5857870666264,stop,25,-69.02309596505256,-4.32,-1.1054808128493174,0.0,-69.02309596505256,-105.59641392955338,-1.0162767907909063,1.232456872417843,0.8453546008464883,break_up
XAUUSD.a,15m,-1,0.18,2020-04-29 13:45:00,1703.9202970135025,2020-04-29 14:30:00,1707.9789663965266,1707.660967565622,1696.588064868756,stop,3,-73.05604889443475,-4.32,-1.4039789562835017,0.0,-73.05604889443475,-112.2402385878332,-1.085011183549533,1.4488586768023362,0.49196981874273304,break_dn
XAUUSD.a,15m,-1,0.12,2020-04-29 16:15:00,1700.0655435342421,2020-04-29 16:45:00,1705.958965241324,1705.601670271581,1689.2166594568382,stop,2,-70.72106048498244,-2.88,-1.4075396369165167,0.0,-70.72106048498244,-108.23713323586594,-1.0645387988199662,1.183942632951415,0.40561635251175016,break_dn
XAUUSD.a,15m,1,0.19,2020-04-30 09:00:00,1715.5582864659848,2020-04-30 10:30:00,1721.6957915128378,1712.057104243581,1721.6957915128378,target,6,116.61259589020688,-4.56,-0.0,0.0,116.61259589020688,178.14873031593825,1.7529807524954615,0.8877819743557289,1.762751305694131,break_up
XAUUSD.a,15m,-1,0.08,2020-04-30 19:15:00,1691.8610425841268,2020-05-01 08:45:00,1676.0681606435264,1700.0709196782368,1675.8281606435264,target,50,126.34305552480328,-1.92,-0.0,2.4184,128.76145552480327,199.43227731367833,1.960465638657077,0.013271503900023258,2.417946378072897,break_dn
XAUUSD.a,15m,-1,0.12,2020-05-01 09:00:00,1672.1250652054846,2020-05-01 10:00:00,1678.233546315769,1677.8971620123737,1660.7456759752529,stop,4,-73.30177332341282,-2.88,-1.156611640744372,0.0,-73.30177332341282,-113.67612133959774,-1.0582776614199982,1.0524658538756573,0.31792003268109653,break_dn
XAUUSD.a,15m,1,0.07,2020-05-01 18:15:00,1691.8234689867234,2020-05-04 13:15:00,1709.6360470375166,1682.4019764812417,1709.6360470375166,target,72,124.68804635555286,-1.6800000000000002,-0.0,-5.804400000000001,118.88364635555286,185.749892746403,1.8026207674539834,0.18929792553416874,2.296507798598583,break_up
XAUUSD.a,15m,-1,0.24,2020-05-05 04:00:00,1698.7459123708331,2020-05-05 08:15:00,1701.9149521819104,1701.6298953073,1693.1102093853997,stop,17,-76.05695546585412,-5.76,-1.0813649906480889,0.0,-76.05695546585412,-117.74251573759075,-1.0988413873764111,1.0104385821147952,0.8099605380102134,break_dn
XAUUSD.a,15m,-1,0.17,2020-05-05 15:00:00,1695.200808257239,2020-05-05 15:15:00,1699.4561843947338,1699.1257030387453,1687.6785939225092,stop,1,-72.34139433741075,-4.08,-1.5381830518032031,0.0,-72.34139433741075,-112.23550436337096,-1.0842013287962937,1.2609743746714341,0.13014571999378324,break_dn
XAUUSD.a,15m,1,0.13,2020-05-05 20:45:00,1704.6237155829153,2020-05-06 13:15:00,1699.3690793858689,1699.4405818856126,1714.0788362287747,stop,62,-68.31027056160406,-3.12,-0.9295324966682066,-32.3388,-100.64907056160405,-156.34807077530724,-1.4937365403241334,1.0329109561077616,1.3536761401188522,break_up
XAUUSD.a,15m,-1,0.2,2020-05-06 13:45:00,1700.6828094474263,2020-05-06 15:15:00,1704.3979342647567,1704.0778601111147,1694.2142797777706,stop,6,-74.30249634660868,-4.8,-1.6014830728401563,0.0,-74.30249634660868,-115.2959831586759,-1.0942766943260651,1.3216858883922848,0.7106843715860852,break_dn
XAUUSD.a,15m,-1,0.1,2020-05-06 15:45:00,1695.6714628164439,2020-05-06 19:00:00,1683.3110243196736,1702.0594878401632,1683.0710243196736,target,13,123.60438496770257,-2.4,-0.0,0.0,123.60438496770257,192.60519667737057,1.9349389601441342,0.3692122643224829,2.1479976621091303,break_dn
XAUUSD.a,15m,-1,0.19,2020-05-07 06:15:00,1690.8275673140276,2020-05-07 12:00:00,1694.6256748423384,1694.3132984754254,1683.9834030491488,stop,23,-72.16404303790455,-4.56,-1.3751509713465861,0.0,-72.16404303790455,-111.68484080525047,-1.089615736971443,1.3949534432892323,1.8640471720780072,break_dn
XAUUSD.a,15m,1,0.19,2020-05-07 15:00:00,1695.9198009210609,2020-05-07 18:15:00,1702.5492157181861,1692.320392140907,1702.5492157181861,target,13,125.95888114538002,-4.56,-0.0,0.0,125.95888114538002,193.809729263098,1.8418065860365533,0.6583861588956793,2.1865254989466827,break_up
XAUUSD.a,15m,1,0.1,2020-05-07 18:30:00,1702.325668526221,2020-05-07 19:30:00,1714.1961313231673,1695.9319343384163,1714.1961313231673,target,4,118.70462796946185,-2.4,-0.0,0.0,118.70462796946185,182.8334662602416,1.8565774629148069,0.09160038703800996,2.022969847331088,break_up
XAUUSD.a,15m,1,0.18,2020-05-08 13:15:00,1722.5075892822836,2020-05-08 14:00:00,1718.6211791909088,1718.693454730182,1729.2730905396359,stop,3,-69.9553816447451,-4.32,-1.3009597069178935,0.0,-69.9553816447451,-107.29517576150724,-1.0189493942298016,1.1608372022020546,0.053068583436563385,break_up
XAUUSD.a,15m,-1,0.1,2020-05-08 21:15:00,1704.224664019701,2020-05-11 04:30:00,1711.5250873481261,1711.1969455840103,1690.5061088319792,stop,25,-73.0042332842504,-2.4,-0.8814176411578614,3.023,-69.98123328425041,-106.75031009251694,-1.0037063569331568,1.1323891480106918,0.6374762663707004,break_dn
XAUUSD.a,15m,-1,0.19,2020-05-11 12:45:00,1701.987855894891,2020-05-11 13:15:00,1695.2352502190345,1705.5623748904827,1694.9952502190345,target,2,128.2995078412746,-4.56,-0.0,0.0,128.2995078412746,197.70017850295025,1.8890949199554614,0.1460739489013497,2.2878199570282054,break_dn
XAUUSD.a,15m,-1,0.12,2020-05-12 01:15:00,1696.7685675105874,2020-05-12 08:00:00,1702.5419152737331,1702.2467494299044,1686.2665011401914,stop,27,-69.28017315774832,-2.88,-0.6619901259457617,0.0,-69.28017315774832,-106.99971143162463,-1.053880255927231,1.1648814485168282,0.5564925655056597,break_dn
XAUUSD.a,15m,1,0.21,2020-05-12 08:45:00,1702.7656945235403,2020-05-12 09:00:00,1699.516914327404,1699.5729102709065,1708.1141794581872,stop,1,-68.22438411886219,-5.04,-1.1759148135539903,0.0,-68.22438411886219,-105.46031057760185,-1.0175382797808132,1.166910830403566,0.0,break_up
XAUUSD.a,15m,1,0.16,2020-05-12 10:45:00,1704.8113584432667,2020-05-12 15:15:00,1700.506776056108,1700.5802545666497,1712.4294908667005,stop,18,-68.87331819453902,-3.84,-1.17565616866871,0.0,-68.87331819453902,-105.69065939467356,-1.0173662743067515,1.1725919731457168,0.5763605971033503,break_up
XAUUSD.a,15m,1,0.11,2020-05-12 17:00:00,1708.7529038385612,2020-05-12 17:00:00,1702.7431196696111,1702.8374754274528,1719.6450491450946,stop,0,-66.107625858451,-2.6399999999999997,-1.0379133362584267,0.0,-66.107625858451,-101.41539596295313,-1.0159507902529006,1.1179078469013164,0.018104548647324102,break_up
XAUUSD.a,15m,1,0.23,2020-05-13 14:15:00,1706.129135781239,2020-05-13 15:15:00,1711.1862158828965,1703.1968920585516,1711.1862158828965,target,4,116.3128423381213,-5.52,-0.0,0.0,116.3128423381213,178.51987957473264,1.724645213673646,0.17022315620526218,1.7668600255413376,break_up
XAUUSD.a,15m,1,0.13,2020-05-13 15:30:00,1710.8633360274432,2020-05-13 16:15:00,1705.5492504626836,1705.6481247624063,1720.3537504751873,stop,3,-69.08311234187454,-3.12,-1.285365896394433,0.0,-69.08311234187454,-106.63113331667549,-1.0189588292204952,1.6496620348096824,1.3665149138510149,break_up
XAUUSD.a,15m,1,0.17,2020-05-13 22:15:00,1715.0008593806447,2020-05-14 07:30:00,1710.9416716681494,1710.994015695427,1722.1419686091463,stop,33,-69.0061911124194,-4.08,-0.8898484637159867,-14.096400000000001,-83.1025911124194,-129.22188013126947,-1.2200095877285533,1.038438159191288,1.1927444629264563,break_up
XAUUSD.a,15m,1,0.23,2020-05-14 08:15:00,1713.3835760757843,2020-05-14 10:00:00,1718.1451158537009,1710.5024420731495,1718.1451158537009,target,7,109.51541489208171,-5.52,-0.0,0.0,109.51541489208171,170.27179777368966,1.6526616858369638,0.4142730170456158,2.0569761485567795,break_up
XAUUSD.a,15m,1,0.07,2020-05-14 16:45:00,1726.490642910016,2020-05-15 15:45:00,1744.8234548255475,1716.8582725872263,1744.8234548255475,target,88,128.32968340872026,-1.6800000000000002,-0.0,-5.804400000000001,122.52528340872026,190.18872671052304,1.8171655915386458,0.16824964735645573,1.9319603032656503,break_up
XAUUSD.a,15m,1,0.13,2020-05-15 16:15:00,1744.7654345226758,2020-05-15 16:30:00,1739.6820233496235,1739.7842857204935,1753.6014285590134,stop,1,-66.08434524968061,-3.12,-1.3294108213093634,0.0,-66.08434524968061,-102.62341059038839,-1.020529876727471,1.2377535318709407,0.0,break_up
XAUUSD.a,15m,1,0.09,2020-05-15 19:00:00,1749.016615721899,2020-05-15 21:00:00,1741.4842983014064,1741.5974095279548,1762.9651809440904,stop,8,-67.79085678443266,-2.16,-1.0180010389353498,0.0,-67.79085678443266,-105.62943186829234,-1.0152457316310677,1.099391971146028,0.3482022484035656,break_up
XAUUSD.a,15m,1,0.14,2020-05-15 23:45:00,1744.486808671017,2020-05-18 02:15:00,1753.0389058297778,1739.825547085111,1753.0389058297778,target,6,119.72936022265323,-4.0600000000000005,-0.0,-11.608800000000002,108.12056022265322,168.27840846469817,1.6568255216812142,0.8081092643258926,1.8757135097115885,break_up
XAUUSD.a,15m,1,0.12,2020-05-18 08:45:00,1763.5116410111318,2020-05-18 15:00:00,1757.8831009067935,1757.9794840159755,1773.7010319680492,stop,25,-67.54248125205959,-2.88,-1.15659731018261,0.0,-67.54248125205959,-104.3433304785336,-1.0174223380258967,1.8440620936939875,0.319650904776642,break_up
XAUUSD.a,15m,-1,0.19,2020-05-19 08:00:00,1735.4312593589027,2020-05-19 09:30:00,1728.6327001895145,1738.9936499052428,1728.3927001895145,target,6,129.1726242183763,-4.56,-0.0,0.0,129.1726242183763,196.95152047445538,1.9084261203120623,0.7603716116640462,2.7513152281891453,break_dn
XAUUSD.a,15m,-1,0.19,2020-05-19 10:00:00,1728.8169331885947,2020-05-19 10:30:00,1732.7549251694463,1732.4327566148993,1721.744486770201,stop,2,-74.82184763618079,-4.56,-1.561202536392718,0.0,-74.82184763618079,-114.29115515867899,-1.0890996369466786,1.1153937391038606,0.6988541448710327,break_dn
XAUUSD.a,15m,-1,0.16,2020-05-19 14:30:00,1732.4885426441012,2020-05-19 16:00:00,1737.0178905385906,1736.6934872549418,1724.2330254901162,stop,6,-72.46956631182911,-3.84,-1.3504525383805883,0.0,-72.46956631182911,-110.62198151734688,-1.0771480515611085,1.2797926855029067,0.3658889204235292,break_dn
XAUUSD.a,15m,1,0.08,2020-05-19 17:30:00,1743.9622385660193,2020-05-20 18:45:00,1748.9574265356327,1735.3597857163722,1760.2304285672558,signal,97,39.961503756907405,-1.92,-1.1611754298741428,-19.9008,20.060703756907404,30.395005692283945,0.2914968571686273,0.753533751281792,1.0947762921324415,break_up
XAUUSD.a,15m,1,0.13,2020-05-20 21:15:00,1752.3307738381566,2020-05-20 23:15:00,1746.9374670765555,1747.0161828294165,1762.057634341167,stop,8,-70.11298790081332,-3.12,-1.0233047871914123,0.0,-70.11298790081332,-106.2430680539047,-1.0148112531578615,1.0086898181516728,0.06759243773466614,break_up
XAUUSD.a,15m,-1,0.24,2020-05-21 04:00:00,1745.2012162941785,2020-05-21 05:45:00,1739.960866163507,1747.9995669182465,1739.720866163507,target,7,125.76840313611501,-5.76,-0.0,0.0,125.76840313611501,191.6266503170938,1.8726567305756268,0.19610970158690505,2.659143650612691,break_dn
XAUUSD.a,15m,-1,0.15,2020-05-21 06:00:00,1740.1778595160251,2020-05-21 11:30:00,1731.6314555719323,1744.6642722140339,1731.3914555719323,target,22,128.19605916139267,-3.5999999999999996,-0.0,0.0,128.19605916139267,195.08180777519658,1.9049526914646329,0.8229605104348707,1.9832904627731687,break_dn
XAUUSD.a,15m,-1,0.1,2020-05-21 17:15:00,1728.4486416129675,2020-05-22 09:45:00,1735.2330081876933,1734.927191713992,1715.705616572016,stop,62,-67.84366574725709,-2.4,-0.6581647370135422,3.023,-64.8206657472571,-99.3420164708921,-1.000542787143178,1.0961338997609178,1.748638420065052,break_dn
XAUUSD.a,15m,1,0.18,2020-05-22 11:15:00,1736.9252009225456,2020-05-22 12:30:00,1733.0787487114567,1733.151075467983,1743.6178490640343,stop,5,-69.236139799601,-4.32,-1.3018816174753916,0.0,-69.236139799601,-106.08789022815532,-1.019163845345647,1.1221674990759862,0.8438508777189926,break_up
XAUUSD.a,15m,1,0.13,2020-05-22 15:30:00,1736.9771499858887,2020-05-22 16:15:00,1731.5894460272725,1731.6826930675406,1746.7646138649188,stop,3,-70.04015146201004,-3.12,-1.2122115234852848,0.0,-70.04015146201004,-107.5142397144985,-1.017612201157965,1.278157531594404,0.2857422465500717,break_up
XAUUSD.a,15m,1,0.13,2020-05-22 16:45:00,1737.7263113938957,2020-05-22 18:15:00,1732.6610783297867,1732.758954141163,1746.6820917176742,stop,6,-65.84802983341638,-3.12,-1.2723855478914396,0.0,-65.84802983341638,-100.89023523896667,-1.0197037995047475,1.2635111739633587,0.010808283635076283,break_up
XAUUSD.a,15m,-1,0.17,2020-05-25 03:30:00,1728.3535125957676,2020-05-25 17:45:00,1732.7359576573815,1732.4234712446473,1720.3230575107057,stop,57,-74.50156604743643,-4.08,-1.2322690164815142,0.0,-74.50156604743643,-113.8523557733949,-1.076778768457562,1.190795244459418,1.6618135905703555,break_dn
XAUUSD.a,15m,1,0.24,2020-05-26 06:00:00,1734.315533257746,2020-05-26 08:00:00,1731.4920038969442,1731.5444196055357,1739.0311607889284,stop,8,-67.76470465924285,-5.76,-1.2579770061981714,0.0,-67.76470465924285,-103.0140534785243,-1.0189150338708475,1.3083307697806534,0.4166075041105705,break_up
XAUUSD.a,15m,-1,0.24,2020-05-26 12:30:00,1724.7608090414178,2020-05-26 15:00:00,1727.9331097662596,1727.6251985216904,1719.149602956619,stop,10,-76.13521739620228,-5.76,-1.629869869659579,0.0,-76.13521739620228,-114.64248000512308,-1.1074962908116235,1.1378309343155284,1.5922447253868879,break_dn
XAUUSD.a,15m,-1,0.22,2020-05-27 07:00:00,1708.3149448468555,2020-05-27 14:30:00,1702.4117979871749,1711.4541010064124,1702.1717979871748,target,30,129.86923091297422,-5.279999999999999,-0.0,0.0,129.86923091297422,195.26271374676622,1.8804884369033201,0.6833222191301556,2.5341029380259865,break_dn
XAUUSD.a,15m,-1,0.18,2020-05-27 15:00:00,1700.9578238559911,2020-05-27 16:15:00,1693.965790957357,1704.6521045213215,1693.725790957357,target,5,125.85659217541343,-4.32,-0.0,0.0,125.85659217541343,191.17553837044252,1.892664237520482,0.44722539884798745,1.967317730944849,break_dn
XAUUSD.a,15m,1,0.15,2020-05-28 04:45:00,1714.122221764139,2020-05-28 12:15:00,1722.0585498277696,1709.715725086115,1722.0585498277696,target,30,119.0449209544579,-3.5999999999999996,-0.0,0.0,119.0449209544579,179.98929687701528,1.8010516388700264,0.33183317065263723,1.8989639269654848,break_up
XAUUSD.a,15m,1,0.15,2020-05-28 12:45:00,1723.6043150075323,2020-05-28 19:30:00,1719.0379789623064,1719.1235006517707,1731.7129986964585,stop,27,-68.4950406783878,-3.5999999999999996,-1.2828253419622342,0.0,-68.4950406783878,-102.76054411280144,-1.019086193418009,1.286443612670622,0.8671827672287746,break_up
XAUUSD.a,15m,1,0.21,2020-05-29 08:00:00,1721.7545653136592,2020-05-29 09:00:00,1718.4135787998912,1718.4701260714742,1727.4997478570517,stop,4,-70.16071678912863,-5.04,-1.1874927032407483,0.0,-70.16071678912863,-105.38914693513681,-1.0172167202415248,1.1248694346988068,0.3639691887086159,break_up
XAUUSD.a,15m,1,0.2,2020-05-29 11:15:00,1722.5865621369526,2020-05-29 14:00:00,1728.7227505512014,1719.1036247243992,1728.7227505512014,target,11,122.72376828497727,-4.8,-0.0,0.0,122.72376828497727,184.06264459689132,1.76178543781249,0.14256992823440542,1.8557433273855333,break_up
XAUUSD.a,15m,1,0.19,2020-05-29 14:30:00,1728.7133899716657,2020-05-29 17:45:00,1735.29895785656,1725.08552107172,1735.29895785656,target,13,125.12578981299202,-4.56,-0.0,0.0,125.12578981299202,188.47367758663637,1.8152717384558306,0.6707491474408439,1.8734442218780158,break_up
XAUUSD.a,15m,1,0.17,2020-05-29 18:00:00,1734.9364840409555,2020-05-29 21:45:00,1730.8617698925743,1730.9383276875947,1742.043344624811,stop,15,-69.27014052248023,-4.08,-1.3014825153448701,0.0,-69.27014052248023,-103.98736079875137,-1.0191482744180278,1.094625535911495,0.6886964179702292,break_up
XAUUSD.a,15m,1,0.22,2020-06-01 07:30:00,1741.873591596739,2020-06-01 10:30:00,1738.6544325198604,1738.7153660528577,1747.3392678942844,stop,12,-70.8214996913307,-5.279999999999999,-1.340537725941813,0.0,-70.8214996913307,-104.60923722150442,-1.0192935976708017,1.3056672297290335,0.8537732235383874,break_up
XAUUSD.a,15m,1,0.22,2020-06-02 02:00:00,1740.3603006392261,2020-06-02 04:00:00,1737.0642139490192,1737.123474022904,1745.8430519541919,stop,8,-72.51390718455286,-5.279999999999999,-1.3037216254654267,0.0,-72.51390718455286,-106.86439988291802,-1.0183080779137248,1.0968460965203828,0.8773096916759086,break_up
XAUUSD.a,15m,-1,0.25,2020-06-02 10:30:00,1735.605207883707,2020-06-02 11:15:00,1738.7140900482495,1738.4166810033355,1730.0866379933293,stop,3,-77.72205411356481,-6.0,-1.4352261228511736,0.0,-77.72205411356481,-113.57559930086042,-1.105784061329863,1.1398978328899738,0.2828438508464457,break_dn
XAUUSD.a,15m,1,0.2,2020-06-02 16:15:00,1742.0051709742895,2020-06-02 18:00:00,1738.3682060177662,1738.4540430289783,1748.2519139420435,stop,7,-72.73929913046686,-4.8,-1.7167402242428687,0.0,-72.73929913046686,-105.85342656179238,-1.0241717596589113,1.4545155944351356,0.8912179663617218,break_up
XAUUSD.a,15m,-1,0.18,2020-06-03 03:15:00,1723.284515473375,2020-06-03 04:00:00,1727.5548063241297,1727.2313732492419,1715.557253501516,stop,3,-76.86523531358444,-4.32,-1.5017953479802082,0.0,-76.86523531358444,-110.6770846847868,-1.081946979915378,1.2631528192145185,0.38119323239221,break_dn
XAUUSD.a,15m,-1,0.27,2020-06-03 08:45:00,1724.0523352467153,2020-06-03 11:00:00,1719.116472409235,1726.6967637953824,1718.876472409235,target,9,133.26829661196734,-6.4799999999999995,-0.0,0.0,133.26829661196734,193.43401157101624,1.8665139732999076,0.7478609147074595,2.77653001833466,break_dn
XAUUSD.a,15m,-1,0.16,2020-06-03 11:15:00,1718.4234517842565,2020-06-03 15:00:00,1723.0817852339305,1722.762747246973,1709.884505506054,stop,15,-74.53333519478474,-3.84,-1.2646077913190283,0.0,-74.53333519478474,-108.2719609447911,-1.0735229923149212,1.7875132685451396,1.249846163013108,break_dn
XAUUSD.a,15m,-1,0.09,2020-06-03 15:45:00,1711.7694743057955,2020-06-03 17:00:00,1697.2647252395209,1719.2476373802394,1697.0247252395209,target,5,130.5427415964714,-2.16,-0.0,0.0,130.5427415964714,188.29728478604804,1.939613902756876,0.050884915241421295,2.38153061500597,break_dn
XAUUSD.a,15m,-1,0.23,2020-06-04 02:45:00,1698.017237833428,2020-06-04 03:15:00,1701.4522473416569,1701.1506324986672,1691.8787350026655,stop,2,-79.00521868926376,-5.52,-1.4171413887622153,0.0,-79.00521868926376,-114.41906282388413,-1.096258172114642,1.0093724233524404,0.04379845122938387,break_dn
XAUUSD.a,15m,-1,0.25,2020-06-04 09:45:00,1699.7302950675964,2020-06-04 10:00:00,1702.9111617468138,1702.6102655909658,1694.0894688180683,stop,1,-79.5216669804347,-6.0,-1.5224038961985715,0.0,-79.5216669804347,-115.3741994638153,-1.1044789012270844,1.0867142239851533,0.6042753054154215,break_dn
XAUUSD.a,15m,1,0.15,2020-06-04 13:30:00,1709.6351296287075,2020-06-04 15:45:00,1717.8974822818732,1705.0762588590633,1717.8974822818732,target,9,123.93528979748453,-3.5999999999999996,-0.0,0.0,123.93528979748453,179.23451458123205,1.8123682531607153,0.9794376402242009,1.9028550730270641,break_up
XAUUSD.a,15m,1,0.12,2020-06-04 20:15:00,1718.2102446633626,2020-06-04 23:45:00,1712.3654441478382,1712.4395718900714,1728.9408562198573,stop,14,-70.13760618629294,-2.88,-0.8895329067977786,0.0,-70.13760618629294,-101.02207493560658,-1.0128455979303401,1.0224535154152532,0.6445964764895211,break_up
XAUUSD.a,15m,1,0.22,2020-06-05 02:30:00,1715.822159245854,2020-06-05 02:45:00,1712.564671577312,1712.6277005268944,1721.3645989462111,stop,1,-71.66472870792177,-5.279999999999999,-1.3866368908093205,0.0,-71.66472870792177,-103.28264474313887,-1.0197307134408147,1.1902358366028054,0.011845748364606392,break_up
XAUUSD.a,15m,-1,0.15,2020-06-05 06:30:00,1707.379339039541,2020-06-05 08:30:00,1712.5085961017376,1712.2117824862567,1697.836435027487,stop,8,-76.93885593294794,-3.5999999999999996,-0.8522042322146932,0.0,-76.93885593294794,-109.98807172482265,-1.061421022046858,1.074127616327667,0.0,break_dn
XAUUSD.a,15m,-1,0.11,2020-06-05 13:15:00,1702.7234000183828,2020-06-05 15:30:00,1689.9784499634334,1709.3007750182833,1689.7384499634334,target,9,140.19445060444355,-2.6399999999999997,-0.0,0.0,140.19445060444355,201.03597941442519,1.9376955176103299,0.9512305413195826,3.15375054922315,break_dn
XAUUSD.a,15m,-1,0.17,2020-06-05 23:00:00,1681.3194687356813,2020-06-08 04:00:00,1685.8264654739598,1685.5046504962836,1673.1306990074331,stop,16,-76.61894455073502,-4.08,-1.3908546204951435,5.1391,-71.47984455073502,-102.51092737703829,-1.0046628745876576,1.2258801547439597,0.9508472901087831,break_dn
XAUUSD.a,15m,1,0.25,2020-06-08 08:00:00,1689.3892558526293,2020-06-08 09:30:00,1694.2605014068138,1686.534749296593,1694.2605014068138,target,6,121.78113885461244,-6.0,-0.0,0.0,121.78113885461244,174.56157739609603,1.7065105504429359,0.81248923661601,1.948057935131269,break_up
XAUUSD.a,15m,1,0.16,2020-06-08 17:30:00,1695.6028770819692,2020-06-08 18:00:00,1691.0217131313827,1691.116026602195,1703.6679467956099,stop,2,-73.29862320938264,-3.84,-1.509015532995949,0.0,-73.29862320938264,-104.84112367963876,-1.0210199718571888,1.2375890631971118,0.019417388304699103,break_up
XAUUSD.a,15m,1,0.14,2020-06-08 19:45:00,1697.2362692542915,2020-06-09 11:30:00,1706.4366517028498,1692.1916741485752,1706.4366517028498,target,59,128.80535427981522,-3.3600000000000003,-0.0,-11.608800000000002,117.19655427981522,169.46693602842157,1.6594359454284748,0.9924025911650697,1.9235896127149354,break_up
XAUUSD.a,15m,1,0.12,2020-06-09 15:45:00,1716.0737913799376,2020-06-10 17:00:00,1723.6596754344387,1710.202603580285,1726.9047928394298,signal,97,91.03060865401312,-2.88,-1.2077895734726616,-29.8512,61.17940865401312,87.5379654223313,0.8683564942008595,0.7330358909984672,1.5799543357498096,break_up
XAUUSD.a,15m,1,0.17,2020-06-10 17:30:00,1726.3379982223462,2020-06-10 17:30:00,1722.1123349977865,1722.1993323313059,1733.7213353373882,stop,0,-71.83627481751387,-4.08,-1.478954669830027,0.0,-71.83627481751387,-102.78623934741357,-1.021020622541109,1.7754509341412779,0.11163060508313624,break_up
XAUUSD.a,15m,1,0.1,2020-06-10 22:15:00,1731.4356259150645,2020-06-11 14:30:00,1724.4823169722795,1724.5623807972217,1744.2052384055562,stop,61,-69.53308942785043,-2.4,-0.8006382494217343,-8.292,-77.82508942785043,-112.57788142318881,-1.1322903241995321,1.439731268913393,1.2256763640024881,break_up
XAUUSD.a,15m,1,0.12,2020-06-11 16:30:00,1737.0398511465341,2020-06-11 19:15:00,1730.9491560087338,1731.0776018149509,1748.1847963700982,stop,11,-73.0883416536044,-2.88,-1.5413496746038557,0.0,-73.0883416536044,-106.32423394132236,-1.021543179272407,1.3182694499035474,1.2747116785617094,break_up
XAUUSD.a,15m,-1,0.11,2020-06-11 22:15:00,1725.5279731343464,2020-06-12 09:00:00,1731.9561550884275,1731.646195775989,1713.5376084480215,stop,39,-70.71000149489191,-2.6399999999999997,-0.769552436822994,3.3253,-67.38470149489191,-98.27140366762713,-1.0012518852103045,1.1035928669376938,0.545578892737088,break_dn
XAUUSD.a,15m,1,0.23,2020-06-12 11:00:00,1733.4340650390889,2020-06-12 15:15:00,1739.0216824872548,1730.3191587563726,1739.0216824872548,target,17,128.51520130781637,-5.52,-0.0,0.0,128.51520130781637,186.7953507381052,1.793831640833023,0.7332692645561885,1.844657411619044,break_up
XAUUSD.a,15m,1,0.16,2020-06-12 15:45:00,1739.4214547281679,2020-06-12 17:00:00,1734.8483399837764,1734.939588711201,1747.5108225775984,stop,5,-73.16983591026292,-3.84,-1.4599796387911557,0.0,-73.16983591026292,-106.99065041200035,-1.020359539325598,1.0155267272465551,0.8006810686100423,break_up
XAUUSD.a,15m,-1,0.17,2020-06-12 21:30:00,1730.271916956629,2020-06-15 01:00:00,1734.7889529033887,1734.3615565863768,1722.3268868272462,stop,10,-76.78961109491547,-5.95,-1.315737389204901,5.1391,-71.65051109491547,-104.83343979240563,-1.0305885917433855,1.0240714152188863,0.7169132789359826,break_dn
XAUUSD.a,15m,-1,0.2,2020-06-15 01:15:00,1730.477659422802,2020-06-15 03:15:00,1734.3146871877623,1734.006240870099,1723.577518259802,stop,8,-76.74055529920679,-4.8,-1.3689263532652682,0.0,-76.74055529920679,-112.67314936235563,-1.0874136879848948,1.0180693377362209,0.18638068374637637,break_dn
XAUUSD.a,15m,-1,0.27,2020-06-15 08:15:00,1727.5654492640647,2020-06-15 08:45:00,1722.7653053608149,1730.0773473195925,1722.5253053608149,target,2,129.6038853877451,-6.4799999999999995,-0.0,0.0,129.6038853877451,190.85216084665296,1.9109628643910852,0.19688328308027075,2.597816121440314,break_dn
XAUUSD.a,15m,-1,0.11,2020-06-15 09:00:00,1722.1466478254922,2020-06-15 13:15:00,1709.834650534485,1728.4876747327576,1709.594650534485,target,17,135.4319702010789,-2.6399999999999997,-0.0,0.0,135.4319702010789,199.2408423824976,1.9416409157482766,0.314357942910472,2.267242835544491,break_dn
XAUUSD.a,15m,-1,0.15,2020-06-15 15:45:00,1706.3260692990777,2020-06-15 17:00:00,1711.3011913553212,1710.9516616926317,1697.266676614737,stop,5,-74.62683084365153,-3.5999999999999996,-1.6429449403430716,0.0,-74.62683084365153,-108.85052413782513,-1.07556430246137,1.6979296990948267,0.4704412135643765,break_dn
XAUUSD.a,15m,1,0.07,2020-06-15 21:15:00,1727.9349351103835,2020-06-16 16:00:00,1718.6989329585367,1718.817295730797,1744.925408538406,stop,71,-64.65201506292783,-1.6800000000000002,-0.8285394058228548,-5.804400000000001,-70.45641506292783,-101.64670715274879,-1.1039263270690212,1.2179616508244928,0.5313946612611188,break_up
XAUUSD.a,15m,1,0.24,2020-06-17 03:45:00,1728.0078549620268,2020-06-17 04:15:00,1725.0535823542648,1725.1101024199475,1733.2997951601048,stop,2,-70.9025425862892,-5.76,-1.3564815763817124,0.0,-70.9025425862892,-103.24961422767863,-1.0195047937537496,1.2623075672990711,0.16983680656872202,break_up
XAUUSD.a,15m,1,0.27,2020-06-17 09:00:00,1728.4803835416888,2020-06-17 10:30:00,1725.8477780202008,1725.9017653376413,1732.8264693247174,stop,6,-71.08034908017339,-6.4799999999999995,-1.457657570895897,0.0,-71.08034908017339,-102.93891338311306,-1.020936530020516,2.241659324600974,0.3682656303367389,break_up
XAUUSD.a,15m,-1,0.19,2020-06-17 11:45:00,1721.5739850454738,2020-06-17 12:30:00,1714.787051719945,1725.1564741400273,1714.547051719945,target,3,128.95173318504544,-4.56,-0.0,0.0,128.95173318504544,187.55797301215284,1.8944742458105526,0.42038228582907194,2.507749446922935,break_dn
XAUUSD.a,15m,1,0.22,2020-06-17 22:30:00,1728.04690316902,2020-06-18 01:00:00,1723.1832728637553,1724.8087437365712,1733.6925125268576,stop_gap,6,-106.99986671582292,-10.120000000000001,-1.2479969973844725,-18.2424,-125.24226671582292,-181.87956246852008,-1.7580450944503245,1.4844553732750616,0.6927073474216446,break_up
XAUUSD.a,15m,1,0.24,2020-06-18 04:15:00,1729.287144637228,2020-06-18 04:30:00,1726.3445744851297,1726.404775944126,1734.1304481117481,stop,1,-70.62168365036086,-5.76,-1.4448350159119123,0.0,-70.62168365036086,-103.02966467336913,-1.0208861063264945,1.699000078979315,0.0,break_up
XAUUSD.a,15m,1,0.15,2020-06-18 11:45:00,1731.1433882735828,2020-06-18 12:45:00,1726.559966908462,1726.6545522589072,1739.1808954821854,stop,4,-68.75132047681177,-3.5999999999999996,-1.4187802566766967,0.0,-68.75132047681177,-99.92779244024327,-1.0210712421072976,2.4178625011248447,1.474015024114303,break_up
XAUUSD.a,15m,-1,0.13,2020-06-18 14:45:00,1721.2912184720412,2020-06-18 15:30:00,1726.7030622879684,1726.353633998833,1711.3727320023338,stop,3,-70.35396960705248,-3.12,-1.42256775876062,0.0,-70.35396960705248,-102.58671567082601,-1.069024023667384,1.0229862603239972,0.665930809946307,break_dn
XAUUSD.a,15m,-1,0.11,2020-06-18 17:30:00,1718.111846108318,2020-06-18 18:00:00,1724.6474360685195,1724.2905676422881,1705.958864715424,stop,2,-71.89148956221516,-2.6399999999999997,-1.28555268854584,0.0,-71.89148956221516,-105.00626542740002,-1.057757648450303,1.0484618631970293,0.08607704771838937,break_dn
XAUUSD.a,15m,1,0.33,2020-06-19 08:30:00,1727.7468349744186,2020-06-19 09:30:00,1731.1406138907237,1725.6496930546382,1731.1406138907237,target,4,111.9947042380686,-7.92,-0.0,0.0,111.9947042380686,163.03181343339196,1.618287672519814,0.5945401036803177,2.2474230194564404,break_up
XAUUSD.a,15m,1,0.23,2020-06-19 15:00:00,1734.1260495163299,2020-06-19 17:30:00,1739.236985373148,1731.156507313426,1739.236985373148,target,10,117.55152470681537,-5.52,-0.0,0.0,117.55152470681537,171.37289661896867,1.7211191178963339,0.9483109933834415,2.072356633844764,break_up
XAUUSD.a,15m,1,0.16,2020-06-19 17:45:00,1738.842013148311,2020-06-22 01:00:00,1752.99,1734.6688223067338,1746.4923553865322,target_gap,25,226.36778962702374,-3.84,-0.0,-13.2672,213.10058962702374,312.2444461772121,3.191511569275649,0.41263704768898174,3.390208449307765,break_up
XAUUSD.a,15m,1,0.13,2020-06-22 04:30:00,1753.917243397998,2020-06-22 10:00:00,1748.7237219964616,1748.7946171258427,1763.2707657483143,stop,22,-67.51577821997284,-3.12,-0.9216366819555102,0.0,-67.51577821997284,-98.10060331571255,-1.0138396060174257,1.2722465102369962,0.9180362478450679,break_up
XAUUSD.a,15m,1,0.18,2020-06-22 16:00:00,1756.6865689953663,2020-06-22 17:45:00,1752.5980003448992,1752.7012955486516,1763.767408902697,stop,7,-73.59423570840772,-4.32,-1.8593136675414115,0.0,-73.59423570840772,-106.75113969887978,-1.025919226154368,1.366673847651844,1.5942271188119257,break_up
XAUUSD.a,15m,1,0.19,2020-06-23 01:45:00,1755.6976312854013,2020-06-23 05:15:00,1751.9697751198464,1752.056392324557,1762.1172153508862,stop,14,-70.82926714554196,-4.56,-1.6457268894993382,0.0,-70.82926714554196,-102.28939279293796,-1.023787838601647,1.8009340655524355,1.277688381517253,break_up
XAUUSD.a,15m,1,0.18,2020-06-23 15:45:00,1761.0877841226222,2020-06-23 17:00:00,1767.980494491346,1757.209752754327,1767.980494491346,target,5,124.0687866370281,-4.32,-0.0,0.0,124.0687866370281,178.26999631735745,1.7773735470720748,0.7910673822039707,2.017058433649634,break_up
XAUUSD.a,15m,1,0.13,2020-06-23 17:15:00,1767.379697639606,2020-06-24 12:15:00,1777.2518688806686,1761.9940655596656,1777.2518688806686,target,72,128.338226133812,-3.12,-0.0,-32.3388,95.999426133812,138.77963705122156,1.371161477696797,0.9691894214325347,1.8717027473784191,break_up
XAUUSD.a,15m,1,0.17,2020-06-24 12:30:00,1777.0475129473552,2020-06-24 14:15:00,1772.855112790548,1772.924004313292,1784.431991373416,stop,7,-71.2708026657233,-4.08,-1.1711558866500664,0.0,-71.2708026657233,-103.25809548509649,-1.016707015519485,1.0446232394839665,0.5195786507990512,break_up
XAUUSD.a,15m,-1,0.14,2020-06-24 23:00:00,1764.9588405451243,2020-06-25 01:00:00,1755.6151356287742,1769.827432185613,1755.3751356287742,target,4,130.81186882890188,-3.3600000000000003,-0.0,4.232200000000001,135.04406882890189,196.79699921146863,1.9812721272680156,0.30217351618508664,2.4275686723929235,break_dn
XAUUSD.a,15m,-1,0.19,2020-06-25 05:15:00,1760.0687947614156,2020-06-25 06:45:00,1764.1171007862263,1763.8063733119611,1752.807253376078,stop,6,-76.91781447140329,-4.56,-1.3438220110377745,0.0,-76.91781447140329,-112.07934730926632,-1.0831360384973836,1.0384277376639903,0.47057064825003064,break_dn
XAUUSD.a,15m,-1,0.17,2020-06-25 14:00:00,1759.1371634625395,2020-06-25 15:45:00,1763.4691338333878,1763.1417060981396,1751.286587803721,stop,7,-73.64349630442007,-4.08,-1.4862714992192403,0.0,-73.64349630442007,-107.20357566696276,-1.0817640777094963,1.513989758421447,0.9482140179463109,break_dn
XAUUSD.a,15m,1,0.25,2020-06-25 23:45:00,1763.7961147924332,2020-06-26 04:15:00,1760.9049580315666,1760.954033244768,1768.621933510464,stop,14,-72.27891902166448,-6.0,-1.226880330036443,-20.73,-93.00891902166448,-135.1147188600091,-1.3090253388129867,1.0366045952669887,0.8528556154759528,break_up
XAUUSD.a,15m,-1,0.35,2020-06-26 06:30:00,1760.6918152517908,2020-06-26 10:00:00,1762.9751293594677,1762.686952280547,1756.786095438906,stop,14,-79.91599376869203,-8.4,-1.686197762220347,0.0,-79.91599376869203,-116.06755518088106,-1.1444397426177122,1.4826975318348694,1.3792612798661417,break_dn
XAUUSD.a,15m,1,0.19,2020-06-26 14:30:00,1765.2974764003773,2020-06-26 15:00:00,1761.6972995646736,1761.7548147049574,1771.3703705900853,stop,2,-68.40335987836988,-4.56,-1.0927876653947037,0.0,-68.40335987836988,-99.55226947413061,-1.0162350078073215,1.1650777735038702,0.0,break_up
XAUUSD.a,15m,-1,0.12,2020-06-26 16:30:00,1754.1015404031486,2020-06-26 18:00:00,1760.136729031598,1759.7933657563935,1742.7732684872126,stop,6,-72.42226354139166,-2.88,-1.2403593024522284,0.0,-72.42226354139166,-105.56719610132451,-1.060325687085367,1.1803699481083187,1.1773974054435852,break_dn
XAUUSD.a,15m,1,0.14,2020-06-26 19:45:00,1767.906581891381,2020-06-29 21:00:00,1769.7703583185664,1762.9184393543376,1777.0831212913251,signal,97,26.09286998059679,-3.3600000000000003,-1.1099670801416106,-11.608800000000002,14.48406998059679,21.114728021045803,0.20740714995660756,0.4744415128088396,1.5002414331677933,break_up
XAUUSD.a,15m,-1,0.38,2020-06-30 08:45:00,1769.6039112210178,2020-06-30 09:00:00,1771.680050112031,1771.3995550270201,1766.09088994596,stop,1,-78.89327785850219,-9.12,-1.5388132304171849,0.0,-78.89327785850219,-115.05173811249809,-1.1562086445392366,1.640686626787678,0.14140400238018466,break_dn
XAUUSD.a,15m,1,0.27,2020-06-30 09:30:00,1773.037939011452,2020-06-30 12:15:00,1770.4273290400865,1770.4711878448982,1777.3676243102036,stop,11,-70.48646922686635,-6.4799999999999995,-1.1841877299143724,0.0,-70.48646922686635,-103.01123728826228,-1.01708728348238,1.4718758330299553,0.27741722603523167,break_up
XAUUSD.a,15m,-1,0.32,2020-06-30 14:00:00,1769.750609214651,2020-06-30 14:45:00,1765.8587318245354,1771.8606340877323,1765.6187318245354,target,3,124.54007648369588,-7.68,-0.0,0.0,124.54007648369588,181.7864462825262,1.844469911121037,0.3598966036073827,2.502628894103732,break_dn
XAUUSD.a,15m,-1,0.18,2020-06-30 15:00:00,1765.8524733855595,2020-06-30 16:00:00,1769.9458127583189,1769.6437181531398,1758.20256369372,stop,4,-73.68010870966873,-4.32,-1.1177028932234643,0.0,-73.68010870966873,-107.28029806300049,-1.0796821687067808,1.2153070816847216,0.0718691095572491,break_dn
XAUUSD.a,15m,1,0.15,2020-06-30 17:45:00,1777.8007105538602,2020-06-30 18:15:00,1785.7774767282099,1773.361261635895,1785.7774767282099,target,2,119.65149261524516,-3.5999999999999996,-0.0,0.0,119.65149261524516,173.62688116211044,1.7967919716499188,0.06773600945002708,1.8671888334147546,break_up
XAUUSD.a,15m,1,0.11,2020-07-01 01:15:00,1783.372482824738,2020-07-01 14:30:00,1777.2225510340265,1777.3020786679492,1793.7958426641014,stop,53,-67.64924969782578,-2.6399999999999997,-0.8748039731495201,0.0,-67.64924969782578,-98.25599084651529,-1.013100879590322,1.0843566020849826,0.9352782827338783,break_up
XAUUSD.a,15m,-1,0.19,2020-07-02 03:00:00,1768.1783413249382,2020-07-02 11:30:00,1772.1110518355706,1771.8206238138735,1761.0187523722532,stop,34,-74.72149970201622,-4.56,-0.9581324122446325,0.0,-74.72149970201622,-107.79834338683163,-1.0797379177972688,1.0519938216494285,1.0703017508336574,break_dn
XAUUSD.a,15m,1,0.25,2020-07-02 13:15:00,1774.1535451277314,2020-07-02 15:00:00,1771.3087049633937,1771.3614761391404,1778.8570477217188,stop,7,-71.12100410844278,-6.0,-1.3192793936719007,0.0,-71.12100410844278,-102.75374428728277,-1.0189003838953907,1.8708510244825574,0.0,break_up
XAUUSD.a,15m,-1,0.18,2020-07-02 16:00:00,1760.2288448727872,2020-07-02 16:00:00,1764.4204222330432,1764.088689542224,1752.6926209155517,stop,0,-75.4483924846063,-4.32,-1.6511884347437873,0.0,-75.4483924846063,-108.63542999324171,-1.085944570113357,1.277552738393568,0.7303000804948077,break_dn
XAUUSD.a,15m,1,0.22,2020-07-03 01:15:00,1776.4925280756377,2020-07-03 03:30:00,1773.328677592944,1773.37031515797,1781.91936968406,stop,9,-69.60471061926273,-5.279999999999999,-0.9160264305753558,0.0,-69.60471061926273,-100.57321497408209,-1.0133359146618437,1.0961866361742016,0.18495597180273513,break_up
XAUUSD.a,15m,1,0.26,2020-07-03 04:45:00,1776.2882531708406,2020-07-03 07:15:00,1773.6999574092947,1773.7389536486817,1780.5820927026366,stop,10,-67.29568980019212,-6.24,-1.0139022240581064,0.0,-67.29568980019212,-97.16666637816877,-1.0152968448971962,1.3683182931311888,0.29096103565392645,break_up
XAUUSD.a,15m,1,0.25,2020-07-03 10:15:00,1776.5124465214346,2020-07-03 11:15:00,1773.7476582555644,1773.7955523660403,1781.1288952679195,stop,4,-69.11970664675664,-6.0,-1.1973527618950603,0.0,-69.11970664675664,-99.65786675715016,-1.0176282577592564,1.1198251928194833,0.12056173698004577,break_up
XAUUSD.a,15m,1,0.29,2020-07-03 14:45:00,1776.5501894527663,2020-07-03 16:45:00,1774.1875612057925,1774.2319676107563,1780.3760647784873,stop,8,-68.51621916224099,-6.959999999999999,-1.287785743951785,0.0,-68.51621916224099,-98.71658357549093,-1.0191553733810756,1.3761363968516527,0.0,break_up
XAUUSD.a,15m,-1,0.03,2020-07-06 01:15:00,1773.6425768674726,2020-07-07 02:30:00,1786.2784359412367,1792.1940148283963,1736.6219703432075,signal,97,-37.907577221292286,-0.72,-0.17061564741961477,0.9068999999999999,-37.000677221292285,-53.05136887417347,-0.6648303543770123,0.7184037787582803,0.19796723441106767,break_dn
XAUUSD.a,15m,-1,0.34,2020-07-07 10:45:00,1781.9406501242777,2020-07-07 11:15:00,1778.3888744451679,1783.8805627774161,1778.1488744451678,target,2,120.76037308973402,-8.16,-0.0,0.0,120.76037308973402,174.3706203013992,1.8308946402115989,0.09760742341470545,2.2323943901657404,break_dn
XAUUSD.a,15m,1,0.16,2020-07-07 17:30:00,1794.1577033629048,2020-07-08 12:30:00,1801.3120105106498,1790.103994744675,1801.3120105106498,target,72,114.46891436391888,-3.84,-0.0,-39.8016,74.66731436391888,107.63321565461408,1.1512191889565961,0.6679570778047634,1.9025286135299027,break_up
XAUUSD.a,15m,1,0.22,2020-07-08 12:45:00,1802.0572287552602,2020-07-08 16:00:00,1807.4027731959852,1798.9686134020073,1807.4027731959852,target,13,117.60197769595015,-5.279999999999999,-0.0,0.0,117.60197769595015,168.76225542936092,1.7307252050972277,0.5948389634614927,2.095687065054177,break_up
XAUUSD.a,15m,1,0.11,2020-07-08 16:15:00,1808.2071230573474,2020-07-09 17:30:00,1813.9152285379255,1802.4019266382727,1818.9561467234548,signal,97,62.789160286358765,-2.6399999999999997,-1.4249721656387668,-9.1212,53.66796028635876,77.07591596489841,0.8404376231865227,0.5800187994128507,1.6765801258114787,break_up
XAUUSD.a,15m,-1,0.13,2020-07-10 01:15:00,1802.2476888787567,2020-07-10 13:30:00,1807.8066787550476,1807.5144449900224,1791.6011100199553,stop,49,-72.26686839178274,-3.12,-0.6790389453287983,0.0,-72.26686839178274,-103.93773589693903,-1.0554864814036353,1.318137953339738,1.220426528771231,break_dn
XAUUSD.a,15m,1,0.17,2020-07-10 13:45:00,1809.124149473587,2020-07-10 16:45:00,1805.0829628963413,1805.1530466845875,1816.2439066308248,stop,12,-68.7001718131778,-4.08,-1.1914244001851624,0.0,-68.7001718131778,-98.76674403113633,-1.0176484447696257,1.42885988479197,0.351501988384582,break_up
XAUUSD.a,15m,-1,0.14,2020-07-10 19:45:00,1794.6732721031294,2020-07-10 20:30:00,1799.6688810486307,1799.344756856161,1785.500486287678,stop,3,-69.93852523701844,-3.3600000000000003,-1.1777386945749233,0.0,-69.93852523701844,-100.65269516732884,-1.0693835492579553,1.195921252497947,0.13556120518610157,break_dn
XAUUSD.a,15m,-1,0.17,2020-07-10 23:30:00,1798.178957316911,2020-07-13 04:00:00,1802.3335257097974,1802.0422983201747,1790.5754033596506,stop,14,-70.62766267906886,-4.08,-0.8708656235858457,5.1391,-65.48856267906886,-94.0576260004436,-0.9971339288020511,1.478265231638744,0.2378659600937874,break_dn
XAUUSD.a,15m,1,0.29,2020-07-13 05:45:00,1804.7588067201473,2020-07-13 12:00:00,1808.6213803685794,1802.4243098157103,1808.6213803685794,target,25,112.01463580453058,-6.959999999999999,-0.0,0.0,112.01463580453058,160.68199994912007,1.6545636197207543,0.9632939396377876,1.8167482988698371,break_up
XAUUSD.a,15m,1,0.23,2020-07-13 12:15:00,1809.21771098062,2020-07-13 15:00:00,1806.177667323581,1806.2253067722422,1814.3993864555157,stop,11,-69.92100411189585,-5.52,-1.095707319205127,0.0,-69.92100411189585,-100.38188803660304,-1.015920124870749,1.0652675102165168,0.2614249161893933,break_up
XAUUSD.a,15m,1,0.15,2020-07-13 16:30:00,1812.4935675444146,2020-07-13 16:45:00,1807.982388698741,1808.0561220641757,1820.5177558716487,stop,1,-67.66768268510418,-3.5999999999999996,-1.1060004815200677,0.0,-67.66768268510418,-97.03546667398606,-1.0166161738241168,1.1929312862520136,0.17947994158622016,break_up
XAUUSD.a,15m,-1,0.22,2020-07-14 03:15:00,1800.1934302194798,2020-07-14 13:15:00,1794.417706447295,1803.2561467763526,1794.177706447295,target,40,127.06592298806663,-5.279999999999999,-0.0,0.0,127.06592298806663,182.68672252935363,1.8858172687328665,0.6976061091012973,3.187833427670691,break_dn
XAUUSD.a,15m,-1,0.15,2020-07-14 13:30:00,1793.3118336747814,2020-07-14 14:45:00,1798.0899555685482,1797.773186742531,1784.8636265149382,stop,5,-71.67182840650298,-3.5999999999999996,-1.1515323902612677,0.0,-71.67182840650298,-102.94274651552358,-1.0710028597169765,1.7277642473400698,0.2335241481586969,break_dn
XAUUSD.a,15m,1,0.2,2020-07-14 21:15:00,1810.1954218971873,2020-07-15 01:00:00,1806.734390436869,1806.8342512329539,1816.0914975340925,stop_gap,11,-69.22062920636563,-17.6,-1.112191262618057,-49.751999999999995,-118.97262920636562,-170.29175141183674,-1.7698094070670893,1.0131654228167564,0.19474705934394382,break_up
XAUUSD.a,15m,1,0.25,2020-07-15 03:15:00,1810.74142703605,2020-07-15 03:30:00,1808.0130746215948,1808.0621837075216,1815.2856325849568,stop,1,-68.20881036138076,-6.0,-1.22772714817222,0.0,-68.20881036138076,-97.54009118016954,-1.0183294609354512,1.194899694985329,0.11143928614872424,break_up
XAUUSD.a,15m,1,0.23,2020-07-15 11:00:00,1812.0435106259029,2020-07-15 12:30:00,1809.1466487361135,1809.2004992645732,1816.9090014708536,stop,6,-66.62782346515405,-5.52,-1.2385621545691758,0.0,-66.62782346515405,-95.18804426703532,-1.0189413694198,1.3413631326887354,1.057501709275959,break_up
XAUUSD.a,15m,1,0.32,2020-07-16 02:00:00,1811.8456514104555,2020-07-16 04:15:00,1809.69953807627,1809.7372317447036,1814.9955365105927,stop,9,-68.67562669393374,-7.68,-1.2061973898756424,0.0,-68.67562669393374,-98.18097257095805,-1.0178776877515676,1.7670350314850913,0.656581140856919,break_up
XAUUSD.a,15m,-1,0.41,2020-07-16 09:15:00,1807.8856077919268,2020-07-16 11:00:00,1804.9623066701183,1809.503846664941,1804.7223066701183,target,7,119.85534599414585,-9.84,-0.0,0.0,119.85534599414585,171.64613400854378,1.806470707481745,0.41056497847914614,2.0550784234544945,break_dn
XAUUSD.a,15m,-1,0.32,2020-07-16 11:30:00,1804.750864932949,2020-07-16 11:45:00,1807.101220698811,1806.8181325697044,1800.703734860591,stop,1,-75.21138450758008,-7.68,-1.3788201314076105,0.0,-75.21138450758008,-107.71103514053316,-1.1369383064259955,1.0250898477648962,0.06330333364797326,break_dn
XAUUSD.a,15m,-1,0.2,2020-07-16 16:15:00,1803.9064395339437,2020-07-16 16:30:00,1807.4899425499375,1807.1856904722163,1797.4786190555676,stop,1,-71.67006031987512,-4.8,-1.2850415544257459,0.0,-71.67006031987512,-102.44287577346682,-1.0927809684127154,1.0409573803017416,0.18493233526777642,break_dn
XAUUSD.a,15m,-1,0.22,2020-07-16 19:30:00,1803.388177924716,2020-07-16 20:00:00,1797.7039163680186,1806.4280418159908,1797.4639163680185,target,2,125.05375424734484,-5.279999999999999,-0.0,0.0,125.05375424734484,179.40942893038297,1.869906601085947,0.3164030067413721,2.344900357274504,break_dn
XAUUSD.a,15m,-1,0.18,2020-07-16 20:15:00,1799.211617893805,2020-07-17 12:15:00,1803.1502443793233,1802.8738328675104,1792.0323342649792,stop,60,-70.89527673933117,-4.32,-0.6554072126351671,5.4414,-65.45387673933116,-93.69560642922953,-0.992930920666069,1.10544633104891,1.177325177457388,break_dn
XAUUSD.a,15m,1,0.25,2020-07-17 18:30:00,1810.8337867917173,2020-07-17 19:45:00,1808.148405475547,1808.1977958952486,1815.2844082095025,stop,5,-67.13453290425946,-6.0,-1.2347604925418512,0.0,-67.13453290425946,-95.96268229142706,-1.0187369462344733,1.2647186286505963,0.4272447259933419,break_up
XAUUSD.a,15m,1,0.25,2020-07-20 01:15:00,1808.768782099792,2020-07-20 04:00:00,1806.1159102981992,1806.1582280714106,1813.1835438571788,stop,11,-66.32179503981774,-6.0,-1.0579443302831226,0.0,-66.32179503981774,-95.05502929515815,-1.016210265235391,1.1831902600794044,0.705297756794422,break_up
XAUUSD.a,15m,1,0.25,2020-07-20 12:00:00,1812.1885570216684,2020-07-20 15:30:00,1816.7132504675515,1809.5233747662244,1816.7132504675515,target,14,113.11733614707578,-6.0,-0.0,0.0,113.11733614707578,161.7625788626527,1.697705076881942,0.9825057991136185,2.2217778788808897,break_up
XAUUSD.a,15m,1,0.27,2020-07-20 21:45:00,1817.5693742836572,2020-07-21 09:45:00,1821.887671608353,1815.1411641958236,1821.887671608353,target,44,116.594027766786,-6.4799999999999995,-0.0,-22.3884,94.205627766786,133.80720948637293,1.436900926397482,0.7369108186407847,2.475331828353171,break_up
XAUUSD.a,15m,1,0.2,2020-07-21 10:00:00,1823.1323808963068,2020-07-21 15:00:00,1829.056333646028,1819.7618331769859,1829.056333646028,target,20,118.47905499442277,-4.8,-0.0,0.0,118.47905499442277,167.02246390326883,1.7575638273160634,0.5881479988973752,3.132315570900825,break_up
XAUUSD.a,15m,1,0.19,2020-07-21 20:45:00,1843.4930773101528,2020-07-21 22:15:00,1839.871630781537,1839.9258739704949,1849.7782520590104,stop,6,-68.80748404369842,-4.56,-1.030620590196985,0.0,-68.80748404369842,-96.60580420315678,-1.0152060826908174,1.0913527880152238,0.0,break_up
XAUUSD.a,15m,1,0.2,2020-07-22 02:15:00,1846.452774930861,2020-07-22 02:15:00,1843.0032947678776,1843.067457164169,1852.3450856716624,stop,0,-68.98960325966982,-4.8,-1.283247925827689,0.0,-68.98960325966982,-96.65116735734074,-1.0189531384387551,1.3123657030288631,0.0,break_up
XAUUSD.a,15m,1,0.03,2020-07-22 04:15:00,1865.8501871487174,2020-07-22 11:45:00,1846.652351170141,1846.7493894280328,1903.0312211439343,stop,30,-57.59350793572935,-0.72,-0.29111477367554234,0.0,-57.59350793572935,-80.82051604065246,-1.0050803248801905,1.017244799554945,0.0,break_up
XAUUSD.a,15m,1,0.13,2020-07-22 13:30:00,1858.0324932630149,2020-07-22 15:45:00,1852.7755699403572,1852.8789052708626,1867.432189458275,stop,9,-68.34000319455026,-3.12,-1.34335929657079,0.0,-68.34000319455026,-95.32976675949988,-1.0200511431380899,1.1026285515388594,0.9794160388201737,break_up
XAUUSD.a,15m,1,0.09,2020-07-22 18:30:00,1861.4916234683403,2020-07-23 03:00:00,1875.6884247956118,1853.9107876021942,1875.6884247956118,target,30,127.77121194544338,-2.16,-0.0,-7.4628,120.30841194544338,168.5558338173103,1.7633413469571921,0.22446383200819983,1.9784594728713523,break_up
XAUUSD.a,15m,1,0.13,2020-07-23 11:15:00,1878.9042154821652,2020-07-23 11:30:00,1888.5906416690757,1873.619679165462,1888.5906416690757,target,1,125.92354042983607,-3.12,-0.0,0.0,125.92354042983607,176.1291564862383,1.8329756115581728,0.05567479614727577,1.8366388148676132,break_up
XAUUSD.a,15m,1,0.15,2020-07-23 11:45:00,1887.9261368188056,2020-07-23 11:45:00,1883.3215749509409,1883.4207801791495,1896.0184396417008,stop,0,-69.06842801797097,-3.5999999999999996,-1.488078423129016,0.0,-69.06842801797097,-96.60595568637105,-1.022019395165162,1.3863801066994446,0.04746864639128882,break_up
XAUUSD.a,15m,1,0.1,2020-07-23 18:45:00,1895.6484887253062,2020-07-23 20:30:00,1888.6760092308716,1888.7979628681246,1908.3640742637506,stop,7,-69.72479494434538,-2.4,-1.219536372529806,0.0,-69.72479494434538,-98.08374941177061,-1.0178020840728823,1.1646534721042001,0.39581067661414915,break_up
XAUUSD.a,15m,1,0.12,2020-07-24 01:00:00,1886.7577121614045,2020-07-24 16:00:00,1899.330540458944,1881.164729770528,1899.330540458944,target,60,150.87393957047334,-2.88,-0.0,0.0,150.87393957047334,212.8462552486786,2.2479649351388997,0.9740263388440422,3.274154388268339,break_up
XAUUSD.a,15m,1,0.08,2020-07-24 16:15:00,1902.754025646601,2020-07-27 03:00:00,1918.3095760717015,1894.5052119641493,1918.3095760717015,target,39,124.44440340080473,-1.92,-0.0,-6.6336,117.81080340080473,165.5180794369034,1.785268887383077,0.662401389696199,1.8955421901046237,break_up
XAUUSD.a,15m,1,0.13,2020-07-27 05:15:00,1921.0904998020615,2020-07-27 06:00:00,1930.6588183184845,1915.8555908407577,1930.6588183184845,target,3,124.38814071349907,-3.12,-0.0,0.0,124.38814071349907,174.27654427872764,1.8277908149218383,0.12808241881906557,3.62747477335483,break_up
XAUUSD.a,15m,1,0.08,2020-07-27 11:15:00,1938.3439899637815,2020-07-28 02:15:00,1955.111296798854,1929.519351600573,1955.111296798854,target,56,134.13845468058025,-1.92,-0.0,-6.6336,127.50485468058025,178.12169744294073,1.806091782924637,0.8310810779916104,2.043824267225931,break_up
XAUUSD.a,15m,1,0.04,2020-07-28 02:45:00,1964.5867288108818,2020-07-28 06:00:00,1949.3048819195917,1949.5357496189592,1993.7085007620815,stop,13,-61.12738756516046,-0.96,-0.9234707974702157,0.0,-61.12738756516046,-85.6689803724587,-1.01533904847144,2.1019714669368676,1.1031356151252087,break_up
XAUUSD.a,15m,-1,0.08,2020-07-28 10:30:00,1935.6591973503876,2020-07-28 10:30:00,1920.2709746040853,1943.6995126979573,1920.0309746040853,target,0,123.10578197041832,-1.92,-0.0,0.0,123.10578197041832,172.74367778070345,1.9138829860639162,0.08342989305949629,3.581849231708619,break_dn
XAUUSD.a,15m,-1,0.02,2020-07-28 10:45:00,1914.0098975396459,2020-07-28 15:45:00,1939.207375510101,1938.763768844252,1865.1024623114963,stop,20,-50.39495594091022,-0.48,-0.4072133316979718,0.0,-50.39495594091022,-70.44304716369894,-1.0179206985602502,1.0321659245113668,0.3001509318772062,break_dn
XAUUSD.a,15m,1,0.05,2020-07-28 18:00:00,1956.191137190877,2020-07-29 17:00:00,1942.1120566611644,1942.2403999897144,1982.949200020571,stop,88,-70.39540264856328,-1.2,-0.6417166427501071,-12.437999999999999,-82.83340264856328,-115.59869745529095,-1.1875129099508834,1.05952373539408,0.5590287234765653,break_up
XAUUSD.a,15m,1,0.11,2020-07-29 21:15:00,1968.751197605198,2020-07-29 21:45:00,1980.7732585817641,1962.258370709118,1980.7732585817641,target,2,132.2426707422269,-2.6399999999999997,-0.0,0.0,132.2426707422269,184.4568796705772,1.8515911742270934,0.602387475871177,1.86803107320244,break_up
XAUUSD.a,15m,1,0.13,2020-07-30 04:00:00,1966.874126654349,2020-07-30 04:45:00,1961.2332787021776,1961.3435098207663,1976.9929803584673,stop,3,-73.33102337822947,-3.12,-1.4330045416523836,0.0,-73.33102337822947,-102.20494136256879,-1.0199310713263177,1.1199703108588632,0.6863381535675757,break_up
XAUUSD.a,15m,-1,0.11,2020-07-30 08:30:00,1956.717669692032,2020-07-30 17:30:00,1944.5927138221527,1962.9936430889236,1944.3527138221527,target,36,133.37451456867075,-2.6399999999999997,-0.0,0.0,133.37451456867075,187.0059513588855,1.9319641915442647,0.8815095218071038,2.375355781370155,break_dn
XAUUSD.a,15m,-1,0.09,2020-07-30 17:45:00,1942.4009554611641,2020-07-30 18:45:00,1950.4408067324148,1950.0417504717282,1927.7164990565434,stop,4,-72.35866144125589,-2.16,-1.4315063461793234,0.0,-72.35866144125589,-101.3682180959568,-1.0522270601599562,1.0351075415452062,0.41500334150831203,break_dn
XAUUSD.a,15m,1,0.15,2020-07-31 01:15:00,1957.2028650220118,2020-07-31 04:30:00,1965.3839165028776,1952.6580417485613,1965.3839165028776,target,13,122.71577221298685,-3.5999999999999996,-0.0,0.0,122.71577221298685,170.00176243400549,1.800081320797916,0.3966853964473209,1.8476262932030314,break_up
XAUUSD.a,15m,1,0.1,2020-07-31 09:15:00,1975.996784020576,2020-07-31 16:00:00,1968.5961385149628,1968.7012513510863,1989.8474972978274,stop,27,-74.00645505613056,-2.4,-1.0511283612336135,0.0,-74.00645505613056,-103.03718072555594,-1.014407835710618,1.3373641737469548,0.9955703453703044,break_up
XAUUSD.a,15m,1,0.05,2020-08-03 01:15:00,1982.9447239044546,2020-08-03 04:00:00,1969.9573972619569,1970.0782533636598,2007.7334932726808,stop,11,-64.93663321248846,-1.2,-0.6042805085145709,0.0,-64.93663321248846,-90.99099460876113,-1.0093931044508044,1.0068591742684943,0.16051613292061637,break_up
XAUUSD.a,15m,-1,0.21,2020-08-03 10:30:00,1971.4104014793431,2020-08-03 11:00:00,1975.086422692877,1974.7687965449866,1964.692406910027,stop,2,-77.19644548421161,-5.04,-1.6301491056988686,0.0,-77.19644548421161,-108.33372461227036,-1.0945767670813311,1.033112082658516,0.3901868165388598,break_dn
XAUUSD.a,15m,-1,0.21,2020-08-03 13:00:00,1971.0835156387318,2020-08-03 16:30:00,1964.987022166447,1974.3214889167766,1964.747022166447,target,14,128.02636291797853,-5.04,-0.0,0.0,128.02636291797853,180.76436698620336,1.8828115456116206,0.4559902860469844,2.7898672604816976,break_dn
XAUUSD.a,15m,-1,0.12,2020-08-03 16:45:00,1963.204085841669,2020-08-03 17:15:00,1969.217281178676,1968.870119244304,1951.949761511392,stop,2,-72.15834404408542,-2.88,-1.2859432124636374,0.0,-72.15834404408542,-101.5985582756085,-1.0612707179259782,1.2329461656689389,0.48606946799644707,break_dn
XAUUSD.a,15m,1,0.18,2020-08-03 21:45:00,1975.6212786145684,2020-08-04 01:15:00,1971.6289821377632,1971.700646330487,1982.5887073390259,stop,10,-71.861336582494,-4.32,-1.2899554690272805,-14.9256,-86.78693658249401,-121.96885191833884,-1.2297752320158912,1.0511770336895983,0.5531560289999752,break_up
XAUUSD.a,15m,1,0.16,2020-08-04 04:30:00,1978.2539095168372,2020-08-04 06:45:00,1973.8088168704874,1973.864230816771,1986.1815383664582,stop,9,-71.12148234159758,-3.84,-0.8866231405386825,0.0,-71.12148234159758,-99.81682246336605,-1.0126236907231372,1.1080331498439013,0.0,break_up
XAUUSD.a,15m,1,0.19,2020-08-04 10:45:00,1978.6520847326349,2020-08-04 11:00:00,1974.8603579384705,1974.925554530355,1985.3488909392904,stop,1,-72.04280908912233,-4.56,-1.238735245805369,0.0,-72.04280908912233,-100.83956313301839,-1.0174952538542419,1.0605266878601673,0.07189402817701102,break_up
XAUUSD.a,15m,1,0.11,2020-08-04 17:15:00,1980.0886818597044,2020-08-04 17:45:00,1991.0944500261137,1974.122774986943,1991.0944500261137,target,2,121.06344983050258,-2.6399999999999997,-0.0,0.0,121.06344983050258,169.35267021585005,1.8447770642647379,0.14393148904567402,2.380412306657861,break_up
XAUUSD.a,15m,1,0.09,2020-08-04 18:15:00,1994.3725968084916,2020-08-04 21:00:00,2008.0823873664938,1986.8838063167532,2008.0823873664938,target,11,123.38811502201952,-2.16,-0.0,0.0,123.38811502201952,172.45983705870282,1.8307082529717846,0.2553946208805724,2.001311588038452,break_up
XAUUSD.a,15m,1,0.09,2020-08-04 21:15:00,2009.287010287319,2020-08-04 21:45:00,2001.178017978918,2001.298666488282,2024.2826670234363,stop,2,-72.98093077560861,-2.16,-1.0858365842751738,0.0,-72.98093077560861,-102.00560586980211,-1.015103069221744,1.1037344547416439,0.021655266352201174,break_up
XAUUSD.a,15m,1,0.09,2020-08-04 22:45:00,2013.1944797857825,2020-08-05 02:30:00,2026.7749851877243,2005.9175074061377,2026.7749851877243,target,11,122.22454861747588,-2.16,-0.0,-22.388399999999997,99.83614861747589,139.12312902199787,1.5243847060586508,0.10505464991468835,1.9273840111651108,break_up
XAUUSD.a,15m,1,0.11,2020-08-05 10:45:00,2039.5863981215264,2020-08-05 10:45:00,2033.2718220953975,2033.4014192776872,2050.9771614446254,stop,0,-69.46033628741748,-2.6399999999999997,-1.4255690051851535,0.0,-69.46033628741748,-96.51826735877704,-1.0209535368772946,1.0665191083227366,0.0,break_up
XAUUSD.a,15m,1,0.09,2020-08-05 17:00:00,2046.6160297634658,2020-08-05 19:00:00,2038.6419052628423,2038.8144122849942,2062.1111754300114,stop,8,-71.76712050561127,-2.16,-1.5525631993670885,0.0,-71.76712050561127,-99.63780822126294,-1.02211169960946,1.2197508772668209,1.145143332288142,break_up
XAUUSD.a,15m,1,0.09,2020-08-05 22:00:00,2040.2470775624392,2020-08-06 14:30:00,2054.455275954989,2032.6073620225059,2054.455275954989,target,62,127.87378553294593,-2.16,-0.0,-7.4628,120.41098553294593,167.67996871319585,1.7512430040904665,0.7561901398346563,2.4297923581749723,break_up
XAUUSD.a,15m,1,0.1,2020-08-06 14:45:00,2057.136206998004,2020-08-06 18:15:00,2049.882518392556,2050.052958475063,2070.264083049874,stop,14,-72.53688605448133,-2.4,-1.7044008250708285,0.0,-72.53688605448133,-100.37484578429874,-1.024062417400002,1.039947557133782,1.7652625008848057,break_up
XAUUSD.a,15m,1,0.1,2020-08-06 21:30:00,2057.1379660285256,2020-08-07 01:15:00,2069.902303072034,2050.263848463983,2069.902303072034,target,11,127.64337043508476,-2.4,-0.0,-8.292,119.35137043508476,164.9980928113427,1.7362427877391649,0.05498393429797963,2.628996929684676,break_up
XAUUSD.a,15m,-1,0.05,2020-08-07 17:15:00,2034.984279677777,2020-08-10 17:00:00,2049.5444351936135,2049.1863821856386,2007.017235628723,stop,91,-72.80077757918207,-1.2,-0.5902650398742395,1.5115,-71.28927757918207,-99.59802391715505,-1.0039256869145938,1.0446143670636636,1.3747457228230366,break_dn
XAUUSD.a,15m,-1,0.1,2020-08-10 21:30:00,2024.874941503196,2020-08-11 08:30:00,2012.124132874612,2031.497933562694,2011.884132874612,target,40,127.50808628583854,-2.4,-0.0,3.023,130.53108628583854,181.9755838363844,1.9708778919437644,0.7723183797976219,2.65211574246205,break_dn
XAUUSD.a,15m,-1,0.09,2020-08-11 08:45:00,2008.2356889710081,2020-08-11 09:15:00,1994.1593936997608,2015.5053031501195,1993.9193936997608,target,2,126.68665744122586,-2.16,-0.0,0.0,126.68665744122586,176.88232308679716,1.9363194420543455,0.40914290025711875,2.497476279164446,break_dn
XAUUSD.a,15m,-1,0.09,2020-08-11 14:30:00,1979.2577291553653,2020-08-11 15:30:00,1964.2921095887884,1987.0289452056056,1964.0521095887884,target,4,134.6905760991915,-2.16,-0.0,0.0,134.6905760991915,187.42948442736287,1.925775769175014,0.40177377960535177,2.0444328214081744,break_dn
XAUUSD.a,15m,-1,0.03,2020-08-11 21:00:00,1925.4057753700797,2020-08-12 04:45:00,1888.1824309821259,1944.383784508937,1887.9424309821259,target,27,111.67003316386149,-0.72,-0.0,2.7207,114.39073316386148,160.37507979287156,2.0091804208209902,0.21836983002790278,1.9778563228334494,break_dn
XAUUSD.a,15m,-1,0.04,2020-08-12 05:00:00,1890.5973289384385,2020-08-12 09:45:00,1908.901866728124,1908.3665614345052,1855.6068771309895,stop,19,-73.21815115874233,-0.96,-1.181221174475184,0.0,-73.21815115874233,-102.79983033632249,-1.0301254032067715,1.7616220097570643,1.5767326441724676,break_dn
XAUUSD.a,15m,1,0.05,2020-08-12 16:15:00,1941.698166906175,2020-08-12 17:00:00,1927.6945273954618,1927.9651243850024,1967.9097512299952,stop,3,-70.01819755356564,-1.2,-1.3529849477027232,0.0,-70.01819755356564,-97.62579656385945,-1.0197040815335239,1.0294999731033978,0.26664397843226717,break_up
XAUUSD.a,15m,1,0.05,2020-08-12 18:00:00,1947.9594856330395,2020-08-12 20:30:00,1933.8623916149993,1934.0773230561153,1974.4953538877692,stop,10,-70.48547009020126,-1.2,-1.0746572055807133,0.0,-70.48547009020126,-98.3184361917134,-1.0154825618793228,1.1424362411229982,0.09296205542972281,break_up
XAUUSD.a,15m,1,0.11,2020-08-13 10:00:00,1934.069804320033,2020-08-13 10:15:00,1927.5863711388556,1927.7200914417588,1945.7798171164825,stop,1,-71.31776499295097,-2.6399999999999997,-1.4709233319340878,0.0,-71.31776499295097,-99.53075193701814,-1.0210592676340826,1.1354535958156007,0.017354435086999048,break_up
XAUUSD.a,15m,1,0.09,2020-08-13 14:15:00,1936.4742368127481,2020-08-13 15:00:00,1928.2974388491532,1928.4344280315188,1951.5511439369627,stop,3,-73.59118167235442,-2.16,-1.2329026412896478,0.0,-73.59118167235442,-102.63333706031048,-1.0170388607606473,1.6672332859511865,0.019373991532689237,break_up
XAUUSD.a,15m,1,0.09,2020-08-13 16:45:00,1938.213369236639,2020-08-13 19:45:00,1953.075988897254,1930.2520055513728,1953.075988897254,target,12,133.763576945536,-2.16,-0.0,0.0,133.763576945536,186.7476084010945,1.8668434514706127,0.49405722337724134,2.1399136425446965,break_up
XAUUSD.a,15m,1,0.06,2020-08-13 20:00:00,1954.1468361069867,2020-08-13 21:15:00,1942.9646440072863,1943.1581010265102,1975.0837979469795,stop,5,-67.09315259820232,-1.44,-1.1607421153436681,0.0,-67.09315259820232,-93.94826380760671,-1.0176050307707893,1.5085299614182612,1.10596568249293,break_up
XAUUSD.a,15m,1,0.09,2020-08-14 08:00:00,1953.2403586183552,2020-08-14 09:30:00,1945.2142225269934,1945.3346757948648,1968.0906484102707,stop,6,-72.2352248222569,-2.16,-1.084079410843398,0.0,-72.2352248222569,-101.02546057768579,-1.0152362889532476,1.175149424253449,0.4679724021626495,break_up
XAUUSD.a,15m,-1,0.09,2020-08-14 19:00:00,1943.4162567757323,2020-08-17 01:30:00,1951.5368328270094,1951.1898693409125,1928.150261318175,stop,22,-73.08518446149401,-2.16,-0.9626713748725597,2.7207,-70.36448446149402,-98.05120251591212,-1.0057455250981981,1.0167400494938845,1.4492948653238007,break_dn
XAUUSD.a,15m,-1,0.05,2020-08-17 03:00:00,1932.4237618006948,2020-08-17 08:00:00,1945.7406787677526,1945.4083107663066,1906.7433784673867,stop,20,-66.58458483528875,-1.2,-0.4618400072297828,0.0,-66.58458483528875,-92.74006551149596,-1.0255971926576886,1.0155330180684319,0.23826486456236515,break_dn
XAUUSD.a,15m,1,0.14,2020-08-17 10:00:00,1951.6077645738114,2020-08-17 15:30:00,1960.4473613425998,1946.6213193287,1960.4473613425998,target,22,123.75435476303757,-3.3600000000000003,-0.0,0.0,123.75435476303757,172.002883657921,1.7727251246676519,0.7796665525652657,2.166319872213392,break_up
XAUUSD.a,15m,1,0.1,2020-08-17 15:45:00,1961.395967303179,2020-08-17 17:00:00,1974.2215260373703,1954.5242369813147,1974.2215260373703,target,5,128.2555873419119,-2.4,-0.0,0.0,128.2555873419119,178.02396777235012,1.8664234673737246,0.6222548183496083,2.3347878838860128,break_up
XAUUSD.a,15m,1,0.08,2020-08-18 04:15:00,1989.5020382817072,2020-08-18 09:30:00,2005.768298469556,1980.915850765222,2005.768298469556,target,21,130.13008150278984,-1.92,-0.0,0.0,130.13008150278984,180.06348711451636,1.894468313977331,0.4183507843045083,2.0926588994003614,break_up
XAUUSD.a,15m,1,0.12,2020-08-19 01:45:00,2005.0881867161556,2020-08-19 03:30:00,1998.8889639359961,1998.9984075916173,2016.3131848167654,stop,7,-74.3906733619142,-2.88,-1.3133238674546988,0.0,-74.3906733619142,-102.5540728472169,-1.0179716954232607,1.9028911359792615,0.22198067552193726,break_up
XAUUSD.a,15m,-1,0.12,2020-08-19 05:15:00,1993.7670422568522,2020-08-19 10:00:00,1982.620221578731,1999.5848892106344,1982.380221578731,target,19,133.76184813745476,-2.88,-0.0,0.0,133.76184813745476,184.06749434079367,1.9159700773624817,0.6175751565296712,2.330250755056141,break_dn
XAUUSD.a,15m,-1,0.12,2020-08-19 14:15:00,1985.7237104316496,2020-08-19 15:45:00,1991.9313365123448,1991.5678998342573,1974.2042003314853,stop,6,-74.49151296834316,-2.88,-1.4812401370502184,0.0,-74.49151296834316,-102.66902759057702,-1.062187696710401,1.284402173037211,0.7654971670927282,break_dn
XAUUSD.a,15m,-1,0.05,2020-08-19 17:45:00,1973.5047071545475,2020-08-19 21:15:00,1947.1086564133204,1987.01067179334,1946.8686564133204,target,14,131.9802537061355,-1.2,-0.0,0.0,131.9802537061355,183.20158480051012,1.954399515115804,0.06480787332572477,2.851681326332212,break_dn
XAUUSD.a,15m,-1,0.05,2020-08-19 23:30:00,1929.1161115021143,2020-08-20 03:45:00,1943.157382250955,1942.7307114538635,1902.348577092273,stop,13,-70.20635374420294,-1.2,-0.9333539854576347,1.5115,-68.69485374420294,-95.5860878347544,-1.0091351047795913,1.0263899451625298,0.3258348771051727,break_dn
XAUUSD.a,15m,-1,0.05,2020-08-20 11:00:00,1934.3196071141701,2020-08-20 15:30:00,1947.5953004562061,1947.1935679782598,1908.9028640434806,stop,18,-66.37846671017996,-1.2,-0.808662389731247,0.0,-66.37846671017996,-92.8474048987019,-1.0312050411048637,1.0269095133500434,0.742553687640569,break_dn
XAUUSD.a,15m,1,0.09,2020-08-20 22:00:00,1949.783024467209,2020-08-21 04:15:00,1941.9582350497453,1942.076422034666,1964.1371559306683,stop,21,-70.42310475717386,-2.16,-1.0636828642852416,-7.4628,-77.88590475717386,-108.16435173965567,-1.1229318617657014,1.199364382438885,0.7898390485393345,break_up
XAUUSD.a,15m,1,0.15,2020-08-21 07:30:00,1950.7016928015087,2020-08-21 08:30:00,1945.9503350363066,1946.038131200817,1959.1237375983665,stop,4,-71.27036647803152,-3.5999999999999996,-1.316942467656345,0.0,-71.27036647803152,-98.96462796882848,-1.018825990096778,1.0982363352397924,0.11971691301525951,break_up
XAUUSD.a,15m,-1,0.06,2020-08-21 15:00:00,1916.0178143226747,2020-08-21 15:30:00,1928.2867404409305,1927.8746324347983,1892.610735130403,stop,2,-73.61355670953526,-1.44,-1.0326480367938764,0.0,-73.61355670953526,-102.74621989997385,-1.0347570488334368,1.5444435011279303,0.3844045071429625,break_dn
XAUUSD.a,15m,1,0.05,2020-08-24 15:15:00,1959.0633002902616,2020-08-24 16:00:00,1945.8171508966282,1945.949361977735,1984.35127604453,stop,3,-66.2307469681673,-1.2,-0.6610554055343623,0.0,-66.2307469681673,-92.28965354239911,-1.0100817220545026,1.2020264175868725,0.21097397622310782,break_up
XAUUSD.a,15m,-1,0.1,2020-08-24 19:45:00,1928.2067572061535,2020-08-25 05:15:00,1935.6869995203074,1935.366168666104,1914.197662667792,stop,34,-74.80242314153884,-2.4,-0.8083085420351679,3.023,-71.77942314153884,-100.0675065753145,-1.0025883208846302,1.119259989270404,0.6308838696337078,break_dn
XAUUSD.a,15m,-1,0.15,2020-08-25 11:30:00,1927.2384303134809,2020-08-25 17:00:00,1918.081911948144,1932.029044025928,1917.841911948144,target,22,137.34777548005468,-3.5999999999999996,-0.0,0.0,137.34777548005468,191.46549868272763,1.911345584292519,0.935489679511209,2.5233573481560985,break_dn
XAUUSD.a,15m,-1,0.09,2020-08-25 18:00:00,1917.855809143666,2020-08-25 21:45:00,1926.1120899533219,1925.7557253020727,1902.3385493958547,stop,15,-74.30652728690302,-2.16,-1.0472818612421009,0.0,-74.30652728690302,-103.2623122707417,-1.0451099282705545,1.377760299994011,0.4564363812682759,break_dn
XAUUSD.a,15m,1,0.13,2020-08-26 01:15:00,1929.724559041055,2020-08-26 04:00:00,1924.119452163131,1924.1965119625809,1939.8669760748385,stop,11,-72.86638941301294,-3.12,-1.001777392848671,0.0,-72.86638941301294,-101.17661924355092,-1.0139397871175815,1.031930256757077,0.1963516127008996,break_up
XAUUSD.a,15m,1,0.18,2020-08-26 05:45:00,1931.0086721765263,2020-08-26 06:45:00,1926.9526120317644,1927.0185667941198,1938.1228664117605,stop,4,-73.00908260571396,-4.32,-1.1871857223980171,0.0,-73.00908260571396,-101.54253491754375,-1.0165295790547904,1.4632877122169772,0.0,break_up
XAUUSD.a,15m,-1,0.16,2020-08-26 08:15:00,1921.2920513845447,2020-08-26 15:15:00,1912.863995258671,1925.6980023706644,1912.623995258671,target,28,134.84889801398094,-3.84,-0.0,0.0,134.84889801398094,187.376016804898,1.9128801369840809,0.6236902371615679,2.8511554994868487,break_dn
XAUUSD.a,15m,-1,0.06,2020-08-26 15:30:00,1909.1452353542384,2020-08-26 16:30:00,1920.106623687918,1919.7167226838728,1888.2265546322544,stop,4,-65.76833000207807,-1.44,-0.8994060242712509,0.0,-65.76833000207807,-91.15752342695303,-1.0368823224100383,2.3236810374733765,0.6040053925372448,break_dn
XAUUSD.a,15m,1,0.1,2020-08-26 22:30:00,1952.333441876461,2020-08-27 04:00:00,1944.996200231996,1945.0925927188648,1965.8748145622703,stop,18,-73.37241644464939,-2.4,-0.9639248686874891,-8.292,-81.66441644464939,-112.91468453715142,-1.1278292734351192,1.022454924184434,0.3724091007627422,break_up
XAUUSD.a,15m,-1,0.19,2020-08-27 13:45:00,1939.8338262494178,2020-08-27 15:30:00,1932.6559037834527,1943.6270481082738,1932.4159037834527,target,7,136.38052685333764,-4.56,-0.0,0.0,136.38052685333764,187.991793969809,1.8923023047562946,0.9849605136750212,2.0309453377823634,break_dn
XAUUSD.a,15m,-1,0.09,2020-08-27 15:45:00,1935.7717136505944,2020-08-27 15:45:00,1943.538489363887,1943.181059839779,1921.1278803204418,stop,0,-69.90098141963381,-2.16,-1.0568657169732019,0.0,-69.90098141963381,-96.35401182647398,-1.048240359538038,1.0875839977848791,0.04881856527669117,break_dn
XAUUSD.a,15m,-1,0.12,2020-08-28 02:00:00,1927.2206667791606,2020-08-28 04:45:00,1933.5395287910621,1933.1945326060625,1915.510934787875,stop,11,-75.82634414281802,-2.88,-1.259954219995905,0.0,-75.82634414281802,-104.29316297753665,-1.0577509095443804,1.5650390369895633,0.6864343622674629,break_dn
XAUUSD.a,15m,1,0.1,2020-08-28 07:00:00,1941.1212620272665,2020-08-28 11:30:00,1953.7465656172856,1934.3567171913571,1953.7465656172856,target,18,126.2530359001903,-2.4,-0.0,0.0,126.2530359001903,172.59943662190395,1.8663936593335768,0.34462954771045773,2.1359512462734567,break_up
XAUUSD.a,15m,1,0.09,2020-08-28 18:00:00,1961.9437668511277,2020-08-31 02:45:00,1976.6036096086277,1954.038195195686,1976.6036096086277,target,31,131.93858481749976,-2.16,-0.0,-7.4628,124.47578481749976,168.8929387898397,1.7494804120812493,0.2901456025066542,1.8577066642313331,break_up
XAUUSD.a,15m,1,0.17,2020-09-01 04:30:00,1971.863475533673,2020-09-01 05:00:00,1979.7969805493924,1967.5165097253036,1979.7969805493924,target,2,134.8695852672306,-4.08,-0.0,0.0,134.8695852672306,182.04708816525695,1.8250672688625484,0.2653518763483501,2.3893733984126704,break_up
XAUUSD.a,15m,1,0.09,2020-09-01 05:15:00,1981.0423704619095,2020-09-01 17:00:00,1972.972942707999,1973.10659051257,1995.9468189748602,stop,47,-72.62484978519478,-2.16,-1.2028302411389455,0.0,-72.62484978519478,-98.42365938254837,-1.0168411681553844,1.3650038850700439,1.4311925999202852,break_up
XAUUSD.a,15m,-1,0.11,2020-09-01 17:45:00,1967.270370377395,2020-09-01 17:45:00,1974.08146249075,1973.6770180568424,1954.5159638863151,stop,0,-74.92201324690518,-2.6399999999999997,-1.8088887729836787,0.0,-74.92201324690518,-101.53685321042065,-1.0631288708453754,1.6981782309501934,0.47612581962024014,break_dn
XAUUSD.a,15m,-1,0.06,2020-09-01 21:45:00,1964.0725470430978,2020-09-02 17:15:00,1941.0176302823193,1975.8511848588405,1940.7776302823193,target,74,138.32950056467098,-1.44,-0.0,5.4414,143.77090056467097,196.33323396060382,2.0343453237650557,0.7783118133278104,2.040350286599108,break_dn
XAUUSD.a,15m,-1,0.21,2020-09-03 04:15:00,1942.1022314868105,2020-09-03 04:30:00,1945.8591553963442,1945.54385639583,1935.3622872083401,stop,1,-78.89540210020823,-5.04,-1.5812790107968009,0.0,-78.89540210020823,-107.70262255499192,-1.091613411934542,1.120914862941449,0.11106134367193089,break_dn
XAUUSD.a,15m,-1,0.13,2020-09-03 08:00:00,1937.4377652035832,2020-09-03 16:45:00,1943.4124002191545,1943.0464824349817,1926.3770351300366,stop,35,-77.67025520242646,-3.12,-1.6369311942445732,0.0,-77.67025520242646,-106.40344019182757,-1.065240904305946,1.5087647401876354,1.83246271465543,break_dn
XAUUSD.a,15m,-1,0.05,2020-09-03 18:30:00,1924.5921910452937,2020-09-04 04:30:00,1939.4106940243528,1939.0663295811237,1895.9673408377528,stop,36,-74.09251489529538,-1.2,-0.5218222161451757,1.5115,-72.58101489529538,-99.78692105050509,-1.0029061793988616,1.0762511990709713,0.14178329440564955,break_dn
XAUUSD.a,15m,1,0.13,2020-09-04 12:00:00,1940.1470014864292,2020-09-04 15:30:00,1934.7209604655216,1934.8416279145588,1949.8667441708822,stop,14,-70.53853327179922,-3.12,-1.5686768374853233,0.0,-70.53853327179922,-97.06558774724337,-1.022744383105653,2.8286418068649564,1.4293052903525225,break_up
XAUUSD.a,15m,-1,0.07,2020-09-04 16:15:00,1923.7734037207154,2020-09-04 21:30:00,1933.5880994969127,1933.2102935809066,1905.1894128381864,stop,21,-68.70287043338158,-1.6800000000000002,-0.9646414120419314,0.0,-68.70287043338158,-94.14963332974507,-1.0400350032270507,1.4619855146857599,0.6902066059064224,break_dn
XAUUSD.a,15m,1,0.17,2020-09-07 04:30:00,1938.0379672827353,2020-09-07 08:30:00,1933.8528474213417,1933.9142866682057,1945.3914266635886,stop,16,-71.14703764369051,-4.08,-1.04446719668934,0.0,-71.14703764369051,-97.7469021167111,-1.0148991283775726,1.0374147958166529,0.7983238822292248,break_up
XAUUSD.a,15m,-1,0.19,2020-09-08 01:15:00,1930.4455694185228,2020-09-08 06:15:00,1923.3441964886988,1934.1829017556506,1923.1041964886988,target,20,134.92608566665672,-4.56,-0.0,0.0,134.92608566665672,185.40679327038424,1.9001181295216554,0.44267687008764567,2.0644590104749407,break_dn
XAUUSD.a,15m,-1,0.21,2020-09-08 06:30:00,1923.3604817150515,2020-09-08 08:00:00,1927.0229601683702,1926.7313574156,1916.7372851688,stop,6,-76.91204751969326,-5.04,-1.0836578081726314,0.0,-76.91204751969326,-105.52231196193183,-1.086506527880181,1.0470627215278792,0.1751716074714389,break_dn
XAUUSD.a,15m,1,0.1,2020-09-09 01:15:00,1930.2219541326733,2020-09-09 13:45:00,1922.985276388428,1923.0685274714435,1943.5929450571132,stop,50,-72.36677744245299,-2.4,-0.8325108301549744,0.0,-72.36677744245299,-100.0466971402444,-1.0116379305971943,1.2849721634097389,0.5798683713091228,break_up
XAUUSD.a,15m,-1,0.18,2020-09-09 14:00:00,1922.3742207581333,2020-09-09 15:00:00,1926.6334699455406,1926.3026361005168,1914.6847277989666,stop,4,-76.66648537333049,-4.32,-1.635009210428162,0.0,-76.66648537333049,-105.66089027319904,-1.0842155974330008,1.523713436633423,0.5967344473079743,break_dn
XAUUSD.a,15m,1,0.18,2020-09-09 22:30:00,1950.6527662189887,2020-09-09 23:45:00,1946.729134205274,1946.7991460268377,1957.541707946325,stop,5,-70.62537624686502,-4.32,-1.2602127881435297,0.0,-70.62537624686502,-96.97291809263356,-1.0181678053551404,1.1684509615555077,0.0,break_up
XAUUSD.a,15m,1,0.25,2020-09-10 08:00:00,1946.865642663173,2020-09-10 09:15:00,1944.0349001796178,1944.0977027522183,1951.5745944955631,stop,5,-70.76856208888103,-6.0,-1.5700643150123106,0.0,-70.76856208888103,-97.19888211306592,-1.0226892832289993,1.2050993773280727,0.8469682913088802,break_up
XAUUSD.a,15m,1,0.18,2020-09-10 13:00:00,1949.3476819613572,2020-09-10 15:00:00,1945.4512896893,1945.5240482346076,1956.1019035307847,stop,8,-70.1350608970306,-4.32,-1.3096538155353128,0.0,-70.1350608970306,-96.17687272469672,-1.0190286388569514,1.1292090900734786,0.8898127492810197,break_up
XAUUSD.a,15m,1,0.16,2020-09-10 15:30:00,1953.4808339937313,2020-09-10 16:00:00,1961.338314709513,1949.1008426452436,1961.338314709513,target,2,125.71969145250841,-3.84,-0.0,0.0,125.71969145250841,171.86090804422082,1.793948912363669,0.6371779694712916,1.844562092356238,break_up
XAUUSD.a,15m,1,0.11,2020-09-10 16:15:00,1959.1498847245725,2020-09-10 19:45:00,1952.754925873332,1952.8724604870356,1970.7750790259286,stop,14,-70.34454736364569,-2.6399999999999997,-1.2928807507401165,0.0,-70.34454736364569,-96.65235070093252,-1.0187233822752912,1.293505810236357,1.1852178527202197,break_up
XAUUSD.a,15m,-1,0.17,2020-09-11 05:45:00,1944.1359401738353,2020-09-11 16:00:00,1948.520190563926,1948.193029101185,1936.1839417976303,stop,41,-74.53225663154285,-4.08,-1.481744866598967,0.0,-74.53225663154285,-102.25727033839073,-1.0806394606082197,1.6327125051439095,1.7169799081494863,break_dn
XAUUSD.a,15m,1,0.09,2020-09-11 16:15:00,1950.7873570959825,2020-09-11 19:30:00,1943.4224030379978,1943.513189337201,1964.4436213255979,stop,13,-66.2845865218626,-2.16,-0.8170766928300377,0.0,-66.2845865218626,-91.11784362282819,-1.0124806441387986,1.0444297338084993,0.546130229017832,break_up
XAUUSD.a,15m,-1,0.07,2020-09-14 01:15:00,1940.0838241914005,2020-09-14 05:00:00,1949.2596631519195,1948.9572981187325,1922.2954037625348,stop,15,-64.23087272363341,-1.6800000000000002,-0.4365552323089639,0.0,-64.23087272363341,-88.19287755544887,-1.0340751588006216,1.1197616502815348,0.08269863611592405,break_dn
XAUUSD.a,15m,1,0.11,2020-09-14 15:45:00,1952.6428155414567,2020-09-15 05:00:00,1963.5825558407253,1946.6287220796373,1963.5825558407253,target,49,120.33714329195436,-2.6399999999999997,-0.0,-9.1212,111.21594329195436,152.19424330065598,1.6811411999922565,0.11021038260621814,2.209341198785394,break_up
XAUUSD.a,15m,1,0.25,2020-09-15 08:30:00,1967.5636046614775,2020-09-15 09:30:00,1964.7291966771948,1964.785376438354,1972.299247123292,stop,4,-70.86019960706835,-6.0,-1.4044940289793395,0.0,-70.86019960706835,-96.76389404215261,-1.0202214349028773,1.6534295574583717,0.6250009715077606,break_up
XAUUSD.a,15m,-1,0.17,2020-09-15 22:45:00,1951.740401644362,2020-09-16 01:30:00,1956.0420015650654,1955.7412759069364,1943.8874481861271,stop,7,-73.12719865195845,-4.08,-1.0323361881935795,15.417300000000001,-57.709898651958454,-79.0330028101321,-0.8484895295157594,1.029674537431508,0.0,break_dn
XAUUSD.a,15m,1,0.22,2020-09-16 07:15:00,1960.664233696508,2020-09-16 09:00:00,1957.5368578084936,1957.5919313920429,1965.9861372159146,stop,7,-68.80226953631927,-5.279999999999999,-1.2116188380828268,0.0,-68.80226953631927,-94.06284713421186,-1.0179258347947266,1.0266677507365678,0.7732853306912599,break_up
XAUUSD.a,15m,1,0.12,2020-09-16 15:30:00,1969.2513349364604,2020-09-16 16:45:00,1963.3637880478432,1963.4611957290635,1980.017608541873,stop,5,-70.65056266340616,-2.88,-1.168892174645255,0.0,-70.65056266340616,-96.4117940275739,-1.0168230292452967,1.1470078177008696,0.7527737947943334,break_up
XAUUSD.a,15m,-1,0.16,2020-09-17 03:15:00,1958.1230588951457,2020-09-17 04:45:00,1950.2417271695217,1962.2691364152392,1950.0017271695217,target,6,126.10130760998436,-3.84,-0.0,0.0,126.10130760998436,173.4901391070845,1.9009127753709396,0.34416652798668323,2.7623841666345252,break_dn
XAUUSD.a,15m,-1,0.08,2020-09-17 05:00:00,1946.5527653833537,2020-09-18 04:00:00,1954.6720699850591,1954.3632485886342,1931.4335028227317,stop,88,-64.95443681364304,-1.92,-0.5505711713986614,2.4184,-62.536036813643044,-85.44458431409507,-1.0008349542856116,1.148102413251943,1.7582478602693232,break_dn
XAUUSD.a,15m,1,0.14,2020-09-18 04:15:00,1954.0178751501678,2020-09-18 14:45:00,1949.1020581361151,1949.1606957205468,1962.8086085589066,stop,42,-68.82143819673729,-3.3600000000000003,-0.8209261820413437,0.0,-68.82143819673729,-94.32892199281417,-1.012072352953241,1.1010248288449507,0.42866953547864717,break_up
XAUUSD.a,15m,1,0.13,2020-09-18 17:45:00,1955.1479260540618,2020-09-18 22:45:00,1950.0404470506494,1950.1100769796378,1964.359846040724,stop,20,-66.39722704436167,-3.12,-0.9051890768506189,0.0,-66.39722704436167,-91.01619860503855,-1.0138213606560642,1.0933090635891014,0.9730489884710573,break_up
XAUUSD.a,15m,-1,0.03,2020-09-21 01:15:00,1946.4997969507185,2020-09-21 17:00:00,1911.1866870004637,1964.351656499768,1910.9466870004637,target,63,105.93932985076435,-0.72,-0.0,0.0,105.93932985076435,147.0460543420978,1.9781194140156053,0.5092020259461076,2.079883994644998,break_dn
XAUUSD.a,15m,-1,0.11,2020-09-21 22:45:00,1910.7150955844647,2020-09-22 02:15:00,1917.072680007348,1916.738442887791,1898.8931142244178,stop,10,-69.93342865171621,-2.6399999999999997,-1.036608315125687,3.3253,-66.60812865171621,-92.1465430611001,-1.0053022211651879,1.030142228741942,0.2548575579589995,break_dn
XAUUSD.a,15m,-1,0.12,2020-09-22 03:45:00,1917.3471556467216,2020-09-22 05:15:00,1907.2365055443624,1922.616747227819,1906.9965055443624,target,6,121.32780122830991,-2.88,-0.0,0.0,121.32780122830991,168.18147964168767,1.9186781265226232,0.397154944756203,2.0242850859611186,break_dn
XAUUSD.a,15m,-1,0.13,2020-09-22 06:00:00,1908.795375008227,2020-09-22 07:00:00,1914.2797376258197,1913.9468197716694,1898.7763604566615,stop,4,-71.29671402870576,-3.12,-1.2079321039537168,0.0,-71.29671402870576,-98.74754370258827,-1.0646261135347665,1.1035011055761175,0.16992805871453107,break_dn
XAUUSD.a,15m,-1,0.15,2020-09-22 08:30:00,1911.2436060303694,2020-09-22 09:30:00,1902.6498801936414,1915.7450599031793,1902.4098801936414,target,4,128.9058875509204,-3.5999999999999996,-0.0,0.0,128.9058875509204,179.02600904244264,1.9091000551259054,0.7522889415985261,2.815447272918169,break_dn
XAUUSD.a,15m,-1,0.13,2020-09-22 09:45:00,1903.8101373784623,2020-09-22 10:00:00,1909.3300239869857,1908.975679621272,1893.6886407574561,stop,1,-71.75852591080411,-3.12,-1.4864767542757555,0.0,-71.75852591080411,-99.85878918842765,-1.068597709409272,1.1344138419726295,0.4046307783798754,break_dn
XAUUSD.a,15m,-1,0.17,2020-09-22 23:45:00,1901.1261469118056,2020-09-23 03:00:00,1905.369751352362,1905.0540380822706,1893.431923835459,stop,9,-72.14127548946067,-4.08,-1.287125591555875,15.417300000000001,-56.72397548946067,-79.50101680372904,-0.849490043320487,1.062619331100313,0.8849906377100338,break_dn
XAUUSD.a,15m,-1,0.1,2020-09-23 06:15:00,1896.3797727899139,2020-09-23 07:30:00,1883.8407060466623,1902.859646976669,1883.6007060466623,target,5,125.39066743251624,-2.4,-0.0,0.0,125.39066743251624,175.9770222478966,1.9350787348435883,0.18831032438564627,2.186735788617164,break_dn
XAUUSD.a,15m,-1,0.06,2020-09-23 17:15:00,1871.7583313020152,2020-09-24 07:45:00,1850.9952628781457,1882.412368560927,1850.7552628781457,target,54,124.57841054321716,-1.44,-0.0,1.8137999999999999,126.39221054321716,179.53183980798164,1.9772193312210329,0.13156221101183083,2.002839936022025,break_dn
XAUUSD.a,15m,1,0.1,2020-09-24 20:30:00,1873.8686807864542,2020-09-24 21:15:00,1867.3512553277685,1867.4879339107715,1885.2841321784572,stop,3,-65.17425458685693,-2.4,-1.3667858300294196,0.0,-65.17425458685693,-92.44181749266971,-1.0214204678019578,1.2331911827504236,0.5048498673129165,break_up
XAUUSD.a,15m,1,0.17,2020-09-25 06:15:00,1868.6239392039618,2020-09-25 12:45:00,1864.5565602172444,1864.6458903048579,1875.698219390284,stop,26,-69.14544277419509,-4.08,-1.5186114894277778,0.0,-69.14544277419509,-98.05082639562548,-1.02245575403399,1.0819221465405646,1.6430317881488723,break_up
XAUUSD.a,15m,-1,0.09,2020-09-25 17:15:00,1854.3996726109997,2020-09-25 17:15:00,1862.2427351065912,1861.8522440230909,1839.7955119538183,stop,0,-70.58756246032385,-2.16,-1.3544197515034608,0.0,-70.58756246032385,-100.59650623540858,-1.052396825459039,1.0721571048667544,0.11401066343640931,break_dn
XAUUSD.a,15m,-1,0.15,2020-09-28 09:00:00,1856.9570180002004,2020-09-28 10:00:00,1861.756125770076,1861.4457440451588,1848.1085119096824,stop,4,-71.98661654813577,-3.5999999999999996,-1.055725873757915,0.0,-71.98661654813577,-102.21161247232784,-1.0691469521215082,1.0432764113683195,0.24884967115670992,break_dn
XAUUSD.a,15m,-1,0.11,2020-09-28 11:30:00,1853.9550325923344,2020-09-28 13:15:00,1860.1199101835432,1859.7810990387386,1842.4978019225227,stop,7,-67.81365350329656,-2.6399999999999997,-1.0869225928516864,0.0,-67.81365350329656,-96.02069197906741,-1.058154356446399,1.2607077992045232,0.9551955240347502,break_dn
XAUUSD.a,15m,1,0.11,2020-09-28 16:15:00,1873.3879002002168,2020-09-28 16:45:00,1867.298347727733,1867.428828854034,1884.3523422919318,stop,2,-66.98507719732152,-2.6399999999999997,-1.4352923893096725,0.0,-66.98507719732152,-94.89449800581042,-1.021896218172413,1.3169669809783326,0.6044733466885952,break_up
XAUUSD.a,15m,1,0.14,2020-09-29 03:15:00,1885.9169568365226,2020-09-29 04:00:00,1881.2812579552076,1881.3541339955718,1894.2717320088566,stop,3,-64.89978433840952,-3.3600000000000003,-1.0202645650992312,0.0,-64.89978433840952,-91.67024639237471,-1.0159717006126519,1.0644631636652797,0.05764921686564893,break_up
XAUUSD.a,15m,1,0.15,2020-09-29 12:30:00,1885.283180309927,2020-09-29 15:30:00,1880.9441816043088,1881.0387859872033,1892.8924280255935,stop,12,-65.08498058427335,-3.5999999999999996,-1.4190657434181164,0.0,-65.08498058427335,-91.34605912095739,-1.0222892539432387,1.8808762105788457,1.1984795245905508,break_up
XAUUSD.a,15m,1,0.08,2020-09-29 17:30:00,1891.727447054771,2020-09-30 09:00:00,1884.0851871511188,1884.1527088567466,1905.924582286507,stop,58,-61.1380792292166,-1.92,-0.5401736450217074,-19.9008,-81.0388792292166,-113.89063204162265,-1.3373214543961682,1.024120814735777,1.0010316854524142,break_up
XAUUSD.a,15m,-1,0.13,2020-09-30 23:30:00,1885.9327451931024,2020-10-01 04:30:00,1891.1504705829898,1890.8420017972974,1876.3159964054053,stop,16,-67.83043006853609,-3.12,-0.8900942140013233,3.9299000000000004,-63.900530068536085,-89.06121349222441,-1.0012565620805278,1.0769970350255587,0.25925415917651234,break_dn
XAUUSD.a,15m,1,0.15,2020-10-01 14:45:00,1900.0777016192662,2020-10-01 15:15:00,1907.596405151744,1895.886797424128,1907.596405151744,target,2,112.78055298716595,-3.5999999999999996,-0.0,0.0,112.78055298716595,156.8291588268685,1.794052830222157,0.7224459157951203,1.8116134435956341,break_up
XAUUSD.a,15m,1,0.1,2020-10-01 18:30:00,1909.9510652097804,2020-10-01 23:00:00,1903.655842401059,1903.7486923032895,1921.1226153934208,stop,18,-62.952228087212916,-2.4,-0.9284990223056857,0.0,-62.952228087212916,-87.6491208766174,-1.0149700612378993,1.0126874511539157,0.32228548982080096,break_up
XAUUSD.a,15m,-1,0.21,2020-10-02 05:15:00,1896.7192053788153,2020-10-02 07:45:00,1890.8357107921802,1899.84214460391,1890.5957107921802,target,10,123.55338631933819,-5.04,-0.0,0.0,123.55338631933819,173.02214891587641,1.8839606417435122,0.3108592742964203,2.0587033289514873,break_dn
XAUUSD.a,15m,1,0.11,2020-10-02 09:45:00,1915.5409550911943,2020-10-02 10:30:00,1909.5024175983472,1909.620393874962,1926.419212250076,stop,3,-66.42391242131839,-2.6399999999999997,-1.2977390427621753,0.0,-66.42391242131839,-92.83046708963636,-1.0199265360674594,1.2314635091019481,0.2633272171109756,break_up
XAUUSD.a,15m,-1,0.12,2020-10-02 20:45:00,1900.343769275043,2020-10-05 10:00:00,1889.9457021474802,1905.74714892626,1889.7057021474802,target,49,124.77680553075425,-2.88,-0.0,3.6275999999999997,128.40440553075425,179.09563369051864,1.9803100685610608,0.8247117568267196,2.436210321086416,break_dn
XAUUSD.a,15m,-1,0.1,2020-10-05 10:15:00,1887.803385009939,2020-10-05 11:30:00,1894.627649836468,1894.3177394353756,1874.9145211292484,stop,5,-68.24264826529088,-2.4,-0.6991040109226365,0.0,-68.24264826529088,-95.03488227675311,-1.0475734632862812,1.2889404600515282,0.12332534545585927,break_dn
XAUUSD.a,15m,1,0.19,2020-10-05 15:15:00,1905.795491209485,2020-10-05 17:00:00,1911.6574148676093,1902.4362925661953,1911.6574148676093,target,7,111.37654950436354,-4.56,-0.0,0.0,111.37654950436354,154.92850019385932,1.7450363258017905,0.5731995675014427,2.8651204684609364,break_up
XAUUSD.a,15m,1,0.11,2020-10-05 17:15:00,1912.4840271263001,2020-10-06 18:30:00,1910.5096759163566,1906.5433508161223,1923.4532983677557,signal,97,-21.717863309378572,-2.6399999999999997,-1.5471298401512692,-9.1212,-30.839063309378574,-43.136986906573654,-0.4719245862866347,0.9887808760488336,1.4351855628108727,break_up
XAUUSD.a,15m,-1,0.09,2020-10-06 22:00:00,1897.4377612920694,2020-10-06 23:00:00,1884.2224062347748,1904.2887968826126,1883.9824062347748,target,4,118.93819551565116,-2.16,-0.0,0.0,118.93819551565116,167.5067889805664,1.9289572915861468,0.01200383603964131,2.053377348015499,break_dn
XAUUSD.a,15m,-1,0.1,2020-10-07 17:15:00,1879.6811198150267,2020-10-07 18:00:00,1886.3736138010013,1886.0182418441575,1867.243516311685,stop,3,-66.92493985974579,-2.4,-1.1537195684381425,0.0,-66.92493985974579,-93.73372156437176,-1.056077815009746,1.276428029599227,0.08696689325109735,break_dn
XAUUSD.a,15m,1,0.11,2020-10-08 09:45:00,1893.4484834503417,2020-10-08 17:00:00,1887.619270998131,1887.717536177162,1904.0749276456763,stop,29,-64.12133697431705,-2.6399999999999997,-1.0809169693399732,0.0,-64.12133697431705,-89.58872336539903,-1.0171464112906436,1.3869406001237887,1.2670709053006983,break_up
XAUUSD.a,15m,1,0.22,2020-10-09 01:15:00,1894.060286227272,2020-10-09 04:00:00,1899.5340552446742,1891.0379723776628,1899.5340552446742,target,11,120.42291838284882,-5.279999999999999,-0.0,0.0,120.42291838284882,167.6825754467651,1.8111186626465088,0.102665124375507,3.106796395067397,break_up
XAUUSD.a,15m,1,0.13,2020-10-09 11:30:00,1916.1522942488782,2020-10-09 17:00:00,1925.0650513094224,1911.2724743452886,1925.0650513094224,target,22,115.86584178707471,-3.12,-0.0,0.0,115.86584178707471,160.30138598101095,1.8264520487709017,0.8959950029430369,2.53650872279462,break_up
XAUUSD.a,15m,1,0.12,2020-10-09 17:15:00,1928.0513891347107,2020-10-09 18:45:00,1922.2415880133306,1922.338413108341,1938.573173783318,stop,6,-69.7176134565616,-2.88,-1.1619011401265038,0.0,-69.7176134565616,-96.33496401348845,-1.0169482760934974,1.4180681132419652,0.22030739486387113,break_up
XAUUSD.a,15m,1,0.16,2020-10-12 02:15:00,1932.5966483001034,2020-10-12 03:00:00,1928.305729109512,1928.3788924378616,1940.1422151242766,stop,3,-68.65470704946347,-3.84,-1.170613253593878,0.0,-68.65470704946347,-95.10147670687961,-1.0173465062320552,1.7868858573757362,0.1359376214800405,break_up
XAUUSD.a,15m,-1,0.21,2020-10-13 03:15:00,1920.8666137065104,2020-10-13 05:00:00,1914.9100914703383,1923.984954264831,1914.6700914703383,target,7,125.08696695961362,-5.04,-0.0,0.0,125.08696695961362,174.380983326289,1.9101577023966883,0.44042216294337294,2.0673218931489,break_dn
XAUUSD.a,15m,-1,0.21,2020-10-14 03:30:00,1892.0706469037689,2020-10-14 04:15:00,1886.1996665597458,1895.185166720127,1885.9596665597458,target,3,123.29058722448531,-5.04,-0.0,0.0,123.29058722448531,172.05418407503043,1.8850354758340326,0.7382688927372822,3.098598651734892,break_dn
XAUUSD.a,15m,-1,0.13,2020-10-14 04:30:00,1884.3560452316367,2020-10-14 04:45:00,1889.6253694376667,1889.302246724589,1874.6255065508224,stop,1,-68.50121467838972,-3.12,-1.080595270010279,0.0,-68.50121467838972,-95.59465053223606,-1.0653274464330151,1.4483750365954724,0.003243950263579746,break_dn
XAUUSD.a,15m,1,0.1,2020-10-14 15:30:00,1905.6623779844922,2020-10-14 23:00:00,1899.095271258679,1899.2406359998672,1917.7487280002658,stop_gap,30,-65.67106725813119,-2.4,-0.7472874132104657,0.0,-65.67106725813119,-91.687353938054,-1.0226363409704355,1.0172283470952252,1.1301640634089885,break_up
XAUUSD.a,15m,-1,0.23,2020-10-15 03:00:00,1898.2315981848656,2020-10-15 04:00:00,1892.6797866348882,1901.185106682556,1892.4397866348882,target,4,127.69166564948023,-5.52,-0.0,0.0,127.69166564948023,178.76475661414003,1.8797344088628678,0.7070918593149537,2.12344003403747,break_dn
XAUUSD.a,15m,-1,0.18,2020-10-15 04:30:00,1894.7612138770692,2020-10-15 05:00:00,1898.7118201129247,1898.3983962243383,1887.5732075513233,stop,2,-71.11091224539905,-4.32,-1.3216299945564387,0.0,-71.11091224539905,-99.7767815987078,-1.0861721680854717,1.0031903200208012,0.6271926066016289,break_dn
XAUUSD.a,15m,-1,0.14,2020-10-15 12:00:00,1894.8406996895633,2020-10-15 16:30:00,1899.832644316965,1899.473862869669,1885.7522742606625,stop,18,-69.88722478362251,-3.3600000000000003,-1.6629402621428186,0.0,-69.88722478362251,-98.77494528029867,-1.0774376885399959,1.1437758836536431,1.1440779190174106,break_dn
XAUUSD.a,15m,1,0.17,2020-10-15 22:45:00,1908.2607076484783,2020-10-16 07:15:00,1904.426852682195,1904.478039531278,1914.953920937444,stop,30,-65.17553442681606,-4.08,-0.8701764344111734,-14.096400000000001,-79.27193442681606,-112.11169093570183,-1.2327422924257596,1.0735035489932816,0.6395729883150361,break_up
XAUUSD.a,15m,1,0.18,2020-10-16 11:00:00,1909.5699000258135,2020-10-16 13:45:00,1905.828685150879,1905.8921861100448,1916.0856277799103,stop,11,-67.34186774882073,-4.32,-1.1430172649846497,0.0,-67.34186774882073,-95.03375305008501,-1.0172664216467608,1.0005944209078719,0.8320658007318286,break_up
XAUUSD.a,15m,-1,0.09,2020-10-16 18:30:00,1898.9127156478507,2020-10-19 08:30:00,1906.4354764566801,1906.1450035772684,1884.6499928454632,stop,52,-67.7048472794645,-2.16,-0.45425591470602,2.7207,-64.98414727946451,-91.60050643398857,-0.9983646778580008,1.0228138625483076,0.2658516456500575,break_dn
XAUUSD.a,15m,-1,0.18,2020-10-19 22:00:00,1902.9553749822282,2020-10-20 05:00:00,1895.9714524425758,1906.619273778712,1895.7314524425758,target,24,125.71060571374392,-4.32,-0.0,5.4414,131.1520057137439,186.23726351671908,1.9886527833805927,0.47889560144391785,2.283189423860817,break_dn
XAUUSD.a,15m,1,0.14,2020-10-20 18:00:00,1909.237224060604,2020-10-21 05:00:00,1917.807625169591,1904.4911874152046,1917.807625169591,target,40,119.98561552581761,-3.3600000000000003,-0.0,-34.82640000000001,85.1592155258176,120.40212010040804,1.281659111267827,0.7495146637883993,2.2614186828498846,break_up
XAUUSD.a,15m,1,0.13,2020-10-21 05:15:00,1919.5254071426775,2020-10-21 12:00:00,1914.5181409878232,1914.5889769850778,1928.5420460298444,stop,27,-65.09446001310562,-3.12,-0.920867964308108,0.0,-65.09446001310562,-91.92964173072014,-1.0143496403257137,1.0139730499319703,0.6633524131362706,break_up
XAUUSD.a,15m,1,0.12,2020-10-21 15:30:00,1921.5179771250307,2020-10-21 17:30:00,1931.0388185930437,1916.3255907034782,1931.0388185930437,target,8,114.25009761615638,-2.88,-0.0,0.0,114.25009761615638,160.38928251815364,1.8336157394784653,0.055461420173844866,1.8973978581554345,break_up
XAUUSD.a,15m,1,0.12,2020-10-21 17:45:00,1930.2215974818826,2020-10-21 18:00:00,1924.568678454423,1924.6667535184736,1940.456492963053,stop,1,-67.8350283295149,-2.88,-1.176900768606269,0.0,-67.8350283295149,-95.27659250191705,-1.0176557729967994,1.4008669790081674,0.15633247735449057,break_up
XAUUSD.a,15m,-1,0.18,2020-10-22 04:30:00,1918.2974556009963,2020-10-22 05:00:00,1911.353724063356,1921.953137968322,1911.113724063356,target,2,124.98716767752649,-4.32,-0.0,0.0,124.98716767752649,176.1921222441096,1.8994351368442628,0.36998411325141584,2.0837301591299973,break_dn
XAUUSD.a,15m,-1,0.08,2020-10-22 05:15:00,1911.241072432722,2020-10-22 10:15:00,1919.6016842932343,1919.3044929388996,1895.2610141222008,stop,20,-66.88489488409868,-1.92,-0.4575308346772251,0.0,-66.88489488409868,-94.01736675629903,-1.0368567351915992,1.0614512241697893,0.018735527014405607,break_dn
XAUUSD.a,15m,-1,0.3,2020-10-22 14:30:00,1915.4257725205443,2020-10-22 15:00:00,1911.3211752893806,1917.6494123553098,1911.0811752893806,target,2,123.13791693491339,-7.199999999999999,-0.0,0.0,123.13791693491339,173.3506728255672,1.845891212682273,0.14580935023133346,4.922457472389613,break_dn
XAUUSD.a,15m,-1,0.05,2020-10-22 15:15:00,1905.011929601908,2020-10-23 16:30:00,1908.6079183152824,1916.8738377622506,1881.5223244754986,signal,97,-17.979943566872407,-1.2,-0.47918315282558743,1.5115,-16.468443566872406,-23.151947881224213,-0.2776693824342796,0.7762722720175002,0.8828199864941015,break_dn
XAUUSD.a,15m,-1,0.13,2020-10-23 18:00:00,1897.8133176515698,2020-10-23 20:00:00,1903.178332868782,1902.846570898385,1887.9468582032305,stop,8,-69.74519782375864,-3.12,-1.1929056151625663,0.0,-69.74519782375864,-97.8577812096737,-1.0659140230241824,1.0761791793126476,0.40000324896106726,break_dn
XAUUSD.a,15m,-1,0.23,2020-10-23 23:30:00,1902.7400920444888,2020-10-26 01:15:00,1897.3431991967027,1905.6184004016486,1897.1031991967027,target,3,124.12853549908141,-5.52,-0.0,6.9529000000000005,131.0814354990814,184.1936843941283,1.9800494389732273,0.39950825722020605,2.504975544595086,break_dn
XAUUSD.a,15m,-1,0.2,2020-10-26 02:00:00,1893.3973500048567,2020-10-26 02:00:00,1897.141196315597,1896.8222213228817,1886.6755573542368,stop,0,-74.87692621480619,-4.8,-1.5794998543047263,0.0,-74.87692621480619,-104.99905515874775,-1.0931348839404726,1.0402288624373275,0.0,break_dn
XAUUSD.a,15m,-1,0.22,2020-10-26 07:45:00,1897.6353256824996,2020-10-26 10:30:00,1900.9380253983722,1900.6428051303697,1891.724389739261,stop,11,-72.6593937491989,-5.279999999999999,-1.214845896055928,0.0,-72.6593937491989,-102.19755228659282,-1.098162023421863,1.058918065011475,0.9161577760575558,break_dn
XAUUSD.a,15m,1,0.16,2020-10-26 17:15:00,1906.1383076267339,2020-10-26 18:00:00,1901.9370306191518,1902.0321557955008,1913.4556884089982,stop,3,-67.22043212131393,-3.84,-1.5220028215850996,0.0,-67.22043212131393,-94.41734970336952,-1.0231665024233803,1.7725373843636647,0.3852006545971202,break_up
XAUUSD.a,15m,-1,0.2,2020-10-27 12:15:00,1899.8100648217537,2020-10-27 15:00:00,1903.474839491125,1903.179925602521,1893.1901487949576,stop,11,-73.29549338742709,-4.8,-1.0982777720812216,0.0,-73.29549338742709,-102.76990099190563,-1.08751515501387,1.1246563062415897,0.5994505272392193,break_dn
XAUUSD.a,15m,1,0.18,2020-10-27 18:30:00,1908.47754414319,2020-10-28 01:30:00,1904.7373652040578,1904.7896680871502,1915.0506638256998,stop,24,-67.32322090437947,-4.32,-0.9414518956611084,-44.776799999999994,-112.10002090437946,-157.49915125307967,-1.6887169862806564,1.0297374655448364,0.7816032353064374,break_up
XAUUSD.a,15m,-1,0.21,2020-10-28 03:15:00,1902.8562602432212,2020-10-28 03:30:00,1906.2273320245904,1905.937358791934,1896.7952824161323,stop,1,-70.79250740875341,-5.04,-1.0494378857842557,0.0,-70.79250740875341,-99.36487810899489,-1.0941135858109878,1.043049972588948,0.053961351963438396,break_dn
XAUUSD.a,15m,1,0.25,2020-10-28 07:45:00,1908.9266952427486,2020-10-28 09:45:00,1906.2908846748662,1906.3389339143719,1913.3021321712565,stop,8,-65.89526419705862,-6.0,-1.201230987643619,0.0,-65.89526419705862,-92.18570556799517,-1.0185678791079955,1.413072837378872,0.7470954666689045,break_up
XAUUSD.a,15m,-1,0.18,2020-10-28 14:15:00,1894.867907811562,2020-10-28 15:00:00,1888.0309826731952,1898.4845086634025,1887.7909826731952,target,3,123.06465249060102,-4.32,-0.0,0.0,123.06465249060102,174.18671001203242,1.8904284488257341,0.01163860491176334,2.4962411339829322,break_dn
XAUUSD.a,15m,-1,0.12,2020-10-28 22:00:00,1876.8169269375053,2020-10-29 07:15:00,1882.3387760458565,1882.0508572112633,1866.5382855774737,stop,33,-66.26218930021514,-2.88,-0.5750260151183069,3.6275999999999997,-62.63458930021514,-88.703727889727,-0.9972523200244282,1.1049197753913387,0.3337696236161438,break_dn
XAUUSD.a,15m,-1,0.14,2020-10-29 15:00:00,1871.9988777785693,2020-10-29 15:45:00,1863.2359286011683,1876.5770356994158,1862.9959286011683,target,3,122.68128848361359,-3.3600000000000003,-0.0,0.0,122.68128848361359,174.6526892126099,1.9140775239532895,0.4807877446533723,2.0704567082335847,break_dn
XAUUSD.a,15m,-1,0.14,2020-10-29 16:00:00,1864.0840151768462,2020-10-29 16:30:00,1868.9481318372946,1868.5976443236746,1855.314711352651,stop,2,-68.09763324627784,-3.3600000000000003,-1.546825190680612,0.0,-68.09763324627784,-96.86994401871722,-1.0776509328122994,1.5964946584539945,0.9181115776332605,break_dn
XAUUSD.a,15m,-1,0.19,2020-10-30 01:45:00,1866.3847568515391,2020-10-30 04:30:00,1870.0336666562114,1869.7249900453282,1859.8400199093437,stop,11,-69.32928628877289,-4.56,-1.3048556067774044,0.0,-69.32928628877289,-98.31152338169723,-1.0924116949251022,1.6122356841654844,0.5792280775894914,break_dn
XAUUSD.a,15m,1,0.17,2020-10-30 12:45:00,1874.741378068238,2020-10-30 15:15:00,1881.2343820589188,1871.0578089705407,1881.2343820589188,target,10,110.38106784157345,-4.08,-0.0,0.0,110.38106784157345,156.18783654286486,1.7626936860611069,0.7632212111876469,1.7750778547494952,break_up
XAUUSD.a,15m,1,0.16,2020-11-02 04:15:00,1882.5670011553807,2020-11-02 11:30:00,1889.7380301847818,1878.550984907609,1889.7380301847818,target,29,114.73646447041756,-3.84,-0.0,0.0,114.73646447041756,163.34918062417077,1.7856075740181803,0.6865014943379593,2.0002406237964023,break_up
XAUUSD.a,15m,1,0.16,2020-11-02 14:15:00,1891.8765299287754,2020-11-02 14:45:00,1887.8280934670686,1887.8979196759697,1898.7941606480606,stop,2,-64.77498338730948,-3.84,-1.117219342415892,0.0,-64.77498338730948,-92.01384062859138,-1.0175504018901662,1.208092681454753,0.1843533356169335,break_up
XAUUSD.a,15m,1,0.16,2020-11-02 18:15:00,1894.7582310928094,2020-11-02 18:15:00,1890.6396274842386,1890.7269741234527,1901.9260517530947,stop,0,-65.89765773713225,-3.84,-1.397546227424288,0.0,-65.89765773713225,-93.55412949988961,-1.021667345911711,1.14808634825079,0.0,break_up
XAUUSD.a,15m,-1,0.23,2020-11-03 09:30:00,1888.9207882869732,2020-11-03 10:00:00,1892.031472669732,1891.725941193955,1883.4281176120903,stop,2,-71.54574080345219,-5.52,-1.5072239428747463,0.0,-71.54574080345219,-100.7275067978603,-1.1089179399157478,1.7286799949327822,0.7096897577377451,break_dn
XAUUSD.a,15m,1,0.14,2020-11-03 11:15:00,1897.374300324314,2020-11-03 15:15:00,1905.5043493073874,1892.8828253463062,1905.5043493073874,target,16,113.82068576302892,-3.3600000000000003,-0.0,0.0,113.82068576302892,159.7124656400372,1.8101067072357682,0.21469569106707487,1.9983857685136681,break_up
XAUUSD.a,15m,1,0.09,2020-11-03 15:30:00,1905.9876473515762,2020-11-04 03:00:00,1898.972436588334,1899.1194055044402,1918.9811889911196,stop,42,-63.136896869180646,-2.16,-1.3227202449558824,-22.388399999999997,-85.52529686918064,-119.79507356348752,-1.3835870918268376,3.546416665821553,1.518926223131474,break_up
XAUUSD.a,15m,-1,0.09,2020-11-04 09:15:00,1895.2461613835758,2020-11-04 13:45:00,1902.8262591038879,1902.4602331920728,1881.1295336158541,stop,18,-68.22087948280887,-2.16,-1.1342332063360445,0.0,-68.22087948280887,-95.66535713878291,-1.050737769394528,1.013829472533063,1.1402938038247292,break_dn
XAUUSD.a,15m,1,0.13,2020-11-05 02:15:00,1907.3015419611495,2020-11-05 10:15:00,1916.3748772495371,1902.2975613752315,1916.3748772495371,target,32,117.95335874903913,-3.12,-0.0,0.0,117.95335874903913,163.91517335886482,1.813223519276106,0.9715349365724069,1.9621295227405593,break_up
XAUUSD.a,15m,1,0.16,2020-11-05 10:30:00,1915.1650800124598,2020-11-05 14:30:00,1922.275399943236,1911.092300028382,1922.275399943236,target,16,113.76511889241738,-3.84,-0.0,0.0,113.76511889241738,157.010528854931,1.7458148877604807,0.32289493112839296,2.86411739233223,break_up
XAUUSD.a,15m,1,0.07,2020-11-05 14:45:00,1926.8509052910533,2020-11-05 17:15:00,1944.8427130823218,1917.343643458839,1944.8427130823218,target,10,125.94265453887921,-1.6800000000000002,-0.0,0.0,125.94265453887921,173.17656175851388,1.8924279260202295,0.2073052500116317,2.264489512216652,break_up
XAUUSD.a,15m,1,0.14,2020-11-06 13:15:00,1954.1839181133225,2020-11-06 14:45:00,1949.3734610778406,1949.4711400518665,1962.6977198962672,stop,6,-67.34639849674704,-3.3600000000000003,-1.3675056363642217,0.0,-67.34639849674704,-92.81605107119316,-1.0207264107819582,1.3079160598999724,0.830949778582936,break_up
XAUUSD.a,15m,1,0.12,2020-11-06 16:15:00,1960.5550632215884,2020-11-06 16:15:00,1954.7114842716664,1954.8390791040492,1971.0118417919016,stop,0,-70.12294739906338,-2.88,-1.531137988592451,0.0,-70.12294739906338,-96.69996607516048,-1.0223224609724275,1.5544240569747256,0.0,break_up
XAUUSD.a,15m,1,0.1,2020-11-06 21:00:00,1953.9688550208377,2020-11-09 13:45:00,1947.2703504603558,1947.3851142625908,1966.1197714748187,stop,63,-66.98504560481979,-2.4,-1.1476380223505491,-8.292,-75.27704560481979,-102.84311383794167,-1.1433780333851467,2.908506838889673,1.7514579328959996,break_up
XAUUSD.a,15m,-1,0.03,2020-11-09 14:00:00,1938.2542985986165,2020-11-09 15:00:00,1899.9786006177692,1957.5506996911154,1899.7386006177692,target,4,114.82709394254198,-0.72,-0.0,0.0,114.82709394254198,156.74555870775757,1.983566666000032,0.04952744280149909,2.34211024024501,break_dn
XAUUSD.a,15m,-1,0.04,2020-11-09 17:00:00,1863.0686844208155,2020-11-10 04:00:00,1878.233136308318,1877.863850335788,1834.0822993284241,stop,40,-60.65780755001015,-0.96,-0.5171438901210823,1.2092,-59.448607550010145,-81.65793185628162,-1.0045275580493753,1.010554100245274,0.8495129080030345,break_dn
XAUUSD.a,15m,1,0.13,2020-11-11 04:45:00,1882.8293885033947,2020-11-11 09:00:00,1877.4594324485315,1877.5271451025599,1892.5657097948801,stop,17,-69.8094287132219,-3.12,-0.8802645023690697,0.0,-69.8094287132219,-95.72770478330052,-1.012770566892062,1.016435515303974,0.31507634982245697,break_up
XAUUSD.a,15m,-1,0.16,2020-11-11 13:15:00,1872.444553886948,2020-11-11 13:45:00,1876.9762048519342,1876.6534538842877,1864.1930922314245,stop,2,-72.50641543978054,-3.84,-1.3240154823448462,0.0,-72.50641543978054,-99.61040725344215,-1.076682973663062,1.1488622006006903,0.6021891440874739,break_dn
XAUUSD.a,15m,-1,0.13,2020-11-11 15:00:00,1870.6704155870937,2020-11-11 15:45:00,1861.3289382254736,1875.5505308872632,1861.0889382254736,target,3,121.43920570106047,-3.12,-0.0,0.0,121.43920570106047,166.8098043997479,1.9141919374928413,0.596212227363803,2.5512543907847895,break_dn
XAUUSD.a,15m,-1,0.07,2020-11-11 16:00:00,1858.5009644518684,2020-11-11 16:30:00,1867.5627392801546,1867.1996320788724,1841.340735842255,stop,2,-63.432423798003136,-1.6800000000000002,-0.8617504089757019,0.0,-63.432423798003136,-87.28111590897014,-1.0417428526818289,1.0828135930715899,0.24037755453228138,break_dn
XAUUSD.a,15m,-1,0.16,2020-11-11 22:30:00,1863.073051795059,2020-11-12 01:00:00,1867.404709759656,1867.1025956506705,1855.1548086986586,stop,6,-69.30652743355313,-3.84,-0.9938257437690441,4.8368,-64.46972743355313,-88.51354746767139,-0.9999538679758418,1.3095646539724912,0.06279911675527126,break_dn
XAUUSD.a,15m,1,0.17,2020-11-12 05:30:00,1871.8533519355249,2020-11-12 08:30:00,1867.8268471394933,1867.8882140298,1878.9335719403996,stop,12,-68.45058153253603,-4.08,-1.0432371352169743,0.0,-68.45058153253603,-94.3053311095228,-1.0154766093300744,1.1508684045859947,0.20595703955117128,break_up
XAUUSD.a,15m,1,0.14,2020-11-12 11:45:00,1872.6844808001838,2020-11-12 12:30:00,1867.8984060418852,1867.9754238906482,1881.2191522187038,stop,3,-67.00504661618015,-3.3600000000000003,-1.0782498826817746,0.0,-67.00504661618015,-92.19059536354777,-1.0163552597139094,1.088218065448963,0.028778416234836002,break_up
XAUUSD.a,15m,1,0.13,2020-11-12 15:45:00,1874.4591418611365,2020-11-12 17:30:00,1883.300966758078,1869.5895166209611,1883.300966758078,target,7,114.94372366023936,-3.12,-0.0,0.0,114.94372366023936,158.248397687395,1.8157095178484777,0.2544634956532757,1.9305095721339336,break_up
XAUUSD.a,15m,1,0.13,2020-11-13 03:15:00,1880.4132204643474,2020-11-13 15:15:00,1889.5778843261696,1875.4060578369154,1889.5778843261696,target,48,119.14063020368849,-3.12,-0.0,0.0,119.14063020368849,164.2412878462758,1.8303108054875146,0.9333071066525516,1.8546990035383233,break_up
XAUUSD.a,15m,1,0.25,2020-11-13 23:15:00,1888.3145772606804,2020-11-16 03:00:00,1892.917551150188,1885.6612244249059,1892.917551150188,target,11,115.07434723769165,-6.0,-0.0,-20.73,94.34434723769165,129.36997399787683,1.422266137630393,0.5896604626363915,2.436699202664593,break_up
XAUUSD.a,15m,1,0.13,2020-11-16 03:15:00,1894.5926617355615,2020-11-16 08:00:00,1889.5786183553398,1889.636374939683,1903.5972501206338,stop,19,-65.18256394288164,-3.12,-0.7508355964615132,0.0,-65.18256394288164,-89.47257994685341,-1.0116531965808058,1.031550825471411,0.9074007315675005,break_up
XAUUSD.a,15m,-1,0.03,2020-11-16 14:00:00,1869.3418298992701,2020-11-16 18:15:00,1892.6564434480194,1892.2991817528116,1823.691636494377,stop,17,-69.94384064624796,-0.72,-0.3517850856233906,0.0,-69.94384064624796,-95.51776779593035,-1.0155619732400774,1.0475149857939836,0.1717022905959406,break_dn
XAUUSD.a,15m,1,0.12,2020-11-16 19:00:00,1895.574453533618,2020-11-16 19:45:00,1890.1566774239213,1890.2578866513404,1905.354226697319,stop,3,-65.01331331635993,-2.88,-1.2145107290291195,0.0,-65.01331331635993,-88.84270315717829,-1.0190365756060458,1.2290738889037949,0.08192250300355623,break_up
XAUUSD.a,15m,1,0.21,2020-11-17 02:30:00,1891.4678618855269,2020-11-17 02:45:00,1888.2551131187536,1888.3127993164517,1897.0344013670967,stop,1,-67.46772410223934,-5.04,-1.2114101516599332,0.0,-67.46772410223934,-92.1186839189505,-1.0182836937256088,1.4414490318205808,0.0,break_up
XAUUSD.a,15m,-1,0.23,2020-11-17 07:45:00,1886.0956269585197,2020-11-17 08:45:00,1889.2456136320104,1888.9521645650439,1880.4856708699126,stop,4,-72.44969349028679,-5.52,-1.2293285402284075,0.0,-72.44969349028679,-99.03587381626244,-1.1027289353013725,1.163777096400798,0.6531077883444218,break_dn
XAUUSD.a,15m,1,0.15,2020-11-17 11:15:00,1892.744316324002,2020-11-17 11:45:00,1888.209908776272,1888.2787178994072,1900.8225642011857,stop,2,-68.01611321595146,-3.5999999999999996,-1.0321368470279444,0.0,-68.01611321595146,-92.81294872746949,-1.015408712694865,1.010909601530412,0.0,break_up
XAUUSD.a,15m,-1,0.19,2020-11-17 20:45:00,1885.4513761408684,2020-11-17 22:30:00,1879.0349149625558,1888.837542518722,1878.7949149625558,target,7,121.91276238793944,-4.56,-0.0,0.0,121.91276238793944,166.97404898845335,1.8949042847621955,0.5872788390250676,2.2566452111877604,break_dn
XAUUSD.a,15m,-1,0.07,2020-11-17 22:45:00,1878.423291649554,2020-11-19 01:00:00,1875.272474218233,1888.0971445546652,1859.2157108906697,signal,97,22.055722019247018,-1.6800000000000002,-0.5946390552611425,6.348300000000001,28.40402201924702,38.926682955880686,0.4194520498835641,0.667439169664729,1.533338556524531,break_dn
XAUUSD.a,15m,-1,0.15,2020-11-19 02:30:00,1868.9857819467447,2020-11-19 07:45:00,1860.5886711879048,1873.3706644060476,1860.3486711879048,target,21,125.95666138259958,-3.5999999999999996,-0.0,0.0,125.95666138259958,172.73029906693486,1.9150138770595542,0.8356479534545906,2.512218297522191,break_dn
XAUUSD.a,15m,1,0.2,2020-11-19 23:00:00,1866.8903032772914,2020-11-20 01:00:00,1862.7083333857227,1863.5514672859442,1872.7270654281112,stop_gap,4,-83.63939783137539,-4.8,-1.2333322855485644,-16.584,-100.2233978313754,-137.9005996744206,-1.500873329674034,1.752198458520541,0.24849879564579264,break_up
XAUUSD.a,15m,1,0.16,2020-11-20 06:30:00,1866.7347241281213,2020-11-20 09:30:00,1862.6318905479309,1862.7009055605279,1873.9481888789444,stop,12,-65.64533728304741,-3.84,-1.104240201552036,0.0,-65.64533728304741,-90.12759800517246,-1.017109101820156,1.4538889218362336,0.7598943334993173,break_up
XAUUSD.a,15m,1,0.06,2020-11-20 16:15:00,1877.7761722172002,2020-11-23 11:45:00,1867.4366545893952,1867.4965113815272,1897.4469772369457,stop,74,-62.03710576682988,-1.44,-0.3591407527918624,-4.9752,-67.01230576682988,-91.41947800446084,-1.0864869771818488,1.0774842083080243,0.19201292867077582,break_up
XAUUSD.a,15m,-1,0.16,2020-11-23 13:30:00,1864.2844415987317,2020-11-23 14:00:00,1868.7334347489634,1868.4242865105887,1856.1414269788224,stop,2,-71.18389040370676,-3.84,-1.1063718139964958,0.0,-71.18389040370676,-97.12500907847725,-1.0746762849712836,1.1004176480671055,0.18707019591813157,break_dn
XAUUSD.a,15m,-1,0.02,2020-11-23 17:00:00,1841.5601104554776,2020-11-24 18:15:00,1805.717832919252,1864.2000523973718,1796.5498952052567,signal,97,71.68455507245108,-0.48,-0.3113316770078463,0.6046,72.28915507245108,98.35393008401621,1.5964960347067667,0.0790589282037966,1.8202392285830096,break_dn
XAUUSD.a,15m,-1,0.11,2020-11-25 05:30:00,1804.4655383045176,2020-11-25 09:45:00,1810.5382331416538,1810.2372643721237,1793.0554712557525,stop,17,-66.79964320849786,-2.6399999999999997,-0.6706564648309501,0.0,-66.79964320849786,-90.87274103646881,-1.0521453662222926,1.149476190964486,0.49474598604817305,break_dn
XAUUSD.a,15m,1,0.14,2020-11-25 14:00:00,1812.9095288866258,2020-11-25 20:00:00,1808.2170876175653,1808.2859782697055,1821.2880434605886,stop,24,-65.69417776684713,-3.3600000000000003,-0.9644691299645481,0.0,-65.69417776684713,-89.24263074028654,-1.0148999454852108,1.040224123214965,1.0404279117805848,break_up
XAUUSD.a,15m,1,0.17,2020-11-26 05:00:00,1811.5591030793275,2020-11-26 07:30:00,1807.6372983265937,1807.683232437376,1818.4735351252477,stop,10,-66.6706807964747,-4.08,-0.7808798832991838,0.0,-66.6706807964747,-90.5876257459098,-1.0118513013012291,1.1685382453959363,0.07505330996441717,break_up
XAUUSD.a,15m,1,0.2,2020-11-26 09:00:00,1812.512812202313,2020-11-26 09:45:00,1818.2133814029248,1809.2083092985376,1818.2133814029248,target,3,114.01138401223761,-4.8,-0.0,0.0,114.01138401223761,154.86048193778709,1.7250912971204055,0.4426723912518786,1.7391988946721904,break_up
XAUUSD.a,15m,-1,0.25,2020-11-27 05:15:00,1807.9862016317697,2020-11-27 07:45:00,1810.9385948623885,1810.6441429047024,1802.771714190595,stop,10,-73.80983076546954,-6.0,-1.361298942153447,0.0,-73.80983076546954,-100.0146760328318,-1.1107819652317554,1.1639829667179085,1.9323984634553966,break_dn
XAUUSD.a,15m,-1,0.29,2020-11-27 09:30:00,1807.7855932280127,2020-11-27 09:45:00,1810.3540538248733,1810.0630229638912,1803.3339540722175,stop,1,-74.48535730895833,-6.959999999999999,-1.4798949684835419,0.0,-74.48535730895833,-100.99435582622618,-1.1277891723275733,1.1874819799628777,0.08149240571022792,break_dn
XAUUSD.a,15m,-1,0.19,2020-11-27 13:45:00,1805.6439961326653,2020-11-27 15:00:00,1798.9883153265182,1809.145842336741,1798.7483153265182,target,5,126.45793531679442,-4.56,-0.0,0.0,126.45793531679442,171.37311503678555,1.9006205350768062,0.6413770726769064,3.633510837185265,break_dn
XAUUSD.a,15m,-1,0.04,2020-11-27 15:15:00,1793.6804596221218,2020-11-30 04:45:00,1765.3181508530201,1808.07092457349,1765.0781508530201,target,37,113.4492350764067,-0.96,-0.0,1.2092,114.65843507640669,155.13880292314218,1.9919167911511066,0.32935283146828825,2.0409666901922834,break_dn
XAUUSD.a,15m,1,0.22,2020-12-01 03:45:00,1780.5402951506326,2020-12-01 05:30:00,1785.6902469912027,1777.5448765043986,1785.6902469912027,target,7,113.29894049254244,-5.279999999999999,-0.0,0.0,113.29894049254244,153.83635961458057,1.7192761509463883,0.5576165965090409,1.8093313454469988,break_up
XAUUSD.a,15m,1,0.19,2020-12-01 09:15:00,1788.0094143175393,2020-12-01 10:00:00,1794.1628988464863,1784.5135505767569,1794.1628988464863,target,3,116.91620604999389,-4.56,-0.0,0.0,116.91620604999389,158.77587871420758,1.760218642723717,0.2887453265879733,1.9024155904235471,break_up
XAUUSD.a,15m,1,0.12,2020-12-01 16:00:00,1813.8872058661457,2020-12-01 16:30:00,1808.3457017397661,1808.4540797350107,1821.6718405299782,stop,2,-66.4980495165546,-2.88,-1.3005359429350558,0.0,-66.4980495165546,-90.43908377292269,-1.0199476310007862,1.1976909258291524,0.23610608384429843,break_up
XAUUSD.a,15m,1,0.12,2020-12-01 19:15:00,1814.0114269076691,2020-12-02 07:00:00,1808.4549976521394,1808.5076195445242,1824.0847609109517,stop,43,-66.67715106635751,-2.88,-0.6314627086180107,-29.8512,-96.52835106635752,-130.98002777095067,-1.4615390264919041,1.1213014010982447,0.593874908162327,break_up
XAUUSD.a,15m,1,0.18,2020-12-02 08:30:00,1814.4983758981662,2020-12-02 09:00:00,1810.6632601660867,1810.719912156827,1821.2201756863462,stop,2,-69.03208317742974,-4.32,-1.0197358333243771,0.0,-69.03208317742974,-93.51026533387933,-1.0149933927168275,1.0079164864014984,0.0,break_up
XAUUSD.a,15m,1,0.17,2020-12-02 10:30:00,1817.4304526767542,2020-12-02 10:30:00,1824.2383069138298,1813.5908465430853,1824.2383069138298,target,0,115.7335220302855,-4.08,-0.0,0.0,115.7335220302855,156.9246817402957,1.77306056925439,0.10950411633820563,1.9662296236702725,break_up
XAUUSD.a,15m,1,0.12,2020-12-02 12:30:00,1829.3560066793789,2020-12-02 14:00:00,1823.7978689799997,1823.879759447836,1839.4204811043278,stop,6,-66.69765239254957,-2.88,-0.9826856140340714,0.0,-66.69765239254957,-90.66246060400664,-1.0149537565368836,1.4272559928191673,0.5522017529090376,break_up
XAUUSD.a,15m,1,0.18,2020-12-02 23:15:00,1830.2189933385612,2020-12-03 03:30:00,1826.4819974510756,1826.540887539014,1836.7382249219722,stop,13,-67.26592597474064,-4.32,-1.060021582892567,-14.9256,-82.19152597474064,-111.0531217991118,-1.2414531110137472,1.032866792202871,0.4434365813075621,break_up
XAUUSD.a,15m,1,0.16,2020-12-03 05:30:00,1835.085816596107,2020-12-03 08:30:00,1830.843026315676,1830.9124336493865,1842.575132701227,stop,12,-67.8846444868941,-3.84,-1.110517339366943,0.0,-67.8846444868941,-91.51710703707901,-1.016630952538139,1.0676749900481308,0.5377372344075178,break_up
XAUUSD.a,15m,1,0.19,2020-12-03 09:45:00,1840.4105690686363,2020-12-03 11:15:00,1836.7893009074182,1836.8706359031235,1846.6187281937528,stop,6,-68.80409506314277,-4.56,-1.5453649184002667,0.0,-68.80409506314277,-92.72789092067758,-1.0229764212775574,1.1075262964938792,0.8727370791804665,break_up
XAUUSD.a,15m,1,0.14,2020-12-03 21:15:00,1839.540064870687,2020-12-04 15:30:00,1834.8946494428187,1834.9890943755993,1847.7418112488015,stop,69,-65.0358159901566,-3.3600000000000003,-1.3222290589268202,-11.608800000000002,-76.64461599015661,-103.28210323566765,-1.2029555967848014,1.404110371092116,1.8259698976915915,break_up
XAUUSD.a,15m,1,0.08,2020-12-04 16:45:00,1846.47606540185,2020-12-04 17:00:00,1838.4958213324232,1838.6144124278571,1861.251175144286,stop,1,-63.84195255541454,-1.92,-0.9487287634714777,0.0,-63.84195255541454,-85.89335309566448,-1.015084753273414,1.1633768918707248,0.01194845390156702,break_up
XAUUSD.a,15m,-1,0.01,2020-12-07 01:15:00,1836.1795817333668,2020-12-08 02:30:00,1863.788607369605,1902.3022143571704,1704.0555712856592,signal,97,-27.60902563623813,-0.24,-0.07721473920985551,0.3023,-27.30672563623813,-36.83179653925482,-0.41297093828063847,0.49015619887713907,0.21504863265604252,break_dn
XAUUSD.a,15m,1,0.18,2020-12-08 04:15:00,1866.4710844025751,2020-12-08 10:00:00,1862.7303165482954,1862.7995898613447,1872.9708202773108,stop,23,-67.33382137703529,-4.32,-1.2469196348854719,0.0,-67.33382137703529,-90.6718484494355,-1.0188678785359337,1.2994938025908374,1.4568769032221396,break_up
XAUUSD.a,15m,-1,0.14,2020-12-09 11:30:00,1858.6102657242538,2020-12-09 15:45:00,1863.4742618232972,1863.1300417484595,1849.7499165030813,stop,17,-68.09594538660667,-3.3600000000000003,-1.4590810477282197,0.0,-68.09594538660667,-90.99843033275427,-1.0761586576401694,1.241153155754468,1.5709330918674869,break_dn
XAUUSD.a,15m,-1,0.03,2020-12-09 17:00:00,1839.7063296179335,2020-12-10 18:15:00,1834.60287210439,1857.527482111268,1804.3450357774639,signal,97,15.310372540630851,-0.72,-0.4972326263402105,0.9068999999999999,16.21727254063085,21.570111380919947,0.3033337779678109,0.6398952248644755,0.7988444980344696,break_dn
XAUUSD.a,15m,-1,0.13,2020-12-10 20:00:00,1830.576955991402,2020-12-10 21:45:00,1835.7849870957828,1835.4590244343583,1821.0319511312837,stop,7,-67.70440435695014,-3.12,-1.1175145985169825,0.0,-67.70440435695014,-89.94394393409429,-1.0667673272575158,1.1149053054450802,0.0710674164969013,break_dn
XAUUSD.a,15m,-1,0.23,2020-12-11 11:00:00,1831.9062287257352,2020-12-11 11:00:00,1835.0214135598437,1834.7157566484466,1826.388486703107,stop,0,-71.6492511844956,-5.52,-1.510108962135694,0.0,-71.6492511844956,-95.15931041583073,-1.1087929786802613,1.3432047582651976,0.14103035692659788,break_dn
XAUUSD.a,15m,-1,0.1,2020-12-11 13:30:00,1826.5301599227125,2020-12-11 13:45:00,1833.0825822084723,1832.751154957965,1814.4776900840704,stop,1,-65.52422285759803,-2.4,-0.9142725050732998,0.0,-65.52422285759803,-87.02565026974358,-1.0532756011907003,1.1525230347650732,0.12380011852578073,break_dn
XAUUSD.a,15m,1,0.12,2020-12-11 17:00:00,1841.6269876994018,2020-12-14 01:00:00,1836.1336834307203,1836.196250575195,1851.5374988496096,stop,28,-65.91965122417696,-2.88,-0.750805733696287,-9.9504,-75.87005122417696,-100.49412721588534,-1.1642073854946615,1.255260113588664,1.1164252958541103,break_up
XAUUSD.a,15m,-1,0.33,2020-12-14 07:15:00,1835.291984415721,2020-12-14 10:15:00,1831.6580448986815,1837.2709775506592,1831.4180448986815,target,12,119.92000406229954,-7.92,-0.0,0.0,119.92000406229954,158.54255617115447,1.8362567574812445,0.04447493158280455,4.099046263732433,break_dn
XAUUSD.a,15m,-1,0.11,2020-12-14 12:30:00,1820.7910447782306,2020-12-14 13:30:00,1826.8736968684993,1826.5499808560714,1809.4500382878568,stop,4,-66.90917299295643,-2.6399999999999997,-0.9208761367067559,0.0,-66.90917299295643,-88.4223245578914,-1.056211079277904,1.4063283759881517,0.11131305671147841,break_dn
XAUUSD.a,15m,-1,0.19,2020-12-14 21:45:00,1826.819969981036,2020-12-15 04:00:00,1830.5486655084462,1830.2480779442142,1820.1138441115713,stop,21,-70.84521502079588,-4.56,-1.1511637204100065,5.7437000000000005,-65.10151502079587,-86.44241956234846,-0.9995004720427864,1.5810558118884583,0.6738323313756732,break_dn
XAUUSD.a,15m,1,0.21,2020-12-15 07:00:00,1836.012928015351,2020-12-15 09:00:00,1841.1741708839502,1833.022914558025,1841.1741708839502,target,8,108.38610024058266,-5.04,-0.0,0.0,108.38610024058266,144.07680682801973,1.7261604144132447,0.3387703867583429,2.3167360560456474,break_up
XAUUSD.a,15m,1,0.22,2020-12-15 09:15:00,1841.7201773001955,2020-12-15 10:30:00,1846.743674601772,1838.788162699114,1846.743674601772,target,5,110.51694063468358,-5.279999999999999,-0.0,0.0,110.51694063468358,146.93666157189296,1.7133261545572624,0.6549003198985828,1.9712803263915537,break_up
XAUUSD.a,15m,1,0.16,2020-12-15 10:45:00,1845.5454086041927,2020-12-15 15:30:00,1852.922465066905,1841.4287674665475,1852.922465066905,target,19,118.03290340339663,-3.84,-0.0,0.0,118.03290340339663,156.61501148198317,1.792008634236206,0.7592132759914094,2.3816968902505327,break_up
XAUUSD.a,15m,1,0.17,2020-12-15 23:00:00,1854.732129471621,2020-12-16 10:45:00,1861.5860969437947,1850.8819515281027,1861.5860969437947,target,43,116.51744702695352,-4.08,-0.0,-42.2892,74.22824702695351,97.97944406203027,1.134069005699981,0.9901177367759303,2.0461055680923232,break_up
XAUUSD.a,15m,1,0.18,2020-12-16 11:30:00,1862.9862539242638,2020-12-16 14:00:00,1859.211614402187,1859.289382255958,1869.5212354880844,stop,10,-67.94351139738183,-4.32,-1.3998213678737021,0.0,-67.94351139738183,-89.7500910101077,-1.0210361247964288,1.8870695415458336,0.7421805033858673,break_up
XAUUSD.a,15m,-1,0.13,2020-12-16 21:15:00,1848.6875339949206,2020-12-16 21:30:00,1853.9830148182705,1853.6362943111956,1838.9774113776089,stop,1,-68.84125070354821,-3.12,-1.3873665919734985,0.0,-68.84125070354821,-91.03938360890832,-1.0700620933155014,1.598878405781266,0.7895985550300262,break_dn
XAUUSD.a,15m,1,0.1,2020-12-16 22:30:00,1863.7064378800947,2020-12-17 10:15:00,1875.9349688178702,1857.117515591065,1875.9349688178702,target,43,122.28530937775531,-2.4,-0.0,-8.292,113.99330937775531,149.50922601843442,1.730075183426454,0.26353898314839075,2.4273411368858153,break_up
XAUUSD.a,15m,1,0.1,2020-12-17 10:30:00,1879.3581543720338,2020-12-17 12:30:00,1872.45356033386,1872.5360872844785,1892.1378254310428,stop,8,-69.04594038173855,-2.4,-0.825269506186615,0.0,-69.04594038173855,-90.45122208913152,-1.0120970593750247,1.0917738386977376,0.5514231360797324,break_up
XAUUSD.a,15m,1,0.07,2020-12-17 16:45:00,1892.7517400066174,2020-12-17 18:45:00,1884.0853053858148,1884.2005551571324,1908.8888896857354,stop,8,-60.66504234561854,-1.6800000000000002,-0.8067483992226031,0.0,-60.66504234561854,-79.62127565311127,-1.0134776377012318,1.0070814931729528,0.4114353806296738,break_up
XAUUSD.a,15m,1,0.15,2020-12-17 22:30:00,1885.5342208492127,2020-12-18 03:00:00,1881.0335263080585,1881.0934927347055,1893.533014530589,stop,14,-67.51041811731284,-3.5999999999999996,-0.8994963997045405,-12.438,-79.94841811731284,-105.04463088112159,-1.200229873056666,1.122388203171009,0.32782442726711114,break_up
XAUUSD.a,15m,-1,0.21,2020-12-18 10:00:00,1880.778183770048,2020-12-18 13:45:00,1884.210037919713,1883.9084145488787,1874.6431709022424,stop,15,-72.0689371429653,-5.04,-1.2940907875192815,0.0,-72.0689371429653,-94.7128964187632,-1.0963581895859178,1.112319338720654,1.063239104463425,break_dn
XAUUSD.a,15m,-1,0.18,2020-12-18 21:45:00,1880.3856206368137,2020-12-21 01:00:00,1884.3329992867236,1884.0347782100425,1873.2204435799151,stop,9,-71.05281569837962,-4.32,-1.047979380257641,5.4414,-65.61141569837962,-86.47531493203066,-0.9988822287782743,1.1028242224206128,0.5331698063923453,break_dn
XAUUSD.a,15m,1,0.18,2020-12-21 03:30:00,1899.4829386153583,2020-12-21 03:30:00,1895.843077152648,1895.9224850756855,1905.7250298486292,stop,0,-65.51750632878566,-4.32,-1.4293426146729857,0.0,-65.51750632878566,-86.3504050515139,-1.0223027550149624,1.4191839772813186,0.0,break_up
XAUUSD.a,15m,1,0.14,2020-12-21 07:15:00,1902.6157341126611,2020-12-21 08:45:00,1897.9621892595087,1898.0479067541457,1910.8941864917083,stop,6,-65.14962794413395,-3.3600000000000003,-1.2000449249186622,0.0,-65.14962794413395,-86.15852193204341,-1.0187654847500403,1.3060331848005728,0.9028944317806545,break_up
XAUUSD.a,15m,-1,0.09,2020-12-21 22:15:00,1875.7518372242098,2020-12-22 04:30:00,1883.3453158379768,1883.0323312838098,1861.3953374323803,stop,21,-68.34130752390342,-2.16,-0.6568609875046071,2.7207,-65.62060752390343,-86.64502214815268,-1.0014675589430637,1.1686243689151081,0.2529824499727585,break_dn
XAUUSD.a,15m,-1,0.2,2020-12-22 07:45:00,1875.5559653703394,2020-12-22 08:15:00,1879.015844509999,1878.7054910476572,1869.3890179046853,stop,2,-69.19758279319012,-4.8,-1.4070692468321626,0.0,-69.19758279319012,-91.67428366125715,-1.0985397466598883,1.0363575230287443,0.8115397784329704,break_dn
XAUUSD.a,15m,-1,0.11,2020-12-22 08:45:00,1872.895270968926,2020-12-22 15:15:00,1878.7076147194468,1878.3856678435995,1862.078664312801,stop,26,-63.93578125572844,-2.6399999999999997,-0.9014156343211112,0.0,-63.93578125572844,-84.65175995091681,-1.058638179205658,1.0299308338088362,1.14841806755566,break_dn
XAUUSD.a,15m,-1,0.07,2020-12-22 18:00:00,1861.5827333663067,2020-12-23 11:00:00,1870.3479707223128,1870.044017152652,1844.8919656946962,stop,64,-61.35666149204258,-1.6800000000000002,-0.44767498762478025,6.348300000000001,-55.00836149204258,-72.69507267350677,-0.9287405498309501,1.2465326657302755,0.3158779960341014,break_dn
XAUUSD.a,15m,-1,0.09,2020-12-23 14:15:00,1859.8360353151843,2020-12-23 15:30:00,1866.6794439221894,1866.3536584671356,1846.9626830657292,stop,5,-61.59067746304618,-2.16,-0.7720690954854386,0.0,-61.59067746304618,-81.43468037741455,-1.049985316342862,1.433646049636718,0.16816487999250823,break_dn
XAUUSD.a,15m,1,0.14,2020-12-23 20:45:00,1874.3530927816776,2020-12-23 22:15:00,1869.8258639516473,1869.892888678902,1882.244222642196,stop,6,-63.381203620423555,-3.3600000000000003,-0.9383461815654394,0.0,-63.381203620423555,-83.57556815330717,-1.015027278059526,1.009615855667985,0.02172708156162169,break_up
XAUUSD.a,15m,1,0.21,2020-12-24 02:00:00,1872.9442442611894,2020-12-24 04:00:00,1878.0219460767896,1869.904026961605,1878.0219460767896,target,8,106.63173812760465,-5.04,-0.0,0.0,106.63173812760465,140.4749672334993,1.6701772653863989,0.4059723827497792,1.873469945582311,break_up
XAUUSD.a,15m,1,0.27,2020-12-24 09:00:00,1877.60191733703,2020-12-24 12:15:00,1875.1499179224438,1875.2180296783179,1881.553940643364,stop,13,-66.20398419382809,-6.4799999999999995,-1.8390174085977098,0.0,-66.20398419382809,-87.14719907570041,-1.0285717137823673,2.0898289056630595,1.257644273635562,break_up
XAUUSD.a,15m,-1,0.17,2020-12-24 16:30:00,1871.5198033573104,2020-12-24 16:45:00,1875.5691601995609,1875.2498148758145,1864.2103702483707,stop,1,-68.8390663182588,-4.08,-1.3488705036874022,0.0,-68.8390663182588,-90.55746256529302,-1.0856151039111035,1.7051412874028722,0.12595225376108607,break_dn
XAUUSD.a,15m,1,0.15,2020-12-24 18:30:00,1879.286158736919,2020-12-28 01:00:00,1886.73849334652,1875.13075332674,1886.73849334652,target,9,111.78501914401409,-3.5999999999999996,-0.0,-12.438,99.34701914401408,130.53598111082303,1.5938600343005844,0.29988860626367225,2.4194609841082677,break_up
XAUUSD.a,15m,1,0.15,2020-12-28 01:15:00,1887.3547947825314,2020-12-28 03:00:00,1894.5525916003658,1883.313704199817,1894.5525916003658,target,7,107.96695226751581,-3.5999999999999996,-0.0,0.0,107.96695226751581,141.988916565862,1.781152060441998,0.4292887642637914,2.287799550204264,break_up
XAUUSD.a,15m,1,0.07,2020-12-28 03:15:00,1895.5961064613603,2020-12-28 08:15:00,1886.676243597337,1886.7555896393787,1912.3888207212424,stop,20,-62.43904004816341,-1.6800000000000002,-0.5554222942927687,0.0,-62.43904004816341,-81.94422358906967,-1.0089752718805471,1.3377166402709892,0.521903145658585,break_up
XAUUSD.a,15m,-1,0.17,2020-12-28 12:30:00,1881.1150485262708,2020-12-28 13:30:00,1873.9790359215697,1884.8854820392153,1873.7390359215697,target,4,121.31221427991933,-4.08,-0.0,0.0,121.31221427991933,160.01716651706766,1.8926239065619734,0.11270626368830793,2.210634002073068,break_dn
XAUUSD.a,15m,-1,0.17,2020-12-28 23:30:00,1872.709704151939,2020-12-29 01:30:00,1876.6539986523037,1876.3403808296594,1865.5992383406813,stop,4,-67.0530065062012,-4.08,-1.251502984954355,5.1391,-61.9139065062012,-81.59880134192788,-1.003117276378202,1.0164209527955463,0.45437925168670373,break_dn
XAUUSD.a,15m,1,0.1,2020-12-29 10:15:00,1883.0753295724444,2020-12-29 11:00:00,1876.5959982432905,1876.6676257964941,1895.0347484070116,stop,3,-64.79331329153865,-2.4,-0.716275532036599,0.0,-64.79331329153865,-85.27343391487392,-1.011178349641011,1.0105538269025527,0.03662317044622664,break_up
XAUUSD.a,15m,-1,0.13,2020-12-29 17:15:00,1873.291601029301,2020-12-29 17:30:00,1878.5778933960091,1878.2387019725359,1863.602596054928,stop,1,-68.72180076720451,-3.12,-1.2894885051522378,0.0,-68.72180076720451,-90.26427189850068,-1.0685636754465493,1.151866322536142,0.1418206414932006,break_dn
XAUUSD.a,15m,1,0.12,2020-12-29 18:30:00,1883.0146499851767,2020-12-29 19:30:00,1877.5747728289473,1877.6678095490624,1892.7943809018752,stop,4,-65.27852587475263,-2.88,-1.1164406413824217,0.0,-65.27852587475263,-85.74387363362663,-1.0174003172951922,1.035125332671964,0.6406306782015586,break_up
XAUUSD.a,15m,1,0.27,2020-12-30 05:30:00,1884.5105915941867,2020-12-30 07:30:00,1882.1283769121114,1882.172593088947,1888.374813822106,stop,8,-64.31979641603311,-6.4799999999999995,-1.1938367745624114,0.0,-64.31979641603311,-84.00349547596008,-1.0189119782311529,1.3518364477580103,0.6840929975911859,break_up
XAUUSD.a,15m,1,0.17,2020-12-30 19:45:00,1888.9854194683674,2020-12-31 02:15:00,1895.6037953113407,1885.2481023443297,1895.6037953113407,target,22,112.51238933054721,-4.08,-0.0,-14.096400000000001,98.4159893305472,127.7963762245776,1.5490191629012673,0.3011303111338855,1.9090112759616789,break_up
XAUUSD.a,15m,1,0.19,2020-12-31 15:30:00,1897.4477238375914,2020-12-31 16:45:00,1893.9649725430113,1894.0338571503294,1903.4422856993415,stop,5,-66.17227459702212,-4.56,-1.3088075390442233,0.0,-66.17227459702212,-85.59674362867803,-1.020177884384031,1.6748526997042954,0.659743443061915,break_up
XAUUSD.a,15m,1,0.17,2020-12-31 23:00:00,1900.942046072586,2020-12-31 23:45:00,1897.2747105264118,1897.3319776299859,1907.106044740028,stop,3,-62.34470428496093,-4.08,-0.9735407607582238,0.0,-62.34470428496093,-81.04819661864583,-1.015863162841542,1.067028543595059,0.0022032622207947996,break_up
XAUUSD.a,15m,1,0.07,2021-01-04 01:15:00,1909.0745882330068,2021-01-04 05:30:00,1924.9439635545816,1900.6980182227092,1924.9439635545816,target,17,111.08562725102367,-1.6800000000000002,-0.0,0.0,111.08562725102367,143.95296917248555,1.8944956350947875,0.13186641210529668,1.9310304512596572,break_up
XAUUSD.a,15m,1,0.16,2021-01-04 05:45:00,1924.5229184258997,2021-01-04 06:30:00,1920.6037973309208,1920.6801601124632,1931.3296797750736,stop,3,-62.70593751966226,-3.84,-1.2218045046797859,0.0,-62.70593751966226,-81.4087938094439,-1.0198718668502909,1.1197473468092496,0.0,break_up
XAUUSD.a,15m,1,0.16,2021-01-04 10:15:00,1927.9945161612286,2021-01-04 10:15:00,1934.9260239230189,1924.1019880384906,1934.9260239230189,target,0,110.90412418864435,-3.84,-0.0,0.0,110.90412418864435,143.35365827599963,1.7807213058526812,0.24007948864125953,1.8511064304663623,break_up
XAUUSD.a,15m,1,0.07,2021-01-04 10:30:00,1935.1344650068552,2021-01-05 11:45:00,1945.6931782408199,1925.9486363830138,1952.6227272339722,signal,97,73.91099263775277,-1.6800000000000002,-0.7955046285205031,-5.804400000000001,68.10659263775277,88.2804384271177,1.0591873234726101,0.7886566692581645,1.208985650387696,break_up
XAUUSD.a,15m,1,0.1,2021-01-05 19:00:00,1951.0037049514258,2021-01-06 04:45:00,1944.3776064303463,1944.4758322858695,1962.9983354282613,stop,35,-66.26098521079484,-2.4,-0.9822585552322132,-24.875999999999998,-91.13698521079485,-117.83634404436768,-1.396120756026242,1.348633069679449,0.6658057335442435,break_up
XAUUSD.a,15m,-1,0.14,2021-01-06 06:15:00,1941.4516096223394,2021-01-06 06:15:00,1946.2919575504063,1945.9493719839156,1932.6612560321687,stop,0,-67.76487099293627,-3.3600000000000003,-1.4361979308699293,0.0,-67.76487099293627,-87.27413001691815,-1.0761680006523606,1.6115547676735194,0.03593111626352121,break_dn
XAUUSD.a,15m,1,0.08,2021-01-06 10:45:00,1954.4838631477558,2021-01-06 13:45:00,1947.050992218904,1947.1480356336674,1968.2439287326654,stop,12,-59.46296743081439,-1.92,-0.7763473181073672,0.0,-59.46296743081439,-76.1837844396228,-1.0132286936377768,1.2600982138692658,0.6633385044698513,break_up
XAUUSD.a,15m,-1,0.08,2021-01-06 17:30:00,1923.5054936556521,2021-01-06 17:45:00,1908.093751151652,1931.5181244241742,1907.853751151652,target,1,123.29394003200105,-1.92,-0.0,0.0,123.29394003200105,158.64883231293965,1.923431011515691,0.16155821748748958,2.4256070468147986,break_dn
XAUUSD.a,15m,-1,0.11,2021-01-07 01:15:00,1920.5557614460859,2021-01-07 08:30:00,1926.8127580620746,1926.4935739557056,1908.5428520885887,stop,29,-68.82696277587661,-2.6399999999999997,-0.8710251700579812,0.0,-68.82696277587661,-88.35523733071017,-1.0537544939069543,1.0802359528062788,0.9912339664733971,break_dn
XAUUSD.a,15m,-1,0.1,2021-01-07 10:15:00,1917.8762026328568,2021-01-08 09:45:00,1905.8888681538024,1924.070565923099,1905.6488681538024,target,90,119.87334479054425,-2.4,-0.0,3.023,122.89634479054425,158.24922069346414,1.9840028592469074,0.759367371066684,2.180402084929865,break_dn
XAUUSD.a,15m,-1,0.07,2021-01-08 10:15:00,1885.2700327587177,2021-01-08 14:00:00,1894.782298487808,1894.4400104280187,1867.1999791439623,stop,15,-66.58586010363251,-1.6800000000000002,-0.716016418525294,0.0,-66.58586010363251,-85.59143917171092,-1.0373270330783055,1.0065419539877547,0.11886972880716774,break_dn
XAUUSD.a,15m,-1,0.08,2021-01-08 15:45:00,1879.1394371275583,2021-01-08 15:45:00,1886.871574146175,1886.4807298375122,1864.7585403249757,stop,0,-61.857096148933124,-1.92,-1.20675446930121,0.0,-61.857096148933124,-79.38539033487311,-1.0532391670111176,1.6101473322831164,0.12796617226342966,break_dn
XAUUSD.a,15m,-1,0.05,2021-01-08 19:30:00,1843.8523438184375,2021-01-11 01:00:00,1855.5311010360201,1855.1351415631796,1821.7297168736409,stop,18,-58.39378608791321,-1.2,-0.7797973642029388,1.5115,-56.882286087913215,-73.67694590753605,-1.0083010858618118,1.130717439963651,1.3890476611389146,break_dn
XAUUSD.a,15m,-1,0.04,2021-01-11 03:15:00,1832.649862331401,2021-01-11 08:30:00,1847.5463388279236,1847.166855771431,1803.9762884571378,stop,21,-59.58590598609044,-0.96,-0.5579322259699766,0.0,-59.58590598609044,-77.30999557060804,-1.0261406094905372,1.136608467639075,1.0759708885952788,break_dn
XAUUSD.a,15m,-1,0.1,2021-01-11 12:00:00,1848.5407248701422,2021-01-11 15:30:00,1836.3663706306822,1854.881814684659,1836.1263706306822,target,14,121.74354239459944,-2.4,-0.0,0.0,121.74354239459944,158.55739938344854,1.9199151243038381,0.622807000906472,2.4776064256612775,break_dn
XAUUSD.a,15m,1,0.1,2021-01-11 20:15:00,1851.265331750064,2021-01-11 22:15:00,1844.7396954817407,1844.8311866669465,1863.1876266661072,stop,8,-65.25636268323296,-2.4,-0.9149118520569397,0.0,-65.25636268323296,-84.74522120337255,-1.0142196335369917,1.023497553286929,0.058231240529407494,break_up
XAUUSD.a,15m,1,0.15,2021-01-12 01:45:00,1848.433570977539,2021-01-12 02:15:00,1844.2855503140522,1844.3656372671444,1855.6587254657115,stop,2,-62.22030995230057,-3.5999999999999996,-1.201304296383175,0.0,-62.22030995230057,-80.75316022362176,-1.0196873790955678,1.0825080473378386,0.04337067293160698,break_up
XAUUSD.a,15m,1,0.12,2021-01-12 05:30:00,1850.6628517955967,2021-01-12 08:45:00,1859.7625491411873,1845.6737254294062,1859.7625491411873,target,13,109.19636814708701,-2.88,-0.0,0.0,109.19636814708701,141.471728224143,1.823905966234084,0.405452106666354,1.9897568182830503,break_up
XAUUSD.a,15m,1,0.12,2021-01-13 02:00:00,1859.0939252751489,2021-01-13 11:00:00,1853.905185173185,1853.9870011445255,1868.4259977109489,stop,36,-62.2648812235675,-2.88,-0.9817916560869363,0.0,-62.2648812235675,-80.31794593032713,-1.0160205965955065,1.8492393921653973,0.7981467162218532,break_up
XAUUSD.a,15m,-1,0.11,2021-01-13 15:15:00,1851.8492942266507,2021-01-13 15:30:00,1857.5897481157901,1857.2529579314821,1841.224084137036,stop,1,-63.144992780533585,-2.6399999999999997,-1.0646920273885963,0.0,-63.144992780533585,-81.65124818068608,-1.062326266530411,1.358468286393552,0.23859631114682994,break_dn
XAUUSD.a,15m,-1,0.12,2021-01-13 16:30:00,1851.937195261453,2021-01-13 16:45:00,1857.321279385008,1856.964765642032,1842.100468715936,stop,1,-64.60900948265862,-2.88,-1.3981649157112455,0.0,-64.60900948265862,-83.5335309104126,-1.0709117358860116,1.5897946987321092,0.0,break_dn
XAUUSD.a,15m,1,0.11,2021-01-13 17:45:00,1859.7193513573015,2021-01-13 19:30:00,1854.2127709521612,1854.3008961453093,1869.6282077093817,stop,7,-60.57238445654343,-2.6399999999999997,-0.9693771246271887,0.0,-60.57238445654343,-78.20837244227687,-1.0162638962029205,1.2843792344908382,0.013038521116139125,break_up
XAUUSD.a,15m,-1,0.15,2021-01-13 22:45:00,1852.4043902001222,2021-01-13 23:45:00,1844.3915675178403,1856.61421624108,1844.1515675178402,target,4,120.19234023422882,-3.5999999999999996,-0.0,0.0,120.19234023422882,155.41978978745288,1.903361945202604,0.048840450383774874,2.5070846389940398,break_dn
XAUUSD.a,15m,-1,0.18,2021-01-14 01:00:00,1845.5231917920619,2021-01-14 01:45:00,1849.250813342084,1848.9333616113042,1836.9232767773917,stop,3,-67.0971879003987,-4.32,-1.3941311540364236,0.0,-67.0971879003987,-86.61725175616893,-1.0930897133006483,1.0078114551790032,0.21793395386597597,break_dn
XAUUSD.a,15m,-1,0.1,2021-01-14 13:00:00,1838.7172517621084,2021-01-14 14:15:00,1844.9217071798735,1844.5932811856128,1827.1534376287743,stop,5,-62.04455417765075,-2.4,-0.884259942605653,0.0,-62.04455417765075,-80.0172225301471,-1.0558925033538717,1.026670869577392,0.35521465460318685,break_dn
XAUUSD.a,15m,1,0.07,2021-01-14 20:00:00,1855.6083283579262,2021-01-14 21:00:00,1846.968141893076,1847.0862909311356,1871.6974181377286,stop,4,-60.48130525395073,-1.6800000000000002,-0.8270432664162973,0.0,-60.48130525395073,-77.70051677687371,-1.0138639426398321,1.0253801902413378,0.225494391286365,break_up
XAUUSD.a,15m,1,0.08,2021-01-15 02:30:00,1852.67439474209,2021-01-15 15:30:00,1844.926506469914,1845.018077693599,1867.1038446128023,stop,52,-61.983106177407535,-1.92,-0.7325697894796595,0.0,-61.983106177407535,-80.2817182087214,-1.0119602183536758,1.339337788279158,0.5610537325849905,break_up
XAUUSD.a,15m,-1,0.1,2021-01-15 15:45:00,1842.8036987662902,2021-01-15 17:15:00,1831.5213301857082,1848.6643349071458,1831.2813301857082,target,6,112.82368580581988,-2.4,-0.0,0.0,112.82368580581988,146.47480825412183,1.9251098872920058,0.4617760203271619,2.2068762597505414,break_dn
XAUUSD.a,15m,-1,0.08,2021-01-15 17:30:00,1832.9642396270162,2021-01-18 01:30:00,1819.1398675248352,1840.1250662375824,1818.8998675248351,target,28,110.5949768174487,-1.92,-0.0,2.4184,113.0133768174487,147.0915462534474,1.9727711436744682,0.2577580038399761,4.293392550749898,break_dn
XAUUSD.a,15m,1,0.15,2021-01-18 18:00:00,1837.167480029108,2021-01-19 10:15:00,1844.5423547830565,1833.048822608472,1844.5423547830565,target,45,110.62312130922692,-3.5999999999999996,-0.0,-12.438,98.18512130922691,127.44528408149804,1.5892739029840448,0.32959284797675825,1.9090007174419843,break_up
XAUUSD.a,15m,1,0.16,2021-01-19 10:45:00,1844.9065316580422,2021-01-19 14:00:00,1840.9269941579805,1840.9884385263206,1851.7631229473586,stop,13,-63.672600000987586,-3.84,-0.9831098934408884,0.0,-63.672600000987586,-82.55124398878218,-1.0156822123095024,1.4028588584434465,0.15657319041014608,break_up
XAUUSD.a,15m,-1,0.13,2021-01-19 17:15:00,1834.2322505051382,2021-01-19 17:30:00,1839.4346641270372,1839.0911701877656,1824.7176596244688,stop,1,-67.63137708468753,-3.12,-1.3454212105321723,0.0,-67.63137708468753,-87.7884929512163,-1.0706934795608514,1.0573851453505734,0.1774572459431994,break_dn
XAUUSD.a,15m,1,0.24,2021-01-20 03:00:00,1843.8381470751065,2021-01-20 04:00:00,1848.2945934363893,1841.1927032818053,1848.2945934363893,target,4,106.95471267078756,-5.76,-0.0,0.0,106.95471267078756,138.51007882979042,1.6845741998251744,0.13916269022182995,1.7055183467962545,break_up
XAUUSD.a,15m,1,0.07,2021-01-20 16:30:00,1860.2852861787571,2021-01-21 17:45:00,1866.7697203677112,1851.8914166494646,1876.0971667010708,signal,97,45.39103932267859,-1.6800000000000002,-0.9839148520412676,-5.804400000000001,39.586639322678586,50.98611488972281,0.6737338684165559,0.79168328213426,1.7649444954491087,break_up
XAUUSD.a,15m,-1,0.24,2021-01-22 04:15:00,1864.1431520055546,2021-01-22 08:15:00,1859.292351459253,1866.7438242703736,1859.052351459253,target,16,116.4192131112377,-5.76,-0.0,0.0,116.4192131112377,150.52327051089006,1.8652102427213118,0.15259438869471562,2.6466818209536123,break_dn
XAUUSD.a,15m,-1,0.19,2021-01-22 12:00:00,1858.7673031470417,2021-01-22 12:30:00,1852.557676190306,1862.086161904847,1852.317676190306,target,2,117.98291217797919,-4.56,-0.0,0.0,117.98291217797919,152.93458141443392,1.8710127215062007,0.12434902569679047,2.638648941129726,break_dn
XAUUSD.a,15m,-1,0.16,2021-01-22 22:15:00,1855.208742667264,2021-01-25 01:30:00,1859.3781927618707,1859.072424017355,1847.5451519652902,stop,9,-66.71120151370633,-3.84,-1.0522999122512573,4.8368,-61.87440151370633,-80.21780757095709,-1.0008977822448106,1.0770187693242235,0.7036663795268759,break_dn
XAUUSD.a,15m,1,0.19,2021-01-25 01:45:00,1859.3044854132715,2021-01-25 02:00:00,1855.865374510064,1855.9320506214065,1865.0758987571871,stop,1,-65.34310716094478,-4.56,-1.2668461155098145,0.0,-65.34310716094478,-84.63036803645225,-1.0197709119545812,1.1814862730282878,0.010530844603440706,break_up
XAUUSD.a,15m,-1,0.19,2021-01-25 07:45:00,1851.6410837436001,2021-01-25 11:30:00,1855.2933478074522,1854.9911202838796,1845.057759432241,stop,15,-69.39301721318884,-4.56,-1.182322947879919,0.0,-69.39301721318884,-89.85706525417456,-1.090216187178475,1.4683171951281127,0.6271823361738267,break_dn
XAUUSD.a,15m,1,0.13,2021-01-25 13:00:00,1863.0485513877375,2021-01-25 16:45:00,1858.2927584060812,1858.3932204939736,1871.4935590120529,stop,15,-61.82530876153078,-3.12,-1.3060071426013948,0.0,-61.82530876153078,-80.18222805168311,-1.0215800101399635,1.7310372928661997,1.037831407158332,break_up
XAUUSD.a,15m,-1,0.24,2021-01-26 02:45:00,1853.805055831243,2021-01-26 03:30:00,1856.7082811716193,1856.412363894601,1848.6952722107978,stop,3,-69.67740816903279,-5.76,-1.3420146484398963,0.0,-69.67740816903279,-90.32356974026185,-1.1134953253806317,1.079636199617898,0.1553540361936297,break_dn
XAUUSD.a,15m,-1,0.15,2021-01-26 09:45:00,1850.7211631767545,2021-01-26 10:15:00,1855.0056046322986,1854.7003728226418,1842.8792543547163,stop,2,-64.26662183316125,-3.5999999999999996,-0.9784771448509448,0.0,-64.26662183316125,-83.5238898850609,-1.0767066419765696,1.6683807625232598,0.11086703542009525,break_dn
XAUUSD.a,15m,-1,0.2,2021-01-26 21:00:00,1851.6476426156719,2021-01-27 03:00:00,1845.8117839501822,1854.749108024909,1845.5717839501822,target,20,116.7171733097939,-4.8,-0.0,18.138,134.8551733097939,174.14149445996117,2.174055736816445,0.4392624790431619,2.124041943544473,break_dn
XAUUSD.a,15m,-1,0.17,2021-01-27 03:15:00,1846.8246628409972,2021-01-27 07:45:00,1850.9021706980245,1850.6129837753629,1839.354032449274,stop,18,-69.31763356946385,-4.08,-0.836177685246197,0.0,-69.31763356946385,-89.50909528352038,-1.076336437084384,1.1628732716491659,0.9462405385137975,break_dn
XAUUSD.a,15m,-1,0.12,2021-01-27 11:15:00,1844.3354182406508,2021-01-27 16:30:00,1834.3279812376184,1849.4810093811907,1834.0879812376184,target,21,120.08924403638957,-2.88,-0.0,0.0,120.08924403638957,156.70900411889232,1.9448566218540455,0.6694239136512021,2.418656652021711,break_dn
XAUUSD.a,15m,-1,0.09,2021-01-27 16:45:00,1832.360488001938,2021-01-27 17:00:00,1839.8126449039387,1839.435646049495,1818.44870790101,stop,1,-67.06941211800677,-2.16,-1.232989689992125,0.0,-67.06941211800677,-87.25157360965639,-1.053284866841073,2.071969544641283,0.16119611664812106,break_dn
XAUUSD.a,15m,-1,0.1,2021-01-28 01:45:00,1839.8831886840019,2021-01-28 15:30:00,1846.5667596344317,1846.2393718647804,1827.3412562704393,stop,55,-66.83570950429839,-2.4,-0.8738776965123136,0.0,-66.83570950429839,-87.49389245087434,-1.0515069752302506,1.136973417923559,0.9365980360673988,break_dn
XAUUSD.a,15m,1,0.04,2021-01-28 16:00:00,1857.299859636296,2021-01-28 19:00:00,1842.9492521597035,1843.0923816165182,1884.7852367669636,stop,12,-57.402429906370344,-0.96,-0.5725178272587088,0.0,-57.402429906370344,-74.7495603848923,-1.0100742339080468,1.1662773374155189,0.4779272122928089,break_up
XAUUSD.a,15m,1,0.17,2021-01-29 09:00:00,1850.4084953732045,2021-01-29 09:00:00,1846.7536146726145,1846.8263577324215,1856.7072845351568,stop,0,-62.13297191002926,-4.08,-1.2366320167176277,0.0,-62.13297191002926,-81.18879367302495,-1.020307164911467,1.9509287676831992,0.04508610304549162,break_up
XAUUSD.a,15m,1,0.13,2021-01-29 12:30:00,1852.6856572595582,2021-01-29 13:30:00,1860.9341664139351,1848.1029167930326,1860.9341664139351,target,4,107.2306190069005,-3.12,-0.0,0.0,107.2306190069005,139.81617728492517,1.7999075475968582,0.1627099036056584,2.270332089813891,break_up
XAUUSD.a,15m,-1,0.11,2021-01-29 23:00:00,1841.6525670726905,2021-01-29 23:45:00,1847.6417158865697,1847.298507500291,1830.6229849994181,stop,3,-65.88063695267101,-2.6399999999999997,-1.1352922490651898,0.0,-65.88063695267101,-86.21540156603633,-1.0607885241935935,1.0799676343558122,0.027022437563229376,break_dn
XAUUSD.a,15m,1,0.07,2021-02-01 04:45:00,1860.4521704247663,2021-02-02 06:00:00,1857.039513289373,1851.6782050743366,1877.0335898513272,signal,97,-23.888599947753622,-1.6800000000000002,-0.7068139487778912,-5.804400000000001,-29.692999947753624,-38.954922265629754,-0.4834595266763393,0.7365165198025088,1.2944921847311928,break_up
XAUUSD.a,15m,-1,0.11,2021-02-02 09:15:00,1851.0375433976699,2021-02-02 14:00:00,1840.0970816219838,1856.706459189008,1839.8570816219838,target,19,120.34507953254729,-2.6399999999999997,-0.0,0.0,120.34507953254729,158.50729615476962,1.9299037379251085,0.42908674107434186,2.075801410853595,break_dn
XAUUSD.a,15m,-1,0.07,2021-02-02 15:30:00,1833.3287803552382,2021-02-03 04:00:00,1842.1596218758314,1841.8565517425425,1816.5168965149153,stop,46,-61.815890644151985,-1.6800000000000002,-0.44149093302200254,6.348300000000001,-55.46759064415198,-72.84564856607479,-0.9291925358587744,1.1516748278903486,0.456013673282518,break_dn
XAUUSD.a,15m,-1,0.19,2021-02-03 08:15:00,1837.113832057237,2021-02-03 15:15:00,1840.70823575833,1840.393064335146,1830.6638713297084,stop,28,-68.29367032076539,-4.56,-1.4282570404965704,0.0,-68.29367032076539,-89.65953829692187,-1.096111344508038,1.5876179244255149,1.39783695352011,break_dn
XAUUSD.a,15m,-1,0.16,2021-02-03 22:15:00,1832.4292564277148,2021-02-04 03:45:00,1825.4243985091532,1836.1278007454234,1825.1843985091532,target,18,112.07772669698534,-3.84,-0.0,4.8368,116.91452669698533,153.01346285334694,1.9756848345915163,0.6193635591487039,2.306111728032189,break_dn
XAUUSD.a,15m,-1,0.15,2021-02-04 04:00:00,1826.996826371667,2021-02-04 07:30:00,1819.3025103553587,1831.0137448223206,1819.0625103553587,target,14,115.41474024462673,-3.5999999999999996,-0.0,0.0,115.41474024462673,151.31001513513476,1.9154772771293491,0.04062159347706525,2.488680438618491,break_dn
XAUUSD.a,15m,-1,0.15,2021-02-04 12:30:00,1811.4396944909788,2021-02-04 14:00:00,1815.8918535160476,1815.5671792306946,1803.3656415386108,stop,6,-66.78238537603193,-3.5999999999999996,-1.2701142802944496,0.0,-66.78238537603193,-87.60413655162127,-1.0786615350091808,1.044293505811483,0.26158654945221105,break_dn
XAUUSD.a,15m,-1,0.04,2021-02-04 16:15:00,1794.9851753027774,2021-02-05 10:15:00,1810.5953971883512,1810.2794457924772,1764.6511084150454,stop,68,-62.44088754229506,-0.96,-0.30380558349582143,1.2092,-61.231687542295056,-80.33862201647277,-1.0008925823486106,1.058227962433556,0.6626779165180335,break_dn
XAUUSD.a,15m,1,0.1,2021-02-05 18:15:00,1808.4514060855456,2021-02-08 13:30:00,1819.4249716057548,1802.4825141971228,1819.4249716057548,target,73,109.7356552020915,-2.4,-0.0,-8.292,101.44365520209149,132.51081601736203,1.6995391623502178,0.25991525974102586,2.4658838172295283,break_up
XAUUSD.a,15m,1,0.17,2021-02-09 02:15:00,1832.134333321105,2021-02-09 04:15:00,1838.4833320164435,1828.5333339917781,1838.4833320164435,target,8,107.93297782075321,-4.08,-0.0,0.0,107.93297782075321,139.65940481186445,1.7631213212486734,0.09006758720105387,2.312043385037578,break_up
XAUUSD.a,15m,1,0.13,2021-02-09 04:30:00,1840.56330174344,2021-02-09 16:30:00,1835.5437383776323,1835.646955143975,1849.54608971205,stop,48,-65.25432375550008,-3.12,-1.3418179624544693,0.0,-65.25432375550008,-84.52194673268235,-1.0209946073277145,1.7316317251445352,1.6306210504833716,break_up
XAUUSD.a,15m,-1,0.19,2021-02-10 03:15:00,1834.9520216324859,2021-02-10 03:45:00,1838.5351383698642,1838.2360617567783,1828.4978764864434,stop,2,-68.07921801018779,-4.56,-1.1224556486315183,0.0,-68.07921801018779,-88.04637491294558,-1.091069719542565,1.576709836524859,0.021930801622368837,break_dn
XAUUSD.a,15m,1,0.2,2021-02-10 05:45:00,1843.7285913455592,2021-02-10 11:30:00,1840.527447695875,1840.5884467775838,1849.1731064448325,stop,23,-64.02287299368254,-4.8,-1.2199816341772296,0.0,-64.02287299368254,-82.91507219281557,-1.0194255647752375,1.0186127664885036,1.0418019246006152,break_up
XAUUSD.a,15m,1,0.05,2021-02-10 15:45:00,1854.0272667740783,2021-02-10 16:45:00,1841.5691251092364,1841.6876261921623,1877.7847476156755,stop,4,-62.29070832420916,-1.2,-0.5925054146289057,0.0,-62.29070832420916,-80.44361433505846,-1.009603284807136,1.0881408323801829,0.0755883625402109,break_up
XAUUSD.a,15m,-1,0.24,2021-02-11 03:00:00,1839.614933603733,2021-02-11 05:15:00,1834.7974417073754,1842.1962791463125,1834.5574417073753,target,9,115.61980551258603,-5.76,-0.0,0.0,115.61980551258603,149.52641548883403,1.8662716079242812,0.6024247318369853,2.198440119745647,break_dn
XAUUSD.a,15m,-1,0.27,2021-02-11 07:00:00,1835.7360098903443,2021-02-11 08:45:00,1838.374576754186,1838.0789903470634,1831.1520193058732,stop,7,-71.24130532372214,-6.4799999999999995,-1.5008329923060488,0.0,-71.24130532372214,-91.91952070050856,-1.1261582896583138,3.5100549328405672,0.27998948453161987,break_dn
XAUUSD.a,15m,1,0.21,2021-02-11 11:30:00,1844.4502413601342,2021-02-11 12:30:00,1841.459575035442,1841.5128899727124,1849.4842200545754,stop,4,-62.80399281853738,-5.04,-1.1196136826813246,0.0,-62.80399281853738,-81.15364304815591,-1.0181506841499268,1.1269476897823911,0.0,break_up
XAUUSD.a,15m,1,0.15,2021-02-11 15:15:00,1845.4992880062346,2021-02-11 16:00:00,1841.2529619007237,1841.315490335325,1853.0290193293501,stop,3,-63.69489158266333,-3.5999999999999996,-0.9379265190193802,0.0,-63.69489158266333,-82.09903146651114,-1.0149453772671795,1.1925261206883013,0.49015563253075406,break_up
XAUUSD.a,15m,-1,0.15,2021-02-11 18:15:00,1836.6287897254651,2021-02-11 18:45:00,1828.7370874915582,1840.741456254221,1828.4970874915582,target,2,118.3755335086039,-3.5999999999999996,-0.0,0.0,118.3755335086039,152.63233471118144,1.9188772487941632,0.3407060272787815,1.9789568807873146,break_dn
XAUUSD.a,15m,-1,0.24,2021-02-12 10:00:00,1817.3539537105758,2021-02-12 12:30:00,1820.2389528071037,1819.9310817190808,1812.3078365618387,stop,10,-69.23997831667111,-5.76,-1.6289061125520743,0.0,-69.23997831667111,-89.56147757944782,-1.1194628621499918,1.5932643919407588,1.8679528896852504,break_dn
XAUUSD.a,15m,-1,0.18,2021-02-12 15:15:00,1815.1314420723563,2021-02-12 16:00:00,1818.8672006328623,1818.5492730269766,1808.441453946047,stop,3,-67.24365408910671,-4.32,-1.402696905942265,0.0,-67.24365408910671,-87.00625480566559,-1.0930202839481755,1.0294710225171668,1.3843405759902145,break_dn
XAUUSD.a,15m,1,0.04,2021-02-15 01:15:00,1825.6835722173553,2021-02-16 06:30:00,1825.701102303389,1810.0954908412946,1856.0090183174111,signal,97,0.07012034413492074,-0.96,-0.2311815728883761,-3.3168,-3.2466796558650795,-4.164972875442682,-0.05206990484491484,0.6224994586092847,0.08509243380534101,break_up
XAUUSD.a,15m,1,0.21,2021-02-16 12:30:00,1824.7171600902045,2021-02-16 13:15:00,1821.6574424222194,1821.7158281282211,1829.9483437435579,stop,3,-64.25407102768645,-5.04,-1.2260998260375002,0.0,-64.25407102768645,-82.41399477674143,-1.0194532649974144,1.5716888867858634,0.3307997656944997,break_up
XAUUSD.a,15m,-1,0.14,2021-02-16 14:00:00,1816.0052345490558,2021-02-16 14:45:00,1807.7956488726863,1820.2971755636568,1807.5556488726863,target,3,114.93419946917221,-3.3600000000000003,-0.0,0.0,114.93419946917221,147.70944913851798,1.9127908907510196,0.6488359093171454,2.1517617594552148,break_dn
XAUUSD.a,15m,-1,0.08,2021-02-16 15:00:00,1807.2680225415343,2021-02-16 16:15:00,1791.7862018435055,1815.2218990782471,1791.5462018435055,target,5,123.85456558422993,-1.92,-0.0,0.0,123.85456558422993,159.83709165835992,1.9464497124853508,0.6804200987387251,2.230110369410506,break_dn
XAUUSD.a,15m,-1,0.09,2021-02-16 21:30:00,1793.7644429148907,2021-02-17 15:15:00,1780.6236985266937,1800.568150736653,1780.3836985266937,target,67,118.26669949377242,-2.16,-0.0,8.162099999999999,126.42879949377242,163.56659485577646,2.064704240129782,0.3476864596599777,2.343493185273292,break_dn
XAUUSD.a,15m,-1,0.08,2021-02-17 15:30:00,1777.9188719881954,2021-02-18 10:45:00,1786.2271133235906,1785.9144753609035,1762.1410492781931,stop,73,-66.46593068316179,-1.92,-0.5811037014964928,2.4184,-64.04753068316178,-82.34658988809403,-1.0012929559165558,1.3896547257122531,1.0591911070905236,break_dn
XAUUSD.a,15m,1,0.08,2021-02-18 11:00:00,1788.0589949292826,2021-02-18 14:15:00,1780.515188287452,1780.5905123548757,1802.1289752902485,stop,13,-60.35045313464434,-1.92,-0.6025925393889395,0.0,-60.35045313464434,-77.54635802716909,-1.0100855919088343,1.2276918152963203,0.07377737917010536,break_up
XAUUSD.a,15m,-1,0.11,2021-02-18 17:00:00,1775.7008460673046,2021-02-19 03:00:00,1764.5518349612234,1781.5140825193882,1764.3118349612234,target,36,122.63912216689278,-2.6399999999999997,-0.0,3.3253,125.96442216689277,162.1727269023892,1.9698684545984166,0.7722297157010367,2.470370194929428,break_dn
XAUUSD.a,15m,1,0.04,2021-02-19 16:00:00,1783.701726177258,2021-02-22 17:15:00,1805.9790806404033,1769.6049872164767,1810.9600255670468,signal,97,89.10941785258092,-0.96,-0.6473548767739378,-3.3168,85.79261785258092,108.5240694368165,1.5214975976228542,0.44916247614953386,1.7534746079579862,break_up
XAUUSD.a,15m,1,0.17,2021-02-23 03:45:00,1813.5560287845901,2021-02-23 07:30:00,1809.5856973372902,1809.643907718596,1820.522184562808,stop,15,-67.495634604099,-4.08,-0.9895764821996207,0.0,-67.495634604099,-85.22714136511016,-1.014879493840768,1.0035550327715483,0.6400546335785532,break_up
XAUUSD.a,15m,-1,0.06,2021-02-23 16:45:00,1800.4895372697817,2021-02-23 17:30:00,1810.6846574058436,1810.319690559111,1781.0406188817778,stop,3,-61.17072081637116,-1.44,-0.7498010803951978,0.0,-61.17072081637116,-77.3461135412535,-1.0371272792997837,1.0569990542769396,0.4994364915052938,break_dn
XAUUSD.a,15m,-1,0.21,2021-02-23 23:30:00,1804.6298065443389,2021-02-24 01:30:00,1807.9795863513916,1807.681859150988,1798.6462816980243,stop,4,-70.34537594810786,-5.04,-1.2122712084782687,19.0449,-51.30047594810786,-64.87982287606913,-0.8004055374834524,1.032155687224457,0.02942496605178061,break_dn
XAUUSD.a,15m,-1,0.21,2021-02-24 12:00:00,1804.2649770118041,2021-02-24 12:30:00,1807.5965262424072,1807.2861847755314,1798.357630448937,stop,2,-69.96253384266424,-5.04,-1.4771708043902343,0.0,-69.96253384266424,-88.39903699922198,-1.1027209947630114,1.4778933914453385,0.0711559841680591,break_dn
XAUUSD.a,15m,-1,0.15,2021-02-24 15:15:00,1804.1776827662604,2021-02-24 15:45:00,1796.114082324373,1808.4079588378136,1795.874082324373,target,2,120.95400662831253,-3.5999999999999996,-0.0,0.0,120.95400662831253,153.03659930704052,1.9061641144680592,0.09274033824356673,3.8644482037926418,break_dn
XAUUSD.a,15m,-1,0.13,2021-02-24 21:30:00,1798.3317500899664,2021-02-24 22:45:00,1803.5261499417607,1803.1973028479729,1788.8053943040545,stop,5,-67.52719807332574,-3.12,-1.1550122192396832,0.0,-67.52719807332574,-84.78097411558932,-1.067586790266869,1.0313833103085277,0.3127599608209571,break_dn
XAUUSD.a,15m,-1,0.19,2021-02-25 05:30:00,1796.1224679709348,2021-02-25 07:45:00,1799.8372576303286,1799.533125488832,1789.4437490223363,stop,9,-70.58100352848169,-4.56,-1.2185106884382426,0.0,-70.58100352848169,-88.53502029387701,-1.0891711172701337,1.4857932825192222,0.31151411871749135,break_dn
XAUUSD.a,15m,-1,0.14,2021-02-25 08:15:00,1794.8208134968945,2021-02-25 13:30:00,1786.4065817168682,1799.236709141566,1786.1665817168682,target,21,117.799244920368,-3.3600000000000003,-0.0,0.0,117.799244920368,147.6366022313172,1.905441717169961,0.48442868111858145,2.622528797950322,break_dn
XAUUSD.a,15m,-1,0.07,2021-02-25 17:15:00,1774.9390330379836,2021-02-26 07:45:00,1758.7860493259059,1783.271975337047,1758.5460493259059,target,54,113.0708859845438,-1.6800000000000002,-0.0,2.1161000000000003,115.18698598454381,147.06098356170853,1.9747267077472856,0.9949627231846159,2.0303792383015913,break_dn
XAUUSD.a,15m,-1,0.13,2021-02-26 08:00:00,1760.540047525384,2021-02-26 10:30:00,1765.654856043941,1765.2967526817476,1751.2364946365044,stop,10,-66.49251074124209,-3.12,-1.5353437085123485,0.0,-66.49251074124209,-84.84434189261464,-1.0752839098539133,1.6734172526894782,1.105817441374683,break_dn
XAUUSD.a,15m,-1,0.08,2021-02-26 13:15:00,1760.6976120854008,2021-02-26 16:45:00,1745.5057630431754,1768.5221184784123,1745.2657630431754,target,14,121.53479233780308,-1.92,-0.0,0.0,121.53479233780308,156.46980590141115,1.9415728327341062,0.8156920825446085,2.0126013443437025,break_dn
XAUUSD.a,15m,-1,0.08,2021-02-26 17:00:00,1744.9063220810292,2021-02-26 17:15:00,1729.3556983775752,1752.9571508112124,1729.1156983775752,target,1,124.40498962763195,-1.92,-0.0,0.0,124.40498962763195,160.6303450413593,1.9315556478246139,0.1296360851719542,2.5172963877680172,break_dn
XAUUSD.a,15m,-1,0.05,2021-02-26 18:30:00,1722.463664025248,2021-02-26 23:30:00,1734.002899972968,1733.6403986404862,1700.4892027190274,stop,20,-57.69617973860022,-1.2,-0.6125066624082999,0.0,-57.69617973860022,-74.90189375248312,-1.0324335635550959,1.0876464721796406,0.47184300305903126,break_dn
XAUUSD.a,15m,1,0.13,2021-03-01 08:15:00,1753.4099494158759,2021-03-01 10:45:00,1748.4930023209938,1748.574621533804,1762.1807569323917,stop,10,-63.9203122334668,-3.12,-1.061049766532798,0.0,-63.9203122334668,-82.49698282629102,-1.0168797679910877,1.021636905780868,1.3504876491077111,break_up
XAUUSD.a,15m,-1,0.11,2021-03-01 19:15:00,1729.9869748001145,2021-03-02 03:15:00,1718.6331116168349,1735.9084441915825,1718.3931116168349,target,28,124.8924950160756,-2.6399999999999997,-0.0,3.3253,128.2177950160756,165.38043185914378,1.9684578966285744,0.14067879859106247,2.7555617907313383,break_dn
XAUUSD.a,15m,-1,0.13,2021-03-02 05:30:00,1709.0239649058155,2021-03-02 06:00:00,1714.447381073378,1714.1005050714612,1699.0989898570774,stop,2,-70.50441017831167,-3.12,-1.3893880249197823,0.0,-70.50441017831167,-90.92181236241575,-1.0683292145040502,1.3544727057842716,0.09730345662551329,break_dn
XAUUSD.a,15m,1,0.12,2021-03-02 23:45:00,1738.206164794149,2021-03-03 03:00:00,1732.9566853689926,1733.0328911747936,1747.664217650413,stop,9,-62.99375310187588,-2.88,-0.9144696696131389,-29.8512,-92.84495310187589,-118.56835847248054,-1.495586739547039,1.0024918795606255,0.4588651945587331,break_up
XAUUSD.a,15m,-1,0.21,2021-03-03 10:30:00,1728.6157801078614,2021-03-03 13:15:00,1722.7715707537254,1731.7242146231374,1722.5315707537254,target,11,122.72839643685506,-5.04,-0.0,0.0,122.72839643685506,157.10441305809732,1.8801133900087925,0.5257372751806217,2.0575566499567732,break_dn
XAUUSD.a,15m,-1,0.07,2021-03-03 17:45:00,1702.8779770418753,2021-03-03 17:45:00,1712.458555467185,1712.050521029998,1684.868957940004,stop,0,-67.06404897716857,-1.6800000000000002,-1.1762410603090716,0.0,-67.06404897716857,-86.01042550809082,-1.044484326018545,1.5570405523939967,0.046658488902251626,break_dn
XAUUSD.a,15m,-1,0.1,2021-03-03 21:30:00,1712.8860500312499,2021-03-04 07:30:00,1719.6028918241038,1719.282690625004,1700.6146187499917,stop,36,-67.16841792853984,-2.4,-0.8020119909963918,3.023,-64.14541792853984,-82.25353328016905,-1.0027985313286534,1.1387149022976804,0.9858377907627393,break_dn
XAUUSD.a,15m,1,0.1,2021-03-04 17:45:00,1719.4656678511692,2021-03-04 19:00:00,1713.0212354843595,1713.1480387832012,1731.123922433598,stop,5,-64.44432366809679,-2.4,-1.268032988416365,0.0,-64.44432366809679,-83.21087152258549,-1.0200713428214037,1.4001562541902113,0.4692159221345828,break_up
XAUUSD.a,15m,-1,0.06,2021-03-04 19:45:00,1705.0845412663862,2021-03-05 21:00:00,1699.1142731240027,1714.670672194598,1686.2286556108043,signal,97,35.82160885430085,-1.44,-0.8912774880319074,1.8137999999999999,37.63540885430085,48.94962522995194,0.6543378334134197,0.27283778546322957,1.8719274127140961,break_dn
XAUUSD.a,15m,1,0.02,2021-03-08 01:15:00,1707.344316778812,2021-03-08 18:30:00,1679.2776823017743,1679.3979077143126,1762.3241845713746,stop,69,-56.13326895407545,-0.48,-0.24045082507647192,0.0,-56.13326895407545,-73.3490166526094,-1.0043019985952686,1.0367813879751189,0.24925145857241593,break_up
XAUUSD.a,15m,-1,0.18,2021-03-09 02:30:00,1682.5823197512827,2021-03-09 04:00:00,1686.3294579657236,1686.0197057001594,1675.700588599681,stop,6,-67.44848785993508,-4.32,-1.2555407801526297,0.0,-67.44848785993508,-88.15989106870624,-1.0901127397886123,1.1309990517613422,0.7337900918885975,break_dn
XAUUSD.a,15m,1,0.11,2021-03-09 13:30:00,1707.8836407038305,2021-03-09 16:00:00,1718.2788849139336,1702.245557543033,1718.2788849139336,target,10,114.34768631113411,-2.6399999999999997,-0.0,0.0,114.34768631113411,148.41289902414644,1.8437550340483062,0.9282659646137974,2.001807879430689,break_up
XAUUSD.a,15m,1,0.14,2021-03-10 03:15:00,1718.5280241199764,2021-03-10 03:30:00,1714.0136275264717,1714.0877396935816,1726.4845206128368,stop,1,-63.2015523090654,-3.3600000000000003,-1.0375703395386529,0.0,-63.2015523090654,-82.17812491426821,-1.016690860312762,1.267491804471161,0.0,break_up
XAUUSD.a,15m,-1,0.12,2021-03-10 13:30:00,1708.8172099744177,2021-03-10 15:00:00,1714.275844118567,1713.9677419250872,1698.7345161498258,stop,6,-65.5036097297916,-2.88,-0.8172263217575497,0.0,-65.5036097297916,-84.7767578621795,-1.059819489798461,1.1441128959148197,0.12565886021412878,break_dn
XAUUSD.a,15m,1,0.14,2021-03-10 16:15:00,1721.8747275029548,2021-03-10 16:30:00,1717.259567997031,1717.360888447575,1729.9282231048498,stop,1,-64.61223308293438,-3.3600000000000003,-1.4184863076174021,0.0,-64.61223308293438,-83.60688019427076,-1.0224466245475345,1.4011858698011757,0.08756902764933464,break_up
XAUUSD.a,15m,1,0.11,2021-03-10 20:30:00,1723.7500357446213,2021-03-11 05:15:00,1733.8074190768934,1718.2562904615534,1733.8074190768934,target,31,110.63121665499352,-2.6399999999999997,-0.0,-9.1212,101.51001665499352,131.0686094605329,1.6797617757623327,0.6352744011226394,1.8439086148751718,break_up
XAUUSD.a,15m,1,0.2,2021-03-11 09:45:00,1737.1121188439122,2021-03-11 11:45:00,1733.9184000595542,1733.9823259871484,1742.525348025703,stop,8,-63.874375687159954,-4.8,-1.2785185518845443,0.0,-63.874375687159954,-82.13769136135788,-1.0204249707631947,1.1892540542637755,0.8843656058918732,break_up
XAUUSD.a,15m,-1,0.2,2021-03-11 23:45:00,1722.4758230899579,2021-03-12 02:30:00,1725.985509195169,1725.6896769615182,1716.1806460769635,stop,7,-70.19372210422262,-4.8,-1.1166446730144037,6.046,-64.14772210422261,-82.33989949968245,-0.9979875356479536,1.0187696892555032,0.37208384007121575,break_dn
XAUUSD.a,15m,-1,0.13,2021-03-12 04:45:00,1719.8284825124497,2021-03-12 08:30:00,1710.7126558226319,1724.5986720886842,1710.4726558226319,target,15,118.5057469676317,-3.12,-0.0,0.0,118.5057469676317,152.73524206734422,1.910998828062009,0.10932846152456245,2.106516387212792,break_dn
XAUUSD.a,15m,1,0.12,2021-03-12 20:00:00,1719.9193591329984,2021-03-15 01:00:00,1729.3276336777417,1714.8411831611293,1729.3276336777417,target,16,112.89929453692002,-2.88,-0.0,-9.9504,102.94889453692002,132.7756068625155,1.6894007990797726,0.10621119393775653,2.0382595885490646,break_up
XAUUSD.a,15m,1,0.18,2021-03-15 12:00:00,1728.2350584232686,2021-03-15 16:30:00,1734.3806660190405,1724.7346669904798,1734.3806660190405,target,18,110.62093672389483,-4.32,-0.0,0.0,110.62093672389483,143.08748767804272,1.7556915315827144,0.3014115545437588,1.7926399653344312,break_up
XAUUSD.a,15m,1,0.2,2021-03-15 23:00:00,1731.2711607899769,2021-03-16 08:45:00,1736.702508151345,1728.1337459243275,1736.702508151345,target,35,108.6269472273625,-4.8,-0.0,-16.584,92.0429472273625,118.75589919149809,1.466859678570307,0.5581540424091952,1.8833464693233088,break_up
XAUUSD.a,15m,1,0.27,2021-03-16 09:00:00,1736.508061923636,2021-03-16 09:15:00,1734.0537169772283,1734.0965103708643,1740.5869792582714,stop,1,-66.26731355300717,-6.4799999999999995,-1.1554216281694178,0.0,-66.26731355300717,-85.54815722936043,-1.0177451705673846,1.0856338196987034,0.10861807041319407,break_up
XAUUSD.a,15m,1,0.21,2021-03-16 14:00:00,1734.5142676810133,2021-03-16 14:45:00,1731.4411035519063,1731.4982186185168,1739.7235627629664,stop,3,-64.53644671124698,-5.04,-1.199416398820321,0.0,-64.53644671124698,-83.33304931466218,-1.0189370482465807,1.2182386973413788,0.39314092523591415,break_up
XAUUSD.a,15m,1,0.09,2021-03-16 17:30:00,1740.0021177446079,2021-03-16 17:45:00,1733.0832684317897,1733.1782752903505,1752.7434494192992,stop,1,-62.269643815363,-2.16,-0.8550617270474694,0.0,-62.269643815363,-80.3665932931042,-1.0139227801927728,1.0393144027208638,0.18287090649544407,break_up
XAUUSD.a,15m,1,0.25,2021-03-17 05:00:00,1733.8246261045851,2021-03-17 14:00:00,1731.172743096922,1731.2302799710214,1738.189440057957,stop,36,-66.29707519157932,-6.0,-1.4384218524843913,0.0,-66.29707519157932,-85.94717864524071,-1.0221777939940628,1.2776344920606442,1.5747219858450765,break_up
XAUUSD.a,15m,-1,0.16,2021-03-17 19:00:00,1727.1837920896487,2021-03-17 21:00:00,1731.539600005215,1731.2043961653185,1719.341207669363,stop,8,-69.69292664906243,-3.84,-1.5232614383464798,0.0,-69.69292664906243,-89.42327890713203,-1.0833715117400067,4.085507451418181,0.3466623580479144,break_dn
XAUUSD.a,15m,1,0.14,2021-03-18 03:15:00,1750.5492362126733,2021-03-18 10:15:00,1745.9289572291714,1746.0049731637432,1758.7700536725135,stop,28,-64.68390576902766,-3.3600000000000003,-1.0642230840045974,0.0,-64.68390576902766,-82.89620116497201,-1.0167278904749446,1.9605458831813822,1.098255918195933,break_up
XAUUSD.a,15m,-1,0.11,2021-03-18 14:45:00,1730.2311323335275,2021-03-18 19:15:00,1736.3464723136613,1735.9943320883128,1718.8813358233742,stop,18,-67.26873978147114,-2.6399999999999997,-1.2335424788317044,0.0,-67.26873978147114,-86.41591380274545,-1.0611015131058108,1.0374215576179069,1.919269295558101,break_dn
XAUUSD.a,15m,-1,0.12,2021-03-18 21:45:00,1732.73064623599,2021-03-19 09:00:00,1738.083852180304,1737.7778400400969,1722.8143199198062,stop,41,-64.23847133176696,-2.88,-0.7921456824829721,3.6275999999999997,-60.61087133176696,-78.14405235971655,-1.0007354859652924,1.103455500258027,0.842180110565841,break_dn
XAUUSD.a,15m,1,0.13,2021-03-19 20:00:00,1742.5932574546337,2021-03-22 03:00:00,1737.8327262452526,1737.9026197358182,1751.0947605283634,stop,24,-61.88690572195355,-3.12,-0.9086153773521554,-10.7796,-72.66650572195356,-94.12637883182026,-1.1916783056937248,1.1370005049080045,0.920289053245531,break_up
XAUUSD.a,15m,-1,0.14,2021-03-22 04:30:00,1732.870515062672,2021-03-22 05:15:00,1737.5116898844844,1737.2030494650369,1724.3539010699265,stop,3,-64.97644750537438,-3.3600000000000003,-0.9609658722672149,0.0,-64.97644750537438,-84.15112221277796,-1.0712378462082344,1.0823883902152562,0.08090300736692936,break_dn
XAUUSD.a,15m,-1,0.15,2021-03-22 10:45:00,1729.1323397414465,2021-03-22 13:15:00,1733.5945523296434,1733.2881376679352,1720.9637246641298,stop,10,-66.93318882295443,-3.5999999999999996,-0.9962199256220591,0.0,-66.93318882295443,-86.59894272677859,-1.0737318481620985,1.1111368599327067,0.4264739943561267,break_dn
XAUUSD.a,15m,1,0.13,2021-03-22 19:30:00,1739.640479773891,2021-03-23 04:00:00,1734.9899452453803,1735.0329719913975,1747.9840560172047,stop,30,-60.4569488706386,-3.12,-0.5593476982243284,-10.7796,-71.2365488706386,-92.20008137224622,-1.189305539391872,1.1156746806641493,0.3037477725868476,break_up
XAUUSD.a,15m,1,0.26,2021-03-23 10:30:00,1740.1017555484664,2021-03-23 10:30:00,1737.7631351347952,1737.8107684574948,1743.9284630850102,stop,0,-60.80413075544993,-6.24,-1.2384663901873463,0.0,-60.80413075544993,-79.07628881101002,-1.0207916154950214,1.266596202091949,0.0,break_up
XAUUSD.a,15m,1,0.18,2021-03-23 13:15:00,1741.2695298870017,2021-03-23 13:30:00,1737.9787196759776,1738.0378720185872,1746.9542559628255,stop,1,-59.23458379843396,-4.32,-1.0647421669723593,0.0,-59.23458379843396,-77.23798594154981,-1.018304023822507,1.0148134550550987,0.0,break_up
XAUUSD.a,15m,1,0.12,2021-03-24 19:15:00,1737.0151083105766,2021-03-24 20:15:00,1732.013143535673,1732.079176836578,1746.031646326844,stop,4,-60.02357729884352,-2.88,-0.7923996108590166,0.0,-60.02357729884352,-78.85699291727671,-1.013378082992616,1.0363005113668504,0.015172757121498083,break_up
XAUUSD.a,15m,1,0.2,2021-03-24 23:15:00,1734.1015530112807,2021-03-25 06:15:00,1739.1587858302269,1731.1656070848865,1739.1587858302269,target,24,101.14465637892408,-4.8,-0.0,-16.584,84.56065637892408,111.20841734254464,1.440092196840591,0.7396433945728701,1.7229360197828958,break_up
XAUUSD.a,15m,-1,0.18,2021-03-25 14:45:00,1729.8168400247114,2021-03-25 16:15:00,1733.3275061925467,1732.998436539205,1723.5531269215899,stop,6,-63.19199102103585,-4.32,-1.603253760150234,0.0,-63.19199102103585,-83.22401030032378,-1.1034290966320592,3.3012231209841083,1.5328279379535434,break_dn
XAUUSD.a,15m,-1,0.17,2021-03-26 01:00:00,1726.723605292268,2021-03-26 12:30:00,1730.4271476730426,1730.1325122345095,1719.324975530981,stop,46,-62.96022047316615,-4.08,-0.9288024550632882,0.0,-62.96022047316615,-82.64122920938,-1.0864310594349493,1.3630160008641214,1.0248461901312464,break_dn
XAUUSD.a,15m,-1,0.2,2021-03-26 14:30:00,1721.7382772301924,2021-03-26 14:30:00,1724.9046091648224,1724.602025010111,1716.4359499797783,stop,0,-63.32663869260159,-4.8,-1.2516830942292407,0.0,-63.32663869260159,-83.17131427974992,-1.1056601970443207,1.097066854783215,0.04479348044962843,break_dn
XAUUSD.a,15m,1,0.49,2021-03-29 01:00:00,1731.77147959794,2021-03-29 01:00:00,1730.5229030928049,1730.570122489715,1736.8997550205702,stop,0,-61.18024875162155,-11.76,-2.3137504485978813,0.0,-61.18024875162155,-80.09668218271284,-1.039305046423614,1.6743394484192617,1.0642301055253556,break_up
XAUUSD.a,15m,1,0.02,2021-03-29 01:15:00,1732.1210167695158,2021-03-29 16:30:00,1711.5943519518842,1711.6785201029945,1772.1629597940107,stop,61,-41.05332963526325,-0.48,-0.1683363022209034,0.0,-41.05332963526325,-53.774140253671874,-1.0041173126983165,1.0258539899316699,0.03663853993483644,break_up
XAUUSD.a,15m,-1,0.03,2021-03-29 16:45:00,1711.0598959064553,2021-03-30 15:30:00,1680.736494844003,1726.4767525779987,1680.4964948440029,target,87,90.97020318735713,-0.72,-0.0,0.9068999999999999,91.87710318735712,120.7558693400238,1.9865074778168994,0.3107056253812269,2.096399843043985,break_dn
XAUUSD.a,15m,-1,0.22,2021-03-31 04:30:00,1683.528428218261,2021-03-31 05:45:00,1678.6753465819718,1686.212326709014,1678.4353465819718,target,5,106.76779599836436,-5.279999999999999,-0.0,0.0,106.76779599836436,140.42296897184693,1.8082210087341692,0.022941173800346156,2.1082869705231992,break_dn
XAUUSD.a,15m,1,0.19,2021-03-31 12:45:00,1686.9798040631963,2021-03-31 15:00:00,1683.9032677682294,1683.965580029077,1692.168839941846,stop,9,-58.454189604371095,-4.56,-1.1839329561036995,0.0,-58.454189604371095,-76.82950147124994,-1.020672737043534,1.2340834725920509,0.693444121320726,break_up
XAUUSD.a,15m,1,0.13,2021-03-31 15:45:00,1689.2410849458413,2021-03-31 16:45:00,1697.0653933359056,1684.8923033320473,1697.0653933359056,target,4,101.71600907083575,-3.12,-0.0,0.0,101.71600907083575,133.49608771141527,1.7991955184059265,0.7797781647818579,2.0026103464323683,break_up
XAUUSD.a,15m,1,0.21,2021-04-01 04:30:00,1708.4555426935895,2021-04-01 06:00:00,1713.3867208480788,1705.6216395759607,1713.3867208480788,target,6,103.55474124427565,-5.04,-0.0,0.0,103.55474124427565,136.77273552002384,1.7400658913898925,0.4077565977472006,1.8788423899493336,break_up
XAUUSD.a,15m,1,0.17,2021-04-01 06:15:00,1713.385516183954,2021-04-01 10:15:00,1719.4936246419777,1709.918187679011,1719.4936246419777,target,16,103.83784378640304,-4.08,-0.0,0.0,103.83784378640304,137.15389687672936,1.7616180437809783,0.9562163432820064,1.8932396531473064,break_up
XAUUSD.a,15m,1,0.12,2021-04-01 16:15:00,1723.6234034494107,2021-04-05 17:30:00,1728.9501740424982,1718.6084811781075,1732.7430376437849,signal,97,63.92124711705037,-2.88,-1.1958229800430997,-9.9504,53.97084711705037,70.57411292341236,0.8968375479763375,0.4732682424595048,1.3672388483116906,break_up
XAUUSD.a,15m,1,0.12,2021-04-05 18:30:00,1732.065220100276,2021-04-05 20:00:00,1727.1439892949024,1727.2143695071613,1740.8812609856773,stop,6,-59.0547696644835,-2.88,-0.8445625471064014,0.0,-59.0547696644835,-77.14837898870432,-1.0145088394103077,1.029761689087336,0.3060865040517592,break_up
XAUUSD.a,15m,1,0.26,2021-04-06 02:30:00,1729.287261908899,2021-04-06 04:00:00,1733.0013384057997,1726.9993307971001,1733.0013384057997,target,6,96.56598891942122,-6.24,-0.0,0.0,96.56598891942122,126.27296717763059,1.6233340583321871,0.7636864151583853,2.230284847645321,break_up
XAUUSD.a,15m,1,0.1,2021-04-06 04:15:00,1733.615414151515,2021-04-06 18:00:00,1744.7590618062911,1727.6304690968543,1744.7590618062911,target,55,111.43647654776032,-2.4,-0.0,0.0,111.43647654776032,145.49172450192617,1.8619465263257349,0.9917240838982843,1.8721284399694285,break_up
XAUUSD.a,15m,-1,0.24,2021-04-07 13:30:00,1736.3844281988736,2021-04-07 15:15:00,1731.7613592702521,1738.899320364874,1731.521359270252,target,7,110.95365428691548,-5.76,-0.0,0.0,110.95365428691548,145.66581894041678,1.8382771997631155,0.8770045216825184,2.30007006943481,break_dn
XAUUSD.a,15m,-1,0.32,2021-04-08 04:00:00,1736.213366436712,2021-04-08 06:00:00,1738.4184134008099,1738.1347386469038,1732.5705227061924,stop,8,-70.56150285113108,-7.68,-1.3975921249981207,0.0,-70.56150285113108,-92.61012028970374,-1.1476417491631088,1.080807535506459,1.6151823265948109,break_dn
XAUUSD.a,15m,1,0.3,2021-04-08 08:00:00,1740.214630327093,2021-04-08 08:30:00,1743.5196970410414,1738.1651514794794,1743.5196970410414,target,2,99.15200141845389,-7.199999999999999,-0.0,0.0,99.15200141845389,129.83618764447195,1.6126376311700035,0.3145337790841753,2.559367557764783,break_up
XAUUSD.a,15m,1,0.26,2021-04-08 23:00:00,1756.1290418623419,2021-04-09 03:15:00,1753.6822377043932,1753.7187715149253,1760.0224569701493,stop,13,-63.61690810666596,-6.24,-0.9498790738339398,-21.5592,-85.17610810666596,-111.20612602544092,-1.359185355061938,1.2401272187352386,0.626883261986659,break_up
XAUUSD.a,15m,1,0.3,2021-04-09 04:00:00,1755.4361757487218,2021-04-09 05:30:00,1753.3600680979453,1753.4055016422524,1758.6989967154955,stop,6,-62.28322952329563,-7.199999999999999,-1.363006329214374,0.0,-62.28322952329563,-81.55564368172378,-1.022373626650565,1.4212894819148618,0.9079862915492256,break_up
XAUUSD.a,15m,-1,0.24,2021-04-09 15:15:00,1744.7174704989025,2021-04-09 15:15:00,1740.049379650599,1747.2353101747005,1739.8093796505989,target,0,112.03418035928553,-5.76,-0.0,0.0,112.03418035928553,147.07859787494982,1.854006390150281,0.06057951289098086,2.314472424482392,break_dn
XAUUSD.a,15m,-1,0.09,2021-04-09 15:30:00,1739.2065368918381,2021-04-09 17:45:00,1746.03089210064,1745.7004750548726,1726.3490498902547,stop,9,-61.41919687921586,-2.16,-0.8137534119057868,0.0,-61.41919687921586,-80.52758830907666,-1.0508808426369223,1.1708554835712885,1.2421641058664923,break_dn
XAUUSD.a,15m,-1,0.19,2021-04-09 22:45:00,1742.5452602890032,2021-04-12 08:15:00,1736.5649542003384,1745.6925228998307,1736.3249542003384,target,34,113.6258156846302,-4.56,-0.0,5.7437000000000005,119.3695156846302,156.98872349596934,1.996212857182852,0.4717559017442171,2.0129430150531396,break_dn
XAUUSD.a,15m,-1,0.25,2021-04-12 08:30:00,1736.2808619988896,2021-04-12 09:00:00,1739.0906180785967,1738.8044263271606,1731.3211473456786,stop,2,-70.24390199267714,-6.0,-1.154793785902998,0.0,-70.24390199267714,-92.29745616991714,-1.1134077495984072,1.4737638979302292,0.4124570898506422,break_dn
XAUUSD.a,15m,1,0.16,2021-04-12 14:30:00,1743.9757461735692,2021-04-12 15:45:00,1740.0070051134999,1740.0678384203707,1751.1743231592586,stop,5,-63.49985696110889,-3.84,-0.9733329099326068,0.0,-63.49985696110889,-83.2108409701081,-1.0155667202791572,1.3244289528925082,0.277451233474827,break_up
XAUUSD.a,15m,-1,0.1,2021-04-12 17:00:00,1733.4112456756511,2021-04-13 15:30:00,1739.5110209580016,1739.1855425617287,1722.0089148765428,stop,86,-60.997752823504925,-2.4,-0.8547839627297954,3.023,-57.97475282350492,-76.15530997347186,-1.0040140638298043,1.2553483943346433,1.6783421197163841,break_dn
XAUUSD.a,15m,1,0.24,2021-04-14 01:15:00,1745.7926142296776,2021-04-14 07:45:00,1743.21036433508,1743.2474524100705,1750.0650951798589,stop,26,-61.97399747034433,-5.76,-0.8901137997725572,0.0,-61.97399747034433,-80.86905130859833,-1.0145719909456807,1.2033082557204176,1.401634168342596,break_up
XAUUSD.a,15m,1,0.25,2021-04-14 09:45:00,1747.5527578725098,2021-04-14 10:00:00,1745.0138464222694,1745.0686663161225,1751.8226673677548,stop,1,-63.472786256011204,-6.0,-1.3704973463267303,0.0,-63.472786256011204,-82.67592285831113,-1.022068387017462,1.2369744845389758,0.490015001403759,break_up
XAUUSD.a,15m,-1,0.27,2021-04-15 01:00:00,1736.0725703537896,2021-04-15 03:15:00,1738.589013967686,1738.3122556750573,1732.2454886498854,stop,9,-67.94397757520278,-6.4799999999999995,-0.9924739009785801,0.0,-67.94397757520278,-87.79085650537229,-1.1235701685414061,1.534782414997844,0.35387576382429214,break_dn
XAUUSD.a,15m,-1,0.17,2021-04-15 04:45:00,1734.7961558922457,2021-04-15 05:45:00,1738.6144027932096,1738.3237777478546,1727.8424445042906,stop,4,-64.91019731638653,-4.08,-0.8606257710336634,0.0,-64.91019731638653,-84.12197366111108,-1.0823855439303696,1.1718501236694572,0.1293097477328738,break_dn
XAUUSD.a,15m,1,0.16,2021-04-15 08:15:00,1741.9589384438264,2021-04-15 12:00:00,1748.3759624149125,1738.287018792544,1748.3759624149125,target,15,102.67238353737775,-3.84,-0.0,0.0,102.67238353737775,132.4599849537849,1.7475937875832621,0.43000353868712443,1.7650335986818586,break_up
XAUUSD.a,15m,1,0.17,2021-04-15 15:15:00,1750.720429292439,2021-04-15 15:30:00,1747.0991508109691,1747.1690916111518,1756.7418167776962,stop,1,-61.56173418498566,-4.08,-1.1889936031058748,0.0,-61.56173418498566,-79.49090862545764,-1.0196942128458122,1.362987619550854,0.42788685389398745,break_up
XAUUSD.a,15m,1,0.14,2021-04-15 16:30:00,1751.7261437125853,2021-04-15 17:00:00,1759.1495403556698,1747.5702298221652,1759.1495403556698,target,2,103.92755300318323,-3.3600000000000003,-0.0,0.0,103.92755300318323,134.00496809126844,1.7862248445994704,0.15066330272837192,2.907629129484435,break_up
XAUUSD.a,15m,1,0.28,2021-04-16 03:15:00,1765.157110250724,2021-04-16 03:45:00,1762.9184175311761,1762.9602172687194,1768.7195654625616,stop,2,-62.6833961473376,-6.720000000000001,-1.170392651211392,0.0,-62.6833961473376,-80.99781124880487,-1.019026751819779,1.2868675324113386,0.1515275218241838,break_up
XAUUSD.a,15m,1,0.22,2021-04-16 12:00:00,1766.3463237579615,2021-04-16 12:45:00,1771.0654889526472,1763.5572555236763,1771.0654889526472,target,3,103.82163428308604,-5.279999999999999,-0.0,0.0,103.82163428308604,134.01873584329792,1.6920221372408242,0.3464683101268935,1.7761043566967523,break_up
XAUUSD.a,15m,1,0.17,2021-04-16 13:00:00,1771.3392164788406,2021-04-16 13:45:00,1777.8051820517867,1767.6874089741066,1777.8051820517867,target,3,109.92141474008305,-4.08,-0.0,0.0,109.92141474008305,141.7920033281517,1.7706205939288564,0.284575919594194,2.0512536631376546,break_up
XAUUSD.a,15m,1,0.13,2021-04-16 14:00:00,1778.4641414163934,2021-04-16 16:30:00,1773.6013167338365,1773.6889874107078,1787.2820251785845,stop,10,-63.21672087324032,-3.12,-1.1397187993266569,0.0,-63.21672087324032,-81.73977019775316,-1.0183597590291171,1.2971605541974705,1.1278921218443831,break_up
XAUUSD.a,15m,1,0.09,2021-04-16 20:00:00,1780.2217167483745,2021-04-19 04:30:00,1773.5005451976579,1773.569977285332,1792.6500454293362,stop,30,-60.49054395645021,-2.16,-0.6248887890676613,-7.4628,-67.95334395645021,-88.0498392718594,-1.1350973069025048,1.070654794575664,0.5033695727604267,break_up
XAUUSD.a,15m,1,0.18,2021-04-19 08:00:00,1778.162568428136,2021-04-19 10:30:00,1784.1518990983911,1774.7590504508046,1784.1518990983911,target,10,107.80795206459334,-4.32,-0.0,0.0,107.80795206459334,138.80971347126584,1.7597470353164666,0.8234328265054408,1.9354772372993623,break_up
XAUUSD.a,15m,-1,0.27,2021-04-19 23:15:00,1770.7174718161036,2021-04-20 05:30:00,1766.3854263496253,1773.0522868251874,1766.1454263496253,target,21,116.96522759491542,-6.4799999999999995,-0.0,8.1621,125.12732759491541,160.53902593584385,1.984887645679912,0.8405497550174649,2.1960933933330753,break_dn
XAUUSD.a,15m,-1,0.18,2021-04-20 05:45:00,1766.5824797090715,2021-04-20 06:00:00,1770.348759022147,1770.0448629026398,1759.77027419472,stop,1,-67.79302763535952,-4.32,-1.1501301511308863,0.0,-67.79302763535952,-86.90745280537334,-1.0877707932708867,2.0672236118244536,0.0758089715659424,break_dn
XAUUSD.a,15m,-1,0.18,2021-04-20 12:30:00,1766.846393493353,2021-04-20 13:00:00,1770.6915946156316,1770.3639525266774,1759.9120949466455,stop,2,-69.21362020101651,-4.32,-1.5775576011773047,0.0,-69.21362020101651,-89.09063084994852,-1.093144730721002,1.0528910734859014,0.9086964747630457,break_dn
XAUUSD.a,15m,1,0.11,2021-04-20 17:15:00,1776.4842675097404,2021-04-21 09:00:00,1786.1817550402611,1771.1641224798695,1786.1817550402611,target,59,106.67236283572743,-2.6399999999999997,-0.0,-27.363599999999998,79.30876283572744,102.747529195895,1.3552050724255598,0.65303999989353,1.946513193177135,break_up
XAUUSD.a,15m,1,0.21,2021-04-21 09:15:00,1786.8059894104274,2021-04-21 10:30:00,1783.7538931911176,1783.816724053907,1791.956551892186,stop,5,-64.09402060550497,-5.04,-1.319448118573763,0.0,-64.09402060550497,-83.0513134028364,-1.0210188308148074,1.8887548400852772,0.5332449279203907,break_up
XAUUSD.a,15m,1,0.06,2021-04-21 17:00:00,1796.108163154164,2021-04-22 12:30:00,1785.9070533519987,1785.9614620285283,1815.4770759429432,stop,74,-61.20665881299192,-1.44,-0.3264520591782996,-4.9752,-66.18185881299192,-85.41578536046039,-1.087083345176809,1.0336525166456056,0.17067979281073167,break_up
XAUUSD.a,15m,-1,0.21,2021-04-22 14:00:00,1784.9564089620085,2021-04-22 14:15:00,1788.2305010535827,1787.926206393523,1779.207587212954,stop,1,-68.75593392305768,-5.04,-1.3501878612518219,0.0,-68.75593392305768,-88.78836478609686,-1.1024631029815684,1.17637351319613,0.3961243112155887,break_dn
XAUUSD.a,15m,-1,0.11,2021-04-22 18:30:00,1780.2451099776192,2021-04-23 01:45:00,1786.1703136640463,1785.8799771087242,1769.1700457825514,stop,25,-65.17724055069743,-2.6399999999999997,-0.5537021085420273,3.3253,-61.851940550697435,-80.2698599061676,-0.9978768896586874,1.0496946750935963,0.5084609647321459,break_dn
XAUUSD.a,15m,-1,0.2,2021-04-23 10:30:00,1782.7329476967025,2021-04-23 12:00:00,1786.1004471591052,1785.8061254750942,1776.6977490498116,stop,6,-67.34998924805495,-4.8,-1.0864336802193089,0.0,-67.34998924805495,-87.10101552953152,-1.0957711220224513,1.033800363140809,0.36865673852928404,break_dn
XAUUSD.a,15m,1,0.26,2021-04-23 14:00:00,1787.6436690821583,2021-04-23 14:00:00,1785.2142140682356,1785.2647176914732,1791.8205646170538,stop,0,-63.165830361991084,-6.24,-1.31309420417587,0.0,-63.165830361991084,-81.62225456400357,-1.0212293632544547,1.0145936951923737,0.0,break_up
XAUUSD.a,15m,1,0.18,2021-04-23 14:30:00,1788.3947309943098,2021-04-23 15:15:00,1794.1728749488389,1785.1385625255807,1794.1728749488389,target,3,104.00659118152225,-4.32,-0.0,0.0,104.00659118152225,134.35981756839936,1.7745224210663164,0.14579435888188302,1.921052017352057,break_up
XAUUSD.a,15m,1,0.16,2021-04-23 15:30:00,1793.9796429594046,2021-04-23 16:00:00,1790.1461125440285,1790.2134660655033,1800.6730678689935,stop,2,-61.336486646017875,-3.84,-1.0776563435978384,0.0,-61.336486646017875,-79.30245865410546,-1.0178837912748897,1.024817226629686,0.49927475356779955,break_up
XAUUSD.a,15m,-1,0.16,2021-04-26 01:00:00,1775.3299594552561,2021-04-26 03:30:00,1779.3173259363684,1779.0340635203875,1771.1318729592253,stop,10,-63.797863697796856,-3.84,-0.6921986556957804,0.0,-63.797863697796856,-82.24765843878514,-1.076472585812982,1.028599757930635,0.4022455711441747,break_dn
XAUUSD.a,15m,-1,0.14,2021-04-26 15:15:00,1772.2126191533057,2021-04-26 15:45:00,1776.7257331529072,1776.4046844557797,1764.0006310884405,stop,2,-63.18359599442102,-3.3600000000000003,-1.1346817597846561,0.0,-63.18359599442102,-81.09610328886566,-1.0765848511324496,1.332846805462875,0.8259936101811607,break_dn
XAUUSD.a,15m,1,0.21,2021-04-26 22:15:00,1780.8618249193785,2021-04-27 04:30:00,1777.9335432325547,1777.9798444709022,1785.8103110581953,stop,21,-61.493915423299086,-5.04,-0.972326005296379,-17.4132,-78.90711542329909,-101.28763019010461,-1.3037845863286068,1.5481801487367464,1.123593701800956,break_up
XAUUSD.a,15m,1,0.27,2021-04-27 08:45:00,1783.1695795497449,2021-04-27 09:00:00,1780.8715801523301,1780.9195088109032,1786.860982378194,stop,1,-62.04598373019804,-6.4799999999999995,-1.2940737814716956,0.0,-62.04598373019804,-79.65642650105023,-1.021300956341355,1.2842172025366567,0.11129447885008117,break_up
XAUUSD.a,15m,1,0.19,2021-04-27 15:00:00,1782.8381572574183,2021-04-27 16:30:00,1779.6109197927667,1779.6915322928576,1788.1169354142849,stop,6,-61.31751182838002,-4.56,-1.5316375017244666,0.0,-61.31751182838002,-78.90759230501367,-1.0256187187856114,1.601130517351529,0.849113819623784,break_up
XAUUSD.a,15m,-1,0.16,2021-04-27 21:15:00,1776.099576382841,2021-04-28 04:00:00,1769.318960030479,1779.6705199847606,1769.078960030479,target,23,108.48986163779045,-3.84,-0.0,14.5104,123.00026163779046,158.98490504587346,2.152796910102199,0.4649817533568505,2.3970068802653453,break_dn
XAUUSD.a,15m,-1,0.25,2021-04-28 08:30:00,1770.0229961493512,2021-04-28 12:15:00,1765.6106175728087,1772.3896912135956,1765.3706175728087,target,15,110.30946441356377,-6.0,-0.0,0.0,110.30946441356377,142.3899114671018,1.8643629435849283,0.4001376708626191,2.811091403309065,break_dn
XAUUSD.a,15m,1,0.13,2021-04-28 18:30:00,1775.0206114974358,2021-04-28 21:00:00,1770.2388011758017,1770.3061277021816,1783.547744595637,stop,10,-62.16353418124345,-3.12,-0.8752448429390949,0.0,-62.16353418124345,-79.76228467106786,-1.0142807843454045,1.011905375990068,0.2565261765841,break_up
XAUUSD.a,15m,1,0.08,2021-04-28 21:45:00,1780.2773137459808,2021-04-29 13:15:00,1772.5734504080285,1772.6322614016653,1794.5554771966695,stop,58,-61.630906703618166,-1.92,-0.47048794909514824,-6.6336,-68.26450670361817,-87.64107111684042,-1.1161549919664207,1.0591573976601436,1.2639136815333971,break_up
XAUUSD.a,15m,-1,0.26,2021-04-30 03:15:00,1771.709070652312,2021-04-30 04:00:00,1767.4616471720656,1773.9991764139672,1767.2216471720656,target,3,110.43301048640706,-6.24,-0.0,0.0,110.43301048640706,141.99584745976324,1.8546844217257792,0.013505641619651928,2.2920647335160793,break_dn
XAUUSD.a,15m,-1,0.14,2021-04-30 04:15:00,1767.2843329888765,2021-04-30 09:30:00,1771.8415046790337,1771.552933252013,1758.824133495974,stop,21,-63.80040366220147,-3.3600000000000003,-0.6799999782916785,0.0,-63.80040366220147,-82.06050787441667,-1.0676032912973523,1.3085476893587538,0.44378317764626424,break_dn
XAUUSD.a,15m,-1,0.16,2021-04-30 19:45:00,1766.100104033338,2021-04-30 20:30:00,1770.031587855346,1769.7205016096702,1759.0089967806598,stop,3,-62.90374115212762,-3.84,-1.1373799308145465,0.0,-62.90374115212762,-81.6253259007158,-1.0859259899270477,1.1655891038732424,0.019363628402694486,break_dn
XAUUSD.a,15m,1,0.28,2021-05-03 04:30:00,1771.2575076560472,2021-05-03 06:30:00,1774.6915772210616,1769.1392113894692,1774.6915772210616,target,8,96.15394782040313,-6.720000000000001,-0.0,0.0,96.15394782040313,124.47596388261438,1.6211469656989779,0.3953685182101974,1.9602981931611545,break_up
XAUUSD.a,15m,1,0.2,2021-05-03 06:45:00,1775.527253614805,2021-05-03 08:15:00,1772.4506945901196,1772.4889814288883,1780.9220371422232,stop,6,-61.531180493707325,-4.8,-0.7657367753735838,0.0,-61.531180493707325,-79.77386881412038,-1.0126015170550546,1.0556176071622825,0.03381737346357404,break_up
XAUUSD.a,15m,1,0.25,2021-05-03 10:00:00,1780.0009915513479,2021-05-03 10:15:00,1777.5411337281582,1777.591993388964,1783.916013222072,stop,1,-61.496445579740566,-6.0,-1.271491520146923,0.0,-61.496445579740566,-79.62457185366432,-1.021112370113018,1.200080430317641,0.6222538780057939,break_up
XAUUSD.a,15m,1,0.14,2021-05-03 13:45:00,1781.510507600388,2021-05-03 16:15:00,1789.0188923979476,1777.3355538010262,1789.0188923979476,target,10,105.11738716583342,-3.3600000000000003,-0.0,0.0,105.11738716583342,135.80180500721326,1.7984354218978682,0.9773779055978318,1.9304387034998176,break_up
XAUUSD.a,15m,-1,0.2,2021-05-04 12:15:00,1784.9236722053772,2021-05-04 15:45:00,1788.1400297050318,1787.8298043258471,1779.1903913483059,stop,14,-64.32714999309155,-4.8,-1.4045075836929248,0.0,-64.32714999309155,-83.42582384620275,-1.1067485462892495,1.4611613025825643,1.4636885141647746,break_dn
XAUUSD.a,15m,1,0.15,2021-05-04 17:00:00,1795.244082282077,2021-05-04 17:30:00,1791.2407461002172,1791.3299127252503,1802.1901745494995,stop,2,-60.050042727897335,-3.5999999999999996,-1.3374993754973552,0.0,-60.050042727897335,-77.91724652959988,-1.0227804707329664,1.3985296759895631,0.9748984203475941,break_up
XAUUSD.a,15m,-1,0.08,2021-05-04 19:00:00,1775.551007729683,2021-05-05 06:30:00,1782.9663097419761,1782.6831431083306,1761.4637137833386,stop,42,-59.32241609834455,-1.92,-0.34533306916439266,7.2552,-52.067216098344545,-67.31552994045683,-0.9125460562313801,1.093500313197336,0.6773578280841865,break_dn
XAUUSD.a,15m,-1,0.21,2021-05-05 09:30:00,1776.4315589693485,2021-05-05 12:45:00,1779.5177161599859,1779.2295827983314,1770.9508344033372,stop,13,-64.80930100338378,-5.04,-1.010800594742373,0.0,-64.80930100338378,-83.90856962037311,-1.1029774509673085,1.321804693849231,0.7832524321800355,break_dn
XAUUSD.a,15m,-1,0.11,2021-05-05 15:30:00,1773.2231141556113,2021-05-05 15:45:00,1778.6496441824954,1778.3318674706682,1763.1762650586636,stop,1,-59.69183029572582,-2.6399999999999997,-0.855543830100172,0.0,-59.69183029572582,-77.14514874861175,-1.0622023989474474,1.8491567828390236,0.5682627397676541,break_dn
XAUUSD.a,15m,1,0.18,2021-05-05 20:30:00,1784.5427697211333,2021-05-06 06:00:00,1789.9901269223578,1781.379936538821,1789.9901269223578,target,34,98.05242962204238,-4.32,-0.0,-14.9256,83.12682962204238,107.62287137591422,1.4601330310593559,0.8166000456733226,1.7538801318668964,break_up
XAUUSD.a,15m,1,0.26,2021-05-06 08:30:00,1790.658827779937,2021-05-06 09:30:00,1794.3632078329958,1788.358396083502,1794.3632078329958,target,4,96.31388137953172,-6.24,-0.0,0.0,96.31388137953172,124.34657273746608,1.6102977796731053,0.32986320833294025,1.865376931952898,break_up
XAUUSD.a,15m,1,0.04,2021-05-06 16:45:00,1807.1536435918672,2021-05-07 15:30:00,1830.5952439593345,1794.9923780203326,1830.5952439593345,target,87,93.76640146986938,-0.96,-0.0,-3.3168,90.44960146986938,115.66149391303212,1.8593788807963607,0.11295235547544114,2.6606076660202227,break_up
XAUUSD.a,15m,1,0.12,2021-05-07 22:30:00,1832.1725669970838,2021-05-10 14:45:00,1841.337005280333,1827.1514973598337,1841.337005280333,target,61,109.9732593989902,-2.88,-0.0,-9.9504,100.02285939899019,126.90357456290465,1.6600523166243462,0.4446397198957074,1.9632137602287567,break_up
XAUUSD.a,15m,-1,0.21,2021-05-11 01:15:00,1834.9309325139716,2021-05-11 04:30:00,1838.1194116868717,1837.821026575625,1829.0879468487503,stop,13,-66.95806263090185,-5.04,-1.2260873361821847,0.0,-66.95806263090185,-85.4918382437684,-1.1032440830233794,1.2003303048357932,1.252877047157478,break_dn
XAUUSD.a,15m,1,0.2,2021-05-11 13:00:00,1838.7174364736873,2021-05-11 15:30:00,1835.6492897686817,1835.7116857867236,1843.776628426553,stop,10,-61.36293410011149,-4.8,-1.2479203608366671,0.0,-61.36293410011149,-78.35900153251372,-1.0207588800736298,1.3199486207869966,1.022228337046987,break_up
XAUUSD.a,15m,1,0.17,2021-05-11 23:00:00,1838.050263262918,2021-05-12 03:30:00,1834.4375836091983,1834.482040674258,1844.2859186514838,stop,14,-61.41555411323362,-4.08,-0.7557701060160855,-42.2892,-103.70475411323362,-132.5639193573228,-1.7096129801730608,1.0089794494210842,0.09240923986359227,break_up
XAUUSD.a,15m,1,0.11,2021-05-12 16:00:00,1840.1232618629367,2021-05-12 16:15:00,1834.570608613982,1834.682187637358,1850.0956247252836,stop,1,-61.07918573850293,-2.6399999999999997,-1.227369257138654,0.0,-61.07918573850293,-78.50795082069784,-1.0205068004497428,2.2354522946510946,0.6500073313532589,break_up
XAUUSD.a,15m,-1,0.06,2021-05-12 17:45:00,1824.156471753386,2021-05-13 19:00:00,1825.619774236349,1834.1192825464323,1804.6014349071354,signal,97,-8.779814897777669,-1.44,-0.7172908361889624,1.8137999999999999,-6.9660148977776695,-9.014810991908776,-0.1165336276157427,0.3155262417316992,1.5494093056710845,break_dn
XAUUSD.a,15m,1,0.16,2021-05-13 22:00:00,1825.6984986032946,2021-05-14 05:30:00,1822.0369765437733,1822.0868638554646,1832.116272289071,stop,26,-58.58435295234085,-3.84,-0.7981969870590803,-13.2672,-71.85155295234085,-93.0177395978262,-1.243404267892651,1.3867677528309796,0.7452307845699411,break_up
XAUUSD.a,15m,1,0.23,2021-05-14 09:00:00,1826.9724618468297,2021-05-14 09:15:00,1830.8733643384235,1824.4033178307882,1830.8733643384235,target,1,89.72075730665733,-5.52,-0.0,0.0,89.72075730665733,115.86888962930189,1.518366610527449,0.6782266139811117,2.0074928151038853,break_up
XAUUSD.a,15m,1,0.1,2021-05-14 09:30:00,1832.2398472046643,2021-05-14 22:00:00,1842.7635097507673,1826.5582451246164,1842.7635097507673,target,50,105.23662546102969,-2.4,-0.0,0.0,105.23662546102969,135.2725403118794,1.8522350558584355,0.21118114006573388,1.9096995253219262,break_up
XAUUSD.a,15m,1,0.19,2021-05-14 22:15:00,1843.336172312001,2021-05-17 04:15:00,1848.7620257569874,1840.2089871215062,1848.7620257569874,target,20,103.09121545474136,-4.56,-0.0,-15.754800000000001,87.33641545474136,112.58755150665364,1.4699012578334056,0.5072204603751186,2.955957874223656,break_up
XAUUSD.a,15m,1,0.11,2021-05-17 04:30:00,1851.162230561058,2021-05-17 15:15:00,1846.000506649021,1846.055533891754,1860.5289322164922,stop,43,-56.778963032408456,-2.6399999999999997,-0.6052996700648783,0.0,-56.778963032408456,-73.37584553366906,-1.0107755064176551,1.0147911451659302,0.8220126846723211,break_up
XAUUSD.a,15m,1,0.12,2021-05-17 16:45:00,1853.1409048870623,2021-05-17 17:30:00,1861.7627578837087,1848.3936210581455,1861.7627578837087,target,3,103.46223595975607,-2.88,-0.0,0.0,103.46223595975607,133.24348795188098,1.816165476378015,0.12447220523513688,1.9230143892661764,break_up
XAUUSD.a,15m,1,0.25,2021-05-18 03:00:00,1869.185405137796,2021-05-18 04:45:00,1873.1852208369446,1866.7873895815278,1873.1852208369446,target,7,99.9953924787178,-6.0,-0.0,0.0,99.9953924787178,128.40994513909726,1.6679690374375298,0.7445344268634937,1.9285091166802384,break_up
XAUUSD.a,15m,1,0.18,2021-05-18 15:00:00,1870.4654308308982,2021-05-18 16:00:00,1867.0493264016318,1867.1233172502864,1876.1433654994275,stop,4,-61.48987972679515,-4.32,-1.3318352757844218,0.0,-61.48987972679515,-78.91816793315257,-1.0221389389887396,1.4528024598163025,1.359788965720876,break_up
XAUUSD.a,15m,1,0.31,2021-05-19 02:30:00,1869.3137818369944,2021-05-19 04:15:00,1867.3100981849736,1867.35419916184,1872.41160167632,stop,7,-62.114193212643386,-7.4399999999999995,-1.367130282855931,0.0,-62.114193212643386,-79.79829290284225,-1.0225052902464544,1.338949292755663,1.1309643584345672,break_up
XAUUSD.a,15m,1,0.2,2021-05-19 09:00:00,1871.772929900172,2021-05-19 10:45:00,1868.6497248314536,1868.7128705617133,1877.0442588765734,stop,7,-62.46410137436669,-4.8,-1.26291460519654,0.0,-62.46410137436669,-80.45868664180678,-1.0206354594063383,1.9094171889866165,0.7081791103174322,break_up
XAUUSD.a,15m,1,0.07,2021-05-19 17:00:00,1889.3064977877548,2021-05-19 17:15:00,1880.5122494387656,1880.6785213574242,1905.8829572851514,stop,1,-61.559738442924306,-1.6800000000000002,-1.1639034306095106,0.0,-61.559738442924306,-79.47499088915839,-1.019271253230837,1.3996906325915908,0.045607705980971136,break_up
XAUUSD.a,15m,-1,0.13,2021-05-20 02:45:00,1866.296263056411,2021-05-20 03:45:00,1871.0498312045272,1870.7277187131494,1857.5945625737008,stop,4,-61.79638592551191,-3.12,-1.067462387911318,0.0,-61.79638592551191,-79.88673767114203,-1.0726877388218827,1.3028985035220653,0.5633054350019501,break_dn
XAUUSD.a,15m,1,0.18,2021-05-20 08:30:00,1877.1148306902696,2021-05-20 08:45:00,1873.8506562483124,1873.9179418526164,1882.654116294767,stop,1,-58.75513995523079,-4.32,-1.2111408774732781,0.0,-58.75513995523079,-75.83265353024107,-1.0210472142514204,1.2183190871061833,0.6209691392296169,break_up
XAUUSD.a,15m,1,0.15,2021-05-20 11:15:00,1875.9590480668905,2021-05-20 11:30:00,1871.9207422606087,1871.9946949252062,1882.8106101495873,stop,1,-60.574587094228036,-3.5999999999999996,-1.1092899689632538,0.0,-60.574587094228036,-78.24152298401968,-1.018654408917291,1.2155950528773953,0.10870674677747176,break_up
XAUUSD.a,15m,-1,0.15,2021-05-20 13:15:00,1865.5095981575769,2021-05-20 14:00:00,1869.7273153223996,1869.4125217102621,1857.8249565794756,stop,3,-63.26575747234074,-3.5999999999999996,-1.1219041820606568,0.0,-63.26575747234074,-81.55956874093172,-1.080655848849738,1.5758448146368809,0.0,break_dn
XAUUSD.a,15m,1,0.13,2021-05-20 17:15:00,1879.4691232178325,2021-05-20 21:15:00,1875.0762145702388,1875.1500435153162,1886.9999129693674,stop,16,-57.10781241871791,-3.12,-0.9597762860069139,0.0,-57.10781241871791,-73.4760784049997,-1.0170936750795205,1.0810458568551686,1.025884467838406,break_up
XAUUSD.a,15m,-1,0.16,2021-05-21 04:30:00,1872.285998885459,2021-05-21 07:15:00,1876.078426114366,1875.7924800655983,1865.3750398688032,stop,11,-60.67883566251112,-3.84,-0.7351367802828713,0.0,-60.67883566251112,-78.22865129375128,-1.0815478635354903,1.218886084074518,0.5606757271633545,break_dn
XAUUSD.a,15m,1,0.24,2021-05-21 12:15:00,1877.3296351024226,2021-05-21 15:15:00,1881.2565869137143,1874.9617065431428,1881.2565869137143,target,12,94.24684347100083,-5.76,-0.0,0.0,94.24684347100083,121.1617045110956,1.65839116889831,0.3588094324437607,3.5728970219230893,break_up
XAUUSD.a,15m,1,0.08,2021-05-21 15:30:00,1885.6819755369884,2021-05-21 16:45:00,1878.361523935579,1878.4467377084536,1899.366524583093,stop,5,-58.56361281127465,-1.92,-0.6817101829964531,0.0,-58.56361281127465,-75.48608286880288,-1.0117776049514913,1.421097105673239,0.5083487993312275,break_up
XAUUSD.a,15m,-1,0.09,2021-05-21 19:15:00,1871.1035328753,2021-05-21 20:30:00,1877.6917649694506,1877.362708026479,1858.7845839470424,stop,5,-59.29408884735449,-2.16,-0.8015124867455328,0.0,-59.29408884735449,-76.71538581122574,-1.0525719340047022,1.0443016798258093,0.16192754649296795,break_dn
XAUUSD.a,15m,1,0.19,2021-05-21 23:45:00,1880.8693482679837,2021-05-24 04:30:00,1885.8936596290184,1877.9381701854907,1885.8936596290184,target,15,95.46191585965994,-4.56,-0.0,-15.754800000000001,79.70711585965994,103.19809917482546,1.4312031691594445,0.3784649846454158,1.7367255037901432,break_up
XAUUSD.a,15m,1,0.24,2021-05-24 08:15:00,1885.7774590362692,2021-05-24 09:00:00,1883.304139198766,1883.3512533583962,1889.7674932832076,stop,3,-59.359676100075376,-5.76,-1.1307398311248913,0.0,-59.359676100075376,-76.73670234642283,-1.0194188646328861,1.4868727203011574,0.20300874250801024,break_up
XAUUSD.a,15m,-1,0.23,2021-05-25 02:15:00,1878.9822513056645,2021-05-25 04:15:00,1874.1775801444833,1881.4862099277584,1873.9375801444833,target,8,110.5074367071677,-5.52,-0.0,0.0,110.5074367071677,142.55345292462295,1.918830095188755,0.37850014212416705,2.488959382424923,break_dn
XAUUSD.a,15m,-1,0.1,2021-05-25 04:30:00,1873.5241226160622,2021-05-25 06:00:00,1879.3338525627466,1879.0399711789628,1862.5700576420743,stop,6,-58.09729946684456,-2.4,-0.5388138378382041,0.0,-58.09729946684456,-74.89274688277588,-1.053279451100324,1.1432288816540115,0.15484881543103116,break_dn
XAUUSD.a,15m,1,0.05,2021-05-25 17:15:00,1895.0652190693959,2021-05-26 18:30:00,1902.986183563957,1885.1455885709865,1914.0188228580269,signal,97,39.60482247280538,-1.2,-0.6381643604303223,-12.437999999999999,27.166822472805382,35.08565474984552,0.5477385972625035,0.6860355403850117,1.7787740111321277,break_up
XAUUSD.a,15m,-1,0.05,2021-05-26 20:45:00,1893.029110788275,2021-05-27 22:00:00,1898.0139272099352,1904.6103463847753,1869.9293072304492,signal,97,-24.92408210830149,-1.2,-0.4392720993517318,1.5115,-23.41258210830149,-30.238656405214645,-0.4043192440602155,0.9213947098140068,0.41956756235432857,break_dn
XAUUSD.a,15m,1,0.19,2021-05-27 22:45:00,1898.6597972595582,2021-05-28 04:00:00,1895.5651951106433,1895.6070806291864,1903.9258387416276,stop,17,-58.797440829382595,-4.56,-0.7958248523171245,-15.754800000000001,-74.5522408293826,-96.27097214538043,-1.2853476506389454,1.1562806794576819,0.03282412112701336,break_up
XAUUSD.a,15m,-1,0.33,2021-05-28 08:00:00,1892.925212710925,2021-05-28 09:15:00,1889.749524936598,1894.670237531701,1889.509524936598,target,5,104.79769655279483,-7.92,-0.0,0.0,104.79769655279483,135.68855238987342,1.8198524952297328,0.11162436588621828,2.065995089583766,break_dn
XAUUSD.a,15m,-1,0.24,2021-05-28 14:00:00,1892.8194549908062,2021-05-28 15:00:00,1888.340665676585,1895.2396671617073,1888.100665676585,target,4,107.49094354130648,-5.76,-0.0,0.0,107.49094354130648,139.94941026378646,1.8505771386785304,0.5456319181727883,4.36716049852397,break_dn
XAUUSD.a,15m,1,0.11,2021-05-28 17:15:00,1899.463513795087,2021-05-28 17:45:00,1894.1550834017378,1894.2510790499753,1909.2478419000495,stop,2,-58.39273432684149,-2.6399999999999997,-1.055952130611739,0.0,-58.39273432684149,-75.74323781256598,-1.0184166618733217,1.2860619121176742,0.031940199360621355,break_up
XAUUSD.a,15m,1,0.13,2021-05-28 20:00:00,1900.1827516992141,2021-05-31 04:15:00,1908.0230479844397,1895.8834760077802,1908.0230479844397,target,29,101.9238517079325,-3.12,-0.0,-10.7796,91.1442517079325,117.97845020766617,1.6307622000596254,0.07274520678852399,1.9741112014975986,break_up
XAUUSD.a,15m,1,0.22,2021-05-31 05:45:00,1909.5044967500173,2021-05-31 07:15:00,1906.8561995314906,1906.9021997559241,1913.8856004881518,stop,6,-58.2625388075885,-5.279999999999999,-1.0120049375394526,0.0,-58.2625388075885,-75.40221668144858,-1.0176767773001962,1.223725330831068,0.4286610069928927,break_up
XAUUSD.a,15m,1,0.28,2021-05-31 19:45:00,1906.505603774121,2021-06-01 04:15:00,1909.8183656274712,1904.4508171862644,1909.8183656274712,target,14,92.75733189380391,-6.720000000000001,-0.0,-23.217600000000004,69.5397318938039,89.5726565257988,1.2086714347988854,0.508862467908012,1.6908793576968137,break_up
XAUUSD.a,15m,1,0.22,2021-06-01 04:30:00,1909.9796554735194,2021-06-01 05:00:00,1914.4089295368963,1907.360535231552,1914.4089295368963,target,2,97.44402939429074,-5.279999999999999,-0.0,0.0,97.44402939429074,125.52690961288548,1.6911304767167021,0.1564095710289894,1.7029934155027608,break_up
XAUUSD.a,15m,-1,0.18,2021-06-01 13:45:00,1904.686175169549,2021-06-01 14:15:00,1908.1874758290926,1907.8823345305245,1898.425330938951,stop,2,-63.023411871785356,-4.32,-1.1725433742263784,0.0,-63.023411871785356,-81.43927516480204,-1.0954712403560882,1.014913358219092,0.07389342735301735,break_dn
XAUUSD.a,15m,-1,0.14,2021-06-01 17:00:00,1903.6611249180323,2021-06-01 17:00:00,1908.2583634556922,1907.9150508327407,1895.3598983345187,stop,0,-64.36133952723867,-3.3600000000000003,-1.446376721320593,0.0,-64.36133952723867,-82.9259782861617,-1.0807048899851561,1.2809050254325205,1.5353170339544988,break_dn
XAUUSD.a,15m,-1,0.07,2021-06-01 17:15:00,1899.7295731381728,2021-06-02 16:30:00,1907.9142674291575,1907.5997717974976,1884.2004564050046,stop,89,-57.29286003689277,-1.6800000000000002,-0.5214694216190144,6.348300000000001,-50.94456003689277,-65.80369164790655,-0.9247281556688198,1.1512322946374578,0.9338484905288488,break_dn
XAUUSD.a,15m,1,0.23,2021-06-02 23:00:00,1909.248116444119,2021-06-03 04:00:00,1906.7108718342731,1906.7435347541,1913.1829304918003,stop,16,-58.356626026454705,-5.52,-0.751247156016461,-19.0716,-77.42822602645471,-100.0002919182398,-1.344114517510637,1.0493235076309908,0.1524739869348144,break_up
XAUUSD.a,15m,-1,0.31,2021-06-03 08:00:00,1903.596897582258,2021-06-03 09:00:00,1900.308116369161,1905.4709418154196,1900.068116369161,target,4,101.95221760600248,-7.4399999999999995,-0.0,0.0,101.95221760600248,132.0248343813971,1.7549111994803375,0.26312208058722064,3.1199357404675157,break_dn
XAUUSD.a,15m,-1,0.29,2021-06-04 03:00:00,1870.8456168260052,2021-06-04 04:45:00,1867.183094082629,1872.8634529586857,1866.943094082629,target,7,106.21315955791145,-6.959999999999999,-0.0,0.0,106.21315955791145,138.7373585144552,1.8150744176193216,0.5869570649532597,7.580207618587245,break_dn
XAUUSD.a,15m,-1,0.05,2021-06-04 05:00:00,1859.7984333594363,2021-06-04 06:30:00,1870.7668826016604,1870.4560883380354,1838.3378233239291,stop,6,-54.84224621112048,-1.2,-0.3539713181247775,0.0,-54.84224621112048,-71.60309981606497,-1.029161599268232,1.0388370296088205,0.03456983362438474,break_dn
XAUUSD.a,15m,1,0.24,2021-06-04 23:45:00,1891.8965303649952,2021-06-07 01:15:00,1889.4546812551635,1889.4940059874405,1896.0519880251193,stop,2,-58.60437863596235,-5.76,-0.9437935746455446,-19.9008,-78.50517863596235,-101.45016170988764,-1.3615050654183072,1.0308034283155574,0.005606450919168709,break_up
XAUUSD.a,15m,-1,0.28,2021-06-07 09:00:00,1883.5274454004975,2021-06-07 11:45:00,1885.9400691647168,1885.6439522595344,1879.0920954809312,stop,11,-67.55346539813854,-6.720000000000001,-1.5712733451031569,0.0,-67.55346539813854,-87.15451606004198,-1.1399083135109986,1.3808387093214431,0.9720948418913734,break_dn
XAUUSD.a,15m,1,0.12,2021-06-07 16:15:00,1889.9008689866782,2021-06-07 21:00:00,1898.7141975152026,1885.0729012423985,1898.7141975152026,target,19,105.75994234229256,-2.88,-0.0,0.0,105.75994234229256,136.30263731092452,1.8254737801358825,0.7354790203156353,1.8743147205246862,break_up
XAUUSD.a,15m,1,0.35,2021-06-08 03:45:00,1900.0725826369878,2021-06-08 04:00:00,1902.6501435150924,1898.3749282424537,1902.6501435150924,target,1,90.21463073366021,-8.4,-0.0,0.0,90.21463073366021,116.38645225144197,1.5183071927970249,0.3019357995586311,1.7243894708119338,break_up
XAUUSD.a,15m,1,0.32,2021-06-08 04:15:00,1902.78427482475,2021-06-08 04:30:00,1900.9061633029423,1900.9458246659867,1905.6683506680265,stop,1,-60.09956869784219,-7.68,-1.2691636174211267,0.0,-60.09956869784219,-77.53482473629222,-1.0215732598761722,1.7320430524438128,0.2859610703853551,break_up
XAUUSD.a,15m,1,0.23,2021-06-08 10:15:00,1896.7452972423116,2021-06-08 10:15:00,1894.1061257043766,1894.1590715678437,1901.1218568643126,stop,0,-60.700945372504975,-5.52,-1.217754859745882,0.0,-60.700945372504975,-78.38347306014252,-1.020472251895815,1.3128387347752632,0.0,break_up
XAUUSD.a,15m,-1,0.12,2021-06-08 17:00:00,1887.6931770909305,2021-06-08 17:00:00,1892.9303140827265,1892.5750797191224,1878.189840561755,stop,0,-62.84564390155174,-2.88,-1.3828123632494809,0.0,-62.84564390155174,-81.13617090973281,-1.072765556927055,1.763005853366867,0.15427941691851568,break_dn
XAUUSD.a,15m,-1,0.21,2021-06-08 23:45:00,1892.881540287521,2021-06-09 04:00:00,1895.8622484166904,1895.5829006020215,1887.4141987959567,stop,13,-62.594870712558304,-5.04,-0.8263041080467781,19.0449,-43.549970712558306,-56.25593653933178,-0.7676903070047718,1.1581053055698987,0.7224287249076823,break_dn
XAUUSD.a,15m,1,0.29,2021-06-09 04:15:00,1895.697229599557,2021-06-09 04:30:00,1893.6455913658517,1893.6864111652346,1898.917177669531,stop,1,-59.49750877745259,-6.959999999999999,-1.1837741821033125,0.0,-59.49750877745259,-76.85626472918669,-1.0203000920849787,1.2170316114998734,0.06602804021323527,break_up
XAUUSD.a,15m,1,0.27,2021-06-09 06:15:00,1896.2200822450454,2021-06-09 06:15:00,1894.0053431579665,1894.0504665255344,1899.7790669489314,stop,0,-59.79795535113022,-6.4799999999999995,-1.2183309243334248,0.0,-59.79795535113022,-77.30128540549688,-1.0207978616499003,1.1016154720634732,0.027616759233309404,break_up
XAUUSD.a,15m,-1,0.31,2021-06-09 09:30:00,1891.7707411306753,2021-06-09 11:00:00,1893.9293599639348,1893.6406464144704,1887.998707171059,stop,6,-66.91718383104217,-7.4399999999999995,-1.5101200333946005,0.0,-66.91718383104217,-86.37596012887516,-1.1544000928637168,1.015697899665837,1.1929701199345892,break_dn
XAUUSD.a,15m,1,0.16,2021-06-09 16:45:00,1898.3818393679805,2021-06-09 16:45:00,1894.8182167274176,1894.8959757793884,1904.4780484412229,stop,0,-57.017962249006814,-3.84,-1.2441448315336228,0.0,-57.017962249006814,-73.54594173514623,-1.0223069692759323,1.4234175382590024,0.013815982982560803,break_up
XAUUSD.a,15m,-1,0.17,2021-06-09 22:30:00,1889.4092772321294,2021-06-10 08:30:00,1882.9801121780417,1892.7899439109792,1882.7401121780417,target,36,109.29580591949026,-4.08,-0.0,5.1391,114.43490591949026,147.92325062950357,1.9911649664254565,0.1421976235865569,2.0467197418242615,break_dn
XAUUSD.a,15m,-1,0.21,2021-06-10 10:30:00,1881.317665641407,2021-06-10 15:00:00,1876.1592553094338,1884.080372345283,1875.9192553094338,target,18,108.32661697143931,-5.04,-0.0,0.0,108.32661697143931,139.77808355132237,1.8671581477456136,0.920233173874773,3.227872733973569,break_dn
XAUUSD.a,15m,1,0.13,2021-06-10 20:15:00,1894.6983999036333,2021-06-11 10:15:00,1902.5718435003826,1890.2990782498089,1902.5718435003826,target,52,102.35476675773975,-3.12,-0.0,-10.7796,91.57516675773975,117.90136184385388,1.6012113118906464,0.454251828096276,1.8733797491715618,break_up
XAUUSD.a,15m,-1,0.08,2021-06-14 01:15:00,1877.4376204571151,2021-06-14 04:30:00,1864.4037154598448,1884.1681422700776,1864.1637154598448,target,13,104.27123997816307,-1.92,-0.0,0.0,104.27123997816307,135.3996104118466,1.9365370708951664,0.004810851786041607,2.003948702928049,break_dn
XAUUSD.a,15m,-1,0.2,2021-06-14 07:15:00,1861.5879724906008,2021-06-14 07:45:00,1864.7910492304782,1864.4877947731684,1855.884410453663,stop,2,-64.06153479754721,-4.8,-1.265089146195511,0.0,-64.06153479754721,-83.06841997114486,-1.1045769111896286,1.3869910351326356,0.08206450858436348,break_dn
XAUUSD.a,15m,-1,0.14,2021-06-14 10:15:00,1859.569059341678,2021-06-14 15:00:00,1851.850728249092,1863.6396358754541,1851.610728249092,target,19,108.0566352962028,-3.3600000000000003,-0.0,0.0,108.0566352962028,139.99512255616665,1.8961272509046418,0.4620821258892215,2.296740833663954,break_dn
XAUUSD.a,15m,-1,0.15,2021-06-14 20:00:00,1864.1051853275242,2021-06-15 09:00:00,1868.3601754012539,1868.0664985584137,1856.3470028831728,stop,48,-63.8248511059453,-3.5999999999999996,-0.8051526426003094,4.5344999999999995,-59.2903511059453,-76.96746992320863,-0.9978231569539504,1.0589454627736614,1.372066537213353,break_dn
XAUUSD.a,15m,1,0.18,2021-06-15 09:15:00,1867.4782856646152,2021-06-15 11:00:00,1864.2762489122442,1864.3333011793375,1872.9333976413252,stop,7,-57.63666154267776,-4.32,-1.0269408076795628,0.0,-57.63666154267776,-74.93260555744787,-1.0181407149575181,1.140954965410018,0.5315493107233059,break_up
XAUUSD.a,15m,-1,0.12,2021-06-15 17:30:00,1859.222674299283,2021-06-16 18:45:00,1859.204719128989,1863.8198864488625,1849.9902271022752,signal,97,0.21546204352853238,-2.88,-1.073259095733911,10.8828,11.098262043528532,14.392766234636923,0.20117739625712971,0.5105976457779257,1.6668089376697428,break_dn
XAUUSD.a,15m,1,0.22,2021-06-16 21:00:00,1861.102893389043,2021-06-16 21:00:00,1858.3992499105507,1858.508589994115,1868.23282001177,stop,0,-59.48015652682989,-5.279999999999999,-2.4054818384156107,0.0,-59.48015652682989,-78.12458990849134,-1.042146220745853,8.550616490119193,0.0,break_up
XAUUSD.a,15m,-1,0.07,2021-06-16 23:00:00,1827.9471496522922,2021-06-16 23:30:00,1813.8085950331676,1835.395702483416,1813.5685950331676,target,2,98.96988233387175,-1.6800000000000002,-0.0,0.0,98.96988233387175,130.07633774133447,1.898161285779766,0.350786308018109,3.283476697661026,break_dn
XAUUSD.a,15m,-1,0.11,2021-06-17 07:00:00,1822.1864771105115,2021-06-17 09:30:00,1811.9542016448256,1827.5178991775872,1811.7142016448256,target,10,112.55503012254508,-2.6399999999999997,-0.0,0.0,112.55503012254508,147.69644536925094,1.9192394331102764,0.013790483770268546,2.3326754014305715,break_dn
XAUUSD.a,15m,-1,0.11,2021-06-17 13:30:00,1800.7788790442182,2021-06-17 14:45:00,1791.0172469455827,1805.8563765272086,1790.7772469455826,target,5,107.3779530849913,-2.6399999999999997,-0.0,0.0,107.3779530849913,141.94795902624236,1.922528200424939,0.1577787007212629,2.9756546595705924,break_dn
XAUUSD.a,15m,-1,0.14,2021-06-18 08:15:00,1782.879386867704,2021-06-18 10:15:00,1787.3413228173858,1787.034051605239,1774.871896789522,stop,8,-62.46710329554663,-3.3600000000000003,-0.9417969700551053,0.0,-62.46710329554663,-82.8509135582936,-1.0739581245559457,1.1169645267332113,0.17796547120250003,break_dn
XAUUSD.a,15m,-1,0.11,2021-06-18 20:30:00,1768.883489335175,2021-06-18 20:45:00,1774.462429162303,1774.1084893077252,1758.8130213845495,stop,1,-61.368338098406866,-2.6399999999999997,-1.2533384003551777,0.0,-61.368338098406866,-81.78301407074663,-1.0677396854425099,1.00985850575033,0.08296446649804984,break_dn
XAUUSD.a,15m,-1,0.06,2021-06-18 23:00:00,1761.777668482418,2021-06-21 03:00:00,1770.5600207521766,1770.2389820195935,1745.1620359608132,stop,12,-52.694113618551455,-1.44,-0.4862323954976875,1.8137999999999999,-50.880313618551455,-67.77625663512069,-1.0022146363564817,1.1112141721580302,0.1013635150913243,break_dn
XAUUSD.a,15m,1,0.06,2021-06-21 11:15:00,1784.4323415321471,2021-06-21 15:15:00,1775.8315578281208,1775.9152883536992,1800.9794232926015,stop,16,-51.60470222415779,-1.44,-0.5023831534707177,0.0,-51.60470222415779,-68.71648009821538,-1.0098309267095198,1.197872235665238,0.16410117896052742,break_up
XAUUSD.a,15m,1,0.09,2021-06-21 17:30:00,1782.0606227869564,2021-06-22 15:30:00,1776.1138936121852,1776.1977144566572,1792.7945710866857,stop,84,-53.52056257294112,-2.16,-0.7543876002474568,-7.4628,-60.98336257294112,-81.25048306989596,-1.1557283165683463,1.6648090396559767,1.3661099170954951,break_up
XAUUSD.a,15m,-1,0.17,2021-06-22 22:45:00,1777.557344750438,2021-06-23 04:00:00,1781.068293893074,1780.7825134379436,1771.2349731241125,stop,17,-59.686135424812626,-4.08,-0.7782677372181848,15.417300000000001,-44.26883542481262,-58.70108391653091,-0.8074148656856855,1.1821568478982794,0.755726284916643,break_dn
XAUUSD.a,15m,1,0.23,2021-06-23 05:45:00,1781.5725775031538,2021-06-23 08:30:00,1779.08618032906,1779.1331569640288,1785.6036860719423,stop,11,-57.18713500415697,-5.52,-1.0804626042830017,0.0,-57.18713500415697,-75.81082138579019,-1.0192572925477068,1.6571876141552344,0.9581875938802972,break_up
XAUUSD.a,15m,1,0.16,2021-06-23 10:45:00,1783.5402475275573,2021-06-23 15:30:00,1779.9600387642213,1780.0304168641946,1789.6591662716107,stop,19,-57.283340213376505,-3.84,-1.1260495995725608,0.0,-57.283340213376505,-75.59961491497718,-1.0200517081088867,1.0229118928824783,0.9771845998851614,break_up
XAUUSD.a,15m,-1,0.13,2021-06-23 22:00:00,1778.76355309176,2021-06-24 13:30:00,1783.3681337708874,1783.0730842039363,1770.2838315921272,stop,58,-59.85954882865576,-3.12,-0.7156443703631775,3.9299000000000004,-55.92964882865576,-73.77900303224736,-0.9983175819224458,1.0735383474012625,1.36060117426532,break_dn
XAUUSD.a,15m,-1,0.18,2021-06-24 20:45:00,1774.9454710853956,2021-06-25 04:30:00,1778.3332612015352,1778.0499858226706,1768.9300283546588,stop,27,-60.98022209051123,-4.32,-0.7789568195609163,5.4414,-55.53882209051123,-73.18235639339478,-0.9938719501289511,1.2995682919984402,0.4333917533845396,break_dn
XAUUSD.a,15m,1,0.14,2021-06-25 10:30:00,1783.6227806244672,2021-06-25 18:00:00,1779.489779289961,1779.5680671074374,1790.883865785125,stop,30,-57.86201868308627,-3.3600000000000003,-1.0960294446687597,0.0,-57.86201868308627,-76.18535949530114,-1.019307854216478,1.0019895628639541,1.6541783648493253,break_up
XAUUSD.a,15m,-1,0.08,2021-06-28 01:15:00,1780.932078703218,2021-06-29 02:30:00,1777.1624574906984,1787.21260602582,1768.4547879483603,signal,97,30.15696970015597,-1.92,-0.3593198511723984,2.4184,32.57536970015597,43.04242712951027,0.648340657298904,0.7623438368863718,1.6435051028393053,break_dn
XAUUSD.a,15m,-1,0.24,2021-06-29 03:30:00,1776.0767086372387,2021-06-29 08:30:00,1778.6918204636427,1778.4127363007963,1771.4445273984072,stop,20,-62.76268383369643,-5.76,-0.9380199083133178,0.0,-62.76268383369643,-82.97332676779624,-1.1194695453312293,1.234271069534477,0.9788876531351446,break_dn
XAUUSD.a,15m,-1,0.22,2021-06-29 10:45:00,1773.4769707464009,2021-06-29 11:00:00,1768.833946444983,1775.9530267775085,1768.593946444983,target,1,102.14653463119339,-5.279999999999999,-0.0,0.0,102.14653463119339,135.66357828139476,1.875169318903037,0.4495169897674514,2.1998576276015167,break_dn
XAUUSD.a,15m,-1,0.11,2021-06-29 11:15:00,1769.7611686537844,2021-06-29 15:15:00,1775.1320077480548,1774.8046966785946,1759.7906066428106,stop,16,-59.07923003697465,-2.6399999999999997,-0.9604217640621825,0.0,-59.07923003697465,-78.63705098826638,-1.0648972441215847,1.2231182846352457,1.0828072386868224,break_dn
XAUUSD.a,15m,-1,0.04,2021-06-29 15:45:00,1757.6929405757185,2021-06-30 17:00:00,1760.5281725704824,1769.8933039356727,1733.8233921286542,signal,97,-11.340927979055778,-0.96,-0.4653805638597704,3.6276,-7.713327979055777,-10.272657990911458,-0.15805529211477276,0.6677718674365762,0.5830105518877918,break_dn
XAUUSD.a,15m,1,0.08,2021-06-30 18:00:00,1765.879094429028,2021-07-01 09:00:00,1778.4694000491986,1759.2402999754008,1778.4694000491986,target,56,100.72244496136409,-1.92,-0.0,-6.6336,94.08884496136409,125.69816167870906,1.7715724899035756,0.30413570462706796,1.9492854706325862,break_up
XAUUSD.a,15m,1,0.18,2021-07-01 09:15:00,1778.0235172549246,2021-07-01 10:45:00,1774.9805944734087,1775.0358004484233,1783.1783991031534,stop,6,-54.77261006728668,-4.32,-0.9937075502642122,0.0,-54.77261006728668,-73.0847166781686,-1.0184776465073455,1.115740704631297,0.34356761753378956,break_up
XAUUSD.a,15m,1,0.14,2021-07-01 16:30:00,1780.774755390315,2021-07-01 17:00:00,1776.68441847296,1776.7758286333928,1787.8883427332144,stop,2,-57.264716842969854,-3.3600000000000003,-1.279742246059335,0.0,-57.264716842969854,-76.56427318461601,-1.0228586733364355,1.296536722344377,0.5189503924003165,break_up
XAUUSD.a,15m,1,0.28,2021-07-02 03:30:00,1776.486364757341,2021-07-02 04:30:00,1779.5234603539811,1774.5532698230095,1779.5234603539811,target,4,85.03867670592082,-6.720000000000001,-0.0,0.0,85.03867670592082,113.95772979633736,1.571105248222133,0.15848407230293168,1.6882953778921959,break_up
XAUUSD.a,15m,1,0.11,2021-07-02 15:45:00,1789.033949649296,2021-07-02 16:45:00,1783.9618946104536,1784.0934689414696,1798.0030621170608,stop,4,-55.7926054272657,-2.6399999999999997,-1.4473176411765285,0.0,-55.7926054272657,-74.47852174882954,-1.0266318884329668,1.8062917713977595,1.2177054635946571,break_up
XAUUSD.a,15m,1,0.12,2021-07-02 19:45:00,1781.8914888610122,2021-07-02 21:00:00,1790.3217063996055,1777.3291468001973,1790.3217063996055,target,5,101.16261046311956,-2.88,-0.0,0.0,101.16261046311956,134.34966461674887,1.847782876912903,0.08800060487804112,1.9833039737865716,break_up
XAUUSD.a,15m,1,0.02,2021-07-05 01:15:00,1787.6190338387644,2021-07-06 06:45:00,1797.2797825963573,1759.3286674231724,1843.0326651536552,signal,97,19.32149751518591,-0.48,-0.12086961457044312,-1.6584,17.66309751518591,23.339804851060958,0.31217512802257424,0.11237160353682207,0.43198331126952355,break_up
XAUUSD.a,15m,1,0.16,2021-07-06 08:00:00,1801.0022274893845,2021-07-06 10:30:00,1807.0419583075607,1797.5590208462197,1807.0419583075607,target,10,96.63569309081868,-3.84,-0.0,0.0,96.63569309081868,127.48772175569746,1.7541005940395187,0.2765525244541557,1.982969138424919,break_up
XAUUSD.a,15m,1,0.22,2021-07-06 10:45:00,1807.784835671944,2021-07-06 11:00:00,1805.1461246860817,1805.2023172291465,1812.125365541707,stop,1,-58.051641688968175,-5.279999999999999,-1.2362359474231934,0.0,-58.051641688968175,-76.5923524454345,-1.0217588157875397,1.376499626501505,0.5208730771343735,break_up
XAUUSD.a,15m,-1,0.17,2021-07-07 01:30:00,1795.3754846836505,2021-07-07 04:15:00,1798.917018456656,1798.6226819300823,1788.9846361398356,stop,11,-60.206074141094184,-4.08,-0.9237209517541634,0.0,-60.206074141094184,-80.35297575119007,-1.0906432545473321,2.046230891471348,0.4667054597055572,break_dn
XAUUSD.a,15m,1,0.14,2021-07-07 09:45:00,1804.3461719740133,2021-07-07 17:30:00,1800.2511846879147,1800.3434471535293,1811.5231056929413,stop,31,-57.32982200537982,-3.3600000000000003,-1.2916745186041767,0.0,-57.32982200537982,-76.67387356780011,-1.0230499146837206,1.8427876771007556,1.3575322485770283,break_up
XAUUSD.a,15m,-1,0.2,2021-07-08 04:45:00,1800.4684607772233,2021-07-08 10:15:00,1803.4374677353685,1803.133342764904,1795.233314470192,stop,22,-59.380139162904015,-4.8,-1.2824994092901587,0.0,-59.380139162904015,-79.81845197583678,-1.1141232414307343,2.3796698135574146,1.582982209615484,break_dn
XAUUSD.a,15m,1,0.13,2021-07-08 12:00:00,1813.7149708797388,2021-07-08 12:30:00,1809.4702788755826,1809.5525590695302,1821.15488186094,stop,2,-55.18099605402995,-3.12,-1.069642521319596,0.0,-55.18099605402995,-74.18894587723679,-1.0197674323683583,1.0750908568834012,0.12373334108800023,break_up
XAUUSD.a,15m,1,0.07,2021-07-08 14:00:00,1817.6647330944843,2021-07-08 16:30:00,1809.94055158527,1810.046413395787,1832.047173208426,stop,10,-54.06927056450014,-1.6800000000000002,-0.7410326736204623,0.0,-54.06927056450014,-72.66691381792054,-1.0138956902183076,1.2449901644461348,0.08863724971152183,break_up
XAUUSD.a,15m,-1,0.13,2021-07-09 09:30:00,1798.131022742512,2021-07-09 10:00:00,1802.4512692035057,1802.1438889240503,1790.2522221518996,stop,2,-56.16320399291885,-3.12,-0.8759436329199205,0.0,-56.16320399291885,-75.4912214107005,-1.0765986867116424,1.1360900292320197,0.3715605442741842,break_dn
XAUUSD.a,15m,-1,0.1,2021-07-09 14:30:00,1798.7649508920008,2021-07-09 16:00:00,1804.258094717572,1803.9371239148827,1788.6157521702344,stop,6,-54.93143825571224,-2.4,-0.8097080268929171,0.0,-54.93143825571224,-73.51244346623874,-1.0620572438836304,1.023757148992045,0.1053620769432664,break_dn
XAUUSD.a,15m,1,0.11,2021-07-09 17:15:00,1808.2290028481968,2021-07-12 06:15:00,1803.2935743947803,1803.3397802552354,1817.1104394895294,stop,48,-54.28971298758188,-2.6399999999999997,-0.5082644650062774,-9.1212,-63.41091298758188,-84.87266337529196,-1.179048068237947,1.2065318639182308,0.8449190179539083,break_up
XAUUSD.a,15m,-1,0.21,2021-07-12 08:30:00,1800.8224589149586,2021-07-12 10:30:00,1803.6775563032604,1803.383352542955,1795.7532949140898,stop,8,-59.9570451543384,-5.04,-1.1382789664119355,0.0,-59.9570451543384,-80.27237877461897,-1.1148832411815623,1.5922336798626477,0.7506984647631,break_dn
XAUUSD.a,15m,-1,0.13,2021-07-12 13:15:00,1799.771356335273,2021-07-12 15:45:00,1804.1736454525862,1803.869242906574,1791.6915141868517,stop,10,-57.229758525073294,-3.12,-0.837233098159161,0.0,-57.229758525073294,-76.67540900209447,-1.0742828140105196,1.041669550988004,0.37613445576251836,break_dn
XAUUSD.a,15m,-1,0.06,2021-07-12 17:00:00,1792.2204736267918,2021-07-12 17:30:00,1801.0602996062823,1800.7201994246075,1775.339601150785,stop,2,-53.03895587694342,-1.44,-0.6006010900496707,0.0,-53.03895587694342,-70.80546253663617,-1.0400130768644644,1.8000023456215442,0.07888179486497311,break_dn
XAUUSD.a,15m,1,0.17,2021-07-12 22:15:00,1806.918612027825,2021-07-13 05:30:00,1812.2997568426752,1803.8101215786626,1812.2997568426752,target,25,91.47946185245223,-4.08,-0.0,-14.096400000000001,77.38306185245223,103.17191330122691,1.4643586297897782,0.59469767015793,1.8823889176663113,break_up
XAUUSD.a,15m,1,0.14,2021-07-13 15:15:00,1812.2473482446728,2021-07-13 15:30:00,1808.5726363856163,1808.6544214406963,1818.6011571186075,stop,1,-51.44596602679122,-3.3600000000000003,-1.1449907711192178,0.0,-51.44596602679122,-69.23341501156163,-1.0227627946635243,2.476351100396936,1.389577920096089,break_up
XAUUSD.a,15m,-1,0.23,2021-07-14 02:15:00,1806.9993035825491,2021-07-14 04:00:00,1809.5661459935848,1809.2801189438228,1802.5597621123543,stop,7,-59.03737545381932,-5.52,-1.0586221445243111,0.0,-59.03737545381932,-79.21609007986277,-1.1254056135443802,1.0481762171734677,1.1133314978776325,break_dn
XAUUSD.a,15m,1,0.21,2021-07-14 13:15:00,1814.7126828459075,2021-07-14 15:00:00,1818.8416313962236,1812.2541843018882,1818.8416313962236,target,7,86.70791955663981,-5.04,-0.0,0.0,86.70791955663981,115.8670117281447,1.679459424680424,0.22887255608762147,4.940949500923301,break_up
XAUUSD.a,15m,1,0.04,2021-07-14 15:15:00,1827.0563389671408,2021-07-15 16:30:00,1825.948139030065,1815.7426270440665,1848.824745911867,signal,97,-4.432799748303296,-0.96,-0.4148877594797136,-3.3168,-7.749599748303297,-10.412629826406848,-0.17124352734529913,0.6714276462747857,0.6269967877113508,break_up
XAUUSD.a,15m,-1,0.12,2021-07-15 17:15:00,1821.7650919274975,2021-07-15 19:00:00,1826.3567611194724,1826.0422865250684,1813.375426949863,stop,7,-55.100030303698986,-2.88,-0.893695132847419,0.0,-55.100030303698986,-74.21579179680103,-1.0735235648577943,1.00647935797619,0.3565636055847298,break_dn
XAUUSD.a,15m,1,0.19,2021-07-16 02:15:00,1831.236790374495,2021-07-16 04:15:00,1828.4200397121172,1828.4614815071238,1836.2870369857521,stop,8,-53.51826258518008,-4.56,-0.7873941051253668,0.0,-53.51826258518008,-72.17178113814505,-1.0149323181624574,1.2707740086009252,0.26779348210310355,break_up
XAUUSD.a,15m,-1,0.28,2021-07-16 07:45:00,1826.1677263630133,2021-07-16 10:30:00,1822.7880675201352,1828.0109662399325,1822.5480675201352,target,11,94.63044760058803,-6.720000000000001,-0.0,0.0,94.63044760058803,127.39351067632539,1.8335426035416655,0.6142844733150705,2.857862630347343,break_dn
XAUUSD.a,15m,-1,0.18,2021-07-16 10:45:00,1822.758384517264,2021-07-16 14:00:00,1817.3561708247232,1825.6269145876383,1817.1161708247232,target,13,97.23984646573308,-4.32,-0.0,0.0,97.23984646573308,131.10578067081002,1.8832689774925904,0.6768677458844572,2.12944761512178,break_dn
XAUUSD.a,15m,-1,0.16,2021-07-16 22:30:00,1810.4440357999113,2021-07-19 02:30:00,1814.0087464375815,1813.7188840635376,1803.9422318729248,stop,12,-57.03537020272415,-3.84,-0.7977979847032051,4.8368,-52.198570202724156,-70.65222479761259,-0.9962020756520947,1.1255374000159686,0.11726827290802694,break_dn
XAUUSD.a,15m,-1,0.21,2021-07-19 08:45:00,1810.7780850028234,2021-07-19 09:15:00,1806.2291136644,1813.2204431677999,1805.9891136644,target,2,95.52839810689079,-5.04,-0.0,0.0,95.52839810689079,129.4580614260422,1.8625324506683285,0.6395110346936111,2.554123753132521,break_dn
XAUUSD.a,15m,-1,0.17,2021-07-19 09:45:00,1804.7025929811964,2021-07-19 15:00:00,1798.8423353631988,1807.8088323184006,1798.6023353631988,target,21,99.62437950595928,-4.08,-0.0,0.0,99.62437950595928,135.57657590424768,1.8866085262033145,0.9037961064939726,2.5891736302699373,break_dn
XAUUSD.a,15m,1,0.21,2021-07-20 03:15:00,1813.806234393287,2021-07-20 04:30:00,1817.9151335938477,1811.352433203076,1817.9151335938477,target,5,86.2868832117747,-5.04,-0.0,0.0,86.2868832117747,117.46424244027158,1.6745037116097843,0.418222306428512,1.753917808778527,break_up
XAUUSD.a,15m,1,0.09,2021-07-20 15:45:00,1822.6278580783878,2021-07-20 17:30:00,1816.6118400593432,1816.7064814933985,1833.6070370132027,stop,7,-54.144162171401604,-2.16,-0.8517729064987324,0.0,-54.144162171401604,-73.9805732867881,-1.0159830121757945,1.9721525747899924,0.39722890241010766,break_up
XAUUSD.a,15m,-1,0.3,2021-07-21 03:15:00,1808.4154023777642,2021-07-21 04:30:00,1805.4340650854729,1810.1679674572636,1805.1940650854729,target,5,89.44011876873901,-7.199999999999999,-0.0,0.0,89.44011876873901,122.17760913699749,1.7011278651876942,0.5560978212086257,1.8575072708249842,break_dn
XAUUSD.a,15m,-1,0.21,2021-07-21 04:45:00,1805.1302063816167,2021-07-21 05:30:00,1807.9888566508084,1807.7021762683805,1800.0756474632392,stop,3,-60.03165565302538,-5.04,-0.9802880309840273,0.0,-60.03165565302538,-82.19010905397779,-1.1114633510692549,1.2285500054431333,8.024262558347303e-05,break_dn
XAUUSD.a,15m,-1,0.15,2021-07-21 11:15:00,1804.4790665056562,2021-07-21 12:00:00,1808.2365469244783,1807.9332665561803,1797.6934668876393,stop,3,-56.362206282331044,-3.5999999999999996,-0.9492055244694695,0.0,-56.362206282331044,-77.06809003094504,-1.0878004643222383,1.2885569536334394,0.3529229598242917,break_dn
XAUUSD.a,15m,-1,0.14,2021-07-21 13:45:00,1802.218060914916,2021-07-21 15:45:00,1795.376981904089,1805.8215090479555,1795.136981904089,target,8,95.77510615157645,-3.3600000000000003,-0.0,0.0,95.77510615157645,130.85103444486768,1.8984813318393123,0.2752749723214185,2.097452394448762,break_dn
XAUUSD.a,15m,-1,0.22,2021-07-21 23:45:00,1803.4611665004877,2021-07-22 05:45:00,1798.9746197849727,1805.8676901075137,1798.7346197849727,target,20,98.70402774133072,-5.279999999999999,-0.0,6.6506,105.35462774133072,143.34157980561739,1.9899437934179156,0.16157477050172375,1.9825970069680499,break_dn
XAUUSD.a,15m,-1,0.2,2021-07-22 06:00:00,1798.7266404275053,2021-07-22 09:30:00,1801.714075272456,1801.4315434140497,1793.4469131719006,stop,14,-59.74869689901425,-4.8,-0.8506371681289,0.0,-59.74869689901425,-81.08774889937332,-1.1044517529138276,1.3765224080186083,0.5496095183083127,break_dn
XAUUSD.a,15m,-1,0.19,2021-07-22 15:15:00,1794.6870512439805,2021-07-22 15:15:00,1797.853544184659,1797.5491210506295,1789.091757898741,stop,0,-60.163365872893564,-4.56,-1.2240395465594582,0.0,-60.163365872893564,-81.49015410325694,-1.1063646782207488,1.3916322889003436,0.21909012929167138,break_dn
XAUUSD.a,15m,1,0.11,2021-07-22 18:30:00,1807.757933502651,2021-07-23 06:30:00,1802.8676363057095,1802.9045367731437,1816.4809264537128,stop,44,-53.79326916635591,-2.6399999999999997,-0.40590514177478965,-9.1212,-62.914469166355914,-85.2938764761746,-1.178452435624835,1.087472093629321,0.16525879544786123,break_up
XAUUSD.a,15m,1,0.17,2021-07-23 11:00:00,1809.6045982679248,2021-07-23 11:15:00,1806.3775738462875,1806.4339500051826,1814.8820999896348,stop,1,-54.85941516783283,-4.08,-0.9583947012175567,0.0,-54.85941516783283,-74.43005341197843,-1.0177806411255264,1.5468755476783704,0.03955081790334174,break_up
XAUUSD.a,15m,-1,0.11,2021-07-23 13:15:00,1798.288776597227,2021-07-23 15:30:00,1803.44572898671,1803.121394459436,1788.7172110811277,stop,9,-56.72647628431264,-2.6399999999999997,-0.9276798000134884,0.0,-56.72647628431264,-76.8151829221003,-1.0671136300286224,1.047304700491957,1.7875977045034226,break_dn
XAUUSD.a,15m,-1,0.15,2021-07-23 21:45:00,1801.5498846884561,2021-07-26 04:15:00,1805.317096542679,1805.032083209003,1794.7058335819936,stop,22,-56.50817781334467,-3.5999999999999996,-0.6752000051411559,4.5344999999999995,-51.97367781334467,-70.6874817253008,-0.9950357033862471,1.0195039974303834,0.9131830565354385,break_dn
XAUUSD.a,15m,1,0.18,2021-07-26 08:45:00,1808.8271139683002,2021-07-26 09:15:00,1805.9371401205185,1805.982527829519,1813.7149443409617,stop,2,-52.01952926007016,-4.32,-0.816978762009879,0.0,-52.01952926007016,-70.8626043946521,-1.0159558216155928,1.528206127785921,0.1521789148158123,break_up
XAUUSD.a,15m,-1,0.18,2021-07-26 21:15:00,1797.1842641012292,2021-07-27 10:30:00,1800.280095999366,1799.9906345491954,1791.6487309016093,stop,49,-55.72497416646229,-4.32,-0.8903061030703704,5.4414,-50.28357416646229,-68.41954222369789,-0.9954252120069592,1.0425337470649987,1.2950051208895486,break_dn
XAUUSD.a,15m,1,0.21,2021-07-28 04:15:00,1801.096830246962,2021-07-28 06:00:00,1805.2315790434836,1798.629210478258,1805.2315790434836,target,7,86.82972472695224,-5.04,-0.0,0.0,86.82972472695224,117.98639099772022,1.6756020716648223,0.1283950837889921,2.5665095706232304,break_up
XAUUSD.a,15m,1,0.22,2021-07-28 06:15:00,1807.0791410145505,2021-07-28 07:15:00,1804.6770643430516,1804.7172520636593,1810.9954958726812,stop,4,-52.84568677297557,-5.279999999999999,-0.8841298533716043,0.0,-52.84568677297557,-71.82169745848077,-1.017015076256043,1.032707745904001,0.055404376823124844,break_up
XAUUSD.a,15m,-1,0.18,2021-07-28 15:00:00,1796.4537919131433,2021-07-28 15:30:00,1799.6610373307813,1799.3668294225251,1790.8563411549496,stop,2,-57.7304175174836,-4.32,-0.975742348608279,0.0,-57.7304175174836,-78.73331721876002,-1.100996951569821,1.3066114235049362,0.13174973267844395,break_dn
XAUUSD.a,15m,-1,0.18,2021-07-28 16:45:00,1795.579104204622,2021-07-28 17:30:00,1798.720899162776,1798.4164354260165,1790.0271291479667,stop,3,-56.55230924677471,-4.32,-1.1603472616727908,0.0,-56.55230924677471,-77.07299386272533,-1.1073063780723824,1.3431268674741004,0.3873725409054106,break_dn
XAUUSD.a,15m,1,0.08,2021-07-28 22:30:00,1805.8491191217538,2021-07-29 04:15:00,1817.358124183532,1799.645937908234,1817.358124183532,target,19,92.0720404942258,-1.92,-0.0,-6.6336,85.4384404942258,116.01232992182305,1.7216658185805542,0.15945352678043787,1.8798227033624628,break_up
XAUUSD.a,15m,1,0.2,2021-07-29 10:30:00,1819.6424893550056,2021-07-29 10:45:00,1816.9956901251808,1817.0460860125102,1824.0178279749794,stop,1,-52.93598459649729,-4.8,-1.0079177465890623,0.0,-52.93598459649729,-71.60381527749232,-1.0194098838591656,1.3720862612900886,0.0,break_up
XAUUSD.a,15m,1,0.17,2021-07-29 11:45:00,1821.4192642360479,2021-07-29 14:15:00,1826.6920825633863,1818.363958718307,1826.6920825633863,target,10,89.63791156475327,-4.08,-0.0,0.0,89.63791156475327,121.2732521102271,1.725790856829672,0.6183552594258537,2.0196787941897165,break_up
XAUUSD.a,15m,1,0.13,2021-07-29 18:45:00,1831.873593261684,2021-07-29 23:00:00,1827.82774970988,1827.8701500664376,1839.0296998671245,stop,17,-52.595966173451416,-3.12,-0.5512046352482228,0.0,-52.595966173451416,-71.11887793043257,-1.0105909724429238,1.0250159828810814,0.2139175446108449,break_up
XAUUSD.a,15m,1,0.21,2021-07-30 02:15:00,1830.4531572158894,2021-07-30 03:15:00,1827.913843176195,1827.9496883751883,1834.6706232496235,stop,4,-53.32559483358068,-5.04,-0.7527491788578072,0.0,-53.32559483358068,-72.17573032169874,-1.0143182125578967,1.06778130106098,0.29432872186429887,break_up
XAUUSD.a,15m,1,0.19,2021-07-30 10:15:00,1830.0284839371866,2021-07-30 13:15:00,1827.257757888748,1827.2983104940197,1834.6833790119606,stop,12,-52.64379492033186,-4.56,-0.7704995001585218,0.0,-52.64379492033186,-71.41918427416783,-1.0148534904890785,1.0946132175837493,0.4840410656402856,break_up
XAUUSD.a,15m,-1,0.16,2021-07-30 19:15:00,1820.6065273053725,2021-07-30 19:45:00,1814.6750500155224,1823.757474992239,1814.4350500155224,target,2,94.90363663760218,-3.84,-0.0,0.0,94.90363663760218,129.23664329547918,1.8824423250736202,0.013796704657698246,2.039553792707874,break_dn
XAUUSD.a,15m,-1,0.26,2021-08-02 02:45:00,1812.7517529098614,2021-08-02 03:15:00,1815.0059971163923,1814.723601007463,1808.9227979850739,stop,2,-58.61034936980559,-6.24,-1.1022988321607627,0.0,-58.61034936980559,-79.76910428010288,-1.1432139267080514,1.1503153274826228,0.07188835186334366,break_dn
XAUUSD.a,15m,-1,0.16,2021-08-02 04:30:00,1811.792535676513,2021-08-02 17:15:00,1815.2366324478544,1814.9205770899314,1805.648845820137,stop,51,-55.10554834146387,-3.84,-1.2168857267686886,0.0,-55.10554834146387,-74.7254669416683,-1.101039377729211,1.0285875083638616,1.94132202037456,break_dn
XAUUSD.a,15m,1,0.13,2021-08-02 19:45:00,1817.8817550849317,2021-08-02 22:15:00,1813.8409252777337,1813.893550579146,1825.0128988417077,stop,10,-52.53078749357337,-3.12,-0.6841289183587331,0.0,-52.53078749357337,-71.37044345145357,-1.0131952364368275,1.0861416656662544,0.41077254506174316,break_up
XAUUSD.a,15m,-1,0.23,2021-08-03 04:15:00,1810.5265002470644,2021-08-03 04:45:00,1812.9931615653616,1812.7139376502128,1806.2221246995744,stop,2,-56.73321032083459,-5.52,-0.9021500484246624,0.0,-56.73321032083459,-77.01515009955146,-1.1276488711160013,1.0302007955483132,0.5195578375996288,break_dn
XAUUSD.a,15m,-1,0.24,2021-08-03 15:15:00,1808.5479025725092,2021-08-03 15:45:00,1810.9556839968657,1810.660191150596,1804.509617698808,stop,2,-57.78675418455532,-5.76,-1.331828310475278,0.0,-57.78675418455532,-78.23398974406385,-1.1398922710349728,2.377562175732516,0.704403076333915,break_dn
XAUUSD.a,15m,-1,0.25,2021-08-04 04:15:00,1809.4225939809792,2021-08-04 04:45:00,1811.7377858932016,1811.4685832104374,1805.3828335791254,stop,2,-57.87979780556043,-6.0,-0.7300670691070167,0.0,-57.87979780556043,-78.16629681899393,-1.1315758064061288,1.8951253326233588,0.05503156094768065,break_dn
XAUUSD.a,15m,1,0.18,2021-08-04 05:00:00,1813.1393778512352,2021-08-04 14:30:00,1817.9413282762391,1810.3193358618803,1817.9413282762391,target,38,86.43510765007113,-4.32,-0.0,0.0,86.43510765007113,116.62453470339089,1.7027939453137233,0.8721068198696289,1.8087043271053134,break_up
XAUUSD.a,15m,-1,0.24,2021-08-04 23:30:00,1812.068931750088,2021-08-05 10:45:00,1814.4693412198828,1814.187521149106,1807.8649577017877,stop,41,-57.60982727507508,-5.76,-1.0036816986457335,7.255199999999999,-50.354627275075075,-67.99901052648825,-0.9903332239684149,1.2088554068566444,1.7317804723220893,break_dn
XAUUSD.a,15m,-1,0.04,2021-08-05 16:45:00,1800.659464578402,2021-08-06 15:45:00,1777.3062278866664,1812.486886056667,1777.0662278866664,target,88,93.4129467669427,-0.96,-0.0,1.2092,94.62214676694269,128.30295565627017,2.0000586548139303,0.6434653094576648,2.1356696068387535,break_dn
XAUUSD.a,15m,-1,0.05,2021-08-09 11:15:00,1746.2376505922464,2021-08-09 18:00:00,1728.4842362745467,1755.3578818627266,1728.2442362745467,target,27,88.76707158849854,-1.2,-0.0,0.0,88.76707158849854,120.94430354724237,1.9465969437817745,0.27656638663514993,2.20034448657021,break_dn
XAUUSD.a,15m,-1,0.07,2021-08-09 19:15:00,1726.3760135101154,2021-08-10 04:00:00,1733.5013270119036,1733.2034263784046,1712.913147243191,stop,31,-49.8771945125177,-1.6800000000000002,-0.40530443449346737,2.1161000000000003,-47.761094512517694,-65.2687964804276,-0.9993556319815633,1.1152081523074018,0.38023385434517004,break_dn
XAUUSD.a,15m,-1,0.14,2021-08-10 12:15:00,1729.6787382587977,2021-08-10 15:15:00,1733.5758467099158,1733.2706609212307,1722.6186781575386,stop,12,-54.55951831565381,-3.3600000000000003,-0.9126010415906828,0.0,-54.55951831565381,-74.33885835931738,-1.0849644653758699,1.1278811160310869,0.6009979784295976,break_dn
XAUUSD.a,15m,-1,0.16,2021-08-10 15:30:00,1729.1435326070045,2021-08-10 16:30:00,1723.3054075148937,1732.2522962425533,1723.0654075148936,target,4,93.41000147377417,-3.84,-0.0,0.0,93.41000147377417,127.28932938211895,1.8779572127491218,0.4492034637264841,2.6356241797579765,break_dn
XAUUSD.a,15m,-1,0.07,2021-08-10 17:00:00,1721.8266105063424,2021-08-10 18:30:00,1728.7724187531396,1728.4320134593952,1708.77597308121,stop,6,-48.6206577275807,-1.6800000000000002,-0.7028370562102766,0.0,-48.6206577275807,-66.19198100522871,-1.0515343721138315,1.3963401717066795,0.630788240468602,break_dn
XAUUSD.a,15m,-1,0.3,2021-08-11 02:45:00,1727.8055526179985,2021-08-11 04:00:00,1724.6683845024008,1729.5158077487995,1724.4283845024008,target,5,94.11504346792981,-7.199999999999999,-0.0,0.0,94.11504346792981,128.16101786332106,1.8343275568063264,0.3475781895319818,2.207596135805931,break_dn
XAUUSD.a,15m,1,0.18,2021-08-11 06:15:00,1734.5008877183222,2021-08-11 09:00:00,1731.61184322339,1731.657493900292,1739.3750121994162,stop,11,-52.0028009087805,-4.32,-0.8217121842354664,0.0,-52.0028009087805,-70.90936486191214,-1.0160549961853462,1.0096693958175822,0.2247709331099892,break_up
XAUUSD.a,15m,1,0.16,2021-08-11 12:00:00,1733.4048136380306,2021-08-11 15:00:00,1738.8577038017343,1730.2511480991327,1738.8577038017343,target,12,87.24624261925783,-3.84,-0.0,0.0,87.24624261925783,118.29678194389011,1.7290641941723304,0.2995922130540128,2.3164112591731003,break_up
XAUUSD.a,15m,1,0.17,2021-08-11 15:15:00,1739.059510679961,2021-08-11 15:15:00,1735.9296590675235,1735.9889250874648,1744.3021498250703,stop,0,-53.2074774114376,-4.08,-1.0075223390040557,0.0,-53.2074774114376,-72.14377564193188,-1.0193012108459594,1.4067384053767904,0.07832034404988898,break_up
XAUUSD.a,15m,1,0.08,2021-08-11 18:15:00,1749.5470526667734,2021-08-12 16:30:00,1743.5321450873025,1743.6144944135601,1760.4910111728798,stop,85,-48.119260635767205,-1.92,-0.6587946100600328,-6.6336,-54.752860635767206,-74.57993684637637,-1.1536519807056036,1.3446227287280004,1.4501243756969397,break_up
XAUUSD.a,15m,1,0.23,2021-08-13 02:00:00,1753.8836300855744,2021-08-13 04:00:00,1751.6284975428503,1751.6635723152228,1757.532855369554,stop,8,-51.86804848265524,-5.52,-0.8067197645684074,0.0,-51.86804848265524,-70.66684171592583,-1.0157990358814075,1.0061134964161749,0.13349648751651,break_up
XAUUSD.a,15m,1,0.2,2021-08-13 04:30:00,1754.7859089677925,2021-08-13 09:15:00,1758.9170565567074,1752.3214717216463,1758.9170565567074,target,19,82.62295177829856,-4.8,-0.0,0.0,82.62295177829856,112.64359674746562,1.676304639274174,0.37570807259972777,1.8114038160997366,break_up
XAUUSD.a,15m,1,0.17,2021-08-13 09:30:00,1759.127081991265,2021-08-13 11:00:00,1756.1884860388705,1756.2371926210508,1764.1056147578981,stop,6,-49.956131190706635,-4.08,-0.8280118970661378,0.0,-49.956131190706635,-68.05085300464056,-1.016854133823372,1.0440129723863631,0.40240917895373207,break_up
XAUUSD.a,15m,1,0.16,2021-08-13 16:00:00,1763.0584037233536,2021-08-13 17:00:00,1768.7262025581326,1759.8818987209336,1768.7262025581326,target,4,90.68478135646365,-3.84,-0.0,0.0,90.68478135646365,122.96741746303395,1.784287709435645,0.2576428252844324,3.542130822420895,break_up
XAUUSD.a,15m,1,0.1,2021-08-13 18:45:00,1778.0517306047368,2021-08-16 08:30:00,1772.886497982242,1772.9319839458556,1787.356032108289,stop,51,-51.65232622494841,-2.4,-0.4548596361363661,-8.292,-59.94432622494841,-81.71923306833767,-1.1708455558237985,1.0082003951860847,0.8747052722803581,break_up
XAUUSD.a,15m,-1,0.17,2021-08-16 14:15:00,1773.1561292224255,2021-08-16 15:15:00,1776.4879185413083,1776.1907677260892,1767.3684645478215,stop,4,-56.64041842100733,-4.08,-0.9715638587234998,0.0,-56.64041842100733,-77.30897211630018,-1.097919674735668,1.0359951519032151,0.7731165407652745,break_dn
XAUUSD.a,15m,1,0.06,2021-08-16 15:45:00,1781.4057683257552,2021-08-17 17:00:00,1789.6629358762825,1773.3048885601333,1796.8402228797336,signal,97,49.543005303164136,-1.44,-0.6847694846088742,-4.9752,44.567805303164135,61.39492685580248,0.9169334400011547,0.48214125363646354,1.7497151030924813,break_up
XAUUSD.a,15m,1,0.24,2021-08-18 09:45:00,1793.4064012319775,2021-08-18 10:45:00,1791.3007980333005,1791.344472124298,1796.7310557514045,stop,4,-50.53447676824908,-5.76,-1.0481781839378448,0.0,-50.53447676824908,-69.63165426771168,-1.0211811797189307,1.6471959289617275,0.16663946725558118,break_up
XAUUSD.a,15m,-1,0.25,2021-08-18 14:00:00,1785.5709874089316,2021-08-18 15:00:00,1787.8751787263734,1787.5853260212439,1781.4193479575122,stop,4,-57.604782936044785,-6.0,-1.2463176282384252,0.0,-57.604782936044785,-79.46693006669258,-1.1438947272111373,1.166145838991801,1.3458449301231303,break_dn
XAUUSD.a,15m,-1,0.15,2021-08-18 17:45:00,1781.440865846923,2021-08-18 19:00:00,1785.057127103166,1784.7454135505027,1774.9191728989947,stop,5,-54.24391884364468,-3.5999999999999996,-1.0757032899493308,0.0,-54.24391884364468,-74.97431768299195,-1.0943286587528207,1.1103286991748607,1.2621593697694482,break_dn
XAUUSD.a,15m,1,0.17,2021-08-19 02:00:00,1788.5455346411,2021-08-19 03:15:00,1785.5936691282154,1785.6408487883773,1793.5283024232453,stop,5,-50.181713719036914,-4.08,-0.8020542227513471,0.0,-50.181713719036914,-69.54999683866963,-1.0162426033499117,1.2619384081290657,0.12203225301210854,break_up
XAUUSD.a,15m,-1,0.19,2021-08-19 06:15:00,1775.5117095767782,2021-08-19 06:30:00,1778.3779344497786,1778.0810227888626,1770.5479544222746,stop,1,-54.45827258700797,-4.56,-1.0813215574037558,0.0,-54.45827258700797,-75.589246425162,-1.1155607107454202,1.0969041882345523,0.3237089090058596,break_dn
XAUUSD.a,15m,-1,0.13,2021-08-19 09:15:00,1776.9415907143675,2021-08-19 09:30:00,1780.9514618302542,1780.6515988966946,1769.6368022066108,stop,1,-52.128324506526496,-3.12,-0.7782181362740447,0.0,-52.128324506526496,-72.56978019062048,-1.080825410301781,1.015741502561534,0.21067088695130234,break_dn
XAUUSD.a,15m,1,0.11,2021-08-19 16:15:00,1790.9853325950473,2021-08-19 16:30:00,1786.5487068994046,1786.6368987282206,1799.3362025435586,stop,1,-48.802882652070366,-2.6399999999999997,-0.9701101169751758,0.0,-48.802882652070366,-67.98952723888321,-1.0202812855195464,1.829470756296146,0.10915824397694712,break_up
XAUUSD.a,15m,-1,0.13,2021-08-19 20:30:00,1781.1253810246938,2021-08-20 04:30:00,1784.8953424529977,1784.6098251660728,1774.3503496678545,stop,28,-49.00949856795182,-3.12,-0.5917247300243362,3.9299000000000004,-45.07959856795182,-63.216377181253435,-0.9951835321807043,1.169374169876531,1.3532663556567788,break_dn
XAUUSD.a,15m,-1,0.24,2021-08-20 23:45:00,1781.1640889349933,2021-08-23 03:15:00,1777.4905735660607,1783.1597132169697,1777.2505735660607,target,10,88.1643688543827,-5.76,-0.0,7.255199999999999,95.4195688543827,133.48194565906513,1.9922664826442056,0.5942556801484186,2.0365000424670696,break_dn
XAUUSD.a,15m,1,0.13,2021-08-23 06:00:00,1788.2384773320211,2021-08-23 10:15:00,1784.5130305284417,1784.558912891176,1794.762174217648,stop,17,-48.43080844653241,-3.12,-0.5964707155469959,0.0,-48.43080844653241,-67.63418163941013,-1.0124695092237082,1.0622119533048802,0.11184004916745807,break_up
XAUUSD.a,15m,1,0.18,2021-08-23 12:00:00,1788.214100697503,2021-08-23 14:30:00,1792.710584933749,1785.5247075331256,1792.710584933749,target,10,80.9367162524286,-4.32,-0.0,0.0,80.9367162524286,112.68442660377661,1.6719326485262958,0.5220882971300712,1.786982790822087,break_up
XAUUSD.a,15m,1,0.08,2021-08-23 16:15:00,1804.136013276538,2021-08-23 17:15:00,1798.5184408903863,1798.6028856266112,1814.3742287467774,stop,4,-44.940579089214225,-1.92,-0.6755578897983296,0.0,-44.940579089214225,-62.41487033764458,-1.0152616642101167,1.5680124922931544,0.39832566007961,break_up
XAUUSD.a,15m,1,0.13,2021-08-23 19:45:00,1805.577215309375,2021-08-24 04:00:00,1801.8755512295788,1801.9084064182605,1812.053187163479,stop,29,-48.12163303735156,-3.12,-0.42711745286220965,-10.7796,-58.90123303735156,-81.7142047076268,-1.2349686817346732,1.1631064566240559,0.08252942565591477,break_up
XAUUSD.a,15m,1,0.2,2021-08-24 15:15:00,1806.7948020015806,2021-08-24 15:15:00,1804.325017248507,1804.3772202508778,1810.8055594982443,stop,0,-49.39569506147109,-4.8,-1.044060047417398,0.0,-49.39569506147109,-68.18560117812775,-1.0215930660279073,2.0536232125914453,0.3041047105048944,break_up
XAUUSD.a,15m,1,0.14,2021-08-24 15:45:00,1809.611610909526,2021-08-24 16:30:00,1806.1456854412882,1806.2177934414133,1815.5244131171733,stop,3,-48.52295655532999,-3.3600000000000003,-1.009512001751548,0.0,-48.52295655532999,-66.93098549640673,-1.0212468704644935,2.381274474970554,0.0,break_up
XAUUSD.a,15m,-1,0.32,2021-08-25 02:15:00,1801.7813202260597,2021-08-25 03:30:00,1799.0612277636947,1803.2893861181526,1798.8212277636947,target,5,87.04295879568235,-7.68,-0.0,0.0,87.04295879568235,120.04931839528086,1.8036960298798135,0.5892844461239302,4.814988697862925,break_dn
XAUUSD.a,15m,-1,0.17,2021-08-25 14:15:00,1792.5565003296929,2021-08-25 15:00:00,1795.6218446630323,1795.3229240859562,1787.1841518280874,stop,3,-52.110853666770716,-4.08,-1.00164981029577,0.0,-52.110853666770716,-71.90580186111785,-1.1080530690207502,1.1435340168493195,0.8445923457687651,break_dn
XAUUSD.a,15m,-1,0.11,2021-08-25 17:00:00,1789.2552845494347,2021-08-26 16:00:00,1780.8145371726064,1793.6327314136968,1780.5745371726064,target,88,92.84822114511144,-2.6399999999999997,-0.0,3.3253,96.17352114511144,132.58364049892668,1.9972937760152913,0.8486032077037067,2.102888929295203,break_dn
XAUUSD.a,15m,1,0.08,2021-08-26 18:15:00,1795.96713945973,2021-08-27 16:30:00,1790.039369263953,1790.1165270412775,1806.7469459174451,stop,85,-47.422161566217255,-1.92,-0.6172622185973755,-6.6336,-54.05576156621726,-74.4754368386339,-1.1549167356336905,1.4113290830353828,1.5627185474521679,break_up
XAUUSD.a,15m,1,0.07,2021-08-27 17:45:00,1807.4569714849918,2021-08-30 03:30:00,1820.0046565395653,1800.7076717302175,1820.0046565395653,target,35,87.83379538201486,-1.6800000000000002,-0.0,-5.804400000000001,82.02939538201485,112.17234900724053,1.7362519787751667,0.2736537940377239,1.9443540799510837,break_up
XAUUSD.a,15m,1,0.22,2021-08-30 03:45:00,1820.0995210817964,2021-08-30 04:30:00,1817.8242977293824,1817.8789397210223,1823.732120557955,stop,3,-50.054913753109304,-5.279999999999999,-1.2021238160813112,0.0,-50.054913753109304,-68.48862797168954,-1.0246070657915165,1.6885312774531482,1.4142597851532237,break_up
XAUUSD.a,15m,-1,0.18,2021-08-30 19:30:00,1809.755046073267,2021-08-31 03:45:00,1812.6621872337266,1812.3940832343408,1804.5818335313184,stop,29,-52.32854088827207,-4.32,-0.5058719889456128,5.4414,-46.88714088827207,-64.24656191870659,-0.987042243618794,1.1538124478300398,0.771132026211815,break_dn
XAUUSD.a,15m,-1,0.15,2021-08-31 15:45:00,1810.6347984543556,2021-08-31 16:00:00,1804.4507300032194,1813.8996349983904,1804.2107300032194,target,1,92.7610267670434,-3.5999999999999996,-0.0,0.0,92.7610267670434,126.88912613132442,1.8941433568658164,0.5682371906287429,2.7673049883196477,break_dn
XAUUSD.a,15m,1,0.19,2021-09-01 07:15:00,1816.0770025317188,2021-09-01 08:15:00,1813.493911986891,1813.5307179053266,1820.3685641893467,stop,4,-49.07872035172977,-4.56,-0.6993124502799224,0.0,-49.07872035172977,-67.00806951071061,-1.014454754214899,1.0081365237459516,0.0,break_up
XAUUSD.a,15m,1,0.09,2021-09-01 15:45:00,1817.7097632065029,2021-09-01 16:00:00,1812.5301063374927,1812.604240803693,1827.081518392614,stop,1,-46.616911821091435,-2.16,-0.6672101958035098,0.0,-46.616911821091435,-63.30121236382471,-1.0145204467538032,1.2652501931923306,0.4485803043850497,break_up
XAUUSD.a,15m,-1,0.08,2021-09-01 18:00:00,1809.7829581892966,2021-09-01 18:45:00,1815.6491340980565,1815.328813548795,1798.8623729024096,stop,3,-46.92940727007954,-1.92,-0.6425643940902807,0.0,-46.92940727007954,-63.69527846857887,-1.0577585473290019,1.025458011803917,0.202486021813235,break_dn
XAUUSD.a,15m,1,0.27,2021-09-02 04:15:00,1815.9204891197883,2021-09-02 04:30:00,1814.1178666780581,1814.1523408091919,1818.6753183816165,stop,1,-48.67080592671368,-6.4799999999999995,-0.9308015406074315,0.0,-48.67080592671368,-66.14948411421189,-1.0194973073961717,1.487708414517001,0.07890225009723037,break_up
XAUUSD.a,15m,-1,0.25,2021-09-02 07:00:00,1811.0681190029154,2021-09-02 08:30:00,1813.297764656694,1813.0276306122475,1807.2147387755047,stop,6,-55.74114134446404,-6.0,-0.7533511111619383,0.0,-55.74114134446404,-75.53000182176699,-1.1378578433319373,1.1849284209528401,0.2235858163987222,break_dn
XAUUSD.a,15m,1,0.25,2021-09-02 11:45:00,1815.7241887976015,2021-09-02 14:15:00,1813.800480496218,1813.8351781048634,1818.8596437902731,stop,10,-48.09270753459032,-6.0,-0.8674402161369453,0.0,-48.09270753459032,-65.09658703365005,-1.0183681377659157,1.3997743939547862,0.7494987761802244,break_up
XAUUSD.a,15m,-1,0.09,2021-09-02 17:15:00,1805.9011050136783,2021-09-02 17:30:00,1811.3140260213959,1810.9917580047336,1795.5064839905326,stop,1,-48.716289069458526,-2.16,-0.7404121499610047,0.0,-48.716289069458526,-65.76439255026327,-1.0633058307507,1.5045014853259426,0.15343906077488165,break_dn
XAUUSD.a,15m,-1,0.25,2021-09-02 23:30:00,1809.6944668555723,2021-09-03 04:00:00,1811.8454941363684,1811.5775539307215,1805.9448921385572,stop,14,-53.77568201990357,-6.0,-0.6985051411711727,7.5575,-46.21818201990357,-62.44687620913307,-0.9817534755527222,1.7182068673969442,0.5493462672140242,break_dn
XAUUSD.a,15m,1,0.2,2021-09-03 05:30:00,1814.1716327805661,2021-09-03 07:00:00,1811.7899479030282,1811.820577549941,1818.0888449001184,stop,6,-47.63369755075928,-4.8,-0.6125929382546823,0.0,-47.63369755075928,-64.31250175621646,-1.01302804226535,1.0938206585144192,0.28853733872231124,break_up
XAUUSD.a,15m,1,0.19,2021-09-03 12:45:00,1813.5022851170243,2021-09-03 15:30:00,1817.728140807743,1810.9959295961285,1817.728140807743,target,11,80.29125812365805,-4.56,-0.0,0.0,80.29125812365805,107.660782165864,1.6860559707062166,0.3001510004276583,6.406798536400977,break_up
XAUUSD.a,15m,1,0.07,2021-09-03 15:45:00,1819.6936823365882,2021-09-03 18:00:00,1831.839379837677,1813.1353100811614,1831.839379837677,target,9,85.01988250762135,-1.6800000000000002,-0.0,0.0,85.01988250762135,114.2510011524845,1.8519378022555386,0.15761263562505826,2.1737585346143464,break_up
XAUUSD.a,15m,1,0.07,2021-09-03 18:15:00,1833.7956528352233,2021-09-03 23:45:00,1827.263205195943,1827.3067561660346,1845.8564876679309,stop,22,-45.727133474961654,-1.6800000000000002,-0.3048567906407318,0.0,-45.727133474961654,-61.38199832871786,-1.0067116140557866,1.0118288470209456,0.009916503229601945,break_up
XAUUSD.a,15m,1,0.18,2021-09-06 09:00:00,1827.8039456459144,2021-09-06 11:00:00,1825.152198653381,1825.1890806046067,1832.3018387907864,stop,8,-47.73144586560102,-4.32,-0.6638751220611905,0.0,-47.73144586560102,-64.20694897175278,-1.0141047245816093,1.1793899865562874,0.16293550426318398,break_up
XAUUSD.a,15m,-1,0.27,2021-09-06 12:00:00,1824.7955424005804,2021-09-07 04:00:00,1826.8534319857092,1826.5849604815683,1821.2900790368633,stop,44,-55.56301879847775,-6.4799999999999995,-0.7687306118040182,8.1621,-47.40091879847775,-63.59637051342709,-0.9810952531337097,1.3660628700421629,1.9199215862868302,break_dn
XAUUSD.a,15m,1,0.28,2021-09-07 04:30:00,1827.0491938238088,2021-09-07 05:45:00,1825.2897193405865,1825.3200248718294,1829.789950256341,stop,5,-49.26528553022218,-6.720000000000001,-0.8485548748024401,0.0,-49.26528553022218,-66.14121706413664,-1.0175260671944246,1.1677250054122774,0.0756468452903751,break_up
XAUUSD.a,15m,-1,0.27,2021-09-07 07:30:00,1821.818970569694,2021-09-07 08:30:00,1818.8176664033447,1823.5611667983278,1818.5776664033447,target,4,81.03521249143455,-6.4799999999999995,-0.0,0.0,81.03521249143455,109.17509261223921,1.7227130428948105,0.5057004577474496,2.025587308532802,break_dn
XAUUSD.a,15m,-1,0.04,2021-09-07 17:15:00,1800.388306371756,2021-09-08 18:30:00,1791.9173811965788,1810.884272290066,1779.4314554198681,signal,97,33.88370070070869,-0.96,-0.5390495726310068,3.6276,37.51130070070869,50.90764836901498,0.8934694765745859,0.17546680720744304,1.7176414740739598,break_dn
XAUUSD.a,15m,-1,0.15,2021-09-08 23:00:00,1788.5736546496755,2021-09-09 10:30:00,1792.0513049378274,1791.769784597882,1782.590430804236,stop,42,-52.16475432227753,-3.5999999999999996,-0.6228050991794396,4.5344999999999995,-47.63025432227753,-64.58514715284147,-0.9934984933680765,1.0657718570660326,0.6143851099600824,break_dn
XAUUSD.a,15m,1,0.21,2021-09-09 13:15:00,1795.6461792836865,2021-09-09 14:15:00,1799.4034579996583,1793.368271000171,1799.4034579996583,target,4,78.90285303540736,-5.04,-0.0,0.0,78.90285303540736,106.87243906243802,1.649442492115291,0.5163418089297611,1.7927941813403794,break_up
XAUUSD.a,15m,1,0.17,2021-09-10 02:15:00,1796.3054819013034,2021-09-10 04:15:00,1793.5348950220623,1793.5864579608647,1800.9170840782706,stop,8,-47.09997694709932,-4.08,-0.8765699596387203,0.0,-47.09997694709932,-63.951088862320866,-1.0189637678563588,1.3223428627565492,0.2958848896956148,break_up
XAUUSD.a,15m,1,0.18,2021-09-10 05:45:00,1797.9758379947696,2021-09-10 08:30:00,1802.4899630159948,1795.3200184920026,1802.4899630159948,target,11,81.25425038205458,-4.32,-0.0,0.0,81.25425038205458,110.07972794057304,1.6997107734626904,0.6724244599111369,2.2231036405446236,break_up
XAUUSD.a,15m,-1,0.15,2021-09-10 16:00:00,1793.4638791549291,2021-09-10 17:45:00,1796.9364856039504,1796.6169764034235,1787.296047193153,stop,7,-52.08909673531821,-3.5999999999999996,-1.1926380079026269,0.0,-52.08909673531821,-70.60152175458899,-1.1013318573283726,1.0770745642851645,1.2190804317135533,break_dn
XAUUSD.a,15m,-1,0.12,2021-09-10 19:30:00,1791.3959817339246,2021-09-13 04:00:00,1783.9752727031946,1795.3073636484028,1783.7352727031946,target,30,89.04850836875994,-2.88,-0.0,3.6275999999999997,92.67610836875994,125.9579873720863,1.9744962776820392,0.4561094531505178,1.9726996500555098,break_dn
XAUUSD.a,15m,-1,0.15,2021-09-13 15:45:00,1787.8644765836214,2021-09-13 16:15:00,1791.2939178935972,1790.9924373525155,1781.7451252949693,stop,2,-51.441619649637005,-3.5999999999999996,-0.9222081162235687,0.0,-51.441619649637005,-69.81666867935697,-1.096382455969312,1.3700694263802613,0.8582193901908725,break_dn
XAUUSD.a,15m,1,0.27,2021-09-14 09:45:00,1793.4827726286235,2021-09-14 10:00:00,1791.680068274505,1791.7162230072306,1796.2275539855389,stop,1,-48.67301756120037,-6.4799999999999995,-0.9761777835902868,0.0,-48.67301756120037,-66.21999069576388,-1.0204662989863575,1.02616569988795,0.14561004585521584,break_up
XAUUSD.a,15m,-1,0.16,2021-09-14 11:15:00,1788.8680158152386,2021-09-14 14:45:00,1783.2217191681452,1791.8741404159275,1782.9817191681452,target,14,90.34074635349316,-3.84,-0.0,0.0,90.34074635349316,123.24626724532156,1.8782643426687196,0.5828049124643102,2.2181435239611442,break_dn
XAUUSD.a,15m,1,0.04,2021-09-14 17:45:00,1806.5139984544319,2021-09-15 15:45:00,1796.2799019174224,1796.3518139921307,1825.8663720157388,stop,84,-40.936386148037855,-0.96,-0.28764829883353993,-9.9504,-50.88678614803786,-69.53836692453723,-1.2518663269893735,1.1418803208581128,0.20822309941509018,break_up
XAUUSD.a,15m,-1,0.06,2021-09-15 16:00:00,1796.5818401442282,2021-09-16 12:30:00,1782.1287352493262,1804.000632375337,1781.8887352493261,target,78,86.71862936941216,-1.44,-0.0,1.8137999999999999,88.53242936941216,121.01372267173166,1.9889227835534748,0.4728747950456299,2.0302280580213607,break_dn
XAUUSD.a,15m,-1,0.07,2021-09-16 13:00:00,1777.8692624397388,2021-09-16 15:30:00,1765.5595704334025,1784.2502147832988,1765.3195704334025,target,10,86.16784404435386,-1.6800000000000002,-0.0,0.0,86.16784404435386,117.93636183068566,1.9291308481185954,0.395040963251411,2.480705322257195,break_dn
XAUUSD.a,15m,-1,0.16,2021-09-16 23:00:00,1754.2099624571629,2021-09-17 04:00:00,1757.4688135239612,1757.1892523066151,1748.7314953867694,stop,16,-52.141617068773485,-3.84,-0.6329794775387217,4.8368,-47.30481706877349,-64.95505385196904,-0.9923677172068099,1.1143721190630391,0.892817614792319,break_dn
XAUUSD.a,15m,1,0.18,2021-09-17 11:45:00,1764.4743224031558,2021-09-17 13:45:00,1761.817318225484,1761.8712527919197,1768.8574944161608,stop,8,-47.82607519809153,-4.32,-0.9708221958395855,0.0,-47.82607519809153,-65.4846717940843,-1.0207196020432154,1.1080465888064388,1.1661914778385676,break_up
XAUUSD.a,15m,-1,0.08,2021-09-17 16:00:00,1753.0263532492502,2021-09-20 12:30:00,1759.0850062061186,1758.7877490728638,1741.6645018542722,stop,78,-48.4692236549472,-1.92,-0.4580570660377774,2.4184,-46.0508236549472,-63.672949027912175,-0.9991247144095633,1.081968144802799,1.8947410633563135,break_dn
XAUUSD.a,15m,1,0.14,2021-09-20 16:00:00,1760.365496935001,2021-09-20 16:15:00,1756.8658728937958,1756.93644362469,1766.36711275062,stop,1,-48.994736576872135,-3.3600000000000003,-0.9879902325182276,0.0,-48.994736576872135,-67.54447602860904,-1.0205802373156256,1.3168348597623434,0.007145722968348359,break_up
XAUUSD.a,15m,1,0.08,2021-09-20 17:30:00,1763.1628983390922,2021-09-21 15:15:00,1773.550008286059,1757.5299958569703,1773.550008286059,target,83,83.09687957573442,-1.92,-0.0,-6.6336,76.46327957573442,105.48696241444475,1.6968001802449937,0.9272126325049982,1.8724097735373737,break_up
XAUUSD.a,15m,1,0.07,2021-09-21 17:45:00,1777.8064938689588,2021-09-22 15:00:00,1771.7196104829334,1771.7672532099136,1788.8454935801728,stop,81,-42.608183702177946,-1.6800000000000002,-0.3334990888618408,-17.413200000000003,-60.02138370217795,-82.82581547763526,-1.4197949494168847,1.0326619224253408,0.6596038071566073,break_up
XAUUSD.a,15m,1,0.14,2021-09-22 19:15:00,1778.6928181696926,2021-09-22 20:45:00,1775.4174267607718,1775.4744062473237,1784.4611875053527,stop,6,-45.85547972489076,-3.3600000000000003,-0.7977128117253568,0.0,-45.85547972489076,-63.19750785552552,-1.0177042242964172,1.0448687895791466,0.17312321845281084,break_up
XAUUSD.a,15m,1,0.05,2021-09-22 21:15:00,1786.1544157592764,2021-09-22 21:30:00,1777.207047823302,1777.334441202294,1802.6111175954118,stop,1,-44.73683967987199,-1.2,-0.6369668949605144,0.0,-44.73683967987199,-61.77756252744143,-1.014443735429062,1.8814584613670522,0.1253500487536408,break_up
XAUUSD.a,15m,-1,0.14,2021-09-23 03:30:00,1766.3821466280976,2021-09-23 12:00:00,1770.0193854494364,1769.7125464079693,1759.9249071840616,stop,34,-50.92134349874278,-3.3600000000000003,-0.9357465805398394,0.0,-50.92134349874278,-69.9324912432092,-1.0921327953843891,1.2364441640880317,1.847269707763054,break_dn
XAUUSD.a,15m,1,0.08,2021-09-23 13:15:00,1774.5620960422286,2021-09-23 15:30:00,1768.7065426861825,1768.7874489869164,1785.2351020261672,stop,9,-46.84442684836904,-1.92,-0.647250405870552,0.0,-46.84442684836904,-64.2073889749843,-1.0140106053164684,1.2506558362878515,0.18492973640511687,break_up
XAUUSD.a,15m,-1,0.11,2021-09-23 21:45:00,1750.2227050626766,2021-09-23 23:15:00,1742.7011221344062,1754.1744389327969,1742.4611221344062,target,6,82.7374122109743,-2.6399999999999997,-0.0,0.0,82.7374122109743,113.43215274331546,1.9033627201321268,0.26502162639092636,3.123364444149882,break_dn
XAUUSD.a,15m,-1,0.05,2021-09-23 23:30:00,1741.6761698930713,2021-09-24 04:30:00,1750.0603695025331,1749.7637166330312,1725.6325667339377,stop,16,-41.92099804730901,-1.2,-0.283264347509419,1.5115,-40.409498047309015,-55.4222872055478,-0.9993017498779752,1.1256602774173035,0.3815953084787668,break_dn
XAUUSD.a,15m,-1,0.02,2021-09-27 01:15:00,1749.9278608643135,2021-09-28 02:30:00,1750.6700985517882,1765.8404589545426,1718.199082090915,signal,97,-1.4844753749493975,-0.48,-0.08039420715237736,0.6046,-0.8798753749493975,-1.2085702168171608,-0.027647131221446346,0.6863831458417224,0.32099477629928996,break_dn
XAUUSD.a,15m,-1,0.34,2021-09-28 03:45:00,1749.9703596715858,2021-09-28 04:00:00,1747.4944699546672,1751.3577650226664,1747.2544699546672,target,1,84.18025037523148,-8.16,-0.0,0.0,84.18025037523148,115.63538885028639,1.7845467548400424,0.09344084503719612,2.068868820024593,break_dn
XAUUSD.a,15m,-1,0.32,2021-09-28 04:15:00,1748.246617267847,2021-09-28 04:15:00,1750.0142841512281,1749.7392100529985,1745.301579894003,stop,0,-56.56534026820009,-7.68,-1.1223711433482744,0.0,-56.56534026820009,-77.70177788977732,-1.184292796378292,1.3221172926631202,0.1652274286062812,break_dn
XAUUSD.a,15m,-1,0.15,2021-09-28 08:45:00,1747.763519600507,2021-09-28 09:30:00,1742.068706298945,1750.8456468505274,1741.828706298945,target,3,85.42219952342862,-3.5999999999999996,-0.0,0.0,85.42219952342862,117.48827420114792,1.8476892222811778,0.3525099099934229,2.022473147552748,break_dn
XAUUSD.a,15m,-1,0.1,2021-09-28 22:15:00,1733.159923086414,2021-09-29 05:15:00,1737.9541538938931,1737.6692697059184,1724.2914605881633,stop,24,-47.94230807479153,-2.4,-0.4488418797470553,9.069,-38.873308074791524,-53.68944820008773,-0.8620607674435944,1.195312174555868,0.08868759050018298,break_dn
XAUUSD.a,15m,1,0.2,2021-09-29 06:30:00,1740.7484577824787,2021-09-29 07:30:00,1738.3356272576193,1738.3756980429187,1744.6886039141627,stop,4,-48.25661049718747,-4.8,-0.8014157059865167,0.0,-48.25661049718747,-66.56176015832972,-1.016887839350637,1.225770032248639,0.08494000220972053,break_up
XAUUSD.a,15m,1,0.09,2021-09-29 12:00:00,1743.2995876773168,2021-09-29 15:30:00,1738.2331515870005,1738.2930404886267,1752.5039190227465,stop,14,-45.59792481284671,-2.16,-0.5390001146359675,0.0,-45.59792481284671,-63.26718394500876,-1.0119621166782369,1.26226467845802,0.44749649573747863,break_up
XAUUSD.a,15m,-1,0.1,2021-09-29 17:15:00,1731.228695409435,2021-09-29 20:15:00,1723.3347041735735,1735.507647913213,1723.0947041735735,target,12,78.93991235861449,-2.4,-0.0,0.0,78.93991235861449,109.98705951988866,1.844841986185042,0.640648520436863,1.9978476979790833,break_dn
XAUUSD.a,15m,1,0.13,2021-09-30 11:15:00,1734.0282153495782,2021-09-30 12:00:00,1730.4276897043576,1730.4849708576137,1740.2800582847726,stop,3,-46.80683338786798,-3.12,-0.744654992328967,0.0,-46.80683338786798,-64.9986577068655,-1.0161662999507945,1.0155142716621137,0.0,break_up
XAUUSD.a,15m,-1,0.12,2021-09-30 13:45:00,1724.59863570085,2021-09-30 15:15:00,1728.7406944040065,1728.4323853388496,1717.055229322301,stop,6,-49.7047044378769,-2.88,-0.8197087818813564,0.0,-49.7047044378769,-68.93951987943925,-1.0804197181007806,1.0906722384020262,0.6256631046209018,break_dn
XAUUSD.a,15m,1,0.09,2021-10-01 16:45:00,1758.5593875122393,2021-10-01 17:00:00,1753.6880295148987,1753.785812121232,1767.2083757575358,stop,1,-43.84222197606459,-2.16,-0.8800434569992561,0.0,-43.84222197606459,-60.40870532416308,-1.0204841441317865,1.237937400836221,0.2745557324243101,break_up
XAUUSD.a,15m,1,0.08,2021-10-01 17:30:00,1760.328348164865,2021-10-04 10:15:00,1754.965539072486,1755.0172287567311,1770.0255424865377,stop,63,-42.90247273903151,-1.92,-0.4135174739596116,-6.6336,-49.53607273903151,-68.18454609639575,-1.165857631236078,1.110565911177168,1.0076316165927428,break_up
XAUUSD.a,15m,-1,0.09,2021-10-04 11:45:00,1748.7689321730475,2021-10-04 14:45:00,1754.0965565188212,1753.7954009753603,1739.019198049279,stop,12,-47.94861911196381,-2.16,-0.550399891148003,0.0,-47.94861911196381,-65.78396870810532,-1.0599139386525918,1.1322198646361747,0.21465012824728139,break_dn
XAUUSD.a,15m,1,0.11,2021-10-04 23:00:00,1768.94759340764,2021-10-05 04:15:00,1764.8670087505732,1764.911220789034,1776.637558421932,stop,17,-44.88643122773442,-2.6399999999999997,-0.4863324230680406,-9.1212,-54.00763122773442,-74.33231653899063,-1.2163853838554581,1.0498518863462512,0.23347859115286979,break_up
XAUUSD.a,15m,-1,0.18,2021-10-05 08:45:00,1757.4900207276994,2021-10-05 10:15:00,1760.2526835948206,1759.9528604250488,1752.6542791499023,stop,6,-49.727931608181734,-4.32,-1.0768170558916133,0.0,-49.727931608181734,-68.41567257093173,-1.121738808292914,1.1977958920653744,0.905467266139747,break_dn
XAUUSD.a,15m,-1,0.16,2021-10-05 14:00:00,1754.1941798317557,2021-10-05 14:30:00,1757.280185095772,1756.9828054393947,1748.7243891212106,stop,2,-49.3760842242591,-3.84,-0.9180745020334343,0.0,-49.3760842242591,-67.8298818917206,-1.1066402228978187,1.4866894131960098,0.22741662775330482,break_dn
XAUUSD.a,15m,-1,0.07,2021-10-05 17:15:00,1750.0183882100491,2021-10-05 18:15:00,1756.7846131737656,1756.4512316010048,1737.3075367979902,stop,4,-47.36357474601528,-1.6800000000000002,-0.653671009324969,0.0,-47.36357474601528,-64.92518916260954,-1.0518249166814042,1.1941238614251006,0.1505381292836519,break_dn
XAUUSD.a,15m,1,0.11,2021-10-05 21:30:00,1762.8544229242336,2021-10-06 03:00:00,1758.9027422905315,1758.93519158776,1769.8396168244797,stop,18,-43.46848697072369,-2.6399999999999997,-0.356942269515525,-27.363599999999998,-70.83208697072368,-97.22604006797754,-1.642995802206481,1.2462706344424428,0.0,break_up
XAUUSD.a,15m,-1,0.14,2021-10-06 07:15:00,1753.0107443829793,2021-10-06 11:00:00,1747.1775398864713,1756.1212300567643,1746.9375398864713,target,15,81.66486295111146,-3.3600000000000003,-0.0,0.0,81.66486295111146,112.91998582861335,1.875335593302976,0.5848783141337837,2.266766390343018,break_dn
XAUUSD.a,15m,-1,0.07,2021-10-07 15:45:00,1755.0059972447768,2021-10-07 17:00:00,1761.0795447696614,1760.7579061323142,1743.6341877353714,stop,5,-42.51483267419213,-1.6800000000000002,-0.5714704614307018,0.0,-42.51483267419213,-58.16539569342089,-1.055918590442917,1.4228324744425969,0.5365170598343717,break_dn
XAUUSD.a,15m,-1,0.11,2021-10-07 21:15:00,1756.820061017937,2021-10-08 14:00:00,1761.0707473566572,1760.7820990341606,1749.0158019316784,stop,63,-46.75754972592267,-2.6399999999999997,-0.5351315474623987,3.3253,-43.432249725922674,-59.46364967952173,-0.996554379981327,1.3654434813372662,0.8808751969683228,break_dn
XAUUSD.a,15m,1,0.17,2021-10-08 14:15:00,1762.262501342498,2021-10-08 15:30:00,1766.7132744098249,1759.6433627950876,1766.7132744098249,target,5,75.66314214455838,-4.08,-0.0,0.0,75.66314214455838,103.26196845298865,1.6993270828409057,0.4362126408424078,5.5619427509497825,break_up
XAUUSD.a,15m,-1,0.19,2021-10-08 23:45:00,1756.5056916076974,2021-10-11 01:15:00,1752.073815548287,1758.8930922258564,1751.833815548287,target,2,84.2056451287965,-4.56,-0.0,5.7437000000000005,89.94934512879651,123.16935070834396,1.982983510769504,0.6217257300734029,2.251692307863473,break_dn
XAUUSD.a,15m,-1,0.11,2021-10-11 01:30:00,1752.7780441188452,2021-10-11 03:00:00,1756.9852358617409,1756.6832168854664,1744.5235662290675,stop,6,-46.279109171852724,-2.6399999999999997,-0.6822087390186153,0.0,-46.279109171852724,-63.26604124655191,-1.0773381856126547,1.3013395782618886,0.43737991144576904,break_dn
XAUUSD.a,15m,-1,0.19,2021-10-11 10:30:00,1754.6162924044247,2021-10-11 10:45:00,1757.2665966839147,1756.9726825329346,1750.004634934131,stop,1,-50.35578131031002,-4.56,-1.0243688686204773,0.0,-50.35578131031002,-68.58311606759464,-1.1247306833550221,1.1219311961924725,0.25729712456744674,break_dn
XAUUSD.a,15m,-1,0.17,2021-10-11 12:15:00,1752.7061707272553,2021-10-11 13:00:00,1755.5829890790812,1755.292917115404,1747.6341657691921,stop,3,-48.905911981040845,-4.08,-0.8512233825122567,0.0,-48.905911981040845,-66.6574602094084,-1.1121377669671355,1.0761894886560994,0.16088578654717134,break_dn
XAUUSD.a,15m,-1,0.11,2021-10-11 16:00:00,1750.7192512017632,2021-10-11 16:15:00,1755.1074363172522,1754.806114776851,1742.667770446298,stop,1,-48.27003627037925,-2.6399999999999997,-0.674536944413177,0.0,-48.27003627037925,-65.55489559080745,-1.0737292877202855,1.2970212244295136,0.14907549287358052,break_dn
XAUUSD.a,15m,-1,0.25,2021-10-12 03:15:00,1752.2278143090532,2021-10-12 04:00:00,1754.2794093970142,1753.996463170879,1748.757073658242,stop,3,-51.28987719902511,-6.0,-1.0736556533809747,0.0,-51.28987719902511,-69.9000725019422,-1.1599787454945243,2.0819201427838654,0.8299071346123332,break_dn
XAUUSD.a,15m,1,0.19,2021-10-12 08:15:00,1760.2355704372694,2021-10-12 10:45:00,1757.918716539935,1757.9693874765408,1763.9712250469186,stop,10,-44.020224049352464,-4.56,-0.9627477955077389,0.0,-44.020224049352464,-59.853187824591714,-1.022359596503802,1.560143421135142,1.0565914598355293,break_up
XAUUSD.a,15m,1,0.14,2021-10-12 14:30:00,1764.0765753201247,2021-10-12 14:45:00,1760.863679995201,1760.9182027625175,1769.563594474965,stop,1,-44.98053454893171,-3.3600000000000003,-0.7633187424312848,0.0,-44.98053454893171,-60.92281740834829,-1.0172629309310461,1.040591399582901,0.19105557335913043,break_up
XAUUSD.a,15m,1,0.07,2021-10-12 17:00:00,1768.5268683658674,2021-10-12 17:30:00,1762.3774025133932,1762.482982262104,1779.9940354757916,stop,2,-43.046260967318865,-1.6800000000000002,-0.7390582409764669,0.0,-43.046260967318865,-58.52414037132254,-1.01746885148036,1.0335847265516347,0.13453788178209672,break_up
XAUUSD.a,15m,1,0.21,2021-10-13 05:30:00,1762.914792879549,2021-10-13 05:30:00,1760.823968039556,1760.8611573588794,1766.4676852822413,stop,0,-43.90732163985399,-5.04,-0.7809757057918847,0.0,-43.90732163985399,-59.825759810134606,-1.0181090164000295,1.0200412188361578,0.0,break_up
XAUUSD.a,15m,1,0.11,2021-10-13 10:45:00,1765.8369236850099,2021-10-13 13:45:00,1773.0191022057447,1761.8304488971276,1773.0191022057447,target,12,79.00396372808336,-2.6399999999999997,-0.0,0.0,79.00396372808336,107.4211564572966,1.7926428845771136,0.3062352192308404,1.887713442716502,break_up
XAUUSD.a,15m,1,0.07,2021-10-13 17:00:00,1781.9359279346843,2021-10-13 17:30:00,1792.7593545044774,1776.0653227477615,1792.7593545044774,target,2,75.76398598855191,-1.6800000000000002,-0.0,0.0,75.76398598855191,102.77124020096296,1.843664532900806,0.06233223373622189,1.9510888061133003,break_up
XAUUSD.a,15m,1,0.14,2021-10-14 01:15:00,1793.1492049589167,2021-10-14 04:45:00,1789.8877785713132,1789.932617596788,1798.4747648064238,stop,14,-45.659969426448704,-3.3600000000000003,-0.6277463566473517,0.0,-45.659969426448704,-61.91434150060166,-1.0139399370907136,1.265069000402936,0.21476022980643586,break_up
XAUUSD.a,15m,1,0.14,2021-10-14 12:15:00,1797.5647839295743,2021-10-14 15:15:00,1794.2819882842637,1794.3428950202144,1803.214209959571,stop,12,-45.9591390343494,-3.3600000000000003,-0.8526943033118654,0.0,-45.9591390343494,-61.96793548843055,-1.0189040459383396,1.1747096302976772,0.929645979327287,break_up
XAUUSD.a,15m,1,0.16,2021-10-14 21:00:00,1797.4238808558393,2021-10-15 03:15:00,1794.6793795839767,1794.707569300967,1802.0648613980663,stop,21,-43.91202034980233,-3.84,-0.45103547184432,-13.2672,-57.179220349802335,-77.11498671549109,-1.3156448366360296,1.0027866100091976,0.6575531223422577,break_up
XAUUSD.a,15m,-1,0.27,2021-10-15 04:00:00,1794.5996687540749,2021-10-15 04:30:00,1796.502702740798,1796.2297732977265,1791.4004534045466,stop,2,-51.381917641524524,-6.4799999999999995,-0.8890949629295929,0.0,-51.381917641524524,-69.29830016659633,-1.1674306375835628,1.15350346899405,0.45988998496720973,break_dn
XAUUSD.a,15m,-1,0.28,2021-10-15 07:15:00,1794.8703026898102,2021-10-15 08:30:00,1792.0823897939586,1796.4138051030209,1791.8423897939585,target,5,78.06156108384495,-6.720000000000001,-0.0,0.0,78.06156108384495,105.167409107112,1.8062251616778016,0.24599722484399145,2.2548087129779772,break_dn
XAUUSD.a,15m,-1,0.12,2021-10-15 12:15:00,1783.594803950238,2021-10-15 15:00:00,1776.752825940741,1787.1885870296296,1776.512825940741,target,11,82.10373611396244,-2.88,-0.0,0.0,82.10373611396244,110.89255137692628,1.9038372262176395,0.05709750567268962,2.4194014380271796,break_dn
XAUUSD.a,15m,-1,0.14,2021-10-15 23:30:00,1766.978845421867,2021-10-18 02:00:00,1770.4387137385845,1770.1479388225491,1760.7341223549017,stop,6,-48.43815643404606,-3.3600000000000003,-0.7108488244960216,4.232200000000001,-44.20595643404606,-59.54305707557186,-0.9963632867487812,1.3098871043812046,0.6780631398886644,break_dn
XAUUSD.a,15m,-1,0.17,2021-10-18 06:00:00,1770.869003661627,2021-10-18 09:00:00,1766.1332614619157,1773.4033692690423,1765.8932614619157,target,12,80.50761739509107,-4.08,-0.0,0.0,80.50761739509107,108.82201834942902,1.8686105058618456,0.031959216198368924,3.5350083805641863,break_dn
XAUUSD.a,15m,-1,0.14,2021-10-18 13:15:00,1760.9543956812975,2021-10-18 14:00:00,1764.4736777839291,1764.1680951555456,1754.6638096889087,stop,3,-49.2699494368435,-3.3600000000000003,-0.9181567973676893,0.0,-49.2699494368435,-66.69999111502071,-1.0950874936602397,1.1188365145884258,0.20362690616881357,break_dn
XAUUSD.a,15m,1,0.08,2021-10-18 18:00:00,1770.7540241336847,2021-10-18 19:15:00,1765.530170427232,1765.6104870943986,1780.069025811203,stop,5,-41.79082965162161,-1.92,-0.6425333373337168,0.0,-41.79082965162161,-56.36137138105088,-1.0156150653826823,1.072029634776397,0.043933943624664726,break_up
XAUUSD.a,15m,-1,0.23,2021-10-19 01:30:00,1764.013809260338,2021-10-19 03:15:00,1766.1859444892168,1765.9115992685136,1760.2968014629728,stop,7,-49.95911026421504,-5.52,-0.7899400761754731,0.0,-49.95911026421504,-67.27593625668602,-1.1445603673332543,1.0781966028101535,0.5921673396405471,break_dn
XAUUSD.a,15m,1,0.14,2021-10-19 05:00:00,1772.2292458472543,2021-10-19 08:45:00,1777.4286903103573,1769.2106548448214,1777.4286903103573,target,15,72.79222248344149,-3.3600000000000003,-0.0,0.0,72.79222248344149,97.53094725456086,1.7224739817061447,0.21176961262363725,1.8222919727489437,break_up
XAUUSD.a,15m,-1,0.08,2021-10-19 19:15:00,1767.9735339887484,2021-10-20 05:45:00,1773.924399859967,1773.6358875734375,1756.818224853125,stop,38,-47.60692696974911,-1.92,-0.3880982922371869,7.2552,-40.35172696974911,-53.9389479611671,-0.890789632928868,1.0978590295139656,0.20018777912660357,break_dn
XAUUSD.a,15m,1,0.18,2021-10-20 08:15:00,1774.9852861520344,2021-10-20 12:00:00,1779.4001644824434,1772.4849177587782,1779.4001644824434,target,15,79.46780994736218,-4.32,-0.0,0.0,79.46780994736218,106.12688294252428,1.7656911446795345,0.6220228012116771,1.8576118065214422,break_up
XAUUSD.a,15m,1,0.09,2021-10-20 20:00:00,1787.0026323513025,2021-10-20 23:15:00,1782.1462519148085,1782.2025895975244,1795.6948208049514,stop,13,-43.70742392844568,-2.16,-0.5070391444415944,0.0,-43.70742392844568,-58.166436784282666,-1.0117369126913458,1.1234550665320708,0.1202838554391976,break_up
XAUUSD.a,15m,1,0.2,2021-10-21 03:45:00,1782.8286180396904,2021-10-21 04:45:00,1786.467583761521,1780.6062081192395,1786.467583761521,target,4,72.77931443661146,-4.8,-0.0,0.0,72.77931443661146,96.52556988370065,1.6373962734526808,0.2693553669742817,1.908460685528733,break_up
XAUUSD.a,15m,1,0.2,2021-10-21 08:30:00,1785.0607011267223,2021-10-21 08:30:00,1782.7327337941008,1782.7787854841843,1788.8124290316314,stop,0,-46.55934665242967,-4.8,-0.9210338016688325,0.0,-46.55934665242967,-62.09900055008225,-1.0201811535996304,1.056437443077836,0.0,break_up
XAUUSD.a,15m,1,0.19,2021-10-21 13:00:00,1787.79154322902,2021-10-21 13:45:00,1785.420007850029,1785.4678595305081,1791.954280938984,stop,3,-45.0591722008287,-4.56,-0.9091819291055484,0.0,-45.0591722008287,-60.16232135338162,-1.0205930267143695,1.6187845322618706,0.0,break_up
XAUUSD.a,15m,-1,0.11,2021-10-21 20:15:00,1779.5842813464085,2021-10-21 22:15:00,1783.795327715685,1783.4975428856967,1771.894914228607,stop,8,-46.32151006204231,-2.6399999999999997,-0.6356331298711623,0.0,-46.32151006204231,-62.053250002735915,-1.0760963270659705,1.225504251490412,0.2719678548758817,break_dn
XAUUSD.a,15m,1,0.19,2021-10-22 04:15:00,1786.718123020286,2021-10-22 09:30:00,1790.6571250577815,1784.3464374711093,1790.6571250577815,target,21,74.8410387124161,-4.56,-0.0,0.0,74.8410387124161,99.95063798768142,1.6608449795813334,0.9647666070572624,2.5854510863983604,break_up
XAUUSD.a,15m,1,0.09,2021-10-22 09:45:00,1793.0988446498088,2021-10-22 15:30:00,1801.4866206964903,1788.5016896517548,1801.4866206964903,target,23,75.48998442013294,-2.16,-0.0,0.0,75.48998442013294,100.70164935186615,1.8245580256119074,0.5609653472420323,2.543128381605558,break_up
XAUUSD.a,15m,1,0.09,2021-10-25 12:00:00,1803.4822054506965,2021-10-25 12:30:00,1798.7733562985663,1798.8370368177068,1811.8659263645866,stop,2,-42.37964236917128,-2.16,-0.5731246722641484,0.0,-42.37964236917128,-56.651974239270764,-1.0137089789783318,1.070403648079473,0.03827515497304307,break_up
XAUUSD.a,15m,1,0.1,2021-10-25 16:45:00,1806.0254812710825,2021-10-26 10:15:00,1801.493825591033,1801.5401537793125,1814.259692441375,stop,66,-45.316556800494254,-2.4,-0.46328188279397636,-8.292,-53.608556800494256,-71.53053145706086,-1.1951982747939545,1.0334766590818434,0.897263073053614,break_up
XAUUSD.a,15m,-1,0.19,2021-10-26 10:30:00,1801.598977788208,2021-10-26 14:15:00,1804.2407127100232,1803.956024211682,1796.8279515766358,stop,15,-50.192963514489065,-4.56,-0.849081468482227,0.0,-50.192963514489065,-66.8045938117085,-1.1207818800283171,1.0568405386434636,0.6995949556978021,break_dn
XAUUSD.a,15m,-1,0.13,2021-10-26 23:00:00,1793.3858794449063,2021-10-27 08:15:00,1786.9486654954003,1796.8506672523,1786.7086654954003,target,33,83.6837813435784,-3.12,-0.0,11.789700000000002,95.4734813435784,126.9898131781256,2.1196432098480273,0.28692104981794664,1.9383234466985557,break_dn
XAUUSD.a,15m,1,0.1,2021-10-27 19:15:00,1796.25601704099,2021-10-28 09:30:00,1804.1040901887964,1791.857954905602,1804.1040901887964,target,53,78.48073147806417,-2.4,-0.0,-8.292,70.18873147806417,93.4603614887672,1.5959013155659147,0.5356943509353083,1.7926038142056724,break_up
XAUUSD.a,15m,1,0.09,2021-10-28 15:30:00,1805.53741339593,2021-10-28 15:30:00,1800.7792225228663,1800.8503426167613,1813.9293147664775,stop,0,-42.823717857571864,-2.16,-0.6400808450537394,0.0,-42.823717857571864,-57.018464626285684,-1.0151736761072656,1.5185205710062486,0.0,break_up
XAUUSD.a,15m,1,0.1,2021-10-28 16:30:00,1807.7015482976144,2021-10-28 16:30:00,1803.0864216207276,1803.1937440671493,1815.5125118657013,stop,0,-46.15126676886803,-2.4,-1.0732244642157167,0.0,-46.15126676886803,-61.301260219520266,-1.0238081427086736,1.57317131247352,0.6030545168784244,break_up
XAUUSD.a,15m,-1,0.18,2021-10-29 05:00:00,1796.7606947003937,2021-10-29 11:30:00,1792.051897967264,1799.279051016368,1791.811897967264,target,26,84.75834119633464,-4.32,-0.0,0.0,84.75834119633464,112.49813012175764,1.869789712941465,0.5715256774732966,2.327190423062326,break_dn
XAUUSD.a,15m,-1,0.15,2021-10-29 23:15:00,1782.8577438708742,2021-11-01 05:00:00,1786.212856122079,1785.9218077626522,1776.856384474696,stop,19,-50.32668376807351,-3.5999999999999996,-0.7657253914033973,4.5344999999999995,-45.79218376807351,-60.95221990213171,-0.9963278701193872,1.1005828364659205,1.2427103367823946,break_dn
XAUUSD.a,15m,1,0.16,2021-11-01 12:45:00,1786.4339850719552,2021-11-01 14:15:00,1783.5965788739393,1783.6488630283238,1791.0922739433527,stop,6,-45.39849916825551,-3.84,-0.836546470153666,0.0,-45.39849916825551,-60.407295910072,-1.018772661867406,1.3801855041667404,0.6161363492019164,break_up
XAUUSD.a,15m,1,0.1,2021-11-01 17:00:00,1792.5346346965393,2021-11-02 14:45:00,1788.2101280157367,1788.262292563968,1799.9254148720643,stop,83,-43.24506680802642,-2.4,-0.5216454823135851,-8.292,-51.537066808026424,-69.03456855362931,-1.206295404460234,1.00521787892361,0.9024008807881637,break_up
XAUUSD.a,15m,-1,0.12,2021-11-02 19:30:00,1787.8701033819432,2021-11-03 05:00:00,1781.2948326621556,1791.3525836689223,1781.0548326621556,target,34,78.90324863745082,-2.88,-0.0,10.8828,89.78604863745082,120.8377166971062,2.148517752638299,0.447926905398225,2.0072197990836673,break_dn
XAUUSD.a,15m,-1,0.08,2021-11-03 15:45:00,1776.0123400155678,2021-11-03 17:00:00,1765.147994171842,1781.636002914079,1764.907994171842,target,5,86.91476674980731,-1.92,-0.0,0.0,86.91476674980731,116.96398383749924,1.9318984867677984,0.24141916201831917,2.4987877597158397,break_dn
XAUUSD.a,15m,1,0.11,2021-11-04 11:45:00,1776.730734439854,2021-11-04 15:15:00,1783.892765979291,1772.7286170103546,1783.892765979291,target,14,78.78234693380773,-2.6399999999999997,-0.0,0.0,78.78234693380773,106.29170244310869,1.7895605677750093,0.3774837861373985,2.1361855844433855,break_up
XAUUSD.a,15m,1,0.15,2021-11-04 22:30:00,1793.2249181452232,2021-11-05 03:45:00,1790.1828274772988,1790.2228691033688,1798.4342617932625,stop,17,-45.63136001886619,-3.5999999999999996,-0.6006243910502288,-12.438,-58.06936001886619,-78.47104771403926,-1.289549442381204,1.0509215876348332,0.22154263488181924,break_up
XAUUSD.a,15m,1,0.18,2021-11-05 04:15:00,1795.1496222272308,2021-11-05 05:45:00,1792.6580558456087,1792.701604032442,1799.2367919351163,stop,6,-44.848194869197414,-4.32,-0.7838673629991533,0.0,-44.848194869197414,-60.72218970077366,-1.0177891597889182,1.2049020850865129,0.4045630767277651,break_up
XAUUSD.a,15m,1,0.04,2021-11-05 16:30:00,1802.1225730250792,2021-11-08 15:15:00,1821.6016651442765,1791.9141674278617,1821.6016651442765,target,87,77.9163684767891,-0.96,-0.0,-3.3168,74.5995684767891,100.64294277995911,1.8269152750240112,0.6183701230287967,2.171487678836245,break_up
XAUUSD.a,15m,1,0.07,2021-11-08 15:30:00,1823.9200368250165,2021-11-08 15:30:00,1817.8595264774249,1817.9345817149494,1835.0508365701014,stop,0,-42.423572433141324,-1.6800000000000002,-0.525386662672177,0.0,-42.423572433141324,-57.23401971471921,-1.0125396041143688,1.032509092687399,0.0016645643147186536,break_up
XAUUSD.a,15m,1,0.11,2021-11-08 16:15:00,1824.807825912741,2021-11-08 16:30:00,1820.5817086171548,1820.6703518527581,1832.0992962944838,stop,1,-46.4872902514478,-2.6399999999999997,-0.9750755916373366,0.0,-46.4872902514478,-62.66062388150238,-1.0214244812941866,1.0653422471872025,0.3050590937757203,break_up
XAUUSD.a,15m,1,0.11,2021-11-08 20:30:00,1826.5807550651998,2021-11-09 04:45:00,1822.5857204049878,1822.6291887969257,1833.6716224061483,stop,29,-43.94538126233215,-2.6399999999999997,-0.4781523113177949,-9.1212,-53.06658126233215,-71.67672654159078,-1.2208411380936064,1.187062229693671,0.16430065718821432,break_up
XAUUSD.a,15m,1,0.25,2021-11-09 07:45:00,1824.1331299233902,2021-11-09 08:15:00,1826.9393763651033,1822.3353118174482,1826.9393763651033,target,2,70.15616104282572,-6.0,-0.0,0.0,70.15616104282572,94.51568976629221,1.5609178884326445,0.16304759776391667,1.6669484341629381,break_up
XAUUSD.a,15m,1,0.12,2021-11-09 15:45:00,1830.177903649989,2021-11-09 16:00:00,1826.482204422182,1826.5583130775235,1836.5533738449533,stop,1,-44.34839073368585,-2.88,-0.9133038640993069,0.0,-44.34839073368585,-59.99024799622033,-1.0210268685968455,1.1597730643688693,0.0503085490928368,break_up
XAUUSD.a,15m,1,0.14,2021-11-09 23:00:00,1832.487005217094,2021-11-10 01:45:00,1829.2957909509241,1829.342142265432,1838.185715469136,stop,7,-44.676999726379115,-3.3600000000000003,-0.6489184031086385,-34.82640000000001,-79.50339972637912,-107.79098895885016,-1.8057430016683234,1.2423451441752522,0.06772784257368211,break_up
XAUUSD.a,15m,-1,0.21,2021-11-10 07:45:00,1825.162947127889,2021-11-10 10:15:00,1827.484828960382,1827.1930931136708,1821.1838137726586,stop,10,-48.75951848235013,-5.04,-1.0864527809330649,0.0,-48.75951848235013,-66.1433007981092,-1.1437019055547528,1.0083279165378554,1.0998948565904392,break_dn
XAUUSD.a,15m,-1,0.15,2021-11-10 13:15:00,1823.400424644153,2021-11-10 14:30:00,1826.6099711626953,1826.3244110528865,1817.6411778942272,stop,5,-48.14319777813466,-3.5999999999999996,-0.6834016471310898,0.0,-48.14319777813466,-65.40395573657388,-1.0976612302149755,1.015591367653842,0.22586447125074202,break_dn
XAUUSD.a,15m,1,0.02,2021-11-10 15:45:00,1851.3038160220335,2021-11-11 17:00:00,1859.7972356071107,1833.3764620391282,1886.4570759217434,signal,97,16.986839170154326,-0.48,-0.25105757155669695,-1.6584,15.328439170154326,20.977459142689064,0.42751538193452393,0.5524415946423133,0.9653507145822399,break_up
XAUUSD.a,15m,1,0.13,2021-11-11 21:30:00,1863.3571726429016,2021-11-12 02:15:00,1860.1736871643284,1860.213011536071,1868.8139769278578,stop,15,-41.385311221451275,-3.12,-0.5112168326533952,-10.7796,-52.16491122145128,-71.57251416147751,-1.2762340548821727,1.0518457962338246,0.0008992405294365594,break_up
XAUUSD.a,15m,-1,0.12,2021-11-12 10:00:00,1856.3850529114843,2021-11-12 11:00:00,1849.7709004719802,1859.86454976401,1849.5309004719802,target,4,79.36982927404915,-2.88,-0.0,0.0,79.36982927404915,108.83910547151713,1.9008933532165755,0.6768067879717409,1.9902454880674805,break_dn
XAUUSD.a,15m,-1,0.14,2021-11-12 12:30:00,1849.383798705166,2021-11-12 14:15:00,1852.6721847888039,1852.3614004026442,1843.6871991947116,stop,7,-46.03740517092866,-3.3600000000000003,-0.9909814062340256,0.0,-46.03740517092866,-63.08827260894942,-1.1043740626635383,1.5167244492972265,1.3916564826906432,break_dn
XAUUSD.a,15m,1,0.08,2021-11-12 17:30:00,1863.9320909673497,2021-11-15 03:30:00,1858.4884730821025,1858.551640219641,1873.5767195607177,stop,36,-43.548943081977995,-1.92,-0.505337100307909,-6.6336,-50.182543081978,-68.36486169960492,-1.165853602120345,1.2121830071815374,0.893588522243754,break_up
XAUUSD.a,15m,-1,0.14,2021-11-15 06:00:00,1856.8615856108595,2021-11-15 09:30:00,1860.1408794295444,1859.8471471573105,1851.0657056853793,stop,14,-45.91011346158849,-3.3600000000000003,-0.7522518112743414,0.0,-45.91011346158849,-62.431311396424235,-1.0983842629481473,1.6775451824445013,0.16465432154428805,break_dn
XAUUSD.a,15m,1,0.13,2021-11-15 12:30:00,1865.0969111044578,2021-11-15 12:45:00,1861.8245478644594,1861.8797097599545,1870.6705804800908,stop,1,-42.540722119979364,-3.12,-0.7171046414356586,0.0,-42.540722119979364,-57.75830192928918,-1.0171459257871196,1.0341009928215883,0.0,break_up
XAUUSD.a,15m,1,0.12,2021-11-15 21:00:00,1866.0188911643706,2021-11-15 22:30:00,1862.415064993708,1862.470118234865,1872.2497635302702,stop,6,-43.24591404795137,-2.88,-0.6606388938817083,0.0,-43.24591404795137,-58.87562665643524,-1.0155133174904352,1.1155662092254768,0.5441624116250134,break_up
XAUUSD.a,15m,1,0.06,2021-11-16 11:00:00,1872.4357954457087,2021-11-16 15:45:00,1865.818347177621,1865.9081552455916,1884.633689508817,stop,19,-39.70468960852577,-1.44,-0.5388484078241202,0.0,-39.70468960852577,-54.12233967438526,-1.0137581216515226,1.0732508580333484,0.7145315016301926,break_up
XAUUSD.a,15m,-1,0.09,2021-11-16 20:00:00,1852.1092589818206,2021-11-17 09:15:00,1856.8482682366864,1856.5613156561667,1843.3573686876668,stop,49,-42.651083293792,-2.16,-0.42257322467765907,8.162099999999999,-34.488983293792,-47.28339794325825,-0.8607503307285841,1.1816428682260598,0.6781717311054202,break_dn
XAUUSD.a,15m,1,0.1,2021-11-17 14:15:00,1863.5659683830493,2021-11-18 02:45:00,1870.8292030598216,1859.4753984700892,1870.8292030598216,target,46,72.63234676772299,-2.4,-0.0,-8.292,64.34034676772299,88.62306717317216,1.5728944410380292,0.8839766731752531,1.7978012290295267,break_up
XAUUSD.a,15m,-1,0.15,2021-11-18 12:15:00,1863.3312424895366,2021-11-18 14:30:00,1866.3476026163905,1866.0513178710944,1858.0073642578109,stop,9,-45.24540190280845,-3.5999999999999996,-0.8442711794431188,0.0,-45.24540190280845,-62.116147587600835,-1.1089251964504214,1.238479467629369,1.6805572818054528,break_dn
XAUUSD.a,15m,-1,0.14,2021-11-18 22:15:00,1857.6014429418412,2021-11-18 22:45:00,1860.7533994366456,1860.4557646700982,1852.0084706598038,stop,2,-44.12739092726134,-3.3600000000000003,-0.8068867316641986,0.0,-44.12739092726134,-60.6437036037399,-1.1042751290441046,1.225705225701758,0.09509892986277792,break_dn
XAUUSD.a,15m,1,0.21,2021-11-19 06:15:00,1863.824831576222,2021-11-19 07:45:00,1861.8428786046552,1861.8797542873388,1866.9204914253223,stop,6,-41.62101240290485,-5.04,-0.7743893363532512,0.0,-41.62101240290485,-57.15680303616481,-1.0189584665320564,1.7453453369819507,0.0,break_up
XAUUSD.a,15m,-1,0.14,2021-11-19 09:15:00,1857.9429108043348,2021-11-19 11:00:00,1852.620059518244,1860.764970240878,1852.380059518244,target,7,74.51991800527094,-3.3600000000000003,-0.0,0.0,74.51991800527094,102.88543145833347,1.8861584618539529,0.5092342057209143,2.2795093260737986,break_dn
XAUUSD.a,15m,-1,0.02,2021-11-19 19:45:00,1843.65443889555,2021-11-22 16:30:00,1811.9909688487535,1859.7195155756233,1811.7509688487535,target,79,63.32694009359284,-0.48,-0.0,0.6046,63.93154009359284,88.15103770229967,1.989767660832005,0.4317166511288842,2.002134165686594,break_dn
XAUUSD.a,15m,-1,0.06,2021-11-22 17:15:00,1816.2288525198821,2021-11-22 21:00:00,1803.782998644649,1822.7085006776754,1803.542998644649,target,15,74.67512325139842,-1.44,-0.0,0.0,74.67512325139842,103.34512891499683,1.9207607530764041,0.9168935311668684,2.115678534704724,break_dn
XAUUSD.a,15m,-1,0.18,2021-11-23 07:45:00,1807.8982029915446,2021-11-23 08:45:00,1803.7266408476653,1810.1516795761675,1803.4866408476653,target,4,75.0881185898279,-4.32,-0.0,0.0,75.0881185898279,103.99872382630143,1.8511672907298171,0.34249169204685925,2.0005546196074935,break_dn
XAUUSD.a,15m,-1,0.09,2021-11-23 11:45:00,1793.6575398823054,2021-11-23 11:45:00,1798.3649191860072,1798.0312290094653,1785.4275419810692,stop,0,-42.36641373331645,-2.16,-0.8432115888768501,0.0,-42.36641373331645,-58.642693242876945,-1.076294900446808,1.015723794841196,0.017728713690226227,break_dn
XAUUSD.a,15m,-1,0.08,2021-11-23 15:00:00,1791.740541651715,2021-11-23 18:15:00,1782.3089300137467,1796.6955349931266,1782.0689300137467,target,13,75.45289310374574,-1.92,-0.0,0.0,75.45289310374574,104.4996026587803,1.9034559661549875,0.36114243248917266,1.9718576753791048,break_dn
XAUUSD.a,15m,-1,0.11,2021-11-23 23:15:00,1789.8838459410117,2021-11-24 03:45:00,1794.0314647131006,1793.7308595865513,1782.3582808268975,stop,14,-45.62380649297779,-2.6399999999999997,-0.6666563920421554,9.9759,-35.647906492977796,-49.36425969061096,-0.8423985643633756,1.6158388380544095,0.44290093511551676,break_dn
XAUUSD.a,15m,1,0.16,2021-11-24 07:45:00,1795.1900776493865,2021-11-24 08:30:00,1792.5374782537021,1792.5859939583497,1799.5580120833008,stop,3,-42.44159033094911,-3.84,-0.7762512743616754,0.0,-42.44159033094911,-58.77603945622999,-1.0186306242055743,1.132865913465308,0.24957813485429933,break_up
XAUUSD.a,15m,1,0.14,2021-11-24 09:15:00,1795.5868238831658,2021-11-24 09:30:00,1792.6547471566535,1792.7106875653487,1800.4486248693024,stop,1,-41.049074171173295,-3.3600000000000003,-0.7831657217347736,0.0,-41.049074171173295,-56.8751547249332,-1.0194498460830033,1.2922975382428676,0.25144013945172794,break_up
XAUUSD.a,15m,-1,0.13,2021-11-24 12:15:00,1789.6686021267988,2021-11-24 15:15:00,1783.8944648040936,1792.7377675979533,1783.6544648040935,target,12,75.06378519516761,-3.12,-0.0,0.0,75.06378519516761,104.33205720206207,1.8813379001468953,0.5217698062394884,2.547468424326352,break_dn
XAUUSD.a,15m,1,0.09,2021-11-25 02:15:00,1792.0360419126916,2021-11-26 07:30:00,1796.4473171972516,1787.4435431627542,1800.6329136744914,signal,97,39.701477561039155,-2.16,-0.588290449471189,-7.4628,32.238677561039154,45.12692827693051,0.779983943296375,0.9093180292642644,1.5686358297661902,break_up
XAUUSD.a,15m,1,0.18,2021-11-26 08:30:00,1799.373053699742,2021-11-26 08:45:00,1803.122609972239,1797.0886950138804,1803.122609972239,target,1,67.49201290494375,-4.32,-0.0,0.0,67.49201290494375,94.56238760447754,1.641404344993457,0.2902581384638892,1.7672120955625163,break_up
XAUUSD.a,15m,1,0.05,2021-11-26 13:30:00,1814.1486706988603,2021-11-26 15:00:00,1805.5050331698087,1805.61028165251,1830.29943669498,stop,6,-43.21818764525801,-1.2,-0.5262424135057848,0.0,-43.21818764525801,-60.49324306826143,-1.0123265035277569,1.042195506734834,0.16412104127986715,break_up
XAUUSD.a,15m,-1,0.03,2021-11-26 18:45:00,1785.4565036870079,2021-11-29 10:45:00,1798.952622674193,1798.6389025924036,1759.3721948151926,stop,47,-40.48835696155538,-0.72,-0.22116024536823917,0.9068999999999999,-39.58145696155538,-55.41913830690177,-1.0008663128669772,1.0478742459642951,0.4867478015994127,break_dn
XAUUSD.a,15m,-1,0.13,2021-11-29 14:15:00,1792.6250770220772,2021-11-29 16:00:00,1786.8813698318045,1795.6993150840979,1786.6413698318045,target,7,74.66819347354567,-3.12,-0.0,0.0,74.66819347354567,104.66965736370422,1.8683352018930863,0.4797686282477578,2.0411812278300983,break_dn
XAUUSD.a,15m,1,0.12,2021-11-30 12:00:00,1797.416195120985,2021-11-30 13:30:00,1793.8065346326555,1793.8715367546574,1803.316926490685,stop,6,-43.315925859955314,-2.88,-0.7800254640220653,0.0,-43.315925859955314,-60.741426211514636,-1.0183380499005004,1.1245639802277487,0.13084614399540165,break_up
XAUUSD.a,15m,1,0.05,2021-11-30 17:00:00,1802.6947600400763,2021-11-30 17:30:00,1794.5530334441028,1794.675663393895,1817.8186732122101,stop,2,-40.708632979867616,-1.2,-0.6131497489615679,0.0,-40.708632979867616,-57.39673314045486,-1.0152922399121758,1.4371643775567244,0.7513614345567264,break_up
XAUUSD.a,15m,1,0.09,2021-12-01 13:00:00,1786.6028360042242,2021-12-01 18:45:00,1781.7820690594851,1781.8845276571578,1795.1609446856842,stop,23,-43.38690250265131,-2.16,-0.922127379053884,0.0,-43.38690250265131,-60.835837379976034,-1.0217151127345034,1.1154073911885136,1.2011008138752588,break_up
XAUUSD.a,15m,-1,0.07,2021-12-01 21:15:00,1779.7721581376497,2021-12-02 10:15:00,1769.286236362278,1785.2368818188609,1769.046236362278,target,48,73.40145242760195,-1.6800000000000002,-0.0,2.1161000000000003,75.51755242760196,106.19373733016741,1.9741568658748274,0.6602057254523027,2.256684666427005,break_dn
XAUUSD.a,15m,-1,0.05,2021-12-02 16:45:00,1770.1685820775965,2021-12-03 15:30:00,1778.3113263235543,1777.9932361147662,1754.7335277704676,stop,87,-40.713721229789144,-1.2,-0.3904510439407011,1.5115,-39.202221229789146,-55.49106988334675,-1.002018007277143,1.0903252567942914,1.0682366323022765,break_dn
XAUUSD.a,15m,1,0.06,2021-12-03 18:30:00,1777.1911277836527,2021-12-06 19:45:00,1781.4049518182712,1770.6349579909368,1789.2200840181263,signal,97,25.282944207710898,-1.44,-0.5405781807465424,-4.9752,20.307744207710897,28.824936421550696,0.5162502103558779,0.31132930479018106,1.6135750828327433,break_up
XAUUSD.a,15m,-1,0.21,2021-12-07 05:45:00,1778.6145447238848,2021-12-07 07:45:00,1780.9009378643048,1780.6237556269816,1774.672488746037,stop,8,-48.01425594881857,-5.04,-0.7808269837854176,0.0,-48.01425594881857,-67.80908364707176,-1.137955770046793,1.3863429029884542,0.8732506483916826,break_dn
XAUUSD.a,15m,1,0.12,2021-12-07 09:00:00,1783.607453358772,2021-12-07 11:00:00,1780.0462921158753,1780.0952806814994,1789.709438637001,stop,8,-42.73393491476145,-2.88,-0.5878627874878586,0.0,-42.73393491476145,-60.223417628153506,-1.0139482224040666,1.605118505491507,0.2655184488115832,break_up
XAUUSD.a,15m,1,0.1,2021-12-07 18:30:00,1786.0690780845243,2021-12-07 19:45:00,1782.0547087365876,1782.122275579934,1793.1554488401318,stop,5,-40.14369347936736,-2.4,-0.675668433463889,0.0,-40.14369347936736,-56.454538841434655,-1.0171193879774396,1.03858201157947,0.4436304865620192,break_up
XAUUSD.a,15m,1,0.18,2021-12-08 03:45:00,1786.8453713925376,2021-12-08 07:45:00,1790.6336437621176,1784.553178118941,1790.6336437621176,target,16,68.18890265243999,-4.32,-0.0,0.0,68.18890265243999,95.65539187559968,1.6526845328518802,0.1332223578417883,1.7427102040111764,break_up
XAUUSD.a,15m,1,0.15,2021-12-08 12:45:00,1792.3715305131875,2021-12-08 13:00:00,1789.6714503502776,1789.7215392793603,1796.8569214412792,stop,1,-40.50120244364848,-3.5999999999999996,-0.7513339362411664,0.0,-40.50120244364848,-56.75855549371257,-1.0189015451988255,1.0119016542234673,0.10508317282635153,break_up
XAUUSD.a,15m,-1,0.1,2021-12-08 15:15:00,1783.0139953579,2021-12-09 09:15:00,1787.3589454216994,1787.0792175705644,1775.021564858871,stop,68,-43.44950063799388,-2.4,-0.39727851134964787,3.023,-40.426500637993875,-56.39857789898699,-0.9944474993778544,1.0075721394367028,0.8398053487124384,break_dn
XAUUSD.a,15m,-1,0.15,2021-12-09 11:45:00,1782.3875436327771,2021-12-09 14:15:00,1777.4136187180536,1785.0431906409733,1777.1736187180536,target,10,74.60887372085267,-3.5999999999999996,-0.0,0.0,74.60887372085267,104.46349633980576,1.8729616170268015,0.6674292034116679,2.6839198171968013,break_dn
XAUUSD.a,15m,-1,0.23,2021-12-10 06:00:00,1778.486610032429,2021-12-10 08:00:00,1775.144670159026,1780.327664920487,1774.904670159026,target,8,76.8646170882721,-5.52,-0.0,0.0,76.8646170882721,107.40531976283393,1.8152309825637518,0.5124181650912831,2.5890645973392465,break_dn
XAUUSD.a,15m,-1,0.17,2021-12-10 08:15:00,1774.4315923372951,2021-12-10 15:15:00,1777.1840102811052,1776.8911818379556,1769.5976363240889,stop,28,-46.791105044771484,-4.08,-0.8980835335433169,0.0,-46.791105044771484,-65.1895524259463,-1.119055819302748,1.2841198345726492,1.761103767979158,break_dn
XAUUSD.a,15m,1,0.16,2021-12-10 23:00:00,1783.0286016245832,2021-12-13 04:00:00,1787.3726225075668,1780.5136887462165,1787.3726225075668,target,16,69.50433412773782,-3.84,-0.0,-13.2672,56.23713412773782,78.48976835369345,1.3975915083254724,0.9656802211616036,2.0562932497190465,break_up
XAUUSD.a,15m,1,0.21,2021-12-13 10:45:00,1787.715279774366,2021-12-13 11:15:00,1785.65247125727,1785.6934509654425,1790.8730980691153,stop,2,-43.318978859017534,-5.04,-0.8605738716231446,0.0,-43.318978859017534,-60.66828965031936,-1.0202686340166895,2.16402088794823,0.0,break_up
XAUUSD.a,15m,1,0.18,2021-12-13 13:30:00,1788.0369770624463,2021-12-13 15:00:00,1785.741723240852,1785.7919164789498,1791.6961670421003,stop,6,-41.31456878869767,-4.32,-0.9034782857596532,0.0,-41.31456878869767,-57.91464287634422,-1.0223571864682681,1.1389345486899998,1.573687126095796,break_up
XAUUSD.a,15m,1,0.17,2021-12-14 03:00:00,1788.1645759719363,2021-12-14 06:00:00,1785.7647150129098,1785.7999476649775,1792.1301046700453,stop,12,-40.797636303449735,-4.08,-0.5989550851484389,0.0,-40.797636303449735,-57.43233895975243,-1.0148998690254822,1.0507258010167708,0.5774370644406946,break_up
XAUUSD.a,15m,-1,0.2,2021-12-14 10:00:00,1784.6457104461535,2021-12-14 15:15:00,1780.8844172780757,1786.6527913609623,1780.6444172780757,target,21,75.22586336155655,-4.8,-0.0,0.0,75.22586336155655,105.74787151771449,1.8740117253500228,0.5302673878237301,2.8477728047641504,break_dn
XAUUSD.a,15m,-1,0.1,2021-12-14 15:30:00,1779.7394510587976,2021-12-14 15:45:00,1772.2544579157543,1783.6627710421228,1772.0144579157543,target,1,74.84993143043312,-2.4,-0.0,0.0,74.84993143043312,105.21940963272716,1.9078212266284291,0.40540892610402085,2.082280082562544,break_dn
XAUUSD.a,15m,-1,0.15,2021-12-14 21:00:00,1771.2819575605479,2021-12-15 16:30:00,1766.1972440987695,1773.9563779506152,1765.9572440987695,target,74,76.27070192667588,-3.5999999999999996,-0.0,13.603499999999999,89.87420192667588,126.19236440139831,2.2403409292087995,0.9677021791577275,2.614382385998748,break_dn
XAUUSD.a,15m,-1,0.12,2021-12-15 18:00:00,1766.0815778506908,2021-12-15 21:00:00,1759.535668381039,1769.5471658094807,1759.295668381039,target,12,78.55091363582233,-2.88,-0.0,0.0,78.55091363582233,109.96907970855708,1.8888308556847349,0.6430141655060627,3.794905224475359,break_dn
XAUUSD.a,15m,1,0.11,2021-12-16 03:30:00,1781.202404800418,2021-12-16 13:00:00,1788.138119589664,1777.2659402051681,1788.138119589664,target,38,76.29286268170654,-2.6399999999999997,-0.0,0.0,76.29286268170654,105.8505781143606,1.7619146880211793,0.26988806191725706,1.7674730792645443,break_up
XAUUSD.a,15m,1,0.16,2021-12-16 13:15:00,1788.2885044202408,2021-12-16 14:00:00,1785.6136319339257,1785.661075890523,1792.7078482189538,stop,3,-42.797959781040845,-3.84,-0.7591033055595529,0.0,-42.797959781040845,-59.34106067641059,-1.018057182549685,1.5522798714067998,0.019599231406945774,break_up
XAUUSD.a,15m,1,0.12,2021-12-16 16:15:00,1790.5285508860775,2021-12-16 16:30:00,1786.928285491778,1787.0089813688144,1796.7020372623713,stop,1,-43.203184731592955,-2.88,-0.9683505244368116,0.0,-43.203184731592955,-60.045287392243274,-1.0229277690468965,1.0167581201408389,0.716408385046818,break_up
XAUUSD.a,15m,1,0.06,2021-12-16 17:00:00,1793.9600874259156,2021-12-17 08:45:00,1807.08808845422,1786.8709557728898,1807.08808845422,target,59,78.76800616982655,-1.44,-0.0,-4.9752,73.79280616982655,103.02660547270722,1.7348811716672015,0.10721869237555358,1.8803307974108314,break_up
XAUUSD.a,15m,1,0.16,2021-12-17 09:15:00,1807.4512283840338,2021-12-17 14:45:00,1812.0106905213659,1804.7646547393172,1812.0106905213659,target,22,72.95139419731277,-3.84,-0.0,0.0,72.95139419731277,101.90165413788625,1.6971290350810155,0.5811224967177012,1.8606493910177018,break_up
XAUUSD.a,15m,1,0.12,2021-12-17 20:30:00,1804.4119688716376,2021-12-17 20:30:00,1800.900261296677,1800.9632146041333,1810.1635707917333,stop,0,-42.14049089952732,-2.88,-0.7554396894753634,0.0,-42.14049089952732,-59.03352417842559,-1.01825392665681,1.0589240602173715,0.0,break_up
XAUUSD.a,15m,-1,0.09,2021-12-17 20:45:00,1800.8473146191939,2021-12-20 21:45:00,1791.695420528556,1805.6072897357221,1791.455420528556,target,96,82.36704681574042,-2.16,-0.0,2.7207,85.08774681574042,119.66829362437649,1.9861856121494454,0.693845093714496,2.207430577254269,break_dn
XAUUSD.a,15m,-1,0.2,2021-12-21 08:30:00,1789.3439270487893,2021-12-21 09:00:00,1791.8475499499034,1791.567176005353,1784.9456479892935,stop,2,-50.07245802228226,-4.8,-0.8074788910069279,0.0,-50.07245802228226,-70.40757336016516,-1.1261100083832536,1.2171704582257494,0.23565829064825783,break_dn
XAUUSD.a,15m,1,0.18,2021-12-21 15:00:00,1799.0698464012955,2021-12-21 15:30:00,1796.606024560476,1796.6563590641924,1803.087281871615,stop,2,-44.34879313475085,-4.32,-0.9060210668969774,0.0,-44.34879313475085,-62.215104772176886,-1.0208555076890529,1.3051016895229306,0.5677069763908957,break_up
XAUUSD.a,15m,-1,0.08,2021-12-21 17:45:00,1786.3523962043175,2021-12-22 14:30:00,1791.976636809146,1791.6956125633433,1775.8087748733137,stop,79,-44.99392483862721,-1.92,-0.3281939664211338,7.2552,-37.738724838627206,-52.63714131698728,-0.8828653544713536,1.27219325195396,0.2811782460913783,break_dn
XAUUSD.a,15m,1,0.12,2021-12-22 20:30:00,1801.5843929046687,2021-12-23 04:00:00,1807.803189229152,1798.033405385424,1807.803189229152,target,26,74.62555589379917,-2.88,-0.0,-9.9504,64.67515589379917,89.7231745263088,1.5177739418328453,0.1983653563554038,1.9249876430952202,break_up
XAUUSD.a,15m,1,0.19,2021-12-23 15:30:00,1808.4796617086258,2021-12-23 16:00:00,1806.154863899441,1806.2009079970767,1812.1381840058468,stop,2,-44.17115837451365,-4.56,-0.8748378550805525,0.0,-44.17115837451365,-61.1458607878205,-1.0202058245269885,1.373409374064523,0.6935099143732267,break_up
XAUUSD.a,15m,1,0.15,2021-12-23 20:00:00,1808.6428084665165,2021-12-27 01:00:00,1805.7775902310445,1805.8156280267347,1813.3887439465304,stop,16,-42.978273532079356,-3.5999999999999996,-0.5705669353502955,-12.438,-55.41627353207936,-76.65298226997629,-1.3067500692516945,1.0232132430640761,0.7241106738986659,break_up
XAUUSD.a,15m,-1,0.28,2021-12-27 13:30:00,1804.8271532518372,2021-12-27 13:30:00,1806.6466180667126,1806.3723479444686,1801.8353041110624,stop,0,-50.94501481650969,-6.720000000000001,-0.9595634228294104,0.0,-50.94501481650969,-70.6039897118877,-1.1774987472788048,1.0696689265402934,0.06287444054816815,break_dn
XAUUSD.a,15m,-1,0.16,2021-12-27 15:30:00,1803.6799065074922,2021-12-27 15:30:00,1806.6010141040306,1806.3158738652687,1798.4982522694627,stop,0,-46.73772154461403,-3.84,-0.7222438201897687,0.0,-46.73772154461403,-64.64146929534603,-1.1081729020356272,1.726156994730735,0.26931536363598935,break_dn
XAUUSD.a,15m,1,0.14,2021-12-27 17:15:00,1811.5965838209497,2021-12-27 19:45:00,1808.4885038220732,1808.538954112321,1816.9420917753575,stop,10,-43.51311998427128,-3.3600000000000003,-0.7063040634706693,0.0,-43.51311998427128,-60.14419193933664,-1.0164998037877309,1.3103561263953079,0.6159726188345543,break_up
XAUUSD.a,15m,1,0.18,2021-12-28 08:45:00,1815.4098279572463,2021-12-28 15:30:00,1819.255309925651,1812.9923450371743,1819.255309925651,target,27,69.2186754312861,-4.32,-0.0,0.0,69.2186754312861,95.4134968589393,1.5906966442146837,0.8106894741526957,1.993880495590111,break_up
XAUUSD.a,15m,-1,0.12,2021-12-28 18:45:00,1809.4342208949572,2021-12-29 10:00:00,1802.94210177811,1812.853949110945,1802.70210177811,target,57,77.90542940216528,-2.88,-0.0,10.8828,88.78822940216529,122.7594527661389,2.1636278234789192,0.7853779409972487,2.1095889612599965,break_dn
XAUUSD.a,15m,-1,0.14,2021-12-29 10:15:00,1802.5668793705606,2021-12-29 12:30:00,1796.6009813945495,1805.719509302725,1796.3609813945495,target,9,83.52257166415531,-3.3600000000000003,-0.0,0.0,83.52257166415531,115.68383449099753,1.892355939130204,0.584629553451597,2.121047986742157,break_dn
XAUUSD.a,15m,-1,0.18,2021-12-29 15:00:00,1793.5628690860844,2021-12-29 16:45:00,1796.2480481237562,1795.9347017543635,1789.1705964912733,stop,7,-48.33322267809217,-4.32,-1.3202346490694798,0.0,-48.33322267809217,-66.73002261199234,-1.1321114990882293,1.4786586595336182,1.7466953472271787,break_dn
XAUUSD.a,15m,1,0.12,2021-12-29 20:30:00,1805.7540652261755,2021-12-30 02:45:00,1802.1113140473879,1802.1524742158836,1812.045051568233,stop,21,-43.71301414545178,-2.88,-0.49392202194913215,-9.9504,-53.66341414545178,-73.96035412910095,-1.2416599125243701,1.2505765405635008,0.0,break_up
XAUUSD.a,15m,-1,0.3,2021-12-30 07:00:00,1800.659049262742,2021-12-30 08:00:00,1798.0137667568101,1802.133116621595,1797.7737667568101,target,4,79.35847517795537,-7.199999999999999,-0.0,0.0,79.35847517795537,109.48714877894562,1.794546558571162,0.020996826957869218,1.987052521820292,break_dn
XAUUSD.a,15m,1,0.2,2021-12-30 14:45:00,1803.8735384161366,2021-12-30 15:00:00,1801.6757557465394,1801.7152271118725,1807.3695457762547,stop,1,-43.95565339194491,-4.8,-0.7894273066638818,0.0,-43.95565339194491,-60.54497712389106,-1.0182880779316563,1.0580208756842502,0.3875537241596462,break_up
XAUUSD.a,15m,1,0.12,2021-12-30 16:45:00,1807.8438891880007,2021-12-30 20:00:00,1814.2089567695623,1804.2505216152188,1814.2089567695623,target,13,76.38081097873874,-2.88,-0.0,0.0,76.38081097873874,105.38627561673184,1.7713377361597744,0.8609999186933868,1.8328519636805178,break_up
XAUUSD.a,15m,1,0.16,2021-12-30 21:45:00,1815.1392537902655,2021-12-31 09:00:00,1819.917054933749,1812.3314725331254,1819.917054933749,target,41,76.44481829573488,-3.84,-0.0,-13.2672,63.177618295734874,87.02630764192912,1.4063065395291499,0.35232580449411505,1.8024004529787923,break_up
XAUUSD.a,15m,1,0.24,2021-12-31 09:15:00,1819.7608700575229,2021-12-31 09:30:00,1817.8406812566786,1817.8750002653712,1822.7199994692576,stop,1,-46.08453122026185,-5.76,-0.8236562086221929,0.0,-46.08453122026185,-63.480813295859065,-1.018197973601049,1.3102018324943936,0.13210346945155246,break_up
XAUUSD.a,15m,1,0.19,2021-12-31 15:15:00,1822.839953978737,2021-12-31 15:30:00,1826.9565998080411,1820.4967000959796,1826.9565998080411,target,1,78.21627075677907,-4.56,-0.0,0.0,78.21627075677907,107.77005216084856,1.7568074290183078,0.48221577143287125,1.967369415318455,break_up
XAUUSD.a,15m,1,0.17,2022-01-03 07:45:00,1825.5943671227687,2022-01-03 09:00:00,1822.9818131042116,1823.0240780047577,1829.9418439904844,stop,5,-44.41341831547152,-4.08,-0.7185033092830904,0.0,-44.41341831547152,-61.20248362290751,-1.0164436367294047,1.77192794804854,0.06833195378703048,break_up
XAUUSD.a,15m,-1,0.24,2022-01-03 15:00:00,1821.7331382199798,2022-01-03 15:00:00,1818.3924899815745,1823.5787550092127,1818.1524899815745,target,0,80.17555772172636,-5.76,-0.0,0.0,80.17555772172636,111.00496728609296,1.810044348260202,0.16084692215201604,4.536769641903688,break_dn
XAUUSD.a,15m,-1,0.05,2022-01-03 15:15:00,1814.5793569185525,2022-01-03 18:00:00,1798.573656708733,1822.7631716456333,1798.333656708733,target,11,80.02850104909726,-1.2,-0.0,0.0,80.02850104909726,111.24958442100932,1.9557749953521808,0.07828171858871043,1.9867699185258196,break_dn
XAUUSD.a,15m,-1,0.14,2022-01-04 14:15:00,1801.9018112424212,2022-01-04 15:30:00,1805.400289626173,1805.0963284993888,1795.6273430012225,stop,5,-48.978697372524046,-3.3600000000000003,-0.8954557749775853,0.0,-48.978697372524046,-67.94952535692353,-1.0951508795643887,1.0512351280163401,1.058629824285687,break_dn
XAUUSD.a,15m,1,0.07,2022-01-04 17:00:00,1811.7038523093067,2022-01-05 11:30:00,1820.1305009691732,1805.2497495154134,1820.1305009691732,target,70,58.986540619065416,-1.6800000000000002,-0.0,-17.413200000000003,41.57334061906541,57.36469342513717,0.9201974076839708,0.6466975259916771,1.3101972436345957,break_up
XAUUSD.a,15m,1,0.2,2022-01-05 12:30:00,1819.6492969610401,2022-01-05 14:15:00,1817.3446715478917,1817.3889216491311,1823.422156701738,stop,7,-46.092508262968295,-4.8,-0.8850020247870977,0.0,-46.092508262968295,-63.573242849217685,-1.0195764398090341,1.1322442549944336,0.4869558754958549,break_up
XAUUSD.a,15m,1,0.15,2022-01-05 15:30:00,1821.3855028997582,2022-01-05 15:30:00,1826.3960926838404,1818.4219536580797,1826.3960926838404,target,0,75.15884676123278,-3.5999999999999996,-0.0,0.0,75.15884676123278,103.56167051731029,1.6907395070797917,0.09633816632538288,2.0328655301268888,break_up
XAUUSD.a,15m,1,0.06,2022-01-05 15:45:00,1827.4665669783471,2022-01-05 21:00:00,1819.9242284191994,1819.997113076598,1841.3057738468037,stop,21,-45.25403135488659,-1.44,-0.4373079443911081,0.0,-45.25403135488659,-62.650946055607754,-1.0097576955902425,1.7667378568675387,0.2882985891576984,break_up
XAUUSD.a,15m,-1,0.08,2022-01-05 22:30:00,1809.9532333138638,2022-01-06 08:45:00,1800.1260787319616,1815.0719606340192,1799.8860787319616,target,37,78.61723665521822,-1.92,-0.0,2.4184,81.03563665521823,113.14665827313353,1.978900994006229,0.29827075963285177,2.0577836354729055,break_dn
XAUUSD.a,15m,-1,0.14,2022-01-06 10:30:00,1797.6700909578865,2022-01-06 12:30:00,1801.0764470273673,1800.7574099599558,1791.6151800800885,stop,8,-47.68898497273131,-3.3600000000000003,-1.106518943761258,0.0,-47.68898497273131,-66.48030915985629,-1.103337901654368,3.067356834770333,1.2697395232753743,break_dn
XAUUSD.a,15m,-1,0.07,2022-01-06 15:15:00,1788.8118755751077,2022-01-06 16:45:00,1795.5029931737718,1795.162459651788,1776.2850806964238,stop,6,-46.83782319064836,-1.6800000000000002,-0.7037346538862588,0.0,-46.83782319064836,-65.41138634264138,-1.0536223940777836,1.0641736796633463,0.3120776846944466,break_dn
XAUUSD.a,15m,-1,0.12,2022-01-06 21:15:00,1787.2021701229137,2022-01-06 23:45:00,1791.0202898261653,1790.7260363858106,1780.3279272283787,stop,10,-45.81743643901882,-2.88,-0.6510412842566643,0.0,-45.81743643901882,-63.96671149010683,-1.083503010160414,1.0578806342161682,0.04602051009177706,break_dn
XAUUSD.a,15m,-1,0.24,2022-01-07 07:45:00,1791.5893599523988,2022-01-07 10:00:00,1788.1593623951053,1793.4553188024472,1787.9193623951053,target,9,82.31994137504444,-5.76,-0.0,0.0,82.31994137504444,115.11024607076158,1.838195712196198,0.22542836225475785,2.046861833153372,break_dn
XAUUSD.a,15m,-1,0.22,2022-01-07 10:15:00,1788.0528338292977,2022-01-07 10:45:00,1790.3753163432032,1790.0930248928305,1783.2139502143389,stop,2,-51.09461530592034,-5.279999999999999,-0.9304119081960052,0.0,-51.09461530592034,-71.44701080336765,-1.1383652028569575,1.2533954375205452,0.08471453109803748,break_dn
XAUUSD.a,15m,1,0.1,2022-01-07 19:45:00,1794.777363983005,2022-01-10 16:15:00,1790.41357936859,1790.482906057034,1802.4741878859322,stop,78,-43.637846144149535,-2.4,-0.6932668844398459,-8.292,-51.929846144149536,-72.55305084757182,-1.2092293611750087,1.0286196905762497,1.7563650982305032,break_up
XAUUSD.a,15m,1,0.19,2022-01-10 23:30:00,1801.979191624144,2022-01-11 03:30:00,1805.8337954206258,1799.6481022896871,1805.8337954206258,target,12,73.23747213315414,-4.56,-0.0,-15.754800000000001,57.48267213315414,80.09066506876518,1.2978497871196488,0.8104329577674734,1.699123374342393,break_up
XAUUSD.a,15m,1,0.2,2022-01-11 04:30:00,1806.5370690045181,2022-01-11 11:15:00,1810.1537103255596,1804.2681448372202,1810.1537103255596,target,27,72.3328264208294,-4.8,-0.0,0.0,72.3328264208294,100.68039978401733,1.5939895097281358,0.6818513491178287,1.6232058561340126,break_up
XAUUSD.a,15m,1,0.09,2022-01-11 18:00:00,1811.9846059968795,2022-01-11 21:45:00,1820.9024708554848,1807.0837645722577,1820.9024708554848,target,15,80.26078372744769,-2.16,-0.0,0.0,80.26078372744769,111.34804418286052,1.8196599493715384,0.4008711620435922,1.8824102238387355,break_up
XAUUSD.a,15m,1,0.23,2022-01-12 06:15:00,1819.0625103972855,2022-01-12 09:30:00,1817.0289447456614,1817.065593992321,1822.2688120153578,stop,13,-46.7720099873527,-5.52,-0.8429326731734705,0.0,-46.7720099873527,-64.91694539459633,-1.0183529198160346,1.3984112656609975,1.2206267606670345,break_up
XAUUSD.a,15m,1,0.07,2022-01-12 15:45:00,1824.010436502403,2022-01-13 17:00:00,1818.4757748521893,1817.428737546365,1836.33252490727,signal,97,-38.74263155149675,-1.6800000000000002,-0.6191520693505886,-5.804400000000001,-44.54703155149675,-61.03587251010036,-0.9669025722265239,0.9208012312448883,0.6274312339686329,break_up
XAUUSD.a,15m,1,0.14,2022-01-14 04:30:00,1825.4785833773897,2022-01-14 11:15:00,1822.30353050483,1822.3503135978592,1831.0193728042816,stop,27,-44.450740215836056,-3.3600000000000003,-0.6549633024087534,0.0,-44.450740215836056,-61.12756156087359,-1.014954941973158,1.2430460450803624,1.1672320100085831,break_up
XAUUSD.a,15m,-1,0.13,2022-01-14 13:30:00,1820.2789579258551,2022-01-14 14:00:00,1824.0222265822317,1823.735223695519,1813.429552608962,stop,2,-48.66249253289561,-3.12,-0.6110375272670927,0.0,-48.66249253289561,-67.14475885544555,-1.0830384310234098,1.0389947745523274,0.08649737774193268,break_dn
XAUUSD.a,15m,-1,0.01,2022-01-17 01:15:00,1817.2898930352546,2022-01-18 04:45:00,1821.9563561937111,1855.434392118763,1741.0912157624737,signal,97,-4.666463158456509,-0.24,-0.03271238742214856,0.3023,-4.364163158456509,-6.043124414551295,-0.11441133750117408,0.15493995482301698,0.1098426545353745,break_dn
XAUUSD.a,15m,-1,0.21,2022-01-18 09:15:00,1814.1892404364096,2022-01-18 09:30:00,1816.5476363391904,1816.2578498041894,1810.1443003916213,stop,1,-49.526313958396486,-5.04,-1.0455172350195248,0.0,-49.526313958396486,-68.76362595578763,-1.1400876064445207,1.4216118371090918,0.24134108845565266,break_dn
XAUUSD.a,15m,-1,0.15,2022-01-18 11:00:00,1811.9724659573515,2022-01-18 14:45:00,1815.205754598162,1814.909461783638,1806.2110764327238,stop,15,-48.499329612158135,-3.5999999999999996,-0.8443922178591486,0.0,-48.499329612158135,-67.48108362504784,-1.1008829538918714,1.4428124155716786,0.9814334537192551,break_dn
XAUUSD.a,15m,-1,0.13,2022-01-18 15:15:00,1807.74406161342,2022-01-18 15:30:00,1811.5109189494135,1811.1793547681054,1800.951290463789,stop,1,-48.969145367916326,-3.12,-1.1903343570037648,0.0,-48.969145367916326,-68.12814125033574,-1.096516997641333,3.5298118211661285,0.5775523438847815,break_dn
XAUUSD.a,15m,-1,0.19,2022-01-19 03:30:00,1812.4795130061682,2022-01-19 08:45:00,1814.9936161655426,1814.7181368771658,1808.0937262456684,stop,21,-47.767960028113066,-4.56,-0.6741064791604829,0.0,-47.767960028113066,-66.40433728798646,-1.1230574246731506,1.014233352572998,1.0048642093527522,break_dn
XAUUSD.a,15m,1,0.15,2022-01-19 11:15:00,1816.0097154382613,2022-01-19 15:15:00,1820.842597966601,1813.1887010166995,1820.842597966601,target,16,72.49323792509585,-3.5999999999999996,-0.0,0.0,72.49323792509585,100.35193998407489,1.7131718616539613,0.13460244490738082,2.9848427917915386,break_up
XAUUSD.a,15m,1,0.07,2022-01-19 15:30:00,1824.2782570541838,2022-01-19 17:00:00,1835.7061474173333,1817.9669262913335,1835.7061474173333,target,6,79.99523254204702,-1.6800000000000002,-0.0,0.0,79.99523254204702,110.78137729129902,1.810694256497594,0.3514721597608094,2.098090473052006,break_up
XAUUSD.a,15m,1,0.22,2022-01-20 08:00:00,1839.5562258397297,2022-01-20 11:45:00,1837.4790965338345,1837.5254035017326,1842.7891929965347,stop,15,-45.69684472969311,-5.279999999999999,-1.0187532937562016,0.0,-45.69684472969311,-63.19574710232764,-1.0228020772825266,1.2340940873250144,1.267355648061701,break_up
XAUUSD.a,15m,1,0.11,2022-01-20 16:00:00,1846.7127964553492,2022-01-20 16:45:00,1842.5297881659367,1842.6050435663024,1854.0799128673955,stop,3,-46.01309118353811,-2.6399999999999997,-0.8278094040221379,0.0,-46.01309118353811,-63.329192209337165,-1.018320332892064,1.16676844610807,0.07235185579036042,break_up
XAUUSD.a,15m,-1,0.21,2022-01-21 01:45:00,1838.3222112987894,2022-01-21 04:30:00,1840.7182585339624,1840.4330792137407,1834.1838415725183,stop,11,-50.31699193863301,-5.04,-0.9487657246547347,0.0,-50.31699193863301,-69.8885937255306,-1.1351005044900047,1.325421018242642,0.962737310276615,break_dn
XAUUSD.a,15m,1,0.24,2022-01-21 07:45:00,1841.7421130308062,2022-01-21 08:30:00,1839.8695197807356,1839.902621418134,1844.634757163732,stop,3,-44.94223800169493,-5.76,-0.7944392975636332,0.0,-44.94223800169493,-62.48486340173088,-1.0179949922959122,1.0884056317591781,0.16193983551848584,break_up
XAUUSD.a,15m,-1,0.12,2022-01-21 20:15:00,1831.76349037794,2022-01-24 01:15:00,1835.6104915203423,1835.3124411878514,1824.835117624297,stop,16,-46.16401370882886,-2.88,-0.6966039898912981,3.6275999999999997,-42.53641370882886,-59.18274415820804,-0.9988025566606251,1.2698146194290219,0.9111116358416211,break_dn
XAUUSD.a,15m,1,0.17,2022-01-24 04:45:00,1837.4825621187485,2022-01-24 10:45:00,1841.65228455133,1834.988857724335,1841.65228455133,target,24,70.88528135388492,-4.08,-0.0,0.0,70.88528135388492,99.11114407500583,1.6720997251810013,0.7549259338701221,1.691234089613661,break_up
XAUUSD.a,15m,1,0.08,2022-01-25 17:00:00,1850.6855476072153,2022-01-25 17:00:00,1845.6901615678605,1845.7884829786835,1859.4730340426327,stop,0,-39.96308831483839,-1.92,-0.7865712865834086,0.0,-39.96308831483839,-55.97071192554396,-1.0200776216532181,1.9635329195355697,0.14793604898818175,break_up
XAUUSD.a,15m,1,0.15,2022-01-26 04:45:00,1848.9763801193358,2022-01-26 09:00:00,1846.1102853447426,1846.1414551126966,1853.847089774607,stop,17,-42.9914216188979,-3.5999999999999996,-0.4675465193089974,0.0,-42.9914216188979,-60.095083267725165,-1.010994917989365,1.004040711013392,0.0,break_up
XAUUSD.a,15m,-1,0.17,2022-01-26 14:00:00,1843.0907784759793,2022-01-26 14:30:00,1845.903885192285,1845.6201920476972,1838.1196159046053,stop,2,-47.82281417719878,-4.08,-0.7427834579945976,0.0,-47.82281417719878,-66.6743080294437,-1.1121576747116286,1.5099237098767175,0.16635416235765102,break_dn
XAUUSD.a,15m,-1,0.08,2022-01-26 16:15:00,1840.3001512966937,2022-01-26 19:00:00,1831.0121570604836,1845.138921469758,1830.7721570604836,target,11,74.303953889681,-1.92,-0.0,0.0,74.303953889681,103.63607109039569,1.9194948104609022,0.03923490815148452,2.289869305711739,break_dn
XAUUSD.a,15m,-1,0.11,2022-01-26 19:30:00,1830.1367565072644,2022-01-26 21:30:00,1822.9793569832552,1833.9153215083725,1822.7393569832552,target,8,78.73139476410097,-2.6399999999999997,-0.0,0.0,78.73139476410097,110.48934808383873,1.8942110356472028,0.8318616966530439,2.6456489445947766,break_dn
XAUUSD.a,15m,-1,0.04,2022-01-26 21:45:00,1822.5012232813106,2022-01-27 15:30:00,1804.3091474165797,1831.83542629171,1804.0691474165797,target,67,72.76830345892358,-0.96,-0.0,1.2092,73.97750345892358,104.50275951253508,1.9813556491245985,0.2880563788567543,2.153501831802363,break_dn
XAUUSD.a,15m,-1,0.09,2022-01-27 15:45:00,1803.350288400264,2022-01-27 16:30:00,1808.1591627275402,1807.8057129910494,1794.6185740179014,stop,3,-43.27986894548644,-2.16,-1.0210476284165386,0.0,-43.27986894548644,-61.10300425729757,-1.0793302028322491,1.6092095048728146,1.3198042701531263,break_dn
XAUUSD.a,15m,-1,0.23,2022-01-28 06:15:00,1798.675126504932,2022-01-28 10:00:00,1795.4120851465177,1800.4939574267412,1795.1720851465177,target,15,75.04995124352854,-5.52,-0.0,0.0,75.04995124352854,107.11933893341403,1.7940322650598721,0.1511264690808274,2.757335189762091,break_dn
XAUUSD.a,15m,-1,0.17,2022-01-28 10:15:00,1793.6412354065624,2022-01-28 12:30:00,1789.0197745528744,1796.130112723563,1788.7797745528744,target,9,78.56483451269514,-4.08,-0.0,0.0,78.56483451269514,112.51515841190265,1.8568455833964246,0.28879068828661675,2.037559413605033,break_dn
XAUUSD.a,15m,-1,0.2,2022-01-28 12:45:00,1789.3779427741829,2022-01-28 13:00:00,1785.3830978619587,1791.5284510690208,1785.1430978619587,target,1,79.89689824448305,-4.8,-0.0,0.0,79.89689824448305,114.46875017118406,1.8576282276210845,0.03350706713855909,4.151550029178493,break_dn
XAUUSD.a,15m,1,0.09,2022-01-31 10:30:00,1791.6040816173531,2022-02-01 07:00:00,1800.1196342066642,1786.9651828966678,1800.1196342066642,target,78,76.63997330379925,-2.16,-0.0,-7.4628,69.17717330379925,97.89730595049637,1.6569347709698332,0.6906987650033609,1.980193777821843,break_up
XAUUSD.a,15m,1,0.21,2022-02-01 09:30:00,1804.0286759362566,2022-02-01 10:15:00,1801.8955837475519,1801.9407068699768,1807.3985862600464,stop,3,-44.79493596279917,-5.04,-0.9475855709228297,0.0,-44.79493596279917,-63.232172952202326,-1.021611010983658,1.0338639451698788,0.17783982997654474,break_up
XAUUSD.a,15m,1,0.18,2022-02-01 11:00:00,1804.970421112723,2022-02-01 15:30:00,1802.3997433841512,1802.4620939303047,1809.2658121393906,stop,18,-46.27219911429256,-4.32,-1.122309830762715,0.0,-46.27219911429256,-65.14458554736387,-1.0248574215479445,1.1005028100288092,1.5147859951881684,break_up
XAUUSD.a,15m,-1,0.16,2022-02-01 21:45:00,1800.7518285475592,2022-02-02 09:30:00,1795.4854938628407,1803.5322530685796,1795.2454938628407,target,43,84.26135495549534,-3.84,-0.0,14.5104,98.77175495549534,138.380367563074,2.2202489720716483,0.589180335612815,2.2125500983934154,break_dn
XAUUSD.a,15m,-1,0.13,2022-02-02 09:45:00,1795.3236007657067,2022-02-02 10:15:00,1798.9523983368535,1798.6700151435202,1788.6799697129593,stop,2,-47.174368424908835,-3.12,-0.5509815133328887,0.0,-47.174368424908835,-66.20871064954714,-1.0843838094903897,1.4422598905539168,0.2700205843297379,break_dn
XAUUSD.a,15m,1,0.21,2022-02-02 13:00:00,1802.9783731900413,2022-02-02 15:15:00,1806.493868626527,1800.8030656867365,1806.493868626527,target,9,73.82540416619986,-5.04,-0.0,0.0,73.82540416619986,103.45778212141576,1.6160912565900958,0.5784806001586223,2.3498410234841924,break_up
XAUUSD.a,15m,1,0.09,2022-02-02 17:30:00,1806.6837097909483,2022-02-03 14:00:00,1801.9152338998367,1801.9582957171453,1815.2534085657096,stop,78,-42.916283020004585,-2.16,-0.3875563557778236,-7.4628,-50.379083020004586,-70.70053892249825,-1.1845894991815253,1.1922150531063196,0.8647475428038013,break_up
XAUUSD.a,15m,1,0.21,2022-02-04 04:00:00,1807.4632493914971,2022-02-04 11:45:00,1810.9517896725329,1805.3091051637336,1810.9517896725329,target,31,73.25934590175052,-5.04,-0.0,0.0,73.25934590175052,103.02401369974338,1.6194552974095338,0.767473862794068,2.0642771041935974,break_up
XAUUSD.a,15m,1,0.2,2022-02-04 12:00:00,1811.2772599210896,2022-02-04 15:30:00,1808.9151070915204,1808.9953251083457,1815.0393497833086,stop,14,-47.24305659138281,-4.8,-1.6043603365028958,0.0,-47.24305659138281,-66.95824110122855,-1.0351535093716366,6.493287993302803,1.5875738687532408,break_up
XAUUSD.a,15m,1,0.01,2022-02-07 01:15:00,1809.665033500155,2022-02-08 02:30:00,1820.597403536675,1776.1036370460663,1875.9627259078677,signal,97,10.93237003652007,-0.24,-0.04519292664953185,-0.8292,10.10317003652007,14.163587221050959,0.30103544857976916,0.029052232718885095,0.4140163392441958,break_up
XAUUSD.a,15m,1,0.23,2022-02-08 04:15:00,1823.2037029160692,2022-02-08 06:45:00,1821.2598875515384,1821.2873891347344,1826.1552217305314,stop,10,-44.70775338420822,-5.52,-0.6325364135101552,0.0,-44.70775338420822,-62.78561571784827,-1.0143512943777104,1.1395330646467565,0.018941096330003904,break_up
XAUUSD.a,15m,-1,0.23,2022-02-08 13:30:00,1817.5820487517028,2022-02-08 15:00:00,1819.7893282990083,1819.5068920335118,1813.816215932976,stop,6,-50.76742958802561,-5.52,-0.9760341064209911,0.0,-50.76742958802561,-71.25553298809157,-1.1467320836795787,1.2613760669467908,0.17250690216751097,break_dn
XAUUSD.a,15m,1,0.11,2022-02-08 16:00:00,1824.3057374475713,2022-02-08 16:30:00,1820.324650615417,1820.3801630794953,1831.2396738410093,stop,2,-43.79195515369656,-2.6399999999999997,-0.6106371048597544,0.0,-43.79195515369656,-61.44859421560992,-1.014141233580916,1.0688212868140985,0.03674941267241995,break_up
XAUUSD.a,15m,1,0.1,2022-02-08 17:30:00,1827.4227015702927,2022-02-09 18:45:00,1832.8685622556793,1823.114452337467,1835.1910953250665,signal,97,54.45860685386606,-2.4,-0.8287548864161207,-24.875999999999998,29.58260685386606,41.193370169975296,0.6866503132749979,0.6946444851635732,1.301526008983797,break_up
XAUUSD.a,15m,1,0.11,2022-02-09 19:30:00,1835.7405261385834,2022-02-09 22:15:00,1831.8028692016196,1831.847976347725,1842.56404730455,stop,11,-43.31422630660154,-2.6399999999999997,-0.4961786071605186,0.0,-43.31422630660154,-60.30690211575893,-1.0115880717085237,1.1638967725533882,0.022985925992948485,break_up
XAUUSD.a,15m,-1,0.29,2022-02-10 14:30:00,1830.9982014187376,2022-02-10 15:00:00,1832.8265733838837,1832.5530915453633,1827.9838169092734,stop,2,-53.022786989235776,-6.959999999999999,-0.9709733170910602,0.0,-53.022786989235776,-74.0117907193308,-1.1758849926675579,1.0558936307772728,0.22393956510172677,break_dn
XAUUSD.a,15m,-1,0.24,2022-02-10 15:15:00,1830.6971302904399,2022-02-10 15:30:00,1832.8452961945977,1832.5398848134246,1827.080230373151,stop,1,-51.55598169978839,-5.76,-1.5698731481564678,0.0,-51.55598169978839,-71.964352395679,-1.1657363351242627,3.5560187902545253,4.942128849418943,break_dn
XAUUSD.a,15m,1,0.05,2022-02-10 17:45:00,1840.698493039668,2022-02-10 19:45:00,1832.0705419717044,1832.1682594024985,1856.8334811950033,stop,8,-43.13975533981761,-1.2,-0.4885871539700899,0.0,-43.13975533981761,-59.788446017986,-1.0114554225535277,1.01503586044111,0.14436966356536685,break_up
XAUUSD.a,15m,-1,0.17,2022-02-11 03:15:00,1824.0925937286822,2022-02-11 04:45:00,1826.964945800568,1826.6766939616525,1819.0066120766946,stop,6,-48.829985222059804,-4.08,-0.8202812615637345,0.0,-48.829985222059804,-68.30514942656083,-1.111548242300282,1.1251135827559828,0.1403172075354954,break_dn
XAUUSD.a,15m,-1,0.21,2022-02-11 06:15:00,1824.0829597009213,2022-02-11 09:45:00,1826.4641868206002,1826.178121367387,1819.973757265226,stop,14,-50.00576951325684,-5.04,-0.9673745174788799,0.0,-50.00576951325684,-70.19338786251662,-1.1365362195156226,1.0104424555695788,1.5430597803820563,break_dn
XAUUSD.a,15m,-1,0.15,2022-02-11 13:15:00,1825.38207518531,2022-02-11 14:00:00,1828.4188881120383,1828.1355319798183,1819.9589360403636,stop,3,-45.55219390092475,-3.5999999999999996,-0.6503419832979839,0.0,-45.55219390092475,-63.6746304825686,-1.1029092349606215,1.0306770821137163,0.0,break_dn
XAUUSD.a,15m,1,0.08,2022-02-11 19:15:00,1840.0314678886862,2022-02-11 20:30:00,1849.5547449354278,1834.832627532286,1849.5547449354278,target,5,76.18621637393335,-1.92,-0.0,0.0,76.18621637393335,106.6078254420874,1.831807940595439,0.27342018435637433,2.1001860728176704,break_up
XAUUSD.a,15m,1,0.08,2022-02-14 10:30:00,1858.4633989919312,2022-02-14 14:30:00,1853.4461700509687,1853.5121477567723,1867.5157044864557,stop,16,-40.137831527699745,-1.92,-0.5278216464277466,0.0,-40.137831527699745,-56.34407895854647,-1.0133254611147688,1.2448164512769684,0.007392274463659628,break_up
XAUUSD.a,15m,1,0.08,2022-02-14 16:00:00,1861.7659878967993,2022-02-14 20:45:00,1871.159658116844,1856.625170941578,1871.159658116844,target,19,75.14936176035735,-1.92,-0.0,0.0,75.14936176035735,105.57354634648837,1.8272718717409437,0.33574194759965925,2.1580251154309384,break_up
XAUUSD.a,15m,1,0.11,2022-02-15 04:45:00,1876.4271477779703,2022-02-15 10:00:00,1872.349700264485,1872.4125042631451,1883.62499147371,stop,21,-44.85192264833904,-2.6399999999999997,-0.6908439852627284,0.0,-44.85192264833904,-62.681745018991045,-1.0156437298674985,1.929722464612813,0.7629200975676512,break_up
XAUUSD.a,15m,-1,0.17,2022-02-16 02:30:00,1852.0566439682045,2022-02-16 07:45:00,1854.849453528291,1854.575871347684,1847.118257304632,stop,21,-47.47776252146923,-4.08,-0.5708970703176035,0.0,-47.47776252146923,-66.32825163658735,-1.1085976529294364,1.0572114504193335,0.701264198140641,break_dn
XAUUSD.a,15m,1,0.2,2022-02-16 10:15:00,1856.8754027901568,2022-02-16 12:30:00,1854.6321829418143,1854.6763882223217,1860.4772235553562,stop,9,-44.86439696685011,-4.8,-0.8841056101481887,0.0,-44.86439696685011,-62.5601653329198,-1.020102313624476,1.207542155016749,1.2390082583788458,break_up
XAUUSD.a,15m,1,0.1,2022-02-16 16:00:00,1858.95335912112,2022-02-16 19:00:00,1866.6553639687124,1854.6923180156439,1866.6553639687124,target,12,77.02004847592434,-2.4,-0.0,0.0,77.02004847592434,107.24487026181036,1.807540612010083,0.3269996901295708,1.9236239867167872,break_up
XAUUSD.a,15m,1,0.11,2022-02-16 19:15:00,1867.1353223587646,2022-02-17 05:45:00,1873.7687478173411,1863.3906260913293,1873.7687478173411,target,38,72.96768004434193,-2.6399999999999997,-0.0,-9.1212,63.84648004434193,89.20220753662862,1.5499856447774827,0.5221577984223833,2.0841951079201384,break_up
XAUUSD.a,15m,1,0.09,2022-02-17 06:00:00,1875.2503925578271,2022-02-17 07:00:00,1870.5133768164242,1870.5848284997371,1883.650343000526,stop,4,-42.63314167262661,-2.16,-0.6430651498172291,0.0,-42.63314167262661,-59.32310365489468,-1.0153146934482762,1.0181818315386801,0.21425221682243767,break_up
XAUUSD.a,15m,1,0.11,2022-02-17 08:15:00,1876.5276613949945,2022-02-17 10:15:00,1883.6851587771935,1872.5624206114032,1883.6851587771935,target,8,78.73247120418819,-2.6399999999999997,-0.0,0.0,78.73247120418819,109.45098451940416,1.8050599630210646,0.927474924149194,3.6472787894376,break_up
XAUUSD.a,15m,1,0.04,2022-02-17 10:30:00,1884.7471551429894,2022-02-18 02:30:00,1902.4153529418963,1875.452323529052,1902.4153529418963,target,60,70.67279119562772,-0.96,-0.0,-3.3168,67.35599119562772,93.84324792145974,1.8116517327389803,0.3708679496485429,1.9045901628239719,break_up
XAUUSD.a,15m,-1,0.14,2022-02-18 09:15:00,1890.6650470202596,2022-02-18 10:00:00,1894.1389955799468,1893.844615170058,1884.4107696598842,stop,3,-48.63527983562063,-3.3600000000000003,-0.7613257384429314,0.0,-48.63527983562063,-67.37028138635097,-1.0925850291674093,1.586678675234675,0.18085695703556104,break_dn
XAUUSD.a,15m,-1,0.08,2022-02-18 12:30:00,1889.5267005966268,2022-02-18 15:00:00,1894.9282037482583,1894.6189639625995,1879.4720720748007,stop,10,-43.212025213051675,-1.92,-0.553918285269398,0.0,-43.212025213051675,-59.96173675943118,-1.0607273747318597,1.3851010634101006,0.578662253864795,break_dn
XAUUSD.a,15m,1,0.11,2022-02-18 15:30:00,1899.5108021216881,2022-02-18 16:30:00,1895.4728212853051,1895.5526901705691,1906.434619658862,stop,4,-44.41778920021284,-2.6399999999999997,-0.8785577379042953,0.0,-44.41778920021284,-61.65455242037788,-1.0201785311406861,1.288695768255364,0.12612020187320158,break_up
XAUUSD.a,15m,1,0.17,2022-02-21 20:00:00,1897.9758698113094,2022-02-21 20:45:00,1902.2349782280778,1895.4325108859612,1902.2349782280778,target,3,72.40484308506302,-4.08,-0.0,0.0,72.40484308506302,100.60140483113297,1.674599827149944,0.5724201160911957,2.7774806450974543,break_up
XAUUSD.a,15m,1,0.12,2022-02-22 07:15:00,1908.5096985805774,2022-02-22 10:15:00,1904.8930098240382,1904.97146104583,1914.74707790834,stop,12,-43.4002650784696,-2.88,-0.9414146615008093,0.0,-43.4002650784696,-60.238823377058864,-1.0221724010955469,1.2915183154608547,1.3566928088578072,break_up
XAUUSD.a,15m,-1,0.17,2022-02-23 04:00:00,1898.2293576554916,2022-02-23 10:45:00,1893.4394834812156,1900.7902582593922,1893.1994834812156,target,27,81.4278609626931,-4.08,-0.0,0.0,81.4278609626931,112.23069846279063,1.8703866003157261,0.8085602156344819,2.397343202676719,break_dn
XAUUSD.a,15m,-1,0.17,2022-02-23 11:15:00,1892.85082116832,2022-02-23 12:30:00,1895.815369646096,1895.514194832725,1887.6416103345503,stop,5,-50.397324122194284,-4.08,-1.0399718273088607,0.0,-50.397324122194284,-69.38244162368254,-1.113080195015872,1.1148187245980075,1.2205651845874932,break_dn
XAUUSD.a,15m,1,0.12,2022-02-23 19:30:00,1910.3377294290424,2022-02-23 20:30:00,1906.5147322108928,1906.5819418327776,1917.0161163344446,stop,4,-45.8759666177948,-2.88,-0.8065154626165909,0.0,-45.8759666177948,-63.3663452274853,-1.0178949475075818,1.1469576802816401,0.04054291331838424,break_up
XAUUSD.a,15m,1,0.15,2022-02-24 02:30:00,1911.4894016967858,2022-02-24 04:45:00,1916.5419965959172,1908.5440017020414,1916.5419965959172,target,9,75.78892348697195,-3.5999999999999996,-0.0,0.0,75.78892348697195,105.30480816852894,1.715418927190587,0.4717191889947233,3.2153861343496,break_up
XAUUSD.a,15m,1,0.05,2022-02-24 12:00:00,1953.7927337964547,2022-02-24 12:15:00,1969.6344797709573,1945.3577601145214,1969.6344797709573,target,1,79.208729872513,-1.2,-0.0,0.0,79.208729872513,110.40159712389959,1.8781025966250062,0.09753839519581502,2.2925105557784216,break_up
XAUUSD.a,15m,-1,0.02,2022-02-24 21:15:00,1904.216677982241,2022-02-25 22:30:00,1892.898806203468,1924.0722222174022,1864.995555565196,signal,97,22.635743557545993,-0.48,-0.23522481387221483,0.6046,23.240343557545994,32.13898600169542,0.5852356219073256,0.8714604753627139,1.3193633814302888,break_dn
XAUUSD.a,15m,1,0.09,2022-02-28 08:45:00,1909.1743398355961,2022-02-28 09:15:00,1904.3098864317099,1904.4201626986671,1917.7696746026654,stop,2,-43.78008063497646,-2.16,-0.9924864026156945,0.0,-43.78008063497646,-60.78034240590928,-1.0231956580037118,2.726936641652042,0.06008614239149529,break_up
XAUUSD.a,15m,1,0.08,2022-02-28 14:45:00,1909.0579549370646,2022-02-28 18:00:00,1903.80940994134,1903.9539518153995,1918.372096369201,stop,13,-41.98835996579692,-1.92,-1.1563349924762742,0.0,-41.98835996579692,-57.83122369781271,-1.0283193153714976,1.200617395991202,1.8048666592371119,break_up
XAUUSD.a,15m,1,0.08,2022-03-01 10:15:00,1911.7586299684574,2022-03-01 12:30:00,1922.1085887781703,1906.1507056109149,1922.1085887781703,target,9,82.79967047770333,-1.92,-0.0,0.0,82.79967047770333,113.84840842275784,1.845595295127775,0.10318077270052556,1.9421392545878542,break_up
XAUUSD.a,15m,1,0.08,2022-03-01 22:45:00,1944.7840121884794,2022-03-02 02:30:00,1939.308900009179,1939.4054547092235,1954.5690905815532,stop,11,-43.80089743440294,-1.92,-0.7724376003547369,-19.9008,-63.701697434402945,-87.69627532648157,-1.4804549751510485,1.4435119859597532,1.0069591767697956,break_up
XAUUSD.a,15m,1,0.11,2022-03-02 06:45:00,1937.1010143953515,2022-03-02 08:00:00,1933.1086295717669,1933.189609481068,1944.110781037864,stop,5,-43.91623305943108,-2.6399999999999997,-0.8907790023114384,0.0,-43.91623305943108,-60.54321664727116,-1.0207035351940499,1.3552711906643606,0.2911960355955914,break_up
XAUUSD.a,15m,1,0.09,2022-03-02 09:15:00,1941.319447460463,2022-03-02 10:15:00,1936.19372553746,1936.2995353843319,1950.4609292313362,stop,4,-46.13149730702571,-2.16,-0.9522886218462576,0.0,-46.13149730702571,-63.64194093621625,-1.021078027915054,1.045724981005812,1.3128820663760774,break_up
XAUUSD.a,15m,-1,0.05,2022-03-02 16:30:00,1929.3488548166208,2022-03-03 13:30:00,1937.933779742123,1937.602432951191,1913.205134097618,stop,80,-42.92462462751132,-1.2,-0.45673395465989075,1.5115,-41.41312462751132,-56.73108484706821,-1.00351929677752,1.140250329000997,1.7530402669864655,break_dn
XAUUSD.a,15m,1,0.1,2022-03-03 21:45:00,1934.8784246934629,2022-03-04 02:15:00,1942.7885246806256,1930.520737659687,1942.7885246806256,target,14,79.10099987162766,-2.4,-0.0,-8.292,70.80899987162766,96.9189705332982,1.6249216458822449,0.19469610527026768,1.9624115362702914,break_up
XAUUSD.a,15m,1,0.11,2022-03-04 02:30:00,1942.8929361955063,2022-03-04 02:30:00,1949.711092547745,1938.8344537261275,1949.711092547745,target,0,74.99971987462573,-2.6399999999999997,-0.0,0.0,74.99971987462573,102.65496834742092,1.6799767902613048,0.28900856523493257,2.002488335433835,break_up
XAUUSD.a,15m,1,0.04,2022-03-04 02:45:00,1949.9968693243989,2022-03-04 03:15:00,1940.6405170988025,1940.750050128063,1967.569899743874,stop,2,-37.42540890238524,-0.96,-0.43813211704261845,0.0,-37.42540890238524,-51.07179162443401,-1.0118454818824565,1.2855090028265468,0.0868548047224015,break_up
XAUUSD.a,15m,1,0.07,2022-03-04 11:45:00,1944.379683557908,2022-03-04 16:30:00,1955.9384548770774,1938.1057725614612,1955.9384548770774,target,19,80.91139923418588,-1.6800000000000002,-0.0,0.0,80.91139923418588,110.28610268409443,1.8423550040342636,0.709236002937882,2.392497510817895,break_up
XAUUSD.a,15m,1,0.06,2022-03-04 16:45:00,1953.6328299799136,2022-03-04 17:00:00,1945.8244178516074,1945.9671738950587,1968.0256522098823,stop,1,-46.85047276983687,-1.44,-0.8565362607072038,0.0,-46.85047276983687,-63.75254840223828,-1.018622808259471,1.4183821788450988,0.5775330866764528,break_up
XAUUSD.a,15m,1,0.06,2022-03-04 21:45:00,1970.0518525303578,2022-03-07 01:00:00,1982.710057973559,1963.2549710132205,1982.710057973559,target,9,75.94923265920761,-1.44,-0.0,-4.9752,70.97403265920761,95.98738542785141,1.7403577527982828,0.7064787753399331,3.14823017227681,break_up
XAUUSD.a,15m,1,0.06,2022-03-07 03:15:00,1992.6549191023219,2022-03-07 05:30:00,1985.2387552023988,1985.3721055520182,2006.2457888959634,stop,9,-44.496983399538294,-1.44,-0.8001020977157314,0.0,-44.496983399538294,-60.035326640678775,-1.01831027922084,1.0579591320171224,1.149978760245606,break_up
XAUUSD.a,15m,1,0.06,2022-03-07 10:30:00,1997.5272132562525,2022-03-07 13:30:00,1990.2025405652846,1990.335392321951,2010.959215356098,stop,12,-43.94803614580724,-1.44,-0.79711053999912,0.0,-43.94803614580724,-59.32109893474689,-1.0184726174191618,1.6334129233146157,0.698402642339339,break_up
XAUUSD.a,15m,1,0.05,2022-03-07 22:00:00,1996.265820497652,2022-03-08 03:00:00,1987.9858595418527,1988.1018030000048,2011.5863939999906,stop,16,-41.399804778995986,-1.2,-0.5797172907607528,-4.146,-45.545804778995986,-62.07180110526056,-1.1157694062297698,1.2660213553719895,0.4610695044973723,break_up
XAUUSD.a,15m,1,0.02,2022-03-08 08:45:00,2010.0702066486149,2022-03-08 17:00:00,2042.0785548325146,1993.5707225837427,2042.0785548325146,target,33,64.01669636779934,-0.48,-0.0,0.0,64.01669636779934,88.10566670033904,1.9399605501632815,0.6509419692389746,3.2388766304008323,break_up
XAUUSD.a,15m,1,0.01,2022-03-08 22:30:00,2048.4861574024953,2022-03-09 11:15:00,2024.336378447394,2024.5061398656258,2095.077720268749,stop,47,-24.149778955101283,-0.24,-0.16976141823163352,-2.4876,-26.637378955101283,-36.369491070713515,-1.1108156578345272,1.0015070825352885,0.44678210018119513,break_up
XAUUSD.a,15m,-1,0.02,2022-03-09 15:30:00,1998.1429786307879,2022-03-10 16:45:00,2002.4436261285132,2016.5635838652051,1961.7728322695896,signal,97,-8.601294995450644,-0.48,-0.5345045140526343,0.6046,-7.996694995450644,-10.88741166721214,-0.2170584216339842,0.5969956594404003,1.4908836208853573,break_dn
XAUUSD.a,15m,1,0.05,2022-03-10 19:30:00,2000.2962119427018,2022-03-11 03:00:00,1991.1634813712703,1991.2720868331248,2017.2158263337506,stop,26,-45.66365285715733,-1.2,-0.5430273092727024,-4.146,-49.80965285715733,-67.86056247569118,-1.1039220368143208,1.3271327466406637,0.6309518084202533,break_up
XAUUSD.a,15m,-1,0.1,2022-03-11 06:45:00,1986.8532399146397,2022-03-11 09:45:00,1991.7272939804225,1991.38241614867,1977.9051677026603,stop,12,-48.740540657827296,-2.4,-1.048778317525541,0.0,-48.740540657827296,-66.35247921617722,-1.0761458185621466,1.2975339844815128,1.2967567635171133,break_dn
XAUUSD.a,15m,-1,0.04,2022-03-11 13:30:00,1980.8739504144496,2022-03-11 15:45:00,1959.521161258343,1991.7844193708286,1959.281161258343,target,9,85.41115662442644,-0.96,-0.0,0.0,85.41115662442644,116.59271134709299,1.9570917841824198,0.40017066205002355,2.0351050448173154,break_dn
XAUUSD.a,15m,1,0.06,2022-03-14 01:15:00,1982.0661830883928,2022-03-14 01:15:00,1974.4422828455613,1974.5865574781506,1996.016885043699,stop,0,-45.74340145698898,-1.44,-0.8656477955350657,0.0,-45.74340145698898,-62.74815014676129,-1.0192890179411782,1.1599755844078539,0.20907689677219984,break_up
XAUUSD.a,15m,-1,0.08,2022-03-14 11:15:00,1969.725558310991,2022-03-14 14:15:00,1959.8523565682437,1974.878821715878,1959.6123565682437,target,12,78.98561394197714,-1.92,-0.0,0.0,78.98561394197714,109.23344803824854,1.9159124940874794,0.6257086889739035,2.9273796283504834,break_dn
XAUUSD.a,15m,-1,0.06,2022-03-14 14:30:00,1958.9312889165176,2022-03-14 14:45:00,1965.957562637434,1965.591707914012,1945.876584171976,stop,1,-42.15764232549827,-1.44,-0.7551283405318364,0.0,-42.15764232549827,-58.30206796594929,-1.0549296858890742,1.2339630714785863,0.6007563365041727,break_dn
XAUUSD.a,15m,-1,0.04,2022-03-14 17:15:00,1954.374632455674,2022-03-15 07:45:00,1936.475588249665,1963.6022058751676,1936.235588249665,target,54,71.59617682403587,-0.96,-0.0,1.2092,72.80537682403586,101.32968242732896,1.97249519224175,0.8166142063315781,1.982604919406635,break_dn
XAUUSD.a,15m,-1,0.04,2022-03-15 14:00:00,1921.5920327761698,2022-03-16 15:15:00,1923.1045655717178,1931.88100436009,1901.60799127982,signal,97,-6.0501311821917625,-0.96,-0.5165245737425693,3.6276,-2.4225311821917623,-3.3400862857502,-0.058862325608367,0.9172896578488031,1.4143330708495894,break_dn
XAUUSD.a,15m,-1,0.06,2022-03-16 21:00:00,1906.2523898585603,2022-03-16 21:00:00,1913.2740766742959,1912.9026614621364,1896.7846770757271,stop,0,-42.13012089441372,-1.44,-0.7884912729570738,0.0,-42.13012089441372,-58.009694729730015,-1.055849630556407,1.5168719027979434,0.40335042212680366,break_dn
XAUUSD.a,15m,-1,0.06,2022-03-16 21:30:00,1904.0142810515135,2022-03-16 21:45:00,1911.4683714514401,1911.0611057731915,1890.2377884536168,stop,1,-44.724542399559596,-1.44,-1.003594069492237,0.0,-44.724542399559596,-61.58199873262963,-1.0577942114830554,2.052799596956918,0.3780824920077242,break_dn
XAUUSD.a,15m,1,0.09,2022-03-17 03:30:00,1927.3889168630408,2022-03-17 06:00:00,1936.593865470331,1922.3530672648344,1936.593865470331,target,10,82.84453746561121,-2.16,-0.0,0.0,82.84453746561121,113.30562047378304,1.8278839404911307,0.3731082166770835,1.8529312591628484,break_up
XAUUSD.a,15m,1,0.07,2022-03-17 17:45:00,1947.5360322311042,2022-03-17 19:45:00,1941.2425956468032,1941.3582228989712,1958.9135542020576,stop,8,-44.05405609010655,-1.6800000000000002,-0.80939076517612,0.0,-44.05405609010655,-59.60419435551751,-1.018716545939121,1.114639811767487,0.35999294399200493,break_up
XAUUSD.a,15m,1,0.13,2022-03-18 03:15:00,1944.7063947941367,2022-03-18 03:45:00,1941.2200493144537,1941.2892201323805,1950.6815597352393,stop,2,-45.32249123587894,-3.12,-0.8992206330470953,0.0,-45.32249123587894,-61.417583049948426,-1.0202421078152355,1.2514416784124298,0.1298163687177142,break_up
XAUUSD.a,15m,-1,0.12,2022-03-18 12:30:00,1932.4663884636236,2022-03-18 14:00:00,1936.4676616866113,1936.1361019587305,1925.287796082539,stop,6,-48.01527867585264,-2.88,-1.0987167345690019,0.0,-48.01527867585264,-65.07017031556124,-1.0903503034563746,1.6496142122397717,0.9336937251892674,break_dn
XAUUSD.a,15m,-1,0.04,2022-03-18 16:30:00,1927.222184991865,2022-03-18 17:45:00,1937.0439194932937,1936.6656264222834,1907.848747155433,stop,5,-39.286938005714546,-0.96,-0.5531722840418445,0.0,-39.286938005714546,-53.090456764479114,-1.0400588147655425,1.1751875722326892,0.101889231691089,break_dn
XAUUSD.a,15m,-1,0.09,2022-03-18 21:30:00,1927.3142849587125,2022-03-18 22:45:00,1918.4283801690349,1932.0508099154827,1918.1883801690349,target,5,79.97314310709862,-2.16,-0.0,0.0,79.97314310709862,107.90849404563177,1.876038840875641,0.17855179672995347,1.9728144671456276,break_dn
XAUUSD.a,15m,-1,0.01,2022-03-21 01:15:00,1918.975214465378,2022-03-22 02:30:00,1936.2762505698886,1944.538801514606,1868.042396970788,signal,97,-17.30103610451056,-0.24,-0.09250113977718619,0.3023,-16.99873610451056,-22.98493172225453,-0.6649589539909266,0.8713481989725214,0.036583851224678374,break_dn
XAUUSD.a,15m,1,0.11,2022-03-22 06:00:00,1936.0129854987274,2022-03-22 11:00:00,1931.9619065164038,1932.033167609868,1943.1236647802639,stop,20,-44.56186880555947,-2.6399999999999997,-0.7838720281059572,0.0,-44.56186880555947,-60.16508088132135,-1.0179056166523985,2.5385547230712637,0.5972671533354986,break_up
XAUUSD.a,15m,-1,0.08,2022-03-22 16:45:00,1921.4591045245138,2022-03-23 12:00:00,1927.4894428817267,1927.1871978438994,1910.245604312201,stop,73,-48.242706857703524,-1.92,-0.4979603026190342,7.2552,-40.98750685770352,-54.8225173314744,-0.8944404484252498,1.0057265401018525,1.8800504677652214,break_dn
XAUUSD.a,15m,1,0.1,2022-03-23 20:15:00,1937.190159428507,2022-03-23 22:30:00,1945.040826222571,1932.7995868887147,1945.040826222571,target,9,78.50666794063955,-2.4,-0.0,0.0,78.50666794063955,104.69091192126785,1.7880735878777112,0.5216083797160661,1.8129390869532007,break_up
XAUUSD.a,15m,1,0.1,2022-03-23 22:45:00,1944.6549642089653,2022-03-24 05:30:00,1940.3561801255605,1940.419619517245,1952.1807609655095,stop,23,-42.98784083404826,-2.4,-0.6343939168470781,-8.292,-51.27984083404826,-68.46623519192536,-1.2107595618910634,1.1628248861522994,0.938538910140102,break_up
XAUUSD.a,15m,1,0.07,2022-03-24 14:45:00,1952.3978202225744,2022-03-24 15:15:00,1946.071482138542,1946.175191967229,1963.9496160655417,stop,2,-44.28436658822671,-1.6800000000000002,-0.7259688008086642,0.0,-44.28436658822671,-59.103349377696574,-1.0166665634569925,1.2049281935062564,0.8569015468415823,break_up
XAUUSD.a,15m,1,0.13,2022-03-25 05:30:00,1963.9629238808302,2022-03-25 05:45:00,1960.5661074949116,1960.6299229003537,1969.720154199293,stop,1,-44.15861301694122,-3.12,-0.8296002707462578,0.0,-44.15861301694122,-58.77079603516406,-1.0191465306538567,1.125989431990387,0.0,break_up
XAUUSD.a,15m,-1,0.14,2022-03-25 10:30:00,1954.0623319920592,2022-03-25 11:00:00,1957.4848424423026,1957.186995299379,1947.9560094012415,stop,2,-47.91514630340772,-3.3600000000000003,-0.809860000928868,0.0,-47.91514630340772,-63.84770181409764,-1.0953213558164037,1.0009616078039314,0.13516079990753138,break_dn
XAUUSD.a,15m,-1,0.06,2022-03-25 13:45:00,1950.9522134737954,2022-03-25 18:15:00,1957.8835948266972,1957.5276117402104,1937.9447765195791,stop,18,-41.588288117410684,-1.44,-0.6958985189201734,0.0,-41.588288117410684,-55.453268953972405,-1.0541386349637518,1.3836099590610418,1.1896182036225154,break_dn
XAUUSD.a,15m,-1,0.08,2022-03-28 05:00:00,1945.9366740112716,2022-03-28 08:45:00,1935.50789757014,1951.35105121493,1935.26789757014,target,15,83.43021152905385,-1.92,-0.0,0.0,83.43021152905385,110.98575470794158,1.9261266898961393,0.6692045737559754,2.3782373349553607,break_dn
XAUUSD.a,15m,-1,0.07,2022-03-28 09:00:00,1934.907887525155,2022-03-28 15:15:00,1941.671659824072,1941.3149574367094,1922.1300851265814,stop,25,-47.346406092419336,-1.6800000000000002,-0.8169167115394093,0.0,-47.346406092419336,-63.07807899336442,-1.0556732472544796,1.6812853025715961,1.5026974354989306,break_dn
XAUUSD.a,15m,-1,0.1,2022-03-28 21:30:00,1932.7994055057861,2022-03-28 22:00:00,1924.5389607558861,1937.1255196220568,1924.2989607558861,target,2,82.60444749899989,-2.4,-0.0,0.0,82.60444749899989,110.22891618382937,1.909437552475131,0.37923051730040885,2.4778369727858363,break_dn
XAUUSD.a,15m,-1,0.14,2022-03-29 07:15:00,1923.9969991531063,2022-03-29 11:00:00,1918.151145295951,1927.1044273520245,1917.911145295951,target,15,81.84195400017508,-3.3600000000000003,-0.0,0.0,81.84195400017508,109.39097786593118,1.8812514667887292,0.35173808594326145,2.013561940155135,break_dn
XAUUSD.a,15m,-1,0.12,2022-03-29 11:30:00,1916.4093577602928,2022-03-29 14:45:00,1909.316875609881,1920.1515621950596,1909.076875609881,target,13,85.10978580494157,-2.88,-0.0,0.0,85.10978580494157,113.40864498906228,1.895268490550488,0.037582724877493534,4.112377618207766,break_dn
XAUUSD.a,15m,-1,0.08,2022-03-29 21:30:00,1917.4714596029203,2022-03-30 04:15:00,1923.0236255614982,1922.7174743726662,1907.1850512546675,stop,23,-44.41732766862333,-1.92,-0.5292095106562764,7.2552,-37.16212766862333,-49.47561996568235,-0.8854847274482454,1.0519490774035765,0.3014592356926929,break_dn
XAUUSD.a,15m,1,0.11,2022-03-30 04:30:00,1922.0643793073723,2022-03-30 12:15:00,1917.8215330054363,1917.9074959172892,1929.5250081654215,stop,31,-46.67130932129567,-2.6399999999999997,-0.9455920303812546,0.0,-46.67130932129567,-62.129833093219645,-1.0206796543915524,1.1846325348264792,1.5169106517807789,break_up
XAUUSD.a,15m,1,0.09,2022-03-30 15:15:00,1927.529904266492,2022-03-30 16:15:00,1922.7270572314565,1922.8252387972861,1936.0095224054278,stop,4,-43.22562331531935,-2.16,-0.883634092467647,0.0,-43.22562331531935,-57.47782473714078,-1.0208689792020995,1.0776333194520986,1.0755484670756381,break_up
XAUUSD.a,15m,1,0.07,2022-03-30 17:30:00,1933.9957291383075,2022-03-31 04:15:00,1927.9817192231867,1928.0460677148612,1944.8578645702778,stop,39,-42.09806940584577,-1.6800000000000002,-0.45043944172218575,-5.804400000000001,-47.90246940584577,-63.82060460689836,-1.1501847631452207,1.0901005413095817,0.7621056962710347,break_up
XAUUSD.a,15m,-1,0.09,2022-03-31 07:30:00,1921.7332387722238,2022-03-31 09:30:00,1926.6579734808402,1926.3465723144946,1912.6468553710108,stop,8,-44.32261237754733,-2.16,-0.6426104971103357,0.0,-44.32261237754733,-59.2714697676451,-1.0675002497634989,1.070107154087611,0.5707887253536298,break_dn
XAUUSD.a,15m,1,0.1,2022-03-31 15:30:00,1933.8350318881185,2022-03-31 16:45:00,1941.7318956435245,1929.3990521782378,1941.7318956435245,target,5,78.96863755406002,-2.4,-0.0,0.0,78.96863755406002,105.305557479744,1.7801848231669113,0.612047859928463,1.91276080298159,break_up
XAUUSD.a,15m,1,0.09,2022-03-31 18:45:00,1945.1337596181124,2022-03-31 19:15:00,1940.0513278947901,1940.147491482502,1954.195017034996,stop,2,-45.74188550990084,-2.16,-0.8654722894055592,0.0,-45.74188550990084,-61.0209115538758,-1.0192856832196804,1.2221082886803722,0.0,break_up
XAUUSD.a,15m,-1,0.08,2022-04-01 09:45:00,1933.0293888097035,2022-04-01 17:30:00,1922.4137948911648,1938.5181025544175,1922.1737948911648,target,31,84.92475134830966,-1.92,-0.0,0.0,84.92475134830966,113.37509858797648,1.9340768005549984,0.63049584133064,2.6070568579905204,break_dn
XAUUSD.a,15m,-1,0.07,2022-04-01 17:45:00,1924.1445571214988,2022-04-01 18:15:00,1930.4066031999125,1930.0384951912388,1912.6130096175225,stop,2,-43.83432254889613,-1.6800000000000002,-0.8967560607168975,0.0,-43.83432254889613,-58.496460330814884,-1.0624553574058817,1.078301604682721,0.18401230360173976,break_dn
XAUUSD.a,15m,-1,0.09,2022-04-01 19:45:00,1923.5067945132485,2022-04-04 09:45:00,1928.8807182299413,1928.5735238336918,1913.5629523326163,stop,52,-48.36531345023559,-2.16,-0.6047495662448009,2.7207,-45.64461345023559,-60.725079757118365,-1.0009659873144978,1.0723299278747023,1.5960581277984758,break_dn
XAUUSD.a,15m,1,0.13,2022-04-04 12:00:00,1931.4074466888326,2022-04-04 12:15:00,1927.8920819285975,1927.9620255309,1937.4659489382002,stop,1,-45.699741883056504,-3.12,-0.9092668299326557,0.0,-45.699741883056504,-60.802466549216355,-1.020300450684111,1.314047392554251,0.067496338040447,break_up
XAUUSD.a,15m,1,0.06,2022-04-04 18:00:00,1935.0939376081285,2022-04-05 05:15:00,1928.3869256124751,1928.4301409961736,1947.299718007653,stop,41,-40.24207197392025,-1.44,-0.25929230219017635,-4.9752,-45.21727197392025,-59.98338083376922,-1.1309186691162407,1.003022450615819,0.07744269849796728,break_up
XAUUSD.a,15m,-1,0.13,2022-04-05 15:15:00,1926.0832383182794,2022-04-05 15:15:00,1929.7678498947298,1929.457707372149,1919.414585255702,stop,0,-47.89995049385493,-3.12,-0.9118527935510903,0.0,-47.89995049385493,-62.731577319505654,-1.0919085395746277,1.3918520533874292,0.32397343132420064,break_dn
XAUUSD.a,15m,1,0.09,2022-04-05 16:30:00,1938.4801696006334,2022-04-05 17:15:00,1933.4232745124166,1933.5355244828565,1947.468951034287,stop,3,-45.512055793951504,-2.16,-1.010249733960376,0.0,-45.512055793951504,-59.70281879281592,-1.022701319865485,1.8747896724287623,1.2214891575640703,break_up
XAUUSD.a,15m,-1,0.04,2022-04-05 19:00:00,1920.8089880435484,2022-04-06 12:00:00,1930.8467088453629,1930.520244796187,1901.6595104076264,stop,64,-40.15088320725772,-0.96,-0.34585619670348566,3.6276,-36.52328320725772,-48.1545278686519,-0.9402306039672582,1.3058054461392128,0.5919921787657912,break_dn
XAUUSD.a,15m,1,0.08,2022-04-06 16:45:00,1929.4616065405621,2022-04-06 17:30:00,1924.239346547647,1924.3512888415328,1938.9874223169345,stop,3,-41.778079943320336,-1.92,-0.8955383510848611,0.0,-41.778079943320336,-55.44315414558191,-1.0219051535498402,1.0452591903585209,0.47910787618997114,break_up
XAUUSD.a,15m,1,0.13,2022-04-07 11:30:00,1927.6381624403057,2022-04-07 14:00:00,1924.4083187609588,1924.4653330585118,1933.1493338829762,stop,10,-41.98796783150988,-3.12,-0.7411858681882529,0.0,-41.98796783150988,-56.09914735792143,-1.0179695441173582,1.2790358232283092,0.3504246292202733,break_up
XAUUSD.a,15m,1,0.12,2022-04-07 14:30:00,1928.8799429125388,2022-04-07 15:45:00,1925.331416966984,1925.4088431709802,1934.8323136580395,stop,5,-42.58231134665675,-2.88,-0.9291144479527594,0.0,-42.58231134665675,-56.93735806099475,-1.0223059576966567,1.2762361333211252,1.5038626015157694,break_up
XAUUSD.a,15m,1,0.14,2022-04-08 02:15:00,1931.688237255943,2022-04-08 06:00:00,1928.5948808302408,1928.6500005997275,1936.9899988005452,stop,15,-43.30698995983176,-3.3600000000000003,-0.7716767728139784,0.0,-43.30698995983176,-57.9210501141272,-1.0181420263539953,1.0065829630771077,1.241431517963177,break_up
XAUUSD.a,15m,-1,0.18,2022-04-08 07:30:00,1928.747804976824,2022-04-08 08:30:00,1931.4012065502568,1931.1148014616117,1924.1103970767765,stop,4,-47.76122832179044,-4.32,-0.8352915956131666,0.0,-47.76122832179044,-63.826310733382925,-1.1209993721941605,1.3190535107431387,0.45112233317055683,break_dn
XAUUSD.a,15m,1,0.14,2022-04-08 13:45:00,1934.483086181846,2022-04-08 14:00:00,1931.5200147540647,1931.5741347930643,1939.4817304138714,stop,1,-41.48299998893663,-3.3600000000000003,-0.7576805459956875,0.0,-41.48299998893663,-55.605747820348824,-1.0186046556873771,1.486132150065443,0.012689733591431154,break_up
XAUUSD.a,15m,1,0.06,2022-04-08 17:15:00,1945.7912873909097,2022-04-08 20:00:00,1939.52565335349,1939.6143407002323,1957.0913185995355,stop,11,-37.59380422451795,-1.44,-0.5321240804535656,0.0,-37.59380422451795,-50.41681761730273,-1.0143577970125828,1.1059327096378972,0.38833305987740496,break_up
XAUUSD.a,15m,1,0.07,2022-04-11 11:15:00,1949.1850343915787,2022-04-11 14:30:00,1959.795080698813,1943.4374596505936,1959.795080698813,target,13,74.27032415064059,-1.6800000000000002,-0.0,0.0,74.27032415064059,99.76402244666012,1.8460040600386987,0.1957407153936272,1.8712180516295478,break_up
XAUUSD.a,15m,1,0.07,2022-04-11 15:15:00,1963.2563014400887,2022-04-11 16:45:00,1957.4083579005785,1957.534000903069,1973.7819981938621,stop,6,-40.93560477657139,-1.6800000000000002,-0.8795010174328197,0.0,-40.93560477657139,-55.145496250365596,-1.0219567290598728,2.4948534855395947,1.0876217562583275,break_up
XAUUSD.a,15m,1,0.08,2022-04-12 04:45:00,1954.311252821628,2022-04-12 15:30:00,1963.3348493221604,1949.3775753389198,1963.3348493221604,target,43,72.18877200425959,-1.92,-0.0,0.0,72.18877200425959,96.52453870174305,1.8289798091097098,0.9569439506687116,2.8313052945456025,break_up
XAUUSD.a,15m,1,0.05,2022-04-12 18:00:00,1975.9736129780135,2022-04-12 21:00:00,1968.45606118502,1968.5652901948795,1990.059419610241,stop,12,-37.58775896496786,-1.2,-0.5461450492981155,0.0,-37.58775896496786,-50.384385090168976,-1.014744094318918,1.1221990754696058,0.27622811287938154,break_up
XAUUSD.a,15m,1,0.1,2022-04-13 01:15:00,1967.1234932961436,2022-04-13 11:15:00,1974.8403036872533,1962.8248481563733,1974.8403036872533,target,40,77.16810391109675,-2.4,-0.0,0.0,77.16810391109675,103.8965235628844,1.795172697489051,0.9918225760713725,1.8928072542157228,break_up
XAUUSD.a,15m,1,0.16,2022-04-14 05:00:00,1979.9829845694244,2022-04-14 06:00:00,1977.233757678365,1977.2832240395426,1984.533551920915,stop,4,-43.98763025695007,-3.84,-0.7914617788397391,0.0,-43.98763025695007,-58.97413827552699,-1.0183224995810018,1.3901175781648538,0.1211275692625495,break_up
XAUUSD.a,15m,-1,0.16,2022-04-14 09:00:00,1972.2726850858883,2022-04-14 10:30:00,1975.2054612037355,1974.8977168766344,1967.194566246731,stop,6,-46.92441788555516,-3.84,-1.0839092336158966,0.0,-46.92441788555516,-63.02978976675687,-1.1172345143346325,2.3151395482278323,0.6029203499430277,break_dn
XAUUSD.a,15m,-1,0.13,2022-04-14 12:00:00,1971.3239932142828,2022-04-14 13:45:00,1974.86378667162,1974.5490833334763,1964.951833333047,stop,7,-46.01731494538171,-3.12,-0.9711433958666478,0.0,-46.01731494538171,-61.84956714252535,-1.0975797036711155,1.1274124602218702,1.2942252960442933,break_dn
XAUUSD.a,15m,-1,0.03,2022-04-14 17:00:00,1961.809771384771,2022-04-14 20:00:00,1974.315736822785,1973.965456903946,1938.009086192108,stop,12,-37.51789631404222,-0.72,-0.33083975651753844,0.0,-37.51789631404222,-50.55162067187062,-1.02881613861156,1.0949796779649037,0.10939501377140302,break_dn
XAUUSD.a,15m,1,0.09,2022-04-18 01:45:00,1978.5581657943926,2022-04-18 02:45:00,1987.037712330608,1973.886143834696,1987.037712330608,target,4,76.3159188259383,-2.16,-0.0,0.0,76.3159188259383,103.17842063940823,1.8149629024359266,0.15799707295053125,2.0316330461391283,break_up
XAUUSD.a,15m,1,0.06,2022-04-18 03:00:00,1987.012407918385,2022-04-18 20:30:00,1980.7611933561896,1980.8505298515229,1998.4589402969543,stop,70,-37.5072873731724,-1.44,-0.5360189719996412,0.0,-37.5072873731724,-50.98939269589364,-1.014498257570816,1.3798403386314977,1.8432029907723857,break_up
XAUUSD.a,15m,-1,0.05,2022-04-18 20:45:00,1978.7914250266983,2022-04-19 16:00:00,1964.4712168846715,1986.159391557664,1964.2312168846715,target,73,71.60104071013393,-1.2,-0.0,1.5115,73.11254071013393,99.05506125204434,1.984605668412304,0.4897653861666987,2.782507892854277,break_dn
XAUUSD.a,15m,-1,0.04,2022-04-19 17:45:00,1951.988070635679,2022-04-20 19:00:00,1951.1982863971948,1961.7283590947845,1932.7532818104307,signal,97,3.1591369539364678,-0.96,-0.4662911775579561,3.6276,6.786736953936468,9.114852606753429,0.17419240155028348,0.6398095282789337,1.306744732367779,break_dn
XAUUSD.a,15m,1,0.08,2022-04-20 20:00:00,1953.6628132077851,2022-04-21 11:00:00,1948.6973170405781,1948.7546957234906,1962.6006085530184,stop,56,-39.723969337655944,-1.92,-0.4590294632993922,-6.6336,-46.357569337655946,-62.237456316917424,-1.180635179526458,1.4532686372340204,0.9386871457248945,break_up
XAUUSD.a,15m,-1,0.09,2022-04-21 14:45:00,1938.6203598052493,2022-04-21 15:30:00,1943.6048821573527,1943.264158738329,1929.4216825233425,stop,3,-44.86070116893006,-2.16,-0.9065107712138747,0.0,-44.86070116893006,-60.36723207101055,-1.073371699320719,2.10165003597144,0.41568548360235674,break_dn
XAUUSD.a,15m,1,0.12,2022-04-22 02:15:00,1952.4392619286732,2022-04-22 03:45:00,1948.9876887784922,1949.04437470521,1958.3612505895803,stop,6,-41.418877802172574,-2.88,-0.6802311206142255,0.0,-41.418877802172574,-56.29094564035414,-1.0166974402937579,1.1632969429377484,0.11215043277294186,break_up
XAUUSD.a,15m,1,0.11,2022-04-22 07:30:00,1952.1977899005728,2022-04-22 11:15:00,1948.541469968095,1948.6102361230091,1958.7495277539817,stop,15,-40.2195192572558,-2.6399999999999997,-0.7564277040545389,0.0,-40.2195192572558,-55.07184518527173,-1.0191679788451284,1.5240997737143307,0.9427622020829851,break_up
XAUUSD.a,15m,-1,0.03,2022-04-22 13:30:00,1932.49931368684,2022-04-22 16:30:00,1944.4593204932198,1944.0905516907262,1909.4988966185474,stop,12,-35.880020419139555,-0.72,-0.38630640748065614,0.0,-35.880020419139555,-49.329108583286896,-1.031814444873789,1.153516674291139,0.25616881353350357,break_dn
XAUUSD.a,15m,-1,0.06,2022-04-22 18:15:00,1928.1349243198497,2022-04-22 18:45:00,1934.9287832584246,1934.5436981312914,1915.5126037374173,stop,2,-40.76315363144931,-1.44,-0.8705107627988473,0.0,-40.76315363144931,-56.180095415321965,-1.0600871771204736,1.7530772673068848,0.20361528714276805,break_dn
XAUUSD.a,15m,-1,0.08,2022-04-22 22:15:00,1932.084253708732,2022-04-25 05:15:00,1922.960912222413,1936.8345438887936,1922.720912222413,target,24,72.9867318905508,-1.92,-0.0,2.4184,75.4051318905508,104.9582170713233,1.9842243587309443,0.8369480896041545,2.089188940580239,break_dn
XAUUSD.a,15m,-1,0.11,2022-04-25 06:15:00,1922.6196116875183,2022-04-25 08:00:00,1916.108990923528,1926.115504538236,1915.868990923528,target,7,71.6168284038938,-2.6399999999999997,-0.0,0.0,71.6168284038938,99.9830074465563,1.8623627902821658,0.5464664948439213,2.0680301131179304,break_dn
XAUUSD.a,15m,-1,0.08,2022-04-25 13:15:00,1915.1412139038264,2022-04-25 14:00:00,1906.1012409248876,1919.8543795375563,1905.8612409248876,target,3,72.31978383151,-1.92,-0.0,0.0,72.31978383151,100.70289470376662,1.9180257350269974,0.27132212095879366,2.1177303492997352,break_dn
XAUUSD.a,15m,-1,0.09,2022-04-25 14:15:00,1908.3726491802163,2022-04-25 15:15:00,1899.7772825537043,1912.891358723148,1899.5372825537042,target,4,77.35829963860829,-2.16,-0.0,0.0,77.35829963860829,107.94583003824553,1.902172853742549,0.5725862207344079,3.067833647750328,break_dn
XAUUSD.a,15m,-1,0.03,2022-04-25 15:30:00,1896.8293510822687,2022-04-26 13:45:00,1908.7452777744372,1908.4247680267308,1873.8804639465386,stop,85,-35.747780076505705,-0.72,-0.24152924311938673,0.9068999999999999,-34.840880076505705,-48.31562462939871,-1.0015704262980476,1.0996283254670576,0.4647828627535897,break_dn
XAUUSD.a,15m,1,0.08,2022-04-26 16:45:00,1910.3738338204041,2022-04-26 16:45:00,1905.148968836351,1905.259719566957,1919.6905608660857,stop,0,-41.79891987242445,-1.92,-0.8860058448488821,0.0,-41.79891987242445,-58.236854393547034,-1.0216558968215006,1.2052593107886669,0.040313174359929566,break_up
XAUUSD.a,15m,-1,0.07,2022-04-26 21:30:00,1898.1036754383645,2022-04-26 23:00:00,1903.860659483834,1903.5444956265344,1887.4210087469314,stop,6,-40.29888831828726,-1.6800000000000002,-0.5331470010969589,0.0,-40.29888831828726,-56.572547264350256,-1.0581095949443635,1.050636551831757,0.3057765889749056,break_dn
XAUUSD.a,15m,-1,0.04,2022-04-27 11:15:00,1891.121771779476,2022-04-27 14:15:00,1899.8989945517003,1899.565002875834,1874.4699942483323,stop,12,-35.10889108889751,-0.96,-0.37596670346522204,0.0,-35.10889108889751,-49.194853488163304,-1.0395573296590768,1.1604832449452507,0.12456982018763775,break_dn
XAUUSD.a,15m,-1,0.05,2022-04-27 16:30:00,1891.4634625153326,2022-04-28 08:30:00,1875.7628862665997,1899.5635568667,1875.5228862665997,target,60,78.50288124366443,-1.2,-0.0,1.5115,80.01438124366443,112.78685880730224,1.9756407215221166,0.26500154091475725,2.3942267428105426,break_dn
XAUUSD.a,15m,1,0.09,2022-04-28 14:15:00,1890.086850158577,2022-04-28 14:45:00,1885.5935101435111,1885.6830683843236,1897.9438632313527,stop,2,-40.44006013559192,-2.16,-0.8060241673115924,0.0,-40.44006013559192,-57.100179511729124,-1.0203366663934386,1.0620077011808455,0.13696179155594493,break_up
XAUUSD.a,15m,1,0.06,2022-04-28 15:45:00,1891.3598696951938,2022-04-28 15:45:00,1885.332569960041,1885.4523745028316,1901.885250994337,stop,0,-36.163798410917025,-1.44,-0.7188272567434812,0.0,-36.163798410917025,-51.110574949003656,-1.0202800914583199,1.0867329529940228,0.04911223714264507,break_up
XAUUSD.a,15m,1,0.11,2022-04-29 03:15:00,1896.8565145589241,2022-04-29 04:00:00,1903.1442601918407,1893.2978699040796,1903.1442601918407,target,3,69.16520196208194,-2.6399999999999997,-0.0,0.0,69.16520196208194,97.05898312131733,1.7668933660900155,0.12266314882824758,1.7966068717684747,break_up
XAUUSD.a,15m,1,0.06,2022-04-29 04:15:00,1902.18048474379,2022-04-29 10:30:00,1913.2598672564204,1896.22006637179,1913.2598672564204,target,25,66.47629507578267,-1.44,-0.0,0.0,66.47629507578267,92.84009758778636,1.8588263140516261,0.6141321825638388,2.1138642407046615,break_up
XAUUSD.a,15m,1,0.11,2022-04-29 15:00:00,1919.8317917897823,2022-04-29 15:00:00,1916.1342462454631,1916.2119339301366,1926.1661321397266,stop,0,-40.673000987510704,-2.6399999999999997,-0.8545645314081436,0.0,-40.673000987510704,-56.74246789552274,-1.0214615290670825,1.5171291257054933,0.0,break_up
XAUUSD.a,15m,-1,0.09,2022-05-02 03:30:00,1894.1692024421825,2022-05-02 05:15:00,1885.8910862161479,1898.504456891926,1885.6510862161479,target,7,74.50304603431164,-2.16,-0.0,0.0,74.50304603431164,105.7786066677717,1.9094879716977602,0.07399740004568486,2.248818969036289,break_dn
XAUUSD.a,15m,-1,0.1,2022-05-02 08:15:00,1882.883546905379,2022-05-02 08:30:00,1887.0901856416106,1886.7770402598169,1875.4459194803662,stop,1,-42.066387362315254,-2.4,-0.7314538179365727,0.0,-42.066387362315254,-59.72963503480896,-1.080427871139615,1.0932221291117676,0.03943679657344271,break_dn
XAUUSD.a,15m,-1,0.11,2022-05-02 11:30:00,1882.1390561257915,2022-05-02 15:00:00,1875.550084801824,1885.6299575990881,1875.310084801824,target,14,72.47868456364358,-2.6399999999999997,-0.0,0.0,72.47868456364358,102.87084785347392,1.8874698625468032,0.10626019583937994,2.563537296668662,break_dn
XAUUSD.a,15m,-1,0.08,2022-05-02 15:15:00,1873.9322164166908,2022-05-02 15:45:00,1864.0484243615663,1879.065787819217,1863.8084243615663,target,2,79.07033644099647,-1.92,-0.0,0.0,79.07033644099647,112.22654769075235,1.9253247457045355,0.46707903626882896,2.6048564183038088,break_dn
XAUUSD.a,15m,-1,0.08,2022-05-02 21:45:00,1862.0860746464955,2022-05-03 03:45:00,1867.2068301229217,1866.9136215989636,1852.5627568020732,stop,20,-40.96604381140969,-1.92,-0.4256681916650286,2.4184,-38.54764381140969,-54.35293327986025,-0.9981167503638212,1.0406787138415978,0.4466190940707751,break_dn
XAUUSD.a,15m,-1,0.14,2022-05-03 04:30:00,1863.0796538806762,2022-05-03 09:45:00,1857.5355322641092,1866.0322338679453,1857.2955322641092,target,21,77.61770263193877,-3.3600000000000003,-0.0,0.0,77.61770263193877,109.2284022402741,1.8777210576757568,0.7892575745185135,2.1844129230997447,break_dn
XAUUSD.a,15m,-1,0.06,2022-05-03 10:15:00,1853.8434097966858,2022-05-03 10:15:00,1860.663462456948,1860.3385771519768,1841.0528456960467,stop,0,-40.92031596157358,-1.44,-0.5093118298280784,0.0,-40.92031596157358,-57.53619319409679,-1.0500195433311894,1.078738979313062,0.005143793047712298,break_dn
XAUUSD.a,15m,-1,0.16,2022-05-04 05:15:00,1862.1550483157566,2022-05-04 05:45:00,1864.9427809356296,1864.6492046501414,1857.2715906997173,stop,2,-44.60372191796705,-3.84,-0.8572205678116973,0.0,-44.60372191796705,-62.702038233759346,-1.1177056471724962,1.084515692521923,0.21051138957014437,break_dn
XAUUSD.a,15m,-1,0.14,2022-05-04 09:15:00,1863.075628476701,2022-05-04 09:45:00,1866.2839044456841,1865.9881550520295,1857.3536898959408,stop,2,-44.91586356576364,-3.3600000000000003,-0.7804915111639209,0.0,-44.91586356576364,-63.12663532404378,-1.101543929645108,1.2512749425773135,0.11523619373778718,break_dn
XAUUSD.a,15m,1,0.06,2022-05-04 21:15:00,1873.0140247552993,2022-05-04 21:30:00,1866.0523895651622,1866.1745240457576,1885.690951908485,stop,1,-41.769811140822185,-1.44,-0.7328068835726077,0.0,-41.769811140822185,-57.763318869374636,-1.017857221715759,1.6410590819357442,0.607643075305613,break_up
XAUUSD.a,15m,1,0.05,2022-05-05 03:00:00,1894.2412124349264,2022-05-05 15:45:00,1908.213892051527,1886.7880539742366,1908.213892051527,target,51,69.86339808300272,-1.2,-0.0,0.0,69.86339808300272,97.23236386322262,1.8747326640506403,0.6321095223957459,2.0768091335657783,break_up
XAUUSD.a,15m,1,0.05,2022-05-05 16:00:00,1907.2464149579057,2022-05-05 16:15:00,1899.832675083182,1899.9387244888364,1920.9425510223273,stop,1,-37.0686993736183,-1.2,-0.5302470282720904,0.0,-37.0686993736183,-51.75096591271455,-1.0145120275828965,1.0066675633078022,0.15785904547778662,break_up
XAUUSD.a,15m,-1,0.04,2022-05-05 19:00:00,1874.9474850130466,2022-05-06 14:00:00,1885.624156801706,1885.3091388148287,1854.5017223703426,stop,72,-42.70668715463762,-0.96,-0.3000719475094247,1.2092,-41.49748715463762,-58.51887122902375,-1.001227408975503,1.019385050785695,0.8567633297611134,break_dn
XAUUSD.a,15m,1,0.07,2022-05-06 18:15:00,1886.8232560561057,2022-05-06 22:00:00,1881.0315972754463,1881.1178277481508,1896.9043445036987,stop,15,-40.54161146461593,-1.6800000000000002,-0.6036133089319872,0.0,-40.54161146461593,-57.24114232713401,-1.015113759747765,1.0013719825626441,0.9949724433447678,break_up
XAUUSD.a,15m,-1,0.11,2022-05-09 04:30:00,1877.8426852776304,2022-05-09 08:45:00,1871.1178659391012,1881.3960670304496,1870.8778659391012,target,17,73.97301272382106,-2.6399999999999997,-0.0,0.0,73.97301272382106,105.6802616166708,1.8925124870678076,0.5423888724707135,2.0213660611983806,break_dn
XAUUSD.a,15m,-1,0.07,2022-05-09 21:00:00,1855.9724350068548,2022-05-10 05:30:00,1861.401266646061,1861.0950380924353,1845.9299238151293,stop,30,-38.001821474443666,-1.6800000000000002,-0.4635998753803857,2.1161000000000003,-35.88572147444366,-51.536989953388094,-1.000766905723532,1.0849103278739372,0.8398923232927226,break_dn
XAUUSD.a,15m,1,0.11,2022-05-10 12:00:00,1863.0066720776013,2022-05-10 12:45:00,1859.475485255909,1859.5515953622264,1869.0568092755473,stop,3,-38.84305503861469,-2.6399999999999997,-0.8372111694918934,0.0,-38.84305503861469,-55.83144805182357,-1.0220284852080757,1.5966858429083346,0.30196953884004035,break_up
XAUUSD.a,15m,1,0.1,2022-05-10 14:45:00,1863.2485739269207,2022-05-10 15:00:00,1859.2739362983493,1859.3464142679888,1870.1871714640224,stop,1,-39.74637628571372,-2.4,-0.7247796963957537,0.0,-39.74637628571372,-57.07242222468298,-1.0185738093708245,1.1067137955351551,0.0,break_up
XAUUSD.a,15m,1,0.09,2022-05-10 16:30:00,1863.3884437165634,2022-05-10 16:30:00,1859.2139771517795,1859.3016427266248,1870.9067145467507,stop,0,-37.57019908305483,-2.16,-0.7889901736072837,0.0,-37.57019908305483,-53.90813866967246,-1.0214509037902892,1.294030154534858,0.2842213962207099,break_up
XAUUSD.a,15m,-1,0.07,2022-05-10 19:00:00,1844.2570452433677,2022-05-11 02:45:00,1834.1833772380835,1849.5233113809581,1833.9433772380835,target,27,70.51567603698913,-1.6800000000000002,-0.0,6.348300000000001,76.86397603698913,110.87323087584619,2.0850765453923996,0.602505584361551,2.095800887195093,break_dn
XAUUSD.a,15m,-1,0.12,2022-05-11 03:45:00,1832.293623142803,2022-05-11 04:45:00,1835.7972013608498,1835.4899389330176,1826.0401221339646,stop,4,-42.042938616562424,-2.88,-0.8071491339867485,0.0,-42.042938616562424,-60.47864352109905,-1.0961301848750138,1.7321119753393401,0.09499159742991976,break_dn
XAUUSD.a,15m,1,0.09,2022-05-11 12:00:00,1852.05639080092,2022-05-11 15:30:00,1847.6125956374428,1847.7143414889224,1859.7013170221553,stop,14,-39.994156471295355,-2.16,-0.915712663317016,0.0,-39.994156471295355,-57.68998135085734,-1.0234326798634978,3.9281891050363873,0.5213227755901262,break_up
XAUUSD.a,15m,1,0.05,2022-05-11 16:45:00,1855.0263328080482,2022-05-11 17:00:00,1847.9680563877193,1848.1178127989292,1867.4743744021414,stop,1,-35.29138210164433,-1.2,-0.7487820560488201,0.0,-35.29138210164433,-50.464561940206096,-1.0216770612247184,1.2587837621617122,0.43911969393551764,break_up
XAUUSD.a,15m,1,0.06,2022-05-11 18:45:00,1854.4007081847499,2022-05-12 08:30:00,1847.9322211531266,1847.994424052629,1866.2211518947418,stop,51,-38.81092218973936,-1.44,-0.37321739701417944,-4.9752,-43.78612218973936,-63.63614485406915,-1.1391450771021727,1.0756170102103582,0.6773492598452049,break_up
XAUUSD.a,15m,-1,0.09,2022-05-12 10:15:00,1846.9372482210852,2022-05-12 10:30:00,1851.2337022667382,1850.9109908603925,1839.148018279215,stop,1,-38.66808641087732,-2.16,-0.7444026571112989,0.0,-38.66808641087732,-56.105755094134246,-1.081210947874045,1.269018211957938,0.7492302575498586,break_dn
XAUUSD.a,15m,-1,0.04,2022-05-12 14:45:00,1841.1404026375571,2022-05-12 20:00:00,1822.8446506729995,1850.5126746635003,1822.6046506729995,target,21,73.18300785823067,-0.96,-0.0,0.0,73.18300785823067,106.94892128694491,1.952114910228129,0.8492708428020422,2.0230316176347864,break_dn
XAUUSD.a,15m,-1,0.07,2022-05-13 01:45:00,1818.552269995122,2022-05-13 03:30:00,1824.162485183982,1823.8389823296661,1808.1820353406674,stop,7,-39.271506322019384,-1.6800000000000002,-0.5845199802107196,0.0,-39.271506322019384,-57.108069745691076,-1.061191688490792,1.002084030610441,0.7362363882917143,break_dn
XAUUSD.a,15m,-1,0.1,2022-05-13 13:30:00,1817.8526625260436,2022-05-13 15:15:00,1810.8569803083217,1821.5415098458393,1810.6169803083217,target,7,69.95682217721878,-2.4,-0.0,0.0,69.95682217721878,101.583977836986,1.896441248782626,0.7149489380608153,2.0149011009908233,break_dn
XAUUSD.a,15m,-1,0.08,2022-05-13 15:30:00,1812.590532218664,2022-05-13 16:00:00,1803.572374317668,1817.3088128411662,1803.332374317668,target,2,72.14526320796904,-1.92,-0.0,0.0,72.14526320796904,104.72074551546461,1.9113229208935427,0.5360994785414961,2.225499723052867,break_dn
XAUUSD.a,15m,-1,0.04,2022-05-13 16:15:00,1802.9374875672029,2022-05-13 17:00:00,1813.1618454401087,1812.788874586507,1783.4522508269858,stop,3,-40.89743149162314,-0.96,-0.5318834144061814,0.0,-40.89743149162314,-59.180724526992066,-1.0378597300939196,1.46806864906001,0.3895377939860916,break_dn
XAUUSD.a,15m,-1,0.12,2022-05-16 07:45:00,1808.210198187519,2022-05-16 10:30:00,1802.0564620234902,1811.4967689882549,1801.8164620234902,target,11,73.84483396834457,-2.88,-0.0,0.0,73.84483396834457,107.04321741852632,1.8723881325333813,0.5780498664612856,4.220264533602358,break_dn
XAUUSD.a,15m,-1,0.03,2022-05-16 10:45:00,1794.8062595662718,2022-05-16 15:30:00,1808.4817810544869,1808.131986399394,1768.3760272012123,stop,19,-41.02656446464516,-0.72,-0.32938396527883274,0.0,-41.02656446464516,-59.18601873199625,-1.0262495741863342,1.0456270497076927,0.5978105109036986,break_dn
XAUUSD.a,15m,1,0.06,2022-05-16 20:45:00,1817.4186416289767,2022-05-17 02:45:00,1828.1055493810527,1811.6272253094735,1828.1055493810527,target,20,64.1214465124558,-1.44,-0.0,-4.9752,59.146246512455804,84.82667371203827,1.7021238343510265,0.5195001469406906,2.0342793059701605,break_up
XAUUSD.a,15m,1,0.09,2022-05-17 08:45:00,1826.5257162262865,2022-05-17 14:30:00,1834.008841463325,1822.3705792683375,1834.008841463325,target,23,67.34812713334759,-2.16,-0.0,0.0,67.34812713334759,95.79149605778598,1.8009334740995613,0.769100094323715,2.280137542900638,break_up
XAUUSD.a,15m,1,0.07,2022-05-17 14:45:00,1835.259925554383,2022-05-17 15:15:00,1829.674930269767,1829.7574946985226,1845.395010602955,stop,2,-39.0949669923125,-1.6800000000000002,-0.5779510012894862,0.0,-39.0949669923125,-55.575252313297845,-1.0150050824659969,1.0159010991349973,0.15085595209848376,break_up
XAUUSD.a,15m,-1,0.08,2022-05-17 19:00:00,1818.6268806290425,2022-05-18 06:15:00,1809.3633632139156,1823.4733183930423,1809.1233632139156,target,41,74.10813932101519,-1.92,-0.0,7.2552,81.36333932101519,116.19516347630805,2.0985346166362766,0.9374141569927255,2.2628745406587782,break_dn
XAUUSD.a,15m,-1,0.08,2022-05-18 06:30:00,1808.2694258390898,2022-05-18 09:00:00,1813.321051851775,1813.0219942919232,1798.8860114161535,stop,10,-40.413008101482774,-1.92,-0.4724604788154594,0.0,-40.413008101482774,-57.61845492733397,-1.0629254607944936,1.4456549609115414,0.11771021178163212,break_dn
XAUUSD.a,15m,-1,0.07,2022-05-18 15:00:00,1808.8782297327941,2022-05-18 15:30:00,1814.548305562312,1814.2228287116145,1798.1643425767707,stop,2,-39.6905308066248,-1.6800000000000002,-0.5983379548814903,0.0,-39.6905308066248,-56.559359895439684,-1.0608982735631323,1.0874099797266088,0.2915522266439732,break_dn
XAUUSD.a,15m,-1,0.16,2022-05-19 08:00:00,1815.3290107424425,2022-05-19 11:45:00,1818.1713181797372,1817.860290261053,1810.3594194778937,stop,15,-45.47691899671554,-3.84,-1.1364466989479949,0.0,-45.47691899671554,-65.1270536127564,-1.1228737942204559,3.105539787195308,1.7536628056308414,break_dn
XAUUSD.a,15m,1,0.03,2022-05-19 15:45:00,1838.1008457595215,2022-05-20 17:00:00,1836.2384575323558,1827.80322893208,1857.76354213584,signal,97,-5.587164681496915,-0.72,-0.36925480586506915,-2.4876,-8.074764681496916,-11.48860308955953,-0.26137972234439555,0.5604059518065526,1.0962880469969354,break_up
XAUUSD.a,15m,1,0.1,2022-05-20 22:30:00,1843.862065932763,2022-05-23 03:30:00,1850.7154765197874,1840.0122617401062,1850.7154765197874,target,16,68.53410587024428,-2.4,-0.0,-8.292,60.24210587024427,84.9772976785029,1.5648096073340725,0.17976652788809278,1.7943598483302665,break_up
XAUUSD.a,15m,1,0.09,2022-05-23 04:00:00,1852.7606302811807,2022-05-23 04:45:00,1848.3938318925575,1848.4575862262423,1860.5248275475155,stop,3,-39.30118549760914,-2.16,-0.5737890031631545,0.0,-39.30118549760914,-55.48037140744959,-1.0148161006187206,1.0017629906051053,0.08583916736698426,break_up
XAUUSD.a,15m,1,0.14,2022-05-23 07:15:00,1855.7179105789319,2022-05-23 09:00:00,1852.6986484990077,1852.7592167949992,1860.7715664100017,stop,7,-42.26966911893806,-3.3600000000000003,-0.847956143880538,0.0,-42.26966911893806,-59.430950338757754,-1.0204712959213404,1.2532255277879463,0.8456736667565599,break_up
XAUUSD.a,15m,1,0.06,2022-05-23 11:30:00,1860.3905054971453,2022-05-23 16:00:00,1853.9863665581966,1854.0665907351683,1872.166818529663,stop,18,-38.42483363369274,-1.44,-0.4813450618301949,0.0,-38.42483363369274,-54.068461639991476,-1.0126858409689754,1.1876354726193816,0.7937321567069221,break_up
XAUUSD.a,15m,1,0.08,2022-05-24 11:00:00,1860.3587088071233,2022-05-24 13:00:00,1855.5262135887679,1855.5839376364406,1868.9821247271186,stop,8,-38.65996174684369,-1.92,-0.4617923813816311,0.0,-38.65996174684369,-54.601380920348696,-1.0120893851473327,1.0259567698660763,0.05891197354208702,break_up
XAUUSD.a,15m,1,0.14,2022-05-25 02:30:00,1867.0692032775187,2022-05-25 04:00:00,1864.190210458469,1864.2405522631611,1871.9188954736776,stop,6,-40.3058994666958,-3.3600000000000003,-0.7047852656917245,0.0,-40.3058994666958,-56.88906064459534,-1.0177971069731224,1.7850216417260976,0.3432013060479193,break_up
XAUUSD.a,15m,-1,0.13,2022-05-25 13:15:00,1854.2587534097293,2022-05-25 16:00:00,1848.7394211361852,1857.2002894319073,1848.4994211361852,target,11,71.7513195560723,-3.12,-0.0,0.0,71.7513195560723,101.64804153124088,1.876343594615311,0.9557070078608412,2.195707739437062,break_dn
XAUUSD.a,15m,-1,0.1,2022-05-25 17:00:00,1849.423838943969,2022-05-25 21:45:00,1853.8318362091297,1853.5121965806347,1841.3556068387306,stop,19,-44.07997265160702,-2.4,-0.7963962849503214,0.0,-44.07997265160702,-62.15537818018729,-1.078182893205909,1.2685194195145038,1.8818898999853124,break_dn
XAUUSD.a,15m,-1,0.19,2022-05-26 02:30:00,1852.9893829623702,2022-05-26 06:15:00,1849.1244728706488,1855.1027635646756,1848.8844728706488,target,15,73.43329174270684,-4.56,-0.0,0.0,73.43329174270684,103.54384058475301,1.828780905581038,0.6059566536348576,1.9586547533628673,break_dn
XAUUSD.a,15m,-1,0.2,2022-05-26 07:15:00,1850.289841537512,2022-05-26 07:30:00,1846.5964732705334,1852.3017633647332,1846.3564732705333,target,1,73.86736533957446,-4.8,-0.0,0.0,73.86736533957446,104.48000755243913,1.8357414373698395,0.01498987787687356,2.3658183300721665,break_dn
XAUUSD.a,15m,-1,0.1,2022-05-26 07:45:00,1846.426766427753,2022-05-26 10:30:00,1850.6135241808904,1850.3170600440812,1838.7158799118376,stop,11,-41.86757753137499,-2.4,-0.5646413680911679,0.0,-41.86757753137499,-58.981710711392694,-1.0762061083422712,1.1112872185537925,0.9065553337543157,break_dn
XAUUSD.a,15m,1,0.13,2022-05-26 22:00:00,1852.1408818074146,2022-05-27 03:45:00,1848.979448188536,1849.020979600747,1857.3880407985057,stop,19,-41.09863704542204,-3.12,-0.5399083587435931,-10.7796,-51.87823704542204,-73.11118837258948,-1.2790893286174785,1.1958329333019657,0.5285800910877823,break_up
XAUUSD.a,15m,1,0.06,2022-05-27 05:00:00,1856.1869375042568,2022-05-30 02:00:00,1850.025288695045,1850.0720044877714,1867.5859910244574,stop,80,-36.9698928552707,-1.44,-0.2802947563587065,-4.9752,-41.9450928552707,-58.595625915387096,-1.1432420911831824,1.3045012075768607,0.9375511522836717,break_up
XAUUSD.a,15m,1,0.14,2022-05-30 05:45:00,1859.5565851729118,2022-05-30 11:15:00,1856.5460305775102,1856.6032906893583,1864.6334186212832,stop,22,-42.14776433562202,-3.3600000000000003,-0.80164156587459,0.0,-42.14776433562202,-58.64363141687471,-1.0193885547706074,1.1263980586552198,1.4910178621232344,break_up
XAUUSD.a,15m,-1,0.19,2022-05-30 21:00:00,1854.261382822122,2022-05-31 01:00:00,1856.645793229323,1856.3608352977308,1850.1483294045383,stop,2,-45.30379773682148,-4.56,-0.8542007002544643,5.7437000000000005,-39.560097736821476,-55.0125818537101,-0.9917397185174889,1.1758385610334867,0.13878991094448787,break_dn
XAUUSD.a,15m,-1,0.15,2022-05-31 02:00:00,1854.2916891714526,2022-05-31 03:15:00,1849.5748167547365,1856.9625916226319,1849.3348167547365,target,5,70.75308625074172,-3.5999999999999996,-0.0,0.0,70.75308625074172,98.61882004173411,1.7660219730726376,0.2577072136211867,2.254552265206828,break_dn
XAUUSD.a,15m,-1,0.07,2022-05-31 17:30:00,1842.4622351495302,2022-06-01 07:45:00,1832.4940109750619,1847.667994512469,1832.2540109750619,target,53,69.77756922127833,-1.6800000000000002,-0.0,6.348300000000001,76.12586922127832,106.1905328943175,2.0890562579383225,0.892812081088182,2.0423985067815495,break_dn
XAUUSD.a,15m,-1,0.11,2022-06-01 08:15:00,1831.0550084728468,2022-06-01 09:15:00,1834.9187128525382,1834.6254981266288,1824.049003746742,stop,4,-42.500748176605384,-2.6399999999999997,-0.5853619850016818,0.0,-42.500748176605384,-59.260095897329,-1.08212171280171,1.1384969349644423,0.4327161321445802,break_dn
XAUUSD.a,15m,1,0.1,2022-06-01 20:15:00,1849.5689243339484,2022-06-01 20:15:00,1845.34129986507,1845.4296863659924,1856.950627268015,stop,0,-42.27624468878503,-2.4,-0.8838650092251068,0.0,-42.27624468878503,-58.85023690964967,-1.021353326773375,1.0071719399131351,0.0,break_up
XAUUSD.a,15m,1,0.09,2022-06-01 21:45:00,1850.001375687004,2022-06-02 01:00:00,1844.632835679853,1845.4919480139993,1858.1461039720016,stop_gap,9,-48.31686006435757,-2.16,-0.5144788813232923,-7.4628,-55.77966006435757,-77.74710441753093,-1.374396144382828,1.1778380921375027,0.0,break_up
XAUUSD.a,15m,1,0.09,2022-06-02 03:30:00,1848.910859807716,2022-06-02 05:00:00,1844.6965688691632,1844.7412139736732,1856.4375720526539,stop,6,-37.9286184469745,-2.16,-0.4018059405895652,0.0,-37.9286184469745,-52.961095910096205,-1.0107071694544127,1.0914259840874063,0.0,break_up
XAUUSD.a,15m,1,0.15,2022-06-02 08:30:00,1845.9489455953874,2022-06-02 09:15:00,1850.3541410417008,1843.3429294791497,1850.3541410417008,target,3,66.07793169470142,-3.5999999999999996,-0.0,0.0,66.07793169470142,92.02670040903782,1.6903945523841213,0.1032018158719596,1.888343811057096,break_up
XAUUSD.a,15m,1,0.09,2022-06-02 09:30:00,1851.129555308982,2022-06-02 16:00:00,1859.3996582749899,1846.590170862505,1859.3996582749899,target,26,74.43092669407133,-2.16,-0.0,0.0,74.43092669407133,103.11420513704243,1.8218555981585334,0.31492272263728566,2.112719203252584,break_up
XAUUSD.a,15m,1,0.1,2022-06-02 16:15:00,1860.8997631888467,2022-06-02 17:00:00,1868.0898818758146,1856.8850590620925,1868.0898818758146,target,3,71.90118686967935,-2.4,-0.0,0.0,71.90118686967935,99.39752390848301,1.7909460971364395,0.6276335962231357,1.8781550453257283,break_up
XAUUSD.a,15m,1,0.19,2022-06-03 03:45:00,1871.6607546891605,2022-06-03 06:15:00,1869.4493091643367,1869.4939682859724,1875.2720634280554,stop,10,-42.01746497165277,-4.56,-0.8485233110781313,0.0,-42.01746497165277,-57.889648909719725,-1.0206107632805996,1.731021887363592,1.0057499473104392,break_up
XAUUSD.a,15m,-1,0.17,2022-06-03 12:00:00,1864.80962083047,2022-06-03 14:00:00,1867.4957752098903,1867.2121066064615,1860.0957867870768,stop,8,-45.6646244501444,-4.08,-0.7423662582897061,0.0,-45.6646244501444,-63.063975210805694,-1.1180729585430291,1.0615584887187917,0.6241955084422044,break_dn
XAUUSD.a,15m,-1,0.15,2022-06-03 15:00:00,1863.7556153133671,2022-06-03 15:00:00,1866.7234333150884,1866.4318562851392,1858.3562874297215,stop,0,-44.51727002581947,-3.5999999999999996,-0.7736554492386437,0.0,-44.51727002581947,-61.57639430372284,-1.108950215255128,1.1412965868354905,0.03572746788332754,break_dn
XAUUSD.a,15m,-1,0.08,2022-06-03 18:15:00,1856.3076210327563,2022-06-06 17:00:00,1847.2646853287258,1861.042657335637,1847.0246853287258,target,87,72.34348563224376,-1.92,-0.0,2.4184,74.76188563224376,103.54544975519205,1.9736354921598234,0.323625600570661,2.0353848241655497,break_dn
XAUUSD.a,15m,-1,0.07,2022-06-06 17:15:00,1846.7328819713118,2022-06-07 16:45:00,1852.688660020587,1852.369170775513,1835.6316584489737,stop,90,-41.69044634492548,-1.6800000000000002,-0.5564247155170402,2.1161000000000003,-39.57434634492548,-55.022449175415,-1.0030497452616285,1.209504740709286,1.7427925204950065,break_dn
XAUUSD.a,15m,1,0.12,2022-06-07 21:30:00,1852.7035658981931,2022-06-08 04:00:00,1849.311689260683,1849.3620285588343,1858.5059428823317,stop,22,-40.70251965012267,-2.88,-0.6040715778160172,-29.8512,-70.55371965012267,-97.66031732756032,-1.7595124759666183,1.34775267813023,0.8368705232973478,break_up
XAUUSD.a,15m,-1,0.18,2022-06-08 06:30:00,1847.281041025176,2022-06-08 08:45:00,1849.7629710360673,1849.481432310703,1843.2971353785942,stop,9,-44.67474019604424,-4.32,-0.7476970565558714,0.0,-44.67474019604424,-62.038772126542106,-1.127949391190591,1.0357062354380941,0.7003486313147999,break_dn
XAUUSD.a,15m,1,0.11,2022-06-08 16:00:00,1852.2990280879997,2022-06-08 18:00:00,1858.7645524888042,1848.632723755598,1858.7645524888042,target,8,71.12076840884947,-2.6399999999999997,-0.0,0.0,71.12076840884947,98.51340611248784,1.7634991028060707,0.3079471821314882,1.8604489135608384,break_up
XAUUSD.a,15m,1,0.15,2022-06-08 22:30:00,1853.7717309051382,2022-06-08 23:30:00,1851.0671600206758,1851.1141051079435,1858.241789784113,stop,4,-40.568563266934916,-3.5999999999999996,-0.7041763090162001,0.0,-40.568563266934916,-56.42594721189329,-1.0176642954464143,1.855690485223339,0.014399730354132327,break_up
XAUUSD.a,15m,-1,0.19,2022-06-09 05:00:00,1851.0844730202484,2022-06-09 06:00:00,1853.4550959012154,1853.1779362723362,1846.9741274553273,stop,4,-45.04183473837202,-4.56,-0.7060329487060802,0.0,-45.04183473837202,-62.72886571552005,-1.132392879885895,1.3019225329288304,0.11677922696025321,break_dn
XAUUSD.a,15m,1,0.2,2022-06-09 06:45:00,1854.7041861041419,2022-06-09 08:45:00,1852.6396112455914,1852.6779402335142,1857.9641195329718,stop,8,-41.29149717100972,-4.8,-0.7665797584555045,0.0,-41.29149717100972,-57.56918392612021,-1.0189162571425363,1.867584856801962,0.2792424670964782,break_up
XAUUSD.a,15m,-1,0.14,2022-06-09 09:30:00,1850.1034803968741,2022-06-09 14:45:00,1844.8689115185646,1852.8655442407176,1844.6289115185646,target,21,73.28396429633403,-3.3600000000000003,-0.0,0.0,73.28396429633403,102.12796562890593,1.8951657797401522,0.8966192467440244,1.985283725101735,break_dn
XAUUSD.a,15m,-1,0.14,2022-06-09 15:00:00,1846.3212498747303,2022-06-09 15:15:00,1849.4189184391837,1849.109537907558,1840.2909241848843,stop,1,-43.367359902348205,-3.3600000000000003,-0.9713274427584214,0.0,-43.367359902348205,-60.58840116566523,-1.1109571636729239,1.6708281463106678,0.9078150624787653,break_dn
XAUUSD.a,15m,-1,0.24,2022-06-10 02:45:00,1846.4861198190627,2022-06-10 04:00:00,1848.4069453336153,1848.1292032798372,1843.2115934403257,stop,5,-46.09981234926454,-5.76,-0.9058092906746328,0.0,-46.09981234926454,-64.90920045797716,-1.16903709422482,1.0674321924649075,0.5210446331551472,break_dn
XAUUSD.a,15m,-1,0.15,2022-06-10 04:30:00,1845.0228200439167,2022-06-10 14:15:00,1840.041132934615,1847.6594335326924,1839.801132934615,target,39,74.72530663952512,-3.5999999999999996,-0.0,0.0,74.72530663952512,105.016171003886,1.8894263912814828,0.9660801505138183,2.045358588535694,break_dn
XAUUSD.a,15m,-1,0.14,2022-06-10 14:30:00,1840.7212789945731,2022-06-10 14:45:00,1835.4688917232497,1843.5255541383751,1835.2288917232497,target,1,73.5334217985278,-3.3600000000000003,-0.0,0.0,73.5334217985278,103.34114030935943,1.8729928419942121,0.053033671020282745,2.560832524028624,break_dn
XAUUSD.a,15m,1,0.13,2022-06-13 07:45:00,1862.6309693707599,2022-06-13 10:30:00,1859.558212040648,1859.636264651388,1867.7774706972236,stop,11,-39.94584529145504,-3.12,-1.0146839396209044,0.0,-39.94584529145504,-57.07853979688935,-1.0260635415021684,2.30439058853435,1.5190247638820198,break_up
XAUUSD.a,15m,-1,0.06,2022-06-13 15:30:00,1850.5435951452291,2022-06-13 16:15:00,1838.539245355552,1856.7503773222238,1838.299245355552,target,3,72.02609873806205,-1.44,-0.0,0.0,72.02609873806205,103.43821624836575,1.9340697719618511,0.21692477943907906,2.4479021032096067,break_dn
XAUUSD.a,15m,-1,0.07,2022-06-13 22:30:00,1820.0433285488198,2022-06-14 05:30:00,1825.9532819473834,1825.6389435250844,1808.872112949831,stop,24,-41.369673789945416,-1.6800000000000002,-0.5203689560933985,2.1161000000000003,-39.25357378994541,-56.53039227792479,-1.0021514029021032,1.2110682167957054,1.9467616329977608,break_dn
XAUUSD.a,15m,-1,0.1,2022-06-14 07:45:00,1824.6301360522543,2022-06-14 09:00:00,1828.6197690971608,1828.3166228273299,1817.3767543453405,stop,5,-39.89633044906441,-2.4,-0.6314626983081293,0.0,-39.89633044906441,-57.326432141769395,-1.0822317529742644,1.4322210467274952,0.18720697899157215,break_dn
XAUUSD.a,15m,-1,0.07,2022-06-14 13:30:00,1820.4754729160454,2022-06-14 18:45:00,1810.1912966410043,1825.8343516794978,1809.9512966410043,target,21,71.98923392528764,-1.6800000000000002,-0.0,0.0,71.98923392528764,104.51095195448396,1.9190910503852643,0.9058848498425558,2.074216157277752,break_dn
XAUUSD.a,15m,-1,0.07,2022-06-14 19:00:00,1810.42796160004,2022-06-15 04:30:00,1815.8651693560578,1815.563848023225,1800.3423039535498,stop,34,-38.060454292125094,-1.6800000000000002,-0.42924932982933556,6.348300000000001,-31.712154292125092,-45.8745432995676,-0.8820887735302088,1.3867203853669114,1.0393457253927125,break_dn
XAUUSD.a,15m,1,0.08,2022-06-15 10:45:00,1824.1885299807143,2022-06-15 10:45:00,1819.4794164145712,1819.5522113856425,1832.5955772287152,stop,0,-37.67290852914448,-1.92,-0.5823597685700767,0.0,-37.67290852914448,-54.53992606356151,-1.015701028645587,1.2528323629201041,0.0,break_up
XAUUSD.a,15m,1,0.09,2022-06-15 12:45:00,1825.4504995205243,2022-06-15 14:30:00,1833.3776607387288,1821.0511696306357,1833.3776607387288,target,7,71.34445096384002,-2.16,-0.0,0.0,71.34445096384002,102.73518750642957,1.801901975213143,0.4410897952854984,2.3093290873290013,break_up
XAUUSD.a,15m,1,0.03,2022-06-15 21:45:00,1839.0203660914763,2022-06-16 10:15:00,1827.101089152055,1827.1673066128153,1861.4353867743691,stop,46,-35.757830818263756,-0.72,-0.19865238228112936,-2.4876,-38.245430818263756,-54.87542982748226,-1.0755431508946967,1.0596729151733892,0.23788237236131643,break_up
XAUUSD.a,15m,1,0.06,2022-06-16 12:15:00,1836.0387912961758,2022-06-16 12:45:00,1829.903004856912,1829.9892099262006,1847.3015801475988,stop,2,-36.81471863558227,-1.44,-0.51723041573124,0.0,-36.81471863558227,-52.80442725165632,-1.01424975779587,1.1370689764280209,0.0,break_up
XAUUSD.a,15m,1,0.05,2022-06-16 18:30:00,1843.2356961942207,2022-06-16 23:45:00,1857.1113148431855,1835.7193425784071,1857.1113148431855,target,21,69.37809324482373,-1.2,-0.0,0.0,69.37809324482373,98.47009941640702,1.8460571918505684,0.09521853691329867,1.9004299871850865,break_up
XAUUSD.a,15m,1,0.13,2022-06-17 07:45:00,1843.9806692952802,2022-06-17 10:30:00,1849.1595138506775,1840.9702430746613,1849.1595138506775,target,11,67.32497922016478,-3.12,-0.0,0.0,67.32497922016478,96.28170070813697,1.7203027664078003,0.6679018676853086,1.7935436077918043,break_up
XAUUSD.a,15m,1,0.1,2022-06-17 11:15:00,1850.7930611190836,2022-06-17 13:00:00,1846.850405987119,1846.9163294852458,1857.7573410295083,stop,7,-39.42655131964557,-2.4,-0.6592349812674713,0.0,-39.42655131964557,-56.3381316904998,-1.017004916603283,1.3318077201986418,0.43772410401193146,break_up
XAUUSD.a,15m,-1,0.08,2022-06-17 22:15:00,1834.9095919644644,2022-06-17 23:30:00,1839.969049870867,1839.659094890042,1825.471810219916,stop,5,-40.475663251219885,-1.92,-0.5596398465990116,0.0,-40.475663251219885,-58.34750360562186,-1.0652605095062961,1.4676079043972645,0.029390857664850518,break_dn
XAUUSD.a,15m,-1,0.11,2022-06-20 04:30:00,1837.283426984444,2022-06-20 05:30:00,1841.0272881439926,1840.7093162222427,1830.5413675555144,stop,4,-41.18247275503336,-2.6399999999999997,-0.8576911392475799,0.0,-41.18247275503336,-59.26388365956736,-1.0928144197546146,1.4322042176438814,0.6256556577472064,break_dn
XAUUSD.a,15m,-1,0.13,2022-06-20 14:30:00,1837.7695538726282,2022-06-20 16:00:00,1840.9787686582679,1840.6774368772367,1832.0751262455265,stop,6,-41.71979221331594,-3.12,-0.7973131534066727,0.0,-41.71979221331594,-59.89489945203638,-1.1036258269516468,1.592377038564976,0.1305258402853782,break_dn
XAUUSD.a,15m,-1,0.12,2022-06-20 17:15:00,1837.6583304635292,2022-06-21 03:30:00,1841.1113624577445,1840.831124553204,1831.2577508935922,stop,27,-41.43638393058336,-2.88,-0.48285485448493065,3.6275999999999997,-37.80878393058336,-54.225577526831636,-0.9930464773836423,1.2391820664522286,0.6645027707251152,break_dn
XAUUSD.a,15m,1,0.17,2022-06-21 05:30:00,1842.4984817332418,2022-06-21 05:45:00,1840.1526312836613,1840.196287983534,1846.2974240329322,stop,1,-39.879457642867465,-4.08,-0.7421638978330429,0.0,-39.879457642867465,-57.20027201030919,-1.0189630867854365,1.1808223063705117,0.0,break_up
XAUUSD.a,15m,-1,0.11,2022-06-21 08:45:00,1835.8013674105,2022-06-21 10:45:00,1839.5385226782348,1839.2417766930848,1829.1864466138306,stop,8,-41.10870794508287,-2.6399999999999997,-0.624205836648771,0.0,-41.10870794508287,-58.906812175913316,-1.086253105597667,1.0343631519405294,0.9334259812505059,break_dn
XAUUSD.a,15m,-1,0.13,2022-06-21 14:30:00,1832.329781969441,2022-06-21 15:00:00,1835.5352326446161,1835.230214936725,1826.6495701265499,stop,2,-41.67085877727686,-3.12,-0.8452302025864435,0.0,-41.67085877727686,-59.964972626024384,-1.1051628192520755,1.317119917491668,0.5274322787999485,break_dn
XAUUSD.a,15m,-1,0.1,2022-06-21 21:00:00,1833.4229645886435,2022-06-22 05:00:00,1826.3068652023296,1837.1265673988353,1826.0668652023296,target,28,71.16099386313863,-2.4,-0.0,9.069,80.22999386313863,115.89073056542581,2.166268846172082,0.32860851277234915,2.028555699323041,break_dn
XAUUSD.a,15m,-1,0.09,2022-06-22 05:15:00,1826.058392190444,2022-06-22 06:45:00,1830.4225442510324,1830.1213170007804,1818.0573659984389,stop,6,-39.2773685452953,-2.16,-0.5510452522667075,0.0,-39.2773685452953,-56.7182217260582,-1.0741404934409795,1.0119822545314603,0.1152844840378199,break_dn
XAUUSD.a,15m,-1,0.14,2022-06-22 08:00:00,1825.5637973961398,2022-06-22 10:15:00,1828.4917365824886,1828.186841609903,1820.4263167801937,stop,9,-40.99114860888313,-3.3600000000000003,-0.9085296161982704,0.0,-40.99114860888313,-59.43847312928938,-1.1162370695033441,1.2413830414198541,0.6533619933463065,break_dn
XAUUSD.a,15m,1,0.06,2022-06-22 16:00:00,1844.9829422188714,2022-06-22 16:30:00,1839.2964642812276,1839.406792610227,1855.226414779546,stop,2,-34.11886762586255,-1.44,-0.6619699739961467,0.0,-34.11886762586255,-49.23357521769488,-1.0197857548205709,1.7239390786734308,0.10528013456068419,break_up
XAUUSD.a,15m,1,0.08,2022-06-22 21:00:00,1840.9071407429437,2022-06-23 02:45:00,1836.3636567200467,1836.4053783659874,1849.0792432680255,stop,19,-36.34787218317615,-1.92,-0.3337731675246855,-6.6336,-42.98147218317615,-62.24598077243799,-1.1934623760682666,1.0478431218604172,0.17167926521676197,break_up
XAUUSD.a,15m,-1,0.12,2022-06-23 05:00:00,1833.0978054975078,2022-06-23 10:30:00,1836.4818745220964,1836.1830792499436,1827.0238415001131,stop,22,-40.60882829506318,-2.88,-0.7055432658337405,0.0,-40.60882829506318,-59.039047868024326,-1.0968456273667468,1.5500065427636047,0.6637354289521725,break_dn
XAUUSD.a,15m,-1,0.1,2022-06-23 12:45:00,1831.0002940365723,2022-06-23 14:30:00,1824.4025706648583,1834.5387146675707,1824.1625706648583,target,7,65.97723371713982,-2.4,-0.0,0.0,65.97723371713982,95.68296794549964,1.864595552579157,0.38144305162689396,2.00662803465759,break_dn
XAUUSD.a,15m,1,0.05,2022-06-23 17:00:00,1844.5415977807243,2022-06-23 18:15:00,1837.7868965889825,1837.8811187064368,1857.0477625871263,stop,5,-33.77350595870894,-1.2,-0.47111058727135346,0.0,-33.77350595870894,-49.00890392046339,-1.014146447485753,1.216368626094807,0.0,break_up
XAUUSD.a,15m,-1,0.11,2022-06-24 01:00:00,1822.2257945799088,2022-06-24 05:30:00,1825.8716081453274,1825.5804258837031,1816.5191482325936,stop,18,-40.10394921960483,-2.6399999999999997,-0.5630048778665316,0.0,-40.10394921960483,-58.11829635905865,-1.0868000788327832,1.2294064672401799,0.18952740922369857,break_dn
XAUUSD.a,15m,-1,0.17,2022-06-24 07:30:00,1824.3278336223123,2022-06-24 07:45:00,1826.7975124558923,1826.5087878583986,1820.0624242832025,stop,1,-41.98454017086033,-4.08,-0.8283181573913034,0.0,-41.98454017086033,-60.73185715650045,-1.1323845281649705,1.0051409339159314,0.8610146839586748,break_dn
XAUUSD.a,15m,-1,0.13,2022-06-24 09:15:00,1823.5483480520088,2022-06-24 10:30:00,1826.732215404224,1826.4343356610586,1817.8413286778825,stop,5,-41.39027557879763,-3.12,-0.7524366611500398,0.0,-41.39027557879763,-59.96939332473323,-1.103215877376355,1.511320400099459,0.8275669807172349,break_dn
XAUUSD.a,15m,-1,0.08,2022-06-24 14:45:00,1822.9250600057621,2022-06-24 16:00:00,1827.5266719569402,1827.1940509717836,1814.521898056433,stop,5,-36.81289560942423,-1.92,-0.7409678812526124,0.0,-36.81289560942423,-53.35588899112143,-1.0779155982769864,1.2309559884441232,1.4019846969458425,break_dn
XAUUSD.a,15m,1,0.06,2022-06-24 18:30:00,1830.7468182113842,2022-06-24 22:45:00,1824.9850576258175,1825.048094715822,1841.2238105683564,stop,17,-34.570563513399975,-1.44,-0.378222540026574,0.0,-34.570563513399975,-49.738955331203925,-1.0110616158256298,1.2663920642937132,0.09531639656473956,break_up
XAUUSD.a,15m,1,0.12,2022-06-27 08:30:00,1836.9491270356164,2022-06-27 11:15:00,1833.945445232355,1834.0077750052749,1841.8744499894506,stop,11,-36.044181639135786,-2.88,-0.7479572750370345,0.0,-36.044181639135786,-51.938357934141884,-1.0211908579037383,1.0604398941170987,1.4078127751008525,break_up
XAUUSD.a,15m,1,0.11,2022-06-27 11:30:00,1838.9022279546646,2022-06-27 14:15:00,1835.7460190468237,1835.8087112730452,1844.0625774539094,stop,11,-34.71829798624981,-2.6399999999999997,-0.6896144884366615,0.0,-34.71829798624981,-50.139794616423046,-1.020265682287747,1.2775841740719718,0.5197230889001737,break_up
XAUUSD.a,15m,-1,0.08,2022-06-27 17:30:00,1826.5074293619366,2022-06-28 18:45:00,1820.8786499925873,1830.7110350349906,1818.3479299300186,signal,97,45.03023495479465,-1.92,-0.7783998813966296,2.4184,47.44863495479465,68.60704880681702,1.4109504626870315,0.7142845622534296,1.878727448809232,break_dn
XAUUSD.a,15m,-1,0.13,2022-06-28 21:30:00,1819.6692873005288,2022-06-29 04:45:00,1822.7019740312946,1822.4255876638288,1814.3088246723426,stop,25,-39.42492749995563,-3.12,-0.47302277705767914,11.789700000000002,-27.635227499955626,-39.98267817349406,-0.7712463993658327,1.1721192445090935,0.500412552599139,break_dn
XAUUSD.a,15m,-1,0.07,2022-06-29 09:45:00,1816.621289962348,2022-06-29 13:30:00,1821.8796489857618,1821.56939363581,1806.8112127283803,stop,15,-36.80851316389612,-1.6800000000000002,-0.491787449663257,0.0,-36.80851316389612,-53.47509648554636,-1.0627018693273986,1.9883799303599394,0.925867820215431,break_dn
XAUUSD.a,15m,-1,0.15,2022-06-29 23:45:00,1818.050778222435,2022-06-30 03:45:00,1820.6866158919422,1820.412601209544,1813.414797580912,stop,12,-39.53756504260923,-3.5999999999999996,-0.5102202359744267,4.5344999999999995,-35.00306504260923,-50.936516891411735,-0.9880239468596465,1.087813012062272,0.3729230459870209,break_dn
XAUUSD.a,15m,1,0.11,2022-06-30 05:30:00,1822.0243847728789,2022-06-30 06:15:00,1818.8951150751795,1818.9328105267184,1827.4143789465631,stop,3,-34.42196667469261,-2.6399999999999997,-0.4146499669270483,0.0,-34.42196667469261,-49.95278798806051,-1.012192963369934,1.0882432395266406,0.0,break_up
XAUUSD.a,15m,-1,0.22,2022-06-30 07:00:00,1817.2864771605853,2022-06-30 10:30:00,1814.3291797149898,1818.920410142505,1814.0891797149898,target,14,65.0605438031007,-5.279999999999999,-0.0,0.0,65.0605438031007,94.55237512985322,1.8099257915222722,0.31428635390622517,2.0297510346407117,break_dn
XAUUSD.a,15m,-1,0.15,2022-06-30 10:45:00,1814.0376141937822,2022-06-30 11:45:00,1816.6887945861586,1816.396543411724,1809.4169131765518,stop,4,-39.76770588564477,-3.5999999999999996,-0.7837676165179792,0.0,-39.76770588564477,-57.74566321408624,-1.1238914555857542,1.2727748604671598,0.7578074747584008,break_dn
XAUUSD.a,15m,-1,0.13,2022-06-30 13:30:00,1810.7346505938388,2022-06-30 14:30:00,1805.8539419909177,1813.348029004541,1805.6139419909177,target,4,63.44921183797305,-3.12,-0.0,0.0,63.44921183797305,92.2133094568475,1.8675858738762978,0.9012661145877303,2.9366778888236933,break_dn
XAUUSD.a,15m,-1,0.08,2022-06-30 22:15:00,1805.786292038348,2022-07-01 08:30:00,1797.549702031889,1810.1051489840554,1797.309702031889,target,37,65.89272005167186,-1.92,-0.0,2.4184,68.31112005167186,100.04118162891476,1.9771180462334665,0.683909654518142,2.448863708917178,break_dn
XAUUSD.a,15m,-1,0.1,2022-07-01 08:45:00,1796.4392509451377,2022-07-01 14:15:00,1789.4156573396033,1800.0421713301985,1789.1756573396033,target,22,70.23593605534415,-2.4,-0.0,0.0,70.23593605534415,103.54242928271513,1.9494168216031644,0.9133560287668728,2.322907544624137,break_dn
XAUUSD.a,15m,1,0.01,2022-07-04 01:15:00,1811.0664749546313,2022-07-05 05:00:00,1811.6121922013829,1790.8629109474657,1850.6141781050685,signal,97,0.5457172467515647,-0.24,-0.055615597234341715,-0.8292,-0.2834827532484353,-0.41235054583178465,-0.014031324035100564,0.3517436305847233,0.15658252396689554,break_up
XAUUSD.a,15m,-1,0.14,2022-07-05 11:15:00,1803.3266361785227,2022-07-05 14:30:00,1798.5599704191711,1805.9400147904146,1798.319970419171,target,13,66.73332063092175,-3.3600000000000003,-0.0,0.0,66.73332063092175,98.37449235055392,1.8239476429711883,0.7857123388604382,2.007606611092815,break_dn
XAUUSD.a,15m,-1,0.09,2022-07-05 23:30:00,1765.4310408509925,2022-07-06 02:30:00,1769.6054294372627,1769.3068113201882,1758.1863773596233,stop,8,-37.569497276431775,-2.16,-0.5275630536696975,8.162099999999999,-29.407397276431777,-43.285001658004646,-0.8430552356595767,1.000822721530357,0.2557016363247488,break_dn
XAUUSD.a,15m,-1,0.13,2022-07-06 05:00:00,1768.4290477115806,2022-07-06 05:15:00,1771.5647122616829,1771.2657001456698,1762.8485997086605,stop,1,-40.76363915133015,-3.12,-0.7671575081688455,0.0,-40.76363915133015,-59.853227544313505,-1.1054102055012762,1.0861225899212428,0.020815983964428957,break_dn
XAUUSD.a,15m,-1,0.11,2022-07-06 07:00:00,1769.1326477609362,2022-07-06 08:45:00,1763.2750409213306,1772.2674795393348,1763.0350409213306,target,7,64.43367523566076,-2.6399999999999997,-0.0,0.0,64.43367523566076,95.00409194016802,1.8685553974439388,0.18098331239761664,1.9467225651430715,break_dn
XAUUSD.a,15m,-1,0.09,2022-07-06 13:15:00,1761.3404562894655,2022-07-06 15:45:00,1765.5982768775245,1765.266391635519,1753.6372167289621,stop,10,-38.32038529253168,-2.16,-0.8269671780481255,0.0,-38.32038529253168,-56.239374934004054,-1.0845366040831694,1.6631816713685752,0.45605852660444096,break_dn
XAUUSD.a,15m,-1,0.03,2022-07-06 17:15:00,1753.9389088075388,2022-07-06 18:45:00,1734.8227556444135,1763.7536221777932,1734.5827556444135,target,6,57.348459489375955,-0.72,-0.0,0.0,57.348459489375955,84.66091836220781,1.9477036610219303,0.3108691081808023,2.1639866602633497,break_dn
XAUUSD.a,15m,-1,0.12,2022-07-07 03:15:00,1739.7014206351864,2022-07-07 05:30:00,1742.9735637420185,1742.675094002782,1734.0498119944357,stop,9,-39.26571728198542,-2.88,-0.7016368708373915,0.0,-39.26571728198542,-57.62167950514413,-1.1003707207687632,1.0386410957134746,1.0664993236128928,break_dn
XAUUSD.a,15m,-1,0.15,2022-07-07 09:15:00,1745.6534755674336,2022-07-07 11:45:00,1741.0765995697723,1748.116700215114,1740.8365995697723,target,10,68.65313996491977,-3.5999999999999996,-0.0,0.0,68.65313996491977,100.56857828304369,1.858083062773587,0.33148597848570815,2.2951522398728463,break_dn
XAUUSD.a,15m,-1,0.09,2022-07-07 15:30:00,1741.2842181485723,2022-07-07 16:30:00,1745.4256689976162,1745.103700523857,1733.8125989522857,stop,4,-37.273057641394644,-2.16,-0.7377162638334405,0.0,-37.273057641394644,-54.55099395757847,-1.0842963632565978,1.3027372200026957,0.8624776409203349,break_dn
XAUUSD.a,15m,-1,0.14,2022-07-11 04:30:00,1739.3328302439375,2022-07-11 05:15:00,1742.210252125215,1741.9131869899732,1734.1336260200535,stop,3,-40.28390633788559,-3.3600000000000003,-0.7989118933848255,0.0,-40.28390633788559,-59.030957969997345,-1.115125606448887,1.2777960881293717,0.31113149186479566,break_dn
XAUUSD.a,15m,-1,0.15,2022-07-11 10:30:00,1738.367896970693,2022-07-11 14:30:00,1734.2147518467445,1740.7776240766277,1733.9747518467445,target,16,62.29717685922651,-3.5999999999999996,-0.0,0.0,62.29717685922651,92.03305785082954,1.7234918898990539,0.6316495446967606,1.9744546836756813,break_dn
XAUUSD.a,15m,-1,0.08,2022-07-11 19:30:00,1735.584105813563,2022-07-12 04:00:00,1727.626908127285,1739.7515459363576,1727.386908127285,target,30,63.65758149022258,-1.92,-0.0,2.4184,66.07598149022259,98.08505995639133,1.9819115435158312,0.27496356340415823,2.666890341812464,break_dn
XAUUSD.a,15m,-1,0.03,2022-07-12 04:15:00,1724.5840970549968,2022-07-12 04:30:00,1734.55830983682,1734.2247164491366,1705.440567101727,stop,1,-29.922638345469295,-0.72,-0.2807801630496043,0.0,-29.922638345469295,-44.418012566382586,-1.0346028998806969,2.0212293576124316,0.1487556967416945,break_dn
XAUUSD.a,15m,-1,0.12,2022-07-12 22:45:00,1724.8480372381212,2022-07-13 04:15:00,1728.145457191893,1727.8585717934793,1718.9528564130417,stop,18,-39.569039445262206,-2.88,-0.5626247809644636,10.8828,-28.686239445262206,-42.456619372557505,-0.7940516575427419,1.017082749118171,0.6935769046081408,break_dn
XAUUSD.a,15m,-1,0.15,2022-07-13 08:15:00,1725.1510598088296,2022-07-13 10:45:00,1727.9037387499147,1727.606087216876,1720.3278255662483,stop,10,-41.29018411627726,-3.5999999999999996,-0.8647729955813003,0.0,-41.29018411627726,-60.96471786598934,-1.121241633418525,1.360041920602203,1.0717028250708303,break_dn
XAUUSD.a,15m,1,0.11,2022-07-13 14:15:00,1731.3664014581216,2022-07-13 15:00:00,1728.1280927444498,1728.1800254358636,1736.9099491282725,stop,3,-35.621395850389945,-2.6399999999999997,-0.5712596055529664,0.0,-35.621395850389945,-52.798250775030674,-1.0162983562050114,1.0533601290858168,0.1486323455141813,break_up
XAUUSD.a,15m,-1,0.02,2022-07-13 15:45:00,1709.1125517193789,2022-07-13 16:30:00,1725.7500830759911,1725.3632241806606,1676.843551638679,stop,3,-33.27506271322454,-0.48,-0.293717790660903,0.0,-33.27506271322454,-49.328544107602795,-1.0238057161174252,1.1782557507230014,0.1090755920164024,break_dn
XAUUSD.a,15m,1,0.08,2022-07-14 01:00:00,1735.9450434117568,2022-07-14 02:30:00,1731.319069267915,1731.3864736326711,1743.6970527346577,stop,6,-37.00779315073487,-1.92,-0.5392349180488717,0.0,-37.00779315073487,-54.968055655667754,-1.0147862965848198,1.1681390589188216,0.06689742682941276,break_up
XAUUSD.a,15m,-1,0.09,2022-07-14 09:15:00,1725.8425045494914,2022-07-14 10:00:00,1718.8509514836935,1729.5445242581534,1718.6109514836935,target,3,62.923977592181245,-2.16,-0.0,0.0,62.923977592181245,92.95767176165405,1.888578023893044,0.012829604984961995,2.8990943847164483,break_dn
XAUUSD.a,15m,-1,0.1,2022-07-14 14:00:00,1710.9770970838426,2022-07-14 14:15:00,1714.788038333397,1714.4650521287494,1704.099895742501,stop,1,-38.10941249554389,-2.4,-0.8298620464765876,0.0,-38.10941249554389,-56.718875570090624,-1.0926004494006334,1.3167895964897705,0.3059377400522272,break_dn
XAUUSD.a,15m,-1,0.08,2022-07-14 15:45:00,1710.1065179001407,2022-07-14 16:30:00,1701.8471636918161,1714.466418154092,1701.6071636918161,target,3,66.07483366659653,-1.92,-0.0,0.0,66.07483366659653,98.61768282054975,1.8943906344736312,0.10630566592416278,2.361640702859933,break_dn
XAUUSD.a,15m,-1,0.14,2022-07-15 01:00:00,1710.513330832272,2022-07-15 04:45:00,1713.2886201538918,1712.9968013392017,1703.3163973215965,stop,15,-38.854050502676735,-3.3600000000000003,-0.7254634056618562,0.0,-38.854050502676735,-57.493415955425775,-1.1175044414160578,1.500589258994347,0.5086957258992518,break_dn
XAUUSD.a,15m,-1,0.14,2022-07-15 07:15:00,1708.349496320803,2022-07-15 07:15:00,1711.213371211833,1710.9126156930372,1703.344768613926,stop,0,-40.09424847442052,-3.3600000000000003,-0.8505772631416929,0.0,-40.09424847442052,-59.497608586722436,-1.1173396456106528,1.5568934176165476,0.35483962653290935,break_dn
XAUUSD.a,15m,-1,0.13,2022-07-15 07:30:00,1707.9097465836026,2022-07-15 07:45:00,1710.946391636533,1710.6455672351224,1702.5888655297554,stop,1,-39.47638568809589,-3.12,-0.7907172183390287,0.0,-39.47638568809589,-58.580734979663866,-1.1099576469837382,1.052793213910918,0.0,break_dn
XAUUSD.a,15m,-1,0.09,2022-07-15 09:15:00,1706.9980436686715,2022-07-15 15:30:00,1711.0118139752733,1710.6864151882453,1699.7771696235093,stop,25,-36.12393275941645,-2.16,-0.7685890832515508,0.0,-36.12393275941645,-53.293499490161906,-1.088222887879149,1.0335066061265255,1.9298608155107513,break_dn
XAUUSD.a,15m,1,0.11,2022-07-18 10:30:00,1718.7333980636854,2022-07-18 13:30:00,1715.5808383537271,1715.652867795856,1724.044264408288,stop,12,-34.67815680954095,-2.6399999999999997,-0.7923238634173898,0.0,-34.67815680954095,-50.74060167613975,-1.0233821569231671,1.367750905643388,1.6706870210177291,break_up
XAUUSD.a,15m,-1,0.1,2022-07-18 21:15:00,1708.8450609046308,2022-07-19 11:00:00,1712.497013408674,1712.2080870357217,1702.3738259285567,stop,51,-36.519525040432654,-2.4,-0.4892637295225391,3.023,-33.49652504043265,-48.59569272792678,-0.9960233353752397,1.0035423347348231,1.051154753734892,break_dn
XAUUSD.a,15m,1,0.12,2022-07-19 12:00:00,1713.5022832090428,2022-07-19 15:15:00,1710.4653602753826,1710.5284991125495,1718.633001774901,stop,13,-36.44307520392249,-2.88,-0.757666046001871,0.0,-36.44307520392249,-52.8612512204965,-1.0212318161366665,1.6619509179805054,1.6570526410333473,break_up
XAUUSD.a,15m,-1,0.13,2022-07-20 08:45:00,1708.8329660933193,2022-07-20 12:30:00,1711.7851336487133,1711.4954967268197,1703.5890065463602,stop,15,-38.37817822012198,-3.12,-0.6452799846164504,0.0,-38.37817822012198,-55.437363812506476,-1.1087825688273134,1.9068452557129885,1.0790358830697186,break_dn
XAUUSD.a,15m,-1,0.1,2022-07-20 19:45:00,1704.714998167615,2022-07-20 22:45:00,1697.9858466222838,1708.252076688858,1697.7458466222838,target,12,67.29151545331206,-2.4,-0.0,0.0,67.29151545331206,97.72221239226265,1.9024603228107884,0.01272288192492643,2.571330580588518,break_dn
XAUUSD.a,15m,-1,0.13,2022-07-20 23:00:00,1695.7477204728086,2022-07-21 04:00:00,1690.3301684704486,1698.5199157647758,1690.0901684704486,target,16,70.42817603068033,-3.12,-0.0,3.9299000000000004,74.35807603068034,107.90137714318102,2.063293310876827,0.545516952421581,2.094989660229687,break_dn
XAUUSD.a,15m,-1,0.07,2022-07-21 04:15:00,1690.7547113098283,2022-07-21 15:30:00,1696.2187083577917,1695.876120608242,1680.6477587835159,stop,45,-38.24797933574383,-1.6800000000000002,-0.7181142468474505,0.0,-38.24797933574383,-55.40455331538637,-1.0668932572242966,1.8735641170377937,1.9359341798553997,break_dn
XAUUSD.a,15m,1,0.05,2022-07-21 18:00:00,1712.0033963257383,2022-07-22 12:30:00,1724.8460536225584,1705.051973188721,1724.8460536225584,target,70,64.21328648410054,-1.2,-0.0,-4.146,60.067286484100535,86.78613336237488,1.7282011265932862,0.3673199394439172,1.8883332830597808,break_up
XAUUSD.a,15m,1,0.09,2022-07-22 12:45:00,1723.3655880237104,2022-07-22 16:45:00,1730.6419541336272,1719.3590229331862,1730.6419541336272,target,16,65.48729498925127,-2.16,-0.0,0.0,65.48729498925127,94.04635013463626,1.8161107945371777,0.48060819684784667,3.5303087948682292,break_up
XAUUSD.a,15m,1,0.07,2022-07-22 23:30:00,1724.989321079149,2022-07-25 04:00:00,1720.0471396924454,1720.1048265073662,1734.1003469852676,stop,14,-34.595269706925365,-1.6800000000000002,-0.40380770444521213,-5.804400000000001,-40.399669706925366,-58.517171029310056,-1.1815718703106377,1.0603596755065308,0.5078680883753243,break_up
XAUUSD.a,15m,1,0.12,2022-07-25 11:45:00,1729.605549914339,2022-07-25 12:45:00,1734.714703812493,1726.6376480937533,1734.714703812493,target,4,61.30984677784909,-2.88,-0.0,0.0,61.30984677784909,88.16866815918013,1.7214699835137686,0.5039081495101432,2.228662026412911,break_up
XAUUSD.a,15m,-1,0.07,2022-07-25 16:45:00,1720.9883254129709,2022-07-26 04:15:00,1725.9975256127145,1725.707573916949,1711.6148521661019,stop,42,-35.06440139820552,-1.6800000000000002,-0.34966187035751317,2.1161000000000003,-32.948301398205516,-47.23025959806413,-0.9973834172487155,1.45821407396283,1.330365503676785,break_dn
XAUUSD.a,15m,-1,0.13,2022-07-26 13:30:00,1718.8232525387336,2022-07-26 16:30:00,1721.8564859918251,1721.5439861600628,1713.4920276798741,stop,12,-39.43203489018947,-3.12,-0.9424978129104429,0.0,-39.43203489018947,-56.7980336913064,-1.114858665071992,1.1308521485331529,1.9087692003440233,break_dn
XAUUSD.a,15m,-1,0.11,2022-07-26 19:00:00,1717.0393555213898,2022-07-27 10:00:00,1720.6599688832293,1720.3736730154092,1710.2526539691817,stop,56,-39.82674698023516,-2.6399999999999997,-0.5092545460209181,9.9759,-29.850846980235158,-43.035071478339134,-0.813873713798108,1.445766483622717,1.0375003363041282,break_dn
XAUUSD.a,15m,1,0.1,2022-07-27 11:15:00,1722.9374136967367,2022-07-27 15:30:00,1719.3918460285786,1719.4493118835533,1729.0813762328937,stop,17,-35.45567668158128,-2.4,-0.5746585497471203,0.0,-35.45567668158128,-51.09917949093661,-1.0164748215655532,1.3753651566604383,0.6371907766175282,break_up
XAUUSD.a,15m,1,0.1,2022-07-27 21:15:00,1724.4177759110921,2022-07-27 21:30:00,1720.8287353760627,1720.9284732522265,1730.4730534955468,stop,1,-35.89040535029426,-2.4,-0.9973787616375468,0.0,-35.89040535029426,-51.31525907592722,-1.0285838993961607,1.4695704020009428,2.9697120318810444,break_up
XAUUSD.a,15m,1,0.03,2022-07-27 21:45:00,1733.081242494768,2022-07-28 17:45:00,1755.6519786294962,1721.3590106852519,1755.6519786294962,target,76,67.71220840418437,-0.72,-0.0,-2.4876,65.22460840418437,93.60861161942704,1.8547266841351997,0.13148029486303908,1.933826072849822,break_up
XAUUSD.a,15m,1,0.09,2022-07-28 22:15:00,1754.9303225818817,2022-07-29 06:45:00,1761.7677066202116,1751.0761466898944,1761.7677066202116,target,30,61.53645634496911,-2.16,-0.0,-7.4628,54.07365634496911,77.16760570400741,1.5588764515964806,0.5890552599328717,2.342829614209016,break_up
XAUUSD.a,15m,1,0.09,2022-07-29 07:00:00,1763.1058152350413,2022-07-29 12:15:00,1758.970003407745,1759.038438291529,1770.5031234169417,stop,21,-37.22230644566639,-2.16,-0.6159139540553928,0.0,-37.22230644566639,-53.29425489407155,-1.0168253114315238,1.038953432083945,1.1688576768233492,break_up
XAUUSD.a,15m,1,0.08,2022-08-01 01:15:00,1765.2992646597913,2022-08-01 03:00:00,1760.8119047169787,1760.8622673067853,1772.9454653864298,stop,7,-35.89887954250116,-1.92,-0.4029007184520283,0.0,-35.89887954250116,-51.40454714259288,-1.0113506017244887,1.1109460447281692,0.0,break_up
XAUUSD.a,15m,-1,0.12,2022-08-01 07:45:00,1759.9594266892427,2022-08-01 09:30:00,1763.310258694222,1763.0215615831555,1753.806876833689,stop,7,-40.20998405975206,-2.88,-0.5843653327994645,0.0,-40.20998405975206,-57.437090662008174,-1.0942796842949145,1.3129967980018697,0.54518391484366,break_dn
XAUUSD.a,15m,1,0.06,2022-08-01 12:45:00,1771.2253606341217,2022-08-01 18:00:00,1765.3682101031804,1765.4722265387486,1781.815546922503,stop,21,-35.142903185647356,-1.44,-0.6240986134086997,0.0,-35.142903185647356,-49.96573945125737,-1.0180799602171293,1.2124453417019376,0.7082468960970842,break_up
XAUUSD.a,15m,1,0.15,2022-08-02 03:00:00,1772.5586768355722,2022-08-02 03:30:00,1776.615740663433,1770.1571296682835,1776.615740663433,target,2,60.85595741791053,-3.5999999999999996,-0.0,0.0,60.85595741791053,86.69680801480258,1.6893542142838511,0.7281459466592328,2.7487793095816992,break_up
XAUUSD.a,15m,1,0.12,2022-08-02 04:00:00,1780.5983448641393,2022-08-02 04:15:00,1777.6642781940968,1777.7219942548625,1785.366011490275,stop,1,-35.20880004051014,-2.88,-0.6925927291865766,0.0,-35.20880004051014,-50.20361609609043,-1.020065725151689,1.3761691121286446,0.0,break_up
XAUUSD.a,15m,1,0.13,2022-08-02 09:30:00,1774.2855586643607,2022-08-02 10:15:00,1771.4832660109744,1771.539405252374,1779.0711894952517,stop,3,-36.42980449402194,-3.12,-0.7298101381952311,0.0,-36.42980449402194,-52.589508739493496,-1.0204428642459176,1.1782148259590806,0.6607210390065732,break_up
XAUUSD.a,15m,1,0.06,2022-08-02 15:30:00,1785.5301973030084,2022-08-02 16:15:00,1780.060386365342,1780.1531672006424,1795.1136655987154,stop,3,-32.818865625998114,-1.44,-0.5566850118027031,0.0,-32.818865625998114,-47.35493712628148,-1.0172550336401354,1.8207443731253306,0.45746492955455254,break_up
XAUUSD.a,15m,-1,0.05,2022-08-02 21:15:00,1767.9561072317745,2022-08-03 02:45:00,1755.6601805158875,1774.2149097420563,1755.4201805158875,target,18,61.479633579434676,-1.2,-0.0,4.5345,66.01413357943467,95.80734304665205,2.1094812776401852,0.09488920080955607,2.0748549279899975,break_dn
XAUUSD.a,15m,-1,0.1,2022-08-03 07:30:00,1769.297238363949,2022-08-03 13:15:00,1762.5610545791187,1772.8494727104405,1762.3210545791187,target,23,67.36183784830246,-2.4,-0.0,0.0,67.36183784830246,97.21164581104058,1.8963230259522101,0.3639291527395366,2.5722510039275623,break_dn
XAUUSD.a,15m,1,0.08,2022-08-03 16:00:00,1772.2027599729124,2022-08-03 16:15:00,1767.9402444589755,1768.0194744212463,1779.6910511575077,stop,1,-34.10012411149546,-1.92,-0.6338396981662654,0.0,-34.10012411149546,-49.159709528436785,-1.0189396495391632,1.0596360009770176,0.12842537772101595,break_up
XAUUSD.a,15m,1,0.13,2022-08-04 04:00:00,1767.568664175688,2022-08-04 08:15:00,1772.567012993869,1764.8164935030657,1772.567012993869,target,17,64.97853463635374,-3.12,-0.0,0.0,64.97853463635374,93.36398786780141,1.816147838469145,0.5845074187042127,2.2641531233144407,break_up
XAUUSD.a,15m,1,0.1,2022-08-04 08:30:00,1773.5489718506408,2022-08-04 08:45:00,1770.0486139171219,1770.0968747090858,1779.7362505818282,stop,1,-35.00357933518899,-2.4,-0.48260791963956984,0.0,-35.00357933518899,-50.294666918385836,-1.013980137286106,1.2424250172487432,0.2870800295361258,break_up
XAUUSD.a,15m,1,0.09,2022-08-04 12:00:00,1776.6263483243958,2022-08-04 14:45:00,1783.6652446515525,1772.6773776742236,1783.6652446515525,target,11,63.35006694440972,-2.16,-0.0,0.0,63.35006694440972,90.94964674592947,1.782463571070013,0.1434166962905144,2.424341055861403,break_up
XAUUSD.a,15m,1,0.08,2022-08-04 19:15:00,1789.9088937473284,2022-08-05 12:45:00,1785.3823717139176,1785.4363139836978,1798.1073720326046,stop,66,-36.21217626728685,-1.92,-0.4315381582425137,-6.6336,-42.84577626728685,-61.65658325148127,-1.1974570195397354,1.0282418627220455,1.1159345425782048,break_up
XAUUSD.a,15m,-1,0.09,2022-08-05 21:15:00,1773.941046280366,2022-08-08 10:15:00,1777.9426287131143,1777.657507980288,1766.534984039424,stop,48,-36.01424189473528,-2.16,-0.4060865954355896,2.7207,-33.29354189473528,-47.77034492393325,-0.9953775207278234,1.2266919687964462,0.9285838410330761,break_dn
XAUUSD.a,15m,1,0.14,2022-08-08 13:45:00,1779.1827017510486,2022-08-08 15:00:00,1783.3212950022778,1776.6743524988613,1783.3212950022778,target,5,57.94030551720835,-3.3600000000000003,-0.0,0.0,57.94030551720835,82.87012531602952,1.649927037720191,0.1445977870635041,2.3072138953156807,break_up
XAUUSD.a,15m,1,0.08,2022-08-08 15:30:00,1785.7211191986694,2022-08-08 16:00:00,1781.3115271501313,1781.3735853994306,1793.8728292011388,stop,2,-35.276736388304926,-1.92,-0.4964659943942362,0.0,-35.276736388304926,-50.46743403190977,-1.0142743569492578,1.1204327381013874,0.0,break_up
XAUUSD.a,15m,1,0.07,2022-08-08 17:45:00,1789.6766091855054,2022-08-09 04:45:00,1784.520098369902,1784.562777824154,1799.0444443516924,stop,40,-36.09557570922448,-1.6800000000000002,-0.2987561797638443,-5.804400000000001,-41.89997570922448,-60.0544298541271,-1.1704943696112853,1.1589371582130463,0.19621116606971561,break_up
XAUUSD.a,15m,-1,0.12,2022-08-09 10:30:00,1783.9911888288334,2022-08-09 10:45:00,1787.2763117836103,1786.9883390809139,1778.0533218381722,stop,1,-39.42147545732223,-2.88,-0.5756724323552078,0.0,-39.42147545732223,-56.49070769420244,-1.0960821708876567,1.2274363517855078,0.007069658526016733,break_dn
XAUUSD.a,15m,1,0.11,2022-08-09 11:15:00,1790.9281516556316,2022-08-09 16:00:00,1796.2677235121869,1787.7361382439065,1796.2677235121869,target,19,58.73529042210794,-2.6399999999999997,-0.0,0.0,58.73529042210794,84.22158393740654,1.6727911721615984,0.9110712520659138,2.2844040434114166,break_up
XAUUSD.a,15m,1,0.08,2022-08-09 16:15:00,1796.6994506748445,2022-08-09 17:45:00,1792.16042516155,1792.2471652537404,1804.6756694925195,stop,6,-36.31220410635615,-1.92,-0.6939207375243348,0.0,-36.31220410635615,-52.07319935519216,-1.0194821499491669,1.4036500546936341,0.8221731041330452,break_up
XAUUSD.a,15m,1,0.18,2022-08-10 02:30:00,1794.1620305969373,2022-08-10 03:30:00,1792.1565790297725,1792.189890934153,1797.440218131694,stop,4,-36.09812820896559,-4.32,-0.5996142788498539,0.0,-36.09812820896559,-51.93153343926226,-1.0168912501528904,1.2940415149576414,0.16630130677445604,break_up
XAUUSD.a,15m,1,0.02,2022-08-10 15:45:00,1806.5302158318316,2022-08-10 16:30:00,1793.0805372810862,1793.1948183575444,1832.570363284911,stop,3,-26.89935710149075,-0.48,-0.22856215291633292,0.0,-26.89935710149075,-38.08542822564492,-1.0085697540458398,1.120342746486469,0.0,break_up
XAUUSD.a,15m,-1,0.15,2022-08-11 04:15:00,1789.8103310127015,2022-08-11 05:00:00,1785.6643833076494,1792.1378083461755,1785.4243833076494,target,3,62.18921557578142,-3.5999999999999996,-0.0,0.0,62.18921557578142,88.02561335019806,1.7813052979827848,0.10297371486783473,2.122611868931756,break_dn
XAUUSD.a,15m,-1,0.18,2022-08-11 08:30:00,1784.349658401668,2022-08-11 08:30:00,1786.6617871407757,1786.3762747432777,1780.2974505134443,stop,0,-41.618317303938966,-4.32,-0.8192231549648505,0.0,-41.618317303938966,-58.82613968442778,-1.1408813259993829,1.0709188284784734,0.004765777058906232,break_dn
XAUUSD.a,15m,-1,0.11,2022-08-11 21:15:00,1788.0979772016215,2022-08-12 06:30:00,1791.6316755136281,1791.3510078247837,1781.5379843504325,stop,33,-38.8706814320733,-2.6399999999999997,-0.44734457728846977,3.3253,-35.5453814320733,-49.9583716543546,-0.9933501052828972,1.0242826411328438,0.9461875887997149,break_dn
XAUUSD.a,15m,1,0.14,2022-08-12 10:00:00,1793.4482598664113,2022-08-12 10:30:00,1790.7580772093963,1790.8084597406985,1797.9830805186032,stop,2,-37.66255719820902,-3.3600000000000003,-0.7053554382303961,0.0,-37.66255719820902,-52.84860337923107,-1.019085737140248,2.063891054986657,0.24688995475089898,break_up
XAUUSD.a,15m,-1,0.16,2022-08-12 13:15:00,1786.2055598482168,2022-08-12 14:00:00,1788.7675150418825,1788.4731711934123,1781.6236576131755,stop,3,-40.991283098650456,-3.84,-0.8695015755209642,0.0,-40.991283098650456,-57.850717781800604,-1.1298034820181038,1.4484140585828693,0.17002907003167586,break_dn
XAUUSD.a,15m,-1,0.1,2022-08-12 14:45:00,1785.0088790731077,2022-08-12 15:00:00,1788.8817848269878,1788.5758521073878,1777.9982957852242,stop,1,-38.729057538801044,-2.4,-0.6593271959999442,0.0,-38.729057538801044,-54.557957849748604,-1.0857681615924133,1.1104992633317514,0.030524220974253925,break_dn
XAUUSD.a,15m,1,0.07,2022-08-12 20:15:00,1801.8119921741854,2022-08-15 05:00:00,1796.617066862431,1796.6624387104405,1811.175122579119,stop,31,-36.364477182280325,-1.6800000000000002,-0.31760293606529033,-5.804400000000001,-42.168877182280326,-59.40366149052689,-1.1698345019945395,1.118930449941409,0.07534785851751062,break_up
XAUUSD.a,15m,-1,0.16,2022-08-15 07:30:00,1793.7827561054899,2022-08-15 10:15:00,1789.566431269964,1796.051784365018,1789.326431269964,target,11,67.46119736841501,-3.84,-0.0,0.0,67.46119736841501,95.52163197838556,1.8582072822675209,0.4042452493301917,2.7204403821632845,break_dn
XAUUSD.a,15m,-1,0.09,2022-08-15 14:45:00,1773.0135593815476,2022-08-15 15:15:00,1777.1573765929518,1776.8258715073514,1765.498256985297,stop,2,-37.294354902637906,-2.16,-0.8235457704025557,0.0,-37.294354902637906,-53.12964584747903,-1.0869564386810238,3.298901087696381,0.016672134770213457,break_dn
XAUUSD.a,15m,-1,0.2,2022-08-16 04:00:00,1777.6536385877762,2022-08-16 04:30:00,1779.738933407148,1779.4547287234807,1774.1905425530388,stop,2,-41.70589638743422,-4.8,-0.8840936733439825,0.0,-41.70589638743422,-59.42788638685963,-1.15779592483085,1.6303245206965564,0.4628522311295491,break_dn
XAUUSD.a,15m,1,0.18,2022-08-16 09:15:00,1781.9748311409267,2022-08-16 09:15:00,1779.9575486180286,1779.9947953294184,1785.1104093411634,stop,0,-36.31108541216554,-4.32,-0.6704408050173891,0.0,-36.31108541216554,-51.84483482133348,-1.0188111301691183,1.1993879742597802,0.0,break_up
XAUUSD.a,15m,-1,0.07,2022-08-16 16:00:00,1771.7495449084147,2022-08-16 16:15:00,1776.6586746258001,1776.3426978910923,1762.5346042178155,stop,1,-34.36390802169808,-1.6800000000000002,-0.5318371429554365,0.0,-34.36390802169808,-48.93679671565213,-1.068792991633315,1.1256875421056145,0.0,break_dn
XAUUSD.a,15m,-1,0.22,2022-08-17 03:30:00,1774.3978350249286,2022-08-17 04:15:00,1776.2722536085048,1775.99862898192,1771.26274203616,stop,3,-41.23720883867736,-5.279999999999999,-0.7397417848624035,0.0,-41.23720883867736,-58.90777372209385,-1.1709305719137921,1.2007572659031116,0.3547208698837114,break_dn
XAUUSD.a,15m,-1,0.15,2022-08-17 11:15:00,1772.5806560372846,2022-08-17 11:30:00,1775.1010821103532,1774.8130101622853,1768.233979675429,stop,1,-37.8063910960293,-3.5999999999999996,-0.7210792210173755,0.0,-37.8063910960293,-54.256384231037586,-1.129044018976074,1.966239994612876,0.1929156456233707,break_dn
XAUUSD.a,15m,-1,0.14,2022-08-17 13:30:00,1771.8658795842655,2022-08-17 15:15:00,1767.4103959065383,1774.279802046731,1767.1703959065383,target,7,62.37677148818103,-3.3600000000000003,-0.0,0.0,62.37677148818103,89.98510002767067,1.8457443215373701,0.6023890321022393,2.5294431280237286,break_dn
XAUUSD.a,15m,-1,0.06,2022-08-17 18:15:00,1762.6927115909236,2022-08-17 21:15:00,1768.6559970956873,1768.3364853277708,1751.4570293444585,stop,12,-35.77971302858214,-1.44,-0.47707060749948743,0.0,-35.77971302858214,-51.532763504172685,-1.0566131426975012,1.0484630825015868,0.5284959550114544,break_dn
XAUUSD.a,15m,-1,0.12,2022-08-18 02:00:00,1762.2034518442442,2022-08-18 02:45:00,1765.2237009360442,1764.9345160791588,1756.8509678416824,stop,3,-36.24298910159996,-2.88,-0.5902182826235444,0.0,-36.24298910159996,-52.289631090720164,-1.1058872410206995,1.0203158608032274,0.0,break_dn
XAUUSD.a,15m,-1,0.12,2022-08-18 06:45:00,1762.7918355252914,2022-08-18 11:45:00,1765.8666068516156,1765.5818050484081,1757.3263899031836,stop,20,-36.89725591589104,-2.88,-0.5376216384890056,0.0,-36.89725591589104,-53.18523375263573,-1.1020806144467743,1.2538360887902147,0.6816689248872926,break_dn
XAUUSD.a,15m,1,0.14,2022-08-18 14:15:00,1770.701081875993,2022-08-18 15:30:00,1768.2525138153342,1768.3122083772626,1774.695583245475,stop,5,-34.27995284922281,-3.3600000000000003,-0.835723866996866,0.0,-34.27995284922281,-49.28112830538069,-1.0249885822585862,1.7209290815013563,0.706993536871988,break_up
XAUUSD.a,15m,-1,0.06,2022-08-18 18:45:00,1758.9707351822365,2022-08-19 17:30:00,1748.3857339595936,1764.3971330202032,1748.1457339595936,target,87,63.51000733585715,-1.44,-0.0,1.8137999999999999,65.32380733585715,95.11605948900254,2.006358830985062,0.4145042226771833,2.4363741061768884,break_dn
XAUUSD.a,15m,-1,0.08,2022-08-19 17:45:00,1746.9084386053823,2022-08-19 19:30:00,1751.145446870162,1750.836916864426,1739.206166271148,stop,7,-33.896066118237286,-1.92,-0.5482400458873995,0.0,-33.896066118237286,-49.29261414707669,-1.0785367731196456,1.028785480819116,0.0,break_dn
XAUUSD.a,15m,-1,0.11,2022-08-22 08:15:00,1743.1429397510672,2022-08-22 10:45:00,1737.15595312495,1746.2070234375249,1736.91595312495,target,10,65.85685288728905,-2.6399999999999997,-0.0,0.0,65.85685288728905,95.60544231939065,1.953923991233594,0.5636465663669036,2.171265680657179,break_dn
XAUUSD.a,15m,-1,0.07,2022-08-22 15:45:00,1728.5208765669893,2022-08-22 16:00:00,1733.56742234674,1733.250236136475,1719.3295277270497,stop,1,-35.32582045825461,-1.6800000000000002,-0.5403034718545342,0.0,-35.32582045825461,-51.324035592925384,-1.0670674761782653,1.2473408600759612,0.16934144152552433,break_dn
XAUUSD.a,15m,-1,0.08,2022-08-22 19:45:00,1735.2879204098242,2022-08-23 04:00:00,1739.5579827280128,1739.2754744360363,1727.2590511279273,stop,29,-34.160498545508744,-1.92,-0.3400663358122401,2.4184,-31.742098545508746,-46.04842242428588,-0.9950366294993263,1.011166134344739,0.380664537670511,break_dn
XAUUSD.a,15m,1,0.09,2022-08-23 11:15:00,1740.177029151603,2022-08-23 13:00:00,1736.5091810866584,1736.5726773647955,1746.5246452704093,stop,7,-33.01063258450108,-2.16,-0.5714665032330024,0.0,-33.01063258450108,-48.0098789733574,-1.0176165596181583,1.1616594048694613,1.0245866848829401,break_up
XAUUSD.a,15m,1,0.1,2022-08-23 22:30:00,1747.2086935875793,2022-08-24 12:00:00,1753.231067673362,1743.779466163319,1753.231067673362,target,50,60.22374085782758,-2.4,-0.0,-24.875999999999998,35.34774085782758,51.11526738945177,1.0307785540194274,0.9386060442677209,1.8725227632885757,break_up
XAUUSD.a,15m,1,0.1,2022-08-24 12:15:00,1753.273391012335,2022-08-24 12:45:00,1749.8674848220187,1749.9181762588905,1759.223647482219,stop,2,-34.05906190316273,-2.4,-0.5069143687191204,0.0,-34.05906190316273,-49.251748880254986,-1.0151082540453753,1.3153825721004322,0.0,break_up
XAUUSD.a,15m,1,0.13,2022-08-25 02:15:00,1752.0247457194378,2022-08-25 04:45:00,1756.4839924576668,1749.4430037711666,1756.4839924576668,target,10,57.97020759697716,-3.12,-0.0,0.0,57.97020759697716,83.55945513863175,1.7272240322914671,0.8307358994084697,1.7450443812089906,break_up
XAUUSD.a,15m,1,0.1,2022-08-25 09:45:00,1760.7979975392739,2022-08-25 15:30:00,1757.431069144358,1757.492325626654,1766.6053487466918,stop,23,-33.66928394915931,-2.4,-0.6125648229613677,0.0,-33.66928394915931,-48.34206861526434,-1.0185307205056486,1.1640591205024389,1.4284546638458897,break_up
XAUUSD.a,15m,-1,0.13,2022-08-26 03:15:00,1755.188121648308,2022-08-26 09:15:00,1757.9848318503132,1757.7062850529705,1750.247429894059,stop,24,-36.3572326260678,-3.12,-0.5011083654537916,0.0,-36.3572326260678,-52.25917785581319,-1.1106150604948397,1.2437152989726772,1.158829344793456,break_dn
XAUUSD.a,15m,-1,0.1,2022-08-26 10:45:00,1752.8388249436143,2022-08-26 14:00:00,1746.466239348966,1756.1918803255169,1746.226239348966,target,13,63.72585594648399,-2.4,-0.0,0.0,63.72585594648399,91.33704449832878,1.9005309691701375,0.3134976720215483,2.018703591997847,break_dn
XAUUSD.a,15m,-1,0.05,2022-08-26 18:00:00,1741.4675568865887,2022-08-29 04:15:00,1729.9196988976003,1747.5601505511997,1729.6796988976002,target,37,57.73928994494213,-1.2,-0.0,1.5115,59.25078994494213,86.41298284151578,1.9450103915218053,0.038151750503486535,2.522334121156234,break_dn
XAUUSD.a,15m,-1,0.13,2022-08-29 07:45:00,1721.983896375407,2022-08-29 08:45:00,1724.9176706467422,1724.622985517291,1716.814028965418,stop,4,-38.13906552735625,-3.12,-0.7109066828643787,0.0,-38.13906552735625,-55.625496656198955,-1.1116616808331152,1.324738740009835,0.31597885883146654,break_dn
XAUUSD.a,15m,-1,0.11,2022-08-29 10:30:00,1721.783585546285,2022-08-29 13:15:00,1725.1015534472654,1724.8030859692672,1716.153828061466,stop,11,-36.497646910784624,-2.6399999999999997,-0.6431422579790069,0.0,-36.497646910784624,-53.1710132437642,-1.0988466422215033,1.6348447631080716,0.48471115789395663,break_dn
XAUUSD.a,15m,1,0.14,2022-08-30 07:30:00,1735.7484066294517,2022-08-30 09:15:00,1733.274977188501,1733.3199227498114,1739.7701545003772,stop,7,-34.628012173309344,-3.3600000000000003,-0.629237858346171,0.0,-34.628012173309344,-50.104196338276054,-1.0185076630268182,1.0205571674697935,0.507144964343272,break_up
XAUUSD.a,15m,-1,0.14,2022-08-30 09:30:00,1733.2804622715696,2022-08-30 11:00:00,1735.9535569246432,1735.6541145805545,1728.6217708388908,stop,6,-37.42332514303008,-3.3600000000000003,-0.8321928172417065,0.0,-37.42332514303008,-53.84108815375441,-1.1261525721164833,1.3184482481214077,1.7696198620454295,break_dn
XAUUSD.a,15m,-1,0.11,2022-08-30 15:45:00,1730.45490896674,2022-08-30 17:15:00,1724.7815557437573,1733.4792221281214,1724.5415557437573,target,6,62.40688545281046,-2.6399999999999997,-0.0,0.0,62.40688545281046,90.87146230533294,1.8759146028354883,0.8018650529406259,2.147564957781538,break_dn
XAUUSD.a,15m,-1,0.06,2022-08-30 17:30:00,1725.5363459181067,2022-08-31 11:15:00,1715.5938921691302,1730.6630539154348,1715.3538921691302,target,67,59.654722493859026,-1.44,-0.0,5.4414,65.09612249385903,94.74039076387574,2.1162417977834522,0.3128038660928569,2.1371113634357224,break_dn
XAUUSD.a,15m,-1,0.05,2022-08-31 11:30:00,1715.0503741721727,2022-08-31 17:15:00,1721.58203972548,1721.2517709236745,1702.646458152651,stop,23,-32.658327766536104,-1.2,-0.45134400902751004,0.0,-32.658327766536104,-47.636751559339096,-1.0532571636745351,1.1400054070262722,0.8643817493010061,break_dn
XAUUSD.a,15m,-1,0.12,2022-09-01 02:15:00,1708.2729092038044,2022-09-01 05:00:00,1703.4312219481749,1710.9893890259127,1703.1912219481749,target,11,58.10024706755394,-2.88,-0.0,0.0,58.10024706755394,85.26724352801469,1.78233875187474,0.5584767403198048,2.217174283713183,break_dn
XAUUSD.a,15m,-1,0.05,2022-09-01 15:45:00,1695.590036710768,2022-09-01 16:00:00,1702.1264845877035,1701.7936642919874,1683.4526714160254,stop,1,-32.68223938467827,-1.2,-0.464101478581028,0.0,-32.68223938467827,-47.94859140076916,-1.053649302985838,1.0397083327113814,0.10961920293644176,break_dn
XAUUSD.a,15m,-1,0.06,2022-09-01 21:45:00,1695.464704881783,2022-09-02 08:45:00,1701.3351206953123,1701.0587114937352,1684.3525770125295,stop,40,-35.22249488117541,-1.44,-0.21845520946198999,1.8137999999999999,-33.40869488117541,-49.21221276706204,-0.9953716896995387,1.1110632413156913,0.20820584646693036,break_dn
XAUUSD.a,15m,1,0.08,2022-09-02 16:00:00,1709.0686369891175,2022-09-02 17:45:00,1716.416747228323,1704.9466263858385,1716.416747228323,target,7,58.7848819136434,-1.92,-0.0,0.0,58.7848819136434,85.84240933651198,1.7826519498421642,0.7104874952984636,2.166749159688638,break_up
XAUUSD.a,15m,1,0.06,2022-09-02 18:00:00,1717.5436003570567,2022-09-02 20:15:00,1712.223683931295,1712.2948491949223,1727.1603016101553,stop,9,-31.919498554570055,-1.44,-0.4269915817645168,0.0,-31.919498554570055,-46.922498095684084,-1.013558513526177,1.2181183979879713,0.003124484746310834,break_up
XAUUSD.a,15m,1,0.1,2022-09-05 07:30:00,1713.920020346805,2022-09-05 09:15:00,1710.7445497643757,1710.7919198538905,1719.3661602922193,stop,7,-31.754705824291705,-2.4,-0.4737008951471314,0.0,-31.754705824291705,-46.73727363273878,-1.0151434039993417,1.2052107518106983,0.044749090865883114,break_up
XAUUSD.a,15m,-1,0.2,2022-09-05 21:15:00,1709.678088475112,2022-09-06 01:00:00,1711.6158745545433,1711.3404263591635,1706.8391472816727,stop,1,-38.75572158862724,-4.8,-0.7089639075942976,6.046,-32.70972158862724,-48.036128863963405,-0.9838469634375655,1.288493479837899,0.095100085625599,break_dn
XAUUSD.a,15m,1,0.15,2022-09-06 03:15:00,1716.3942482261293,2022-09-06 03:30:00,1720.019638027596,1714.185180986202,1720.019638027596,target,1,54.38084702200172,-3.5999999999999996,-0.0,0.0,54.38084702200172,79.62056665007572,1.6411405392921599,0.45460283325839923,2.600985461203123,break_up
XAUUSD.a,15m,1,0.11,2022-09-06 03:45:00,1722.0347721949788,2022-09-06 04:00:00,1718.9789662604517,1719.0386489606008,1727.5327020787981,stop,1,-33.613865279798574,-2.6399999999999997,-0.6565097016395197,0.0,-33.613865279798574,-49.228724359336525,-1.0199199750745518,1.1063537563957668,1.5704386758970996,break_up
XAUUSD.a,15m,1,0.12,2022-09-06 07:15:00,1718.3909544382846,2022-09-06 07:45:00,1715.718529720203,1715.7674105880865,1722.9751788238273,stop,2,-32.06909661697955,-2.88,-0.586570414603023,0.0,-32.06909661697955,-47.15766222130985,-1.0186316184041915,1.193406558860519,0.12923190199007656,break_up
XAUUSD.a,15m,-1,0.06,2022-09-06 16:00:00,1707.8068069713463,2022-09-07 03:15:00,1696.818740893767,1713.3506295531165,1696.578740893767,target,41,65.928396465476,-1.44,-0.0,5.4414,71.369796465476,106.28096924213128,2.1456253157692404,0.7257073922031926,2.351591664245419,break_dn
XAUUSD.a,15m,-1,0.06,2022-09-07 03:30:00,1694.8990024416912,2022-09-07 10:00:00,1700.7299021114331,1700.4317356571883,1683.9565286856237,stop,26,-34.98539801845163,-1.44,-0.34899872546942445,0.0,-34.98539801845163,-51.975751390488384,-1.0538913485670582,1.0123382675709969,0.643262977459787,break_dn
XAUUSD.a,15m,1,0.09,2022-09-07 12:30:00,1705.2110481310308,2022-09-07 14:30:00,1701.7419638760555,1701.8020801365226,1711.125839726955,stop,8,-31.22175829477783,-2.16,-0.5410463442042561,0.0,-31.22175829477783,-46.58573305696483,-1.0176347388898805,1.4435594992263248,0.5687797222188418,break_up
XAUUSD.a,15m,1,0.04,2022-09-07 17:30:00,1709.1466099204215,2022-09-08 13:30:00,1723.512624061969,1701.4136879690154,1723.512624061969,target,76,57.464056566190266,-0.96,-0.0,-3.3168,54.147256566190265,80.30381527880148,1.7505432263009173,0.03835677151347114,1.8884698657695858,break_up
XAUUSD.a,15m,1,0.08,2022-09-08 14:00:00,1723.8001210578057,2022-09-08 15:15:00,1719.553055754905,1719.6353738689604,1731.379252262079,stop,5,-33.9765224232051,-1.92,-0.6585449124436757,0.0,-33.9765224232051,-50.465678078610196,-1.0197654528168902,1.1261478416667554,1.0540565232752057,break_up
XAUUSD.a,15m,1,0.14,2022-09-09 10:00:00,1722.7458297187559,2022-09-09 10:00:00,1726.7302021658463,1720.3698989170769,1726.7302021658463,target,0,55.781214259266115,-3.3600000000000003,-0.0,0.0,55.781214259266115,81.30187182519474,1.6769732705492697,0.3054927854982019,1.7105591957358248,break_up
XAUUSD.a,15m,1,0.05,2022-09-09 10:15:00,1726.9083275959877,2022-09-09 14:45:00,1720.5309051654413,1720.608243791937,1738.433512416126,stop,18,-31.887112152732016,-1.2,-0.38669313247904535,0.0,-31.887112152732016,-46.69025866129588,-1.0122758091639952,1.134640080722669,0.4002601366018453,break_up
XAUUSD.a,15m,-1,0.05,2022-09-12 01:15:00,1717.5081220963605,2022-09-12 10:15:00,1724.6248723110657,1724.3217893991837,1703.6464212016328,stop,36,-35.58375107352617,-1.2,-0.3154145594097645,0.0,-35.58375107352617,-51.731847166571455,-1.0444816129716883,1.31968255918715,0.8201342754209596,break_dn
XAUUSD.a,15m,1,0.1,2022-09-12 14:00:00,1727.5207328271358,2022-09-12 15:00:00,1733.0653345379612,1724.3273327310194,1733.0653345379612,target,4,55.44601710825418,-2.4,-0.0,0.0,55.44601710825418,80.61005932898271,1.7362690373712826,0.47934263827366097,1.8786456417283997,break_up
XAUUSD.a,15m,1,0.06,2022-09-12 15:15:00,1733.1684337481886,2022-09-12 15:30:00,1727.4922324867434,1727.5697652074346,1743.1104695851309,stop,1,-34.05720756867095,-1.44,-0.4651963241464119,0.0,-34.05720756867095,-49.51398974844212,-1.0138484213035197,1.1035541224157672,0.132454037315025,break_up
XAUUSD.a,15m,1,0.13,2022-09-13 02:45:00,1726.3596351336168,2022-09-13 04:00:00,1723.7337276102278,1723.7831458972494,1730.8537082055016,stop,5,-34.13679780405778,-3.12,-0.6424377312791135,0.0,-34.13679780405778,-49.58500661494339,-1.0191804748585926,1.424277300219003,0.46977291785218095,break_up
XAUUSD.a,15m,-1,0.1,2022-09-13 04:15:00,1722.645207727082,2022-09-13 11:45:00,1726.2088946778085,1725.9169377725107,1716.2661244549788,stop,30,-35.636869507266056,-2.4,-0.5195690529792967,0.0,-35.636869507266056,-51.66560761317857,-1.08923624542489,1.071235164348312,0.8268431959603714,break_dn
XAUUSD.a,15m,1,0.09,2022-09-13 14:15:00,1729.965885903464,2022-09-13 15:30:00,1726.3683595796829,1726.4712927521189,1736.1874144957624,stop,5,-32.377736914029356,-2.16,-0.9263985519238858,0.0,-32.377736914029356,-47.65005653361985,-1.0294549803018924,6.279954476250582,0.5334280746869002,break_up
XAUUSD.a,15m,-1,0.1,2022-09-14 01:15:00,1701.601934412524,2022-09-14 07:30:00,1705.0007125001196,1704.7032239410116,1695.4235521179764,stop,25,-33.98778087595474,-2.4,-0.5748855910789964,0.0,-33.98778087595474,-50.46141413420842,-1.095924149091947,1.144061383139016,1.4129394796173942,break_dn
XAUUSD.a,15m,1,0.07,2022-09-14 16:00:00,1706.1079787674885,2022-09-14 19:15:00,1701.72674278937,1701.7941103220423,1713.961779355915,stop,13,-30.668651846828883,-1.6800000000000002,-0.4715727287054391,0.0,-30.668651846828883,-45.412837941197466,-1.015616501412646,1.1006313306797069,0.21837041264109686,break_up
XAUUSD.a,15m,-1,0.1,2022-09-14 20:15:00,1699.9263733826072,2022-09-14 22:30:00,1694.08543806412,1703.0022809679401,1693.84543806412,target,9,58.40935318487254,-2.4,-0.0,0.0,58.40935318487254,86.60807696337918,1.8989306916563184,0.12471981252689829,2.0437458565344206,break_dn
XAUUSD.a,15m,-1,0.16,2022-09-15 06:15:00,1691.6607155688807,2022-09-15 07:45:00,1687.8023114507848,1693.7238442746077,1687.5623114507848,target,6,61.734465889534476,-3.84,-0.0,0.0,61.734465889534476,91.35425646230888,1.8701713118456909,0.7994093759352102,2.30752233521134,break_dn
XAUUSD.a,15m,-1,0.08,2022-09-15 08:00:00,1687.4573160411353,2022-09-15 13:00:00,1691.6240125026134,1691.3282815457078,1679.6334369085846,stop,20,-33.333571691824545,-1.92,-0.4458476552445412,0.0,-33.333571691824545,-49.545284103248484,-1.0763972080237467,1.0030272691085158,0.47722358645492896,break_dn
XAUUSD.a,15m,-1,0.06,2022-09-15 17:45:00,1681.3812509118945,2022-09-15 17:45:00,1670.7473018808403,1686.84634905958,1670.5073018808403,target,0,63.80369418632563,-1.44,-0.0,0.0,63.80369418632563,94.95727792940474,1.9457928739226529,0.030877595158447756,3.2590907666384505,break_dn
XAUUSD.a,15m,-1,0.02,2022-09-15 18:00:00,1668.3876472753304,2022-09-16 19:15:00,1674.215483263742,1683.8774544052794,1637.6850911894412,signal,97,-11.655671976823214,-0.48,-0.261933054967771,0.6046,-11.051071976823215,-16.507688366305498,-0.35672077399389834,0.7793739859632041,0.9217446773578748,break_dn
XAUUSD.a,15m,1,0.01,2022-09-19 01:15:00,1677.1717966700987,2022-09-20 02:30:00,1675.526518857431,1647.0830639177632,1736.503872164474,signal,97,-1.6452778126677003,-0.24,-0.04696228513780107,-0.8292,-2.4744778126677005,-3.675640309365132,-0.08223934962749892,0.5816727747944165,0.08967487438272793,break_up
XAUUSD.a,15m,1,0.07,2022-09-20 03:15:00,1678.9965036699066,2022-09-20 04:30:00,1674.6728413816338,1674.7194812544658,1686.9610374910683,stop,5,-30.265636017909404,-1.6800000000000002,-0.326479109823779,0.0,-30.265636017909404,-45.0549103355555,-1.0109047529570097,1.3178569393412403,0.012507844218967796,break_up
XAUUSD.a,15m,-1,0.1,2022-09-20 16:30:00,1664.891526676185,2022-09-21 09:00:00,1668.2688252640899,1667.9805994984506,1658.738801003099,stop,62,-33.77298587904761,-2.4,-0.4822576563924901,9.069,-24.703985879047607,-37.09697097149491,-0.799721706169745,1.5922166963379234,1.5899679155452842,break_dn
XAUUSD.a,15m,-1,0.12,2022-09-21 20:00:00,1665.2417110682177,2022-09-21 20:15:00,1668.2083249611985,1667.909486806216,1660.021026387568,stop,1,-35.599366715769975,-2.88,-0.7060578597901717,0.0,-35.599366715769975,-53.48783988786882,-1.112017719752875,1.097651834100433,0.12808837840095044,break_dn
XAUUSD.a,15m,-1,0.03,2022-09-21 21:15:00,1659.1744075932866,2022-09-21 21:30:00,1668.3359357653917,1667.9586749131836,1641.8926501736328,stop,1,-27.484584516315408,-0.72,-0.41178255662403995,0.0,-27.484584516315408,-41.033404273324386,-1.0429473328246268,2.8329730301291773,0.06425209670113685,break_dn
XAUUSD.a,15m,-1,0.06,2022-09-22 04:15:00,1657.1660319803063,2022-09-22 05:45:00,1662.4412406694798,1662.1127567284436,1647.4644865431128,stop,6,-31.651252135040977,-1.44,-0.5309036462174378,0.0,-31.651252135040977,-47.984069820564834,-1.0664043296849908,1.549301489349997,0.11038252745153515,break_dn
XAUUSD.a,15m,-1,0.07,2022-09-22 09:30:00,1659.3149612807617,2022-09-22 11:00:00,1663.655662816774,1663.329520779489,1651.4209584410216,stop,6,-30.38491075208663,-1.6800000000000002,-0.6029942609948702,0.0,-30.38491075208663,-45.68884691460158,-1.0812398066060487,1.8744369641610217,0.9104264818893228,break_dn
XAUUSD.a,15m,1,0.02,2022-09-22 15:45:00,1684.4033967736084,2022-09-22 17:00:00,1670.6386973244983,1670.772524156129,1710.6949516877416,stop,5,-27.52939889822028,-0.48,-0.26765366326185236,0.0,-27.52939889822028,-41.52121941754438,-1.009817921081531,1.0192595267739815,0.037899497771641026,break_up
XAUUSD.a,15m,1,0.05,2022-09-22 22:30:00,1673.9159390395093,2022-09-23 10:15:00,1668.1155175200677,1668.1709747956422,1684.4880504087153,stop,43,-29.00210759720835,-1.2,-0.2772863778730922,-4.146,-33.14810759720835,-50.21375404794188,-1.1539882996693924,1.2334174311134867,0.34535653770322117,break_up
XAUUSD.a,15m,-1,0.07,2022-09-23 10:45:00,1666.5011378245847,2022-09-23 12:30:00,1658.7319366646723,1670.5640316676638,1658.4919366646723,target,7,54.384408119387,-1.6800000000000002,-0.0,0.0,54.384408119387,82.61592045844777,1.91223336370129,0.4402926201142267,2.171146519028772,break_dn
XAUUSD.a,15m,-1,0.02,2022-09-23 14:00:00,1643.4088326618883,2022-09-23 16:00:00,1656.2977677356346,1655.931046544593,1618.6979069108138,stop,8,-25.77787014749265,-0.48,-0.25344238208285724,0.0,-25.77787014749265,-39.262017405100295,-1.0292856514412365,1.1572368491586347,0.1484428136509987,break_dn
XAUUSD.a,15m,-1,0.02,2022-09-26 04:00:00,1627.7011866234266,2022-09-26 04:00:00,1643.0989754706968,1642.7257554058367,1597.6184891883267,stop,0,-30.795577694540498,-0.48,-0.2664401297203086,0.0,-30.795577694540498,-47.22306548470473,-1.0248406506878953,1.2179260278003172,0.020711850565107985,break_dn
XAUUSD.a,15m,-1,0.11,2022-09-27 06:15:00,1629.1607388760676,2022-09-27 07:00:00,1632.1721492537938,1631.877277302657,1623.8154453946863,stop,3,-33.12551415498797,-2.6399999999999997,-0.6035914625049895,0.0,-33.12551415498797,-51.082569980088465,-1.1085469464560842,1.004683422556681,0.08493856512726107,break_dn
XAUUSD.a,15m,-1,0.06,2022-09-27 20:00:00,1629.3439035168858,2022-09-28 10:00:00,1619.9330129782072,1634.3134935108965,1619.6930129782072,target,52,56.46534323207152,-1.44,-0.0,5.4414,61.90674323207152,96.84731897010657,2.0761854702527844,0.6733143955833278,2.3188841596136536,break_dn
XAUUSD.a,15m,-1,0.06,2022-09-28 10:15:00,1618.00522130134,2022-09-28 10:45:00,1622.8733490468042,1622.5578730258335,1609.4842539483332,stop,2,-29.208766472784646,-1.44,-0.4528561258243119,0.0,-29.208766472784646,-45.69438764867283,-1.0692950043319567,1.156420261698303,0.6996408893312642,break_dn
XAUUSD.a,15m,1,0.03,2022-09-28 15:30:00,1636.0884103856174,2022-09-28 17:00:00,1653.8983711983665,1626.7058144008167,1653.8983711983665,target,6,53.429882438247205,-0.72,-0.0,0.0,53.429882438247205,82.51209568250178,1.8981911660270032,0.24496529418305465,1.9218124326777726,break_up
XAUUSD.a,15m,1,0.04,2022-09-29 18:15:00,1657.9148625963774,2022-09-30 10:00:00,1670.9248383143406,1650.8925808428296,1670.9248383143406,target,59,52.03990287185297,-0.96,-0.0,-3.3168,48.72310287185297,74.93671522455432,1.73458943196196,0.3097088201108678,2.2165355862799045,break_up
XAUUSD.a,15m,1,0.08,2022-09-30 10:15:00,1673.4054975591273,2022-09-30 11:30:00,1669.499174369409,1669.5730778185516,1680.0338443628966,stop,5,-31.250585517746003,-1.92,-0.5912275931397424,0.0,-31.250585517746003,-47.978176890682434,-1.0192837565155275,1.0060217356432333,0.2099202319503474,break_up
XAUUSD.a,15m,1,0.05,2022-09-30 17:15:00,1672.015945033926,2022-09-30 19:15:00,1666.3571008803979,1666.4513607488414,1682.3172785023173,stop,8,-28.294220767641036,-1.2,-0.4712993422179528,0.0,-28.294220767641036,-44.00208511032477,-1.0169392471412717,1.1565904484863345,0.6027503213607542,break_up
XAUUSD.a,15m,-1,0.08,2022-09-30 22:15:00,1661.8207140066193,2022-10-03 03:15:00,1665.600811821154,1665.310635973503,1655.0487280529944,stop,16,-30.24078251627725,-1.92,-0.401406781208291,2.4184,-27.82238251627725,-43.32084970770623,-0.9965259531691321,1.0026831621411174,0.4930522868268749,break_dn
XAUUSD.a,15m,-1,0.13,2022-10-03 07:45:00,1662.5690092409995,2022-10-03 08:30:00,1665.1789535204493,1664.8927008796745,1658.0145982406507,stop,3,-33.92927563284729,-3.12,-0.6012843300724079,0.0,-33.92927563284729,-52.572555134722634,-1.1231887381313845,1.2183160243305107,0.27499743527237724,break_dn
XAUUSD.a,15m,-1,0.09,2022-10-03 12:15:00,1662.1558573567563,2022-10-03 13:45:00,1665.8493327891479,1665.539622504724,1655.520754990552,stop,6,-33.24127889152396,-2.16,-0.6273925598144847,0.0,-33.24127889152396,-51.55125289464341,-1.0915283037919397,1.2897297691787752,0.7405529778747177,break_dn
XAUUSD.a,15m,1,0.06,2022-10-03 15:30:00,1668.9418120538735,2022-10-03 17:00:00,1677.8366203547625,1664.0566898226189,1677.8366203547625,target,6,53.36884980533432,-1.44,-0.0,0.0,53.36884980533432,82.12866610035752,1.8207954437620355,0.753678593816457,2.406938330201565,break_up
XAUUSD.a,15m,1,0.02,2022-10-03 17:15:00,1678.4841653764881,2022-10-04 01:30:00,1701.6560961427274,1666.3369519286362,1701.6560961427274,target,29,46.34386153247851,-0.48,-0.0,-1.6584,44.68546153247851,68.70986627581843,1.8393297246448048,0.16252002032920898,1.9194389498140256,break_up
XAUUSD.a,15m,1,0.04,2022-10-04 06:45:00,1700.388996048743,2022-10-04 15:45:00,1712.6357283261584,1693.8471358369206,1712.6357283261584,target,36,48.986929109662015,-0.96,-0.0,0.0,48.986929109662015,75.57495350076677,1.8720565528568693,0.45537445807222693,1.956783473930477,break_up
XAUUSD.a,15m,1,0.04,2022-10-04 17:45:00,1719.358873083918,2022-10-05 11:15:00,1711.831997271601,1711.9156800967123,1733.0486398065755,stop,66,-30.10750324926812,-0.96,-0.3347313004451374,-9.9504,-40.05790324926812,-61.79677154248268,-1.3454542733919586,1.2788695792626001,1.366500496972906,break_up
XAUUSD.a,15m,-1,0.04,2022-10-05 13:00:00,1706.42060590144,2022-10-05 15:45:00,1713.7822200978428,1713.4365627689722,1692.6268744620556,stop,11,-29.44645678561119,-0.96,-0.4226293154823848,0.0,-29.44645678561119,-45.62229918444966,-1.0492673109879327,1.111665058069751,0.4647414405480566,break_dn
XAUUSD.a,15m,-1,0.04,2022-10-05 17:30:00,1703.3745841458085,2022-10-05 17:30:00,1711.0505672121092,1710.6824434308219,1688.9551131383564,stop,0,-30.70393226520264,-0.96,-0.5124951251487156,0.0,-30.70393226520264,-47.631796381071716,-1.0503736822139182,1.0817690305563954,0.06904677910854147,break_dn
XAUUSD.a,15m,1,0.09,2022-10-06 02:15:00,1717.3071831338525,2022-10-06 03:30:00,1723.041568261053,1713.9942158694735,1723.041568261053,target,5,51.609466144804856,-2.16,-0.0,0.0,51.609466144804856,79.2626031220126,1.730890971624301,0.09272145159879228,1.763620464641906,break_up
XAUUSD.a,15m,1,0.08,2022-10-06 06:15:00,1724.4586470352308,2022-10-06 10:00:00,1720.7672985558756,1720.8303881809961,1730.6392236380075,stop,15,-29.53078783484125,-1.92,-0.5047170009640354,0.0,-29.53078783484125,-45.411720670533526,-1.0173884024418074,1.3253318543185966,0.14920461480783553,break_up
XAUUSD.a,15m,-1,0.07,2022-10-06 14:00:00,1713.1804315666145,2022-10-06 15:00:00,1717.4237058431536,1717.10392823125,1705.1821435375005,stop,4,-29.702919935773483,-1.6800000000000002,-0.5584432833248909,0.0,-29.702919935773483,-45.952010296838566,-1.0815032200195231,1.2181910275256078,0.5863217846849289,break_dn
XAUUSD.a,15m,-1,0.09,2022-10-06 23:15:00,1713.1389644044664,2022-10-07 13:15:00,1707.0377050963689,1716.3711474518157,1706.7977050963689,target,52,54.91133377287747,-2.16,-0.0,2.7207,57.63203377287747,89.74855372245966,1.9811870844842983,0.5262807120186347,2.0787697683076893,break_dn
XAUUSD.a,15m,-1,0.07,2022-10-07 13:30:00,1706.6014739401555,2022-10-07 14:30:00,1710.8942128229944,1710.5823461504406,1698.7853076991191,stop,4,-30.049172179872134,-1.6800000000000002,-0.5030667078775412,0.0,-30.049172179872134,-46.871271533102686,-1.0783412920786781,1.0873310749994156,0.10587477263563967,break_dn
XAUUSD.a,15m,-1,0.03,2022-10-07 15:45:00,1701.0355869941932,2022-10-10 09:30:00,1685.1871708032227,1709.3264145983887,1684.9471708032227,target,67,47.54524857291153,-0.72,-0.0,0.9068999999999999,48.45214857291153,76.68906073585238,1.9480221953713612,0.7495527952676314,1.9642896670474603,break_dn
XAUUSD.a,15m,-1,0.07,2022-10-10 11:00:00,1682.709417758998,2022-10-10 14:30:00,1675.7159335719828,1686.5370332140085,1675.4759335719828,target,14,48.9543893091061,-1.6800000000000002,-0.0,0.0,48.9543893091061,77.52817260405754,1.8271125376140582,0.48348175587479914,2.2231642282294954,break_dn
XAUUSD.a,15m,-1,0.07,2022-10-10 14:45:00,1675.9118812169481,2022-10-10 17:45:00,1667.8573626846533,1680.2363186576733,1667.6173626846532,target,12,56.381629726064155,-1.6800000000000002,-0.0,0.0,56.381629726064155,89.71537867143633,1.8625586894706334,0.764982458041323,2.345248684010876,break_dn
XAUUSD.a,15m,-1,0.04,2022-10-10 18:00:00,1667.6775519476898,2022-10-11 18:30:00,1675.7050324886284,1675.3632497427475,1652.463500514505,stop,94,-32.10992216375416,-0.96,-0.4071309835231749,1.2092,-30.900722163754164,-48.827877322831895,-1.0051371712671662,1.715192088451246,0.8701294438079924,break_dn
XAUUSD.a,15m,1,0.02,2022-10-11 18:45:00,1679.2198797950691,2022-10-11 21:45:00,1668.189703196655,1668.2876121743438,1700.2447756513125,stop,12,-22.060353196828146,-0.48,-0.19581795537738023,0.0,-22.060353196828146,-35.20362753822412,-1.0089559623936748,1.188214581432587,0.43084567340828284,break_up
XAUUSD.a,15m,1,0.06,2022-10-12 16:45:00,1672.7441715038613,2022-10-12 17:15:00,1667.8608009805541,1667.9573932062112,1681.4052135875777,stop,2,-29.30022313984273,-1.44,-0.5795533539430147,0.0,-29.30022313984273,-46.727837362596844,-1.0201789637311018,1.0266135589095176,0.09104839811628064,break_up
XAUUSD.a,15m,1,0.08,2022-10-12 21:00:00,1671.3172025649658,2022-10-12 21:00:00,1677.8447881857114,1667.5476059071443,1677.8447881857114,target,0,52.22068496596512,-1.92,-0.0,0.0,52.22068496596512,83.2069550126914,1.731640335366298,0.24331583673882057,1.8285238609633514,break_up
XAUUSD.a,15m,1,0.03,2022-10-12 21:15:00,1677.648002381754,2022-10-13 05:45:00,1669.754880430983,1669.7986534776007,1692.6626930447987,stop,30,-23.67936585231314,-0.72,-0.1313191398535625,-2.4876,-26.16696585231314,-41.715634180357966,-1.111215982023164,1.008746391380869,0.08815987500311419,break_up
XAUUSD.a,15m,1,0.06,2022-10-13 12:15:00,1677.9169785309725,2022-10-13 15:30:00,1672.9603682940565,1673.0703932040542,1686.779213591892,stop,13,-29.739661421496294,-1.44,-0.6601494599856428,0.0,-29.739661421496294,-47.933951326493386,-1.0227015316096122,5.2463697254537145,0.9414920322735466,break_up
XAUUSD.a,15m,-1,0.1,2022-10-14 03:45:00,1662.000346431712,2022-10-14 04:45:00,1665.3433994250045,1665.0316756550696,1655.9966486898606,stop,4,-33.43052993292531,-2.4,-0.7172376993470021,0.0,-33.43052993292531,-52.7461816549784,-1.102834019984648,2.14086068853309,1.0458601485061738,break_dn
XAUUSD.a,15m,1,0.1,2022-10-14 09:30:00,1671.3602544024307,2022-10-14 09:45:00,1668.2899474639073,1668.3527446672929,1676.564510665414,stop,1,-30.703069385233448,-2.4,-0.6279720338550097,0.0,-30.703069385233448,-48.448186743934244,-1.0208801330389359,1.0773878350496275,0.13956583171295667,break_up
XAUUSD.a,15m,-1,0.05,2022-10-14 17:15:00,1649.5590247628556,2022-10-17 10:45:00,1655.6221114036591,1655.3156046289153,1638.2887907421698,stop,66,-30.31543320401738,-1.2,-0.3325338737187301,1.5115,-28.80393320401738,-46.11285413040692,-1.000730776753167,1.3725120507278963,1.6223217570415114,break_dn
XAUUSD.a,15m,1,0.06,2022-10-17 13:15:00,1659.2262501088414,2022-10-17 15:45:00,1667.186555451628,1654.816722274186,1667.186555451628,target,10,47.76183205671941,-1.44,-0.0,0.0,47.76183205671941,76.09749546988627,1.8052511836357925,0.9811141398950886,2.02601054492649,break_up
XAUUSD.a,15m,-1,0.11,2022-10-18 03:45:00,1650.5681911410431,2022-10-18 04:00:00,1653.4467794698946,1653.158938559205,1645.51212288159,stop,1,-31.664471617366416,-2.6399999999999997,-0.5262500175859923,0.0,-31.664471617366416,-50.31137743674852,-1.1111034246997236,1.15480530366778,0.11123860976291355,break_dn
XAUUSD.a,15m,-1,0.08,2022-10-18 05:15:00,1649.5374732398793,2022-10-18 07:00:00,1653.3761239682276,1653.083658124143,1642.3026837517139,stop,7,-30.709205826786274,-1.92,-0.419726752676972,0.0,-30.709205826786274,-48.592053271917266,-1.0824733773420383,1.5403953652728888,0.16848338690138742,break_dn
XAUUSD.a,15m,-1,0.06,2022-10-18 17:30:00,1649.879063600493,2022-10-19 02:00:00,1654.5926722693648,1654.3089656646584,1640.9020686706829,stop,30,-28.28165201323054,-1.44,-0.26223962823881425,5.4414,-22.84025201323054,-36.16882613062842,-0.8593211799568203,1.0070056481818228,0.909515276440369,break_dn
XAUUSD.a,15m,-1,0.14,2022-10-19 06:00:00,1649.6909459625583,2022-10-19 07:45:00,1645.9474672964757,1651.7862663517622,1645.7074672964757,target,7,52.40870132515693,-3.3600000000000003,-0.0,0.0,52.40870132515693,83.04605014444593,1.786590101146803,0.5436180754554775,1.990600570704694,break_dn
XAUUSD.a,15m,-1,0.09,2022-10-19 09:30:00,1642.678313345872,2022-10-19 10:45:00,1646.2137498136133,1645.9003850550553,1636.5392298898894,stop,5,-31.81892820967073,-2.16,-0.6602828270228299,0.0,-31.81892820967073,-50.470985676147976,-1.0972556748705786,1.353690124802839,1.5357551887405065,break_dn
XAUUSD.a,15m,-1,0.07,2022-10-19 19:15:00,1629.2746406116373,2022-10-20 08:00:00,1633.6759485411412,1633.3754463556227,1621.2991072887544,stop,47,-30.809155506527308,-1.6800000000000002,-0.4235152986290793,2.1161000000000003,-28.69305550652731,-45.824571598702086,-0.9995615948197294,1.3571380201379468,1.661780888215035,break_dn
XAUUSD.a,15m,1,0.08,2022-10-20 12:45:00,1634.2659067984077,2022-10-20 16:30:00,1630.8225538548531,1630.9066731191253,1640.1266537617494,stop,15,-27.546823548436805,-1.92,-0.6729541141782819,0.0,-27.546823548436805,-43.67381733905699,-1.0250412065081977,1.1418993629603962,1.7218490149300412,break_up
XAUUSD.a,15m,1,0.04,2022-10-20 17:30:00,1642.7222438585814,2022-10-20 19:45:00,1635.3568688104722,1635.4426001772651,1656.1047996454695,stop,9,-29.461500192436688,-0.96,-0.3429254671723075,0.0,-29.461500192436688,-46.67168347316703,-1.0117768630644666,1.0401942993468265,0.4090524580291407,break_up
XAUUSD.a,15m,-1,0.07,2022-10-20 22:30:00,1625.701865008271,2022-10-21 10:00:00,1618.0251113708423,1629.7174443145789,1617.7851113708423,target,42,53.73727546200053,-1.6800000000000002,-0.0,2.1161000000000003,55.853375462000535,89.07039957580578,1.9870242943265104,0.6569749444581571,2.1222006485799425,break_dn
XAUUSD.a,15m,-1,0.09,2022-10-21 10:15:00,1618.0508429197537,2022-10-21 10:15:00,1621.5025392503958,1621.1888036300263,1612.2223927399475,stop,0,-31.065266975778968,-2.16,-0.6636205833244597,0.0,-31.065266975778968,-49.5403495236241,-1.0999807356868443,2.83278151034404,0.03532323377751663,break_dn
XAUUSD.a,15m,1,0.02,2022-10-21 19:00:00,1651.2193604136646,2022-10-24 20:15:00,1650.1269227079033,1640.0987057194152,1672.5325885611699,signal,97,-2.1848754115226257,-0.48,-0.21230916838739455,-1.6584,-3.843275411522626,-6.10479773095485,-0.1727989725960115,0.6509832930437205,1.753551398050273,break_up
XAUUSD.a,15m,1,0.12,2022-10-25 03:15:00,1652.6493575696081,2022-10-25 04:15:00,1650.1993420163308,1650.2489679226812,1656.4620641546373,stop,4,-29.40018663932824,-2.88,-0.5955108762056047,0.0,-29.40018663932824,-46.48177363097538,-1.020674104478825,1.495322884017378,0.9417814450608657,break_up
XAUUSD.a,15m,-1,0.13,2022-10-25 10:15:00,1648.0244479717983,2022-10-25 11:45:00,1643.939473885973,1650.2402630570134,1643.699473885973,target,6,53.10466311572827,-3.12,-0.0,0.0,53.10466311572827,84.0223772854584,1.8435536941155242,0.7787436955887455,2.3171825149388283,break_dn
XAUUSD.a,15m,-1,0.1,2022-10-25 12:00:00,1643.9005536412812,2022-10-25 13:15:00,1638.506490302538,1646.7467548487311,1638.266490302538,target,5,53.94063338743308,-2.4,-0.0,0.0,53.94063338743308,85.47759034534994,1.8951799066855912,0.0700745815849603,1.9852966215076429,break_dn
XAUUSD.a,15m,1,0.06,2022-10-25 20:45:00,1654.7118789077872,2022-10-26 03:45:00,1650.3054781851006,1650.350366503769,1662.4992669924623,stop,24,-26.438404336119675,-1.44,-0.26932991201077583,-14.9256,-41.36400433611968,-64.83996039771715,-1.5806445297129708,1.1353582081355826,0.5383731317717834,break_up
XAUUSD.a,15m,1,0.08,2022-10-26 05:45:00,1655.7613708006847,2022-10-26 09:00:00,1661.583778535288,1652.383110732356,1661.583778535288,target,13,46.57926187682642,-1.92,-0.0,0.0,46.57926187682642,72.39212016353981,1.723493045780746,0.17801199094247774,2.16046990216653,break_up
XAUUSD.a,15m,1,0.09,2022-10-27 04:15:00,1671.0050704753564,2022-10-27 04:30:00,1667.5300599510597,1667.5818866845916,1676.756226630817,stop,1,-31.275094718670744,-2.16,-0.46644060178828295,0.0,-31.275094718670744,-48.202294466456145,-1.0151399214005818,1.0005511490784607,0.0,break_up
XAUUSD.a,15m,-1,0.07,2022-10-27 09:45:00,1662.0079622868004,2022-10-27 11:15:00,1666.534195023209,1666.2220898823455,1653.705820235309,stop,6,-31.68362915485932,-1.6800000000000002,-0.5047359860445791,0.0,-31.68362915485932,-48.98747492131565,-1.0740616257546078,1.1228985373395064,0.6924238103006695,break_dn
XAUUSD.a,15m,-1,0.07,2022-10-27 15:45:00,1660.274501070747,2022-10-27 17:00:00,1664.6001372779172,1664.2558985111298,1652.3282029777404,stop,5,-30.279453450191344,-1.6800000000000002,-0.7296713675121381,0.0,-30.279453450191344,-46.700885991318756,-1.0864617943679309,1.1944295942471326,1.0711065987767718,break_dn
XAUUSD.a,15m,1,0.12,2022-10-28 04:30:00,1663.455155754266,2022-10-28 08:30:00,1660.9186893770311,1660.9702313393993,1667.8995373212013,stop,16,-30.437596526817288,-2.88,-0.6185035484181577,0.0,-30.437596526817288,-47.2120312188883,-1.0207418632373118,1.4387382299746014,1.4265400687950005,break_up
XAUUSD.a,15m,-1,0.12,2022-10-28 09:30:00,1659.084931936568,2022-10-28 10:00:00,1654.520200456326,1661.479899771837,1654.280200456326,target,2,54.7767777629042,-2.88,-0.0,0.0,54.7767777629042,85.34069386299848,1.905967759992637,0.21088720106975492,2.5824697290238356,break_dn
XAUUSD.a,15m,-1,0.07,2022-10-28 15:30:00,1645.5121433692036,2022-10-28 15:30:00,1649.8271042022996,1649.485319256105,1637.7993614877898,stop,0,-30.20472583167157,-1.6800000000000002,-0.7124946233615237,0.0,-30.20472583167157,-47.14037804986667,-1.0860231099562898,1.917321771711852,1.3797887446354988,break_dn
XAUUSD.a,15m,-1,0.04,2022-10-28 16:00:00,1643.2370093336501,2022-10-31 17:15:00,1639.3962819786975,1649.7832663526099,1630.2134672947802,signal,97,15.362909419810421,-0.96,-0.37025582958170355,1.2092,16.57210941981042,25.977943379070464,0.6328849207956952,0.9124283768649017,1.499637014742517,break_dn
XAUUSD.a,15m,-1,0.09,2022-10-31 19:45:00,1637.778766369969,2022-11-01 03:00:00,1631.7656090735752,1640.9821954632123,1631.5256090735752,target,25,54.11841566754356,-2.16,-0.0,2.7207,56.83911566754356,88.80695540450223,1.9714677967164098,0.01599337102202576,2.20038158011242,break_dn
XAUUSD.a,15m,1,0.13,2022-11-01 08:45:00,1640.2694937417755,2022-11-01 09:30:00,1643.9942710923074,1637.9728644538463,1643.9942710923074,target,3,48.42210555691463,-3.12,-0.0,0.0,48.42210555691463,75.15926110097574,1.621845271289088,0.11734316164646624,2.0641146932768653,break_up
XAUUSD.a,15m,1,0.09,2022-11-01 13:00:00,1650.682219479663,2022-11-01 15:15:00,1656.4242845980043,1647.387857700998,1656.4242845980043,target,9,51.67858606507184,-2.16,-0.0,0.0,51.67858606507184,80.05109603152539,1.7429977349567862,0.24047737707299585,1.9298974877353554,break_up
XAUUSD.a,15m,1,0.13,2022-11-02 04:00:00,1650.6194762460946,2022-11-02 05:00:00,1648.2746659614486,1648.3236383869241,1654.3427232261515,stop,4,-30.482533700397653,-3.12,-0.6366415311810867,0.0,-30.482533700397653,-47.48723917745113,-1.021330959971727,1.4371556043974483,0.3138391289381841,break_up
XAUUSD.a,15m,1,0.09,2022-11-02 06:00:00,1652.2728166448703,2022-11-02 15:00:00,1657.7610232937218,1649.119488353139,1657.7610232937218,target,36,49.393859839663264,-2.16,-0.0,0.0,49.393859839663264,76.90034382099495,1.7404488658040693,0.9395839477416897,2.082619615709007,break_up
XAUUSD.a,15m,-1,0.08,2022-11-02 18:45:00,1646.0988969066973,2022-11-02 20:45:00,1650.27094759063,1649.9763316382616,1638.437336723477,stop,8,-33.37640547146111,-1.92,-0.4369276189466961,0.0,-33.37640547146111,-52.05059880458044,-1.075982182232489,1.1479504882618317,0.10803454750306665,break_dn
XAUUSD.a,15m,-1,0.02,2022-11-02 22:30:00,1639.5081621296492,2022-11-03 23:45:00,1629.595427729307,1651.751117186917,1615.507765626166,signal,97,19.825468800684575,-0.48,-0.14171091722778684,0.6046,20.430068800684577,32.497286017599976,0.8343601975634365,0.15370781494731836,1.8670461520709176,break_dn
XAUUSD.a,15m,1,0.08,2022-11-04 01:15:00,1629.8837137053717,2022-11-04 05:15:00,1635.6679716896128,1626.4760141551935,1635.6679716896128,target,16,46.27406387392875,-1.92,-0.0,0.0,46.27406387392875,73.27410671701412,1.6974084419908964,0.2886738372578087,1.812450365322019,break_up
XAUUSD.a,15m,1,0.08,2022-11-04 12:30:00,1651.1757322336848,2022-11-04 12:45:00,1647.4184681614747,1647.4925594869642,1657.5948810260713,stop,1,-30.05811257768073,-1.92,-0.5927306039159845,0.0,-30.05811257768073,-47.30134481742475,-1.0201161690163543,2.002548547377246,0.15863164898670337,break_up
XAUUSD.a,15m,1,0.06,2022-11-04 14:15:00,1652.5413395893358,2022-11-04 15:30:00,1647.9621715239298,1648.0553538434524,1660.5192923130953,stop,5,-27.475008392436393,-1.44,-0.5590939171357115,0.0,-27.475008392436393,-42.666369116292245,-1.0207718715129936,2.0288382765566295,0.8779921813791908,break_up
XAUUSD.a,15m,1,0.05,2022-11-04 15:45:00,1656.465084293038,2022-11-04 16:15:00,1667.0358689205557,1650.7220655397223,1667.0358689205557,target,2,52.85392313758848,-1.2,-0.0,0.0,52.85392313758848,82.06748620031439,1.8406320929066609,0.1854572201114573,1.8552813711099807,break_up
XAUUSD.a,15m,1,0.04,2022-11-04 21:45:00,1679.5481201670054,2022-11-07 01:00:00,1673.141650596822,1673.2191238745272,1691.3117522509456,stop,9,-25.62587828073356,-0.96,-0.30989311082065907,-3.3168,-28.94267828073356,-44.951121003826174,-1.1432570404224622,1.0393623037547455,0.34316339157534187,break_up
XAUUSD.a,15m,1,0.05,2022-11-07 11:15:00,1678.8381054872955,2022-11-08 02:00:00,1672.551116682277,1672.5911885650764,1690.7376228698474,stop,55,-31.43494402509191,-1.2,-0.20035941399623614,-4.146,-35.58094402509191,-54.87329820963559,-1.1391521439492034,1.0226013194723642,0.4853425378398366,break_up
XAUUSD.a,15m,-1,0.14,2022-11-08 04:15:00,1672.7003166560812,2022-11-08 07:30:00,1668.7269419494687,1674.8965290252656,1668.4869419494687,target,13,55.627245892575054,-3.3600000000000003,-0.0,0.0,55.627245892575054,86.24780360726088,1.809194211982351,0.5826774140216793,1.9762736595883563,break_dn
XAUUSD.a,15m,-1,0.09,2022-11-08 11:00:00,1666.9420807128367,2022-11-08 11:30:00,1670.6881098305937,1670.3876142219412,1660.1647715561176,stop,2,-33.714262059812654,-2.16,-0.544460477872091,0.0,-33.714262059812654,-52.02416798057658,-1.0872130855376743,1.3315555559219128,0.6652324543586753,break_dn
XAUUSD.a,15m,1,0.07,2022-11-08 16:30:00,1676.4585862037877,2022-11-08 17:00:00,1684.5664205582675,1672.0617897208663,1684.5664205582675,target,2,56.75484048135855,-1.6800000000000002,-0.0,0.0,56.75484048135855,86.8847256381595,1.8440322143572478,0.2225680009499733,5.299634378512257,break_up
XAUUSD.a,15m,1,0.01,2022-11-08 17:15:00,1699.199207539986,2022-11-09 18:30:00,1712.9535168244263,1683.0442125772045,1730.341574845591,signal,97,13.754309284440296,-0.24,-0.1329663511475333,-2.4876,11.266709284440296,17.476165729948185,0.6974133579364744,0.09094447527658087,1.4318043746410014,break_up
XAUUSD.a,15m,-1,0.11,2022-11-10 03:45:00,1705.4103897487105,2022-11-10 04:30:00,1708.4254519453002,1708.1291040287097,1699.971791942581,stop,3,-33.16568416248697,-2.6399999999999997,-0.6198270824961576,0.0,-33.16568416248697,-51.66638235681544,-1.1090029646626338,1.0702155326488858,0.09577679810858017,break_dn
XAUUSD.a,15m,1,0.09,2022-11-10 07:15:00,1711.3218362048374,2022-11-10 09:00:00,1708.0907248252904,1708.144588970292,1716.8608220594158,stop,7,-29.080002415922763,-2.16,-0.48477730501468513,0.0,-29.080002415922763,-45.430405274055246,-1.0169530858083613,1.136781603133313,0.3928444036685618,break_up
XAUUSD.a,15m,1,0.08,2022-11-10 15:30:00,1711.9234242502314,2022-11-10 15:30:00,1718.8818082958585,1708.0490958520709,1718.8818082958585,target,0,55.66707236501679,-1.92,-0.0,0.0,55.66707236501679,85.25472450419907,1.7960232924320143,0.0963842534382823,6.273752055016581,break_up
XAUUSD.a,15m,1,0.01,2022-11-10 15:45:00,1734.6501510895005,2022-11-11 17:00:00,1760.8406452189374,1712.459372854281,1778.071254291438,signal,97,26.190494129436956,-0.24,-0.1387095621253908,-0.8292,25.361294129436956,37.86002377989305,1.142875380962772,0.26498174273887987,1.4406817359726138,break_up
XAUUSD.a,15m,1,0.06,2022-11-11 20:30:00,1766.335450189632,2022-11-14 01:00:00,1761.5392647092226,1761.6238226802927,1774.8423546394145,stop,14,-28.777112882456095,-1.44,-0.5073478264210662,-4.9752,-33.752312882456096,-50.414208935707386,-1.1939368019349803,1.0666060039064504,1.3232263794219883,break_up
XAUUSD.a,15m,-1,0.08,2022-11-14 08:00:00,1758.3934793926246,2022-11-14 08:00:00,1762.502018041604,1762.192237130541,1750.8755257389184,stop,0,-32.86830919183558,-1.92,-0.558247288504892,0.0,-32.86830919183558,-49.174609802267476,-1.0815479513134456,1.3416282266452135,0.06935935661141412,break_dn
XAUUSD.a,15m,1,0.03,2022-11-14 17:15:00,1775.1285867298598,2022-11-15 18:30:00,1769.6379062863325,1765.7163374187085,1793.1773251625827,signal,97,-16.47204133058176,-0.72,-0.4325622820056061,-2.4876,-18.95964133058176,-27.973149592171147,-0.6714527244874063,0.9039907941855301,1.2049631172331317,break_up
XAUUSD.a,15m,1,0.06,2022-11-16 01:00:00,1778.760174281873,2022-11-16 03:45:00,1773.7986662676499,1773.8742694376058,1788.2314611247887,stop,11,-29.769048085339364,-1.44,-0.4536190197360839,0.0,-29.769048085339364,-44.163795634423295,-1.01547372950675,1.0499947185611453,0.5362007246622646,break_up
XAUUSD.a,15m,1,0.09,2022-11-16 12:00:00,1783.1853373364922,2022-11-16 14:45:00,1779.615352976098,1779.6818479651092,1789.3363040697818,stop,11,-32.12985924354871,-2.16,-0.5984549011014688,0.0,-32.12985924354871,-47.460573788810166,-1.0189796462790581,1.2174540534736698,0.5236672554207021,break_up
XAUUSD.a,15m,-1,0.09,2022-11-16 20:30:00,1772.7112585025727,2022-11-16 22:30:00,1776.415871894131,1776.1129639198202,1766.1440721603594,stop,8,-33.34152052402442,-2.16,-0.5661717687969674,0.0,-33.34152052402442,-49.44465613362264,-1.0890459158441337,1.0314654172101723,0.5236369068118658,break_dn
XAUUSD.a,15m,-1,0.12,2022-11-17 03:30:00,1772.4407203599685,2022-11-17 04:15:00,1767.4851040043955,1775.0824479978023,1767.2451040043954,target,3,59.467396266876676,-2.88,-0.0,0.0,59.467396266876676,88.55112911262832,1.8758998030684992,0.32527185154335064,2.195805607244561,break_dn
XAUUSD.a,15m,-1,0.08,2022-11-17 15:15:00,1759.6812284741754,2022-11-17 15:15:00,1763.8475253268268,1763.5193680380899,1752.3312639238202,stop,0,-33.33037482121108,-1.92,-0.7052583098958207,0.0,-33.33037482121108,-50.20844604303911,-1.0854990505874926,1.0522732325308037,0.46669185534997004,break_dn
XAUUSD.a,15m,-1,0.04,2022-11-17 16:00:00,1756.5228991099718,2022-11-18 02:30:00,1763.5973546330927,1763.3143007981464,1743.111398403707,stop,38,-28.29782209248333,-0.96,-0.1722153397848122,1.2092,-27.08862209248333,-40.44104040201742,-0.9971660982610919,1.0199810301443257,0.30227914710837733,break_dn
XAUUSD.a,15m,1,0.12,2022-11-18 06:00:00,1764.980415474528,2022-11-18 06:45:00,1762.4201214382012,1762.462892428109,1769.474215143782,stop,3,-30.723528435920343,-2.88,-0.5132518788921232,0.0,-30.723528435920343,-45.840960335293396,-1.0169893141469084,1.1322301412820632,0.07530597415654194,break_up
XAUUSD.a,15m,-1,0.11,2022-11-18 15:00:00,1759.9079415265062,2022-11-18 15:15:00,1763.0977801352735,1762.791955832907,1754.5960883341859,stop,1,-35.08822469644065,-2.6399999999999997,-0.7240673260323179,0.0,-35.08822469644065,-52.39472695790686,-1.1060411876902962,1.4986258784852218,0.613014131927959,break_dn
XAUUSD.a,15m,-1,0.04,2022-11-18 16:30:00,1755.3869866625532,2022-11-21 09:30:00,1742.9338251980219,1761.708087400989,1742.6938251980218,target,64,49.81264585812551,-0.96,-0.0,1.2092,51.02184585812551,76.88876376341287,2.017917763431821,0.5130456658802507,2.079857165163098,break_dn
XAUUSD.a,15m,-1,0.08,2022-11-21 09:45:00,1742.845281897286,2022-11-21 15:15:00,1746.732717501744,1746.4308465564043,1735.8983068871917,stop,22,-31.099484835664043,-1.92,-0.4949675627184035,0.0,-31.099484835664043,-47.00434508057984,-1.0841906293816346,1.1671015587662088,1.6497490520058065,break_dn
XAUUSD.a,15m,-1,0.06,2022-11-21 17:15:00,1736.686476762072,2022-11-22 02:30:00,1741.6040699404844,1741.3186660616461,1727.6126678767077,stop,33,-29.505559070473737,-1.44,-0.2724232730296575,1.8137999999999999,-27.691759070473736,-41.862069645462945,-0.9963524545157665,1.0391464870337979,0.8951440655616925,break_dn
XAUUSD.a,15m,1,0.13,2022-11-22 06:30:00,1745.0074771769448,2022-11-22 07:30:00,1742.6224955676812,1742.6644793108112,1748.8910413783776,stop,4,-31.00476092042686,-3.12,-0.5457886606906978,0.0,-31.00476092042686,-46.91222847350904,-1.017918814070149,1.4244473822130332,0.3041073290566091,break_up
XAUUSD.a,15m,1,0.11,2022-11-22 10:30:00,1746.0956745149385,2022-11-22 10:45:00,1743.226517972362,1743.2821860467407,1750.8956279065185,stop,1,-31.560721968342023,-2.6399999999999997,-0.6123488181650686,0.0,-31.560721968342023,-47.61798151502289,-1.0197861391677678,1.0292114389909903,0.019308941790812145,break_up
XAUUSD.a,15m,1,0.08,2022-11-22 11:45:00,1747.798056847361,2022-11-22 15:15:00,1744.1573087323286,1744.2118942655363,1754.0462114689274,stop,14,-29.125984920259725,-1.92,-0.43668426566176033,0.0,-29.125984920259725,-43.9120505974245,-1.0152211540782832,1.0284131751451668,0.5498755585240466,break_up
XAUUSD.a,15m,-1,0.07,2022-11-22 18:15:00,1739.8788722647882,2022-11-23 09:45:00,1744.307436542762,1744.0159333805,1731.7281332390003,stop,58,-30.999949945815846,-1.6800000000000002,-0.3605221358329245,6.348300000000001,-24.651649945815844,-36.995047566317766,-0.8512478253219694,1.4094855193379514,1.7014184871613558,break_dn
XAUUSD.a,15m,-1,0.09,2022-11-23 15:30:00,1734.3750221502503,2022-11-23 15:30:00,1737.7911202226833,1737.4686534480588,1728.0226931038821,stop,0,-30.744882651896887,-2.16,-0.7422009716204496,0.0,-30.744882651896887,-46.18012895322171,-1.1042356840819632,1.8570337886803814,2.5455593741338127,break_dn
XAUUSD.a,15m,1,0.06,2022-11-23 20:30:00,1745.327357809518,2022-11-24 02:15:00,1753.5339834145439,1740.6430082927282,1753.5339834145439,target,19,49.23975363015552,-1.44,-0.0,-4.9752,44.26455363015552,65.64519298554875,1.574909297135822,0.6035753308723095,1.945337801506981,break_up
XAUUSD.a,15m,1,0.12,2022-11-24 11:15:00,1758.0235249890088,2022-11-24 12:30:00,1755.4014926826576,1755.4534986846509,1762.3730026306982,stop,5,-31.464387676214756,-2.88,-0.6240720239199025,0.0,-31.464387676214756,-46.649845327088656,-1.0202355913264745,1.3515523102307803,0.23598007925557,break_up
XAUUSD.a,15m,1,0.1,2022-11-25 04:15:00,1758.0664604664566,2022-11-25 08:00:00,1755.0495972840654,1755.0901768485387,1763.2196463029225,stop,15,-30.16863182391262,-2.4,-0.40579564473371826,0.0,-30.16863182391262,-44.54907239207416,-1.0136343069689395,1.1714140565997775,1.0091577010541801,break_up
XAUUSD.a,15m,-1,0.08,2022-11-25 10:00:00,1751.6174147234863,2022-11-25 19:00:00,1755.3596936317551,1755.0585112261992,1744.7129775476012,stop,36,-29.93823126615098,-1.92,-0.4894592444474777,0.0,-29.93823126615098,-44.39502827295655,-1.0875251261679055,1.1399230662148276,1.6498853545694234,break_dn
XAUUSD.a,15m,-1,0.1,2022-11-28 03:30:00,1748.7621570176132,2022-11-28 06:45:00,1751.9815267451218,1751.695134949029,1743.009730101942,stop,13,-32.193697275085924,-2.4,-0.46391796092836307,0.0,-32.193697275085924,-48.10701764033102,-1.0976453975412688,1.0016587410764457,0.992901101102922,break_dn
XAUUSD.a,15m,-1,0.08,2022-11-28 07:30:00,1750.1788054237086,2022-11-28 09:00:00,1754.0042454999727,1753.7140669285186,1743.201866142963,stop,6,-30.603520610113264,-1.92,-0.40142857163337287,0.0,-30.603520610113264,-45.79994105075316,-1.0820812183368393,1.095023542395459,0.5003322728182596,break_dn
XAUUSD.a,15m,-1,0.07,2022-11-28 17:45:00,1746.6624848822391,2022-11-29 05:45:00,1750.8079897943494,1750.5176893048986,1739.3946213902027,stop,44,-29.018534384771787,-1.6800000000000002,-0.3521034261559282,2.1161000000000003,-26.902434384771787,-40.13252138433002,-0.996887451550262,1.0135688511856613,1.8630620052268065,break_dn
XAUUSD.a,15m,1,0.08,2022-11-29 10:45:00,1756.597854753478,2022-11-29 11:45:00,1753.1263998771092,1753.1866723891128,1762.5866552217742,stop,4,-27.77163901095082,-1.92,-0.48218009602935635,0.0,-27.77163901095082,-41.33791642248046,-1.0176690969774163,1.2921779848314299,0.6924711124207408,break_up
XAUUSD.a,15m,1,0.14,2022-11-30 06:15:00,1755.4165515179213,2022-11-30 08:00:00,1753.2446456344437,1753.2824567273192,1758.885086545362,stop,7,-30.406682368686692,-3.3600000000000003,-0.5293553002579334,0.0,-30.406682368686692,-45.39462605241135,-1.0177176257783769,1.108925211917903,0.14219072339943858,break_up
XAUUSD.a,15m,1,0.14,2022-11-30 09:15:00,1755.967060590834,2022-11-30 10:45:00,1759.5361039213158,1753.886948039342,1759.5361039213158,target,6,49.966606626743676,-3.3600000000000003,-0.0,0.0,49.966606626743676,74.36834944743656,1.715793372777708,0.8350800967900167,1.8234298939475009,break_up
XAUUSD.a,15m,-1,0.07,2022-11-30 20:30:00,1746.5853611815448,2022-11-30 20:30:00,1751.155205303159,1750.803247075476,1738.7035058490478,stop,0,-31.988908851298678,-1.6800000000000002,-0.7837075937803311,0.0,-31.988908851298678,-47.28799333495747,-1.083444226926403,2.884060670289321,0.3474160322007144,break_dn
XAUUSD.a,15m,1,0.03,2022-11-30 22:00:00,1768.2422915393286,2022-12-01 14:30:00,1784.4561599804679,1759.5919200097662,1784.4561599804679,target,62,48.641605323417934,-0.72,-0.0,-2.4876,46.154005323417934,67.89450466087753,1.7784979972897994,0.2233767107834709,1.8759550853063192,break_up
XAUUSD.a,15m,1,0.08,2022-12-01 15:00:00,1785.0121833658861,2022-12-01 15:30:00,1790.986236802892,1781.601881598554,1790.986236802892,target,2,47.79242749604782,-1.92,-0.0,0.0,47.79242749604782,70.24992282462344,1.7517668067478427,0.16778086073411883,1.7851254960572631,break_up
XAUUSD.a,15m,1,0.07,2022-12-01 15:45:00,1789.4515632124096,2022-12-01 16:00:00,1796.281868218995,1785.4490658905024,1796.281868218995,target,1,47.812135046097644,-1.6800000000000002,-0.0,0.0,47.812135046097644,69.9785361602038,1.706510824929358,0.38015346171038117,1.8484551500124309,break_up
XAUUSD.a,15m,1,0.02,2022-12-01 16:15:00,1796.7398927698837,2022-12-02 15:30:00,1785.8956985984034,1785.981468878169,1817.3570622436623,stop,89,-21.68838834296048,-0.48,-0.17154055953102587,-1.6584,-23.34678834296048,-34.501453166088574,-1.0850468701526177,1.4621001113367122,0.7101511621976713,break_up
XAUUSD.a,15m,1,0.09,2022-12-05 02:00:00,1799.3285591422282,2022-12-05 03:15:00,1804.7056854023608,1796.2071572988195,1804.7056854023608,target,5,48.394136341193644,-2.16,-0.0,0.0,48.394136341193644,70.80341820218528,1.7226638958669518,0.24622242850633924,1.7560830462590773,break_up
XAUUSD.a,15m,1,0.12,2022-12-05 06:15:00,1809.2539500082833,2022-12-05 07:45:00,1806.6010453384763,1806.6475280224952,1813.6749439550097,stop,6,-31.834856037683494,-2.88,-0.5577922082263969,0.0,-31.834856037683494,-46.57691559157192,-1.0178339057421775,1.0489283865738415,0.163461632091777,break_up
XAUUSD.a,15m,-1,0.08,2022-12-05 11:45:00,1796.5198571605536,2022-12-05 16:30:00,1789.666803124365,1800.1565984378174,1789.426803124365,target,19,54.82443228950797,-1.92,-0.0,0.0,54.82443228950797,80.99100675044019,1.88439416326711,0.5334838778815175,2.6094397255813337,break_dn
XAUUSD.a,15m,-1,0.04,2022-12-05 19:15:00,1769.6679646583582,2022-12-06 04:15:00,1776.4980823373553,1776.2021111125596,1756.785777774881,stop,32,-27.32047071598845,-0.96,-0.22388489918275034,1.2092,-26.11127071598845,-38.90584783500976,-0.9990314304632384,1.0012073325101836,0.5904313111741792,break_dn
XAUUSD.a,15m,-1,0.11,2022-12-06 07:00:00,1772.4425239969382,2022-12-06 13:00:00,1775.4978936907128,1775.196759139223,1767.0464817215538,stop,24,-33.60906663151991,-2.6399999999999997,-0.6724800663860889,0.0,-33.60906663151991,-49.95105319469697,-1.1093350915709583,1.015699770913907,1.8780255605362761,break_dn
XAUUSD.a,15m,1,0.05,2022-12-06 14:00:00,1779.2110334344213,2022-12-06 17:00:00,1773.7104372035337,1773.7866099414146,1789.306780117171,stop,12,-27.502981154437975,-1.2,-0.38086368940376647,0.0,-27.502981154437975,-41.04432478873862,-1.0140425499555903,1.5174024382559455,0.3003022473593141,break_up
XAUUSD.a,15m,-1,0.09,2022-12-06 20:30:00,1770.3077471901615,2022-12-07 03:45:00,1773.8773844887676,1773.5916032220637,1763.8667935558724,stop,25,-32.12673568745436,-2.16,-0.4120314003348579,8.162099999999999,-23.964635687454358,-35.71374279075789,-0.8108568928533942,1.0482349945909726,0.9159193219622911,break_dn
XAUUSD.a,15m,1,0.07,2022-12-07 09:30:00,1773.9973591501594,2022-12-07 16:30:00,1780.7994727533435,1770.1802636233283,1780.7994727533435,target,28,47.61479522228888,-1.6800000000000002,-0.0,0.0,47.61479522228888,70.82899995877855,1.7820129350630187,0.8376419001527694,2.898182864976601,break_up
XAUUSD.a,15m,1,0.06,2022-12-07 20:45:00,1788.5952337857675,2022-12-08 03:00:00,1783.7816876058487,1783.8292357114142,1797.2415285771715,stop,21,-28.881277079512984,-1.44,-0.28528863339371824,-4.9752,-33.856477079512985,-50.47254294117829,-1.1839589718433685,1.0963566716246747,0.40595195047261723,break_up
XAUUSD.a,15m,1,0.09,2022-12-08 05:30:00,1783.9811016428032,2022-12-08 15:15:00,1789.637954695046,1780.7310226524771,1789.637954695046,target,39,50.91167747018426,-2.16,-0.0,0.0,50.91167747018426,75.28529015923735,1.7405278668858306,0.7233983081030304,1.747310872781936,break_up
XAUUSD.a,15m,1,0.1,2022-12-08 15:30:00,1788.841614891325,2022-12-08 16:30:00,1785.7179391174445,1785.7956084158282,1794.1187831683435,stop,4,-31.2367577388045,-2.4,-0.7766929838359204,0.0,-31.2367577388045,-46.16451545697047,-1.025498730553735,1.4351955343797858,1.0171958377631838,break_up
XAUUSD.a,15m,1,0.05,2022-12-08 17:30:00,1794.6792745059547,2022-12-08 18:00:00,1789.4262782075273,1789.514980183341,1804.1100396333181,stop,2,-26.264981492137167,-1.2,-0.4435098790693101,0.0,-26.264981492137167,-38.80874359782672,-1.017176010946047,1.3921116917124616,0.0,break_up
XAUUSD.a,15m,1,0.13,2022-12-09 03:00:00,1790.490630289148,2022-12-09 03:00:00,1794.4474319487108,1788.2712840256445,1794.4474319487108,target,0,51.43842157431732,-3.12,-0.0,0.0,51.43842157431732,75.69594368884438,1.7828681015808234,0.3156921930884088,1.9507409826250834,break_up
XAUUSD.a,15m,1,0.04,2022-12-09 03:15:00,1795.09167098278,2022-12-12 04:15:00,1788.5317369881461,1788.5836673607917,1807.2926652784165,stop,96,-26.239735978535464,-0.96,-0.20772149058181122,-3.3168,-29.556535978535464,-43.694246316798925,-1.1353918073537157,1.1864884273713663,1.6915062831290553,break_up
XAUUSD.a,15m,-1,0.13,2022-12-12 07:15:00,1785.9914198359495,2022-12-12 07:30:00,1788.5640272996739,1788.2799549283177,1781.5300901433645,stop,1,-33.443897028416586,-3.12,-0.5729408276297968,0.0,-33.443897028416586,-49.3782622595845,-1.1241284751557818,1.0262373392841837,0.2846448971317666,break_dn
XAUUSD.a,15m,-1,0.07,2022-12-12 18:15:00,1782.1209339313102,2022-12-13 04:45:00,1786.23300719853,1785.9536536986839,1774.6026926026325,stop,38,-28.784512870538496,-1.6800000000000002,-0.275474498922982,2.1161000000000003,-26.668412870538496,-39.42873408125507,-0.9940129981979909,1.0251378413147356,1.2213086829767763,break_dn
XAUUSD.a,15m,-1,0.12,2022-12-13 05:45:00,1783.1342882477943,2022-12-13 07:45:00,1785.8196311652077,1785.5421712726188,1778.3956574547626,stop,8,-32.224115008961235,-2.88,-0.44951871106721825,0.0,-32.224115008961235,-47.646959247920684,-1.1152298054882228,1.0489345728868424,0.8656102585989409,break_dn
XAUUSD.a,15m,1,0.1,2022-12-13 09:15:00,1787.6872663125932,2022-12-13 10:30:00,1784.6152167898651,1784.664201504572,1792.7815969908556,stop,5,-30.720495227280935,-2.4,-0.4898471470691802,0.0,-30.720495227280935,-45.3894613446425,-1.0162036601322284,1.008005618836786,0.3085390974522921,break_up
XAUUSD.a,15m,1,0.1,2022-12-13 14:15:00,1788.2325363166026,2022-12-13 15:15:00,1792.9296033264236,1785.4751983367883,1792.9296033264236,target,4,46.97067009821012,-2.4,-0.0,0.0,46.97067009821012,68.41252308283103,1.703478878616572,0.5993230894073911,2.0989315512881315,break_up
XAUUSD.a,15m,1,0.08,2022-12-13 15:30:00,1790.4218019619807,2022-12-13 15:30:00,1797.6628486528639,1786.633575673568,1797.6628486528639,target,0,57.92837352706556,-1.92,-0.0,0.0,57.92837352706556,84.37235795838149,1.9114609686944617,0.20373702709929417,5.965377017508645,break_up
XAUUSD.a,15m,1,0.04,2022-12-13 20:15:00,1810.2431218037593,2022-12-14 21:00:00,1802.858666265121,1802.9443204569245,1823.8713590861512,stop,95,-29.537822154553396,-0.96,-0.3426167672142329,-9.9504,-39.4882221545534,-57.651247761958395,-1.3525584639893586,2.0747409176064737,0.5722690614195292,break_up
XAUUSD.a,15m,-1,0.09,2022-12-15 06:15:00,1791.7563932328683,2022-12-15 08:15:00,1795.2616348162094,1794.9602119557956,1785.5695760884087,stop,8,-31.54717425006993,-2.16,-0.5528057437253222,0.0,-31.54717425006993,-46.21280927278976,-1.0940823705963043,1.3089400898750394,0.7198888053069727,break_dn
XAUUSD.a,15m,-1,0.08,2022-12-15 10:00:00,1788.9623404389588,2022-12-15 10:00:00,1782.1865729710098,1792.4217135144952,1781.9465729710098,target,0,54.20613974359185,-1.92,-0.0,0.0,54.20613974359185,79.89467440504642,1.9586691923646717,0.25081410478012667,2.4288621826820433,break_dn
XAUUSD.a,15m,-1,0.04,2022-12-15 15:30:00,1774.4377309143256,2022-12-15 15:30:00,1781.1332774725242,1780.7998738440124,1761.9602523119752,stop,0,-26.78218623279463,-0.96,-0.37361451404706847,0.0,-26.78218623279463,-39.611001187337685,-1.0524042971364482,1.1053302579639837,0.10652557193633459,break_dn
XAUUSD.a,15m,-1,0.11,2022-12-16 01:15:00,1776.2752302676827,2022-12-16 04:00:00,1779.182307987932,1778.8947291760537,1770.9605416478926,stop,11,-31.97785492274329,-2.6399999999999997,-0.5233669306609867,0.0,-31.97785492274329,-47.509032852580326,-1.109783902165159,1.211975970736949,0.2730408725871543,break_dn
XAUUSD.a,15m,1,0.09,2022-12-16 08:45:00,1782.9097008839515,2022-12-16 09:30:00,1779.6419524727753,1779.694396847069,1788.5312063058625,stop,3,-29.409735700585543,-2.16,-0.47199936864151953,0.0,-29.409735700585543,-43.936441281481905,-1.016310860090372,1.3745825692542055,0.6190080605808997,break_up
XAUUSD.a,15m,-1,0.08,2022-12-16 10:30:00,1774.9794324591455,2022-12-16 10:45:00,1778.6949532940462,1778.3947627907132,1768.3604744185734,stop,1,-29.724166679205155,-1.92,-0.48152402666385463,0.0,-29.724166679205155,-44.40352949493607,-1.0878950128361813,1.019101288295256,0.03496951906576081,break_dn
XAUUSD.a,15m,1,0.09,2022-12-16 14:45:00,1784.9817153679176,2022-12-16 16:45:00,1790.2529174026438,1781.9235412986782,1790.2529174026438,target,8,47.44081831253607,-2.16,-0.0,0.0,47.44081831253607,70.75650028716154,1.7236435583397836,0.9226797768968334,2.880243057673025,break_up
XAUUSD.a,15m,1,0.07,2022-12-16 20:45:00,1792.0572725002392,2022-12-19 17:45:00,1787.750491784885,1787.8236757835487,1799.7526484329026,stop,80,-30.147465007478562,-1.6800000000000002,-0.5122879906454187,-5.804400000000001,-35.95186500747856,-53.661101835097405,-1.2131483131366831,1.4921762564993437,1.5808608962151476,break_up
XAUUSD.a,15m,-1,0.05,2022-12-19 18:00:00,1786.0606384770176,2022-12-20 05:00:00,1791.7419083138916,1791.4428922276575,1775.4442155446848,stop,40,-28.4063491843699,-1.2,-0.2950804311702774,1.5115,-26.8948491843699,-40.32755421926482,-0.9993898627010149,1.8708448151084356,0.4237329904311037,break_dn
XAUUSD.a,15m,1,0.08,2022-12-20 13:45:00,1808.8764183271096,2022-12-20 14:15:00,1805.4124939344604,1805.4826043728397,1814.8047912543204,stop,2,-27.71139514119386,-1.92,-0.5608835070337417,0.0,-27.71139514119386,-41.679418745309405,-1.0206583034084937,1.2188111613794679,0.16311491447371992,break_up
XAUUSD.a,15m,1,0.06,2022-12-20 17:00:00,1812.7477007965872,2022-12-21 17:30:00,1821.205324871541,1808.0573375642296,1821.205324871541,target,94,50.745744449723134,-1.44,-0.0,-14.9256,35.82014444972313,53.3498323697881,1.2728276637016416,0.1956566583705674,2.364912620602543,break_up
XAUUSD.a,15m,1,0.07,2022-12-21 17:45:00,1821.937860132204,2022-12-21 17:45:00,1817.876474672641,1817.9482648709468,1829.1734702581066,stop,0,-28.4296982169401,-1.6800000000000002,-0.5025313881400482,0.0,-28.4296982169401,-42.342644271752555,-1.0179943562202631,1.094812843453112,0.10831671873898278,break_up
XAUUSD.a,15m,1,0.16,2022-12-22 07:00:00,1820.3442957017842,2022-12-22 07:45:00,1818.4548354228727,1818.4916016346913,1823.5567967306176,stop,3,-30.23136446258286,-3.84,-0.5882593890972515,0.0,-30.23136446258286,-44.78123577979656,-1.0198447290740351,1.0818276678184875,0.040861737272514534,break_up
XAUUSD.a,15m,-1,0.11,2022-12-22 13:00:00,1814.6197454054861,2022-12-22 14:45:00,1817.4026198757456,1817.1143622546463,1809.5112754907072,stop,7,-30.611619172854034,-2.6399999999999997,-0.5308338320914658,0.0,-30.611619172854034,-45.456949857227336,-1.1155518616802282,1.4953216546138715,0.3366229991466915,break_dn
XAUUSD.a,15m,-1,0.09,2022-12-22 15:45:00,1812.6916607226813,2022-12-22 16:15:00,1806.5184624425979,1815.8207687787012,1806.2784624425979,target,2,55.55878452075058,-2.16,-0.0,0.0,55.55878452075058,82.97681276154933,1.972830010841921,0.12730122136635935,3.381685941565282,break_dn
XAUUSD.a,15m,-1,0.08,2022-12-22 19:45:00,1793.7106498190203,2022-12-22 20:15:00,1787.0296443275413,1797.2601778362293,1786.7896443275413,target,2,53.44804393183222,-1.92,-0.0,0.0,53.44804393183222,80.28727814188193,1.8822236249686763,0.21956445397844535,2.1525819156734562,break_dn
XAUUSD.a,15m,1,0.09,2022-12-23 12:00:00,1798.9228758805339,2022-12-23 15:30:00,1795.814584002673,1795.8712192894186,1804.207561421163,stop,14,-27.974626900748035,-2.16,-0.5097175807108825,0.0,-27.974626900748035,-41.77686882223953,-1.018558866325432,1.5083203968411656,0.43816336456700017,break_up
XAUUSD.a,15m,1,0.05,2022-12-23 17:45:00,1800.829091407435,2022-12-23 20:30:00,1795.0774165169923,1795.1395835556993,1811.3408328886012,stop,11,-28.758374452213502,-1.2,-0.310835193534949,0.0,-28.758374452213502,-42.89349767654074,-1.0109266109349049,1.1756889315820704,0.42550404281917104,break_up
XAUUSD.a,15m,1,0.11,2022-12-27 04:00:00,1804.661573064392,2022-12-27 11:15:00,1809.1420494684664,1802.013975265767,1809.1420494684664,target,29,49.28524044481787,-2.6399999999999997,-0.0,0.0,49.28524044481787,72.88667452168455,1.6922798494548426,0.4878282740161227,1.7519379031122129,break_up
XAUUSD.a,15m,1,0.04,2022-12-27 20:45:00,1817.436891895506,2022-12-28 02:15:00,1810.0257278350969,1810.0818649672601,1831.37627006548,stop,18,-29.644656241636767,-0.96,-0.22454852865345765,-9.9504,-39.59505624163677,-58.86340237510297,-1.3458501453467693,1.0750323517023146,0.020816797271792097,break_up
XAUUSD.a,15m,-1,0.15,2022-12-28 08:00:00,1810.3911882199016,2022-12-28 10:00:00,1806.8382915976695,1812.3158542011654,1806.5982915976695,target,8,53.29344933348125,-3.5999999999999996,-0.0,0.0,53.29344933348125,78.77819561490207,1.8459808906161752,0.5449318428799763,2.2295755532000463,break_dn
XAUUSD.a,15m,-1,0.05,2022-12-28 17:30:00,1801.6766411581223,2022-12-28 20:00:00,1807.9109507008266,1807.594399178036,1790.0312016439282,stop,10,-31.171547713521477,-1.2,-0.38275761395297087,0.0,-31.171547713521477,-46.21019288650598,-1.0534917990437282,1.1902073079325608,0.7868927966389241,break_dn
XAUUSD.a,15m,1,0.11,2022-12-29 07:00:00,1809.0965840616261,2022-12-29 09:00:00,1806.4476318521738,1806.4901933849658,1813.4796132300683,stop,8,-29.1384743039755,-2.6399999999999997,-0.4681768607126373,0.0,-29.1384743039755,-43.31570433176081,-1.0163296827191364,1.049951600169434,0.40416655408073837,break_up
XAUUSD.a,15m,1,0.1,2022-12-29 10:30:00,1810.2210117919383,2022-12-29 12:15:00,1807.303132111771,1807.352987878267,1815.0540242434663,stop,7,-29.17879680167289,-2.4,-0.4985576649600381,0.0,-29.17879680167289,-43.438928127304365,-1.0173833161774954,1.2625458855756746,0.5854163907275646,break_up
XAUUSD.a,15m,1,0.04,2022-12-29 15:45:00,1811.8101513445927,2022-12-30 16:00:00,1822.6462264201948,1805.9118867899026,1822.6462264201948,target,93,43.344300302408556,-0.96,-0.0,-3.3168,40.027500302408555,58.967163569199855,1.6965795587525965,0.5272993972641593,2.2599611346371504,break_up
XAUUSD.a,15m,1,0.07,2022-12-30 20:00:00,1824.3248543763095,2022-12-30 20:15:00,1819.963053586662,1820.0475150393788,1831.484969921242,stop,1,-30.532605527532727,-1.6800000000000002,-0.5912301690175616,0.0,-30.532605527532727,-44.869877478114724,-1.019746259546812,1.1677479813639857,0.41501164248618383,break_up
XAUUSD.a,15m,1,0.06,2023-01-03 05:15:00,1841.208424324961,2023-01-03 10:45:00,1836.2117532394748,1836.3040471396293,1850.0919057207416,stop,22,-29.980026512917448,-1.44,-0.5537634009274155,0.0,-29.980026512917448,-44.66364714992767,-1.018818679042593,1.3596883096400927,1.7844418046013681,break_up
XAUUSD.a,15m,1,0.06,2023-01-03 14:15:00,1833.8263280049703,2023-01-03 16:30:00,1842.3087851506411,1829.2156074246793,1842.3087851506411,target,9,50.89474287402527,-1.44,-0.0,0.0,50.89474287402527,75.40967369578946,1.839724832150991,0.12065966594210253,3.314812018833119,break_up
XAUUSD.a,15m,1,0.07,2023-01-04 03:45:00,1842.420496225575,2023-01-04 09:00:00,1849.2910340541778,1838.519482972911,1849.2910340541778,target,21,48.09376480021866,-1.6800000000000002,-0.0,0.0,48.09376480021866,70.29505064562706,1.7612187869165854,0.31286646481950314,2.440264402568675,break_up
XAUUSD.a,15m,1,0.08,2023-01-05 03:30:00,1857.7031726472587,2023-01-05 04:15:00,1853.8687550453596,1853.9364178948642,1864.3871642102717,stop,3,-30.675340815192612,-1.92,-0.5413027960375099,0.0,-30.675340815192612,-45.00688236746426,-1.0179631682847345,1.1370988898430088,0.3283535653482855,break_up
XAUUSD.a,15m,-1,0.06,2023-01-05 10:00:00,1849.3212210984123,2023-01-05 15:45:00,1840.4733053192235,1853.9983473403884,1840.2333053192235,target,23,53.08749467513235,-1.44,-0.0,0.0,53.08749467513235,78.33133353272298,1.891741920451228,0.41452353459858593,3.504549642321993,break_dn
XAUUSD.a,15m,-1,0.06,2023-01-05 17:30:00,1828.9861612141503,2023-01-05 19:30:00,1834.3035178180169,1833.9670335237668,1819.2159329524663,stop,8,-31.90413962319917,-1.44,-0.5789057654999507,0.0,-31.90413962319917,-47.29902689794101,-1.0675552942002695,1.0287031000487847,0.7922630753917638,break_dn
XAUUSD.a,15m,-1,0.06,2023-01-05 21:30:00,1832.6750260036395,2023-01-06 04:00:00,1837.7815883579776,1837.4862221816493,1823.1875556367015,stop,22,-30.639374126028997,-1.44,-0.33219705797022075,1.8137999999999999,-28.825574126028997,-42.62876978117272,-0.9985588150191529,1.308401022002083,0.5081950336622606,break_dn
XAUUSD.a,15m,1,0.11,2023-01-06 10:15:00,1839.184889203681,2023-01-06 11:00:00,1836.5543079857796,1836.6075580844424,1843.5448838311154,stop,3,-28.93639339691549,-2.6399999999999997,-0.5857510852902234,0.0,-28.93639339691549,-42.92341857316803,-1.0206609458386398,1.5073302668338378,0.49086079273073824,break_up
XAUUSD.a,15m,1,0.02,2023-01-06 15:45:00,1848.1247117684898,2023-01-09 03:30:00,1872.415390452746,1835.462304773627,1872.415390452746,target,43,48.58135736851227,-0.48,-0.0,-1.6584,46.92295736851227,67.97571653727024,1.8528450944417334,0.5910970774771553,2.0158322380465394,break_up
XAUUSD.a,15m,1,0.05,2023-01-09 03:45:00,1873.744335461787,2023-01-10 02:15:00,1868.462301233209,1868.5135190906021,1883.4429618187958,stop,86,-26.410171142889567,-1.2,-0.256089286965619,-4.146,-30.556171142889568,-44.21382020386278,-1.168313661753279,1.1497890644600552,1.4750402213919576,break_up
XAUUSD.a,15m,-1,0.08,2023-01-10 02:30:00,1868.1962365644708,2023-01-10 03:15:00,1871.8718970199893,1871.5760975295425,1861.4178049409152,stop,3,-29.405283644147858,-1.92,-0.44639592357455415,0.0,-29.405283644147858,-42.46495630671499,-1.0875182421714065,1.628399360922387,0.013680019666065114,break_dn
XAUUSD.a,15m,1,0.09,2023-01-10 11:00:00,1875.3494348900633,2023-01-10 14:15:00,1872.0811815244463,1872.1419513365206,1881.0460973269585,stop,13,-29.414280290553506,-2.16,-0.5469283086692497,0.0,-29.414280290553506,-42.851099588528335,-1.0189462583548463,1.009961496602349,0.589423165661607,break_up
XAUUSD.a,15m,1,0.07,2023-01-10 17:15:00,1879.5647612859184,2023-01-10 17:30:00,1875.4001827152908,1875.48299307782,1886.51401384436,stop,1,-29.152049994392886,-1.6800000000000002,-0.5796725377041664,0.0,-29.152049994392886,-42.36477648432379,-1.0202878650397018,1.0178827101634977,0.2756743295342358,break_up
XAUUSD.a,15m,1,0.08,2023-01-11 07:45:00,1884.516463828299,2023-01-11 08:45:00,1880.8244087614623,1880.880216937745,1890.95956612451,stop,4,-29.53644053469361,-1.92,-0.4464654102608273,0.0,-29.53644053469361,-42.735210207181666,-1.01534774121846,1.1293138095123298,0.02022309648222908,break_up
XAUUSD.a,15m,1,0.09,2023-01-11 11:30:00,1885.9202599428888,2023-01-11 12:30:00,1882.76586789872,1882.826118873399,1891.1477622532016,stop,4,-28.389528397519598,-2.16,-0.5422587721114133,0.0,-28.389528397519598,-41.11921496700501,-1.0194726010630888,1.1344860703030653,0.20999044404211675,break_up
XAUUSD.a,15m,-1,0.06,2023-01-11 16:45:00,1874.31635723652,2023-01-12 03:45:00,1879.0865442001775,1878.8002834181536,1865.5094331636924,stop,40,-28.621121781945476,-1.44,-0.2775646921435687,1.8137999999999999,-26.807321781945475,-38.75850760058624,-0.9964229522685223,1.4994989861831955,1.6183043481496735,break_dn
XAUUSD.a,15m,1,0.08,2023-01-12 04:00:00,1880.7504661983958,2023-01-12 14:15:00,1886.8048430953809,1877.3475784523096,1886.8048430953809,target,41,48.435015175880835,-1.92,-0.0,0.0,48.435015175880835,70.11133734186534,1.7791879570369245,0.2646182494357982,2.7622227069979273,break_up
XAUUSD.a,15m,1,0.05,2023-01-12 15:45:00,1892.3219863061408,2023-01-12 16:30:00,1887.0024620009217,1887.1586860795978,1901.6826278408043,stop,3,-26.597621526095736,-1.2,-0.7811203933801565,0.0,-26.597621526095736,-38.5221544298584,-1.0302566327390823,1.720214962608817,1.7891684172013043,break_up
XAUUSD.a,15m,1,0.06,2023-01-13 02:30:00,1899.96505861116,2023-01-13 07:15:00,1895.1331330239743,1895.180690168308,1908.678619663384,stop,19,-28.991553523113907,-1.44,-0.2853428660025105,0.0,-28.991553523113907,-41.69946569308005,-1.0099401091077707,1.2049779777669922,0.0,break_up
XAUUSD.a,15m,1,0.06,2023-01-13 10:00:00,1899.8636932865015,2023-01-13 10:45:00,1908.4201800178998,1895.09990999105,1908.4201800178998,target,3,51.33892038838985,-1.44,-0.0,0.0,51.33892038838985,73.5040738612497,1.7961536452693194,0.4038162878521851,2.0585123430911896,break_up
XAUUSD.a,15m,1,0.05,2023-01-13 17:00:00,1910.7481484868713,2023-01-16 03:45:00,1924.0484384462736,1905.3007807768631,1924.0484384462736,target,39,66.50144979701167,-1.2,-0.0,-4.146,62.35544979701167,88.89127244826891,2.289379131959432,0.7468099646361352,2.5244948101930316,break_up
XAUUSD.a,15m,1,0.08,2023-01-16 04:30:00,1925.3250219360991,2023-01-16 07:00:00,1921.7655248184778,1921.8274958290597,1931.4650083418805,stop,10,-28.475976940970213,-1.92,-0.49576808465477584,0.0,-28.475976940970213,-40.71544766292085,-1.0177185269488338,1.4252994212297316,1.0221447830526944,break_up
XAUUSD.a,15m,-1,0.09,2023-01-17 04:00:00,1912.9625836194252,2023-01-17 04:00:00,1916.3619832545469,1916.0658586836848,1906.8682826326303,stop,0,-30.594596716094884,-2.16,-0.5051211377582382,0.0,-30.594596716094884,-43.962807098653414,-1.0954232430996893,1.0496705297221103,0.023389360569765937,break_dn
XAUUSD.a,15m,-1,0.11,2023-01-17 06:15:00,1909.091550510894,2023-01-17 06:30:00,1911.9535441285152,1911.6573966258316,1904.225206748337,stop,1,-31.481929793833615,-2.6399999999999997,-0.6176225295200447,0.0,-31.481929793833615,-45.14897645718943,-1.1154190428488953,1.001014625995446,0.40203132404887587,break_dn
XAUUSD.a,15m,-1,0.12,2023-01-17 08:45:00,1909.7626996875604,2023-01-17 12:15:00,1905.2579883306812,1912.2210058346593,1905.0179883306812,target,14,54.05653628255004,-2.88,-0.0,0.0,54.05653628255004,77.89350742463765,1.8324452233889614,0.8612842281415508,2.1245115030622803,break_dn
XAUUSD.a,15m,-1,0.06,2023-01-17 19:30:00,1907.0149927156908,2023-01-18 07:30:00,1897.4311099102208,1912.0244450448895,1897.1911099102208,target,44,57.50329683282007,-1.44,-0.0,5.4414,62.94469683282007,89.97498046373549,2.094197552159991,0.7675504289955267,2.063098326228406,break_dn
XAUUSD.a,15m,-1,0.09,2023-01-18 23:15:00,1903.2441431654008,2023-01-19 01:45:00,1906.7025599575943,1906.4047584377754,1897.060483124449,stop,6,-31.125751129741275,-2.16,-0.5202136783709074,2.7207,-28.405051129741274,-40.90824806979272,-0.998576707446675,1.2705933777197909,0.10572092349275547,break_dn
XAUUSD.a,15m,-1,0.1,2023-01-19 03:15:00,1904.7169326248368,2023-01-19 04:45:00,1907.8214986306639,1907.517682652207,1899.274634695586,stop,6,-31.045660058271096,-2.4,-0.6381597845692494,0.0,-31.045660058271096,-44.95852529653763,-1.1084766492860367,1.032961652018476,1.3521137508985333,break_dn
XAUUSD.a,15m,1,0.08,2023-01-19 10:00:00,1911.6539462312755,2023-01-19 12:15:00,1908.1953462463641,1908.2588724197126,1917.4722551605746,stop,9,-27.668799879291328,-1.92,-0.5082093867871155,0.0,-27.668799879291328,-40.17015328226503,-1.0187112790102255,1.3707938294081021,1.4921777993369412,break_up
XAUUSD.a,15m,1,0.07,2023-01-19 16:30:00,1917.6274915810593,2023-01-19 20:30:00,1924.9467024924563,1913.5366487537717,1924.9467024924563,target,16,51.23447637977916,-1.6800000000000002,-0.0,0.0,51.23447637977916,74.1400425146938,1.7891694255704238,0.7449544530851602,1.9610893788016956,break_up
XAUUSD.a,15m,1,0.07,2023-01-19 21:00:00,1925.2742096734225,2023-01-19 22:00:00,1932.9818297456782,1921.0690851271609,1932.9818297456782,target,4,53.95334050578936,-1.6800000000000002,-0.0,0.0,53.95334050578936,78.05523640199844,1.832911246138386,0.3791111668356458,2.322354598333861,break_up
XAUUSD.a,15m,1,0.11,2023-01-20 09:45:00,1930.6489224279742,2023-01-20 10:00:00,1935.3087401066418,1927.900629946679,1935.3087401066418,target,1,51.257994465344154,-2.6399999999999997,-0.0,0.0,51.257994465344154,73.87474881508129,1.6955319386062888,0.23247977874358944,2.485571538880155,break_up
XAUUSD.a,15m,-1,0.06,2023-01-23 08:45:00,1921.4335512020298,2023-01-23 10:30:00,1926.209985892309,1925.904070741626,1912.6618585167482,stop,7,-28.658608141675813,-1.44,-0.39549090409900317,0.0,-28.658608141675813,-40.89121515541958,-1.068429440465171,1.341331526427467,0.5756716147274406,break_dn
XAUUSD.a,15m,-1,0.1,2023-01-23 14:15:00,1923.5883831612653,2023-01-23 14:30:00,1926.7315671514025,1926.4269579831646,1918.0660840336711,stop,1,-31.431839901372314,-2.4,-0.6460916823798655,0.0,-31.431839901372314,-44.925733093265556,-1.107310600336434,1.4343877101011038,0.17205224167336303,break_dn
XAUUSD.a,15m,-1,0.06,2023-01-23 15:45:00,1921.8605727065576,2023-01-23 17:00:00,1913.0624669900553,1926.4537665049725,1912.8224669900553,target,5,52.788634299013665,-1.44,-0.0,0.0,52.788634299013665,75.0712965371792,1.915465818041155,0.45054212477527766,2.286115754615344,break_dn
XAUUSD.a,15m,1,0.08,2023-01-23 22:30:00,1929.1312528296423,2023-01-24 03:45:00,1935.690099819343,1925.4149500903284,1935.690099819343,target,17,52.47077591760535,-1.92,-0.0,-6.6336,45.83717591760535,65.07357560102407,1.5417600210790088,0.21829567894464874,1.7836940732071094,break_up
XAUUSD.a,15m,1,0.09,2023-01-24 14:15:00,1938.2376241330605,2023-01-24 15:15:00,1934.748473467496,1934.8063229051395,1944.357354189721,stop,4,-31.402355990080196,-2.16,-0.5206449387901783,0.0,-31.402355990080196,-44.758204090764245,-1.0168593293916304,1.1300739502285009,0.3329278868447576,break_up
XAUUSD.a,15m,1,0.07,2023-01-24 22:00:00,1938.4255998553367,2023-01-25 05:00:00,1934.4361227075517,1934.4923402957693,1945.3153194084612,stop,24,-27.926340034495073,-1.6800000000000002,-0.3935231175234662,-17.413200000000003,-45.33954003449507,-63.85311105328433,-1.6467454155243544,2.0531571163904916,0.29858190818008273,break_up
XAUUSD.a,15m,-1,0.06,2023-01-25 12:15:00,1923.9001236918891,2023-01-25 16:15:00,1929.3516959398282,1929.0281131132454,1913.6437737735096,stop,16,-32.70943348763467,-1.44,-0.5014969594969428,0.0,-32.70943348763467,-46.23306829444186,-1.0631013054034926,1.0062182044724575,0.7917574234806817,break_dn
XAUUSD.a,15m,1,0.06,2023-01-25 20:30:00,1941.6199918259122,2023-01-26 11:15:00,1936.7270344446877,1936.8025380452866,1950.3549239094266,stop,55,-29.357744287347032,-1.44,-0.45302160359392085,-4.9752,-34.33294428734703,-48.331753318524456,-1.187797048357249,1.272454725059379,1.5568407120480634,break_up
XAUUSD.a,15m,-1,0.07,2023-01-26 15:45:00,1933.2916346719157,2023-01-26 15:45:00,1937.5624080995335,1937.2348601074075,1925.5802797851848,stop,0,-29.895413993324386,-1.6800000000000002,-0.6128359448827093,0.0,-29.895413993324386,-41.97320321983065,-1.0830660071265192,1.5921903098855537,0.4087097474594936,break_dn
XAUUSD.a,15m,-1,0.06,2023-01-27 04:30:00,1928.3434881606352,2023-01-27 15:15:00,1933.2252687548082,1932.924540638164,1919.1109187236718,stop,43,-29.290683565038307,-1.44,-0.3643686998649208,0.0,-29.290683565038307,-41.20283526992686,-1.065646075463961,1.178006989842628,1.8867909073370186,break_dn
XAUUSD.a,15m,1,0.1,2023-01-27 15:30:00,1932.794050738875,2023-01-27 15:45:00,1929.6692706779525,1929.7410627785282,1938.0478744429436,stop,1,-31.247800609226033,-2.4,-0.7179210057582595,0.0,-31.247800609226033,-43.95588714038182,-1.0235153565976043,1.4228849885085948,0.7192787163417004,break_up
XAUUSD.a,15m,1,0.06,2023-01-30 06:45:00,1933.6017476079896,2023-01-30 09:15:00,1928.5699987828648,1928.6327252871101,1942.6345494257796,stop,10,-30.190492950749103,-1.44,-0.37635902547168687,0.0,-30.190492950749103,-42.629294913583685,-1.0126235102591057,1.3627927529194774,0.1606457649941016,break_up
XAUUSD.a,15m,-1,0.09,2023-01-30 10:15:00,1923.4446578389604,2023-01-30 12:00:00,1927.0886462355197,1926.78594943383,1917.4081011323403,stop,7,-32.79589556903352,-2.16,-0.564271215208717,0.0,-32.79589556903352,-46.25524748107743,-1.0905927522621932,1.0461050949299489,0.8453790274688238,break_dn
XAUUSD.a,15m,-1,0.07,2023-01-30 19:30:00,1922.6222525509384,2023-01-31 03:30:00,1926.6758597950338,1926.3881740647723,1915.2336518704556,stop,28,-28.37525070866832,-1.6800000000000002,-0.33380011182993213,2.1161000000000003,-26.259150708668322,-37.21534964380431,-0.9961193376747726,1.0535927088459462,0.49450115837450387,break_dn
XAUUSD.a,15m,-1,0.11,2023-01-31 05:45:00,1921.3475984846164,2023-01-31 08:00:00,1916.6659004186397,1923.8570497906803,1916.4259004186397,target,9,51.498678725743275,-2.6399999999999997,-0.0,0.0,51.498678725743275,73.22850542579313,1.865626184761413,0.22411334064331542,3.728942044822376,break_dn
XAUUSD.a,15m,-1,0.03,2023-01-31 10:15:00,1908.052653870505,2023-01-31 15:30:00,1916.466492807091,1916.1321670115044,1892.1556659769915,stop,21,-25.241516809757968,-0.72,-0.28297738675986006,0.0,-25.241516809757968,-35.925359459384254,-1.0413794482108254,1.0950345615009067,0.9149875421318556,break_dn
XAUUSD.a,15m,1,0.07,2023-01-31 20:15:00,1930.6270841941764,2023-02-01 03:00:00,1926.3838418050505,1926.4266258419245,1938.1367483161507,stop,23,-29.702696723881676,-1.6800000000000002,-0.29948825811858454,-17.413200000000003,-47.115896723881676,-66.82347637698088,-1.6024066481976995,1.0039581018379906,0.11734809977564313,break_up
XAUUSD.a,15m,-1,0.13,2023-02-01 12:15:00,1924.6264599965166,2023-02-01 12:45:00,1927.1664182724435,1926.877928012836,1919.8941439743278,stop,2,-33.0194575870496,-3.12,-0.6303733748979029,0.0,-33.0194575870496,-46.65676278002233,-1.1281342917227166,1.1563744119889943,0.4026084270112708,break_dn
XAUUSD.a,15m,1,0.11,2023-02-01 13:15:00,1927.8646012036518,2023-02-01 15:15:00,1932.1851948512267,1925.3074025743865,1932.1851948512267,target,8,47.526530123324164,-2.6399999999999997,-0.0,0.0,47.526530123324164,67.07481388072169,1.689580777233691,0.25207318519365646,2.078602238996009,break_up
XAUUSD.a,15m,1,0.03,2023-02-01 21:45:00,1939.2503652008495,2023-02-02 01:00:00,1954.5447994077174,1930.9876002961412,1954.5447994077174,target,9,45.88330262060367,-0.72,-0.0,-2.4876,43.39570262060367,60.716218181136476,1.750653004616561,0.5615995679854585,2.03438376778358,break_up
XAUUSD.a,15m,1,0.03,2023-02-02 09:15:00,1959.7285042669698,2023-02-02 15:15:00,1950.9354867937482,1951.0029829097696,1976.254034180461,stop,24,-26.37905241966496,-0.72,-0.20248834806423283,0.0,-26.37905241966496,-37.02842843860887,-1.0077354823005167,1.0083643036079766,0.0036096104451316716,break_up
XAUUSD.a,15m,-1,0.04,2023-02-02 19:45:00,1914.7969019426507,2023-02-03 15:30:00,1903.0115619936662,1920.964219003167,1902.7715619936662,target,75,47.141359795938115,-0.96,-0.0,1.2092,48.35055979593812,69.28999684141318,1.9599511149460116,0.6182750164996299,4.588202887088428,break_dn
XAUUSD.a,15m,-1,0.01,2023-02-03 15:45:00,1887.9632542759082,2023-02-06 17:00:00,1874.151855232231,1907.9505817246004,1848.308836550799,signal,97,13.811399043677284,-0.24,-0.12371046446204322,0.3023,14.113699043677284,20.572405864991303,0.7061323771228232,0.11941294954107991,1.3800371433707046,break_dn
XAUUSD.a,15m,-1,0.06,2023-02-06 17:45:00,1865.785368751745,2023-02-06 21:00:00,1870.628341857309,1870.3075530436872,1856.9648939126253,stop,13,-29.057838633383653,-1.44,-0.4847328817296975,0.0,-29.057838633383653,-42.23093381979109,-1.0709366962760152,1.181869402752635,0.6181456949301687,break_dn
XAUUSD.a,15m,1,0.1,2023-02-07 07:15:00,1874.6135777991362,2023-02-07 10:45:00,1871.8285109877197,1871.897638331133,1879.2247233377336,stop,14,-27.850668114165273,-2.4,-0.6912734341342561,0.0,-27.850668114165273,-40.17927767638824,-1.0254524610094424,1.0322681459456662,1.1290465921607373,break_up
XAUUSD.a,15m,1,0.07,2023-02-07 11:30:00,1876.3992983657627,2023-02-07 12:30:00,1872.4142733646445,1872.4841937867816,1883.511612426437,stop,4,-27.895175007827223,-1.6800000000000002,-0.48944295496045115,0.0,-27.895175007827223,-40.245228179168734,-1.017859145452329,1.0828059072858482,0.08702235850006786,break_up
XAUUSD.a,15m,-1,0.07,2023-02-07 15:30:00,1866.3747665658261,2023-02-07 16:00:00,1870.478996196788,1870.1594820357518,1859.0010359284965,stop,2,-28.729607416733874,-1.6800000000000002,-0.5565991272541254,0.0,-28.729607416733874,-41.65763915079006,-1.084422240872593,1.21679779385485,0.18357167701161417,break_dn
XAUUSD.a,15m,1,0.04,2023-02-07 20:00:00,1880.9263116759419,2023-02-07 20:00:00,1874.8941808899597,1875.0236484038724,1891.752703192255,stop,0,-24.12852314392876,-0.96,-0.5178700556511029,0.0,-24.12852314392876,-34.891001451729124,-1.0219337454882962,1.1632565436067221,0.30557194963042084,break_up
XAUUSD.a,15m,-1,0.05,2023-02-07 22:30:00,1868.4957216987673,2023-02-07 23:45:00,1874.6268096931299,1874.2796923117014,1857.090615376597,stop,5,-30.65543997181294,-1.2,-0.5355869071426856,0.0,-30.65543997181294,-44.05530002847341,-1.0600136834464955,1.6362943269574564,0.2205615802947693,break_dn
XAUUSD.a,15m,1,0.07,2023-02-08 03:45:00,1877.9404129859222,2023-02-08 09:00:00,1874.0036753014467,1874.0567732855131,1884.6564534289735,stop,21,-27.557163791328325,-1.6800000000000002,-0.3716858884642786,0.0,-27.557163791328325,-39.44401092311966,-1.013672221977964,1.2231858134063767,0.13378867612850812,break_up
XAUUSD.a,15m,1,0.08,2023-02-08 09:30:00,1879.9608886370995,2023-02-08 15:15:00,1876.2818841633643,1876.3644665021302,1886.4010669957397,stop,23,-29.43203578988141,-1.92,-0.6606587101273591,0.0,-29.43203578988141,-42.301994638785516,-1.0229623597193673,2.0522865114560753,1.7848603756731578,break_up
XAUUSD.a,15m,-1,0.04,2023-02-08 17:15:00,1871.8526966294648,2023-02-08 18:15:00,1877.9557506132007,1877.61384875333,1860.62230249334,stop,4,-24.41221593494356,-0.96,-0.4076074394821616,0.0,-24.41221593494356,-35.175596799676605,-1.0593460912886368,1.231924312696936,0.3441493275714316,break_dn
XAUUSD.a,15m,-1,0.13,2023-02-09 03:00:00,1874.306796502392,2023-02-09 03:45:00,1876.7319327348619,1876.4416801742323,1870.2566396515358,stop,3,-31.526771022108278,-3.12,-0.6532832881832349,0.0,-31.526771022108278,-45.43613504274328,-1.1359570849026162,1.2287336927107,1.0711574277116411,break_dn
XAUUSD.a,15m,1,0.12,2023-02-09 08:15:00,1880.9991955832352,2023-02-09 09:00:00,1878.7307266418281,1878.7779747265772,1884.6340505468456,stop,3,-27.221627296884435,-2.88,-0.5669770169895697,0.0,-27.221627296884435,-39.0840174257842,-1.0212712232587986,1.3322383383737904,0.2119574986672955,break_up
XAUUSD.a,15m,1,0.08,2023-02-09 10:15:00,1883.130996892702,2023-02-09 11:15:00,1879.916726978446,1879.9809365468209,1888.438126906358,stop,4,-25.71415931404772,-1.92,-0.5136765469988316,0.0,-25.71415931404772,-36.85666683013376,-1.0203835994630779,1.0320427343408707,0.7361773593735979,break_up
XAUUSD.a,15m,1,0.03,2023-02-09 16:00:00,1889.8354761515686,2023-02-09 16:30:00,1881.788124663276,1881.8786930531874,1904.8326138936252,stop,2,-24.1420544648779,-0.72,-0.2717051697343889,0.0,-24.1420544648779,-34.53749512149741,-1.0113825384947082,1.2436528719227897,0.04581296786958749,break_up
XAUUSD.a,15m,-1,0.08,2023-02-10 05:30:00,1857.7709828362354,2023-02-10 08:00:00,1861.5364012448965,1861.2301636149791,1850.9996727700416,stop,10,-30.123347269289297,-1.92,-0.5299010393393118,0.0,-30.123347269289297,-43.505700851082175,-1.0885289464485919,1.1213687320422265,1.4630582094276325,break_dn
XAUUSD.a,15m,1,0.05,2023-02-10 16:00:00,1867.2751021904412,2023-02-10 16:30:00,1861.7502295846336,1861.8387928768623,1877.2024142462756,stop,2,-27.624363029037795,-1.2,-0.44281646114317397,0.0,-27.624363029037795,-39.82636462189354,-1.0162910693855136,1.0089753680388331,0.22531790207360367,break_up
XAUUSD.a,15m,-1,0.04,2023-02-10 18:00:00,1859.8000654836987,2023-02-13 08:30:00,1866.0050035789682,1865.7071857801684,1848.165628439663,stop,54,-24.819752381077706,-0.96,-0.23127119519896172,1.2092,-23.610552381077706,-34.16718866196504,-0.9992412205989932,1.1545277857938707,0.5738947767365952,break_dn
XAUUSD.a,15m,-1,0.07,2023-02-13 19:00:00,1851.4565307543178,2023-02-13 20:30:00,1855.3112041851898,1855.0006516905842,1843.7786966188316,stop,6,-26.982714016104186,-1.6800000000000002,-0.4938674622400995,0.0,-26.982714016104186,-38.700430303353585,-1.0876246889398762,1.1098575123190075,0.28117854109334073,break_dn
XAUUSD.a,15m,1,0.07,2023-02-14 11:45:00,1863.2699914990642,2023-02-14 12:30:00,1859.5779592154827,1859.6382867246539,1869.6034265506923,stop,3,-25.844225985070583,-1.6800000000000002,-0.42229256419838657,0.0,-25.844225985070583,-37.110647441981854,-1.0166113472648661,1.1096693562374003,0.17347459115483782,break_up
XAUUSD.a,15m,-1,0.08,2023-02-15 08:15:00,1844.9630333603354,2023-02-15 09:30:00,1838.8696998776102,1848.185150061195,1838.6296998776102,target,5,48.74666786180205,-1.92,-0.0,0.0,48.74666786180205,70.6084589092993,1.8910964587657184,0.27837807346493915,3.054834530887707,break_dn
XAUUSD.a,15m,-1,0.04,2023-02-15 09:45:00,1837.6087163930376,2023-02-16 10:00:00,1843.3598082714682,1843.0583480672037,1826.9533038655927,stop,93,-23.004367513722173,-0.96,-0.24584081705791144,1.2092,-21.795167513722173,-31.487261465381145,-0.9998458986247598,1.040672828192589,1.3337995717205964,break_dn
XAUUSD.a,15m,1,0.08,2023-02-16 10:15:00,1842.521989650259,2023-02-16 10:30:00,1839.2830538970386,1839.3505823384708,1848.0788353230585,stop,1,-25.911486025763224,-1.92,-0.5402275314570109,0.0,-25.911486025763224,-37.43406582840438,-1.021292894539643,1.3722581877396876,0.7119900182319248,break_up
XAUUSD.a,15m,-1,0.03,2023-02-16 16:00:00,1830.8178808141765,2023-02-16 18:30:00,1838.7601415105753,1838.4189760387262,1815.7120479225473,stop,10,-23.826782089196286,-0.72,-0.3034964155469281,0.0,-23.826782089196286,-34.58771061606707,-1.0448837255382881,1.0895955044839005,0.42729116242179616,break_dn
XAUUSD.a,15m,-1,0.05,2023-02-17 04:00:00,1828.8621125375257,2023-02-17 10:00:00,1820.304097447815,1833.3329512760927,1820.064097447815,target,24,42.790075448554035,-1.2,-0.0,0.0,42.790075448554035,62.64009522412794,1.9141855902532336,0.38200605352669254,2.015754328104994,break_dn
XAUUSD.a,15m,1,0.05,2023-02-17 19:30:00,1842.273531754612,2023-02-20 20:45:00,1841.0355812702348,1837.2370080850014,1851.3459838299973,signal,97,-6.1897524218852595,-1.2,-0.24418729765211647,-4.146,-10.33575242188526,-14.954427290581291,-0.4104320003199611,0.9874929774720206,1.0317569391647559,break_up
XAUUSD.a,15m,-1,0.16,2023-02-21 02:15:00,1840.9576914096504,2023-02-21 02:15:00,1842.831461220984,1842.5579983354596,1837.8840033290808,stop,0,-29.980316981338547,-3.84,-0.5354061683896372,0.0,-29.980316981338547,-43.41952986522209,-1.17088152348407,1.0262460056023652,0.07354302337404285,break_dn
XAUUSD.a,15m,-1,0.05,2023-02-21 05:15:00,1838.6298139247622,2023-02-21 16:30:00,1843.6876930809362,1843.3792848746773,1829.3114302506456,stop,45,-25.289395780870336,-1.2,-0.34204103129423225,0.0,-25.289395780870336,-36.85372667386126,-1.0649352758467672,1.0864759737776704,1.7748953543789503,break_dn
XAUUSD.a,15m,-1,0.06,2023-02-21 19:00:00,1832.9817436381484,2023-02-21 20:00:00,1837.5753927449964,1837.2557069337129,1824.6385861325741,stop,4,-27.5618946410882,-1.44,-0.4781148677011493,0.0,-27.5618946410882,-40.21344729436992,-1.0747984456523767,1.0454596946325696,0.19928660572078374,break_dn
XAUUSD.a,15m,-1,0.06,2023-02-21 21:15:00,1832.3422011817636,2023-02-21 22:30:00,1836.4780571531305,1836.175851127499,1824.878297745002,stop,5,-24.81513582820162,-1.44,-0.3732361537893086,0.0,-24.81513582820162,-36.20216471887728,-1.078829843597906,1.0975959927997812,0.029267456171468673,break_dn
XAUUSD.a,15m,1,0.05,2023-02-22 10:00:00,1840.1206110827636,2023-02-22 10:30:00,1835.6250224223338,1835.6792969605,1848.1914060789995,stop,2,-22.477943302149015,-1.2,-0.27137269083122756,0.0,-22.477943302149015,-32.9864304508886,-1.0122203781746069,1.6257825688500351,0.23177575125261465,break_up
XAUUSD.a,15m,-1,0.09,2023-02-22 12:30:00,1833.0729404009492,2023-02-22 13:00:00,1836.0229537578155,1835.722044021288,1827.9759119574244,stop,2,-26.55012021179664,-2.16,-0.5481876287470174,0.0,-26.55012021179664,-38.93093670165788,-1.1135892662775562,1.7994991069624893,0.3181983499918147,break_dn
XAUUSD.a,15m,-1,0.05,2023-02-22 19:15:00,1831.7300742081122,2023-02-23 15:30:00,1823.0551041283647,1836.2624479358176,1822.8151041283647,target,77,43.37485039873741,-1.2,-0.0,1.5115,44.886350398737406,65.85921854410888,1.980699434574754,0.6067297087788952,3.168334093972104,break_dn
XAUUSD.a,15m,-1,0.03,2023-02-23 15:45:00,1819.8930236154415,2023-02-23 16:15:00,1827.4408083021924,1827.1100413966537,1805.6299172066927,stop,2,-22.643354060252705,-0.72,-0.27230071661619715,0.0,-22.643354060252705,-33.14114229297569,-1.045831521490738,1.4129071998552893,0.21796033529757378,break_dn
XAUUSD.a,15m,-1,0.1,2023-02-24 09:45:00,1822.3985940112993,2023-02-24 10:30:00,1825.201698454281,1824.9067549645715,1817.3564900708573,stop,3,-28.031044429817484,-2.4,-0.549434897095387,0.0,-28.031044429817484,-41.31447416256557,-1.1175935257762384,1.2803827380020878,1.083899343761236,break_dn
XAUUSD.a,15m,-1,0.04,2023-02-24 16:15:00,1811.9950937309964,2023-02-27 16:15:00,1817.5865075777438,1817.2819735314001,1801.6460529371996,stop,92,-22.3656553869896,-0.96,-0.2581361853748291,1.2092,-21.156455386989602,-31.463623960068418,-1.000422564239774,1.0488050567331098,1.0412746154311883,break_dn
XAUUSD.a,15m,1,0.09,2023-02-28 04:30:00,1819.2974316115326,2023-02-28 05:00:00,1816.459396042983,1816.5013052956538,1823.9973894086925,stop,2,-25.542320116947167,-2.16,-0.3771832740385816,0.0,-25.542320116947167,-37.92024721183403,-1.0149883259682695,1.025501457229871,0.040258692115666864,break_up
XAUUSD.a,15m,-1,0.08,2023-02-28 10:00:00,1810.5345359597497,2023-02-28 15:45:00,1813.817051384305,1813.5160144269319,1804.1979711461365,stop,23,-26.260123396441486,-1.92,-0.48829565898383864,0.0,-26.260123396441486,-38.95062726596581,-1.1009690194601978,1.212641338868172,1.9535730423217361,break_dn
XAUUSD.a,15m,1,0.05,2023-02-28 17:15:00,1822.9565953878948,2023-03-01 07:15:00,1832.2694902739256,1817.9452548630372,1832.2694902739256,target,52,46.56447443015395,-1.2,-0.0,-12.437999999999999,34.12647443015395,50.569726794727565,1.3619698865354497,0.36449237062105677,1.9083525784504403,break_up
XAUUSD.a,15m,1,0.07,2023-03-01 13:30:00,1838.062881451265,2023-03-01 13:45:00,1834.4827122128054,1834.5480542342102,1844.3038915315794,stop,1,-25.06118466921703,-1.6800000000000002,-0.4573941498337517,0.0,-25.06118466921703,-36.99887011030786,-1.0185903936010785,1.0449678531687696,0.12151907401381651,break_up
XAUUSD.a,15m,1,0.07,2023-03-01 14:30:00,1838.3843072451473,2023-03-01 15:30:00,1835.0198413569278,1835.0951760701457,1844.0196478597084,stop,4,-23.551261217536197,-1.6800000000000002,-0.5273429925253559,0.0,-23.551261217536197,-34.863383147360146,-1.0229041376611752,1.3755326268327506,0.9928739782934504,break_up
XAUUSD.a,15m,-1,0.04,2023-03-02 03:45:00,1831.3162113314315,2023-03-02 13:30:00,1836.9198253443985,1836.6208911722467,1820.7782176555063,stop,39,-22.414456051868,-0.96,-0.23573668860736827,0.0,-22.414456051868,-33.28648913224034,-1.0563529149962545,1.054500711905155,0.2669739501590363,break_dn
XAUUSD.a,15m,1,0.09,2023-03-03 02:15:00,1839.3713488355718,2023-03-03 08:45:00,1843.961276204584,1836.6693618977079,1843.961276204584,target,26,41.30934632111007,-2.16,-0.0,0.0,41.30934632111007,61.11663730542538,1.6987230044275625,0.5778521034621181,1.8351869488859376,break_up
XAUUSD.a,15m,1,0.07,2023-03-03 10:45:00,1845.760293280697,2023-03-03 16:45:00,1842.4328521805571,1842.494261629734,1851.511476740532,stop,24,-23.292087700978758,-1.6800000000000002,-0.42986614423813874,0.0,-23.292087700978758,-34.497597234779995,-1.0188024660320512,1.200323113690931,1.0501143546149856,break_up
XAUUSD.a,15m,1,0.05,2023-03-03 21:00:00,1850.3791133495586,2023-03-06 21:00:00,1845.8295623930667,1845.885127331459,1858.4697453370818,stop,92,-22.747754782459424,-1.2,-0.2778246919618759,-4.146,-26.893754782459425,-40.01451388552213,-1.1968775458643859,1.0367440688052676,1.7469762074964015,break_up
XAUUSD.a,15m,-1,0.11,2023-03-07 02:15:00,1844.935527078049,2023-03-07 03:30:00,1847.4287949372654,1847.150098469806,1840.6698030603882,stop,5,-27.425946451379332,-2.6399999999999997,-0.4256611420542137,0.0,-27.425946451379332,-40.710039411865,-1.125846684598569,1.2889505086970312,0.41341050528191614,break_dn
XAUUSD.a,15m,-1,0.1,2023-03-07 11:15:00,1845.8471696648737,2023-03-07 13:45:00,1841.3753538299004,1848.25232308505,1841.1353538299004,target,10,44.71815834973313,-2.4,-0.0,0.0,44.71815834973313,67.11616490024184,1.859264277056231,0.30469172110962806,2.0610617282411696,break_dn
XAUUSD.a,15m,-1,0.06,2023-03-07 21:30:00,1813.8868000164837,2023-03-08 16:30:00,1817.8642629299663,1817.5672998117207,1806.565400376559,stop,72,-23.86477748089601,-1.44,-0.3417787094747331,5.4414,-18.423377480896008,-27.856385201772092,-0.8342787893797337,1.0740932491375672,1.2326586792247458,break_dn
XAUUSD.a,15m,1,0.09,2023-03-09 10:45:00,1818.781956255717,2023-03-09 15:15:00,1816.1123008407135,1816.1571363766861,1823.4857272466274,stop,18,-24.02689873503141,-2.16,-0.40351982375314166,0.0,-24.02689873503141,-36.25114853125637,-1.0170813762615996,1.2846429130832104,0.5897714188504751,break_up
XAUUSD.a,15m,1,0.06,2023-03-10 01:15:00,1831.6630257660536,2023-03-10 04:30:00,1827.9729616783188,1828.0259630244725,1837.9680739510547,stop,13,-22.140384526408525,-1.44,-0.3180080769222092,0.0,-22.140384526408525,-33.670003994112456,-1.014572568558616,1.00163951652644,0.8707505091236413,break_up
XAUUSD.a,15m,1,0.06,2023-03-10 08:00:00,1831.2512616020126,2023-03-10 15:30:00,1838.1850956013495,1827.4074521993252,1838.1850956013495,target,30,41.60300399602147,-1.44,-0.0,0.0,41.60300399602147,62.93949167325487,1.8038964144499852,0.2917058273567321,3.3999444376327195,break_up
XAUUSD.a,15m,1,0.02,2023-03-10 15:45:00,1844.1362446208534,2023-03-10 17:00:00,1861.815548028257,1834.9272259858717,1861.815548028257,target,5,35.35860681480699,-0.48,-0.0,0.0,35.35860681480699,53.329623261450614,1.919781478152978,0.4545809696758938,1.9354674027306977,break_up
XAUUSD.a,15m,1,0.04,2023-03-10 22:15:00,1865.591478558503,2023-03-13 01:00:00,1875.1996567276724,1860.3651716361637,1875.1996567276724,target,7,38.43271267667751,-0.96,-0.0,-3.3168,35.11591267667751,52.973167410887775,1.6797670514995156,0.22032356224260127,5.4892530935890775,break_up
XAUUSD.a,15m,1,0.05,2023-03-13 09:15:00,1882.0740164905112,2023-03-13 09:30:00,1877.1725379815625,1877.2669966647748,1890.7760066704504,stop,1,-24.507392544743425,-1.2,-0.47229341606104214,0.0,-24.507392544743425,-36.79678169535964,-1.0196501546980312,1.0617839483799556,0.05117172768286596,break_up
XAUUSD.a,15m,1,0.03,2023-03-13 12:30:00,1889.6130893403533,2023-03-13 13:30:00,1882.7008336706376,1882.8144664740203,1902.2110670519594,stop,4,-20.736767009147115,-0.72,-0.3408984101481186,0.0,-20.736767009147115,-31.28000574583992,-1.0167140913118384,1.131565832023072,0.6055506740980925,break_up
XAUUSD.a,15m,1,0.03,2023-03-13 15:30:00,1898.0452721300444,2023-03-13 17:45:00,1912.8931649019175,1890.343417549041,1912.8931649019175,target,9,44.543678315619445,-0.72,-0.0,0.0,44.543678315619445,66.52877843835984,1.9278334348840587,0.5849593864257993,1.930019284786245,break_up
XAUUSD.a,15m,1,0.04,2023-03-13 22:45:00,1914.6437666648105,2023-03-14 04:30:00,1909.195130995125,1909.2679488178906,1924.6941023642191,stop,19,-21.79454267874189,-0.96,-0.291271291061653,-3.3168,-25.11134267874189,-37.77846047651857,-1.1677917385691006,1.7418310909056272,0.0,break_up
XAUUSD.a,15m,1,0.06,2023-03-14 09:00:00,1904.2568880503838,2023-03-14 09:00:00,1910.816405425942,1900.6667972870289,1910.816405425942,target,0,39.35710425334946,-1.44,-0.0,0.0,39.35710425334946,59.09031492132642,1.8271174206827931,0.15511809786763964,1.8782566776430645,break_up
XAUUSD.a,15m,-1,0.03,2023-03-14 16:45:00,1898.5854788051004,2023-03-14 17:00:00,1907.0561033031454,1906.683784495964,1882.5824310080725,stop,1,-25.41187349413508,-0.72,-0.3969564215447873,0.0,-25.41187349413508,-38.09019484993642,-1.0459749015897917,1.0328729877826788,0.39582091951859305,break_dn
XAUUSD.a,15m,-1,0.08,2023-03-15 07:45:00,1901.4414853681822,2023-03-15 11:00:00,1895.7169045659634,1904.4665477170183,1895.4769045659634,target,13,45.7966464177498,-1.92,-0.0,0.0,45.7966464177498,68.61948818961612,1.892384401406184,0.3333863952278183,4.126025823231083,break_dn
XAUUSD.a,15m,1,0.02,2023-03-15 15:15:00,1925.693368058932,2023-03-15 21:30:00,1913.0031129702224,1913.179788855427,1949.7504222891457,stop,25,-25.380510177419183,-0.48,-0.35335177040915267,0.0,-25.380510177419183,-38.32466617956842,-1.0141187331243362,1.3268280632516,0.9275229534501922,break_up
XAUUSD.a,15m,1,0.03,2023-03-15 23:30:00,1918.2247848414813,2023-03-16 04:00:00,1910.6860837655877,1910.8017952489176,1932.066409502165,stop,14,-22.616103227680924,-0.72,-0.34713444998995235,-2.4876,-25.103703227680924,-37.84611000539857,-1.1272952725511791,1.4448066655280463,0.8305568910799852,break_up
XAUUSD.a,15m,1,0.05,2023-03-16 13:00:00,1922.11018930054,2023-03-16 15:15:00,1930.074386212017,1917.6478068939914,1930.074386212017,target,9,39.82098455738537,-1.2,-0.0,0.0,39.82098455738537,59.92082664828664,1.784741016321124,0.7798949044422269,2.1266242636519577,break_up
XAUUSD.a,15m,1,0.05,2023-03-16 15:30:00,1929.746490979012,2023-03-16 15:30:00,1924.6874031231457,1924.7871395916636,1938.2057208166727,stop,0,-25.29543927933105,-1.2,-0.49868234258970057,0.0,-25.29543927933105,-38.063439387460946,-1.0201107888366892,1.0921772941578387,0.42011724079547946,break_up
XAUUSD.a,15m,1,0.08,2023-03-17 05:00:00,1922.9975395768256,2023-03-17 05:30:00,1927.8942621196652,1920.1778689401674,1927.8942621196652,target,2,39.17378034271678,-1.92,-0.0,0.0,39.17378034271678,58.4988879903185,1.736629264133864,0.30412756925462575,2.0613969403402077,break_up
XAUUSD.a,15m,1,0.04,2023-03-17 15:45:00,1944.5965045507644,2023-03-17 17:30:00,1955.7195010713367,1938.5752494643316,1955.7195010713367,target,7,44.49198608228926,-0.96,-0.0,0.0,44.49198608228926,66.51913118184561,1.847288706574622,0.23358992943738585,2.8936650580531813,break_up
XAUUSD.a,15m,1,0.03,2023-03-17 20:30:00,1968.8698393694951,2023-03-17 21:30:00,1981.7301441576847,1961.9149279211576,1981.7301441576847,target,4,38.58091436456857,-0.72,-0.0,0.0,38.58091436456857,57.48050411884471,1.849096840947364,0.1265061929300979,1.8893354326812997,break_up
XAUUSD.a,15m,1,0.05,2023-03-20 08:45:00,1977.353085649055,2023-03-20 08:45:00,1986.4942306125092,1972.3878846937453,1986.4942306125092,target,0,45.7057248172714,-1.2,-0.0,0.0,45.7057248172714,68.31538445723933,1.8410422953131291,0.06507000461068407,2.279245986779861,break_up
XAUUSD.a,15m,1,0.01,2023-03-20 09:00:00,1988.4520366741226,2023-03-20 13:30:00,1974.1019963917117,1974.2821268136627,2015.825746372675,stop,18,-14.350040282410873,-0.24,-0.18013042195082998,0.0,-14.350040282410873,-21.4298049406551,-1.0127121783924382,1.0297903668985704,1.502335832444485,break_up
XAUUSD.a,15m,1,0.06,2023-03-21 05:45:00,1982.2372883842893,2023-03-21 09:15:00,1978.1466233910485,1978.2110650217928,1989.4278699564145,stop,14,-24.543989959444843,-1.44,-0.3866497844659263,0.0,-24.543989959444843,-36.72270925765283,-1.0160054783210992,1.355436073200249,0.7209514610513269,break_up
XAUUSD.a,15m,-1,0.06,2023-03-21 15:30:00,1963.5883453773893,2023-03-21 16:30:00,1955.6517825222572,1967.7091087388712,1955.4117825222572,target,4,47.619377130792145,-1.44,-0.0,0.0,47.619377130792145,71.30143612552352,1.9259933558227296,0.7308487186528343,2.067176547193386,break_dn
XAUUSD.a,15m,-1,0.03,2023-03-21 19:30:00,1943.4815681154582,2023-03-22 17:45:00,1950.5921338091423,1950.2570339989445,1930.1959320021108,stop,85,-21.331697081052198,-0.72,-0.285299430593193,2.7207,-18.610997081052197,-27.84201822283222,-0.9156072512746541,1.1908305677114794,1.3772585200674992,break_dn
XAUUSD.a,15m,1,0.03,2023-03-22 18:00:00,1950.943571311075,2023-03-22 21:30:00,1966.6837039789593,1942.6931480105204,1966.6837039789593,target,14,47.220398003653145,-0.72,-0.0,0.0,47.220398003653145,70.19011223136849,1.9077969813774829,0.728880336439307,3.0139579247108044,break_up
XAUUSD.a,15m,1,0.04,2023-03-23 03:15:00,1971.782049332714,2023-03-23 09:15:00,1982.8366613626442,1965.816669318678,1982.8366613626442,target,24,44.21844811972096,-0.96,-0.0,0.0,44.21844811972096,65.64204106070241,1.8531278818649528,0.9290354209914461,1.9693549513432362,break_up
XAUUSD.a,15m,1,0.04,2023-03-23 09:30:00,1982.5490773931936,2023-03-23 10:00:00,1976.9937080018833,1977.0819055486922,1992.5861889026155,stop,2,-22.221477565241003,-0.96,-0.3527901872355667,0.0,-22.221477565241003,-32.98766023668929,-1.0161322068004224,1.0351014297977774,0.0,break_up
XAUUSD.a,15m,1,0.03,2023-03-23 17:00:00,1984.4731673627848,2023-03-23 20:45:00,1999.05254054696,1976.45872972652,1999.05254054696,target,15,43.73811955252563,-0.72,-0.0,0.0,43.73811955252563,65.24279830028138,1.8191386402714655,0.8538549644231825,1.9011730240771438,break_up
XAUUSD.a,15m,1,0.03,2023-03-23 21:00:00,1999.9025051364013,2023-03-23 22:00:00,1991.0659308756053,1991.2152562114325,2016.3094875771349,stop,4,-26.509722782387826,-0.72,-0.44797600748137933,0.0,-26.509722782387826,-39.656717900891316,-1.0171890246402349,1.3724143557270132,0.38648539861090603,break_up
XAUUSD.a,15m,1,0.04,2023-03-24 03:30:00,1993.71841997722,2023-03-24 09:15:00,1988.274956464243,1988.3427704573828,2003.3044590852342,stop,23,-21.77385405190853,-0.96,-0.2712559725597413,0.0,-21.77385405190853,-32.56146859863695,-1.0126150324513643,1.3855851185487245,0.19189867549460313,break_up
XAUUSD.a,15m,-1,0.04,2023-03-24 11:45:00,1983.6293311012696,2023-03-24 12:15:00,1990.2376916553087,1989.907848972512,1971.0443020549756,stop,2,-26.433442216156436,-0.96,-0.35937073118684404,0.0,-26.433442216156436,-39.78663147017736,-1.0525351188864864,1.0274190551047686,0.07793735899212557,break_dn
XAUUSD.a,15m,1,0.05,2023-03-24 13:15:00,1999.478981210318,2023-03-24 13:45:00,1994.538555520324,1994.64200213673,2008.40599572654,stop,2,-24.702128449969223,-1.2,-0.517233082030098,0.0,-24.702128449969223,-37.219937997181205,-1.021386616487734,1.4262995777653125,0.14699645767844088,break_up
XAUUSD.a,15m,-1,0.03,2023-03-24 19:45:00,1984.0796720109774,2023-03-27 01:00:00,1970.0206880665198,1991.3646559667402,1969.7806880665198,target,17,42.17695183337287,-0.72,-0.0,0.9068999999999999,43.08385183337287,64.77118906952037,1.9713542310683048,0.44067742750249994,2.032903860997846,break_dn
XAUUSD.a,15m,-1,0.07,2023-03-27 08:15:00,1972.5477712389365,2023-03-27 10:15:00,1966.332438870334,1975.8387805648329,1966.092438870334,target,8,43.50732658021753,-1.6800000000000002,-0.0,0.0,43.50732658021753,65.5181486035954,1.8885793849611008,0.4078471460113514,1.9804779000926866,break_dn
XAUUSD.a,15m,-1,0.06,2023-03-27 10:30:00,1967.3747638455382,2023-03-27 10:30:00,1971.5292914219553,1971.2064371902627,1959.757125619475,stop,0,-24.92716545850317,-1.44,-0.4971253901564067,0.0,-24.92716545850317,-37.53808517205507,-1.0842593307535338,1.1653488574670654,0.3901073267626108,break_dn
XAUUSD.a,15m,-1,0.04,2023-03-27 12:30:00,1963.2674932704697,2023-03-27 13:00:00,1952.867543141755,1968.7712284291226,1952.627543141755,target,2,41.59980051485854,-0.96,-0.0,0.0,41.59980051485854,62.68050945464462,1.8896167473400112,0.1803333010982353,2.0545126072594657,break_dn
XAUUSD.a,15m,-1,0.05,2023-03-28 01:15:00,1956.5090922353436,2023-03-28 04:00:00,1961.2032437646267,1960.9114950199612,1947.8270099600775,stop,11,-23.47075764641545,-1.2,-0.2587437233279162,0.0,-23.47075764641545,-35.13691674363821,-1.0662703434780842,1.0587190660841208,0.0,break_dn
XAUUSD.a,15m,-1,0.06,2023-03-28 10:45:00,1952.0504498058806,2023-03-28 13:15:00,1956.3811325093345,1956.0657268215166,1944.1685463569665,stop,10,-25.984096220723586,-1.44,-0.45243412690800155,0.0,-25.984096220723586,-38.928651376406165,-1.0785514141588983,1.2501130493793022,0.7348060406271476,break_dn
XAUUSD.a,15m,1,0.04,2023-03-28 18:00:00,1969.4265844543645,2023-03-29 08:45:00,1963.1640437174938,1963.215158857755,1980.83968228449,stop,55,-25.05016294748293,-0.96,-0.20446056104467908,-9.9504,-35.00056294748293,-52.34511769607857,-1.4087169846559582,1.0346392071205563,0.9359229141871467,break_up
XAUUSD.a,15m,-1,0.06,2023-03-29 22:45:00,1962.0679737911971,2023-03-30 09:00:00,1966.467900470607,1966.1674221349842,1953.6651557300315,stop,37,-26.399560076459238,-1.44,-0.36287001373687167,1.8137999999999999,-24.585760076459238,-36.653587089956524,-0.999555631825437,1.34213819699457,1.6631442134232621,break_dn
XAUUSD.a,15m,1,0.07,2023-03-30 10:00:00,1968.9132011929705,2023-03-30 11:00:00,1965.5034603802349,1965.5726179111762,1974.8647641776479,stop,4,-23.868185689149644,-1.6800000000000002,-0.4841027165887357,0.0,-23.868185689149644,-35.5668261446469,-1.020702232247347,1.0277250717504638,0.7743554310192247,break_up
XAUUSD.a,15m,1,0.05,2023-03-30 15:30:00,1973.7215333289882,2023-03-30 15:30:00,1968.771301639095,1968.8486016325771,1982.7427967348458,stop,0,-24.75115844946572,-1.2,-0.38649996741055986,0.0,-24.75115844946572,-36.95526524346889,-1.0158631391322313,1.2275019847689632,0.31776900795719637,break_up
XAUUSD.a,15m,1,0.07,2023-03-31 10:00:00,1984.3738232374953,2023-03-31 10:15:00,1980.6946029833873,1980.7531782070419,1990.9436435859166,stop,1,-25.754541778756224,-1.6800000000000002,-0.4100265655810235,0.0,-25.754541778756224,-38.55470326161111,-1.0161781183081642,1.8819362793601344,0.0,break_up
XAUUSD.a,15m,-1,0.06,2023-03-31 18:15:00,1976.7064783384371,2023-03-31 18:30:00,1981.2977058172692,1980.962029217235,1967.96594156553,stop,1,-27.547364872992148,-1.44,-0.5740596002040964,0.0,-27.547364872992148,-41.09461597546341,-1.0788797054939367,1.015972264155859,0.35400313175496834,break_dn
XAUUSD.a,15m,-1,0.05,2023-03-31 19:45:00,1975.859808295209,2023-04-03 01:00:00,1966.8381313677316,1980.5809343161343,1966.5981313677316,target,17,45.10838463738651,-1.2,-0.0,1.5115,46.619884637386505,69.7944257700858,1.9749476896297302,0.362242333123696,3.2237665819023764,break_dn
XAUUSD.a,15m,-1,0.05,2023-04-03 02:45:00,1957.962564246078,2023-04-03 03:30:00,1963.2100402711303,1962.880917885179,1948.5081642296416,stop,3,-26.237380125261325,-1.2,-0.44561192975595126,0.0,-26.237380125261325,-39.355283082230336,-1.066917186136168,1.1462038250165867,0.26077105067873974,break_dn
XAUUSD.a,15m,-1,0.03,2023-04-03 06:00:00,1952.5211328919277,2023-04-03 10:15:00,1959.9882126120606,1959.668304191271,1938.3133916174577,stop,17,-22.401239160398745,-0.72,-0.23972526236813024,0.0,-22.401239160398745,-33.45515787332359,-1.0447601445929913,1.0869848759307035,0.39611935594543407,break_dn
XAUUSD.a,15m,1,0.04,2023-04-03 13:15:00,1970.4111704355626,2023-04-03 17:00:00,1982.1134472436474,1964.1232763781761,1982.1134472436474,target,15,46.80910723233956,-0.96,-0.0,0.0,46.80910723233956,69.02267459831539,1.8610804668914758,0.24987228175655551,2.4473741802885534,break_up
XAUUSD.a,15m,1,0.03,2023-04-03 17:15:00,1983.3764979623186,2023-04-04 17:00:00,1995.6376546242507,1976.7261726878746,1995.6376546242507,target,91,36.78346998579627,-0.72,-0.0,-2.4876,34.29586998579627,50.81095453989996,1.7190071447878061,0.9798765764676877,4.973215695896436,break_up
XAUUSD.a,15m,1,0.06,2023-04-05 02:15:00,2022.1898603413872,2023-04-05 15:15:00,2029.1634213801583,2018.0582893099208,2029.1634213801583,target,52,41.84136623262657,-1.44,-0.0,0.0,41.84136623262657,62.35394279335733,1.687871510778809,0.6752541152359041,1.7790181029524916,break_up
XAUUSD.a,15m,1,0.06,2023-04-05 15:45:00,2030.2376234805142,2023-04-05 16:15:00,2026.2919931656268,2026.3753026161896,2036.919394767621,stop,2,-23.6737818893248,-1.44,-0.49985670337766436,0.0,-23.6737818893248,-35.331366150772034,-1.0215697901570986,1.69784533985394,0.4666563402678126,break_up
XAUUSD.a,15m,-1,0.09,2023-04-06 03:30:00,2019.0292846361363,2023-04-06 04:00:00,2013.9390698907857,2021.680465054607,2013.6990698907857,target,2,45.8119327081547,-2.16,-0.0,0.0,45.8119327081547,68.3515348355137,1.9199805150516482,0.04553268537396008,2.2477853995215837,break_dn
XAUUSD.a,15m,1,0.08,2023-04-06 13:30:00,2019.690046035159,2023-04-06 15:15:00,2016.5681967493035,2016.6250382236778,2024.9799235526445,stop,7,-24.974794286843462,-1.92,-0.45473179499421723,0.0,-24.974794286843462,-37.441224344632204,-1.0185452951086789,1.4290488979349236,0.3947637458895889,break_up
XAUUSD.a,15m,-1,0.06,2023-04-06 16:15:00,2009.4279595698042,2023-04-06 16:30:00,2013.6756166050357,2013.3431817201201,2001.8136365597597,stop,1,-25.485942211388647,-1.44,-0.5546093094936124,0.0,-25.485942211388647,-38.28960233678678,-1.0849083071540921,1.2137345590498394,1.1641637165943575,break_dn
XAUUSD.a,15m,-1,0.03,2023-04-06 16:45:00,2004.9121069760047,2023-04-06 18:00:00,2012.4929405083171,2012.145008984366,1990.7399820312678,stop,5,-22.74250059693736,-0.72,-0.3237945718532694,0.0,-22.74250059693736,-34.081884333554164,-1.0481040007937104,1.1071480043194388,0.5671453824844579,break_dn
XAUUSD.a,15m,-1,0.05,2023-04-10 05:30:00,1993.8995377801941,2023-04-10 11:30:00,1998.9874244010643,1998.6919400408262,1984.4661199183477,stop,24,-25.43943310435111,-1.2,-0.2774218011900005,0.0,-25.43943310435111,-38.149230856503976,-1.0616568360017282,1.131053264107854,1.0599147366907797,break_dn
XAUUSD.a,15m,-1,0.13,2023-04-11 04:00:00,1993.160553817669,2023-04-11 04:30:00,1989.644052159229,1995.0079739203857,1989.404052159229,target,2,45.71452155972156,-3.12,-0.0,0.0,45.71452155972156,68.69302552964216,1.9034661652047755,0.10254634668759843,2.398238392639605,break_dn
XAUUSD.a,15m,1,0.09,2023-04-11 07:15:00,1998.2132042004805,2023-04-11 10:30:00,2003.1275273016547,1995.4212363491727,2003.1275273016547,target,13,44.22890791056784,-2.16,-0.0,0.0,44.22890791056784,66.35895622056358,1.7601646447584207,0.30559241578692853,1.8864099015511162,break_up
XAUUSD.a,15m,1,0.06,2023-04-11 10:45:00,2003.598802302465,2023-04-11 14:30:00,1999.3541876468812,1999.4158921767935,2011.2182156464128,stop,15,-25.467687933502475,-1.44,-0.3702271794733031,0.0,-25.467687933502475,-38.27137716357724,-1.0147515791777553,1.0277061120874356,0.9183074897930045,break_up
XAUUSD.a,15m,1,0.05,2023-04-11 18:15:00,2004.7231018990963,2023-04-12 04:45:00,2014.1406184988607,1999.6046907505697,2014.1406184988607,target,38,47.0875829988222,-1.2,-0.0,-12.437999999999999,34.6495829988222,52.0029761351076,1.3539194876440075,0.733255260311914,2.007829735182993,break_up
XAUUSD.a,15m,1,0.08,2023-04-12 08:00:00,2020.5893427474073,2023-04-12 09:00:00,2017.3307934051422,2017.3891543618545,2026.2116912762908,stop,4,-26.068394738120332,-1.92,-0.4668876536973844,0.0,-26.068394738120332,-39.175850948454105,-1.0182367253677063,1.1153539471366876,0.05020243599345985,break_up
XAUUSD.a,15m,1,0.07,2023-04-12 14:30:00,2010.1599908176338,2023-04-12 15:15:00,2006.701780042489,2006.7593405889581,2015.9413188220835,stop,3,-24.207475426013847,-1.6800000000000002,-0.4029238252847872,0.0,-24.207475426013847,-36.097695271489904,-1.0169263354354419,1.1585992538750896,0.014705770662487159,break_up
XAUUSD.a,15m,-1,0.08,2023-04-12 15:30:00,2007.2745387093285,2023-04-12 15:30:00,2010.5126164632861,2010.174424527279,2001.701150945442,stop,0,-25.904622031661347,-1.92,-0.7855354880573271,0.0,-25.904622031661347,-38.62844579064038,-1.116622500759781,7.222857245281158,0.0,break_dn
XAUUSD.a,15m,1,0.01,2023-04-12 15:45:00,2022.838442627052,2023-04-12 16:45:00,2005.1783071420175,2005.3176762071687,2055.904647585663,stop,4,-17.660135485034516,-0.24,-0.13936906515125552,0.0,-17.660135485034516,-26.367856373976522,-1.0079545073435272,1.2258848792526247,0.11709290129111505,break_up
XAUUSD.a,15m,-1,0.03,2023-04-12 18:00:00,2006.8660020008936,2023-04-12 21:00:00,2013.6833380086557,2013.3399009026248,1994.1701981947506,stop,12,-20.452008023286453,-0.72,-0.31031131809260104,0.0,-20.452008023286453,-30.534044017387696,-1.0530495009644176,1.2378935971588136,0.26352002507133165,break_dn
XAUUSD.a,15m,1,0.08,2023-04-13 02:00:00,2015.3601470975987,2023-04-13 09:15:00,2020.7037258952478,2012.268137052376,2020.7037258952478,target,29,42.748630381192925,-1.92,-0.0,0.0,42.748630381192925,63.67941842247684,1.7281893394574444,0.10354012209415023,2.0212912671670193,break_up
XAUUSD.a,15m,1,0.08,2023-04-13 09:30:00,2020.890628478255,2023-04-13 11:00:00,2026.2291352650657,2017.800432367467,2026.2291352650657,target,6,42.70805429448592,-1.92,-0.0,0.0,42.70805429448592,63.520568594461096,1.7275624573385227,0.2785028675851663,1.8022712223027928,break_up
XAUUSD.a,15m,1,0.02,2023-04-13 15:45:00,2037.5904637711724,2023-04-14 15:30:00,2026.8261884396682,2026.9359954480358,2057.9080091039286,stop,91,-21.528550663008446,-0.48,-0.21961401673532854,-1.6584,-23.186950663008446,-34.27537829533097,-1.0881326951180224,1.3769306291253236,1.0445886074539443,break_up
XAUUSD.a,15m,-1,0.01,2023-04-14 15:45:00,2022.9498385186296,2023-04-14 18:00:00,1994.4679111538671,2037.4310444230664,1994.2279111538671,target,9,28.48192736476244,-0.24,-0.0,0.0,28.48192736476244,42.50272692168931,1.9668201358863362,0.3480484646534999,2.017776607242153,break_dn
XAUUSD.a,15m,-1,0.03,2023-04-17 04:15:00,1997.0674364229474,2023-04-17 05:00:00,2005.9204088581682,2005.5988079951303,1979.8023840097394,stop,3,-26.55891730566259,-0.72,-0.2448025891139653,0.0,-26.55891730566259,-39.58876877139027,-1.037696267278585,1.070468388322221,0.02665883451718586,break_dn
XAUUSD.a,15m,-1,0.06,2023-04-17 15:45:00,1999.5945873592336,2023-04-17 15:45:00,2003.6300324172637,2003.306913456114,1991.946173087772,stop,0,-24.21267034818038,-1.44,-0.4987137668981011,0.0,-24.21267034818038,-36.17719093381004,-1.0870394875658242,1.1355178749810593,0.14130961169454564,break_dn
XAUUSD.a,15m,-1,0.05,2023-04-17 16:45:00,1996.6040194962275,2023-04-17 17:30:00,1986.92867253801,2001.6006637309952,1986.68867253801,target,3,48.3767347910873,-1.2,-0.0,0.0,48.3767347910873,72.30336400891866,1.9363689915912692,0.2873889827457885,2.1802671922136367,break_dn
XAUUSD.a,15m,1,0.05,2023-04-18 10:30:00,2002.3099990795145,2023-04-18 16:15:00,1997.7616072825833,1997.836269174016,2010.4174616519679,stop,23,-22.74195898465564,-1.2,-0.3733094571632181,0.0,-22.74195898465564,-33.80698526037705,-1.016688958209331,2.1525660428625017,0.7823451559254437,break_up
XAUUSD.a,15m,1,0.09,2023-04-18 23:30:00,2005.5950635064069,2023-04-19 04:30:00,2002.7649032359386,2002.8118111934712,2010.3363776130575,stop,16,-25.47144243421417,-2.16,-0.42217161779307805,-22.388399999999997,-47.859842434214166,-71.16176110952965,-1.9106281689780424,1.0006507471359296,0.9035963005956696,break_up
XAUUSD.a,15m,-1,0.09,2023-04-19 08:45:00,2001.7776122574228,2023-04-19 09:00:00,1996.6093156964644,2004.5153421517678,1996.3693156964644,target,1,46.51466904862582,-2.16,-0.0,0.0,46.51466904862582,69.25432747506264,1.887803676920071,0.10679933881757359,2.7349711426569803,break_dn
XAUUSD.a,15m,-1,0.03,2023-04-19 09:15:00,1994.341925875023,2023-04-19 11:30:00,1978.7612735988835,2002.1743632005582,1978.5212735988835,target,9,46.74195682841855,-0.72,-0.0,0.0,46.74195682841855,69.69961651668389,1.9892469774821717,0.14147245345513745,2.1796441089117007,break_dn
XAUUSD.a,15m,1,0.05,2023-04-19 20:00:00,1996.2614654228403,2023-04-20 05:45:00,1991.6059200965367,1991.6662674414654,2004.5474651170694,stop,35,-23.277726631517908,-1.2,-0.3017367246438174,-4.146,-27.42372663151791,-40.899192613968125,-1.1935819410902797,1.0274781286850314,0.5219654489058946,break_up
XAUUSD.a,15m,1,0.04,2023-04-20 09:15:00,1997.3764872488123,2023-04-20 15:30:00,2007.4944008945076,1991.902799552746,2007.4944008945076,target,25,40.47165458278141,-0.96,-0.0,0.0,40.47165458278141,59.96777931630549,1.848463815896324,0.9219538141423567,2.5473708997333575,break_up
XAUUSD.a,15m,1,0.1,2023-04-21 01:00:00,2004.2317381478533,2023-04-21 02:30:00,2001.7641521676562,2001.8202535771259,2010.4294928457484,stop,6,-24.675859801971,-2.4,-0.5610140946971958,0.0,-24.675859801971,-36.59532219367187,-1.0232642622518309,1.0249860927402497,0.3932274183536197,break_up
XAUUSD.a,15m,1,0.07,2023-04-21 03:00:00,2005.539673259185,2023-04-21 03:15:00,2002.0969701234508,2002.1569864487442,2011.5560271025115,stop,1,-24.098921950140042,-1.6800000000000002,-0.42011427705350013,0.0,-24.098921950140042,-35.74128963625314,-1.0177422057248025,1.149876851495461,0.0,break_up
XAUUSD.a,15m,-1,0.09,2023-04-21 08:15:00,1999.609089193478,2023-04-21 09:15:00,1994.0961175694936,2002.501941215253,1993.8561175694936,target,4,49.616744615859716,-2.16,-0.0,0.0,49.616744615859716,74.1888255145258,1.9057219596741153,0.12475951199902222,3.53253091293878,break_dn
XAUUSD.a,15m,-1,0.05,2023-04-21 10:15:00,1984.3541970936,2023-04-21 11:00:00,1989.1328291591162,1988.803904750209,1975.8621904995819,stop,3,-23.893160327580745,-1.2,-0.44462204453564136,0.0,-23.893160327580745,-35.723816706159624,-1.073920453722078,1.1699202078293518,0.33130201068611587,break_dn
XAUUSD.a,15m,-1,0.05,2023-04-21 15:15:00,1983.4547875705125,2023-04-21 15:15:00,1988.8520222278555,1988.5142035836245,1973.381592832751,stop,0,-26.98617328671503,-1.2,-0.4890932211554395,0.0,-26.98617328671503,-40.262847126766175,-1.0667702840318922,1.119736431004168,0.257892920275961,break_dn
XAUUSD.a,15m,-1,0.02,2023-04-21 17:00:00,1973.6472502931058,2023-04-21 17:15:00,1985.9517600393963,1985.5461229476507,1950.2177541046985,stop,1,-24.609019492580956,-0.48,-0.3312741834912616,0.0,-24.609019492580956,-36.81339679957659,-1.034090380116022,1.1583239948054906,0.17373497079290642,break_dn
XAUUSD.a,15m,-1,0.06,2023-04-24 05:00:00,1979.3389162060462,2023-04-24 11:45:00,1983.6209133802975,1983.3155137710473,1971.5089724579057,stop,27,-25.69198304550764,-1.44,-0.3923976555010599,0.0,-25.69198304550764,-38.41332333404249,-1.0767992245275209,1.4663499885616909,0.7315088234344047,break_dn
XAUUSD.a,15m,1,0.05,2023-04-25 01:15:00,1992.5367075221507,2023-04-25 03:45:00,2000.687393173688,1988.046303413156,2000.687393173688,target,10,40.75342825768644,-1.2,-0.0,0.0,40.75342825768644,60.86689307398468,1.8151341067969329,0.26204935983238586,1.8535731474984598,break_up
XAUUSD.a,15m,-1,0.03,2023-04-25 13:30:00,1983.77958138217,2023-04-25 15:45:00,1991.233492334825,1990.8903571269586,1969.8292857460824,stop,9,-22.361732857965535,-0.72,-0.30940562359923535,0.0,-22.361732857965535,-33.608977016556004,-1.048255664386256,1.506223652978994,1.087023646869293,break_dn
XAUUSD.a,15m,1,0.04,2023-04-25 20:30:00,1994.1707749808515,2023-04-26 16:15:00,2005.9167381648667,1987.8466309175665,2005.9167381648667,target,75,46.983852736060726,-0.96,-0.0,-9.9504,37.033452736060724,55.97813192263967,1.463970948695613,0.4318015139321466,2.387552349859839,break_up
XAUUSD.a,15m,1,0.02,2023-04-26 16:30:00,2008.5535836449149,2023-04-26 17:00:00,1998.273775526565,1998.389217638738,2027.761564722524,stop,2,-20.55961623669964,-0.48,-0.23088422434604394,0.0,-20.55961623669964,-31.115104178067135,-1.0113575319998178,1.0195996128648779,0.00555040570663869,break_up
XAUUSD.a,15m,-1,0.04,2023-04-26 19:15:00,1990.0778787657785,2023-04-27 05:15:00,1996.7189389721598,1996.4153515259613,1977.5892969480776,stop,36,-26.564240825525303,-0.96,-0.2543497847936337,1.2092,-25.355040825525304,-38.371961235415206,-1.0002031482023124,1.1900834164695937,1.0742261187379056,break_dn
XAUUSD.a,15m,1,0.07,2023-04-27 08:15:00,2002.1235588406294,2023-04-27 08:15:00,1998.4289847349683,1998.4943229959122,2008.5313540081754,stop,0,-25.862018739627732,-1.6800000000000002,-0.4573678266079515,0.0,-25.862018739627732,-39.013454125249254,-1.0180033108179027,1.2436664448797163,0.0,break_up
XAUUSD.a,15m,-1,0.03,2023-04-27 16:30:00,1979.385275954958,2023-04-27 17:00:00,1986.4690715097277,1986.0933585229004,1966.373282954199,stop,2,-21.251386664309166,-0.72,-0.4071389604819263,0.0,-21.251386664309166,-32.12799967391704,-1.0560089985509045,1.047202978480449,0.7804429808268768,break_dn
XAUUSD.a,15m,-1,0.06,2023-04-27 22:30:00,1989.1868365790885,2023-04-28 10:30:00,1982.0562469787615,1992.9518765106193,1981.8162469787615,target,44,42.78353760196251,-1.44,-0.0,1.8137999999999999,44.59733760196251,67.61885193007627,1.9741861269729284,0.6064114756900392,2.028354736727511,break_dn
XAUUSD.a,15m,-1,0.08,2023-04-28 15:30:00,1980.7968312911446,2023-04-28 15:30:00,1984.19997408396,1983.8802210206768,1974.849557958646,stop,0,-27.225142342522304,-1.92,-0.6380245062640342,0.0,-27.225142342522304,-41.33476405150278,-1.1037017994256597,2.164231347383989,1.484350566296707,break_dn
XAUUSD.a,15m,-1,0.06,2023-05-01 04:00:00,1983.8369430777623,2023-05-01 13:45:00,1988.3046760974141,1988.0083852582336,1975.743229483533,stop,39,-26.806398117911158,-1.44,-0.3377450350837519,0.0,-26.806398117911158,-40.365002436246286,-1.0710283941049497,1.1969617955182807,1.6246043417522809,break_dn
XAUUSD.a,15m,-1,0.07,2023-05-01 23:00:00,1979.7341721990122,2023-05-02 03:30:00,1983.5657840066438,1983.276569091647,1972.816861816706,stop,14,-26.821282653421125,-1.6800000000000002,-0.34450440497723167,2.1161000000000003,-24.705182653421126,-37.307735810059086,-0.9963061493672867,1.0150832642339105,0.006823684568599797,break_dn
XAUUSD.a,15m,-1,0.11,2023-05-02 11:00:00,1981.305568638864,2023-05-02 12:30:00,1983.870912789963,1983.5710625584722,1976.7278748830554,stop,6,-28.218785662088976,-2.6399999999999997,-0.6583525463989738,0.0,-28.218785662088976,-42.19505310060107,-1.1323553459559488,1.5336308480301817,1.2604618419624538,break_dn
XAUUSD.a,15m,1,0.06,2023-05-02 13:45:00,1987.9786344317113,2023-05-02 17:00:00,1994.682133790717,1984.2089331046416,1994.682133790717,target,13,40.22099615403431,-1.44,-0.0,0.0,40.22099615403431,60.37919379414885,1.7782574207852566,0.9493151104607432,3.019169048370129,break_up
XAUUSD.a,15m,1,0.01,2023-05-02 17:15:00,1999.455651846496,2023-05-03 18:30:00,2025.3228003710885,1984.9217537201519,2027.6364925596965,signal,97,25.867148524592494,-0.24,-0.13439925782332496,-2.4876,23.379548524592494,35.02921433647348,1.608622017393576,0.16139179083995395,1.8800426365983496,break_up
XAUUSD.a,15m,1,0.05,2023-05-03 20:30:00,2028.2174285185088,2023-05-03 20:45:00,2023.3696822581915,2023.4594434089715,2036.8411131820571,stop,1,-24.23873130158654,-1.2,-0.4488057538999238,0.0,-24.23873130158654,-36.31433817487908,-1.0188653702593886,1.2520906184778302,0.06149062570724997,break_up
XAUUSD.a,15m,1,0.02,2023-05-04 17:30:00,2055.071702624236,2023-05-04 18:15:00,2044.718079310825,2044.8741616716748,2074.5016766566505,stop,3,-20.70724662682187,-0.48,-0.31216472169924225,0.0,-20.70724662682187,-31.019304072775284,-1.0153058822294332,1.1435798766080891,0.4371933779431881,break_up
XAUUSD.a,15m,1,0.02,2023-05-04 21:45:00,2050.858493566473,2023-05-05 10:30:00,2040.8773387262029,2040.942141292458,2069.555717415084,stop,47,-19.96230968054033,-0.48,-0.12960513251020606,-1.6584,-21.62070968054033,-32.118710065424246,-1.0901543774919935,1.1081185160462264,0.20587272185525765,break_up
XAUUSD.a,15m,-1,0.08,2023-05-05 12:30:00,2038.839110350476,2023-05-05 15:30:00,2033.2008448618028,2041.8245775690984,2032.9608448618028,target,12,45.10612390938513,-1.92,-0.0,0.0,45.10612390938513,67.27036316498409,1.8885705572324685,0.3051079053362847,10.400084166659253,break_dn
XAUUSD.a,15m,1,0.1,2023-05-08 12:00:00,2022.7523598364412,2023-05-08 16:30:00,2020.1544242958662,2020.2219232963205,2027.026153407359,stop,18,-25.979355405750084,-2.4,-0.67499000454354,0.0,-25.979355405750084,-38.20212544040891,-1.0266748441954883,1.9373573526595607,1.658860080861222,break_up
XAUUSD.a,15m,1,0.07,2023-05-08 18:30:00,2027.2312992724108,2023-05-08 20:45:00,2023.499790393807,2023.564309734917,2033.721380530166,stop,9,-26.120562150226537,-1.6800000000000002,-0.4516353877708908,0.0,-26.120562150226537,-38.4844667986188,-1.0175946346315994,1.181159430133256,0.5750495620531326,break_up
XAUUSD.a,15m,-1,0.09,2023-05-08 23:00:00,2020.353148539185,2023-05-09 04:15:00,2023.32201375855,2023.0360548579636,2014.9478902840726,stop,17,-26.71978697428449,-2.16,-0.41363010527751914,2.7207,-23.999086974284488,-35.419347040578074,-0.993909180018975,1.5493837528801442,0.31426685802762105,break_dn
XAUUSD.a,15m,1,0.07,2023-05-09 19:30:00,2031.806494199771,2023-05-10 03:00:00,2037.9719156103858,2028.339042194807,2037.9719156103858,target,26,43.157949874304684,-1.6800000000000002,-0.0,-17.413200000000003,25.74474987430468,38.06424170075358,1.0606697382833006,0.7574709602355939,1.8352109246557398,break_up
XAUUSD.a,15m,1,0.1,2023-05-10 03:15:00,2037.7844558648378,2023-05-10 03:30:00,2035.4276158000496,2035.4652793260739,2041.5994413478522,stop,1,-23.5684006478823,-2.4,-0.376635260242607,0.0,-23.5684006478823,-34.84645619558261,-1.0162400427025546,1.217870143832661,0.0,break_up
XAUUSD.a,15m,-1,0.15,2023-05-10 08:15:00,2030.616645871412,2023-05-10 09:45:00,2032.591245466525,2032.3050217982027,2027.339956403595,stop,6,-29.618993926694657,-3.5999999999999996,-0.6933550248341671,0.0,-29.618993926694657,-43.769756061319136,-1.1695260301811394,1.3820110151791432,1.9170173064265632,break_dn
XAUUSD.a,15m,1,0.01,2023-05-10 15:45:00,2046.4576845397128,2023-05-10 18:00:00,2027.5550575913628,2027.6869863231661,2083.076027353668,stop,9,-18.902626948349962,-0.24,-0.1319287318033926,0.0,-18.902626948349962,-27.955435686809473,-1.0070284402999474,1.329608747196853,0.08802631853251017,break_up
XAUUSD.a,15m,-1,0.09,2023-05-11 10:00:00,2027.3987915852613,2023-05-11 10:00:00,2022.7041225,2029.92793875,2022.4641225,target,0,42.25202176735115,-2.16,-0.0,0.0,42.25202176735115,62.73220460462215,1.8562261424380608,0.39191409205371175,2.2176612193464806,break_dn
XAUUSD.a,15m,-1,0.06,2023-05-11 10:15:00,2024.888135043457,2023-05-11 13:30:00,2029.0809090567877,2028.768736526414,2017.1925269471724,stop,13,-25.156644079984744,-1.44,-0.4330351822425861,0.0,-25.156644079984744,-37.339909873515325,-1.080444367128347,1.077633190346679,0.8447492116503357,break_dn
XAUUSD.a,15m,-1,0.02,2023-05-11 17:00:00,2012.7339573784861,2023-05-12 18:15:00,2010.5559079607835,2023.6988442786133,1991.2423114427738,signal,97,4.3560988354051915,-0.48,-0.2636318431338372,0.6046,4.960698835405191,7.461380515011191,0.22620839050094002,0.8934011550452264,1.0829074195328534,break_dn
XAUUSD.a,15m,1,0.06,2023-05-12 21:45:00,2015.3554839273047,2023-05-12 22:45:00,2011.2175552833241,2011.280865452827,2022.648269094346,stop,4,-24.82757186388335,-1.44,-0.37986101701718217,0.0,-24.82757186388335,-37.35323072183693,-1.0155376926451671,1.1523738864670978,0.06000956266869679,break_up
XAUUSD.a,15m,1,0.09,2023-05-15 10:15:00,2018.1857791131756,2023-05-15 12:15:00,2015.4568033739633,2015.5129210552545,2022.7641578894911,stop,8,-24.560781652910464,-2.16,-0.5050591316206029,0.0,-24.560781652910464,-36.75828255221046,-1.0209953839953798,1.004834171876896,1.0005098770206569,break_up
XAUUSD.a,15m,1,0.06,2023-05-15 17:00:00,2021.0410932427403,2023-05-15 17:15:00,2017.1800271073632,2017.2627212668945,2027.6645574662111,stop,1,-23.16639681226252,-1.44,-0.49616495718672204,0.0,-23.16639681226252,-34.64652181599121,-1.021886188035448,1.7179603501815655,0.03676365327388129,break_up
XAUUSD.a,15m,-1,0.08,2023-05-16 09:00:00,2012.8493452619477,2023-05-16 09:15:00,2007.165336875752,2015.587331562124,2006.925336875752,target,1,45.472067089565826,-1.92,-0.0,0.0,45.472067089565826,68.13213330571287,2.0759813099976787,0.05502391960199061,2.837612906042481,break_dn
XAUUSD.a,15m,-1,0.04,2023-05-16 09:30:00,2006.5205242309648,2023-05-16 15:30:00,2012.091808744864,2011.7724759073956,1996.2550481852086,stop,24,-22.28513805559669,-0.96,-0.31733134987353123,0.0,-22.28513805559669,-33.375474465855966,-1.0608026990997483,1.5002947960081388,1.0359052341209527,break_dn
XAUUSD.a,15m,-1,0.12,2023-05-17 07:15:00,1990.8430272083442,2023-05-17 09:15:00,1987.097737821685,1992.8461310891573,1986.857737821685,target,8,44.94347263990949,-2.88,-0.0,0.0,44.94347263990949,67.67677971345674,1.8697429636743599,0.5975590198396846,2.073295972377793,break_dn
XAUUSD.a,15m,-1,0.09,2023-05-17 12:00:00,1986.0959584857717,2023-05-17 13:30:00,1988.9233420043172,1988.6304793597697,1981.0390412804604,stop,6,-25.446451666909525,-2.16,-0.4757638009285127,0.0,-25.446451666909525,-38.2578618719792,-1.1155495097917965,1.1221219534649813,0.9611120234843903,break_dn
XAUUSD.a,15m,-1,0.08,2023-05-17 22:30:00,1982.7887940141902,2023-05-18 05:00:00,1986.0957428626584,1985.817245389758,1976.9755092204837,stop,22,-26.455590787745678,-1.92,-0.3079797832028557,2.4184,-24.03719078774568,-36.130938533768756,-0.9921403634571775,1.0537418601318982,0.7755759373055156,break_dn
XAUUSD.a,15m,-1,0.1,2023-05-18 06:30:00,1981.7745168009315,2023-05-18 09:45:00,1977.4312818585515,1984.0593590707242,1977.1912818585515,target,13,43.432349423799224,-2.4,-0.0,0.0,43.432349423799224,65.4298725878265,1.9008904902542176,0.4094301000276202,2.0458816184959354,break_dn
XAUUSD.a,15m,-1,0.1,2023-05-18 10:00:00,1977.2382503017743,2023-05-18 11:15:00,1973.0336240870517,1979.568187956474,1972.7936240870517,target,5,42.04626214722566,-2.4,-0.0,0.0,42.04626214722566,63.394288951716035,1.804608894251477,0.923522435840923,2.1709809666242434,break_dn
XAUUSD.a,15m,-1,0.04,2023-05-18 16:00:00,1966.937312033133,2023-05-18 17:30:00,1956.6117720663317,1972.2841139668342,1956.3717720663317,target,6,41.302159867204864,-0.96,-0.0,0.0,41.302159867204864,62.47868554625127,1.9311618598995794,0.2342873333256206,2.309289213671262,break_dn
XAUUSD.a,15m,-1,0.1,2023-05-19 04:00:00,1957.5528186947975,2023-05-19 04:00:00,1960.2582035432952,1959.9774315854916,1952.8451368290166,stop,0,-27.053848484977152,-2.4,-0.40771957803634407,0.0,-27.053848484977152,-40.86066830535743,-1.1158007362252498,1.149536619185657,0.17851043210186665,break_dn
XAUUSD.a,15m,-1,0.1,2023-05-19 04:45:00,1955.7051078981306,2023-05-19 05:30:00,1958.4795243572332,1958.1871411496127,1950.7857177007747,stop,3,-27.744164591026674,-2.4,-0.5238320762052298,0.0,-27.744164591026674,-41.79408069991816,-1.1177998753425111,1.746508472149149,0.15918718973433804,break_dn
XAUUSD.a,15m,1,0.04,2023-05-19 09:15:00,1965.3878828739666,2023-05-19 15:30:00,1960.3286269502034,1960.3905393958999,1974.7289212082005,stop,25,-20.237023695052812,-0.96,-0.24764978278547392,0.0,-20.237023695052812,-30.382728084214587,-1.0123890715073196,1.016116441916268,0.6587734344221945,break_up
XAUUSD.a,15m,-1,0.07,2023-05-19 16:45:00,1958.7532027768689,2023-05-19 18:00:00,1962.3376462491876,1962.0090388052058,1952.3819223895882,stop,5,-25.091104306231276,-1.6800000000000002,-0.6202521078724822,0.0,-25.091104306231276,-37.67489647927338,-1.100928744912765,2.7878545307969365,0.507765981603628,break_dn
XAUUSD.a,15m,1,0.05,2023-05-22 01:15:00,1979.8260153459835,2023-05-22 08:00:00,1975.5180624329014,1975.5678266692664,1987.6943466614669,stop,27,-21.53976456541045,-1.2,-0.24882118182505092,0.0,-21.53976456541045,-32.44380196925856,-1.0116867147379205,1.1803176720338382,0.5762977736130868,break_up
XAUUSD.a,15m,1,0.07,2023-05-22 12:15:00,1982.2120067818034,2023-05-22 13:15:00,1978.846920750684,1978.9065414046465,1988.066917190707,stop,4,-23.555602217836626,-1.6800000000000002,-0.41734457773880496,0.0,-23.555602217836626,-35.46675833810622,-1.0180369924231039,1.0413077703339892,0.0,break_up
XAUUSD.a,15m,-1,0.12,2023-05-23 02:00:00,1971.1815197288597,2023-05-23 03:45:00,1967.5884787909008,1973.1857606045496,1967.3484787909008,target,7,43.116491255506844,-2.88,-0.0,0.0,43.116491255506844,64.76281431072285,1.792719119513069,0.2686704366085534,2.216060845147087,break_dn
XAUUSD.a,15m,-1,0.09,2023-05-23 04:00:00,1967.1884633347383,2023-05-23 04:30:00,1962.5309346751142,1969.744532662443,1962.2909346751142,target,2,41.91775793661759,-2.16,-0.0,0.0,41.91775793661759,63.03611828418537,1.8221448883026954,0.5365803855145383,2.100280800896535,break_dn
XAUUSD.a,15m,1,0.05,2023-05-23 20:45:00,1974.374568236574,2023-05-24 15:15:00,1982.1059683031947,1970.0820158484025,1982.1059683031947,target,70,38.65700033310304,-1.2,-0.0,-12.437999999999999,26.219000333103043,39.89318858406196,1.221604209437327,0.8700111026867992,2.5382175400931857,break_up
XAUUSD.a,15m,-1,0.03,2023-05-24 19:00:00,1962.9871071878576,2023-05-25 15:30:00,1948.2408935691326,1970.5895532154336,1948.0008935691326,target,78,44.23864085617515,-0.72,-0.0,0.9068999999999999,45.14554085617515,69.26181073652621,1.9794305101463814,0.2897610590265243,3.1288755094841574,break_dn
XAUUSD.a,15m,-1,0.01,2023-05-25 15:45:00,1940.1825182998778,2023-05-26 17:00:00,1947.1170125539313,1957.8636300065814,1905.0227399868372,signal,97,-6.934494254053561,-0.24,-0.11402510786290711,0.3023,-6.6321942540535614,-10.193809277529644,-0.3751005233194147,0.9635978768044695,0.19752820737813365,break_dn
XAUUSD.a,15m,-1,0.01,2023-05-29 01:15:00,1944.6005063270834,2023-05-30 05:00:00,1945.2270519706287,1968.6202896527773,1896.6794206944458,signal,97,-0.6265456435453416,-0.24,-0.054103941257354765,0.3023,-0.3242456435453416,-0.4958794328398813,-0.013499107762495806,0.2110549293545816,0.18361973824990488,break_dn
XAUUSD.a,15m,-1,0.09,2023-05-30 07:00:00,1939.3700919589432,2023-05-30 08:15:00,1934.4332943170607,1942.0483528414698,1934.1932943170607,target,5,44.43117877694294,-2.16,-0.0,0.0,44.43117877694294,68.28317444089035,1.8432848248993157,0.5600305970349401,2.1245473120510625,break_dn
XAUUSD.a,15m,-1,0.1,2023-05-30 08:30:00,1934.97325369819,2023-05-30 09:45:00,1937.7447534333737,1937.4423222342139,1930.1453555315722,stop,5,-27.714997351836246,-2.4,-0.6243119915978128,0.0,-27.714997351836246,-42.480300039600635,-1.1224879725886003,1.039560572888513,1.2325513260522678,break_dn
XAUUSD.a,15m,1,0.04,2023-05-30 14:45:00,1958.9961134775886,2023-05-30 16:00:00,1953.7834939150534,1953.8726328001746,1968.3847343996508,stop,5,-20.85047825014044,-0.96,-0.35655554048499083,0.0,-20.85047825014044,-31.978280191007084,-1.01739811091982,1.170320306666035,0.6389965588908855,break_up
XAUUSD.a,15m,1,0.07,2023-05-30 22:30:00,1959.5264386560018,2023-05-31 04:45:00,1956.2133638804712,1956.2574911725505,1965.175017654899,stop,21,-23.191523428714166,-1.6800000000000002,-0.30889104455542316,-17.413200000000003,-40.604723428714166,-62.43902666222903,-1.7744778112514723,1.4733912613722118,0.3804164338196299,break_up
XAUUSD.a,15m,1,0.09,2023-05-31 08:45:00,1961.7647764064313,2023-05-31 10:00:00,1959.1665711527,1959.2300274036477,1966.3099451927044,stop,5,-23.383847283581645,-2.16,-0.5711062585295692,0.0,-23.383847283581645,-36.10624310354772,-1.0250345303925361,1.6430725100819374,1.3789229583403353,break_up
XAUUSD.a,15m,1,0.05,2023-05-31 15:15:00,1962.7614214394841,2023-05-31 16:45:00,1970.1244901109428,1958.6727549445286,1970.1244901109428,target,6,36.815343357293386,-1.2,-0.0,0.0,36.815343357293386,56.73762596096813,1.8008484381259755,0.5066251899096534,2.660666643742552,break_up
XAUUSD.a,15m,1,0.03,2023-05-31 17:00:00,1970.0757934186613,2023-05-31 17:00:00,1963.8888006154145,1963.9874907434066,1980.975018513187,stop,0,-18.5609784097403,-0.72,-0.2960703839763502,0.0,-18.5609784097403,-28.680663838525714,-1.0162097933128722,1.7272126534381722,0.0,break_up
XAUUSD.a,15m,1,0.04,2023-06-01 01:15:00,1964.018693231618,2023-06-01 10:00:00,1958.699171448504,1958.7542106051844,1973.7115787896312,stop,35,-21.278087132455767,-0.96,-0.22015662672167702,0.0,-21.278087132455767,-32.778887655137204,-1.010454808304232,1.270531922364671,0.6517842325384426,break_up
XAUUSD.a,15m,-1,0.07,2023-06-01 10:15:00,1958.492456712531,2023-06-01 13:15:00,1962.1299882044298,1961.8356555051666,1951.9186889896666,stop,12,-25.462720443290895,-1.6800000000000002,-0.38032889484139343,0.0,-25.462720443290895,-39.04486834620004,-1.08803924550089,1.2495647272520352,1.544166839226862,break_dn
XAUUSD.a,15m,1,0.03,2023-06-01 16:45:00,1973.292789701743,2023-06-02 16:45:00,1966.852233144352,1966.9595716155486,1985.0808567689028,stop,92,-19.321669672172675,-0.72,-0.32201541358940816,-2.4876,-21.809269672172675,-32.92462208963266,-1.1478771863609172,1.800473242284129,1.5959043507896113,break_up
XAUUSD.a,15m,-1,0.07,2023-06-02 22:45:00,1948.7477369420003,2023-06-05 09:15:00,1942.8243417482233,1951.8928291258883,1942.5843417482233,target,38,41.46376635643879,-1.6800000000000002,-0.0,2.1161000000000003,43.57986635643879,66.07915930984942,1.979495299269965,0.42678019578437376,2.177277021347907,break_dn
XAUUSD.a,15m,-1,0.09,2023-06-05 09:30:00,1942.7761262888594,2023-06-05 12:30:00,1945.6076128310817,1945.301962961788,1937.6760740764241,stop,12,-25.483378880001283,-2.16,-0.590848823644731,0.0,-25.483378880001283,-38.68092299752779,-1.1210093560560346,1.2565633182690161,1.692954391980316,break_dn
XAUUSD.a,15m,1,0.06,2023-06-05 22:30:00,1964.0444852049936,2023-06-06 04:00:00,1960.1473332155422,1960.1878808667377,1970.7842382665247,stop,18,-23.38291193670875,-1.44,-0.24328590717261753,-4.9752,-28.358111936708752,-42.8784806107245,-1.2255216182194273,1.1628066588292323,0.0,break_up
XAUUSD.a,15m,1,0.06,2023-06-06 13:15:00,1963.4967836646981,2023-06-06 16:30:00,1959.7535929886478,1959.82872091416,1969.9725581716802,stop,13,-22.45914405630174,-1.44,-0.45076755307222205,0.0,-22.45914405630174,-33.78381753080181,-1.0204816358447204,1.5367195296403195,0.7805799764144413,break_up
XAUUSD.a,15m,1,0.08,2023-06-07 01:15:00,1963.7267442038406,2023-06-07 09:15:00,1960.6691410591225,1960.7103121008963,1968.9893757982074,stop,32,-24.460825157744694,-1.92,-0.32936833419004163,0.0,-24.460825157744694,-36.67895028827047,-1.013648920436056,1.3117299076543207,0.9790559493372777,break_up
XAUUSD.a,15m,-1,0.04,2023-06-07 18:30:00,1955.3836829211627,2023-06-07 19:15:00,1944.6532185154301,1960.908390742285,1944.4132185154301,target,3,42.921857622930474,-0.96,-0.0,0.0,42.921857622930474,64.49662297394472,1.9422682163765128,0.019243927874481995,2.371832745808595,break_dn
XAUUSD.a,15m,-1,0.07,2023-06-07 23:00:00,1939.9963785213367,2023-06-08 01:15:00,1943.4181210673178,1943.1189799307824,1934.062040138435,stop,5,-23.952197821867234,-1.6800000000000002,-0.4139879557474683,2.1161000000000003,-21.836097821867234,-32.808116083758634,-0.9989883872289654,1.1124127044059473,0.16536805490918746,break_dn
XAUUSD.a,15m,-1,0.11,2023-06-08 06:30:00,1946.1631418392099,2023-06-08 11:00:00,1948.5711871398264,1948.2789009656226,1941.892198068755,stop,18,-26.48849830678205,-2.6399999999999997,-0.5751479162415502,0.0,-26.48849830678205,-39.60956172321388,-1.1381471881912093,1.0477838110753774,1.6131996296746798,break_dn
XAUUSD.a,15m,1,0.01,2023-06-08 15:45:00,1959.0726441772786,2023-06-09 17:00:00,1961.4632664418937,1945.8543640622106,1984.6912718755786,signal,97,2.3906222646151036,-0.24,-0.11346711621272439,-0.8292,1.5614222646151035,2.315585212461781,0.11812597788990616,0.36787268350709534,1.0536435679589802,break_up
XAUUSD.a,15m,-1,0.07,2023-06-09 21:45:00,1960.8905447484728,2023-06-12 05:30:00,1954.8715776018848,1964.0792111990577,1954.6315776018848,target,27,42.132770026116084,-1.6800000000000002,-0.0,2.1161000000000003,44.24887002611609,65.6842769737198,1.9824171780114,0.3259843159000117,2.0950904875132155,break_dn
XAUUSD.a,15m,1,0.07,2023-06-12 11:15:00,1963.3168259521915,2023-06-12 16:15:00,1959.931919375749,1959.9953823344636,1969.1592353310728,stop,20,-23.694346035097627,-1.6800000000000002,-0.4442407110025232,0.0,-23.694346035097627,-35.11261841866248,-1.0191070407987215,1.9710784543348432,1.0968646369197406,break_up
XAUUSD.a,15m,1,0.09,2023-06-13 13:45:00,1964.9800450582711,2023-06-13 15:00:00,1962.356025299092,1962.4043686571997,1969.3212626856007,stop,5,-23.61617783261272,-2.16,-0.4350902229699407,0.0,-23.61617783261272,-34.75420566372251,-1.018769189362327,2.042199499938372,0.45811459127324344,break_up
XAUUSD.a,15m,-1,0.04,2023-06-13 17:15:00,1951.8125481316376,2023-06-13 21:45:00,1940.9128757148244,1957.483562142588,1940.6728757148244,target,18,43.598689667252984,-0.96,-0.0,0.0,43.598689667252984,64.47126013641846,1.921997088310264,0.6960751394265818,2.0247786567738535,break_dn
XAUUSD.a,15m,1,0.09,2023-06-14 12:30:00,1951.9430802252325,2023-06-14 13:30:00,1949.2724672648992,1949.3206252347372,1956.3087495305258,stop,4,-24.03551664299971,-2.16,-0.4334217285416546,0.0,-24.03551664299971,-35.39058623720785,-1.0183636973799635,1.5607818780750886,0.34582853778402645,break_up
XAUUSD.a,15m,1,0.02,2023-06-14 15:45:00,1958.4308668764534,2023-06-14 21:00:00,1948.2525559144917,1948.3348972081642,1977.6302055836713,stop,21,-20.356621923923285,-0.48,-0.16468258734495014,0.0,-20.356621923923285,-29.90674177490309,-1.008155857869809,1.8225953009991105,0.17226013752886157,break_up
XAUUSD.a,15m,-1,0.07,2023-06-15 03:30:00,1942.366023423846,2023-06-15 03:45:00,1936.2182917987839,1945.6558541006082,1935.9782917987839,target,1,43.03412137543456,-1.6800000000000002,-0.0,0.0,43.03412137543456,63.374009830549376,1.868707611150535,0.0559228100867109,1.9928148491515352,break_dn
XAUUSD.a,15m,-1,0.06,2023-06-15 08:15:00,1931.5067440531277,2023-06-15 08:15:00,1935.9594349057318,1935.6545509854236,1923.4008980291526,stop,0,-26.716145115624386,-1.44,-0.38930352184935235,0.0,-26.716145115624386,-39.15543538219341,-1.0735048485343548,1.1194484272444756,0.0,break_dn
XAUUSD.a,15m,-1,0.07,2023-06-15 10:15:00,1930.0991753636333,2023-06-15 10:15:00,1933.654911118318,1933.3386741637678,1923.6226516724641,stop,0,-24.890150282793233,-1.6800000000000002,-0.5336586818517833,0.0,-24.890150282793233,-36.50438560775729,-1.097619099144951,1.3492286634541353,0.11087374491955458,break_dn
XAUUSD.a,15m,-1,0.06,2023-06-15 15:30:00,1926.9800915494643,2023-06-15 15:30:00,1930.8998776919868,1930.5700150161833,1920.4899699676334,stop,0,-23.518716855135153,-1.44,-0.5391760548213461,0.0,-23.518716855135153,-34.53556072707071,-1.0918857125678425,1.8300970790723141,0.6546355573457493,break_dn
XAUUSD.a,15m,1,0.1,2023-06-16 02:00:00,1958.7969272363905,2023-06-16 04:00:00,1956.4568712899124,1956.4949603482075,1962.6000793035848,stop,8,-23.4005594647806,-2.4,-0.3808905829510254,0.0,-23.4005594647806,-34.0173854699529,-1.0165463102404417,1.023875386083798,0.26198151098759714,break_up
XAUUSD.a,15m,1,0.05,2023-06-16 04:45:00,1961.4612507922923,2023-06-16 05:30:00,1957.189872439922,1957.2367883240324,1969.0364233519354,stop,3,-21.356891761851102,-1.2,-0.23457942055149575,0.0,-21.356891761851102,-31.091251782403955,-1.0111057642156547,1.025278559067495,0.13699949095442862,break_up
XAUUSD.a,15m,1,0.05,2023-06-16 08:30:00,1956.7393653672495,2023-06-16 12:00:00,1964.2785780114953,1952.5657109942524,1964.2785780114953,target,14,37.69606322122854,-1.2,-0.0,0.0,37.69606322122854,54.844996830047926,1.8063816431526263,0.08370730684116648,1.9049576036266493,break_up
XAUUSD.a,15m,1,0.08,2023-06-16 12:15:00,1964.038193721388,2023-06-16 16:15:00,1960.9496107036655,1961.0130756356664,1969.403848728667,stop,16,-24.7086641417809,-1.92,-0.5077194560072014,0.0,-24.7086641417809,-35.9670793062111,-1.0209793238486942,1.7745402226529323,1.2666633731415557,break_up
XAUUSD.a,15m,-1,0.03,2023-06-19 01:15:00,1956.9167212036223,2023-06-20 05:00:00,1947.1400504369515,1963.3097876228592,1944.3204247542817,signal,97,29.330012300012413,-0.72,-0.18030262170967623,0.9068999999999999,30.236912300012413,44.45493376657661,1.5765471693431685,0.2726827287656886,1.8530577389240392,break_dn
XAUUSD.a,15m,-1,0.04,2023-06-20 16:00:00,1944.6233320292977,2023-06-20 16:30:00,1934.0574617829725,1950.0812691085139,1933.8174617829725,target,2,42.2634809853007,-0.96,-0.0,0.0,42.2634809853007,62.4718869882645,1.9358724904616338,0.09649579375108007,2.2542092095837365,break_dn
XAUUSD.a,15m,-1,0.09,2023-06-21 05:00:00,1936.3602548733102,2023-06-21 05:30:00,1939.3511887610173,1939.0661097323648,1930.8877805352702,stop,2,-26.918404989364035,-2.16,-0.4057112578720749,0.0,-26.918404989364035,-39.664051202905775,-1.1053563637009307,1.149265311213457,0.3622717863191457,break_dn
XAUUSD.a,15m,-1,0.11,2023-06-21 06:30:00,1936.5319798688506,2023-06-21 09:00:00,1932.7150115172626,1938.6474942413686,1932.4750115172626,target,10,41.98665186746803,-2.6399999999999997,-0.0,0.0,41.98665186746803,62.04709965784632,1.8042743652197004,0.5379401558000034,2.520417699882722,break_dn
XAUUSD.a,15m,-1,0.07,2023-06-21 09:15:00,1931.9758117111428,2023-06-21 10:00:00,1935.663148594848,1935.370567105807,1925.408865788386,stop,3,-25.8113581859368,-1.6800000000000002,-0.3680704232881695,0.0,-25.8113581859368,-38.15933854605461,-1.086186324204984,1.132390361585239,0.05473493360814509,break_dn
XAUUSD.a,15m,-1,0.06,2023-06-21 15:30:00,1929.6707025506978,2023-06-21 15:30:00,1933.6616269225437,1933.3476807485904,1922.4646385028193,stop,0,-23.945546231075696,-1.44,-0.4436770437199523,0.0,-23.945546231075696,-35.44232886989091,-1.0853815706966357,1.0495839903304498,1.025489504631501,break_dn
XAUUSD.a,15m,-1,0.13,2023-06-22 06:45:00,1932.8369856742236,2023-06-22 08:00:00,1929.546149531784,1934.6369252341078,1929.306149531784,target,5,42.78086985171353,-3.12,-0.0,0.0,42.78086985171353,63.259108433952704,1.8283036918479232,0.14612397640354824,2.6150798499734917,break_dn
XAUUSD.a,15m,-1,0.04,2023-06-22 17:30:00,1916.2356419780144,2023-06-23 15:15:00,1921.6934222324696,1921.3983019082182,1906.1633961835635,stop,83,-21.831121017820806,-0.96,-0.2204812970061515,1.2092,-20.621921017820807,-30.894726539454982,-0.9986093068601054,1.4555206276561814,1.2039611483317565,break_dn
XAUUSD.a,15m,1,0.08,2023-06-23 15:30:00,1921.7512363912033,2023-06-23 15:30:00,1918.8861346048102,1918.9479891916153,1926.4540216167695,stop,0,-22.92081429114478,-1.92,-0.4948366944399959,0.0,-22.92081429114478,-34.33881300265888,-1.0220653343787172,1.0456574759565198,0.7308537074781646,break_up
XAUUSD.a,15m,1,0.05,2023-06-23 15:45:00,1923.1780052204033,2023-06-23 16:00:00,1930.5718209385157,1919.0790895307423,1930.5718209385157,target,1,36.96907859056182,-1.2,-0.0,0.0,36.96907859056182,55.44585546607748,1.8038467433624796,0.07026375807866694,2.149835577692869,break_up
XAUUSD.a,15m,1,0.03,2023-06-26 01:00:00,1925.135251831746,2023-06-26 03:45:00,1926.420599205357,1918.9047003973217,1926.420599205357,target,11,3.856042120832626,-0.72,-0.0,0.0,3.856042120832626,5.773901115286036,0.20629753034526263,0.4036965039481322,0.29287105442579686,break_up
XAUUSD.a,15m,1,0.08,2023-06-26 10:30:00,1927.53523533343,2023-06-26 11:30:00,1932.7438825779334,1924.8030587110334,1932.7438825779334,target,4,41.66917795602785,-1.92,-0.0,0.0,41.66917795602785,62.47065748557443,1.9064094179733888,0.12269899781801494,1.9196287032020654,break_up
XAUUSD.a,15m,-1,0.11,2023-06-26 22:00:00,1923.3186373005885,2023-06-27 04:30:00,1925.820227021981,1925.5382112869895,1919.0635774260213,stop,22,-27.51748693531772,-2.6399999999999997,-0.4621730849062592,3.3253,-24.19218693531772,-36.053929858893774,-0.990861189970358,1.8748474819526557,1.0446316792296666,break_dn
XAUUSD.a,15m,-1,0.12,2023-06-27 13:00:00,1924.0519058389461,2023-06-27 14:15:00,1920.3516524316394,1926.0641737841802,1920.1116524316394,target,5,44.40304088768062,-2.88,-0.0,0.0,44.40304088768062,66.39210659043155,1.8388472648836773,0.22765067750486384,2.2372298130617874,break_dn
XAUUSD.a,15m,-1,0.09,2023-06-27 14:30:00,1920.6086363146387,2023-06-27 14:45:00,1923.4621463962355,1923.1747112630535,1915.6305774738933,stop,1,-25.68159073437141,-2.16,-0.42691619863843067,0.0,-25.68159073437141,-38.39950767699075,-1.112013537780574,1.0059580243188155,0.25277372160909845,break_dn
XAUUSD.a,15m,-1,0.02,2023-06-27 17:15:00,1915.50341882092,2023-06-28 18:30:00,1912.8880710042438,1923.8281612984017,1899.0236774031964,signal,97,5.230695633352298,-0.48,-0.23228401697557957,1.8138,7.044495633352298,10.641553571637056,0.42310591903638367,0.5473540102177877,1.527184637279706,break_dn
XAUUSD.a,15m,-1,0.1,2023-06-29 06:15:00,1903.2682719984134,2023-06-29 06:45:00,1905.9233088479898,1905.6353315602234,1898.8393368795528,stop,2,-26.550368495763905,-2.4,-0.47977287766389654,0.0,-26.550368495763905,-40.172441778402366,-1.1216603470451512,1.0188708558488735,0.21472716893729357,break_dn
XAUUSD.a,15m,-1,0.06,2023-06-29 16:00:00,1896.045116639579,2023-06-29 17:00:00,1900.3840662676216,1900.0336958936766,1888.1726082126465,stop,4,-26.033697768255934,-1.44,-0.6622222436703596,0.0,-26.033697768255934,-39.26532799652489,-1.0878434027818416,3.466117251203662,0.7910377200948087,break_dn
XAUUSD.a,15m,1,0.07,2023-06-29 23:45:00,1908.5828882456115,2023-06-30 09:00:00,1905.394221058554,1905.43456455254,1914.0308708949199,stop,33,-22.320670309402434,-1.6800000000000002,-0.28240445790228885,-5.804400000000001,-28.125070309402435,-42.43052019220402,-1.2761925325212398,1.3698998788157901,0.41200076003722724,break_up
XAUUSD.a,15m,-1,0.08,2023-06-30 11:30:00,1902.218585335833,2023-06-30 12:45:00,1905.2870117843033,1904.9994488613884,1896.8111022772232,stop,5,-24.547411587762326,-1.92,-0.38050338332026556,0.0,-24.547411587762326,-37.065564781376665,-1.1034077797318487,1.1548264180011172,0.6144081937612701,break_dn
XAUUSD.a,15m,1,0.06,2023-06-30 20:00:00,1920.2897517378467,2023-07-03 04:00:00,1916.5931760824135,1916.6292106587273,1926.6815786825455,stop,28,-22.179453932599245,-1.44,-0.21620745788291784,-4.9752,-27.154653932599246,-40.814426039498656,-1.2363679460529202,1.1227170106871982,0.6693677817550258,break_up
XAUUSD.a,15m,1,0.11,2023-07-03 07:30:00,1919.7756539631812,2023-07-03 08:45:00,1917.6427542760823,1917.6846767078207,1923.1606465843586,stop,5,-23.461896558087574,-2.6399999999999997,-0.46114674912100606,0.0,-23.461896558087574,-35.213268532880434,-1.020049205045589,1.5091766087322924,0.4133694111703294,break_up
XAUUSD.a,15m,1,0.05,2023-07-03 16:30:00,1923.6846759812686,2023-07-04 17:45:00,1928.154816321565,1919.5654284629331,1931.069143074134,signal,97,22.350701701482194,-1.2,-0.2518367843508105,-4.146,18.204701701482193,27.174035647727663,0.8838848173337533,0.950337643912812,1.761322665471507,break_up
XAUUSD.a,15m,-1,0.16,2023-07-05 01:15:00,1925.5189823583817,2023-07-05 01:30:00,1927.2330394791854,1926.9620506212173,1922.7258987575653,stop,1,-27.424913932860363,-3.84,-0.4958217274910862,0.0,-27.424913932860363,-40.97857890602968,-1.1877865828991974,1.1163835302238814,0.20025550129818637,break_dn
XAUUSD.a,15m,-1,0.11,2023-07-05 05:00:00,1924.0886527849038,2023-07-05 08:30:00,1926.3805445896153,1926.1119514929078,1920.1060970141841,stop,14,-25.210809851825843,-2.6399999999999997,-0.3145240637825562,0.0,-25.210809851825843,-37.70742884551944,-1.1327500954974992,1.157193055990253,0.4589795768811159,break_dn
XAUUSD.a,15m,-1,0.14,2023-07-05 09:15:00,1923.808269476806,2023-07-05 10:30:00,1925.6831390912532,1925.4039512489062,1920.6820975021874,stop,5,-26.248174602262683,-3.3600000000000003,-0.5486297928568658,0.0,-26.248174602262683,-39.283089290704126,-1.1749646121353812,1.3986062648673188,1.8789896138623499,break_dn
XAUUSD.a,15m,1,0.09,2023-07-05 12:30:00,1928.8780807639632,2023-07-05 14:15:00,1926.414134713779,1926.4552655821115,1932.8594688357769,stop,7,-22.17551445165759,-2.16,-0.37017781499223334,0.0,-22.17551445165759,-33.280577577826854,-1.0169764778760242,1.105359081461717,0.2732025294355422,break_up
XAUUSD.a,15m,-1,0.04,2023-07-05 21:30:00,1916.5273207402358,2023-07-06 09:30:00,1921.5532167926317,1921.276917406106,1907.3061651877879,stop,44,-20.10358420958346,-0.96,-0.14519754610274743,1.2092,-18.89438420958346,-28.2668106003373,-0.994525721802647,1.0343360932236727,0.37209912010751717,break_dn
XAUUSD.a,15m,-1,0.03,2023-07-06 15:45:00,1906.0242428073227,2023-07-06 16:30:00,1913.3702515266511,1913.0161007874135,1892.2377984251727,stop,3,-22.038026157985314,-0.72,-0.34245221771258183,0.0,-22.038026157985314,-33.23384328324483,-1.0506518782626988,1.2866046790842356,0.49403789624427025,break_dn
XAUUSD.a,15m,-1,0.05,2023-07-06 22:15:00,1910.2557670563358,2023-07-07 08:30:00,1914.481701887202,1914.2086969665363,1902.4826060669272,stop,37,-21.129674154331042,-1.2,-0.16502460332820562,1.5115,-19.61817415433104,-29.5685991353636,-0.9925890213082944,1.073692941711915,0.19119161571409268,break_dn
XAUUSD.a,15m,1,0.09,2023-07-07 12:00:00,1915.7967350443485,2023-07-07 15:15:00,1919.7388352512435,1913.4405823743782,1919.7388352512435,target,13,35.47890186205518,-2.16,-0.0,0.0,35.47890186205518,53.4973414286331,1.6731089870100853,0.6734432214736134,2.0343609379573877,break_up
XAUUSD.a,15m,1,0.04,2023-07-07 15:30:00,1921.7264387224377,2023-07-07 16:00:00,1916.1525413154425,1916.2307995610443,1929.3084008779113,stop,2,-22.295589627980917,-0.96,-0.3130329824075406,0.0,-22.295589627980917,-33.476861303274646,-1.0142400625848096,1.1402565813379881,1.18522360844207,break_up
XAUUSD.a,15m,1,0.02,2023-07-07 17:45:00,1932.8550158396881,2023-07-07 22:00:00,1924.8876204164699,1924.9525317091013,1947.5049365817974,stop,17,-15.9347908464365,-0.48,-0.1298225852627192,0.0,-15.9347908464365,-23.83734868124177,-1.008214036442061,1.0015857936433892,0.2524502583422018,break_up
XAUUSD.a,15m,-1,0.03,2023-07-10 15:30:00,1918.4906854934018,2023-07-10 17:00:00,1925.11097536467,1924.7924043318178,1906.1251913363642,stop,6,-19.860869613804425,-0.72,-0.2357130985566262,0.0,-19.860869613804425,-29.837702047390326,-1.0505530381504897,1.0250083623568726,0.9316006702192859,break_dn
XAUUSD.a,15m,1,0.06,2023-07-10 20:45:00,1926.698268085723,2023-07-11 09:30:00,1932.602406043175,1923.3287969784126,1932.602406043175,target,47,35.42482774471273,-1.44,-0.0,-4.9752,30.44962774471273,45.50765605761792,1.506152685637109,0.705828306574033,3.443190799026621,break_up
XAUUSD.a,15m,1,0.07,2023-07-11 13:00:00,1938.388609070597,2023-07-11 13:45:00,1935.3255980354813,1935.3831075807266,1943.6837848385471,stop,3,-21.44107724581045,-1.6800000000000002,-0.4025668167169256,0.0,-21.44107724581045,-32.16290238481107,-1.0191347585216854,1.1673955519310475,0.027080648496507768,break_up
XAUUSD.a,15m,1,0.08,2023-07-11 22:00:00,1932.1314621022573,2023-07-12 04:00:00,1936.7843802430925,1929.3828098784536,1936.7843802430925,target,20,37.223345126682034,-1.92,-0.0,-19.9008,17.322545126682034,25.767244004168017,0.7877745034760406,0.2151825891741319,1.9349621067676603,break_up
XAUUSD.a,15m,-1,0.13,2023-07-12 14:30:00,1934.1036962818664,2023-07-12 14:30:00,1936.0971043217812,1935.8176487445805,1930.7547025108393,stop,0,-25.91430451889255,-3.12,-0.5129225036082706,0.0,-25.91430451889255,-38.747464890688626,-1.1630474492613094,1.333936481828215,0.0,break_dn
XAUUSD.a,15m,-1,0.11,2023-07-12 15:15:00,1933.9917294938994,2023-07-12 15:30:00,1936.2801877728282,1935.9677895679024,1930.1244208641951,stop,1,-25.173041068217117,-2.6399999999999997,-0.7963802541831851,0.0,-25.173041068217117,-37.408668293730486,-1.1580914512851512,8.096044607435354,0.5879019110719806,break_dn
XAUUSD.a,15m,1,0.03,2023-07-12 15:45:00,1946.9731607935255,2023-07-13 05:45:00,1960.830008533511,1939.7249957332444,1960.830008533511,target,52,41.57054321995679,-0.72,-0.0,-2.4876,39.08294321995679,57.43015476166634,1.7973718357181616,0.8337504379751394,2.030422746181763,break_up
XAUUSD.a,15m,1,0.05,2023-07-13 16:15:00,1961.0122913032917,2023-07-13 16:45:00,1956.6809461532162,1956.762775976606,1968.634448046788,stop,2,-21.656725750377745,-1.2,-0.40914911694952094,0.0,-21.656725750377745,-31.436675497717733,-1.0192562720920162,1.0218321313076175,0.006520436938833282,break_up
XAUUSD.a,15m,1,0.05,2023-07-13 17:15:00,1961.6878014971187,2023-07-13 18:45:00,1957.1042263786865,1957.1906886166862,1969.6086227666274,stop,6,-22.91787559216118,-1.2,-0.4323111899982463,0.0,-22.91787559216118,-33.352556381757985,-1.0192261658309596,1.5582889919464686,0.04940914510912033,break_up
XAUUSD.a,15m,1,0.09,2023-07-14 01:15:00,1960.9463733226216,2023-07-14 03:45:00,1958.478860135967,1958.5148630476483,1965.0102739047036,stop,10,-22.207618679892676,-2.16,-0.32402620513338,0.0,-22.207618679892676,-32.289309914495654,-1.0148068104223011,1.0719154056012798,0.3551811753654948,break_up
XAUUSD.a,15m,1,0.1,2023-07-14 04:45:00,1962.0762079040076,2023-07-14 08:00:00,1959.8452810087788,1959.8831553014468,1965.7536893971062,stop,13,-22.309268952287766,-2.4,-0.37874292667982645,0.0,-22.309268952287766,-32.384840541586,-1.017270125041127,1.119994979208253,0.7723444909687138,break_up
XAUUSD.a,15m,-1,0.07,2023-07-14 16:30:00,1956.1463953876973,2023-07-14 16:45:00,1959.6106963541356,1959.3041970727138,1950.1716058545724,stop,1,-24.250106765067816,-1.6800000000000002,-0.46549496995210127,0.0,-24.250106765067816,-35.312946710548424,-1.0970609658219226,1.505352484564896,0.20469790448350103,break_dn
XAUUSD.a,15m,-1,0.04,2023-07-14 17:15:00,1952.703610957278,2023-07-14 17:30:00,1958.0421101154166,1957.7152753773394,1942.8494492453212,stop,1,-21.3539966325543,-0.96,-0.34733895230836637,0.0,-21.3539966325543,-31.138715068542368,-1.0652148090300892,1.0528216976382088,0.33394314084132515,break_dn
XAUUSD.a,15m,1,0.12,2023-07-18 02:45:00,1955.9578157535177,2023-07-18 04:15:00,1958.827121633896,1954.136439183052,1958.827121633896,target,6,34.43167056453967,-2.88,-0.0,0.0,34.43167056453967,50.50927923915515,1.5753501647628814,0.7235273445845962,1.6373243703908715,break_up
XAUUSD.a,15m,1,0.06,2023-07-18 04:30:00,1959.1659994275012,2023-07-18 04:45:00,1955.349555350551,1955.3905902674276,1965.7688194651446,stop,1,-22.89866446170072,-1.44,-0.24620950125855062,0.0,-22.89866446170072,-33.59102298948308,-1.0108689986003183,1.0822666509135617,0.09641354276198565,break_up
XAUUSD.a,15m,1,0.09,2023-07-18 07:15:00,1961.0653263801223,2023-07-18 09:00:00,1958.6953010586983,1958.7342116388977,1964.9315767222045,stop,7,-21.330227892816083,-2.16,-0.3501952217937886,0.0,-21.330227892816083,-31.251707460208465,-1.0166918339587858,1.0876025685421444,0.29800061215036616,break_up
XAUUSD.a,15m,1,0.06,2023-07-18 14:30:00,1965.6430650448663,2023-07-18 14:30:00,1962.160122769679,1962.2247203369784,1971.6305593260429,stop,0,-20.89765365112362,-1.44,-0.3875854037967883,0.0,-20.89765365112362,-30.710165840470875,-1.0188973239446437,1.3670549474086402,0.04298424169881065,break_up
XAUUSD.a,15m,1,0.03,2023-07-18 17:15:00,1976.8036665998309,2023-07-19 18:30:00,1975.8756112687556,1969.5314752644465,1990.407049471107,signal,97,-2.78416599322577,-0.72,-0.3263323874670623,-7.4628,-10.24696599322577,-15.15195775895453,-0.4696872199244355,0.9754510398145209,1.0335720078756396,break_up
XAUUSD.a,15m,1,0.06,2023-07-20 04:30:00,1982.2790207403216,2023-07-20 10:45:00,1978.4484606461588,1978.50156301333,1989.02687397334,stop,25,-22.98336056497692,-1.44,-0.31861420302766774,0.0,-22.98336056497692,-33.685618380713365,-1.0140576999159616,1.1883708739466912,1.355668184738887,break_up
XAUUSD.a,15m,1,0.08,2023-07-20 11:45:00,1983.5184674217128,2023-07-20 12:00:00,1980.814174071832,1980.8715679806462,1988.2768640387073,stop,1,-21.634346799046398,-1.92,-0.45915127051414684,0.0,-21.634346799046398,-31.660637474457644,-1.0216834489152684,1.1366005731220823,0.11391916655724839,break_up
XAUUSD.a,15m,-1,0.13,2023-07-21 04:15:00,1971.8165051598821,2023-07-21 04:30:00,1973.79284381937,1973.5158760063487,1968.4882479873024,stop,1,-25.692402573343543,-3.12,-0.4805815692777424,0.0,-25.692402573343543,-37.95317611838916,-1.1629825612210083,1.1201173917251759,0.20390202680161287,break_dn
XAUUSD.a,15m,-1,0.12,2023-07-21 05:30:00,1971.064973375543,2023-07-21 10:30:00,1967.7470628207275,1972.8814685896361,1967.5070628207275,target,20,39.81492665778751,-2.88,-0.0,0.0,39.81492665778751,58.92222615548972,1.8265451673497706,0.5918136288587735,2.480035917844384,break_dn
XAUUSD.a,15m,-1,0.1,2023-07-21 10:45:00,1966.6301916745108,2023-07-21 11:15:00,1962.7044269741687,1968.7577865129158,1962.4644269741686,target,2,39.257647003421425,-2.4,-0.0,0.0,39.257647003421425,58.19137453629609,1.8451655500749273,0.10801319938404408,2.3877627369689045,break_dn
XAUUSD.a,15m,-1,0.05,2023-07-21 16:15:00,1960.5637487499844,2023-07-21 17:30:00,1964.6847015092167,1964.3617503418122,1953.0164993163753,stop,5,-20.60476379616148,-1.2,-0.41475583702172164,0.0,-20.60476379616148,-30.618110728960826,-1.0850318673113033,1.2575695756138099,0.6750257176039021,break_dn
XAUUSD.a,15m,-1,0.08,2023-07-21 22:15:00,1962.1561406687495,2023-07-24 10:15:00,1964.980424667264,1964.6928650893174,1957.1842698213654,stop,44,-22.594271988116816,-1.92,-0.3804766235739717,2.4184,-20.175871988116818,-29.959865150226182,-0.9941891906216581,1.3654850732563864,1.7132884571578824,break_dn
XAUUSD.a,15m,1,0.08,2023-07-24 14:00:00,1965.7435314600002,2023-07-24 16:15:00,1963.112803378437,1963.174467538452,1969.911064923096,stop,9,-21.04582465250496,-1.92,-0.49331328011947995,0.0,-21.04582465250496,-31.286067360158412,-1.0240025791097525,1.3053515063880674,0.8238286802627616,break_up
XAUUSD.a,15m,-1,0.05,2023-07-24 21:15:00,1955.116229273279,2023-07-25 04:15:00,1959.1354076680382,1958.8565994505998,1947.7668010988007,stop,24,-20.095891973795688,-1.2,-0.19404108719133148,1.5115,-18.584391973795686,-27.52101642843811,-0.9937193963570616,1.2548947040538867,0.5283512539110538,break_dn
XAUUSD.a,15m,1,0.07,2023-07-25 12:30:00,1963.3250545831852,2023-07-25 13:15:00,1960.5015593062017,1960.5522528116269,1967.9254943767462,stop,3,-19.764466938884656,-1.6800000000000002,-0.35485453797666866,0.0,-19.764466938884656,-29.22613630687111,-1.0182824123762464,1.0332706119034984,0.09915797791062367,break_up
XAUUSD.a,15m,1,0.05,2023-07-25 19:00:00,1964.5359737493243,2023-07-26 11:30:00,1972.4001524191056,1960.1599237904472,1972.4001524191056,target,62,39.32089334890634,-1.2,-0.0,-12.437999999999999,26.88289334890634,39.73643940240099,1.2286374059497642,0.7531846711754786,1.8130565978985578,break_up
XAUUSD.a,15m,1,0.08,2023-07-26 11:45:00,1972.3478227203238,2023-07-26 13:15:00,1969.7603102478072,1969.7990205830383,1976.6119588339232,stop,6,-20.700099780133314,-1.92,-0.3096826818494084,0.0,-20.700099780133314,-30.62733925182848,-1.0151876580236907,1.0584669091642178,0.04008835294881578,break_up
XAUUSD.a,15m,1,0.1,2023-07-26 14:15:00,1973.488072438299,2023-07-26 14:45:00,1971.2841802131516,1971.3266657392167,1976.9766685215668,stop,2,-22.03892225147456,-2.4,-0.42485526065200147,0.0,-22.03892225147456,-32.67058355046779,-1.0196564237924914,1.0030839819361828,0.29699526793066255,break_up
XAUUSD.a,15m,1,0.09,2023-07-26 15:30:00,1973.8404283286602,2023-07-26 16:00:00,1971.4548061985372,1971.5038943685136,1977.7622112629726,stop,2,-21.470599171107096,-2.16,-0.4417935297865752,0.0,-21.470599171107096,-31.818194062014992,-1.0210089691883941,1.797717645155249,0.11109261657100311,break_up
XAUUSD.a,15m,1,0.04,2023-07-26 21:45:00,1976.4049293857329,2023-07-27 01:00:00,1971.1034801217038,1971.543748443697,1985.2425031126056,stop_gap,9,-21.205797056116353,-0.96,-0.3060795131846615,-3.3168,-24.522597056116354,-36.2851561133959,-1.2611440177048,1.1509403686976942,0.2931531722969004,break_up
XAUUSD.a,15m,1,0.07,2023-07-27 04:45:00,1976.7966181528934,2023-07-27 05:30:00,1981.5310989408647,1973.9994505295676,1981.5310989408647,target,3,33.14136551579895,-1.6800000000000002,-0.0,0.0,33.14136551579895,48.74948960151648,1.6925981655479319,0.2418940313948863,1.8781076269073829,break_up
XAUUSD.a,15m,1,0.07,2023-07-27 05:45:00,1981.2976303015616,2023-07-27 06:45:00,1978.2001166196942,1978.2504963954218,1986.4390072091564,stop,4,-21.682595773072084,-1.6800000000000002,-0.3526584300928671,0.0,-21.682595773072084,-31.84308842899619,-1.0165334958290126,1.5055558576922858,0.0,break_up
XAUUSD.a,15m,1,0.07,2023-07-27 10:45:00,1980.9889404164103,2023-07-27 11:15:00,1977.9004771150674,1977.9595046434347,1986.1209907131308,stop,2,-21.61924310940049,-1.6800000000000002,-0.4131926985716811,0.0,-21.61924310940049,-31.735600471794385,-1.0194846607721098,1.22099978134777,0.36345368118107924,break_up
XAUUSD.a,15m,-1,0.05,2023-07-27 23:15:00,1943.7039639762002,2023-07-28 01:15:00,1947.815754344314,1947.5156760068082,1936.0986479863836,stop,4,-20.55895184056908,-1.2,-0.3003916875291234,1.5115,-19.047451840569078,-28.377360389394052,-0.999417148389904,1.0090048757398506,0.01678090466604659,break_dn
XAUUSD.a,15m,-1,0.05,2023-07-28 11:15:00,1947.987216525957,2023-07-28 12:45:00,1952.2837220684191,1951.9826621769805,1940.064675646039,stop,6,-21.48252771231114,-1.2,-0.30529945719342133,0.0,-21.48252771231114,-32.28513332177809,-1.0753507662809774,1.4248181482795812,0.03934893368320634,break_dn
XAUUSD.a,15m,1,0.04,2023-07-28 18:15:00,1960.7972944943215,2023-07-31 03:45:00,1956.4259330535056,1956.466517195405,1968.62696560919,stop,34,-17.48544576326367,-0.96,-0.16233656759771145,-3.3168,-20.80224576326367,-31.1999366518638,-1.2008378824090211,1.0315225618826513,0.6125241088573764,break_up
XAUUSD.a,15m,-1,0.07,2023-07-31 06:45:00,1955.1204318640364,2023-07-31 13:15:00,1958.1556061035515,1957.867460068371,1949.7150798632583,stop,26,-21.24621967660551,-1.6800000000000002,-0.3370222462629405,0.0,-21.24621967660551,-31.676262693789614,-1.1048937301502104,1.1319753219340762,1.5181612833300178,break_dn
XAUUSD.a,15m,-1,0.09,2023-08-01 14:15:00,1953.4272584589426,2023-08-01 14:15:00,1955.9416779692283,1955.652565657642,1949.074868684716,stop,0,-22.629775592571605,-2.16,-0.4420108042749755,0.0,-22.629775592571605,-34.1396005077567,-1.1299201798992888,1.1291661405337483,0.08414948688971434,break_dn
XAUUSD.a,15m,-1,0.08,2023-08-01 15:15:00,1953.0594843931137,2023-08-01 15:30:00,1948.32675472125,1955.561622639375,1948.08675472125,target,1,37.861837374910465,-1.92,-0.0,0.0,37.861837374910465,57.30824371457833,1.8914740937818406,0.5637240903830706,2.0620301059796113,break_dn
XAUUSD.a,15m,-1,0.04,2023-08-01 18:15:00,1943.0582753234025,2023-08-02 01:00:00,1949.77479485797,1947.2414587206842,1934.8770825586312,stop_gap,23,-26.866078138269586,-0.96,-0.2191794318797417,3.6276,-23.238478138269585,-35.11564159491906,-1.3888034501051443,2.082558628019618,0.4370535904762294,break_dn
XAUUSD.a,15m,1,0.07,2023-08-02 11:45:00,1951.4532488439818,2023-08-02 12:30:00,1948.6289370362626,1948.6788286052647,1956.0923427894709,stop,3,-19.77018265403399,-1.6800000000000002,-0.34924098301418344,0.0,-19.77018265403399,-30.03035309115957,-1.017982700784048,1.1185215565673794,0.0,break_up
XAUUSD.a,15m,1,0.07,2023-08-02 13:45:00,1951.90176615464,2023-08-02 15:15:00,1949.2062473660073,1949.2661301347816,1956.387739730437,stop,6,-18.868631520428384,-1.6800000000000002,-0.41917938142027256,0.0,-18.868631520428384,-28.750009935133907,-1.022720424338982,2.5389568605909427,1.073074515619975,break_up
XAUUSD.a,15m,-1,0.06,2023-08-02 16:15:00,1944.6929316628668,2023-08-02 17:15:00,1938.3163671121506,1948.0718164439247,1938.0763671121506,target,4,38.259387304297434,-1.44,-0.0,0.0,38.259387304297434,58.50238127205333,1.8871802277672913,0.8603632634738465,2.945626236994894,break_dn
XAUUSD.a,15m,-1,0.02,2023-08-02 17:30:00,1935.233433230389,2023-08-03 18:45:00,1935.8328959210287,1943.7235475186617,1918.4229049626765,signal,97,-1.1989253812794232,-0.48,-0.25158368411491283,0.6046,-0.5943253812794231,-0.9070346457472424,-0.03500102360814846,0.4471749897236534,0.6811961575567391,break_dn
XAUUSD.a,15m,-1,0.09,2023-08-04 10:30:00,1932.7296491371924,2023-08-04 15:30:00,1935.2467855875666,1934.9295885834117,1928.4208228331765,stop,20,-22.654228053367888,-2.16,-0.6947730373939215,0.0,-22.654228053367888,-34.44776481565581,-1.1441844250304212,4.573012625459588,3.209019752486618,break_dn
XAUUSD.a,15m,1,0.01,2023-08-07 01:15:00,1944.8525209043514,2023-08-08 02:30:00,1936.996462845417,1930.2682617194018,1973.0834765611962,signal,97,-7.856058058934423,-0.24,-0.047074309166045075,-0.8292,-8.685258058934423,-13.215145703013333,-0.5955227446792283,0.9210286744089965,0.123247884781395,break_up
XAUUSD.a,15m,-1,0.06,2023-08-08 11:00:00,1930.4605866075908,2023-08-08 11:30:00,1934.080581506522,1933.7947192872582,1923.8505614254836,stop,2,-21.71996939358769,-1.44,-0.2751733155837879,0.0,-21.71996939358769,-33.2832287130891,-1.0857381054470836,1.0285773608599769,0.0,break_dn
XAUUSD.a,15m,-1,0.08,2023-08-09 15:15:00,1923.5004695344714,2023-08-09 15:30:00,1926.0671808604268,1925.7796419977265,1919.060716004547,stop,1,-20.53369060764271,-1.92,-0.3803109016031938,0.0,-20.53369060764271,-31.42975970067151,-1.1261593263941425,1.2677980767642116,0.6144640465125023,break_dn
XAUUSD.a,15m,-1,0.07,2023-08-09 17:00:00,1922.757358187664,2023-08-09 17:00:00,1925.5923278960483,1925.2883651775446,1917.8232696449106,stop,0,-19.844787958689952,-1.6800000000000002,-0.4477390295264358,0.0,-19.844787958689952,-30.395300829680274,-1.1200955665942556,1.8343061994289978,0.2913299689065198,break_dn
XAUUSD.a,15m,-1,0.05,2023-08-09 17:45:00,1921.7752262894671,2023-08-09 23:30:00,1914.7762216218105,1925.5068891890946,1914.5362216218105,target,23,34.99502333828332,-1.2,-0.0,0.0,34.99502333828332,53.60839372276432,1.8755725948223507,0.036116260808661815,2.0943012538048924,break_dn
XAUUSD.a,15m,-1,0.1,2023-08-10 07:45:00,1917.3183770626295,2023-08-10 10:00:00,1919.6131724130712,1919.329586737528,1913.3308265249439,stop,9,-22.947953504417455,-2.4,-0.4358567554315315,0.0,-22.947953504417455,-35.029160758372576,-1.1410025414468765,1.6266941126044256,0.9041210796289608,break_dn
XAUUSD.a,15m,1,0.07,2023-08-10 13:30:00,1921.8863674555325,2023-08-10 15:30:00,1926.1718983622777,1919.344050818861,1926.1718983622777,target,8,29.998716347216263,-1.6800000000000002,-0.0,0.0,29.998716347216263,45.55129499858217,1.6856794487864684,0.4273139859379874,3.2229001007500893,break_up
XAUUSD.a,15m,-1,0.05,2023-08-10 18:15:00,1913.671125168193,2023-08-10 18:30:00,1918.0062012174328,1917.6778755588443,1905.8042488823114,stop,1,-21.67538024619944,-1.2,-0.44162829294237793,0.0,-21.67538024619944,-33.059880797693,-1.0819431276164684,1.4073436780498485,0.035221851733572396,break_dn
XAUUSD.a,15m,-1,0.09,2023-08-11 01:00:00,1912.557823169557,2023-08-11 03:45:00,1914.8943047546222,1914.6174557051718,1907.5750885896564,stop,11,-21.02833426558732,-2.16,-0.33164144505322846,0.0,-21.02833426558732,-32.242650555186856,-1.1344167198095882,1.2439970655630086,0.8971615749919916,break_dn
XAUUSD.a,15m,1,0.09,2023-08-11 11:00:00,1918.103838080837,2023-08-11 15:30:00,1916.0020149595455,1916.047715379673,1921.4245692406537,stop,18,-18.916408091623907,-2.16,-0.4113037811484826,0.0,-18.916408091623907,-29.073986892125948,-1.0222265043334662,1.5630575349503923,1.3453292051086858,break_up
XAUUSD.a,15m,-1,0.09,2023-08-14 03:30:00,1911.2769605520043,2023-08-14 06:15:00,1913.7196189671615,1913.4434756185635,1906.923048762873,stop,11,-21.983925736414903,-2.16,-0.32529013738282386,0.0,-21.983925736414903,-33.99506051898142,-1.127459694539101,1.0676313697042956,0.570944818753948,break_dn
XAUUSD.a,15m,-1,0.05,2023-08-14 17:00:00,1904.1204882409038,2023-08-14 17:00:00,1907.976753967611,1907.6624863289665,1897.1850273420673,stop,0,-19.281328633536532,-1.2,-0.37133819322292483,0.0,-19.281328633536532,-29.74595592955343,-1.0887260892951367,1.117875182496736,0.25140844765132075,break_dn
XAUUSD.a,15m,-1,0.12,2023-08-15 03:15:00,1906.799504233143,2023-08-15 04:30:00,1903.9489174153834,1908.3905412923082,1903.7089174153834,target,5,34.20704181311339,-2.88,-0.0,0.0,34.20704181311339,52.71786615672384,1.7916533127487235,0.37742412308877277,2.0172403996842307,break_dn
XAUUSD.a,15m,-1,0.1,2023-08-15 11:30:00,1903.7527021914725,2023-08-15 15:30:00,1900.312583761151,1905.6337081194245,1900.072583761151,target,16,34.401184303214905,-2.4,-0.0,0.0,34.401184303214905,53.15797620832095,1.8288716580851596,0.7481623463355324,3.9780322221630366,break_dn
XAUUSD.a,15m,-1,0.09,2023-08-16 01:45:00,1901.0937408103296,2023-08-16 04:30:00,1903.4060886931297,1903.1296369765826,1897.2207260468351,stop,11,-20.811130945201512,-2.16,-0.32806544892354766,0.0,-20.811130945201512,-32.3094003372066,-1.1357887111973752,1.162269092546846,0.43407951003514333,break_dn
XAUUSD.a,15m,1,0.11,2023-08-16 08:45:00,1905.3010561315643,2023-08-16 10:15:00,1903.5989824792987,1903.6327512341875,1907.854497531625,stop,6,-18.722810174922188,-2.6399999999999997,-0.37145630377698596,0.0,-18.722810174922188,-28.913750772032905,-1.0202413569257591,1.1155371745839127,0.7186599226081581,break_up
XAUUSD.a,15m,-1,0.06,2023-08-16 19:30:00,1899.7228382670355,2023-08-16 22:00:00,1893.8691527395658,1902.825423630217,1893.6291527395658,target,10,35.122113164818074,-1.44,-0.0,0.0,35.122113164818074,54.69541402936754,1.8867121584906175,0.36652069156874995,2.0056944575585423,break_dn
XAUUSD.a,15m,-1,0.05,2023-08-16 22:30:00,1892.920313290419,2023-08-17 09:30:00,1896.521861891176,1896.2453185500947,1886.3593628998108,stop,40,-18.007743003785208,-1.2,-0.18271670540668417,1.5115,-16.496243003785207,-25.765717549333385,-0.9922536486690748,1.0796033176594522,1.0015963976983162,break_dn
XAUUSD.a,15m,-1,0.06,2023-08-17 19:00:00,1889.3852773738072,2023-08-18 03:45:00,1892.8512277721834,1892.5756514505501,1883.1386970989,stop,31,-20.795702390257247,-1.44,-0.2134579297987929,1.8137999999999999,-18.981902390257247,-29.588948731539542,-0.9916236536143029,1.3994354639286526,1.3902060595775347,break_dn
XAUUSD.a,15m,1,0.09,2023-08-18 10:45:00,1894.0944355214237,2023-08-18 11:15:00,1891.9715964391933,1892.009136258994,1897.351727482012,stop,2,-19.10555174007436,-2.16,-0.3378583782069753,0.0,-19.10555174007436,-29.860822950320966,-1.0180021258708796,1.23456405888911,0.0,break_up
XAUUSD.a,15m,1,0.05,2023-08-18 13:15:00,1895.2752848611271,2023-08-18 15:15:00,1891.4810815334636,1891.524890014149,1902.010219971702,stop,8,-18.971016638317906,-1.2,-0.21904240342635056,0.0,-18.971016638317906,-29.701616730833397,-1.0116810315907547,1.521249120135733,0.0679168858921761,break_up
XAUUSD.a,15m,-1,0.06,2023-08-21 13:30:00,1886.9806669468257,2023-08-21 14:15:00,1890.3274174348128,1890.043510555536,1880.942978888928,stop,3,-20.080502927922225,-1.44,-0.2634412756611535,0.0,-20.080502927922225,-31.28778891854507,-1.0926938869713998,1.0968020187582623,0.06551655012848709,break_dn
XAUUSD.a,15m,1,0.11,2023-08-22 02:15:00,1895.7572715979259,2023-08-22 03:00:00,1894.007956553061,1894.0345775628878,1898.4308448742245,stop,3,-19.242465493514374,-2.6399999999999997,-0.29283110809506485,0.0,-19.242465493514374,-30.01335999487526,-1.0154531270703862,1.2290468039374933,0.04802269026967619,break_up
XAUUSD.a,15m,1,0.13,2023-08-22 04:00:00,1895.7382330480643,2023-08-22 04:45:00,1894.3158487527535,1894.3503390260394,1897.8593219479212,stop,3,-18.490995839041034,-3.12,-0.4483735527156309,0.0,-18.490995839041034,-28.841258152076854,-1.0248507974950138,1.0578855624164778,1.089252441429188,break_up
XAUUSD.a,15m,1,0.08,2023-08-22 06:30:00,1897.0044226858843,2023-08-22 07:45:00,1894.801363448683,1894.8342363278498,1900.5515273443004,stop,5,-17.624473897609278,-1.92,-0.26298303333398537,0.0,-17.624473897609278,-27.46442980990039,-1.0151474913870815,1.4581340787481274,0.0,break_up
XAUUSD.a,15m,1,0.06,2023-08-22 09:15:00,1898.3078226089822,2023-08-22 12:45:00,1903.112721645279,1895.4886391773605,1903.112721645279,target,14,28.829394217780646,-1.44,-0.0,0.0,28.829394217780646,44.671802122506264,1.704358426061274,0.25816787968407623,1.923314861388359,break_up
XAUUSD.a,15m,1,0.12,2023-08-23 02:30:00,1898.3257610745911,2023-08-23 04:15:00,1900.501192648288,1896.839403675856,1900.501192648288,target,7,26.10517888436243,-2.88,-0.0,0.0,26.10517888436243,40.490094899201885,1.4635992497820627,0.17880025007264574,2.236500405782398,break_up
XAUUSD.a,15m,1,0.05,2023-08-23 15:30:00,1906.7646804584558,2023-08-23 16:00:00,1903.4799744906568,1903.5415265121799,1912.3869469756403,stop,2,-16.423529838995137,-1.2,-0.30776010761543765,0.0,-16.423529838995137,-25.454943953805234,-1.0190968295492686,1.1587037171373462,0.5725198275670892,break_up
XAUUSD.a,15m,1,0.1,2023-08-24 02:45:00,1917.5022755695393,2023-08-24 05:30:00,1920.4410053909348,1915.6394973045326,1920.4410053909348,target,11,29.387298213955546,-2.4,-0.0,0.0,29.387298213955546,45.36897244875343,1.577605814176178,0.20521796754914184,1.7595891534889345,break_up
XAUUSD.a,15m,1,0.09,2023-08-24 05:45:00,1920.3426298177146,2023-08-24 14:15:00,1918.1918490007577,1918.2306413943138,1923.7487172113722,stop,34,-19.357027352612704,-2.16,-0.34913154200607,0.0,-19.357027352612704,-30.062630810561906,-1.018367711265048,1.2512520373853655,1.206147796105619,break_up
XAUUSD.a,15m,-1,0.12,2023-08-25 01:45:00,1916.7593377783323,2023-08-25 06:30:00,1914.0233179667384,1918.3083410166307,1913.7833179667384,target,19,32.83223773912687,-2.88,-0.0,0.0,32.83223773912687,51.23312798690292,1.7663099365754,0.49752137543251757,1.98149216376334,break_dn
XAUUSD.a,15m,-1,0.09,2023-08-25 10:00:00,1913.0469827694785,2023-08-25 10:30:00,1915.3994324746925,1915.1225331484823,1908.9649337030353,stop,2,-21.172047346925865,-2.16,-0.3320939358918692,0.0,-21.172047346925865,-32.992142095469845,-1.1334100723409817,1.4709434477744778,0.0,break_dn
XAUUSD.a,15m,-1,0.02,2023-08-25 17:45:00,1905.2037491421058,2023-08-25 21:15:00,1914.1428344811654,1913.828707732766,1888.302584534468,stop,14,-17.878170678119204,-0.48,-0.14825349679899646,0.0,-17.878170678119204,-27.852824014020072,-1.0364206674267047,1.0673965284730358,0.1697108602574525,break_dn
XAUUSD.a,15m,1,0.06,2023-08-28 04:30:00,1917.366689049213,2023-08-28 10:15:00,1914.4694879711446,1914.505711398767,1922.1985772024657,stop,23,-17.383206468409753,-1.44,-0.21734056573401903,0.0,-17.383206468409753,-27.131161474629323,-1.0126612060799467,1.0369493969134977,0.14096962649260475,break_up
XAUUSD.a,15m,1,0.12,2023-08-29 02:30:00,1921.4270353165211,2023-08-29 05:45:00,1923.7840597279178,1919.8629701360412,1923.7840597279178,target,13,28.28429293675981,-2.88,-0.0,0.0,28.28429293675981,43.89925956349497,1.5069860519965061,0.3817202275022937,1.6002943577523374,break_up
XAUUSD.a,15m,1,0.08,2023-08-29 06:00:00,1924.1291717165789,2023-08-29 10:00:00,1921.7315961002032,1921.7621383380583,1927.8757233238832,stop,16,-19.18060493100529,-1.92,-0.2443379028416268,0.0,-19.18060493100529,-29.80113254871709,-1.0129031715954109,1.0853973331735258,0.7100991049275519,break_up
XAUUSD.a,15m,-1,0.08,2023-08-29 14:30:00,1918.6763520573013,2023-08-29 16:45:00,1921.26688522532,1920.978794245782,1914.0824115084363,stop,9,-20.7242653441499,-1.92,-0.38472783630386037,0.0,-20.7242653441499,-32.31501488204001,-1.1251240882309361,1.4044426213509467,1.8529681564411042,break_dn
XAUUSD.a,15m,1,0.11,2023-08-30 12:00:00,1936.8705176658293,2023-08-30 14:45:00,1939.3673969794381,1935.1863015102808,1939.3673969794381,target,11,27.465672449696967,-2.6399999999999997,-0.0,0.0,27.465672449696967,42.46524699232655,1.4825171373538326,0.5465555373024485,1.6503121199817792,break_up
XAUUSD.a,15m,1,0.08,2023-08-30 15:30:00,1940.9811222232452,2023-08-30 15:30:00,1944.5619358921012,1938.6490320539492,1944.5619358921012,target,0,28.646509350848646,-1.92,-0.0,0.0,28.646509350848646,44.009938932953325,1.5354524949338098,0.17628916268248115,2.027742254143843,break_up
XAUUSD.a,15m,1,0.05,2023-08-30 15:45:00,1944.4428563501563,2023-08-31 16:30:00,1941.1036942105059,1941.1578995329276,1950.194200934145,stop,95,-16.69581069825199,-1.2,-0.27102661210848533,-4.146,-20.84181069825199,-32.176198317615075,-1.268924485639651,1.2428949838070604,1.4085858375901827,break_up
XAUUSD.a,15m,-1,0.05,2023-08-31 18:45:00,1940.0211390636582,2023-09-01 04:15:00,1943.6334146873944,1943.3624648611046,1933.4850702777906,stop,34,-18.061378118680977,-1.2,-0.15474913144877073,1.5115,-16.549878118680976,-25.523392428797656,-0.990617444807633,1.1997815176854363,0.4133506121173926,break_dn
XAUUSD.a,15m,-1,0.13,2023-09-01 07:30:00,1938.4213777230518,2023-09-01 07:30:00,1940.0721009488561,1939.8041675334337,1935.7416649331328,stop,0,-21.45940193545607,-3.12,-0.3631344004926805,0.0,-21.45940193545607,-33.153710098499964,-1.1937629373682543,1.1416212826389485,0.037155121238376,break_dn
XAUUSD.a,15m,1,0.13,2023-09-01 14:15:00,1944.8775538399607,2023-09-01 15:30:00,1947.0247874161676,1943.402606291916,1947.0247874161676,target,5,27.91403649068934,-3.12,-0.0,0.0,27.91403649068934,42.880021645349075,1.455803346399358,0.6017528156423833,5.432360066404934,break_up
XAUUSD.a,15m,-1,0.1,2023-09-01 23:30:00,1939.8846334378054,2023-09-04 04:00:00,1942.0170915758138,1941.7482633393674,1936.1434733212654,stop,14,-21.3245813800836,-2.4,-0.2882823644634668,3.023,-18.3015813800836,-28.342467254244962,-0.9820394792304952,1.3336159503082294,0.28687747355705306,break_dn
XAUUSD.a,15m,1,0.1,2023-09-04 05:30:00,1944.9822352914828,2023-09-04 10:30:00,1943.182950818055,1943.2132221454165,1947.7335557091671,stop,20,-17.992844734278606,-2.4,-0.3027132736166452,0.0,-17.992844734278606,-27.832881747174774,-1.0171119855320885,1.0640029983204624,0.7279565510187296,break_up
XAUUSD.a,15m,-1,0.12,2023-09-04 14:00:00,1940.5197566550867,2023-09-04 17:00:00,1937.808910681583,1941.9955446592085,1937.568910681583,target,12,32.53015168204365,-2.88,-0.0,0.0,32.53015168204365,50.38669116346347,1.8368803418461133,0.9962429161959796,2.242704674277511,break_dn
XAUUSD.a,15m,-1,0.1,2023-09-05 05:00:00,1935.792479015367,2023-09-05 07:15:00,1937.9190777110466,1937.6542068648557,1932.0915862702884,stop,9,-21.26598695679604,-2.4,-0.24870846190767215,0.0,-21.26598695679604,-33.095721733061566,-1.1422715174313094,1.0299684699670983,0.34509824598872474,break_dn
XAUUSD.a,15m,-1,0.05,2023-09-05 11:30:00,1933.0765123792723,2023-09-05 17:00:00,1926.5977931600764,1936.4861034199616,1926.3577931600764,target,22,32.39359609597955,-1.2,-0.0,0.0,32.39359609597955,50.82863299803792,1.900145542934719,0.4908176965379809,2.137063446119133,break_dn
XAUUSD.a,15m,-1,0.05,2023-09-05 17:15:00,1926.1204874258035,2023-09-06 17:00:00,1919.64501437097,1929.4474928145148,1919.40501437097,target,91,32.377365274167005,-1.2,-0.0,4.5345,36.911865274167006,57.89279203589612,2.2189242854496545,0.907576700789829,2.0800950456182004,break_dn
XAUUSD.a,15m,-1,0.03,2023-09-06 17:30:00,1918.91648523207,2023-09-07 18:45:00,1920.8107762507723,1924.0348482336542,1908.8703035326917,signal,97,-5.6828730561067005,-0.72,-0.2446575046332457,0.9068999999999999,-4.7759730561067,-7.487259447085188,-0.31103519195678475,0.9091802919194295,0.7143856797453316,break_dn
XAUUSD.a,15m,-1,0.07,2023-09-07 20:15:00,1917.716490543187,2023-09-07 21:15:00,1920.467350839336,1920.182432289928,1912.8851354201438,stop,4,-19.256022073042008,-1.6800000000000002,-0.31442984585495287,0.0,-19.256022073042008,-30.189423794434354,-1.1155414761051825,1.0922843008650687,0.11212371239200909,break_dn
XAUUSD.a,15m,1,0.06,2023-09-08 03:45:00,1923.0413215690157,2023-09-08 16:00:00,1920.212506030316,1920.2570498982207,1927.8259002035586,stop,49,-16.972893232198203,-1.44,-0.2672632074270579,0.0,-16.972893232198203,-26.52885045436503,-1.0159983913825126,1.020490061662812,1.5151820403285454,break_up
XAUUSD.a,15m,1,0.02,2023-09-08 17:00:00,1928.8209347860477,2023-09-08 18:00:00,1921.7645121901455,1921.8319730589624,1942.076053882075,stop,4,-14.112845191804354,-0.48,-0.13492173763372164,0.0,-14.112845191804354,-22.10381717799203,-1.0096524879447273,1.0646695570259987,0.12720991309865293,break_up
XAUUSD.a,15m,-1,0.12,2023-09-11 01:30:00,1918.4289375334515,2023-09-11 03:45:00,1920.182962643739,1919.9112637912883,1915.5274724174235,stop,9,-21.048301323450687,-2.88,-0.3803862294102154,0.0,-21.048301323450687,-32.92243649359593,-1.1832922077810666,1.194785869295121,1.2270831227843455,break_dn
XAUUSD.a,15m,1,0.05,2023-09-11 08:00:00,1926.752829485143,2023-09-11 17:30:00,1922.9210527580385,1922.97627808441,1933.51744383118,stop,38,-19.15888363552199,-1.2,-0.27612663185728925,0.0,-19.15888363552199,-29.769234027660875,-1.0146232158685407,1.3882584741533097,1.0372347941820765,break_up
XAUUSD.a,15m,-1,0.14,2023-09-12 02:15:00,1922.0937551701109,2023-09-12 04:00:00,1923.6747353286166,1923.4078334975277,1919.5443330049443,stop,7,-22.13372221908094,-3.3600000000000003,-0.37662563524392556,0.0,-22.13372221908094,-34.45956348037698,-1.2031095297139625,1.0777476504563739,0.7714571871097864,break_dn
XAUUSD.a,15m,-1,0.1,2023-09-12 09:00:00,1920.2596230774725,2023-09-12 13:30:00,1916.874426026671,1921.9977869866646,1916.634426026671,target,18,33.8519705080148,-2.4,-0.0,0.0,33.8519705080148,52.7396053842909,1.9475706709242475,0.6215621650029599,2.9799393774550307,break_dn
XAUUSD.a,15m,-1,0.05,2023-09-12 13:45:00,1915.9872619491432,2023-09-12 15:15:00,1908.9026839202088,1919.6836580398956,1908.6626839202088,target,6,35.42289014467201,-1.2,-0.0,0.0,35.42289014467201,55.21454312940848,1.9166176608233465,0.052142153093130576,1.9957985475635784,break_dn
XAUUSD.a,15m,-1,0.13,2023-09-13 04:00:00,1912.5339351756193,2023-09-13 05:30:00,1910.0159645038325,1913.9370177480837,1909.7759645038325,target,6,32.73361873322801,-3.12,-0.0,0.0,32.73361873322801,51.116727412633345,1.7945990643758842,0.9165995285094167,2.3832775356519424,break_dn
XAUUSD.a,15m,-1,0.1,2023-09-13 05:45:00,1909.4991491323126,2023-09-13 07:15:00,1911.6335448486589,1911.362568089146,1905.7148638217081,stop,6,-21.34395716346262,-2.4,-0.3097675951298651,0.0,-21.34395716346262,-33.29998309327044,-1.1454191278451924,1.2293804671711495,0.718651663063591,break_dn
XAUUSD.a,15m,1,0.04,2023-09-13 16:45:00,1914.688332520841,2023-09-13 17:15:00,1910.340798120498,1910.4153894165856,1922.339221166829,stop,2,-17.390137601371862,-0.96,-0.2983651843501854,0.0,-17.390137601371862,-27.081114383511427,-1.017456655580872,1.0270046695615422,0.0,break_up
XAUUSD.a,15m,-1,0.07,2023-09-13 22:15:00,1908.5699457124513,2023-09-14 03:30:00,1911.4347677698704,1911.1650229677923,1903.469954064415,stop,17,-20.053754401933933,-1.6800000000000002,-0.20821361454663867,2.1161000000000003,-17.937654401933933,-27.823689528197946,-0.9874550178207979,1.1560558674598704,0.41229821202785816,break_dn
XAUUSD.a,15m,-1,0.08,2023-09-14 09:00:00,1907.98776956807,2023-09-14 15:30:00,1903.5711982397115,1910.3494008801442,1903.3311982397115,target,26,35.33257062686789,-1.92,-0.0,0.0,35.33257062686789,54.85572213455658,1.8701358276281521,0.9790818829799105,2.9165304223632447,break_dn
XAUUSD.a,15m,-1,0.07,2023-09-14 15:45:00,1902.8837352789233,2023-09-14 15:45:00,1905.8272315132187,1905.5328344316038,1897.6343311367928,stop,0,-20.604473640068367,-1.6800000000000002,-0.38077957130559825,0.0,-20.604473640068367,-31.989556963310616,-1.11113101648804,1.198998051040397,0.37889683287525466,break_dn
XAUUSD.a,15m,-1,0.06,2023-09-14 16:30:00,1902.3229104255809,2023-09-14 16:30:00,1905.5970845566849,1905.2864501950564,1896.5370996098868,stop,0,-19.645044786624112,-1.44,-0.42380616977042884,0.0,-19.645044786624112,-30.494783978243294,-1.1048186917644822,1.5917078700967926,0.0,break_dn
XAUUSD.a,15m,1,0.11,2023-09-15 03:45:00,1911.1809010033742,2023-09-15 04:30:00,1913.7185519781608,1909.5057240109197,1913.7185519781608,target,3,27.914160722652923,-2.6399999999999997,-0.0,0.0,27.914160722652923,43.29656396986742,1.514855436898335,0.44825174101388393,2.351452422262669,break_up
XAUUSD.a,15m,1,0.04,2023-09-15 04:45:00,1915.0449388837299,2023-09-15 16:15:00,1923.5381874786033,1910.4009062606983,1923.5381874786033,target,46,33.972994379493684,-0.96,-0.0,0.0,33.972994379493684,52.76456742070277,1.8288520525786471,0.2400798991377415,2.2965086557269347,break_up
XAUUSD.a,15m,1,0.07,2023-09-18 04:15:00,1926.560551894309,2023-09-18 04:30:00,1923.8416703499952,1923.874817631354,1931.1203647372918,stop,1,-19.032170810196025,-1.6800000000000002,-0.23203096951243837,0.0,-19.032170810196025,-29.58153938604872,-1.0123419810426109,1.2065794963436618,0.0,break_up
XAUUSD.a,15m,1,0.08,2023-09-18 05:45:00,1927.9128285646577,2023-09-18 11:15:00,1925.6121676466717,1925.6462733873439,1931.6574532253126,stop,22,-18.40528734388863,-1.92,-0.27284592537800223,0.0,-18.40528734388863,-28.58807310213981,-1.015047390424716,1.1439512219290369,1.1679271971130274,break_up
XAUUSD.a,15m,1,0.05,2023-09-18 19:45:00,1930.7130947850274,2023-09-19 15:15:00,1937.142393742833,1927.0888031285835,1937.142393742833,target,74,32.146494789028566,-1.2,-0.0,-4.146,28.000494789028565,43.273413267747294,1.5451568164634402,0.25193744642596905,1.8257099158143255,break_up
XAUUSD.a,15m,-1,0.09,2023-09-19 20:00:00,1930.8508032903733,2023-09-19 20:30:00,1933.148991433543,1932.8651803830817,1926.909639233837,stop,2,-20.683693288527138,-2.16,-0.39429945415232937,0.0,-20.683693288527138,-32.02851281148227,-1.1408927114434604,1.0669286884795992,0.10464936835125832,break_dn
XAUUSD.a,15m,-1,0.08,2023-09-19 21:15:00,1930.5132320024627,2023-09-20 13:45:00,1932.9281419227382,1932.658539948366,1926.3329201032677,stop,62,-19.319279362203815,-1.92,-0.23681579497735905,7.2552,-12.064079362203815,-18.618555716716795,-0.7029340114807938,1.0100032499646374,1.2087924288047338,break_dn
XAUUSD.a,15m,1,0.1,2023-09-20 15:15:00,1933.4023843444818,2023-09-20 15:30:00,1931.5893436503618,1931.6246147016043,1936.1407705967918,stop,1,-18.130406941199908,-2.4,-0.35271051242406437,0.0,-18.130406941199908,-27.9540024996144,-1.0198400571096486,1.4075976347707981,0.381160550374428,break_up
XAUUSD.a,15m,1,0.02,2023-09-20 16:45:00,1940.8763795008886,2023-09-20 22:45:00,1933.6338003206029,1933.7126422598392,1954.1347154803216,stop,24,-14.485158360571404,-0.48,-0.15768387847262103,0.0,-14.485158360571404,-22.47015134116934,-1.0110056994810683,1.1204179090902715,0.9134366991596936,break_up
XAUUSD.a,15m,-1,0.04,2023-09-21 03:30:00,1926.873290049533,2023-09-21 15:00:00,1918.3976403620477,1931.2861798189763,1918.1576403620477,target,46,33.90259874994081,-0.96,-0.0,0.0,33.90259874994081,52.957916132870146,1.920657467171285,0.8173124956443341,2.0266289249869236,break_dn
XAUUSD.a,15m,-1,0.08,2023-09-22 01:15:00,1920.0066026591253,2023-09-22 03:30:00,1922.6121715965355,1922.3429337394093,1915.3741325211813,stop,9,-20.844551499281806,-1.92,-0.2339028570086515,0.0,-20.844551499281806,-32.513221598917205,-1.1152395991297042,1.4866888388320665,0.024227156674372325,break_dn
XAUUSD.a,15m,1,0.09,2023-09-22 09:15:00,1925.6103113576225,2023-09-22 10:45:00,1928.5856571225333,1923.6871714387332,1928.5856571225333,target,6,26.778111884197187,-2.16,-0.0,0.0,26.778111884197187,41.62875335664768,1.547129117172694,0.6293412901134391,1.5961858064650682,break_up
XAUUSD.a,15m,1,0.07,2023-09-22 14:45:00,1926.9531964716593,2023-09-22 15:00:00,1924.4075019949541,1924.4445256519082,1931.1509486961838,stop,1,-17.819861336936356,-1.6800000000000002,-0.25916559867884686,0.0,-17.819861336936356,-27.596031432056797,-1.0147582762403662,1.0416657502791178,0.0,break_up
XAUUSD.a,15m,1,0.08,2023-09-22 16:15:00,1927.5873627473688,2023-09-22 16:45:00,1925.2714531208871,1925.3175467762853,1931.2349064474292,stop,2,-18.527277011853585,-1.92,-0.36874924318522206,0.0,-18.527277011853585,-28.69287607726934,-1.020307221371862,1.1971731549989026,0.34480207320836187,break_up
XAUUSD.a,15m,1,0.07,2023-09-22 17:30:00,1927.8335687465767,2023-09-22 19:45:00,1925.2269523266427,1925.270950009506,1932.138099980988,stop,9,-18.246314939537797,-1.6800000000000002,-0.30798378004169075,0.0,-18.246314939537797,-28.29149213808695,-1.0171690319073587,1.1525587883403448,0.49029191711107817,break_up
XAUUSD.a,15m,-1,0.14,2023-09-25 03:00:00,1924.7124700043898,2023-09-25 08:30:00,1922.552879085463,1926.0285604572684,1922.312879085463,target,22,30.23427286497554,-3.3600000000000003,-0.0,0.0,30.23427286497554,47.1181025526759,1.6409137489017516,0.44642068052772976,2.1901762132574394,break_dn
XAUUSD.a,15m,-1,0.14,2023-09-25 08:45:00,1922.3241623523866,2023-09-25 09:45:00,1923.9455249350583,1923.6758843535238,1919.6682312929522,stop,4,-22.69907615740431,-3.3600000000000003,-0.41496814148206096,0.0,-22.69907615740431,-35.338651717036896,-1.1994793169806237,1.8464134234063077,1.0757850735308643,break_dn
XAUUSD.a,15m,1,0.06,2023-09-25 15:45:00,1926.6563595704424,2023-09-25 16:15:00,1923.6637032471008,1923.7054825894843,1931.6690348210311,stop,2,-17.955937940049807,-1.44,-0.25067605430044937,0.0,-17.955937940049807,-27.933072928735584,-1.014158279946303,1.3305737906998552,0.05545484634347065,break_up
XAUUSD.a,15m,-1,0.04,2023-09-25 17:30:00,1916.5372768617347,2023-09-26 15:30:00,1908.4666579843895,1920.7566710078052,1908.2266579843895,target,84,32.282475509380674,-0.96,-0.0,1.2092,33.49167550938068,52.19129436876576,1.9843888926903943,0.6215876136406828,2.6679841873076797,break_dn
XAUUSD.a,15m,-1,0.05,2023-09-26 15:45:00,1908.3634712357882,2023-09-26 18:00:00,1901.8905866428486,1911.9697066785757,1901.6505866428486,target,9,32.36442296469818,-1.2,-0.0,0.0,32.36442296469818,50.53940311174331,1.794914584926927,0.7976541770074682,2.102877462134458,break_dn
XAUUSD.a,15m,-1,0.06,2023-09-26 18:15:00,1904.0041430711694,2023-09-27 07:15:00,1898.0398361515145,1907.1450819242427,1897.7998361515145,target,48,35.78584151792984,-1.44,-0.0,5.4414,41.22724151792984,64.5891297476576,2.187628362434292,0.3202408502306115,2.070763989819595,break_dn
XAUUSD.a,15m,-1,0.08,2023-09-27 08:15:00,1896.3889330128557,2023-09-27 09:00:00,1898.8203805402775,1898.540233581045,1892.1495328379103,stop,3,-19.45158021937459,-1.92,-0.32117567386038137,0.0,-19.45158021937459,-30.48120382257242,-1.1302221378895085,1.0603199854422647,0.3667237505170081,break_dn
XAUUSD.a,15m,-1,0.08,2023-09-27 14:15:00,1893.1253418985325,2023-09-27 16:30:00,1889.138929732062,1895.2605351339691,1888.898929732062,target,9,31.89129733176378,-1.92,-0.0,0.0,31.89129733176378,49.99497927818869,1.8670029954713931,0.493940353483693,3.477597144510424,break_dn
XAUUSD.a,15m,-1,0.04,2023-09-27 16:45:00,1885.8112519996398,2023-09-27 19:15:00,1877.6740928968632,1890.0579535515683,1877.4340928968631,target,10,32.5486364111066,-0.96,-0.0,0.0,32.5486364111066,51.21414295104415,1.916112776769411,0.753231175124042,2.093684213716903,break_dn
XAUUSD.a,15m,-1,0.07,2023-09-28 03:45:00,1876.2527680402968,2023-09-28 15:30:00,1879.1821652722042,1878.8928397882064,1871.0543204235871,stop,47,-20.505780623351715,-1.6800000000000002,-0.3452783879841045,0.0,-20.505780623351715,-32.095948634900715,-1.1095900080090202,1.279219764530033,1.0388990535838851,break_dn
XAUUSD.a,15m,-1,0.07,2023-09-28 16:00:00,1872.3620033782463,2023-09-28 16:00:00,1875.3401190827126,1875.043124150082,1867.1137516998365,stop,0,-20.846809931264037,-1.6800000000000002,-0.39896452841486635,0.0,-20.846809931264037,-32.58077663712438,-1.1107726797504023,1.5508427167594407,0.0,break_dn
XAUUSD.a,15m,-1,0.02,2023-09-28 17:45:00,1866.6670740556194,2023-09-29 10:30:00,1873.413844795771,1873.1290265858252,1853.9319468283497,stop,63,-13.493541480303065,-0.48,-0.08963641989140395,0.6046,-12.888941480303066,-19.889727910100095,-0.9972946582364254,1.130142307645224,1.400052695114969,break_dn
XAUUSD.a,15m,1,0.08,2023-09-29 12:45:00,1873.607553488033,2023-09-29 14:00:00,1871.3322762291598,1871.3753430604065,1877.3293138791867,stop,5,-18.20221807098642,-1.92,-0.3445346499733551,0.0,-18.20221807098642,-28.08160889706169,-1.0192933563582196,2.4359502225847844,0.019015461733207752,break_up
XAUUSD.a,15m,1,0.06,2023-09-29 15:45:00,1873.4265653714558,2023-09-29 16:00:00,1878.3173719867323,1870.536314006634,1878.3173719867323,target,1,29.344839691658763,-1.44,-0.0,0.0,29.344839691658763,45.326515950724826,1.6921734471970542,0.5489368124746902,1.8383987957642023,break_up
XAUUSD.a,15m,-1,0.04,2023-09-29 18:30:00,1854.7766871357098,2023-09-29 21:30:00,1846.6909223072253,1859.0345388463872,1846.4509223072253,target,12,32.343059313938284,-0.96,-0.0,0.0,32.343059313938284,50.23306202270413,1.899024526431463,0.3906460293389574,1.9955338309229327,break_dn
XAUUSD.a,15m,-1,0.07,2023-10-02 05:00:00,1843.8899212492274,2023-10-02 12:00:00,1838.8239653743183,1846.588017312841,1838.5839653743183,target,28,35.46169112436405,-1.6800000000000002,-0.0,0.0,35.46169112436405,55.43227787404694,1.8776039679344618,0.8710137427891029,2.6499876507923745,break_dn
XAUUSD.a,15m,-1,0.07,2023-10-02 12:15:00,1838.2177047224686,2023-10-02 12:30:00,1833.3598742955492,1840.8300628522254,1833.1198742955492,target,1,34.00481298843624,-1.6800000000000002,-0.0,0.0,34.00481298843624,53.15494503686906,1.8595576049030207,0.016190459129470064,2.7667357856258117,break_dn
XAUUSD.a,15m,-1,0.03,2023-10-03 02:15:00,1822.9311445220624,2023-10-03 11:15:00,1829.085729479579,1828.7844945500742,1811.1610108998518,stop,36,-18.46375487254977,-0.72,-0.18370478851393968,0.0,-18.46375487254977,-29.20325009497789,-1.0514636794422256,1.0556101118791708,1.3259320705101336,break_dn
XAUUSD.a,15m,1,0.02,2023-10-03 16:45:00,1831.064916284956,2023-10-03 17:00:00,1824.108540228764,1824.2061807685243,1843.8976384629514,stop,1,-13.912752112384169,-0.48,-0.19528107952039148,0.0,-13.912752112384169,-22.070071086762432,-1.0142359389024924,1.721150532291921,0.0,break_up
XAUUSD.a,15m,-1,0.05,2023-10-03 23:45:00,1823.1598619207145,2023-10-04 14:00:00,1826.8841169472287,1826.5883965769099,1816.4232068461804,stop,53,-18.621275132570645,-1.2,-0.27860185159411993,4.5345,-14.086775132570644,-22.291317423443118,-0.8217373627602681,1.1142188900971215,1.8870632994837964,break_dn
XAUUSD.a,15m,-1,0.05,2023-10-04 18:00:00,1818.3787601323131,2023-10-04 18:00:00,1822.5392512783774,1822.207391476847,1810.905217046306,stop,0,-20.8024557303213,-1.2,-0.4592990076517879,0.0,-20.8024557303213,-32.831122329347714,-1.0866784424162663,1.4159733282825997,0.2791493973006868,break_dn
XAUUSD.a,15m,1,0.04,2023-10-05 04:00:00,1825.869495064321,2023-10-05 10:00:00,1821.7521423801898,1821.7915478186053,1833.246904362789,stop,24,-16.46941073652488,-0.96,-0.1576217536619465,0.0,-16.46941073652488,-25.973301481690104,-1.0096630574259984,1.1524168364998408,0.8019978529921262,break_up
XAUUSD.a,15m,-1,0.02,2023-10-05 15:45:00,1815.0777005530845,2023-10-06 02:00:00,1822.3025445699689,1822.023954557537,1801.2220908849256,stop,37,-14.44968803376878,-0.48,-0.07718002486360649,0.6046,-13.84508803376878,-21.73653824282719,-0.9965866512291339,1.1664271766799699,0.1508295769796081,break_dn
XAUUSD.a,15m,1,0.07,2023-10-06 13:15:00,1825.0482018014986,2023-10-06 13:45:00,1822.5922138530457,1822.6334126116164,1829.043174776767,stop,2,-17.191915639170702,-1.6800000000000002,-0.288391309995822,0.0,-17.191915639170702,-27.027489253361477,-1.0170610166483234,1.162917994359431,0.01316810537107111,break_up
XAUUSD.a,15m,-1,0.02,2023-10-06 15:45:00,1812.295894719132,2023-10-06 16:00:00,1820.6686929181778,1820.3526891341119,1796.284621731776,stop,1,-16.745596398091493,-0.48,-0.15200756813201804,0.0,-16.745596398091493,-26.43471103302681,-1.0392220240196812,1.0406254459316517,0.2340750703065749,break_dn
XAUUSD.a,15m,1,0.02,2023-10-06 17:30:00,1829.7137333985931,2023-10-09 01:00:00,1850.0,1820.9214964860114,1846.3570070279775,target_gap,26,40.5725332028137,-0.48,-0.0,-1.6584,38.9141332028137,61.204990882059924,2.2129825202462006,0.7977188818190737,2.9112348604685967,break_up
XAUUSD.a,15m,1,0.04,2023-10-09 07:15:00,1852.435037499085,2023-10-09 15:00:00,1847.8298174216477,1847.874903895435,1860.7301922091303,stop,31,-18.42088030974901,-0.96,-0.18034589514869823,0.0,-18.42088030974901,-28.93044196087668,-1.0098870949200178,1.106335458032793,0.41774269494871835,break_up
XAUUSD.a,15m,1,0.05,2023-10-09 18:00:00,1852.3370575311733,2023-10-09 19:15:00,1848.6573971147948,1848.723864327829,1858.8522713443417,stop,5,-18.398302081892552,-1.2,-0.3323360651712636,0.0,-18.398302081892552,-28.848768454555156,-1.0183956985673253,1.0121400449298814,0.2332957086398178,break_up
XAUUSD.a,15m,1,0.05,2023-10-09 22:00:00,1857.370490246273,2023-10-10 03:00:00,1863.4930434708592,1853.8884782645703,1863.4930434708592,target,16,30.612766122931134,-1.2,-0.0,-4.146,26.466766122931134,41.24155219778906,1.5201996008060097,0.11214500361426755,2.3031252608744657,break_up
XAUUSD.a,15m,1,0.05,2023-10-10 20:00:00,1862.2347141539447,2023-10-10 20:45:00,1858.4797288757193,1858.5475223138842,1868.574955372232,stop,3,-18.774926391126883,-1.2,-0.33896719082450427,0.0,-18.774926391126883,-29.262665821581802,-1.0183861977096953,1.0779786695013667,0.1505985774925692,break_up
XAUUSD.a,15m,1,0.06,2023-10-11 09:45:00,1863.3751076616766,2023-10-11 11:15:00,1868.959020735172,1860.1704896324138,1868.959020735172,target,6,33.50347844097314,-1.44,-0.0,0.0,33.50347844097314,52.162540972104715,1.7424582344935993,0.30740252119941397,1.9112706358119456,break_up
XAUUSD.a,15m,1,0.05,2023-10-11 13:30:00,1873.5344451428202,2023-10-11 15:30:00,1869.9576214695494,1870.0184610945164,1879.7430778109672,stop,8,-17.884118366354187,-1.2,-0.3041981248354782,0.0,-17.884118366354187,-27.847773105922034,-1.0173037261065938,2.131535592840845,0.34856667161814503,break_up
XAUUSD.a,15m,1,0.06,2023-10-12 01:15:00,1875.3408142510598,2023-10-12 09:30:00,1880.3101940701895,1872.4649029649051,1880.3101940701895,target,33,29.816278914778195,-1.44,-0.0,0.0,29.816278914778195,46.40882673864647,1.7279322359676237,0.4905625072135351,2.5276112597547162,break_up
XAUUSD.a,15m,1,0.09,2023-10-12 09:45:00,1882.4358795130004,2023-10-12 10:00:00,1880.3549139633205,1880.3957604278567,1885.688479144287,stop,1,-18.728689947118482,-2.16,-0.3676181808245016,0.0,-18.728689947118482,-29.21838085948062,-1.0200216079706146,1.0224302729139585,0.07554484839726328,break_up
XAUUSD.a,15m,1,0.07,2023-10-12 15:30:00,1884.6818963861367,2023-10-12 15:30:00,1882.1987288233106,1882.2615734025155,1888.6768531949692,stop,0,-17.382172939782777,-1.6800000000000002,-0.4399120544340419,0.0,-17.382172939782777,-27.22942060872043,-1.0259653689322465,3.8886943808032717,0.0,break_up
XAUUSD.a,15m,-1,0.04,2023-10-12 20:15:00,1868.8351966474834,2023-10-13 05:30:00,1873.812116108802,1873.5368827288087,1859.8062345423828,stop,33,-19.90767784527452,-0.96,-0.14093351997330444,1.2092,-18.69847784527452,-29.55720313185565,-0.9942432098743933,1.011297494190907,0.20103355075905888,break_dn
XAUUSD.a,15m,1,0.05,2023-10-13 07:30:00,1876.37274008957,2023-10-13 10:30:00,1882.446313675319,1872.9418431623403,1882.446313675319,target,12,30.367867928745227,-1.2,-0.0,0.0,30.367867928745227,48.003332061498575,1.770258248665371,0.48172245468898595,1.858773389493619,break_up
XAUUSD.a,15m,1,0.03,2023-10-13 19:00:00,1923.3080264944497,2023-10-16 08:45:00,1917.64784338935,1917.6990404994285,1933.4219190011431,stop,51,-16.98054931529873,-0.72,-0.15359133023511637,-2.4876,-19.46814931529873,-30.78941849643956,-1.1569619020015218,1.614913373378018,1.3214462493095227,break_up
XAUUSD.a,15m,1,0.03,2023-10-16 18:15:00,1921.1559709169694,2023-10-17 03:30:00,1915.469198917967,1915.5152839580487,1931.3994320839024,stop,33,-17.06031599700691,-0.72,-0.13825512024469044,-2.4876,-19.54791599700691,-30.76570870503779,-1.155173482672594,1.2083583022082254,0.28082201592936695,break_up
XAUUSD.a,15m,1,0.04,2023-10-17 12:30:00,1923.064645971694,2023-10-17 16:45:00,1931.4920172439124,1918.4089913780438,1931.4920172439124,target,17,33.70948508887341,-0.96,-0.0,0.0,33.70948508887341,53.13601054362139,1.8101367063854312,0.879499518129759,1.824738897059166,break_up
XAUUSD.a,15m,1,0.04,2023-10-17 17:00:00,1928.1648203812658,2023-10-17 17:30:00,1923.4515482337217,1923.5535194921447,1936.2929610157105,stop,2,-18.853088590176412,-0.96,-0.40788503369171347,0.0,-18.853088590176412,-29.625520271184534,-1.022113338703083,1.0463035263321243,0.5953156570655823,break_up
XAUUSD.a,15m,1,0.03,2023-10-17 22:00:00,1922.2777042963696,2023-10-18 04:15:00,1931.0727703782668,1917.4636148108666,1931.0727703782668,target,21,26.385198245691527,-0.72,-0.0,-7.4628,18.922398245691525,29.75640931215349,1.3102095631772652,0.08884427629724898,3.0706316839654137,break_up
XAUUSD.a,15m,1,0.05,2023-10-18 10:15:00,1938.8304890237637,2023-10-18 10:15:00,1935.5390882616953,1935.5998217973408,1944.4203564053182,stop,0,-16.45700381034203,-1.2,-0.30366767822755486,0.0,-16.45700381034203,-25.78740137632334,-1.0187990688576165,1.0123261835868451,0.0,break_up
XAUUSD.a,15m,1,0.05,2023-10-18 12:30:00,1940.8941718025314,2023-10-18 14:30:00,1946.9618128478826,1937.4340935760586,1946.9618128478826,target,8,30.33820522675569,-1.2,-0.0,0.0,30.33820522675569,47.640157700379525,1.7536138341982894,0.09079904613942125,1.8918150888574716,break_up
XAUUSD.a,15m,1,0.05,2023-10-18 15:15:00,1947.8624424709728,2023-10-18 16:30:00,1953.784450012813,1944.4777749935934,1953.784450012813,target,5,29.61003770920115,-1.2,-0.0,0.0,29.61003770920115,46.585229479084894,1.749657117403226,0.9195711223551543,3.518087850167888,break_up
XAUUSD.a,15m,1,0.01,2023-10-18 16:45:00,1959.273341092635,2023-10-18 17:45:00,1948.003085958441,1948.1158718841002,1980.6782562317997,stop,4,-11.27025513419403,-0.24,-0.11278592565907172,0.0,-11.27025513419403,-17.7705415149462,-1.0101085580924487,1.4065323237128537,0.3008441112073503,break_up
XAUUSD.a,15m,1,0.03,2023-10-19 01:15:00,1950.025528835916,2023-10-19 18:30:00,1958.9207977140334,1945.1496011429833,1958.9207977140334,target,69,26.685806634352048,-0.72,-0.0,0.0,26.685806634352048,42.19500131925882,1.824323377684703,0.9937655234180778,2.025147169101053,break_up
XAUUSD.a,15m,1,0.03,2023-10-19 18:45:00,1959.9012196324277,2023-10-19 19:00:00,1954.7204305424166,1954.8229721732982,1969.1540556534032,stop,1,-15.54236727003331,-0.72,-0.3076248926449954,0.0,-15.54236727003331,-24.487737939236347,-1.020192326527396,1.3333772501091063,0.25378447544053034,break_up
XAUUSD.a,15m,1,0.03,2023-10-19 20:00:00,1962.3065031448634,2023-10-19 20:45:00,1972.4220899050977,1956.7139550474512,1972.4220899050977,target,3,30.34676028070271,-0.72,-0.0,0.0,30.34676028070271,47.850457711609444,1.8087616921730125,0.2586483155205871,1.8566665273636762,break_up
XAUUSD.a,15m,1,0.03,2023-10-19 22:30:00,1977.412175863608,2023-10-20 16:45:00,1987.6266314654804,1971.8366842672597,1987.6266314654804,target,69,30.64336680561746,-0.72,-0.0,-2.4876,28.15576680561746,44.54885415907322,1.6833054878998532,0.9778825363451119,1.8989938292305546,break_up
XAUUSD.a,15m,1,0.02,2023-10-20 17:00:00,1987.3948686806418,2023-10-20 20:15:00,1977.4995404333492,1977.637333706521,2005.9953325869576,stop,13,-19.790656494585164,-0.48,-0.27558654634357327,0.0,-19.790656494585164,-31.321268152098828,-1.0141217298771972,1.3440760105319156,0.9977039636730101,break_up
XAUUSD.a,15m,-1,0.03,2023-10-23 02:45:00,1974.9083255568073,2023-10-23 03:45:00,1965.4858991247038,1979.8320504376481,1965.2458991247038,target,4,28.267279296310562,-0.72,-0.0,0.0,28.267279296310562,44.78268610495803,1.9136784975066337,0.030804816853765977,2.1525015741735483,break_dn
XAUUSD.a,15m,-1,0.02,2023-10-23 04:00:00,1966.1358550101218,2023-10-23 05:30:00,1973.167084909845,1972.8403188154039,1952.8893623691924,stop,6,-14.062459799446515,-0.48,-0.17353218888248537,0.0,-14.062459799446515,-22.28846274459372,-1.0487385872951858,1.068563452342592,0.26487651536320533,break_dn
XAUUSD.a,15m,-1,0.04,2023-10-23 22:30:00,1972.8187633028147,2023-10-24 04:00:00,1977.3473592473058,1977.051050076355,1964.5078998472895,stop,18,-18.114383777964576,-0.96,-0.22523668380303907,1.2092,-16.905183777964577,-26.654658054593096,-0.9985844935918052,1.2431191407155329,0.4037446879775914,break_dn
XAUUSD.a,15m,1,0.05,2023-10-24 05:30:00,1979.689778741623,2023-10-24 06:00:00,1975.8722247669957,1975.9334523741459,1986.3630952517085,stop,2,-19.087769873136722,-1.2,-0.30613803575080556,0.0,-19.087769873136722,-30.02638016853346,-1.01629986352631,1.0594869434350855,0.1278433265370227,break_up
XAUUSD.a,15m,-1,0.04,2023-10-24 11:45:00,1971.6895008461508,2023-10-24 13:45:00,1963.071872060381,1976.1790639698095,1962.831872060381,target,8,34.470515143078956,-0.96,-0.0,0.0,34.470515143078956,54.24071240905565,1.9194804813763429,0.36317546027070075,2.387648987417579,break_dn
XAUUSD.a,15m,1,0.07,2023-10-25 05:00:00,1976.1734399812062,2023-10-25 05:45:00,1973.415475427944,1973.4692325190756,1980.791534961849,stop,3,-19.305751872834893,-1.6800000000000002,-0.3762996379210494,0.0,-19.305751872834893,-30.21764603113978,-1.0198790558358812,1.8243570622052785,0.23169820643127104,break_up
XAUUSD.a,15m,1,0.05,2023-10-25 14:45:00,1976.3603812381511,2023-10-25 15:30:00,1972.5830227656445,1972.6470822664926,1982.9458354670146,stop,3,-18.886792362533242,-1.2,-0.32029750424042625,0.0,-18.886792362533242,-29.793182784429263,-1.0172513717147522,1.074618895113888,0.12916244167502236,break_up
XAUUSD.a,15m,1,0.05,2023-10-25 16:15:00,1977.8361900202535,2023-10-25 16:45:00,1984.4034492489257,1974.123275375537,1984.4034492489257,target,2,32.83629614336064,-1.2,-0.0,0.0,32.83629614336064,51.84787491846245,1.7687611639598337,0.451448573599371,2.516570100269619,break_up
XAUUSD.a,15m,1,0.02,2023-10-25 17:00:00,1985.3585632195689,2023-10-25 17:00:00,1976.4610660683136,1976.5639108976668,2002.0221782046663,stop,0,-17.79499430251053,-0.48,-0.20568965870647124,0.0,-17.79499430251053,-28.097063666451717,-1.0116940187728733,1.2005663024647415,0.07066075584176904,break_up
XAUUSD.a,15m,1,0.03,2023-10-26 01:15:00,1981.6381489903508,2023-10-26 11:30:00,1992.1262648949396,1975.96186755253,1992.1262648949396,target,41,31.4643477137663,-0.72,-0.0,0.0,31.4643477137663,49.86821097355781,1.8477089304816718,0.1282792261671749,1.93116763672267,break_up
XAUUSD.a,15m,-1,0.03,2023-10-26 16:15:00,1975.3271249333775,2023-10-26 19:00:00,1982.1308297916164,1981.790067166643,1962.5898656667143,stop,11,-20.41111457471675,-0.72,-0.3022878749200098,0.0,-20.41111457471675,-32.38420158456044,-1.052725618251619,1.2181564962935887,0.556576989789985,break_dn
XAUUSD.a,15m,1,0.05,2023-10-27 01:45:00,1985.4052260091626,2023-10-27 13:45:00,1982.0895810833288,1982.1411245902457,1991.2877508195088,stop,48,-16.57822462916897,-1.2,-0.2577175345847899,0.0,-16.57822462916897,-26.12224982536394,-1.0157910249412587,1.475207228934838,1.3770325777221166,break_up
XAUUSD.a,15m,-1,0.03,2023-10-27 14:00:00,1980.5852921147655,2023-10-27 15:30:00,1986.2635759048376,1985.9617201360984,1970.1165597278034,stop,6,-17.034851370216302,-0.72,-0.185567306217763,0.0,-17.034851370216302,-26.824003039423523,-1.0561442964625336,1.0368794789244722,0.1144425466730066,break_dn
XAUUSD.a,15m,-1,0.08,2023-10-31 02:30:00,1994.7400153684257,2023-10-31 04:15:00,1997.1854284103108,1996.9048223367586,1990.4703553264828,stop,7,-19.56330433508083,-1.92,-0.3248485884173707,0.0,-19.56330433508083,-30.739612732285014,-1.1296217527276031,1.1548302773154693,0.37879375871425996,break_dn
XAUUSD.a,15m,-1,0.08,2023-10-31 06:00:00,1994.4318418084556,2023-10-31 10:30:00,1997.1061923117027,1996.8212527938356,1989.737494412329,stop,18,-21.394804025976555,-1.92,-0.359516142936828,0.0,-21.394804025976555,-33.6449190532734,-1.1192509449443977,1.1041039853279135,1.6036763168418784,break_dn
XAUUSD.a,15m,1,0.07,2023-10-31 13:15:00,1998.0412124065322,2023-10-31 15:45:00,1995.5450885714374,1995.601831955965,2001.95633608807,stop,10,-17.472866845663248,-1.6800000000000002,-0.39720369169395475,0.0,-17.472866845663248,-27.53453756132126,-1.0232613918482634,1.3246037147592213,1.4178959221648773,break_up
XAUUSD.a,15m,-1,0.05,2023-11-01 03:30:00,1981.822530590926,2023-11-01 07:15:00,1975.519762523629,1985.1351187381854,1975.279762523629,target,15,31.51384033648469,-1.2,-0.0,0.0,31.51384033648469,49.77546173945649,1.9026718043748532,0.06866818299227255,2.0052388934680123,break_dn
XAUUSD.a,15m,1,0.03,2023-11-01 17:15:00,1989.720500781455,2023-11-01 18:15:00,1983.7854625118196,1983.8701513036954,2000.5196973926095,stop,4,-17.80511480890641,-0.72,-0.25406637562739864,0.0,-17.80511480890641,-27.98446335388041,-1.014475851775651,1.3384671823833583,0.3981812073621599,break_up
XAUUSD.a,15m,-1,0.04,2023-11-01 19:45:00,1975.032331698321,2023-11-01 20:00:00,1979.5876003980984,1979.2639124064742,1966.7421751870513,stop,1,-18.221074799109374,-0.96,-0.3347519664967423,0.0,-18.221074799109374,-28.653994022817066,-1.0764933990271106,1.022707257678093,0.012366938487126345,break_dn
XAUUSD.a,15m,1,0.08,2023-11-02 08:45:00,1986.8108267200132,2023-11-02 08:45:00,1984.413935989103,1984.4601760691228,1990.6996478617543,stop,0,-19.17512584728138,-1.92,-0.3699206401577889,0.0,-19.17512584728138,-29.858495557896884,-1.0196711833816,1.1276991410905708,0.0,break_up
XAUUSD.a,15m,1,0.04,2023-11-02 11:45:00,1988.4116873997186,2023-11-02 16:30:00,1984.0445710762476,1984.1114373822197,1996.2871252355608,stop,19,-17.468465293884037,-0.96,-0.26746522388848876,0.0,-17.468465293884037,-27.137587841982345,-1.0155493996163016,1.1468373651881187,0.6042236125127854,break_up
XAUUSD.a,15m,-1,0.04,2023-11-02 18:30:00,1980.397482896209,2023-11-02 20:15:00,1984.571325458275,1984.2562100321213,1972.7775799357576,stop,7,-16.695370248263316,-0.96,-0.3004617046148891,0.0,-16.695370248263316,-25.973288707452383,-1.081663049771238,1.490781001396483,0.4139921896372993,break_dn
XAUUSD.a,15m,1,0.09,2023-11-03 06:00:00,1987.6435823688983,2023-11-03 06:45:00,1985.6888589833513,1985.720896919468,1990.7282061610642,stop,3,-17.592510469922217,-2.16,-0.28834142504947435,0.0,-17.592510469922217,-27.3608984259576,-1.0166631188300659,1.172101432174458,0.0,break_up
XAUUSD.a,15m,1,0.07,2023-11-03 12:15:00,1989.6500214865678,2023-11-03 13:30:00,1987.2336617856843,1987.2758315743479,1993.5883368513046,stop,5,-16.91451790618453,-1.6800000000000002,-0.29518852064512185,0.0,-16.91451790618453,-26.247661317439757,-1.0177617588410122,1.061423719137705,0.2864044320685259,break_up
XAUUSD.a,15m,1,0.01,2023-11-03 15:45:00,2003.6552840090883,2023-11-03 16:15:00,1986.7366016593373,1986.852597558847,2036.4648048823062,stop,2,-16.918682349750952,-0.24,-0.11599589950969558,0.0,-16.918682349750952,-26.0255389332866,-1.0069034139185542,1.029911738241114,0.025276671808961725,break_up
XAUUSD.a,15m,1,0.03,2023-11-03 20:15:00,1993.1161033298479,2023-11-06 01:30:00,1987.2586667610628,1987.3217088123833,2003.7565823752332,stop,17,-17.5723097063551,-0.72,-0.1891261539615439,-2.4876,-20.0599097063551,-30.787509525377708,-1.1539836558645182,1.0399884425689434,0.34755946701286455,break_up
XAUUSD.a,15m,-1,0.06,2023-11-06 05:00:00,1987.0223214005287,2023-11-06 17:45:00,1981.3488780988912,1990.0355609505543,1981.1088780988912,target,51,34.040659809824774,-1.44,-0.0,0.0,34.040659809824774,52.35172140600215,1.8828384559034224,0.6828791954007579,1.9787080653703446,break_dn
XAUUSD.a,15m,-1,0.04,2023-11-06 18:00:00,1981.0577314371594,2023-11-07 05:00:00,1972.6532603166454,1985.4133698416772,1972.4132603166454,target,40,33.61788448205607,-0.96,-0.0,1.2092,34.82708448205607,53.90939195092499,1.9989655503733135,0.7811182304095079,2.0198488993104204,break_dn
XAUUSD.a,15m,-1,0.11,2023-11-07 06:45:00,1971.746904750545,2023-11-07 07:30:00,1973.6226018951195,1973.3476315253747,1968.6147369492505,stop,3,-20.632668590320463,-2.6399999999999997,-0.38467406719161157,0.0,-20.632668590320463,-32.04975160433146,-1.1717784534303262,1.2013888189379718,0.4853450087554597,break_dn
XAUUSD.a,15m,-1,0.07,2023-11-07 11:15:00,1965.777145946571,2023-11-07 11:15:00,1968.738191258926,1968.4489101787824,1960.532179642435,stop,0,-20.727317186485383,-1.6800000000000002,-0.34496756100470666,0.0,-20.727317186485383,-32.27699392136877,-1.1082734309621958,1.1688359383583489,0.0,break_dn
XAUUSD.a,15m,-1,0.04,2023-11-07 19:15:00,1963.3988819614985,2023-11-07 20:15:00,1968.2578055799163,1967.9459713039255,1954.4280573921492,stop,4,-19.435694473670992,-0.96,-0.28733710396300105,0.0,-19.435694473670992,-30.21483789144344,-1.0685788759594435,1.0272765029965847,0.3516275667997346,break_dn
XAUUSD.a,15m,1,0.07,2023-11-08 02:15:00,1970.0232837291608,2023-11-08 04:45:00,1967.354321634906,1967.3939988716984,1974.3420022566033,stop,10,-18.682734659783367,-1.6800000000000002,-0.2777406575469303,0.0,-18.682734659783367,-28.99694965044757,-1.0150905051918488,1.0243407904308348,0.3562627564604503,break_up
XAUUSD.a,15m,-1,0.09,2023-11-08 07:45:00,1965.0305131201999,2023-11-08 08:15:00,1967.2802684813635,1967.0061306036628,1961.1377387926743,stop,2,-20.247798250472215,-2.16,-0.3072408993052011,0.0,-20.247798250472215,-31.471956992154023,-1.1387606052261614,2.069979089591731,0.010383143686265724,break_dn
XAUUSD.a,15m,-1,0.05,2023-11-08 12:15:00,1962.8786079122567,2023-11-08 15:00:00,1966.7296629042373,1966.4383162971449,1955.8533674057105,stop,11,-19.25527495990309,-1.2,-0.25673303546259163,0.0,-19.25527495990309,-29.961838234685665,-1.0818456389094406,1.0032822078642116,0.9435064755626765,break_dn
XAUUSD.a,15m,-1,0.06,2023-11-08 16:30:00,1962.7091579908656,2023-11-08 17:00:00,1957.701373375279,1965.5743133123603,1957.461373375279,target,2,30.046707693519693,-1.44,-0.0,0.0,30.046707693519693,46.836013426526726,1.7478230858961163,0.2760206412550839,1.887910910199352,break_dn
XAUUSD.a,15m,-1,0.05,2023-11-08 21:45:00,1948.884437608859,2023-11-09 03:00:00,1952.7057882352144,1952.4194327830644,1942.0711344338713,stop,17,-19.106753131777623,-1.2,-0.23177726075002206,1.5115,-17.59525313177762,-27.431291227067057,-0.9954895135454987,1.099170493779918,0.4170974884541925,break_dn
XAUUSD.a,15m,-1,0.04,2023-11-09 10:15:00,1946.5710419073896,2023-11-09 15:45:00,1950.6188450711954,1950.3130181735255,1939.1739636529487,stop,22,-16.191212655223353,-0.96,-0.26330759067987974,0.0,-16.191212655223353,-25.248273227331826,-1.0817287112260972,1.277121433360994,0.5213934479077872,break_dn
XAUUSD.a,15m,1,0.07,2023-11-10 05:45:00,1960.3492862891208,2023-11-10 06:15:00,1957.7386773810138,1957.7822767396472,1964.6754465207055,stop,2,-18.274262356748977,-1.6800000000000002,-0.3051955104332977,0.0,-18.274262356748977,-28.728599837681145,-1.0169844941333939,1.07879859258362,0.0,break_up
XAUUSD.a,15m,-1,0.08,2023-11-10 09:30:00,1954.7901382408822,2023-11-10 10:15:00,1957.094723911596,1956.8092201844925,1950.811559631015,stop,3,-18.43668536571022,-1.92,-0.36402981682864904,0.0,-18.43668536571022,-28.99351360409854,-1.1414027439585068,1.114299380586237,0.53991778012386,break_dn
XAUUSD.a,15m,-1,0.08,2023-11-10 12:15:00,1953.5993630001904,2023-11-10 13:15:00,1949.7800688693635,1955.6749655653184,1949.5400688693635,target,4,30.55435304661478,-1.92,-0.0,0.0,30.55435304661478,48.10875761146066,1.8400893287541278,0.39537289729601394,2.55798633581993,break_dn
XAUUSD.a,15m,-1,0.03,2023-11-10 18:30:00,1938.9317794418328,2023-11-13 18:30:00,1945.1556804293928,1944.8487183142663,1927.2725633714674,stop,92,-18.67170296268,-0.72,-0.20088634537966052,0.9068999999999999,-17.76480296268,-27.81748608355517,-1.0007879268701207,1.17598317443924,1.2357368564170486,break_dn
XAUUSD.a,15m,1,0.1,2023-11-14 02:15:00,1947.0019010354026,2023-11-14 04:00:00,1945.2828367836444,1945.3194236096494,1949.8511527807009,stop,7,-17.190642517582546,-2.4,-0.3658682600498673,0.0,-17.190642517582546,-26.96317604238432,-1.0217458049927173,1.5524137176659487,0.81314551010087,break_up
XAUUSD.a,15m,1,0.08,2023-11-14 07:30:00,1944.8213031808675,2023-11-14 15:30:00,1948.240342554962,1942.719828722519,1948.240342554962,target,32,27.352314992755055,-1.92,-0.0,0.0,27.352314992755055,42.460670919238495,1.6269716534081728,0.3194438924539545,6.79936735008486,break_up
XAUUSD.a,15m,1,0.04,2023-11-14 21:45:00,1963.3136919314777,2023-11-15 09:30:00,1970.6861640492539,1959.276917975373,1970.6861640492539,target,43,29.489888471104678,-0.96,-0.0,-9.9504,19.539488471104676,30.021492619043826,1.210093052247538,0.43938351534284315,1.904071952529917,break_up
XAUUSD.a,15m,-1,0.06,2023-11-16 02:45:00,1959.0233076517277,2023-11-16 05:00:00,1961.980844833741,1961.6970495223518,1953.8459009552962,stop,9,-17.74522309207987,-1.44,-0.2627718683350809,0.0,-17.74522309207987,-27.439227926087224,-1.1061416266496098,1.13200619009859,0.969916984215946,break_dn
XAUUSD.a,15m,1,0.06,2023-11-16 08:45:00,1966.9866710021863,2023-11-16 14:00:00,1963.8892300084572,1963.9278617870366,1972.184276425927,stop,21,-18.584645962374907,-1.44,-0.23179067147604515,0.0,-18.584645962374907,-28.687978083996956,-1.0126296790228344,1.1660325150457804,0.5176292100768118,break_up
XAUUSD.a,15m,1,0.04,2023-11-16 16:00:00,1972.407208129958,2023-11-16 16:30:00,1979.149132313115,1968.6204338434427,1979.149132313115,target,2,26.9676967326277,-0.96,-0.0,0.0,26.9676967326277,41.54436974508604,1.7803871245151561,0.23165049289622833,1.9707517019477125,break_up
XAUUSD.a,15m,1,0.08,2023-11-17 01:15:00,1981.2990273548799,2023-11-17 03:00:00,1985.1681766793808,1979.0659116603094,1985.1681766793808,target,7,30.95319459600796,-1.92,-0.0,0.0,30.95319459600796,47.894402729479424,1.7326237659376194,0.14734003960467523,2.5215767632690613,break_up
XAUUSD.a,15m,1,0.05,2023-11-17 11:15:00,1991.7954643138814,2023-11-17 13:30:00,1988.2636069285354,1988.3206138679222,1997.9187722641555,stop,9,-17.659286926730147,-1.2,-0.2850346969338647,0.0,-17.659286926730147,-27.167715768573018,-1.0164055806928698,1.2706918995653331,0.4473676523046329,break_up
XAUUSD.a,15m,-1,0.05,2023-11-17 19:30:00,1979.6516884414623,2023-11-20 03:15:00,1983.2877133381057,1982.9903659725485,1973.1192680549032,stop,27,-18.18012448321724,-1.2,-0.2867368277864678,1.5115,-16.66862448321724,-25.56380664256371,-0.998516587961358,1.008875977741358,1.8994612035499978,break_dn
XAUUSD.a,15m,-1,0.04,2023-11-20 05:15:00,1980.6003999859893,2023-11-20 14:00:00,1972.5130754142106,1984.8234622928949,1972.2730754142106,target,35,32.349298287114834,-0.96,-0.0,0.0,32.349298287114834,49.35358112945845,1.9150379473573513,0.6581953596719619,2.17387272998016,break_dn
XAUUSD.a,15m,-1,0.04,2023-11-20 15:45:00,1968.365205799879,2023-11-20 16:45:00,1973.1319172005938,1972.8169030834424,1959.5061938331155,stop,4,-19.066845602858848,-0.96,-0.30005646860548124,0.0,-19.066845602858848,-29.133706571614532,-1.070762699502154,1.0254053475233436,0.6570989924852917,break_dn
XAUUSD.a,15m,1,0.04,2023-11-21 01:15:00,1980.0414648454146,2023-11-21 03:15:00,1987.0508295061786,1976.1295852469107,1987.0508295061786,target,8,28.037458643056198,-0.96,-0.0,0.0,28.037458643056198,42.68082179150294,1.7918150301570583,0.10518341248841655,2.632630911882878,break_up
XAUUSD.a,15m,1,0.05,2023-11-21 15:30:00,1995.3992161038145,2023-11-21 16:15:00,2001.5807198338784,1991.8596400830606,2001.5807198338784,target,3,30.907518650319616,-1.2,-0.0,0.0,30.907518650319616,46.9355342368675,1.746396657062713,0.4970132279966496,1.8648515690813143,break_up
XAUUSD.a,15m,1,0.03,2023-11-21 16:30:00,2001.6855316571493,2023-11-21 21:00:00,1996.2536595017934,1996.3265069227286,2011.546986154543,stop,18,-16.295616466067713,-0.72,-0.21854226280546493,0.0,-16.295616466067713,-24.849591268383296,-1.013593410097048,1.023606333054604,1.090584319440057,break_up
XAUUSD.a,15m,1,0.06,2023-11-21 23:45:00,1998.8620941465128,2023-11-22 03:15:00,1995.8426030287521,1995.885016042466,2003.8799679150677,stop,10,-18.11694670656425,-1.44,-0.25447808228352287,-14.9256,-33.04254670656425,-50.41354028128748,-1.8498309165200846,1.0251978751797481,0.33183739860375,break_up
XAUUSD.a,15m,1,0.07,2023-11-22 05:15:00,1997.3975424441553,2023-11-22 09:00:00,2001.4440813985248,1994.9729593007378,2001.4440813985248,target,15,28.325772680586173,-1.6800000000000002,-0.0,0.0,28.325772680586173,43.31886506994475,1.6689627515374608,0.6052761886675075,2.2240761553113124,break_up
XAUUSD.a,15m,1,0.04,2023-11-22 09:15:00,2003.0603497969132,2023-11-22 11:15:00,1999.1834868498322,1999.2426368236077,2009.8847263527846,stop,8,-15.507451788324033,-0.96,-0.23659989510179058,0.0,-15.507451788324033,-23.66068840622516,-1.0154935622947663,1.0426005896055899,0.8695389690892819,break_up
XAUUSD.a,15m,-1,0.1,2023-11-23 14:45:00,1992.5635630496581,2023-11-23 16:45:00,1994.5860096569202,1994.3070665568707,1988.8258668862586,stop,8,-20.224466072620544,-2.4,-0.3894310004941632,0.0,-20.224466072620544,-30.83420907231258,-1.1599899850476358,1.3343460111883174,0.4035340604407627,break_dn
XAUUSD.a,15m,-1,0.05,2023-11-23 18:15:00,1990.3143780879452,2023-11-24 01:00:00,1994.0544760617202,1993.780817539503,1983.3983649209938,stop,13,-18.700489868874683,-1.2,-0.1682926110854982,1.5115,-17.188989868874682,-26.20272845865043,-0.9917374937069845,1.054575440633185,0.14838802036888407,break_dn
XAUUSD.a,15m,1,0.08,2023-11-24 08:00:00,1994.464800383417,2023-11-24 09:15:00,1992.1948432780096,1992.231524253087,1998.2569514938261,stop,5,-18.159656843259654,-1.92,-0.29344780061961667,0.0,-18.159656843259654,-27.679872028868786,-1.016424737890324,1.0812815981963513,0.0,break_up
XAUUSD.a,15m,1,0.08,2023-11-24 11:30:00,1994.805732364324,2023-11-24 15:30:00,1998.1160014143836,1992.7069992928082,1998.1160014143836,target,16,26.48215240047648,-1.92,-0.0,0.0,26.48215240047648,40.30769010727013,1.5772701612161697,0.7412721443420044,3.389791551975448,break_up
XAUUSD.a,15m,1,0.06,2023-11-24 17:15:00,2003.0216048466307,2023-11-24 17:15:00,1999.8398847119229,1999.902291981869,2008.415416036262,stop,0,-19.090320808246815,-1.44,-0.3744436196764182,0.0,-19.090320808246815,-28.98445403899978,-1.0200067363075729,1.087292295987654,0.044367192189288314,break_up
XAUUSD.a,15m,1,0.03,2023-11-27 01:15:00,2002.3380565599962,2023-11-27 03:15:00,2012.9455425815345,1996.6172287092327,2012.9455425815345,target,8,31.82245806461492,-0.72,-0.0,0.0,31.82245806461492,48.30660341340537,1.854187243219115,0.2426321148277309,2.7481937667300245,break_up
XAUUSD.a,15m,1,0.03,2023-11-27 03:30:00,2017.2558270149589,2023-11-27 04:00:00,2011.0423331259904,2011.1268440866643,2028.6263118266716,stop,2,-18.640481666905544,-0.72,-0.2535328820217423,0.0,-18.640481666905544,-28.340197748206805,-1.0137887414050017,1.3665933015234162,0.0,break_up
XAUUSD.a,15m,1,0.05,2023-11-27 06:45:00,2013.4390338596534,2023-11-27 08:15:00,2009.6495784322456,2009.7190591408466,2019.8318817183065,stop,6,-18.94727713703901,-1.2,-0.34740354300590087,0.0,-18.94727713703901,-28.77950837997298,-1.0186777367732662,1.2685661103543964,0.07015266502413034,break_up
XAUUSD.a,15m,1,0.04,2023-11-27 10:15:00,2012.4799032704536,2023-11-27 18:00:00,2008.1110627213811,2008.1872085140399,2020.1955829719204,stop,31,-17.475362196290007,-0.96,-0.30458317063486323,0.0,-17.475362196290007,-26.493476745789188,-1.0177384596342345,1.0436109541122522,0.8875769058243939,break_up
XAUUSD.a,15m,1,0.06,2023-11-27 23:00:00,2014.6215918385178,2023-11-28 15:15:00,2011.6015190499859,2011.6496596962443,2020.1706806075115,stop,61,-18.120436731191603,-1.44,-0.28884387755080804,-4.9752,-23.095636731191604,-34.88187269666914,-1.2952088420118566,1.003250308480052,1.1670549647303692,break_up
XAUUSD.a,15m,1,0.04,2023-11-28 15:45:00,2020.3004461538017,2023-11-28 16:45:00,2028.3426246363683,2015.8586876818158,2028.3426246363683,target,4,32.16871393026668,-0.96,-0.0,0.0,32.16871393026668,48.56021425053465,1.8105843740240835,0.5201647429444043,1.8325070796925418,break_up
XAUUSD.a,15m,1,0.04,2023-11-29 02:45:00,2046.6398914323802,2023-11-29 09:30:00,2042.7129803291646,2042.7706381680312,2053.538723663937,stop,27,-15.707644412862464,-0.96,-0.23063135546622987,0.0,-15.707644412862464,-23.699277920400828,-1.014901541700008,1.4343572398107136,1.382723797616209,break_up
XAUUSD.a,15m,1,0.05,2023-11-29 20:30:00,2046.2561527781215,2023-11-30 04:15:00,2042.6542495335857,2042.696645280639,2052.5167094387225,stop,27,-18.009516222679167,-1.2,-0.21197873526569158,-4.146,-22.155516222679168,-33.37478341570132,-1.2448641413649557,1.02715130694551,0.9337941342247777,break_up
XAUUSD.a,15m,-1,0.04,2023-11-30 16:00:00,2036.8048276008635,2023-11-30 19:15:00,2041.6200431782972,2041.2923257654672,2027.9953484690652,stop,13,-19.260862309734875,-0.96,-0.35086965132007664,0.0,-19.260862309734875,-29.161474526086504,-1.0730289798032568,1.0217658550377335,1.2155609653258344,break_dn
XAUUSD.a,15m,1,0.05,2023-12-01 11:00:00,2045.6139423010795,2023-12-01 13:00:00,2042.3539377838033,2042.4087920406928,2051.292415918614,stop,8,-16.300022586381147,-1.2,-0.2742712844476076,0.0,-16.300022586381147,-24.630203820518815,-1.0171144103811425,1.246101423213063,1.3185209290033977,break_up
XAUUSD.a,15m,-1,0.03,2023-12-04 14:30:00,2069.202554362679,2023-12-04 15:45:00,2058.0489313654393,2075.06053431728,2057.8089313654395,target,5,33.46086899171951,-0.72,-0.0,0.0,33.46086899171951,50.35268383928417,1.9040049784532893,0.22148345459970267,2.2708432711912874,break_dn
XAUUSD.a,15m,-1,0.04,2023-12-05 06:45:00,2035.3577681361041,2023-12-05 10:15:00,2039.658985565077,2039.3429977995224,2027.5140044009554,stop,14,-17.20486971589162,-0.96,-0.30395106221844354,0.0,-17.20486971589162,-26.15874734440957,-1.0792897253714542,1.0469238202741713,1.2415264750037407,break_dn
XAUUSD.a,15m,-1,0.02,2023-12-05 11:15:00,2028.7029505644869,2023-12-05 16:45:00,2016.10852232936,2035.22073883532,2015.86852232936,target,22,25.18885647025354,-0.48,-0.0,0.0,25.18885647025354,38.45509521885368,1.9323162569558272,0.5841014278646601,2.037953675777965,break_dn
XAUUSD.a,15m,-1,0.02,2023-12-05 17:00:00,2016.5892647224648,2023-12-05 17:00:00,2024.8726178605057,2024.5115149442029,2001.0769701115944,stop,0,-16.56670627608173,-0.48,-0.24220583260559725,0.0,-16.56670627608173,-25.24258155733922,-1.0455808521816135,1.2901303280588388,0.023890273238957423,break_dn
XAUUSD.a,15m,-1,0.04,2023-12-05 21:45:00,2017.9774339706014,2023-12-06 02:45:00,2022.6413833093852,2022.3436952892957,2009.4926094214084,stop,16,-18.65579735513529,-0.96,-0.23075208035759376,3.6276,-15.02819735513529,-22.862485137047283,-0.8604728541321723,1.0037342498568176,0.1963771538204467,break_dn
XAUUSD.a,15m,1,0.04,2023-12-06 19:45:00,2029.4312026636971,2023-12-06 23:30:00,2024.844470505571,2024.9041422844411,2037.581715431118,stop,15,-18.346928632504387,-0.96,-0.2386871154800302,0.0,-18.346928632504387,-28.01742201530815,-1.0131811316552186,1.0252133337925449,0.40176122780181717,break_up
XAUUSD.a,15m,1,0.06,2023-12-07 05:30:00,2029.8563528252703,2023-12-07 05:30:00,2027.0389297921554,2027.093459030061,2034.6430819398777,stop,0,-16.90453819868935,-1.44,-0.3271754274337953,0.0,-16.90453819868935,-25.895035613255544,-1.0197362772322909,1.1966992111688808,0.015797630298166034,break_up
XAUUSD.a,15m,1,0.05,2023-12-07 09:00:00,2029.9044158786598,2023-12-07 15:30:00,2036.2350823748416,2026.3274588125794,2036.2350823748416,target,26,31.653332480908603,-1.2,-0.0,0.0,31.653332480908603,48.0797941534269,1.7698469339243965,0.44015509539932,2.7161589982364864,break_up
XAUUSD.a,15m,1,0.03,2023-12-07 15:45:00,2037.4414387761196,2023-12-07 16:15:00,2032.1643511539442,2032.2478579383642,2046.8642841232713,stop,2,-15.831262866526458,-0.72,-0.25052035325973754,0.0,-15.831262866526458,-24.098124463850304,-1.016078845603588,1.319212888015958,0.4753100608225622,break_up
XAUUSD.a,15m,1,0.04,2023-12-08 04:00:00,2032.5896229290372,2023-12-08 10:00:00,2028.5832648378082,2028.6323153935657,2039.6653692128684,stop,24,-16.025432364916014,-0.96,-0.1962022230298963,0.0,-16.025432364916014,-24.25706859141151,-1.0123949314825387,1.1496763615808212,0.3690329998041839,break_up
XAUUSD.a,15m,-1,0.06,2023-12-08 11:00:00,2028.1726307975325,2023-12-08 12:00:00,2031.2661623530303,2030.9663498221182,2022.6973003557637,stop,4,-18.561189332986487,-1.44,-0.35887518547160163,0.0,-18.561189332986487,-28.088966908272525,-1.1073166371684464,1.4845334000911066,0.5450193037069042,break_dn
XAUUSD.a,15m,-1,0.01,2023-12-08 19:15:00,1995.5063966748914,2023-12-11 01:00:00,2006.8514222800895,2006.5454600044825,1973.6790799910348,stop,19,-11.345025605198089,-0.24,-0.06596227560693849,0.3023,-11.042725605198088,-16.783022942076517,-1.000331756010243,1.0955280320469438,0.08029636649655808,break_dn
XAUUSD.a,15m,-1,0.04,2023-12-11 10:00:00,1992.7243975206297,2023-12-11 10:15:00,1997.3023711797093,1996.990432012015,1984.32913597597,stop,1,-18.311894636318357,-0.96,-0.28775667077713346,0.0,-18.311894636318357,-27.94088107100973,-1.0731215765658526,1.2038351986466507,0.1979349961503588,break_dn
XAUUSD.a,15m,-1,0.03,2023-12-11 17:00:00,1986.6295278680702,2023-12-11 19:45:00,1976.8917168513613,1991.8441415743193,1976.6517168513612,target,11,29.213433050126923,-0.72,-0.0,0.0,29.213433050126923,44.553047201657655,1.8674079357094726,0.29349674168496154,2.0211521815009816,break_dn
XAUUSD.a,15m,-1,0.05,2023-12-12 01:15:00,1982.8585775060124,2023-12-12 02:30:00,1986.3201424461884,1986.0267496762667,1976.6765006474668,stop,5,-17.30782470088002,-1.2,-0.26696384960809066,0.0,-17.30782470088002,-26.342919090560436,-1.0926063212966366,2.115233053590503,0.16999628715543413,break_dn
XAUUSD.a,15m,1,0.06,2023-12-12 12:45:00,1987.7731547464039,2023-12-12 15:00:00,1992.2075941671765,1985.1462029164118,1992.2075941671765,target,9,26.606636524635633,-1.44,-0.0,0.0,26.606636524635633,40.56322553418144,1.6880550949371425,0.6978257939390244,1.8298185747892193,break_up
XAUUSD.a,15m,-1,0.04,2023-12-12 19:45:00,1977.8042933079441,2023-12-13 01:30:00,1982.0176344577492,1981.73324964728,1970.1135007054397,stop,19,-16.853364599220185,-0.96,-0.17753924187648287,3.6276,-13.225764599220184,-20.147712813387642,-0.8415571119235095,1.1467947981365068,0.15380504534856676,break_dn
XAUUSD.a,15m,-1,0.09,2023-12-13 04:00:00,1980.0521474583695,2023-12-13 08:15:00,1976.7212711047698,1981.879364447615,1976.4812711047698,target,17,29.977887182397353,-2.16,-0.0,0.0,29.977887182397353,45.78314423531163,1.822923261552616,0.16848165458307507,3.602280132633571,break_dn
XAUUSD.a,15m,-1,0.06,2023-12-13 08:30:00,1973.6911814644081,2023-12-13 09:15:00,1976.7117898982917,1976.4214208807832,1968.1971582384338,stop,3,-18.123650603301485,-1.44,-0.30221410505111734,0.0,-18.123650603301485,-27.65956077666425,-1.1063529505020597,1.6624251002932358,0.24583245717670046,break_dn
XAUUSD.a,15m,1,0.07,2023-12-13 12:15:00,1982.9528672032664,2023-12-13 15:15:00,1980.4290267296585,1980.4746087873298,1987.2107824253405,stop,12,-17.666883315254836,-1.6800000000000002,-0.3190744036982668,0.0,-17.666883315254836,-26.868558568057484,-1.0183927783229285,1.3327372085279674,0.25708892689981366,break_up
XAUUSD.a,15m,1,0.06,2023-12-13 15:45:00,1983.6781651964166,2023-12-13 17:00:00,1980.9167656711118,1980.9845719209436,1988.230856158113,stop,5,-16.568397151828776,-1.44,-0.4068374989911191,0.0,-16.568397151828776,-25.16731297651448,-1.0251731582675343,1.870425369075753,0.921384392433099,break_up
XAUUSD.a,15m,1,0.02,2023-12-14 10:30:00,2040.4022150827298,2023-12-14 12:00:00,2033.6281824821094,2033.7197472935645,2052.8605054128707,stop,6,-13.54806520124066,-0.48,-0.18312962291027446,0.0,-13.54806520124066,-20.190857229866854,-1.0137022450902886,1.2124585315422707,0.0,break_up
XAUUSD.a,15m,1,0.03,2023-12-14 16:45:00,2048.078223329756,2023-12-14 16:45:00,2041.9572641264374,2042.074599121071,2059.070801757858,stop,0,-18.362877609955603,-0.72,-0.352004983901123,0.0,-18.362877609955603,-27.349723134829098,-1.0195440271667784,1.0157570024010154,0.0,break_up
XAUUSD.a,15m,1,0.03,2023-12-15 01:30:00,2038.8729819360572,2023-12-15 02:15:00,2033.7687693627356,2033.8355409626909,2047.8589180746183,stop,3,-15.312637719964641,-0.72,-0.20031479986539588,0.0,-15.312637719964641,-22.85604770428778,-1.0132550634951907,1.4517255834305622,0.0,break_up
XAUUSD.a,15m,1,0.05,2023-12-15 06:45:00,2036.9763267294863,2023-12-15 11:00:00,2042.3593433718386,2033.8703283140808,2042.3593433718386,target,17,26.915083211761157,-1.2,-0.0,0.0,26.915083211761157,40.04505625745575,1.7331034734766098,0.8552247535965208,2.312838678501299,break_up
XAUUSD.a,15m,1,0.03,2023-12-15 11:15:00,2043.3601146958033,2023-12-15 15:30:00,2038.2594177459034,2038.350825186954,2052.418349626092,stop,17,-15.302090849699653,-0.72,-0.274222323151375,0.0,-15.302090849699653,-22.936507306752084,-1.0182475859877929,3.2719439886332213,0.3034133486419136,break_up
XAUUSD.a,15m,-1,0.04,2023-12-15 19:45:00,2032.2245225598256,2023-12-15 20:15:00,2023.5268789291872,2036.6865605354064,2023.2868789291872,target,2,34.79057452255347,-0.96,-0.0,0.0,34.79057452255347,51.958801819877344,1.9492536097266417,0.3486024656641133,2.614169270557841,break_dn
XAUUSD.a,15m,-1,0.06,2023-12-18 08:15:00,2022.1178213830774,2023-12-18 10:45:00,2025.1676257992096,2024.878156295837,2016.7836874083262,stop,10,-18.29882649679348,-1.44,-0.2968170202353555,0.0,-18.29882649679348,-27.207723469717912,-1.1048675296735044,1.4897390160571167,0.14774344272219006,break_dn
XAUUSD.a,15m,-1,0.04,2023-12-18 12:45:00,2019.7877887537138,2023-12-18 14:30:00,2023.9052803994693,2023.610495094622,2012.239009810756,stop,7,-16.469966583022142,-0.96,-0.21914121938933628,0.0,-16.469966583022142,-24.49284186399105,-1.0771142950984327,1.0678851269847565,0.2636322709199879,break_dn
XAUUSD.a,15m,1,0.01,2023-12-18 20:00:00,2033.8172925845208,2023-12-19 21:15:00,2038.8874462221866,2021.671681346308,2057.2166373073837,signal,97,5.070153637665726,-0.24,-0.08510755562715987,-0.8292,4.240953637665726,6.273878482278394,0.34917580963918615,0.9968450617313214,1.0845652110150694,break_up
XAUUSD.a,15m,1,0.07,2023-12-20 02:00:00,2041.0899827067256,2023-12-20 02:45:00,2038.7513223936596,2038.794412083898,2044.961175832204,stop,3,-16.370622191461507,-1.6800000000000002,-0.3016278316685741,0.0,-16.370622191461507,-24.24307638642544,-1.0187707970339843,1.0280592909045576,0.0,break_up
XAUUSD.a,15m,1,0.06,2023-12-20 05:00:00,2040.2386435327323,2023-12-20 12:15:00,2037.3248721830391,2037.3691943913423,2045.3516112173154,stop,29,-17.48262809815924,-1.44,-0.2659332498185243,0.0,-17.48262809815924,-25.858815669978757,-1.0154462428567934,1.3551881706635212,1.1330943003550082,break_up
XAUUSD.a,15m,-1,0.04,2023-12-20 17:30:00,2031.8310423380533,2023-12-20 20:30:00,2036.172751868648,2035.8655325381424,2024.0289349237155,stop,12,-17.366838122378795,-0.96,-0.2688773220225943,0.0,-17.366838122378795,-25.671221596693023,-1.076148240612618,1.0878592943043561,0.03000189170135679,break_dn
XAUUSD.a,15m,-1,0.04,2023-12-20 22:00:00,2032.3649340178326,2023-12-21 04:00:00,2036.4335227422675,2036.1440565489474,2024.9418869021054,stop,20,-16.274354897739613,-0.96,-0.19786477328055174,1.2092,-15.065154897739614,-22.330326684561793,-0.9966040247241946,1.3455679037396433,1.3005489971193738,break_dn
XAUUSD.a,15m,1,0.07,2023-12-21 06:30:00,2037.737670930466,2023-12-21 07:45:00,2035.3607478162885,2035.4015882447154,2041.6068235105693,stop,5,-16.638461799242805,-1.6800000000000002,-0.2858829989878979,0.0,-16.638461799242805,-24.64227162210131,-1.0174824413005719,1.2061520543142064,0.21074984739925245,break_up
XAUUSD.a,15m,1,0.07,2023-12-21 11:15:00,2037.2576863294044,2023-12-21 11:45:00,2034.899445053731,2034.9404485460982,2041.0891029078036,stop,2,-16.50768892971405,-1.6800000000000002,-0.28702444657051057,0.0,-16.50768892971405,-24.459459074994886,-1.0176949869636505,1.0692412955002404,0.0,break_up
XAUUSD.a,15m,1,0.05,2023-12-21 14:45:00,2038.1007163976521,2023-12-21 15:30:00,2034.7625964595848,2034.8393734597535,2043.8112530804929,stop,3,-16.690599690336967,-1.2,-0.3838850008433208,0.0,-16.690599690336967,-24.623214461136797,-1.0235415292505767,1.8583499230403402,2.452757577067858,break_up
XAUUSD.a,15m,1,0.03,2023-12-21 15:45:00,2043.5107571905805,2023-12-21 16:00:00,2038.29521623554,2038.3792851795629,2052.9314296408743,stop,1,-15.646622865121572,-0.72,-0.25220683206894245,0.0,-15.646622865121572,-23.06060849686304,-1.016383007418217,1.2609943456161072,0.0,break_up
XAUUSD.a,15m,1,0.03,2023-12-22 01:00:00,2049.0900147744096,2023-12-22 01:30:00,2050.6968188722035,2043.2765905638983,2050.6968188722035,target,2,4.820412293381651,-0.72,-0.0,0.0,4.820412293381651,7.0927008716237525,0.27639546670077714,0.4111199678303427,0.8703966960541827,break_up
XAUUSD.a,15m,1,0.07,2023-12-22 11:15:00,2053.649789731706,2023-12-22 13:15:00,2057.8772458320473,2051.1313770839765,2057.8772458320473,target,8,29.592192702390097,-1.6800000000000002,-0.0,0.0,29.592192702390097,43.45466556394381,1.6786193097279334,0.4247873090497953,3.4109621693804857,break_up
XAUUSD.a,15m,1,0.03,2023-12-22 16:45:00,2069.5268768410538,2023-12-22 17:15:00,2063.5252832743095,2063.6330688825096,2080.39386223498,stop,2,-18.004780700232914,-0.72,-0.3233568246004005,0.0,-18.004780700232914,-26.460108311019052,-1.0182879403194534,1.136256370780713,0.18546976193234288,break_up
XAUUSD.a,15m,1,0.03,2023-12-22 22:00:00,2054.2821655406037,2023-12-26 03:45:00,2062.8247505266263,2049.5726247366865,2062.8247505266263,target,17,25.627754958067726,-0.72,-0.0,-2.4876,23.140154958067725,33.98665651979515,1.6378210333387262,0.4548565624109442,2.082545808126061,break_up
XAUUSD.a,15m,1,0.07,2023-12-26 13:00:00,2064.104206420116,2023-12-26 14:45:00,2061.568423568672,2061.601859429639,2068.316281140723,stop,7,-17.750479960106986,-1.6800000000000002,-0.23405102676705805,0.0,-17.750479960106986,-26.062636674801396,-1.013361800379348,1.1446080144025164,0.010307755072427845,break_up
XAUUSD.a,15m,1,0.08,2023-12-27 08:30:00,2066.8051502365975,2023-12-27 12:15:00,2064.5365160863057,2064.579677086427,2070.4606458271455,stop,15,-18.149073202333966,-1.92,-0.34528800097136236,0.0,-18.149073202333966,-26.54731690533748,-1.0193940781169029,1.4132501380018725,1.1345226803609347,break_up
XAUUSD.a,15m,1,0.07,2023-12-27 14:45:00,2069.7256842929455,2023-12-27 14:45:00,2067.253635114509,2067.307161553928,2073.7356768921436,stop,0,-17.304344249055248,-1.6800000000000002,-0.3746850759314496,0.0,-17.304344249055248,-25.294681044064912,-1.0221318735422005,2.2144444650212876,0.0,break_up
XAUUSD.a,15m,1,0.05,2023-12-27 17:00:00,2070.5761563217443,2023-12-27 17:15:00,2076.483190924703,2067.1934045376483,2076.483190924703,target,1,29.53517301479451,-1.2,-0.0,0.0,29.53517301479451,43.11515264264997,1.7462217094174362,0.4807199657361417,2.0911506754688816,break_up
XAUUSD.a,15m,1,0.02,2023-12-27 17:30:00,2077.376557236606,2023-12-28 18:45:00,2074.9945008005334,2069.704968118345,2091.83006376331,signal,97,-4.764112872145233,-0.48,-0.22199679786675372,-1.6584,-6.422512872145234,-9.386345247493912,-0.41859077520570737,0.7907823454941609,1.4434353290682604,break_up
XAUUSD.a,15m,-1,0.04,2023-12-28 20:45:00,2072.4592120915304,2023-12-28 23:30:00,2065.4123948221313,2076.1788025889346,2065.1723948221315,target,11,28.187269077596284,-0.96,-0.0,0.0,28.187269077596284,41.27825480712926,1.8945142682553116,0.19378152217897934,2.0994816760017527,break_dn
XAUUSD.a,15m,-1,0.05,2023-12-28 23:45:00,2065.1805571173654,2023-12-29 03:15:00,2068.4772976564323,2068.1883009677504,2059.2833980644987,stop,10,-16.48370269533416,-1.2,-0.24498344341144354,1.5115,-14.97220269533416,-21.8834264306676,-0.9955769799624372,1.4660300550761285,0.09327826148806748,break_dn
XAUUSD.a,15m,1,0.05,2023-12-29 09:15:00,2074.898551707654,2023-12-29 10:00:00,2071.5520281855024,2071.597583634691,2080.694832730618,stop,3,-16.732617610757643,-1.2,-0.22777724594267715,0.0,-16.732617610757643,-24.52887535293427,-1.0138006330814886,1.1113563132287856,0.0,break_up
XAUUSD.a,15m,-1,0.03,2023-12-29 12:00:00,2065.5376836803653,2024-01-02 05:45:00,2070.38905499972,2070.08960153623,2056.6207969275397,stop,65,-14.554113958064136,-0.72,-0.1783603904709398,0.9068999999999999,-13.647213958064135,-20.026434358677157,-0.9993746511689839,1.0725844521434766,1.60980138754572,break_dn
XAUUSD.a,15m,1,0.05,2024-01-02 07:15:00,2071.9355098062483,2024-01-02 11:30:00,2077.7993033798725,2068.5603483100635,2077.7993033798725,target,17,29.318967868121035,-1.2,-0.0,0.0,29.318967868121035,42.980235825142614,1.737337185273221,0.318654324382383,2.078268018191296,break_up
XAUUSD.a,15m,-1,0.02,2024-01-02 17:45:00,2058.8252116476388,2024-01-02 18:00:00,2067.4878326611206,2067.125513170332,2042.5389736593356,stop,1,-17.32524202696368,-0.48,-0.2446389815779355,0.0,-17.32524202696368,-25.58968750290039,-1.0436513649291006,1.0607793377492238,0.17291078447150177,break_dn
XAUUSD.a,15m,-1,0.04,2024-01-02 22:45:00,2058.974182726658,2024-01-03 04:00:00,2063.0174565586117,2062.7259852639886,2051.6080294720227,stop,17,-16.173095327814735,-0.96,-0.20588517849385074,3.6276,-12.545495327814734,-18.571337065437117,-0.8359645265833215,1.352900965026163,0.2596572492728064,break_dn
XAUUSD.a,15m,-1,0.08,2024-01-03 06:45:00,2065.052978391297,2024-01-03 09:15:00,2061.4365190627504,2067.0217404686246,2061.1965190627507,target,10,28.931674628373003,-1.92,-0.0,0.0,28.931674628373003,42.81543608893049,1.8369204538192987,0.48102389801639733,2.144991738681636,break_dn
XAUUSD.a,15m,-1,0.02,2024-01-03 16:15:00,2037.2546573888994,2024-01-03 17:00:00,2045.1316297460787,2044.763265105087,2022.5534697898258,stop,3,-15.753944714358568,-0.48,-0.25672928198358724,0.0,-15.753944714358568,-23.47131214892516,-1.0490589806946025,1.5349506921574498,0.729117513636632,break_dn
XAUUSD.a,15m,1,0.05,2024-01-04 09:45:00,2049.6084638713032,2024-01-04 10:30:00,2046.2650004948418,2046.322443128909,2055.495113742182,stop,3,-16.717316882306932,-1.2,-0.2872131703362319,0.0,-16.717316882306932,-24.767496158802516,-1.017480910368623,1.274630989776251,0.0,break_up
XAUUSD.a,15m,-1,0.03,2024-01-05 12:00:00,2038.9454609452332,2024-01-05 15:30:00,2030.0713069225546,2043.4643465387228,2029.8313069225546,target,14,26.622462068035702,-0.72,-0.0,0.0,26.622462068035702,39.817624725977325,1.9637925853807123,0.6250521276387528,3.2143900624880053,break_dn
XAUUSD.a,15m,-1,0.05,2024-01-08 04:15:00,2042.9215810791322,2024-01-08 05:30:00,2037.2470563851691,2045.9364718074155,2037.007056385169,target,5,28.372623469815608,-1.2,-0.0,0.0,28.372623469815608,42.33140390871407,1.8821659573693095,0.1785865457135106,2.491493641432702,break_dn
XAUUSD.a,15m,-1,0.04,2024-01-08 05:45:00,2037.5271765421646,2024-01-08 07:30:00,2030.5146105237197,2041.14269473814,2030.2746105237197,target,7,28.050264073779545,-0.96,-0.0,0.0,28.050264073779545,41.86606578176051,1.9395742569490415,0.18056151911007157,2.90613294488752,break_dn
XAUUSD.a,15m,-1,0.04,2024-01-08 07:45:00,2029.3643220527956,2024-01-08 13:15:00,2020.9708364549037,2033.7495817725483,2020.7308364549037,target,22,33.57394239156747,-0.96,-0.0,0.0,33.57394239156747,50.2325693726042,1.914022460308308,0.8974788721125828,2.8742475607594344,break_dn
XAUUSD.a,15m,-1,0.02,2024-01-08 13:30:00,2022.4758089558554,2024-01-08 17:00:00,2029.137292707694,2028.79615660083,2010.0276867983398,stop,14,-13.322967503677319,-0.48,-0.2022722137281152,0.0,-13.322967503677319,-19.858350728390697,-1.053974263130175,1.2379368167138136,0.6369600506162584,break_dn
XAUUSD.a,15m,-1,0.04,2024-01-08 22:15:00,2026.465882110938,2024-01-09 01:45:00,2030.9421230259984,2030.6542324879442,2018.2215350241115,stop,10,-17.904963660241265,-0.96,-0.19156215221674816,1.2092,-16.695763660241266,-24.857463091804284,-0.9965596331135675,1.0539036832485016,0.08258194272309899,break_dn
XAUUSD.a,15m,1,0.05,2024-01-09 08:45:00,2034.666395899002,2024-01-09 10:15:00,2031.2793461954295,2031.3474920780309,2040.4750158439385,stop,6,-16.935248517862647,-1.2,-0.3407294130068712,0.0,-16.935248517862647,-25.258018043315555,-1.020532647608154,1.02033565347825,1.0767422901553838,break_up
XAUUSD.a,15m,1,0.05,2024-01-09 12:30:00,2038.0425035554374,2024-01-09 13:00:00,2034.5633719053094,2034.6276905344082,2044.1746189311834,stop,2,-17.395658250640054,-1.2,-0.3215931454938706,0.0,-17.395658250640054,-25.996649855249277,-1.018835183274375,1.1984561175779707,0.1486161735466242,break_up
XAUUSD.a,15m,-1,0.07,2024-01-10 03:15:00,2028.0794305563993,2024-01-10 03:30:00,2030.7163460173156,2030.427960006586,2023.594079986828,stop,1,-18.458408226413894,-1.6800000000000002,-0.3387020751055967,0.0,-18.458408226413894,-27.555620915435902,-1.122794291852097,1.3968611052927953,0.3531701747803648,break_dn
XAUUSD.a,15m,-1,0.05,2024-01-10 08:00:00,2026.5751236891901,2024-01-10 09:30:00,2029.9002188221455,2029.6016221657706,2020.6267556684586,stop,6,-16.62547566477656,-1.2,-0.29298328187453315,0.0,-16.62547566477656,-24.811550531700505,-1.0986607654639535,1.580994125004853,0.8905088537282941,break_dn
XAUUSD.a,15m,1,0.05,2024-01-10 12:15:00,2037.3526931904712,2024-01-10 13:15:00,2033.9217691318422,2033.9804122992614,2043.249175401477,stop,4,-17.154620293144944,-1.2,-0.29321583709626287,0.0,-17.154620293144944,-25.584054604105685,-1.017389763578721,1.338172393122432,0.0,break_up
XAUUSD.a,15m,-1,0.04,2024-01-10 20:00:00,2024.0231348443558,2024-01-11 01:45:00,2027.811556044795,2027.5193156923408,2017.1713686153182,stop,19,-15.153684801756754,-0.96,-0.20896140981635242,1.2092,-13.944484801756754,-20.806453001725984,-0.9971226752896387,1.1174665515074722,1.022010874069952,break_dn
XAUUSD.a,15m,1,0.04,2024-01-11 15:30:00,2037.7553261860126,2024-01-11 15:30:00,2033.40248625839,2033.4854755374088,2045.4090489251826,stop,0,-17.411359710490615,-0.96,-0.33195711607547707,0.0,-17.411359710490615,-26.1231785126864,-1.0194361081566194,2.9732483008893813,0.32663292671456545,break_up
XAUUSD.a,15m,-1,0.02,2024-01-11 17:15:00,2025.742739487146,2024-01-12 01:00:00,2034.0573609293733,2033.7279998012104,2010.004000397579,stop,27,-16.62924288445447,-0.48,-0.1787222563255792,0.6046,-16.02464288445447,-23.920233586778227,-1.0033888849077606,1.155536594918773,1.5569610755517227,break_dn
XAUUSD.a,15m,1,0.05,2024-01-12 05:15:00,2035.541137183173,2024-01-12 12:30:00,2041.5529787006851,2032.1135106496574,2041.5529787006851,target,29,30.059207587560195,-1.2,-0.0,0.0,30.059207587560195,44.89531258410281,1.7539371511825155,0.7968012723871227,2.02147542886481,break_up
XAUUSD.a,15m,1,0.04,2024-01-12 12:45:00,2042.5503718739928,2024-01-12 14:00:00,2049.6338848544747,2038.5880575727626,2049.6338848544747,target,5,28.334051921927312,-0.96,-0.0,0.0,28.334051921927312,42.401011495760976,1.7877211250714158,0.07580718013701888,2.8290608149199676,break_up
XAUUSD.a,15m,1,0.03,2024-01-12 23:00:00,2047.8367448842253,2024-01-15 05:30:00,2057.4354004874103,2042.6072997562947,2057.4354004874103,target,22,28.79596680955524,-0.72,-0.0,-2.4876,26.30836680955524,39.29260967747777,1.6769380667840241,0.38565179189926496,1.9549406993816645,break_up
XAUUSD.a,15m,1,0.05,2024-01-15 05:45:00,2058.306193023578,2024-01-15 06:00:00,2055.309130878495,2055.3648140184787,2063.2703719630426,stop,1,-14.98531072541482,-1.2,-0.2784156999176556,0.0,-14.98531072541482,-22.388858431564604,-1.0189309639754076,1.0832310348494236,0.0,break_up
XAUUSD.a,15m,1,0.06,2024-01-15 10:45:00,2058.1760434321914,2024-01-15 11:00:00,2055.51459233682,2055.569788545944,2062.6504229081115,stop,1,-15.968706572228257,-1.44,-0.3311772547428313,0.0,-15.968706572228257,-23.98676125790975,-1.0211783618767543,1.3260573439798,0.17417965150076986,break_up
XAUUSD.a,15m,1,0.07,2024-01-15 15:00:00,2052.9910859301986,2024-01-15 17:00:00,2050.519185415222,2050.5658858098013,2057.0282283803967,stop,8,-17.303303604834582,-1.6800000000000002,-0.32690276205550034,0.0,-17.303303604834582,-25.97898596927345,-1.0192563055668569,1.1632384092643107,0.5933176638493679,break_up
XAUUSD.a,15m,-1,0.06,2024-01-16 05:45:00,2048.430537188466,2024-01-16 10:30:00,2043.656312604044,2051.041843697978,2043.416312604044,target,19,28.6453475065332,-1.44,-0.0,0.0,28.6453475065332,43.330480731115586,1.828289619403805,0.9380219451878209,2.3936436284664238,break_dn
XAUUSD.a,15m,-1,0.03,2024-01-16 19:00:00,2033.4172748679614,2024-01-17 07:00:00,2023.1428878783574,2038.7985560608213,2022.9028878783574,target,44,30.823160968811862,-0.72,-0.0,2.7207,33.54386096881186,51.13159606849056,2.07781132203977,0.08784620522449854,2.3874007708438967,break_dn
XAUUSD.a,15m,-1,0.05,2024-01-17 07:30:00,2020.4999288414817,2024-01-17 09:30:00,2024.2248481347233,2023.919504689441,2013.7809906211178,stop,8,-18.624596466207777,-1.2,-0.32671722641105005,0.0,-18.624596466207777,-28.419312529499926,-1.0892927833328951,1.2253189707778533,0.824642870011057,break_dn
XAUUSD.a,15m,-1,0.02,2024-01-17 17:00:00,2012.0878329116438,2024-01-18 18:15:00,2014.751524260923,2019.0170585310652,1998.4458829378698,signal,97,-5.327382698558267,-0.48,-0.2060970436918069,0.6046,-4.722782698558268,-7.196182630480835,-0.3407871931115289,0.7536436789876365,1.4803721909260477,break_dn
XAUUSD.a,15m,1,0.03,2024-01-18 18:30:00,2017.3019582422855,2024-01-19 03:30:00,2025.326089458632,2012.866955270684,2025.326089458632,target,32,24.072393649039213,-0.72,-0.0,-2.4876,21.584793649039213,32.78669631047667,1.6223058388951261,0.9181410403463798,1.8575053524123275,break_up
XAUUSD.a,15m,1,0.06,2024-01-19 03:45:00,2025.323937836289,2024-01-19 04:00:00,2022.5518578545907,2022.6024498408503,2029.8251003182993,stop,1,-16.632479890189188,-1.44,-0.30355191755784183,0.0,-16.632479890189188,-25.256214243700843,-1.0185898252516379,1.0119235656761274,0.0,break_up
XAUUSD.a,15m,1,0.03,2024-01-19 09:30:00,2027.1096612280883,2024-01-19 15:00:00,2035.268836611548,2022.6855816942261,2035.268836611548,target,22,24.47752615037939,-0.72,-0.0,0.0,24.47752615037939,37.14400241335891,1.844265077291001,0.22595914482027518,2.009534119778951,break_up
XAUUSD.a,15m,1,0.06,2024-01-22 01:15:00,2027.6225319751252,2024-01-22 06:45:00,2024.8167612926036,2024.8582038207967,2032.3335923584063,stop,22,-16.834624095129584,-1.44,-0.24865516915847957,0.0,-16.834624095129584,-25.529828324001127,-1.0149918988916744,1.0717005397807968,1.6342010690016247,break_up
XAUUSD.a,15m,-1,0.05,2024-01-22 08:15:00,2020.703827568643,2024-01-22 08:15:00,2023.9111262310537,2023.616867584018,2014.9862648319638,stop,0,-16.036493312053608,-1.2,-0.2712932351775161,0.0,-16.036493312053608,-24.334218467175926,-1.1010142824961096,1.2104785422602404,0.2210156967445934,break_dn
XAUUSD.a,15m,-1,0.03,2024-01-22 16:45:00,2018.1995758411388,2024-01-22 16:45:00,2023.0834755615851,2022.7528393232933,2009.1843213534135,stop,0,-14.651699161339138,-0.72,-0.27190871487523055,0.0,-14.651699161339138,-22.22547390340115,-1.0726152219364633,1.2936708323485582,0.0,break_dn
XAUUSD.a,15m,-1,0.05,2024-01-22 20:45:00,2020.4253906444292,2024-01-23 04:30:00,2023.9945817118783,2023.7124625914141,2013.9850748171718,stop,27,-17.845955337245414,-1.2,-0.21059560232012578,1.5115,-16.334455337245412,-24.79801933694461,-0.9938605300214435,1.1300663373000195,0.4062553743778358,break_dn
XAUUSD.a,15m,1,0.04,2024-01-23 07:30:00,2030.1007061289558,2024-01-23 09:00:00,2036.4318759222908,2026.4840620388545,2036.4318759222908,target,6,25.324679173339973,-0.96,-0.0,0.0,25.324679173339973,38.37712220724662,1.750564787578429,0.265634689237232,2.1565002462893066,break_up
XAUUSD.a,15m,-1,0.04,2024-01-23 19:45:00,2023.0238151475971,2024-01-23 21:00:00,2026.8258186402068,2026.5226968717382,2016.1646062565235,stop,5,-15.208013970438515,-0.96,-0.2524870738741002,0.0,-15.208013970438515,-23.143082754460327,-1.0866338997334972,1.1649964685226604,0.10112235150901591,break_dn
XAUUSD.a,15m,1,0.04,2024-01-23 21:45:00,2030.3508936407495,2024-01-24 03:00:00,2026.7958290847996,2026.8381478510396,2036.5637042979206,stop,17,-14.220258223799647,-0.96,-0.16927506495975145,-9.9504,-24.17065822379965,-36.754749283476244,-1.7202111731657368,1.0421743729573363,0.025366583460596597,break_up
XAUUSD.a,15m,-1,0.08,2024-01-24 06:30:00,2024.1225930969335,2024-01-24 08:30:00,2026.4948450436536,2026.2105124165282,2020.0589751669438,stop,8,-18.978015573760786,-1.92,-0.3546610170035781,0.0,-18.978015573760786,-28.85293131700614,-1.1361798918459263,1.7948044581501488,0.638239746348184,break_dn
XAUUSD.a,15m,1,0.04,2024-01-24 09:45:00,2031.4960744192938,2024-01-24 16:30:00,2028.0258648201836,2028.1084866828157,2037.4430266343686,stop,27,-13.880838396440595,-0.96,-0.33048745052819867,0.0,-13.880838396440595,-21.03029876437882,-1.0243895860592511,1.5102411560305948,1.515510735094308,break_up
XAUUSD.a,15m,-1,0.04,2024-01-24 22:00:00,2012.076189897965,2024-01-25 01:00:00,2016.1473418179828,2015.8416978018981,2004.6466043962034,stop,8,-16.28460768007153,-0.96,-0.2625760643387113,1.2092,-15.075407680071532,-22.926633229521,-1.0008880650817855,1.3500994372432285,0.08397005292026083,break_dn
XAUUSD.a,15m,-1,0.06,2024-01-25 06:45:00,2015.0537189045085,2024-01-25 09:30:00,2017.9683059515046,2017.686239590001,2009.837520819998,stop,11,-17.487522281976453,-1.44,-0.2523981690220396,0.0,-17.487522281976453,-26.565880690258485,-1.107146873738964,1.2445414440793234,0.5826046925141835,break_dn
XAUUSD.a,15m,-1,0.06,2024-01-25 10:15:00,2014.3310532808007,2024-01-25 11:30:00,2017.2229784178337,2016.9339991656668,2009.212001668666,stop,5,-17.351550822198078,-1.44,-0.29387551300124637,0.0,-17.351550822198078,-26.34411420663187,-1.1110200768471776,1.036881609752748,0.6496690118041233,break_dn
XAUUSD.a,15m,1,0.08,2024-01-26 01:00:00,2019.8975116745341,2024-01-26 15:30:00,2026.4924956645225,2017.9537521677387,2026.4924956645225,target,58,52.7598719199068,-1.92,-0.0,0.0,52.7598719199068,79.88715218858441,3.39290121382405,0.9659176806442917,3.5562466968261623,break_up
XAUUSD.a,15m,1,0.04,2024-01-26 16:00:00,2024.9568330094137,2024-01-26 16:15:00,2021.4434118604909,2021.5158006950314,2030.9783986099374,stop,1,-14.053684595691266,-0.96,-0.28955533816206125,0.0,-14.053684595691266,-21.301853147741937,-1.0210369528463892,1.37366713752069,0.3409346043287694,break_up
XAUUSD.a,15m,-1,0.02,2024-01-29 01:15:00,2024.1891904846475,2024-01-29 09:00:00,2031.4131587321558,2031.1236829337006,2010.5626341325988,stop,31,-14.44793649501662,-0.48,-0.09895159691046801,0.0,-14.44793649501662,-21.894461948228674,-1.041744338260076,1.0629198271546076,0.7064959001168886,break_dn
XAUUSD.a,15m,1,0.04,2024-01-29 15:30:00,2031.6280892509835,2024-01-29 16:30:00,2027.7735651810822,2027.8497285907556,2038.2605428184886,stop,4,-15.418096279605379,-0.96,-0.30465363869415324,0.0,-15.418096279605379,-23.40472445140169,-1.0201577923661826,2.0427084508438296,1.564676133553599,break_up
XAUUSD.a,15m,1,0.03,2024-01-30 08:15:00,2035.4577351857454,2024-01-30 13:15:00,2031.045799216763,2031.0975350911726,2043.4049298176549,stop,20,-13.235807906947002,-0.72,-0.15520762322885256,0.0,-13.235807906947002,-20.070675866537776,-1.0118654816952057,1.001728152609806,1.1449623196120444,break_up
XAUUSD.a,15m,1,0.02,2024-01-30 16:15:00,2043.1192573977312,2024-01-30 17:00:00,2035.4471710955359,2035.5424304447426,2057.4051391105145,stop,3,-15.344172604390678,-0.48,-0.19051869841356622,0.0,-15.344172604390678,-23.32047449639144,-1.0125724593946581,1.0425548117626529,0.7233559161737145,break_up
XAUUSD.a,15m,-1,0.05,2024-01-30 20:45:00,2031.7750459275314,2024-01-30 21:00:00,2034.6,2034.9410481773443,2025.5779036453112,ruin,1,-14.12477036234236,-1.2,-0.22471533646067088,0.0,-14.12477036234236,-21.385614041821647,-0.8922779737871082,0.8922779737871082,0.0015937852008012232,break_dn
